"url","locale","page_type","discovery","http_status","canonical","robots","keyword_ownership","keyword_evidence","observed_queries","current_clicks","current_impressions","previous_clicks","previous_impressions","existing_title","existing_description","existing_h1","proposed_fields","faq_native","faq_embedded","faq_proposed_patches","faq_proposed_additions","source_fingerprint","source","disposition","reason","review_status","implementation_status","draft_key","link_changes"
"https://www.myglobalhealth.online/spain/cs","cs","home","sitemap","200","https://www.myglobalhealth.online/spain/cs","index, follow","","editorial page role; unmeasured","","0","8","0","4","Online lékař Španělsko | Registrovaní lékaři a specialisté","Promluvte si ještě dnes s registrovaným lékařem přes videohovor — konzultace s praktickým lékařem, potvrzení, odeslání ke specialistovi. Termíny tentýž den, Španělsko.","Online lékařská péče ve Španělsku","{}","","","0","0","d3cc388ce3f07c3f527fa29110b7d46e8f3ed9d94d3ed9507115e5339ddaa3b3","raw/public-inventory-2026-09-13.json","retain with evidence","Live metadata, canonical and content retained; no demonstrated benefit from rewriting this page. Retention does not certify clinical/legal claims.","retained; no new certification","no mutation","",""
"https://www.myglobalhealth.online/spain/cs/about","cs","about","sitemap","200","https://www.myglobalhealth.online/spain/cs/about","index, follow","","editorial page role; unmeasured","","0","0","0","0","O Global Health Španělsko | Lékaři online · Global Health","Global Health Španělsko: online konzultace videohovorem s lékaři registrovanými u Colegio Oficial de Médicos, v jazycích španělština / angličtina. Co nabízíme a kdo jsme.","O Global Health Španělsko","{}","","","0","0","8733ef3613007f2d7918a513346351cb34493a68760ca7db398b8a8797726052","raw/public-inventory-2026-09-13.json","retain with evidence","Live metadata, canonical and content retained; no demonstrated benefit from rewriting this page. Retention does not certify clinical/legal claims.","retained; no new certification","no mutation","",""
"https://www.myglobalhealth.online/spain/cs/blog","cs","blog","sitemap","200","https://www.myglobalhealth.online/spain/cs/blog","index, follow","","editorial page role; unmeasured","","0","3","0","0","Zdravotní příručky od registrovaných lékařů – Španělsko","Zdravotní příručky založené na důkazech pro Španělsko, které napsal a zkontroloval náš lékařský tým.","Zdravotní příručky od registrovaných lékařů.","{}","","","0","0","23b01984e77c00789d167860d678c49875a8170e871b331e8a76d7ea10d3b322","raw/public-inventory-2026-09-13.json","retain with evidence","Live metadata, canonical and content retained; no demonstrated benefit from rewriting this page. Retention does not certify clinical/legal claims.","retained; no new certification","no mutation","",""
"https://www.myglobalhealth.online/spain/cs/blog/dermatolog-online-spanelsko","cs","article","sitemap","200","https://www.myglobalhealth.online/spain/cs/blog/dermatolog-online-spanelsko","index, follow","","observed GSC query/page; no volume inference","dermatolog online | online dermatolog | dermatologista","0","23","0","0","Dermatolog online: co vyřeší a co ne · Global Health","Dermatolog online ve Španělsku: které kožní potíže lze řešit přes video nebo fotografie, co vyžaduje osobní vyšetření a jak pořídit použitelné fotky.","Dermatolog online ve Španělsku: co vyřeší a co vyžaduje osobní vyšetření","{}","","","0","0","52bb8a8a647a67068d680fa585573a9e6a65cdff73431ee3e4ed1eb1108a36b0","raw/public-inventory-2026-09-13.json","retain with evidence","Live metadata, canonical and content retained; no demonstrated benefit from rewriting this page. Retention does not certify clinical/legal claims.","retained; no new certification","no mutation","",""
"https://www.myglobalhealth.online/spain/cs/blog/diabetes-tiche-onemocneni","cs","article","sitemap","200","https://www.myglobalhealth.online/spain/cs/blog/diabetes-tiche-onemocneni","index, follow","","editorial page role; unmeasured","","0","0","0","0","Diabetes ve Španělsku: příčiny, příznaky, léčba a budoucnost péče","Diabetes ve Španělsku: příčiny, příznaky, léčba GLP-1 a SGLT2, pravidelné kontroly a další vývoj péče.","Diabetes: tiché onemocnění","{}","","","0","0","5877c5e9252ebbf1b5fc591e54221eb6dc7c4cace790b8c371e6b2c6adf49d6a","raw/public-inventory-2026-09-13.json","retain with evidence","Live metadata, canonical and content retained; no demonstrated benefit from rewriting this page. Retention does not certify clinical/legal claims.","retained; no new certification","no mutation","",""
"https://www.myglobalhealth.online/spain/cs/blog/jak-snizit-krevni-tlak-co-funguje-podle-smernic-a-co-jen-vypada-ze-funguje","cs","article","sitemap","200","https://www.myglobalhealth.online/spain/cs/blog/jak-snizit-krevni-tlak-co-funguje-podle-smernic-a-co-jen-vypada-ze-funguje","index, follow","","observed GSC query/page; no volume inference","jak snížit krevní tlak okamžitě | lipový čaj a vysoký tlak","0","6","0","0","Jak snížit krevní tlak: co skutečně funguje · Global Health","Pět opatření s prokázaným účinkem na krevní tlak, jak dlouho trvají, co říká směrnice ESC 2024 o bylinných čajích a kdy volat 112.","Jak snížit krevní tlak: co funguje podle směrnic a co jen vypadá, že funguje","{}","","","0","0","07f1dc75d4ab599f20740a27fcd0721bfaf1459d555185fb5a78faba7d093eb0","raw/public-inventory-2026-09-13.json","retain with evidence","Live metadata, canonical and content retained; no demonstrated benefit from rewriting this page. Retention does not certify clinical/legal claims.","retained; no new certification","no mutation","",""
"https://www.myglobalhealth.online/spain/cs/blog/medical-review-policy","cs","article","sitemap","200","https://www.myglobalhealth.online/spain/cs/blog/medical-review-policy","index, follow","","editorial page role; unmeasured","","0","0","0","0","Zásady lékařské revize — Global Health Španělsko","Jak Global Health píše, reviduje a aktualizuje zdravotnické články publikované pro Španělsko: kdo je píše, který registrovaný lékař je schvaluje a jaké redakční standardy dodržujeme.","Jak píšeme a revidujeme lékařský obsah","{}","","","0","0","f8ccdad720300654b4bb364f3960f8341c7a6c29adec85aa17237a6c002c93f4","raw/public-inventory-2026-09-13.json","retain with evidence","Live metadata, canonical and content retained; no demonstrated benefit from rewriting this page. Retention does not certify clinical/legal claims.","retained; no new certification","no mutation","",""
"https://www.myglobalhealth.online/spain/cs/blog/normalni-krevni-tlak-prehled-podle-veku-a-pohlavi-bez-mytu","cs","article","sitemap","200","https://www.myglobalhealth.online/spain/cs/blog/normalni-krevni-tlak-prehled-podle-veku-a-pohlavi-bez-mytu","index, follow","","editorial page role; unmeasured","","0","0","0","0","Normální krevní tlak podle věku a pohlaví · Global Health","Jaký krevní tlak je u dospělých normální, proč neexistuje jiná tabulka pro muže a ženy a kdy je vhodné vyhledat lékaře.","Normální krevní tlak: přehled podle věku a pohlaví bez mýtů","{}","","","0","0","4a8a58daab14d89ac27fdf3f520daac8486dfbf6af7b407220f916b4ac32f2dd","raw/public-inventory-2026-09-13.json","retain with evidence","Live metadata, canonical and content retained; no demonstrated benefit from rewriting this page. Retention does not certify clinical/legal claims.","retained; no new certification","no mutation","",""
"https://www.myglobalhealth.online/spain/cs/blog/pracovni-neschopnost-uzkost-spanelsko","cs","article","sitemap","200","https://www.myglobalhealth.online/spain/cs/blog/pracovni-neschopnost-uzkost-spanelsko","index, follow","","observed GSC query/page; no volume inference","úzkostná porucha pracovní neschopnost","1","5","0","0","Neschopnost pro úzkost ve Španělsku: kdo ji vystaví","Pracovní neschopnost pro úzkost ve Španělsku: kdo vystavuje parte de baja, co lékař posuzuje, co se dozví zaměstnavatel a co je lékařská inspekce.","Pracovní neschopnost pro úzkost ve Španělsku: kdo ji vystavuje a co se posuzuje","{}","","","0","0","d6aaa776bec70fbee39ce24e0e3ac44333579d419719e80ec62dcf3a7dd7d7d5","raw/public-inventory-2026-09-13.json","retain with evidence","Live metadata, canonical and content retained; no demonstrated benefit from rewriting this page. Retention does not certify clinical/legal claims.","retained; no new certification","no mutation","",""
"https://www.myglobalhealth.online/spain/cs/blog/vysoky-krevni-tlak-priznaky-pohotovost-spanelsko","cs","article","sitemap","200","https://www.myglobalhealth.online/spain/cs/blog/vysoky-krevni-tlak-priznaky-pohotovost-spanelsko","index, follow","","editorial page role; unmeasured","","0","0","0","0","Vysoký tlak: příznaky a pohotovost ve Španělsku","Varovné příznaky, volání 112 ve Španělsku a bezpečný postup při velmi vysokém tlaku bez svévolných dávek či domácí léčby.","Vysoký krevní tlak: příznaky a pohotovost ve Španělsku","{}","","","0","0","9f7a5a4b075228252b16f39683fbb4ea7f418b9151d31fa22f07753b8ded820d","raw/public-inventory-2026-09-13.json","retain with evidence","Live metadata, canonical and content retained; no demonstrated benefit from rewriting this page. Retention does not certify clinical/legal claims.","retained; no new certification","no mutation","",""
"https://www.myglobalhealth.online/spain/cs/book","cs","book","sitemap","200","https://www.myglobalhealth.online/spain/cs/book","index, follow","","editorial page role; unmeasured","","0","1","0","6","Objednejte si konzultaci — Španělsko · Global Health","Španělsko lékařská klinika. Vyberte si službu, lékaře, čas a údaje pacienta.","","{}","","","0","0","26c7f9adb19d07046140a86504c72510044e24c263975c687859e06b5ff56188","raw/public-inventory-2026-09-13.json","retain with evidence","Browser: localized H1 and 23 service choices verified in six locales; no paid booking made. Minor English UI labels retained as localization debt.","retained; no new certification","no mutation","",""
"https://www.myglobalhealth.online/spain/cs/careers","cs","careers","sitemap","200","https://www.myglobalhealth.online/spain/cs/careers","index, follow","","editorial page role; unmeasured","","0","1","0","0","Kariéra v Global Health Španělsko","Připojte se ke Global Health v Španělsko. Spolupracujeme s registrovanými lékaři, klinickou podporou a technologickými týmy po celé Evropě a v Brazílii. Zjistěte, jak se ucházet o práci.","Kariéra v Global Health","{}","","","0","0","85fe1343efc7c7f27cdf16bd6fff9e3aad68c55da664fc37799b977204c602aa","raw/public-inventory-2026-09-13.json","retain with evidence","Live metadata, canonical and content retained; no demonstrated benefit from rewriting this page. Retention does not certify clinical/legal claims.","retained; no new certification","no mutation","",""
"https://www.myglobalhealth.online/spain/cs/contact","cs","contact","sitemap","200","https://www.myglobalhealth.online/spain/cs/contact","index, follow","","editorial page role; unmeasured","","0","2","0","3","Kontakt Global Health Španělsko | Online lékař","Kontaktujte Global Health Španělsko: +34 692 722 898, info@myglobalhealth.online. Online konzultace videohovorem s lékaři registrovanými u Colegio Oficial de Médicos.","Kontakt na Global Health Španělsko","{}","","","0","0","7c6e1c52a873189eeab451e90a98030d0e3ed9ddaa4d703926ff4dfe6e1c6634","raw/public-inventory-2026-09-13.json","retain with evidence","Live metadata, canonical and content retained; no demonstrated benefit from rewriting this page. Retention does not certify clinical/legal claims.","retained; no new certification","no mutation","",""
"https://www.myglobalhealth.online/spain/cs/doctors","cs","doctors","sitemap","200","https://www.myglobalhealth.online/spain/cs/doctors","index, follow","","editorial page role; unmeasured","","0","7","0","0","Lékaři a specialisté registrovaní ve Španělsku","Prozkoumejte 14 lékařů a specialistů registrovaných ve Španělsku dostupných online. Dermatologie, kardiologie, psychiatrie, psychologie, urgentní péče a další. Rezervujte na stejný den.","Lékaři, kteří skutečně zvedají.","{}","","","0","0","02504f609da182124ef3129891160a3d8fc40484739533a4791eb3b262286161","raw/public-inventory-2026-09-13.json","retain with evidence","Live metadata, canonical and content retained; no demonstrated benefit from rewriting this page. Retention does not certify clinical/legal claims.","retained; no new certification","no mutation","",""
"https://www.myglobalhealth.online/spain/cs/doctors/dr-alfredo-del-valle","cs","doctor","sitemap","200","https://www.myglobalhealth.online/spain/cs/doctors/dr-alfredo-del-valle","index, follow","","observed GSC query/page; no volume inference","alfredo del valle moreno montañez | alfredo del val moreno montañez","0","11","0","19","Dr Alfredo del Valle - Dermatolog | Global Health","Dr. Alfredo del Valle Moreno Montañez, dermatolog specializovaný na lékařskou a estetickou dermatologii. Expert na dermatoonkologii, hidradenitidu supurativa a léčbu botulotoxinem. Online konzultace v Global Health.","Dr. Alfredo del Valle Moreno Montañez","{}","6","0","1","0","bdf6f326fde906e83ad0de34361a0f22ac4e9b4bc59418d1a5bc7f05eff18fc9","raw/api/doctors-dr-alfredo-del-valle-CS.json","change","Replace immediate-calendar/same-day boilerplate with current booking checks and recorded consultation languages; preserve existing emergency passage.","clinical review pending","not applied; storage/approval/deployment pending","doctor:dr-alfredo-del-valle",""
"https://www.myglobalhealth.online/spain/cs/doctors/dr-eduardo-olivas","cs","doctor","sitemap","200","https://www.myglobalhealth.online/spain/cs/doctors/dr-eduardo-olivas","index, follow","","editorial page role; unmeasured","","0","1","0","5","Dr Eduardo Olivas - Všeobecné lékařství | Global Health","Dr. Eduardo Rodríguez Olivas, všeobecný lékař registrovaný ve Španělsku (COMIB). Specialista na primární péči, interní medicínu a estetickou medicínu. Rozsáhlé zkušenosti s telemedicínou. Online konzultace v Global Health.","Dr. Eduardo Daniel Rodríguez Olivas","{}","6","0","1","0","19ab6a71d454fb4c69a7aa4f91a05b0f0bb760202d7a0409218d9ef16df6bf75","raw/api/doctors-dr-eduardo-olivas-CS.json","change","Replace immediate-calendar/same-day boilerplate with current booking checks and recorded consultation languages; preserve existing emergency passage.","clinical review pending","not applied; storage/approval/deployment pending","doctor:dr-eduardo-olivas",""
"https://www.myglobalhealth.online/spain/cs/doctors/dr-eszter-szilagyi","cs","doctor","sitemap","200","https://www.myglobalhealth.online/spain/cs/doctors/dr-eszter-szilagyi","index, follow","","observed GSC query/page; no volume inference","dr szilágyi eszter | eszter szilagyi","0","5","1","11","Dr Eszter Szilagyi - Kardiovaskulární chirurgyně","Dr. Eszter Szilágyi, specialistka v kardiovaskulární chirurgii registrovaná v Málaze. Vzdělaná v Německu a Španělsku, s rozsáhlými zkušenostmi v srdeční chirurgii a urgentní medicíně. Vícejazyčná péče v Global Health.","Dra. Eszter Szilágyi","{}","6","0","1","0","c7ae9da2a41dc55d26b0395e2a91060e4c2a4a6ca39ad1135d7bcd9253aad9d0","raw/api/doctors-dr-eszter-szilagyi-CS.json","change","Replace immediate-calendar/same-day boilerplate with current booking checks and recorded consultation languages; preserve existing emergency passage.","clinical review pending","not applied; storage/approval/deployment pending","doctor:dr-eszter-szilagyi",""
"https://www.myglobalhealth.online/spain/cs/doctors/dr-fabiana-cornejo","cs","doctor","sitemap","200","https://www.myglobalhealth.online/spain/cs/doctors/dr-fabiana-cornejo","index, follow","","observed GSC query/page; no volume inference","fabiana cornejo","0","13","0","20","Dr Fabiana Cornejo - psychiatrička | Global Health","Dra. Mónica Cornejo Román, konzultační psychiatrička, specialistka na neuropsychofarmakologii. Rozsáhlé zkušenosti ve Španělsku a Argentině v psychofarmakologii, poruchách nálady a urgentní psychiatrii. Online konzultace v Global Health.","Dra. Mónica Fabiana Cornejo Román","{}","6","0","1","0","2b1ef98d8b4aa3c98d64d655ce47365b02a52095f6a5ce28806b58c14447d13b","raw/api/doctors-dr-fabiana-cornejo-CS.json","change","Replace immediate-calendar/same-day boilerplate with current booking checks and recorded consultation languages; preserve existing emergency passage.","clinical review pending","not applied; storage/approval/deployment pending","doctor:dr-fabiana-cornejo",""
"https://www.myglobalhealth.online/spain/cs/doctors/dr-fidel-mesa-prado","cs","doctor","sitemap","200","https://www.myglobalhealth.online/spain/cs/doctors/dr-fidel-mesa-prado","index, follow","","editorial page role; unmeasured","","0","9","1","13","Dr Fidel Mesa Prado - Kardiolog | Global Health","Dr. Fidel Mesa Prado, specialista v kardiologii v Hospital Costa del Sol a Hospiten Estepona. Odborník na srdeční zobrazování, akutní koronární syndrom a pokročilé technické zákroky. Online konzultace v Global Health.","Dr. Fidel Ernesto Mesa Prado","{}","6","0","1","0","bd88ea95c43595532d42b8908e1efd8b4547f8db1567eb02283ef35c7963c2ae","raw/api/doctors-dr-fidel-mesa-prado-CS.json","hold","No current open appointment; retain routing and assignments; exact correction candidate prepared, other claims retained pending evidence.","clinical review pending","not applied; storage/approval/deployment pending","doctor:dr-fidel-mesa-prado",""
"https://www.myglobalhealth.online/spain/cs/doctors/dr-javier-villarte-betancor","cs","doctor","sitemap","200","https://www.myglobalhealth.online/spain/cs/doctors/dr-javier-villarte-betancor","index, follow","","editorial page role; unmeasured","","0","0","0","4","Dr Javier Villarte Betancor - Psycholog | Global Health","Javier Villarte Betancor, zdravotní psycholog specializující se na KBT, ACT a TDC. Expert na úzkost, regulaci emocí a hraniční poruchu osobnosti. Online konzultace v Global Health.","Javier Villarte Betancor","{}","6","0","1","0","b7a65dee3753398b63afd8bfbe0108299297e0bd28519bf8095a66e8e78e752f","raw/api/doctors-dr-javier-villarte-betancor-CS.json","change","Replace immediate-calendar/same-day boilerplate with current booking checks and recorded consultation languages; preserve existing emergency passage.","clinical review pending","not applied; storage/approval/deployment pending","doctor:dr-javier-villarte-betancor",""
"https://www.myglobalhealth.online/spain/cs/doctors/dr-leandro-wang","cs","doctor","sitemap","200","https://www.myglobalhealth.online/spain/cs/doctors/dr-leandro-wang","index, follow","","editorial page role; unmeasured","","0","0","0","0","Dr Leandro Wang - Estetická medicína/vlasová | Global Health","Dr. Leandro Wang, registrovaný lékař specialista na flebologii, cévní zdraví a estetickou medicínu. Více než 20 let mezinárodních zkušeností. Osobní konzultace ve Valencii/Gironě a online v Global Health.","Dr. Leandro Wang","{}","6","0","1","0","0fc65a666fe464125c61a92dfa44ee802cfb647aa7ed470289af972a13f31f13","raw/api/doctors-dr-leandro-wang-CS.json","change","Replace immediate-calendar/same-day boilerplate with current booking checks and recorded consultation languages; preserve existing emergency passage.","clinical review pending","not applied; storage/approval/deployment pending","doctor:dr-leandro-wang",""
"https://www.myglobalhealth.online/spain/cs/doctors/dr-luz-marina-zuluaga-rios","cs","doctor","sitemap","200","https://www.myglobalhealth.online/spain/cs/doctors/dr-luz-marina-zuluaga-rios","index, follow","","observed GSC query/page; no volume inference","luz marina zuluaga","1","29","1","16","Dr Luz Marina Zuluaga Rios - Všeobecné lékařství","Dra. Luz Marina Zuluaga Ríos, specialistka na periferní cévní onemocnění, diabetickou nohu a kardiopulmonální rehabilitaci. Široké mezinárodní klinické zkušenosti. Online konzultace v Global Health.","Dra. Luz Marina Zuluaga Ríos","{}","6","0","1","0","bfe207673c02358646d78861bc5666f2dd8c7a88305f1643eec4ab44eea654b7","raw/api/doctors-dr-luz-marina-zuluaga-rios-CS.json","hold","Current exercise status discrepancy; exact correction candidate prepared, other claims retained pending evidence.","clinical review pending","not applied; storage/approval/deployment pending","doctor:dr-luz-marina-zuluaga-rios",""
"https://www.myglobalhealth.online/spain/cs/doctors/dr-maria-fernanda-ocampo-mora","cs","doctor","sitemap","200","https://www.myglobalhealth.online/spain/cs/doctors/dr-maria-fernanda-ocampo-mora","index, follow","","editorial page role; unmeasured","","0","1","1","5","Dr Maria Fernanda Ocampo Mora - Všeobecné lékařství","Dra. María Fernanda Ocampo Mora, specialistka v urgentní medicíně, všeobecném lékařství a estetické medicíně. Má rozsáhlé zkušenosti ve Španělsku a Kolumbii. Online konzultace v Global Health.","Dra. María Fernanda Ocampo Mora","{}","6","0","1","0","87295ae80c865d81dd21a754f0027bac0e0fda4c633b0fd067aa6ca7166a2b03","raw/api/doctors-dr-maria-fernanda-ocampo-mora-CS.json","change","Replace immediate-calendar/same-day boilerplate with current booking checks and recorded consultation languages; preserve existing emergency passage.","clinical review pending","not applied; storage/approval/deployment pending","doctor:dr-maria-fernanda-ocampo-mora",""
"https://www.myglobalhealth.online/spain/cs/doctors/dr-romulo-brito","cs","doctor","sitemap","200","https://www.myglobalhealth.online/spain/cs/doctors/dr-romulo-brito","index, follow","","editorial page role; unmeasured","","0","3","0","3","Dr Romulo Brito - Všeobecné lékařství | Global Health","Dr. Rómulo Brito González, specialista na urgentní medicínu s více než 10 lety mezinárodních zkušeností. Vedoucí lékař v nemocnici Can Misses, Ibiza. Online konzultace v Global Health.","Dr. Rómulo Andrés Brito González","{}","6","0","1","0","6b0f258822466205dc9918afbf3fb9c21016147a05f2432267e84aa541a70726","raw/api/doctors-dr-romulo-brito-CS.json","change","Replace immediate-calendar/same-day boilerplate with current booking checks and recorded consultation languages; preserve existing emergency passage.","clinical review pending","not applied; storage/approval/deployment pending","doctor:dr-romulo-brito",""
"https://www.myglobalhealth.online/spain/cs/doctors/dr-silvina-irale","cs","doctor","sitemap","200","https://www.myglobalhealth.online/spain/cs/doctors/dr-silvina-irale","index, follow","","observed GSC query/page; no volume inference","irale","0","10","0","5","Dr Silvina Irale - Pediatrická primární péče | Global Health","Dra. María Silvina Irale Tunkiewicz, specialistka v pediatrii s více než 20 lety zkušeností. Magistra v estetické a anti-aging medicíně. Online konzultace v Global Health.","Dra. María Silvina Irale Tunkiewicz","{}","6","0","1","0","64e1b092c5d6b0cd7bd4e1fdb331c4cebc028279be7609b27f65d3cbe4e01c16","raw/api/doctors-dr-silvina-irale-CS.json","change","Replace immediate-calendar/same-day boilerplate with current booking checks and recorded consultation languages; preserve existing emergency passage.","clinical review pending","not applied; storage/approval/deployment pending","doctor:dr-silvina-irale",""
"https://www.myglobalhealth.online/spain/cs/doctors/dr-syed-tahir","cs","doctor","sitemap","200","https://www.myglobalhealth.online/spain/cs/doctors/dr-syed-tahir","index, follow","","editorial page role; unmeasured","","0","6","0","3","Dr Syed Tahir - Všeobecné lékařství | Global Health","Dr. Syed Tahir, praktický lékař, specialista na veřejné zdraví a epidemiologii. Vystudoval na Kubě a v Nizozemsku, s mezinárodními zkušenostmi v lékařském výzkumu. Online konzultace v Global Health.","Dr. Syed Tahir","{}","6","0","1","0","a711339ff1c2111dd5a397e7d14ee9de9f14439c5cc1ff6e4ce2ceadfb4bccc1","raw/api/doctors-dr-syed-tahir-CS.json","change","Replace immediate-calendar/same-day boilerplate with current booking checks and recorded consultation languages; preserve existing emergency passage.","clinical review pending","not applied; storage/approval/deployment pending","doctor:dr-syed-tahir",""
"https://www.myglobalhealth.online/spain/cs/doctors/dr-tomas-ruiz-palacios","cs","doctor","sitemap","200","https://www.myglobalhealth.online/spain/cs/doctors/dr-tomas-ruiz-palacios","index, follow","","observed GSC query/page; no volume inference","tomas ruiz palacios psicologo | tomas ruiz","1","14","0","14","Dr Tomas Ruiz Palacios - Psycholog | Global Health","Tomás Ruiz Palacios, zdravotnický psycholog specializovaný na kognitivně-behaviorální a systemickou relační terapii. Péče ve španělštině a italštině. Online konzultace v Global Health.","Tomás Ruiz Palacios","{}","6","0","1","0","2e8bbb1751bd1840d8bd211c49e521e12b887e1be1ff76bda645a562a736f4c5","raw/api/doctors-dr-tomas-ruiz-palacios-CS.json","hold","Official registration not independently verified; exact correction candidate prepared, other claims retained pending evidence.","clinical review pending","not applied; storage/approval/deployment pending","doctor:dr-tomas-ruiz-palacios",""
"https://www.myglobalhealth.online/spain/cs/gp-consultation-online","cs","gp-consultation-online","sitemap","200","https://www.myglobalhealth.online/spain/cs/gp-consultation-online","index, follow","","editorial page role; unmeasured","","0","1","0","4","Online konzultace s praktickým lékařem v Španělsku","Online konzultace s praktickým lékařem s lékaři registrovaní u Organización Médica Colegial (colegios de médicos).","Online konzultace s praktickým lékařem v Španělsku","{}","","","0","0","2a879547af9fc6ab3b3d039f8c1b96c259eeff36bb16bd93f20e2e864be92808","raw/public-inventory-2026-09-13.json","retain with evidence","Live metadata, canonical and content retained; no demonstrated benefit from rewriting this page. Retention does not certify clinical/legal claims.","retained; no new certification","no mutation","",""
"https://www.myglobalhealth.online/spain/cs/legal","cs","legal","sitemap","200","https://www.myglobalhealth.online/spain/cs/legal","index, follow","","editorial page role; unmeasured","","0","0","0","0","Právní informace. · Španělsko · Global Health","Právní dokumenty, registrace společnosti a regulační údaje pro Global Health v Španělsko.","Právní informace.","{}","","","0","0","948c808c0df0d2ee6effd01f88d12d1ed4f09b1e318bb6d6b4082dcfeb9ab831","raw/public-inventory-2026-09-13.json","retain with evidence","Legal body retained; actual status/canonical/robots recorded. No legal certification or new translation.","retained; no new certification","no mutation","",""
"https://www.myglobalhealth.online/spain/cs/legal/complaints-procedure","cs","legal","sitemap","200","https://www.myglobalhealth.online/spain/cs/legal/complaints-procedure","index, follow","","editorial page role; unmeasured","","0","0","0","8","Postup při stížnostech · Španělsko · Global Health","Postup při stížnostech. Právní dokumenty, registrace společnosti a regulační údaje pro Global Health v Španělsko.","Postup při stížnostech","{}","","","0","0","cf3986142e7974f7c255fc85c3e205bdfd768a11eeb87fbed9181d7598a5c7eb","raw/public-inventory-2026-09-13.json","retain with evidence","Legal body retained; actual status/canonical/robots recorded. No legal certification or new translation.","retained; no new certification","no mutation","",""
"https://www.myglobalhealth.online/spain/cs/legal/cookie-policy","cs","legal","internal link","200","https://www.myglobalhealth.online/spain/cs/legal/cookie-policy","noindex, follow","","editorial page role; unmeasured","","0","0","0","0","Cookie Policy · Španělsko · Global Health","Cookie Policy. Právní dokumenty, registrace společnosti a regulační údaje pro Global Health v Španělsko.","Cookie Policy","{}","","","0","0","e69052b133bae574bbccb98ff4619078434295c034086a08db5c03ca41ba9db8","raw/public-inventory-2026-09-13.json","retain with evidence","Legal body retained; actual status/canonical/robots recorded. No legal certification or new translation.","retained; no new certification","no mutation","",""
"https://www.myglobalhealth.online/spain/cs/legal/medical-disclaimer","cs","legal","internal link","200","https://www.myglobalhealth.online/spain/cs/legal/medical-disclaimer","noindex, follow","","editorial page role; unmeasured","","0","0","0","0","Aviso Médico · Španělsko · Global Health","Aviso Médico. Právní dokumenty, registrace společnosti a regulační údaje pro Global Health v Španělsko.","Aviso Médico","{}","","","0","0","008fddcae6c8482f808b05fec0537f7e5d9571a7e0254c39c269ba0853ae0778","raw/public-inventory-2026-09-13.json","retain with evidence","Legal body retained; actual status/canonical/robots recorded. No legal certification or new translation.","retained; no new certification","no mutation","",""
"https://www.myglobalhealth.online/spain/cs/legal/privacy-policy","cs","legal","sitemap","200","https://www.myglobalhealth.online/spain/cs/legal/privacy-policy","index, follow","","editorial page role; unmeasured","","0","0","0","1","Zásady ochrany osobních údajů · Španělsko · Global Health","Zásady ochrany osobních údajů. Právní dokumenty, registrace společnosti a regulační údaje pro Global Health v Španělsko.","Zásady ochrany osobních údajů","{}","","","0","0","b1c291f352e892a0b7393ec8ac404c9bbf658cb2a0d307e3a59b170bb5d001ee","raw/public-inventory-2026-09-13.json","retain with evidence","Legal body retained; actual status/canonical/robots recorded. No legal certification or new translation.","retained; no new certification","no mutation","",""
"https://www.myglobalhealth.online/spain/cs/legal/refund-policy","cs","legal","sitemap","200","https://www.myglobalhealth.online/spain/cs/legal/refund-policy","index, follow","","editorial page role; unmeasured","","0","0","0","0","Zásady vracení peněz · Španělsko · Global Health","Zásady vracení peněz. Právní dokumenty, registrace společnosti a regulační údaje pro Global Health v Španělsko.","Zásady vracení peněz","{}","","","0","0","c45419deb74be8456faff06d0ae6b8a57e8f8c59341c26344c6cdab7636a48fe","raw/public-inventory-2026-09-13.json","retain with evidence","Legal body retained; actual status/canonical/robots recorded. No legal certification or new translation.","retained; no new certification","no mutation","",""
"https://www.myglobalhealth.online/spain/cs/legal/terms-of-service","cs","legal","sitemap","200","https://www.myglobalhealth.online/spain/cs/legal/terms-of-service","index, follow","","editorial page role; unmeasured","","0","0","0","4","Obchodní podmínky · Španělsko · Global Health","Obchodní podmínky. Právní dokumenty, registrace společnosti a regulační údaje pro Global Health v Španělsko.","Obchodní podmínky","{}","","","0","0","1524b355f154a00f352593767a890f8ea5403b67dfa5e43a0d751ef27f9e018b","raw/public-inventory-2026-09-13.json","retain with evidence","Legal body retained; actual status/canonical/robots recorded. No legal certification or new translation.","retained; no new certification","no mutation","",""
"https://www.myglobalhealth.online/spain/cs/press","cs","press","sitemap","200","https://www.myglobalhealth.online/spain/cs/press","index, follow","","editorial page role; unmeasured","","0","0","0","0","Pro média — Global Health Španělsko","Informace pro média o Global Health v Španělsko: kdo službu provozuje, jak je regulována, na jakých trzích působíme a jak kontaktovat naše tiskové oddělení.","Pro média","{}","","","0","0","3ad2b38653846c5699b0c2d8dc36a05e303cf0655fec5455a86ffbf2991b7141","raw/public-inventory-2026-09-13.json","retain with evidence","Live metadata, canonical and content retained; no demonstrated benefit from rewriting this page. Retention does not certify clinical/legal claims.","retained; no new certification","no mutation","",""
"https://www.myglobalhealth.online/spain/cs/pricing","cs","pricing","sitemap","200","https://www.myglobalhealth.online/spain/cs/pricing","index, follow","","editorial page role; unmeasured","","0","2","0","4","Vyberte si svůj měsíční plán · Španělsko · Global Health","Měsíční online péče praktického lékaře s kredity na konzultace a slevami u specialistů, s cenami pro zemi Španělsko.","Péče, která se obnovuje s vámi","{}","","","0","0","5f168096632774b7791fae03484e9957effe7ca15ad08bb8c049d7cf89a8871d","raw/public-inventory-2026-09-13.json","retain with evidence","Live metadata, canonical and content retained; no demonstrated benefit from rewriting this page. Retention does not certify clinical/legal claims.","retained; no new certification","no mutation","",""
"https://www.myglobalhealth.online/spain/cs/see-a-specialist","cs","see-a-specialist","sitemap","200","https://www.myglobalhealth.online/spain/cs/see-a-specialist","index, follow","","editorial page role; unmeasured","","0","0","0","2","Specializovaná péče propojená s aktivní službou · Spain","Global Health uvádí služby online konzultací se specialisty, které jsou aktuálně dostupné v zemi Spain. Dostupnost závisí na službě, zdravotníkovi a termínech objednání. Některé obtíže vyžadují osobní vyšetření nebo jiný typ péče.","Poznejte naše registrované specialisty.","{}","","","0","0","2e29da844c0ecad0213ebbef3faa5b055b34c3a02a33574c9c7cc256749ed737","raw/public-inventory-2026-09-13.json","retain with evidence","Live metadata, canonical and content retained; no demonstrated benefit from rewriting this page. Retention does not certify clinical/legal claims.","retained; no new certification","no mutation","",""
"https://www.myglobalhealth.online/spain/cs/services/caida-cabello-online","cs","service","sitemap","200","https://www.myglobalhealth.online/spain/cs/services/caida-cabello-online","index, follow","","editorial page role; unmeasured","","0","0","0","2","Vypadávání vlasů Online Španělsko | Lékařské vyšetření | Praktický lékař","Vypadávání vlasů nebo řídnutí vlasů? Naši registrovaní praktičtí lékaři posoudí zdravotní příčinu vašeho vypadávání vlasů a poradí ohledně léčby založené na důkazech. Ve stejný den ve Španělsku.","Vypadávání vlasů — Online lékařské posouzení tentýž den","{}","8","0","0","0","2637e5f37071d4d22004ed323c6de54520b61644f59190047ddafca7ae927f42","raw/public-inventory-2026-09-13.json","hold","Live metadata, canonical and content retained; no demonstrated benefit from rewriting this page. Retention does not certify clinical/legal claims. Luz: CGCOM alta sin ejercicio; operations clarification required; confirm lawful current exercise before promoting affected care.","retained; no new certification","no mutation","",""
"https://www.myglobalhealth.online/spain/cs/services/cardiologo-online","cs","service","sitemap","200","https://www.myglobalhealth.online/spain/cs/services/cardiologo-online","index, follow","","observed GSC query/page; no volume inference","kardiologie online | online kardiologe","0","2","2","7","Online kardiolog Španělsko | Specializovaná kardiologická konzultace | Tentýž den","Palpitace, kontrola EKG, hypertenze nebo jiný kardiologický problém. Naši specialisté na kardiologii nabízejí vyšetření prostřednictvím videohovoru s revizí výsledků. Tentýž den ve Španělsku.","Specializovaná kardiologie — online kardiologická konzultace","{""seoTitle"":""Cardiólogo Online España | Consulta Cardiológica Especialista""}","9","0","0","0","391423e6d177add951744092eea6577af0a921a35e76d5aabbfb04b8dcbe2f2e","raw/api/services-cardiologo-online-ES.json","hold","No current open appointment; retain routing and assignments; exact correction candidate prepared, other claims retained pending evidence. No current open appointment; operations must resolve supply without changing credentials.","clinical review pending","not applied; storage/approval/deployment pending","service:cardiologo-online",""
"https://www.myglobalhealth.online/spain/cs/services/consulta-diagnotico-vascular","cs","service","internal link","200","https://www.myglobalhealth.online/spain/cs/services/consulta-diagnotico-vascular","noindex, follow","","editorial page role; unmeasured","","0","0","0","3","Konzultace cévní diagnostiky · Global Health","Learn about Konzultace cévní diagnostiky and book a consultation.","Diagnóstico Vascular Especialista — Revisión de Pruebas Online","{""heroDescription"":""Vyberte si volný termín a před rezervací zkontrolujte cenu. Jazyky konzultace: španělština. Jazyk této stránky neurčuje jazyk konzultace. Připravte si lékařské zprávy a seznam užívaných léků. Ověřte si aktuální termíny; dostupnost se může změnit.""}","0","0","0","3","cb62eeadf8aed9ff0e1e11c2d81df211f378ab06e7276ba016570a40559595f3","raw/api/services-consulta-diagnotico-vascular-CS.json","hold","Specialist scope unresolved: CGCOM lists assigned doctor as Médico General; exact correction candidate prepared, other claims retained pending evidence. Non-ES record stores no body and renders the ES body; body localization held with the service. Clinical source and native-language review required.","clinical review pending","not applied; storage/approval/deployment pending","service:consulta-diagnotico-vascular",""
"https://www.myglobalhealth.online/spain/cs/services/consulta-flebologia-y-linfologia","cs","service","internal link","200","https://www.myglobalhealth.online/spain/cs/services/consulta-flebologia-y-linfologia","noindex, follow","","editorial page role; unmeasured","","0","0","0","2","Online konzultace flebologie a lymfologie · Global Health","Learn about Online konzultace flebologie a lymfologie and book a consultation.","Flebología y Linfología Especialista — Consulta Online","{""heroDescription"":""Vyberte si volný termín a před rezervací zkontrolujte cenu. Jazyky konzultace: španělština. Jazyk této stránky neurčuje jazyk konzultace. Připravte si lékařské zprávy a seznam užívaných léků. Ověřte si aktuální termíny; dostupnost se může změnit.""}","0","0","0","3","12b5ee0a2a1970633253ac769d0888d1b012e942f5ed94ed4dd2ca546efb815f","raw/api/services-consulta-flebologia-y-linfologia-CS.json","hold","Specialist scope unresolved: CGCOM lists assigned doctor as Médico General; exact correction candidate prepared, other claims retained pending evidence. Non-ES record stores no body and renders the ES body; body localization held with the service. Clinical source and native-language review required.","clinical review pending","not applied; storage/approval/deployment pending","service:consulta-flebologia-y-linfologia",""
"https://www.myglobalhealth.online/spain/cs/services/consulta-medica-online","cs","service","sitemap","200","https://www.myglobalhealth.online/spain/cs/services/consulta-medica-online","index, follow","","editorial page role; unmeasured","","0","2","0","7","Online lékař ve Španělsku | Bez čekací doby | Konzultace tentýž den","Potřebujete dnes navštívit lékaře? Lékaři s platnou licencí ve Španělsku nabízejí konzultace prostřednictvím bezpečného videohovoru. Bez předchozí registrace, bez čekárny. Klinická dokumentace vystavená tentýž den po celé Španělsku.","Online lékař — Soukromá lékařská konzultace tentýž den","{""seoTitle"":""Online lékařská konzultace ve Španělsku | Global Health"",""seoDescription"":""Konzultujte své potíže s praktickým lékařem přes video. Před rezervací zkontrolujte jazyk konzultace, cenu a dostupné termíny."",""heroTitle"":""Online lékařská konzultace ve Španělsku""}","8","0","0","0","a6589b658536c38949b5ce81980089e3f62e9c8866b31e7abff75a59f084975a","raw/api/services-consulta-medica-online-CS.json","hold","Assigned clinician Luz: current exercise status discrepancy; operations clarification required; exact correction candidate prepared, other claims retained pending evidence. Luz: CGCOM alta sin ejercicio; operations clarification required; confirm lawful current exercise before promoting affected care.","clinical review pending","not applied; storage/approval/deployment pending","service:consulta-medica-online",""
"https://www.myglobalhealth.online/spain/cs/services/consulta-online-medicina-estetica","cs","service","internal link","200","https://www.myglobalhealth.online/spain/cs/services/consulta-online-medicina-estetica","noindex, follow","","editorial page role; unmeasured","","0","0","0","1","Online konzultace estetické medicíny · Global Health","Learn about Online konzultace estetické medicíny and book a consultation.","Medicina Estética Online — Valoración Médica Independiente","{""seoTitle"":""Online estetická medicína Španělsko | Nezávislé posouzení"",""seoDescription"":""Online konzultace estetické medicíny s registrovanou lékařkou ve Španělsku. Nezávislé posouzení před zákrokem: indikace, reálná očekávání, rizika, písemný plán."",""heroTitle"":""Online estetická medicína — nezávislé lékařské posouzení"",""heroDescription"":""Vyberte si volný termín a před rezervací zkontrolujte cenu. Jazyky konzultace: španělština. Jazyk této stránky neurčuje jazyk konzultace. Připravte si lékařské zprávy a seznam užívaných léků. Ověřte si aktuální termíny; dostupnost se může změnit."",""detailBody"":""<h2>Pro koho je tato služba určena</h2><p>Tato online konzultace estetické medicíny je vhodná pro dospělé, kteří chtějí:</p><ul><li>Lékařské posouzení před objednáním ošetření — botulotoxin, výplně s kyselinou hyaluronovou, chemický peeling, laser, mezoterapie, liftingová vlákna nebo radiofrekvence</li><li>Vědět, co je v jejich případě reálné a co ne, dříve než za zákrok zaplatí</li><li>Nezávislý druhý názor na léčebný plán nebo cenovou nabídku navrženou jiným zařízením</li><li>Poradenství ohledně kožního problému s estetickou složkou — vrásky, ochablost kůže, skvrny, rozšířené póry, nerovnoměrná textura, stopy po akné nebo zarudnutí</li><li>Plán domácí péče s látkami s prokázaným účinkem, před zákrokem nebo místo něj</li><li>Kontrolu průběhu po nedávném estetickém ošetření, pokud nejsou přítomny známky urgentní komplikace</li><li>Pochopit, co si ověřit na estetické klinice: kdo zákrok provádí, jakým přípravkem a s jakým informovaným souhlasem</li><li>Cizince žijící ve Španělsku a expaty, kteří dávají přednost posouzení ve španělštině</li></ul><h2>Co tato služba je — a co není</h2><p>Tato konzultace zahrnuje:</p><ul><li>Lékařské posouzení indikace: které ošetření odpovídá kterému problému a v jakém pořadí</li><li>Reálná očekávání — jaké změny lze dosáhnout, za kolik sezení a jak dlouho vydrží</li><li>Rizika, kontraindikace a interakce s vaší anamnézou a současnou medikací</li><li>Plán péče o pleť s lokálními účinnými látkami a ochranou před sluncem</li><li>Druhý názor na plán nebo cenovou nabídku jiného zařízení</li><li>Neurgentní kontrolu průběhu po ošetření</li><li>Koordinované odeslání na dermatologii nebo k osobnímu vyšetření, kde je to indikováno</li></ul><p>Tato služba nezahrnuje:</p><ul><li>Provedení zákroku. Žádnou injekční aplikaci, laser ani peeling nelze provést přes videohovor: konzultace ošetření plánuje, neprovádí ho</li><li>Urgentní komplikace po injekční aplikaci. Silná a nepřiměřená bolest, zblednutí nebo fialové zbarvení kůže a ztráta či rozmazání zraku po aplikaci výplně jsou lékařské pohotovostní stavy: okamžitě vyhledejte pohotovost nebo volejte 112</li><li>Známky infekce po zákroku — horečku, místní teplo, hnisání nebo postupující zánět — které vyžadují osobní vyšetření ještě tentýž den</li><li>Plastickou chirurgii. Posouzení chirurgického zákroku patří k osobní konzultaci plastického chirurga</li><li>Podezřelé kožní léze. Znaménko, které se mění, krvácí nebo svědí, vyžaduje osobní dermatoskopii; konzultace vám poradí a koordinuje odeslání</li></ul><h2>Běžně posuzované obtíže</h2><ul><li>Dynamické mimické vrásky — mezi obočím, na čele a v okolí očí</li><li>Úbytek objemu a mírná nebo středně výrazná ochablost pleti v obličeji</li><li>Hyperpigmentace: melasma, solární lentiga a postinflamační skvrny</li><li>Následky akné — stopy, atrofické jizvy a nerovnoměrná textura</li><li>Přetrvávající zarudnutí a rosacea s estetickým dopadem</li><li>Kruhy pod očima a slzná rýha</li><li>Pleť bez jasu, rozšířené póry a fotostárnutí</li><li>Hyperhidróza v podpaží nebo na dlaních</li><li>Neuspokojivé výsledky nebo asymetrie po předchozím ošetření</li></ul><h2>Co konzultace zahrnuje</h2><p><strong>Posouzení prostřednictvím zabezpečeného videohovoru</strong></p><p>Konzultace probíhá prostřednictvím šifrovaného videohovoru. Před termínem můžete zaslat dobře osvětlené fotografie oblasti, která vás trápí, a také zprávy nebo cenové nabídky z jiných zařízení.</p><p><strong>Anamnéza a bezpečnost</strong></p><p>Probírá se relevantní anamnéza, současná medikace, alergie, předchozí estetická ošetření a vaše cíle. Velká část kontraindikací v estetické medicíně — těhotenství a kojení, aktivní autoimunitní onemocnění, antikoagulační léčba, aktivní kožní infekce, opakující se opary nebo nedávná léčba isotretinoinem — vyjde najevo jen při anamnéze odebrané s dostatkem času.</p><p><strong>Písemný plán</strong></p><p>Po konzultaci obdržíte písemný plán: jaké ošetření je indikováno, v jakém pořadí, jaká méně invazivní alternativa existuje, jaký výsledek lze očekávat a jaké varovné příznaky sledovat, pokud se nakonec rozhodnete ošetření podstoupit.</p><p><strong>Předepsání léčby, je-li indikováno</strong></p><p>Předepsání lokální nebo systémové léčby je klinické rozhodnutí a provádí se pouze tehdy, je-li po posouzení vhodné.</p><p><strong>Koordinované odeslání</strong></p><p>Pokud případ patří na dermatologii, k plastickému chirurgovi nebo k osobnímu vyšetření, lékařka vám to jasně sdělí a koordinuje odeslání s kompletní zprávou.</p><h2>Před ošetřením: co si ověřit</h2><p>Estetická medicína je lékařský výkon. Před jakýmkoli zákrokem je vhodné ověřit:</p><ul><li>Kdo ošetření provádí a s jakou kvalifikací — aplikace botulotoxinu a výplní je lékařský výkon</li><li>Jaký přesně přípravek bude použit, s jakým označením CE a v jakém množství</li><li>Že existuje písemný informovaný souhlas s uvedením rizik a alternativ</li><li>Jaký postup pro řešení komplikací zařízení má a kdo je k dispozici mimo ordinační hodiny</li><li>Co cena zahrnuje: počet sezení, následnou kontrolu a korekci</li></ul><h2>Estetická medicína ve Španělsku — problém dostupnosti</h2><p>Ve Španělsku se první estetické posouzení obvykle nabízí zdarma ve stejném zařízení, které poté ošetření prodává. Takové posouzení má svou hodnotu, ale není nezávislé: ten, kdo ho provádí, má přímý finanční zájem na zákroku, který doporučuje.</p><p>Výsledek je předvídatelný — ošetření doporučená pacientům, kteří je nepotřebovali, špatně nastavená očekávání a cenové nabídky, které nelze mezi klinikami porovnat, protože každá popisuje, co dělá, pod jinými obchodními názvy.</p><p>Tato konzultace existuje proto, aby tuto mezeru zaplnila: lékařské posouzení, které platí pacient, bez jakéhokoli ošetření na prodej, dostupné odkudkoli ve Španělsku, ve španělštině.</p>""}","0","0","0","3","34b4775d5f39058aa27fd0681c46db4853657f9188fcdfaa408b4e4d5e33f9d6","raw/api/services-consulta-online-medicina-estetica-CS.json","change","No native or embedded FAQs; answer procedure limits, preparation and actual language. New ES base and translations in existing locales; no new URL. heroDescription: unsupported consultation language corrected against assigned doctor. Longer Spanish clinical body in non-ES records remains a separate localization hold. detailBody: unsupported consultation language corrected against assigned doctor. Longer Spanish clinical body in non-ES records remains a separate localization hold. Non-ES record stores no body and renders the ES body; localized title, description, H1 and body candidate prepared from the corrected ES source. Clinical and native-language review required.","clinical review pending","not applied; storage/approval/deployment pending","service:consulta-online-medicina-estetica",""
"https://www.myglobalhealth.online/spain/cs/services/consulta-piel-online","cs","service","sitemap","200","https://www.myglobalhealth.online/spain/cs/services/consulta-piel-online","index, follow","","observed GSC query/page; no volume inference","kožní poradna online | dermatolog online | dermatolog online 24h | dermatologie online | kožní lékař online","0","12","1","9","Online kožní konzultace Španělsko | Praktický lékař | Tentýž den","Vyrážka, ekzém, akné nebo jiný kožní problém. Naši registrovaní praktičtí lékaři posuzují kožní potíže prostřednictvím zabezpečeného videohovoru. Klinické vyšetření ještě tentýž den ve Španělsku.","Konzultace pro pleť — klinické vyšetření s online praktickým lékařem","{""seoTitle"":""Consulta de Piel Online España | Médico de Cabecera""}","10","0","0","0","8d0877e73ce67110ab2062241493c97edccb6b053a3369f29a142ce1033dbad2","raw/api/services-consulta-piel-online-ES.json","hold","Assigned clinician Luz: current exercise status discrepancy; operations clarification required; exact correction candidate prepared, other claims retained pending evidence. Luz: CGCOM alta sin ejercicio; operations clarification required; confirm lawful current exercise before promoting affected care.","clinical review pending","not applied; storage/approval/deployment pending","service:consulta-piel-online",""
"https://www.myglobalhealth.online/spain/cs/services/consulta-salud-vascular-circulatoria","cs","service","internal link","200","https://www.myglobalhealth.online/spain/cs/services/consulta-salud-vascular-circulatoria","noindex, follow","","editorial page role; unmeasured","","0","0","0","3","Konzultace o cévním / oběhovém zdraví · Global Health","Learn about Konzultace o cévním / oběhovém zdraví and book a consultation.","Salud Vascular y Circulatoria Online — Consulta Médica","{""seoTitle"":""Zdraví cév a krevní oběh online Španělsko | Konzultace"",""seoDescription"":""Těžké nohy, křečové žíly, otoky nebo křeče. Online lékařské posouzení žil a krevního oběhu ve Španělsku: kontrola vyšetření, žádanka na doppler a plán."",""heroTitle"":""Zdraví cév a krevní oběh online — lékařská konzultace"",""heroDescription"":""Vyberte si volný termín a před rezervací zkontrolujte cenu. Jazyky konzultace: španělština, angličtina, maďarština, němčina. Jazyk této stránky neurčuje jazyk konzultace. Připravte si lékařské zprávy a seznam užívaných léků. Ověřte si aktuální termíny; dostupnost se může změnit."",""detailBody"":""<h2>Pro koho je tato služba určena</h2><p>Tato konzultace zaměřená na zdraví cév a krevní oběh je vhodná pro dospělé, kteří mají:</p><ul><li>Pocit těžkých nebo unavených nohou, zejména na konci dne nebo po mnoha hodinách stání</li><li>Viditelné křečové žíly, pavoučkové žilky nebo retikulární žilky, které časem přibývají</li><li>Večerní otoky kotníků, které se zlepšují při zvednutí nohou</li><li>Noční křeče, svědění nebo neklid v nohou žilního charakteru</li><li>Změny zbarvení kůže na noze: okrové skvrny, zatvrdnutí nebo ekzém v oblasti kotníku</li><li>Žilní onemocnění v rodinné anamnéze a nejistotu, jaká prevence má smysl</li><li>Prodělanou žilní trombózu a nejasnosti ohledně současného sledování</li><li>Kardiovaskulární rizikové faktory — kouření, cukrovku, vysoký krevní tlak, dyslipidemii, obezitu, nedostatek pohybu — a žádné dosavadní cévní vyšetření</li><li>Bolest lýtka při chůzi, která ustupuje v klidu, k zaměření vyšetření tepen</li><li>Práci se zvýšeným rizikem pro žíly (dlouhodobé stání, trvalé sezení, časté dlouhé cesty) a potřebu preventivního plánu</li><li>Cizince žijící ve Španělsku a expaty, kteří potřebují cévní péči ve španělštině, angličtině, maďarštině nebo němčině</li></ul><h2>Co tato služba je — a co není</h2><p>Tato konzultace zahrnuje:</p><ul><li>Klinické posouzení neurgentních žilních a oběhových obtíží</li><li>Kontrolu a interpretaci vyšetření, která již máte: dopplerovský ultrazvuk, index kotník–paže, krevní rozbory</li><li>Posouzení celkového kardiovaskulárního rizika a plán na jeho snížení</li><li>Vystavení žádanky na žilní nebo tepenný dopplerovský ultrazvuk a krevní rozbory, jsou-li klinicky indikovány</li><li>Doporučení kompresní terapie: typ punčochy, kompresní třída a způsob nošení</li><li>Konzervativní opatření podložená důkazy — pohyb, kontrola hmotnosti, zvedání nohou, správné držení těla</li><li>Koordinované odeslání na flebologii, angiologii nebo cévní chirurgii, kde je to namístě</li></ul><p>Tato služba nezahrnuje:</p><ul><li>Cévní pohotovostní stavy. Náhlá bolest a otok pouze jedné nohy s teplem a zarudnutím vyžadují vyloučení hluboké žilní trombózy ještě tentýž den; pokud je doprovází bolest na hrudi nebo dušnost, okamžitě volejte 112</li><li>Akutní tepennou ischemii — studená, bledá, bolestivá noha bez hmatného pulzu — což je stav vyžadující okamžité nemocniční ošetření</li><li>Provedení ultrazvukového vyšetření. Dopplerovský ultrazvuk se provádí osobně: konzultace na něj vystaví žádanku a interpretuje zprávu, neprovádí ho</li><li>Žilní zákroky. Skleroterapie, endovenózní ablace a operace křečových žil vyžadují osobní posouzení a provedení</li><li>Infikované nebo špatně se hojící vředy, které vyžadují ošetření a osobní vyšetření</li></ul><h2>Co konzultace zahrnuje</h2><p><strong>Cílená cévní anamnéza</strong></p><p>Doba trvání obtíží, denní průběh příznaků, osobní a rodinná anamnéza trombózy nebo křečových žil, těhotenství, medikace — včetně antikoncepce a hormonální terapie —, pracovní činnost a kardiovaskulární rizikové faktory.</p><p><strong>Vyšetření vedené přes videohovor</strong></p><p>Lékařka vás provede tím, jak postiženou nohu ukázat: rozložení křečových žil, otok, kožní změny a symetrii obou nohou. Před termínem můžete zaslat fotografie.</p><p><strong>Kontrola předchozích vyšetření</strong></p><p>Pokud již máte dopplerovský ultrazvuk, index kotník–paže nebo krevní rozbory, během konzultace se zkontrolují a interpretují a vysvětlí se vám, co znamenají ve vašem konkrétním případě.</p><p><strong>Žádanky na vyšetření</strong></p><p>Je-li vyšetření indikováno, žádanka na žilní nebo tepenný dopplerovský ultrazvuk a krevní rozbory se vystaví tentýž den, abyste je mohli absolvovat v zařízení ve svém okolí.</p><p><strong>Písemný plán a kompresní terapie</strong></p><p>Obdržíte písemný plán s indikovanými konzervativními opatřeními a v odůvodněných případech předpis odstupňované komprese ve vhodné kompresní třídě, včetně vysvětlení, jak a kdy ji nosit.</p><p><strong>Koordinované odeslání</strong></p><p>Pokud hodnocení ukazuje na pokročilé žilní onemocnění nebo onemocnění tepen, lékařka koordinuje odeslání ke specialistovi s kompletní zprávou, abyste nemuseli začínat od nuly.</p><h2>Kdy nečekat</h2><p>Vyhledejte pohotovost nebo volejte 112, pokud se objeví:</p><ul><li>Náhlá bolest a otok pouze jedné nohy s teplem nebo zarudnutím</li><li>Náhle vzniklá bolest na hrudi nebo dušnost</li><li>Studená, bledá a bolestivá noha se ztrátou citlivosti nebo síly</li><li>Krvácení z křečové žíly, které neustává po stlačení a zvednutí nohy</li><li>Vřed s horečkou, hnisáním nebo zánětem kůže (flegmónou) v okolí</li></ul><h2>Zdraví cév ve Španělsku — problém dostupnosti</h2><p>Žilní obtíže jsou mimořádně časté a soustavně podceňované. Většina pacientů žije roky s těžkýma nohama a postupujícími křečovými žilami, aniž by kdokoli vyšetřil žilní reflux nebo doporučil správnou kompresi, dokud se neobjeví kožní změny nebo vřed, které už lze jen obtížně zvrátit.</p><p>Chronické žilní onemocnění je progresivní a opatření, která ho zpomalují — správně indikovaná komprese, pohyb, kontrola hmotnosti a léčba refluxu, kde je to namístě — jsou tím účinnější, čím dříve se zahájí.</p><p>Tato konzultace umožňuje provést takové posouzení bez čekání a odkudkoli ve Španělsku, s vystavením žádanek na vyšetření tentýž den, jsou-li indikována.</p>""}","0","0","0","2","be273896419726ba28625d8e60d6b65cb2546f7ae9ed107693199d0ec69ae373","raw/api/services-consulta-salud-vascular-circulatoria-CS.json","change","No native or embedded FAQs; answer procedure limits, preparation and actual language. New ES base and translations in existing locales; no new URL. heroDescription: unsupported consultation language corrected against assigned doctor. Longer Spanish clinical body in non-ES records remains a separate localization hold. detailBody: unsupported consultation language corrected against assigned doctor. Longer Spanish clinical body in non-ES records remains a separate localization hold. Non-ES record stores no body and renders the ES body; localized title, description, H1 and body candidate prepared from the corrected ES source. Clinical and native-language review required.","clinical review pending","not applied; storage/approval/deployment pending","service:consulta-salud-vascular-circulatoria",""
"https://www.myglobalhealth.online/spain/cs/services/control-peso-online","cs","service","sitemap","200","https://www.myglobalhealth.online/spain/cs/services/control-peso-online","index, follow","","editorial page role; unmeasured","","0","0","0","2","Online kontrola hmotnosti Španělsko | Lékařské posouzení | Registrovaný lékař","Máte potíže s hubnutím navzdory dietě a cvičení? Naši registrovaní lékaři posoudí lékařské a metabolické faktory stojící za vaší hmotností prostřednictvím videohovoru. Klinické vyšetření tentýž den ve Španělsku.","Kontrola hmotnosti — Lékařské vyšetření a personalizovaný plán online","{}","7","0","0","0","956719d6487108fa1b3df88cc1f8428a7a868b740246e54d44e5739100679fe9","raw/public-inventory-2026-09-13.json","hold","Live metadata, canonical and content retained; no demonstrated benefit from rewriting this page. Retention does not certify clinical/legal claims. Luz: CGCOM alta sin ejercicio; operations clarification required; confirm lawful current exercise before promoting affected care.","retained; no new certification","no mutation","",""
"https://www.myglobalhealth.online/spain/cs/services/dejar-de-fumar-online","cs","service","sitemap","200","https://www.myglobalhealth.online/spain/cs/services/dejar-de-fumar-online","index, follow","","editorial page role; unmeasured","","0","0","0","1","Přestat kouřit online Španělsko | Lékařská podpora | Praktický lékař","Chcete přestat kouřit s lékařskou podporou? Naši registrovaní praktičtí lékaři posoudí vaši závislost na tabáku a navrhnou individuální plán prostřednictvím videohovoru. Tentýž den ve Španělsku.","Přestat kouřit — Online lékařské vyšetření a personalizovaný plán","{}","9","0","0","0","d66e62e58c9e6dafcb0157c38a65fd86fcab26ffeebee6b1e8b7ec420dee151e","raw/public-inventory-2026-09-13.json","hold","Live metadata, canonical and content retained; no demonstrated benefit from rewriting this page. Retention does not certify clinical/legal claims. Luz: CGCOM alta sin ejercicio; operations clarification required; confirm lawful current exercise before promoting affected care.","retained; no new certification","no mutation","",""
"https://www.myglobalhealth.online/spain/cs/services/derivaciones-pruebas-online","cs","service","sitemap","200","https://www.myglobalhealth.online/spain/cs/services/derivaciones-pruebas-online","index, follow","","editorial page role; unmeasured","","0","0","0","0","Online doporučení a vyšetření Španělsko | Laboratorní testy | Praktický lékař","Potřebujete doporučení ke specialistovi, laboratorní testy nebo zobrazovací vyšetření ve Španělsku? Naši registrovaní praktičtí lékaři vystavují klinickou dokumentaci po kompletním vyšetření. Tentýž den ve Španělsku.","Doporučení a vyšetření — online klinická dokumentace tentýž den","{}","8","0","0","0","797678598b641ef2741cd164c38c127b7f73d7d8fa8e9a6ba01ee04dcd6162e5","raw/public-inventory-2026-09-13.json","hold","Live metadata, canonical and content retained; no demonstrated benefit from rewriting this page. Retention does not certify clinical/legal claims. Luz: CGCOM alta sin ejercicio; operations clarification required; confirm lawful current exercise before promoting affected care.","retained; no new certification","not applied; storage/approval/deployment pending","","link:cmre7soee002sg8ju1hnpt499"
"https://www.myglobalhealth.online/spain/cs/services/dermatologia-especialista-online","cs","service","sitemap","200","https://www.myglobalhealth.online/spain/cs/services/dermatologia-especialista-online","index, follow","","editorial page role; unmeasured","","0","0","0","0","Online dermatologická konzultace ve Španělsku | Dermatolog | Stejný den","Komplexní kožní onemocnění, těžké akné nebo podezřelá léze. Naši registrovaní dermatologové nabízejí odborná vyšetření prostřednictvím videohovoru s analýzou snímků ve vysokém rozlišení. Ve stejný den ve Španělsku.","Odborná dermatologická konzultace — Online vyšetření s dermatologem","{""seoTitle"":""Online dermatologická konzultace ve Španělsku | Dermatolog""}","9","0","3","0","edac7f258b9c20e2f22a24fd2fff0b98af451b730b9d95cca3a30fe4e9c39872","raw/api/services-dermatologia-especialista-online-CS.json","change","Remove unconditional same-day title; availability is dynamic. Replace image-only dermatoscopy/definitive-diagnosis and same-day biopsy claims; retain six other answers. Clinical review required.","clinical review pending","not applied; storage/approval/deployment pending","service:dermatologia-especialista-online",""
"https://www.myglobalhealth.online/spain/cs/services/enfermedades-cronicas-online","cs","service","sitemap","200","https://www.myglobalhealth.online/spain/cs/services/enfermedades-cronicas-online","index, follow","","editorial page role; unmeasured","","0","0","0","1","Chronická onemocnění online Španělsko | Lékařský dohled | Praktický lékař","Hypertenze, cukrovka, štítná žláza nebo jiné chronické onemocnění? Naši registrovaní praktičtí lékaři nabízejí průběžné klinické sledování prostřednictvím bezpečného videohovoru. Ve stejný den ve Španělsku.","Chronická onemocnění — průběžné lékařské sledování online","{}","8","0","0","0","80b5bed74adbb1ed4d2f97c1d0af6c4a64dc467ae61dc6d7c8e868d00845b321","raw/public-inventory-2026-09-13.json","hold","Live metadata, canonical and content retained; no demonstrated benefit from rewriting this page. Retention does not certify clinical/legal claims. Luz: CGCOM alta sin ejercicio; operations clarification required; confirm lawful current exercise before promoting affected care.","retained; no new certification","not applied; storage/approval/deployment pending","","link:cmre7skhw002kg8judewg26hr"
"https://www.myglobalhealth.online/spain/cs/services/justificante-medico-online","cs","service","sitemap","200","https://www.myglobalhealth.online/spain/cs/services/justificante-medico-online","index, follow","","editorial page role; unmeasured","","0","0","0","4","Lékařské potvrzení online Španělsko | Soukromé lékařské potvrzení | Týž den","Potřebujete lékařské potvrzení nebo potvrzení o pracovní neschopnosti? Naši licencovaní lékaři vyhodnotí vaše příznaky prostřednictvím videohovoru a vystaví klinickou dokumentaci tam, kde je to z lékařského hlediska odůvodněné. Tentýž den.","Online lékařské potvrzení — soukromý klinický certifikát tentýž den","{""seoTitle"":""Justificante Médico Online España | Certificado Médico Privado""}","8","0","0","0","329539df594859b1f6455eccb23280191ba631036c6af7b070c5669f4f1e7f2c","raw/api/services-justificante-medico-online-ES.json","hold","Assigned clinician Luz: current exercise status discrepancy; operations clarification required; exact correction candidate prepared, other claims retained pending evidence. Luz: CGCOM alta sin ejercicio; operations clarification required; confirm lawful current exercise before promoting affected care.","clinical review pending","not applied; storage/approval/deployment pending","service:justificante-medico-online",""
"https://www.myglobalhealth.online/spain/cs/services/medicina-viaje-online","cs","service","sitemap","200","https://www.myglobalhealth.online/spain/cs/services/medicina-viaje-online","index, follow","","observed GSC query/page; no volume inference","medicinaonline","0","2","0","0","Cestovní medicína online Španělsko | Profylaxe malárie | Praktický lékař","Cestujete do oblasti s výskytem malárie nebo do rizikové destinace? Naši registrovaní praktičtí lékaři posoudí váš cestovní zdravotní stav a zajistí potřebnou zdravotní dokumentaci. Ve stejný den ve Španělsku.","Cestovní medicína — Online klinické vyšetření před odjezdem","{}","10","0","0","0","67d23bf8cdfeaba4b0c207c59a35baf0ad558e5faefd27eec249edee3deb8875","raw/public-inventory-2026-09-13.json","hold","Live metadata, canonical and content retained; no demonstrated benefit from rewriting this page. Retention does not certify clinical/legal claims. Luz: CGCOM alta sin ejercicio; operations clarification required; confirm lawful current exercise before promoting affected care.","retained; no new certification","no mutation","",""
"https://www.myglobalhealth.online/spain/cs/services/musculoesqueletico-online","cs","service","sitemap","200","https://www.myglobalhealth.online/spain/cs/services/musculoesqueletico-online","index, follow","","editorial page role; unmeasured","","0","0","0","2","Muskuloskeletální bolest Online Španělsko | Klinické vyšetření | Praktický lékař","Bolest zad, kloubů, ischias nebo svalové poranění. Naši registrovaní praktičtí lékaři posuzují muskuloskeletální potíže prostřednictvím zabezpečeného videohovoru. Klinické vyšetření tentýž den ve Španělsku.","Muskuloskeletální bolest — Online klinické vyhodnocení tentýž den","{}","9","0","0","0","e31c5d1b2f114ed789caabb7ab6f482bdd5c761929b3c80d5dcc3ceba20c5c80","raw/public-inventory-2026-09-13.json","hold","Live metadata, canonical and content retained; no demonstrated benefit from rewriting this page. Retention does not certify clinical/legal claims. Luz: CGCOM alta sin ejercicio; operations clarification required; confirm lawful current exercise before promoting affected care.","retained; no new certification","not applied; storage/approval/deployment pending","","link:cmre7tkdz004mg8juc9wpct8q"
"https://www.myglobalhealth.online/spain/cs/services/neurologo-online","cs","service","internal link","404","https://www.myglobalhealth.online","noindex","","editorial page role; unmeasured","","0","0","0","0","Page not found · Global Health","Online medical consultations with licensed clinicians across Ireland, Czechia, Portugal, Spain, and Romania.","","{}","","","0","0","d21589135cd84a9cd10d4ac1989dd9b40f6ca396ece6f67964349539c8834006","raw/public-inventory-2026-09-13.json","hold","Linked unavailable specialty; remove source callouts after approved exact manifest. Do not create or redirect unavailable care.","retained; no new certification","no mutation","",""
"https://www.myglobalhealth.online/spain/cs/services/pediatra-especialista-online","cs","service","internal link","404","https://www.myglobalhealth.online","noindex","","editorial page role; unmeasured","","0","0","0","0","Page not found · Global Health","Online medical consultations with licensed clinicians across Ireland, Czechia, Portugal, Spain, and Romania.","","{}","","","0","0","4aa799bcf4fe9586a696c98f65355e145bd91745938b8a52a7f0be02cf474415","raw/public-inventory-2026-09-13.json","hold","Linked unavailable specialty; remove source callouts after approved exact manifest. Do not create or redirect unavailable care.","retained; no new certification","no mutation","",""
"https://www.myglobalhealth.online/spain/cs/services/pediatria-online","cs","service","sitemap","200","https://www.myglobalhealth.online/spain/cs/services/pediatria-online","index, follow","","editorial page role; unmeasured","","0","0","0","12","Online pediatrie Španělsko | Dětská konzultace | Obvodní lékař","Je vaše dítě nemocné a nemůžete čekat na termín? Naši registrovaní praktičtí lékaři posuzují zdraví dětí prostřednictvím bezpečného videohovoru. Bez čekárny, ještě tentýž den ve Španělsku.","Online pediatrie — dětská konzultace s praktickým lékařem tentýž den","{}","10","0","0","0","c4f06eeaa23537ae91c0311cce4f913e8a6aed6f096bc6a18cee992f108b670f","raw/public-inventory-2026-09-13.json","change","Live metadata, canonical and content retained; no demonstrated benefit from rewriting this page. Retention does not certify clinical/legal claims.","retained; no new certification","not applied; storage/approval/deployment pending","","link:cmre7ts6t0052g8ju6asq61tw"
"https://www.myglobalhealth.online/spain/cs/services/psicologo-online","cs","service","sitemap","200","https://www.myglobalhealth.online/spain/cs/services/psicologo-online","index, follow","","observed GSC query/page; no volume inference","klinicky psycholog online | online psikolog | online psychologie | psychologie trauma | psychologovia","2","25","0","0","Online psycholog Španělsko | Psychoterapie | Registrovaný psycholog","Úzkost, deprese, trauma nebo jiný psychický problém. Naši registrovaní klinickí psychologové nabízejí psychoterapii a psychologické vyšetření prostřednictvím zabezpečeného videohovoru. Ve stejný den ve Španělsku.","Klinická psychologie — Online psychoterapie s licencovaným psychologem","{}","10","0","0","0","31d30fedb7bbf77c1b21752f99f043377c8311e103eecfbed717a99df8bda0b6","raw/public-inventory-2026-09-13.json","change","Live metadata, canonical and content retained; no demonstrated benefit from rewriting this page. Retention does not certify clinical/legal claims.","retained; no new certification","not applied; storage/approval/deployment pending","","link:cmre7t1od003kg8jujyc8vdtm"
"https://www.myglobalhealth.online/spain/cs/services/psiquiatra-online","cs","service","sitemap","200","https://www.myglobalhealth.online/spain/cs/services/psiquiatra-online","index, follow","","observed GSC query/page; no volume inference","psychiatr online | online psychiatrie","1","16","2","28","Online psychiatr Španělsko | Specializovaná psychiatrická konzultace | Tentýž den","Komplexní duševní porucha, ADHD, bipolární porucha nebo jiný psychiatrický problém. Naši atestovaní psychiatři nabízejí odborná vyšetření prostřednictvím zabezpečeného videohovoru. Ve stejný den ve Španělsku.","Odborná psychiatrie — Online psychiatrické vyšetření","{""seoTitle"":""Psiquiatra Online España | Consulta Psiquiátrica Especialista""}","10","0","0","0","2caa67fa00fc8d84c182bf1e38d7a3cd6baf603526f7320532d7230d34c4e562","raw/api/services-psiquiatra-online-ES.json","change","Remove unconditional same-day title; availability is dynamic.","clinical review pending","not applied; storage/approval/deployment pending","service:psiquiatra-online",""
"https://www.myglobalhealth.online/spain/cs/services/renovacion-tratamiento-online","cs","service","sitemap","200","https://www.myglobalhealth.online/spain/cs/services/renovacion-tratamiento-online","index, follow","","editorial page role; unmeasured","","0","0","0","7","Obnovení léčby online Španělsko | Klinické posouzení | Registrovaný lékař","Stabilní léčba, která potřebuje obnovení ve Španělsku? Naši registrovaní lékaři zhodnotí váš klinický stav prostřednictvím videohovoru a vystaví dokumentaci, kde je to indikováno. Bez předchozí registrace. Tentýž den.","Obnovení léčby — Online klinické zhodnocení s registrovaným lékařem","{}","8","0","0","0","cc7125e4f0f420a3f1bc7a313fb4a32309a7e78c5157de36bf0de62dcb12f87b","raw/public-inventory-2026-09-13.json","hold","Live metadata, canonical and content retained; no demonstrated benefit from rewriting this page. Retention does not certify clinical/legal claims. Luz: CGCOM alta sin ejercicio; operations clarification required; confirm lawful current exercise before promoting affected care.","retained; no new certification","no mutation","",""
"https://www.myglobalhealth.online/spain/cs/services/salud-femenina-online","cs","service","sitemap","200","https://www.myglobalhealth.online/spain/cs/services/salud-femenina-online","index, follow","","editorial page role; unmeasured","","0","0","0","2","Ženské zdraví online Španělsko | Důvěrné vyhodnocení | Registrovaný lékař","Antikoncepce, hormonální zdraví, menopauza nebo jiné obavy o ženské zdraví. Naši registrovaní lékaři nabízejí důvěrné konzultace prostřednictvím bezpečného videohovoru. Tentýž den ve Španělsku.","Ženské zdraví — Důvěrné online vyhodnocení","{}","9","0","0","0","b6cd546c1f292bfeb0bef96130431af2ed3ee45fbf20a168dee9f04246cd29a6","raw/public-inventory-2026-09-13.json","hold","Live metadata, canonical and content retained; no demonstrated benefit from rewriting this page. Retention does not certify clinical/legal claims. Luz: CGCOM alta sin ejercicio; operations clarification required; confirm lawful current exercise before promoting affected care.","retained; no new certification","no mutation","",""
"https://www.myglobalhealth.online/spain/cs/services/salud-masculina-online","cs","service","sitemap","200","https://www.myglobalhealth.online/spain/cs/services/salud-masculina-online","index, follow","","editorial page role; unmeasured","","0","0","0","1","Mužské zdraví online Španělsko | Důvěrné posouzení | Registrovaný lékař","Erektilní dysfunkce, nízký testosteron, libido nebo jiné obavy o mužské zdraví. Naši registrovaní lékaři nabízejí důvěrná vyšetření prostřednictvím zabezpečeného videohovoru. Ve stejný den ve Španělsku.","Mužské zdraví — Důvěrné online posouzení","{}","8","0","0","0","555047a401cf38d80c608a905f2fb2cb4c7f166fb6da46fc99fee53d9af4e3a2","raw/public-inventory-2026-09-13.json","hold","Live metadata, canonical and content retained; no demonstrated benefit from rewriting this page. Retention does not certify clinical/legal claims. Luz: CGCOM alta sin ejercicio; operations clarification required; confirm lawful current exercise before promoting affected care.","retained; no new certification","no mutation","",""
"https://www.myglobalhealth.online/spain/cs/services/salud-mental-online","cs","service","sitemap","200","https://www.myglobalhealth.online/spain/cs/services/salud-mental-online","index, follow","","editorial page role; unmeasured","","0","0","0","0","Online duševní zdraví Španělsko | Klinické hodnocení | Registrovaný lékař","Úzkost, deprese, vyhoření nebo jiné obavy o duševní zdraví. Naši registrovaní lékaři nabízejí důvěrná klinická vyšetření prostřednictvím zabezpečeného videohovoru. Ještě tentýž den ve Španělsku.","Duševní zdraví — důvěrné klinické online hodnocení","{}","8","0","0","0","cdb37e79ef874854d67aad6cadb9f7e3f7e64b58b30888e4fbb7ea556257eb2c","raw/public-inventory-2026-09-13.json","hold","Live metadata, canonical and content retained; no demonstrated benefit from rewriting this page. Retention does not certify clinical/legal claims. Luz: CGCOM alta sin ejercicio; operations clarification required; confirm lawful current exercise before promoting affected care.","retained; no new certification","not applied; storage/approval/deployment pending","","link:cmre7stv60034g8juje70ar9l"
"https://www.myglobalhealth.online/spain/cs/services/segunda-opinion-medica","cs","service","sitemap","200","https://www.myglobalhealth.online/spain/cs/services/segunda-opinion-medica","index, follow","","editorial page role; unmeasured","","0","0","0","1","Druhé lékařské stanovisko online Španělsko | Nezávislé hodnocení | Tentýž den","Nejste si jistí diagnózou nebo léčebným plánem? Naši registrovaní lékaři poskytují nezávislé druhé lékařské názory prostřednictvím zabezpečeného videohovoru. Ve stejný den ve Španělsku.","Druhý lékařský názor — nezávislé klinické posouzení online","{""seoTitle"":""Segunda Opinión Médica Online España | Evaluación Independiente""}","9","0","0","0","e8377297292a711e04852936bee75490c8fed12cbc68a602fb407a225d3d5c5a","raw/api/services-segunda-opinion-medica-ES.json","hold","Assigned clinician Luz: current exercise status discrepancy; operations clarification required; exact correction candidate prepared, other claims retained pending evidence. Luz: CGCOM alta sin ejercicio; operations clarification required; confirm lawful current exercise before promoting affected care.","clinical review pending","not applied; storage/approval/deployment pending","service:segunda-opinion-medica","link:cmre7u1jt005mg8jutxyy9pz0"
"https://www.myglobalhealth.online/spain/cs/tools/adhd-test","cs","tool","sitemap","200","https://www.myglobalhealth.online/spain/cs/tools/adhd-test","index, follow","","editorial page role; unmeasured","","0","2","0","3","ADHD Test Španělsko | Bezplatný Screening Pro Dospělé","Vyplňte screeningový test ADHD pro dospělé o šesti otázkách (ASRS v1.1, část A) a zjistěte, co vaše odpovědi znamenají. Výsledek screeningu není diagnóza — tu stanoví jen psychiatr nebo klinický psycholog.","ADHD test Španělsko","{}","","","0","0","e9a5f141a8a4ca7f0bd1a0f36349facfde34e216627469348427f1c5189c77cf","raw/public-inventory-2026-09-13.json","retain with evidence","Live metadata, canonical and content retained; no demonstrated benefit from rewriting this page. Retention does not certify clinical/legal claims.","retained; no new certification","no mutation","",""
"https://www.myglobalhealth.online/spain/cs/tools/blood-pressure-chart","cs","tool","sitemap","200","https://www.myglobalhealth.online/spain/cs/tools/blood-pressure-chart","index, follow","","editorial page role; unmeasured","","0","5","0","2","Kalkulačka Krevního Tlaku Španělsko | Tabulka Normálních Hodnot","Zadejte systolický a diastolický tlak a hned uvidíte kategorii podle evropské tabulky pro dospělé — co hodnota znamená a které vyžadují lékaře ještě týž den.","Normální krevní tlak Španělsko","{}","","","0","0","557d41540298109a39c808d670226aa0d4d79e65469fa306551c51ff520759d0","raw/public-inventory-2026-09-13.json","retain with evidence","Live metadata, canonical and content retained; no demonstrated benefit from rewriting this page. Retention does not certify clinical/legal claims.","retained; no new certification","no mutation","",""
"https://www.myglobalhealth.online/spain/cs/tools/bmi-calculator","cs","tool","sitemap","200","https://www.myglobalhealth.online/spain/cs/tools/bmi-calculator","index, follow","","editorial page role; unmeasured","","0","0","0","3","BMI Kalkulačka Španělsko | Výpočet BMI Online","Spočítejte si index tělesné hmotnosti během několika sekund. Metrické i imperiální jednotky, kategorie WHO pro dospělé a co váš výsledek ve skutečnosti znamená.","BMI kalkulačka Španělsko","{}","","","0","0","1a5afec7f2342ee40e4dc8113e9aab25c2d7ff551551edb0f34a346b0d888bb9","raw/public-inventory-2026-09-13.json","retain with evidence","Live metadata, canonical and content retained; no demonstrated benefit from rewriting this page. Retention does not certify clinical/legal claims.","retained; no new certification","no mutation","",""
"https://www.myglobalhealth.online/spain/cs/tools/calorie-calculator","cs","tool","sitemap","200","https://www.myglobalhealth.online/spain/cs/tools/calorie-calculator","index, follow","","editorial page role; unmeasured","","0","0","0","5","Kalorická Kalkulačka Španělsko | Výpočet Denního Příjmu","Spočítejte si, kolik kalorií denně potřebujete na udržení hmotnosti, hubnutí nebo nabírání. Rovnice Mifflin-St Jeor, pět úrovní aktivity a co ta čísla ve skutečnosti znamenají — a registrovaní lékaři, pokud chcete jít dál.","Kalorická kalkulačka Španělsko","{}","","","0","0","360ad2e142a44d806169c6ed85fed1587c1d4c54ec339dbb4aca9558d0b8c860","raw/public-inventory-2026-09-13.json","retain with evidence","Live metadata, canonical and content retained; no demonstrated benefit from rewriting this page. Retention does not certify clinical/legal claims.","retained; no new certification","no mutation","",""
"https://www.myglobalhealth.online/spain/cs/tools/due-date-calculator","cs","tool","sitemap","200","https://www.myglobalhealth.online/spain/cs/tools/due-date-calculator","index, follow","","observed GSC query/page; no volume inference","ovulační kalkulačka | těhu kalkulačka","0","12","0","2","Těhotenská Kalkulačka Španělsko | Termín Porodu a Týdny","Spočítejte si předpokládaný termín porodu a v kolikátém týdnu těhotenství jste, podle prvního dne poslední menstruace. Zohledňuje délku vašeho cyklu, včetně přehledu všech 40 týdnů.","Těhotenská kalkulačka Španělsko","{}","","","0","0","8fb935b1d2020fda681a02b1dfbd14f2c170567e64c6f6e4ef4755e61c9ada60","raw/public-inventory-2026-09-13.json","retain with evidence","Live metadata, canonical and content retained; no demonstrated benefit from rewriting this page. Retention does not certify clinical/legal claims.","retained; no new certification","no mutation","",""
"https://www.myglobalhealth.online/spain/cs/tools/osteoporosis-risk-checker","cs","tool","sitemap","200","https://www.myglobalhealth.online/spain/cs/tools/osteoporosis-risk-checker","index, follow","","editorial page role; unmeasured","","0","0","0","0","Kontrola Rizika Osteoporózy Španělsko | Potřebuji Denzitometrii?","Zkontrolujte zveřejněné rizikové faktory osteoporózy a zlomeniny z křehkosti a zjistěte, zda doporučené postupy radí nechat se vyšetřit. Nejde o FRAX ani o diagnózu — je to seznam k vyhledání rizika, se kterým můžete jít k lékaři.","Riziko osteoporózy Španělsko","{}","","","0","0","508bf19d74055e5f976d9d44f8749a8b8ee93dba9e012f96e09541c5b68e6581","raw/public-inventory-2026-09-13.json","retain with evidence","Live metadata, canonical and content retained; no demonstrated benefit from rewriting this page. Retention does not certify clinical/legal claims.","retained; no new certification","no mutation","",""
"https://www.myglobalhealth.online/spain/cs/tools/ovulation-calculator","cs","tool","sitemap","200","https://www.myglobalhealth.online/spain/cs/tools/ovulation-calculator","index, follow","","observed GSC query/page; no volume inference","ovulacna kalkulacka online","0","20","0","7","Ovulační Kalkulačka Španělsko | Plodné Dny a Den Ovulace","Spočítejte si plodné dny a odhadovaný den ovulace podle prvního dne poslední menstruace. Zohledňuje délku vašeho cyklu a šest nejplodnějších dnů rozepisuje den po dni.","Ovulační kalkulačka Španělsko","{}","","","0","0","f196c723d398f71f1609bddf833603dbe8223f236e418d307b263ec332860d82","raw/public-inventory-2026-09-13.json","retain with evidence","Live metadata, canonical and content retained; no demonstrated benefit from rewriting this page. Retention does not certify clinical/legal claims.","retained; no new certification","no mutation","",""
"https://www.myglobalhealth.online/spain/cs/tools/sore-throat-checker","cs","tool","sitemap","200","https://www.myglobalhealth.online/spain/cs/tools/sore-throat-checker","index, follow","","editorial page role; unmeasured","","0","0","0","0","Bolest v Krku Španělsko | Kontrola Angíny a Streptokoka","Odpovězte na pět otázek o bolesti v krku a zjistěte, jak pravděpodobná je bakteriální příčina, podle McIsaacova skóre, které používají lékaři. Včetně varovných příznaků vyžadujících neodkladnou péči. Nejde o diagnózu ani o test na streptokoka.","Angína, nebo virová bolest v krku Španělsko","{}","","","0","0","0f6383c378eba2954e42aad9f5604a1d32bf8304047cbb71d75ac901263c2dfd","raw/public-inventory-2026-09-13.json","retain with evidence","Live metadata, canonical and content retained; no demonstrated benefit from rewriting this page. Retention does not certify clinical/legal claims.","retained; no new certification","no mutation","",""
"https://www.myglobalhealth.online/spain/de","de","home","sitemap","200","https://www.myglobalhealth.online/spain/de","index, follow","","editorial page role; unmeasured","","1","15","0","8","Online-Arzt Spanien | Registrierte Hausärzte & Fachärzte","Sprechen Sie noch heute per Videoanruf mit einem registrierten Arzt — Hausarzttermine, Atteste, Facharztüberweisungen. Termine am selben Tag, Spanien.","Online-medizinische Versorgung in Spanien","{}","","","0","0","4316d322d8d6eb7d9c19a99f49e55234df2b416c4c88bc2fa14a4c35a604476d","raw/public-inventory-2026-09-13.json","retain with evidence","Live metadata, canonical and content retained; no demonstrated benefit from rewriting this page. Retention does not certify clinical/legal claims.","retained; no new certification","no mutation","",""
"https://www.myglobalhealth.online/spain/de/about","de","about","sitemap","200","https://www.myglobalhealth.online/spain/de/about","index, follow","","editorial page role; unmeasured","","0","1","0","2","Über Global Health Spanien | Ärzte online · Global Health","Global Health Spanien: Online-Videosprechstunden mit bei Colegio Oficial de Médicos registrierten Ärztinnen und Ärzten, auf Spanisch / Englisch. Unser Angebot und wer wir sind.","Über Global Health Spanien","{}","","","0","0","ed1acc6ddb19437ee64e82c208383a36b5406d62ca647a4c08fa04fc90adca31","raw/public-inventory-2026-09-13.json","retain with evidence","Live metadata, canonical and content retained; no demonstrated benefit from rewriting this page. Retention does not certify clinical/legal claims.","retained; no new certification","no mutation","",""
"https://www.myglobalhealth.online/spain/de/blog","de","blog","sitemap","200","https://www.myglobalhealth.online/spain/de/blog","index, follow","","editorial page role; unmeasured","","0","0","0","1","Gesundheitsleitfäden von zugelassenen Ärzten in Spanien","Evidenzbasierte Gesundheitsleitfäden für Spanien, verfasst und geprüft von unserem medizinischen Team.","Gesundheitsleitfäden von zugelassenen Ärzten.","{}","","","0","0","f67b95d59d6ae3c237911d6f52b6e0335a7d3f1e8a374df6efb0dad388583b4c","raw/public-inventory-2026-09-13.json","retain with evidence","Live metadata, canonical and content retained; no demonstrated benefit from rewriting this page. Retention does not certify clinical/legal claims.","retained; no new certification","no mutation","",""
"https://www.myglobalhealth.online/spain/de/blog/blutdruck-senken-was-laut-leitlinien-wirkt-und-was-nur-so-wirkt","de","article","sitemap","200","https://www.myglobalhealth.online/spain/de/blog/blutdruck-senken-was-laut-leitlinien-wirkt-und-was-nur-so-wirkt","index, follow","","observed GSC query/page; no volume inference","was hilft bei bluthochdruck | was kann man tun?","0","5","0","0","Blutdruck senken: was wirklich wirkt · Global Health","Fünf Maßnahmen mit nachgewiesener Wirkung auf den Blutdruck, wie lange sie dauern, was die ESC-Leitlinie 2024 zu Kräutertees sagt und wann Sie 112 anrufen sollten.","Blutdruck senken: was laut Leitlinien wirkt und was nur so wirkt","{}","","","0","0","bfd14cb122afb4a1236808beb8a279e0268e5f445e8d91553c8019e4b1c06ee3","raw/public-inventory-2026-09-13.json","retain with evidence","Live metadata, canonical and content retained; no demonstrated benefit from rewriting this page. Retention does not certify clinical/legal claims.","retained; no new certification","no mutation","",""
"https://www.myglobalhealth.online/spain/de/blog/diabetes-eine-stille-krankheit","de","article","sitemap","200","https://www.myglobalhealth.online/spain/de/blog/diabetes-eine-stille-krankheit","index, follow","","editorial page role; unmeasured","","0","1","0","0","Diabetes in Spanien: Ursachen, Symptome und Behandlung","Mehr als 5,1 Millionen Menschen in Spanien leben mit Diabetes. Erfahren Sie mehr über Ursachen, Symptome, moderne Therapien und wichtige Kontrollen.","Diabetes – eine stille Krankheit","{}","","","0","0","ccb69a1690a69ae716d807caa7e674f7708742509a6283965f71b1d745402794","raw/public-inventory-2026-09-13.json","retain with evidence","Live metadata, canonical and content retained; no demonstrated benefit from rewriting this page. Retention does not certify clinical/legal claims.","retained; no new certification","no mutation","",""
"https://www.myglobalhealth.online/spain/de/blog/hautarzt-online-spanien","de","article","sitemap","200","https://www.myglobalhealth.online/spain/de/blog/hautarzt-online-spanien","index, follow","","editorial page role; unmeasured","","0","0","0","0","Hautarzt online: was geht und was nicht · Global Health","Hautarzt online in Spanien: welche Hautprobleme sich per Video oder Foto klären lassen, was einen Praxisbesuch braucht und wie gute Fotos gelingen.","Hautarzt online in Spanien: was sich klären lässt und was in die Praxis gehört","{}","","","0","0","7f4f5220e5a0e28c92d8f7364018536eeb9e5ac5f0950f78e924788109937c03","raw/public-inventory-2026-09-13.json","retain with evidence","Live metadata, canonical and content retained; no demonstrated benefit from rewriting this page. Retention does not certify clinical/legal claims.","retained; no new certification","no mutation","",""
"https://www.myglobalhealth.online/spain/de/blog/hoher-blutdruck-symptome-notruf-spanien","de","article","sitemap","200","https://www.myglobalhealth.online/spain/de/blog/hoher-blutdruck-symptome-notruf-spanien","index, follow","","editorial page role; unmeasured","","0","0","0","0","Hoher Blutdruck: Symptome und wann 112? · Global Health","Welche Symptome bei hohem Blutdruck den Notruf 112 erfordern, wie Sie nachmessen und wann Sie ohne Selbstmedikation hausärztliche Hilfe suchen.","Hoher Blutdruck: Symptome und wann Sie 112 wählen sollten","{}","","","0","0","6c7e9158c9537cc5e76c55b086bcd8e8191c458422c44205d1eaf2a179ce5de4","raw/public-inventory-2026-09-13.json","retain with evidence","Live metadata, canonical and content retained; no demonstrated benefit from rewriting this page. Retention does not certify clinical/legal claims.","retained; no new certification","no mutation","",""
"https://www.myglobalhealth.online/spain/de/blog/krankschreibung-angst-spanien","de","article","sitemap","200","https://www.myglobalhealth.online/spain/de/blog/krankschreibung-angst-spanien","index, follow","","observed GSC query/page; no volume inference","krankschreibung in spanien | krankschreibung spanien | spanien krankmeldung","0","69","0","0","Krankschreibung wegen Angst in Spanien · Global Health","Krankschreibung wegen Angst in Spanien: wer den parte de baja ausstellt, was beurteilt wird und was der Arbeitgeber erfährt.","Krankschreibung wegen Angst in Spanien: wer sie ausstellt und was beurteilt wird","{}","","","0","0","b3a2fe975e066c373d9739366cdec2348480f9e7e74a81c71a6f26d78bf24178","raw/public-inventory-2026-09-13.json","retain with evidence","Live metadata, canonical and content retained; no demonstrated benefit from rewriting this page. Retention does not certify clinical/legal claims.","retained; no new certification","no mutation","",""
"https://www.myglobalhealth.online/spain/de/blog/medical-review-policy","de","article","sitemap","200","https://www.myglobalhealth.online/spain/de/blog/medical-review-policy","index, follow","","editorial page role; unmeasured","","0","0","0","0","Richtlinie zur medizinischen Prüfung — Global Health Spanien","Wie Global Health die für Spanien veröffentlichten Gesundheitsartikel schreibt, prüft und aktualisiert: wer sie verfasst, welche registrierte Ärztin oder welcher registrierte Arzt sie freigibt und welche redaktionellen Standards wir einhalten.","Wie wir medizinische Inhalte schreiben und prüfen","{}","","","0","0","83923ac9acc7ab4a936621cabe46720236de40b7b647ebd5cfedbd222e3368d8","raw/public-inventory-2026-09-13.json","retain with evidence","Live metadata, canonical and content retained; no demonstrated benefit from rewriting this page. Retention does not certify clinical/legal claims.","retained; no new certification","no mutation","",""
"https://www.myglobalhealth.online/spain/de/blog/normaler-blutdruck-tabelle-nach-alter-und-geschlecht-ohne-mythen","de","article","sitemap","200","https://www.myglobalhealth.online/spain/de/blog/normaler-blutdruck-tabelle-nach-alter-und-geschlecht-ohne-mythen","index, follow","","observed GSC query/page; no volume inference","blutdruck frau 40 jahre | blutdruck mann 65 jahre | blutdruck männer tabelle | blutdruck tabelle | blutdruck tabelle nach alter und geschlecht","0","117","0","0","Normaler Blutdruck: Tabelle nach Alter und Geschlecht","Welcher Blutdruck bei Erwachsenen normal ist, warum es keine getrennte Tabelle für Männer und Frauen gibt und wann ärztlicher Rat sinnvoll ist.","Normaler Blutdruck: Tabelle nach Alter und Geschlecht ohne Mythen","{}","","","0","0","b05fb50121fa765324603b82dc4d6ada7d904b25b4163b6ebfc42a0712a84704","raw/public-inventory-2026-09-13.json","retain with evidence","Live metadata, canonical and content retained; no demonstrated benefit from rewriting this page. Retention does not certify clinical/legal claims.","retained; no new certification","no mutation","",""
"https://www.myglobalhealth.online/spain/de/book","de","book","sitemap","200","https://www.myglobalhealth.online/spain/de/book","index, follow","","editorial page role; unmeasured","","0","1","0","1","Buchen Sie Ihre Beratung — Spanien · Global Health","Spanien Arztpraxis. Wählen Sie einen Service, Arzt, Zeit und Patientendaten.","","{}","","","0","0","7fffd24baee803501a62a3b772253fa3e766b69e3594c22a3386708a34f6690a","raw/public-inventory-2026-09-13.json","retain with evidence","Browser: localized H1 and 23 service choices verified in six locales; no paid booking made. Minor English UI labels retained as localization debt.","retained; no new certification","no mutation","",""
"https://www.myglobalhealth.online/spain/de/careers","de","careers","sitemap","200","https://www.myglobalhealth.online/spain/de/careers","index, follow","","editorial page role; unmeasured","","0","1","0","0","Karriere bei Global Health Spanien","Werden Sie Teil von Global Health in Spanien. Wir arbeiten mit zugelassenen Ärzten, klinischem Support und Technologieteams in ganz Europa und Brasilien zusammen. Erfahren Sie, wie Sie sich bewerben können.","Karriere bei Global Health","{}","","","0","0","734ca3b8bf0e378654e6f646986e9e7246dbf0616c6cf9c065638f9352602fe6","raw/public-inventory-2026-09-13.json","retain with evidence","Live metadata, canonical and content retained; no demonstrated benefit from rewriting this page. Retention does not certify clinical/legal claims.","retained; no new certification","no mutation","",""
"https://www.myglobalhealth.online/spain/de/contact","de","contact","sitemap","200","https://www.myglobalhealth.online/spain/de/contact","index, follow","","editorial page role; unmeasured","","0","2","0","2","Kontakt Global Health Spanien | Online-Arzt · Global Health","Kontaktieren Sie Global Health Spanien: +34 692 722 898, info@myglobalhealth.online. Online-Videosprechstunden mit bei Colegio Oficial de Médicos registrierten Ärzten.","Kontakt zu Global Health Spanien","{}","","","0","0","5d07c35334573004d48b80c34fba016df967f01ff94764d0e903def59e35f1dd","raw/public-inventory-2026-09-13.json","retain with evidence","Live metadata, canonical and content retained; no demonstrated benefit from rewriting this page. Retention does not certify clinical/legal claims.","retained; no new certification","no mutation","",""
"https://www.myglobalhealth.online/spain/de/doctors","de","doctors","sitemap","200","https://www.myglobalhealth.online/spain/de/doctors","index, follow","","editorial page role; unmeasured","","0","21","1","18","Ärzte und Fachärzte in Spanien · Global Health","Entdecken Sie 14 online verfügbare Ärzte und Fachärzte in Spanien. Dermatologie, Kardiologie, Psychiatrie, Psychologie, Notfälle und mehr. Buchen Sie noch am selben Tag.","Ärzte, die wirklich abheben.","{}","","","0","0","7d2ea14d35bc24164b7642d38c1194ecdd2fc415c157fdc317845dee666d732a","raw/public-inventory-2026-09-13.json","retain with evidence","Live metadata, canonical and content retained; no demonstrated benefit from rewriting this page. Retention does not certify clinical/legal claims.","retained; no new certification","no mutation","",""
"https://www.myglobalhealth.online/spain/de/doctors/dr-alfredo-del-valle","de","doctor","sitemap","200","https://www.myglobalhealth.online/spain/de/doctors/dr-alfredo-del-valle","index, follow","","editorial page role; unmeasured","","0","1","0","2","Dr Alfredo del Valle - Dermatologe | Global Health","Dr. Alfredo del Valle Moreno Montañez, Facharzt für Dermatologie mit Spezialisierung auf medizinische und ästhetische Dermatologie. Experte für Dermatoonkologie, Hidradenitis suppurativa und Behandlungen mit Botulinumtoxin. Online-Sprechstunde bei Global Health.","Dr. Alfredo del Valle Moreno Montañez","{}","6","0","1","0","a4b2462d81ce85a70f39a1bfe7074bced8e0725da7b9a79ec62837b08137ba79","raw/api/doctors-dr-alfredo-del-valle-DE.json","change","Replace immediate-calendar/same-day boilerplate with current booking checks and recorded consultation languages; preserve existing emergency passage.","clinical review pending","not applied; storage/approval/deployment pending","doctor:dr-alfredo-del-valle",""
"https://www.myglobalhealth.online/spain/de/doctors/dr-eduardo-olivas","de","doctor","sitemap","200","https://www.myglobalhealth.online/spain/de/doctors/dr-eduardo-olivas","index, follow","","editorial page role; unmeasured","","0","0","0","0","Dr Eduardo Olivas - Allgemeinmedizin | Global Health","Dr. Eduardo Rodríguez Olivas, in Spanien zugelassener Allgemeinmediziner (COMIB). Spezialist für Primärversorgung, Innere Medizin und Ästhetische Medizin. Umfangreiche Erfahrung in der Telemedizin. Online-Sprechstunde bei Global Health.","Dr. Eduardo Daniel Rodríguez Olivas","{}","6","0","1","0","0478acfa84d18e345d93dee99b155ecbc5091e3e50c7733f344010be0ff528e6","raw/api/doctors-dr-eduardo-olivas-DE.json","change","Replace immediate-calendar/same-day boilerplate with current booking checks and recorded consultation languages; preserve existing emergency passage.","clinical review pending","not applied; storage/approval/deployment pending","doctor:dr-eduardo-olivas",""
"https://www.myglobalhealth.online/spain/de/doctors/dr-eszter-szilagyi","de","doctor","sitemap","200","https://www.myglobalhealth.online/spain/de/doctors/dr-eszter-szilagyi","index, follow","","editorial page role; unmeasured","","1","4","0","4","Dr Eszter Szilagyi - Kardiovaskuläre Chirurgin","Dr. Eszter Szilágyi, Fachärztin für Herz- und Gefäßchirurgie, in Málaga zugelassen. Ausgebildet in Deutschland und Spanien, mit umfassender Erfahrung in Herzchirurgie und Notfällen. Mehrsprachige Betreuung bei Global Health.","Dra. Eszter Szilágyi","{}","6","0","1","0","436359e33d33516b7a9470550a3ba04c47a73b4bfb58d30d8b8c9f4ee3fb39f7","raw/api/doctors-dr-eszter-szilagyi-DE.json","change","Replace immediate-calendar/same-day boilerplate with current booking checks and recorded consultation languages; preserve existing emergency passage.","clinical review pending","not applied; storage/approval/deployment pending","doctor:dr-eszter-szilagyi",""
"https://www.myglobalhealth.online/spain/de/doctors/dr-fabiana-cornejo","de","doctor","sitemap","200","https://www.myglobalhealth.online/spain/de/doctors/dr-fabiana-cornejo","index, follow","","editorial page role; unmeasured","","0","0","0","0","Dr Fabiana Cornejo - Psychiaterin | Global Health","Dr. Mónica Cornejo Román, konsultierende Fachärztin für Neuropsychopharmakologie. Umfassende Erfahrung in Spanien und Argentinien in Psychopharmakologie, affektiven Störungen und Notfallpsychiatrie. Online-Sprechstunde bei Global Health.","Dra. Mónica Fabiana Cornejo Román","{}","6","0","1","0","6750c2b7b8e9deab8e1dc01a5a361a27339a85a0a1746b84857652e5c2dbc2ef","raw/api/doctors-dr-fabiana-cornejo-DE.json","change","Replace immediate-calendar/same-day boilerplate with current booking checks and recorded consultation languages; preserve existing emergency passage.","clinical review pending","not applied; storage/approval/deployment pending","doctor:dr-fabiana-cornejo",""
"https://www.myglobalhealth.online/spain/de/doctors/dr-fidel-mesa-prado","de","doctor","sitemap","200","https://www.myglobalhealth.online/spain/de/doctors/dr-fidel-mesa-prado","index, follow","","editorial page role; unmeasured","","0","1","0","3","Dr Fidel Mesa Prado - Kardiologe | Global Health","Dr. Fidel Mesa Prado, Facharzt für Kardiologie im Hospital Costa del Sol und Hospiten Estepona. Experte für Herzbildgebung, akutes Koronarsyndrom und fortgeschrittene technische Verfahren. Online-Sprechstunde bei Global Health.","Dr. Fidel Ernesto Mesa Prado","{}","6","0","1","0","7f913b03d4cf763656e6fa97aae9b333598593c87ded5daaf79a379486b6b7d6","raw/api/doctors-dr-fidel-mesa-prado-DE.json","hold","No current open appointment; retain routing and assignments; exact correction candidate prepared, other claims retained pending evidence.","clinical review pending","not applied; storage/approval/deployment pending","doctor:dr-fidel-mesa-prado",""
"https://www.myglobalhealth.online/spain/de/doctors/dr-javier-villarte-betancor","de","doctor","sitemap","200","https://www.myglobalhealth.online/spain/de/doctors/dr-javier-villarte-betancor","index, follow","","editorial page role; unmeasured","","0","0","0","1","Dr Javier Villarte Betancor - Psychologe | Global Health","Javier Villarte Betancor, Gesundheitspsychologe, spezialisiert auf KVT, ACT und DBT. Experte für Angst, Emotionsregulation und die Borderline-Persönlichkeitsstörung. Online-Sprechstunde bei Global Health.","Javier Villarte Betancor","{}","6","0","1","0","705ff634f8076926bc1665b5372e78517994585508149163bd3a1a18dac6e5a7","raw/api/doctors-dr-javier-villarte-betancor-DE.json","change","Replace immediate-calendar/same-day boilerplate with current booking checks and recorded consultation languages; preserve existing emergency passage.","clinical review pending","not applied; storage/approval/deployment pending","doctor:dr-javier-villarte-betancor",""
"https://www.myglobalhealth.online/spain/de/doctors/dr-leandro-wang","de","doctor","sitemap","200","https://www.myglobalhealth.online/spain/de/doctors/dr-leandro-wang","index, follow","","editorial page role; unmeasured","","0","0","0","0","Dr Leandro Wang - Ästhetische/Haarmedizin | Global Health","Dr. Leandro Wang, zugelassener Arzt, Facharzt für Phlebologie, Gefäßgesundheit und ästhetische Medizin. Mehr als 20 Jahre internationale Erfahrung. Persönliche Sprechstunde in Valencia/Girona und online bei Global Health.","Dr. Leandro Wang","{}","6","0","1","0","a97dc997ec3e5c01aba58529e6de2aa0ddac6646a466a1f649174200aad0629b","raw/api/doctors-dr-leandro-wang-DE.json","change","Replace immediate-calendar/same-day boilerplate with current booking checks and recorded consultation languages; preserve existing emergency passage.","clinical review pending","not applied; storage/approval/deployment pending","doctor:dr-leandro-wang",""
"https://www.myglobalhealth.online/spain/de/doctors/dr-luz-marina-zuluaga-rios","de","doctor","sitemap","200","https://www.myglobalhealth.online/spain/de/doctors/dr-luz-marina-zuluaga-rios","index, follow","","editorial page role; unmeasured","","0","1","0","0","Dr Luz Marina Zuluaga Rios - Allgemeinmedizin","Dr. Luz Marina Zuluaga Ríos, Spezialistin für periphere Gefäßerkrankungen, diabetischen Fuß und kardiopulmonale Rehabilitation. Umfangreiche internationale klinische Erfahrung. Online-Sprechstunde bei Global Health.","Dra. Luz Marina Zuluaga Ríos","{}","6","0","1","0","84290feda841cdb53ecd3bbb7123c6472cb11b841f82a558c78c3d81839cd77a","raw/api/doctors-dr-luz-marina-zuluaga-rios-DE.json","hold","Current exercise status discrepancy; exact correction candidate prepared, other claims retained pending evidence.","clinical review pending","not applied; storage/approval/deployment pending","doctor:dr-luz-marina-zuluaga-rios",""
"https://www.myglobalhealth.online/spain/de/doctors/dr-maria-fernanda-ocampo-mora","de","doctor","sitemap","200","https://www.myglobalhealth.online/spain/de/doctors/dr-maria-fernanda-ocampo-mora","index, follow","","editorial page role; unmeasured","","0","3","0","1","Dr Maria Fernanda Ocampo Mora - Allgemeinmedizin","Dr. María Fernanda Ocampo Mora, Spezialistin für Notfallmedizin, Allgemeinmedizin und Ästhetische Medizin. Umfangreiche Erfahrung in Spanien und Kolumbien. Online-Sprechstunde bei Global Health.","Dra. María Fernanda Ocampo Mora","{}","6","0","1","0","a8316431ba80e1a031e7a0c6c50cd43104834c137f94c442a200e2ccd2b65ff4","raw/api/doctors-dr-maria-fernanda-ocampo-mora-DE.json","change","Replace immediate-calendar/same-day boilerplate with current booking checks and recorded consultation languages; preserve existing emergency passage.","clinical review pending","not applied; storage/approval/deployment pending","doctor:dr-maria-fernanda-ocampo-mora",""
"https://www.myglobalhealth.online/spain/de/doctors/dr-romulo-brito","de","doctor","sitemap","200","https://www.myglobalhealth.online/spain/de/doctors/dr-romulo-brito","index, follow","","editorial page role; unmeasured","","0","1","0","0","Dr Romulo Brito - Allgemeinmedizin | Global Health","Dr. Rómulo Brito González, Facharzt für Notfall- und Akutmedizin mit mehr als 10 Jahren internationaler Erfahrung. Oberarzt im Hospital Can Misses, Ibiza. Online-Konsultation bei Global Health.","Dr. Rómulo Andrés Brito González","{}","6","0","1","0","13d21870f9f93ff080067cd0e80e36a47ecb960184bd2e1722ec0620a05832f5","raw/api/doctors-dr-romulo-brito-DE.json","change","Replace immediate-calendar/same-day boilerplate with current booking checks and recorded consultation languages; preserve existing emergency passage.","clinical review pending","not applied; storage/approval/deployment pending","doctor:dr-romulo-brito",""
"https://www.myglobalhealth.online/spain/de/doctors/dr-silvina-irale","de","doctor","sitemap","200","https://www.myglobalhealth.online/spain/de/doctors/dr-silvina-irale","index, follow","","editorial page role; unmeasured","","0","2","0","0","Dr Silvina Irale - Pädiatrische Primärversorgung","Dr. María Silvina Irale Tunkiewicz, Fachärztin für Pädiatrie mit mehr als 20 Jahren Erfahrung. Master in Ästhetischer und Anti-Aging-Medizin. Online-Sprechstunde bei Global Health.","Dra. María Silvina Irale Tunkiewicz","{}","6","0","1","0","ce9ccc48cf421089def39c9a05a9d34803cf3aef8f3579937058291076ef33fa","raw/api/doctors-dr-silvina-irale-DE.json","change","Replace immediate-calendar/same-day boilerplate with current booking checks and recorded consultation languages; preserve existing emergency passage.","clinical review pending","not applied; storage/approval/deployment pending","doctor:dr-silvina-irale",""
"https://www.myglobalhealth.online/spain/de/doctors/dr-syed-tahir","de","doctor","sitemap","200","https://www.myglobalhealth.online/spain/de/doctors/dr-syed-tahir","index, follow","","editorial page role; unmeasured","","0","0","0","6","Dr Syed Tahir - Allgemeinmedizin | Global Health","Dr. Syed Tahir, Allgemeinmediziner mit Spezialisierung auf öffentliche Gesundheit und Epidemiologie. Ausgebildet in Kuba und den Niederlanden, mit internationaler Erfahrung in der medizinischen Forschung. Online-Sprechstunde bei Global Health.","Dr. Syed Tahir","{}","6","0","1","0","b20aeb4bb508121654bee2c6d54f6e2e5a55695683d5efd05b2ae7baac3f2c4c","raw/api/doctors-dr-syed-tahir-DE.json","change","Replace immediate-calendar/same-day boilerplate with current booking checks and recorded consultation languages; preserve existing emergency passage.","clinical review pending","not applied; storage/approval/deployment pending","doctor:dr-syed-tahir",""
"https://www.myglobalhealth.online/spain/de/doctors/dr-tomas-ruiz-palacios","de","doctor","sitemap","200","https://www.myglobalhealth.online/spain/de/doctors/dr-tomas-ruiz-palacios","index, follow","","editorial page role; unmeasured","","0","0","0","2","Dr Tomas Ruiz Palacios - Psychologe | Global Health","Tomás Ruiz Palacios, Psychologe im Gesundheitswesen, spezialisiert auf kognitiv-verhaltenstherapeutische und systemisch-relationale Therapie. Betreuung auf Spanisch und Italienisch. Online-Sprechstunde bei Global Health.","Tomás Ruiz Palacios","{}","6","0","1","0","36de28746fecbab7cebd43ecbe9ae96248165214477c3455ec290bb9c3aff0a6","raw/api/doctors-dr-tomas-ruiz-palacios-DE.json","hold","Official registration not independently verified; exact correction candidate prepared, other claims retained pending evidence.","clinical review pending","not applied; storage/approval/deployment pending","doctor:dr-tomas-ruiz-palacios",""
"https://www.myglobalhealth.online/spain/de/gp-consultation-online","de","gp-consultation-online","sitemap","200","https://www.myglobalhealth.online/spain/de/gp-consultation-online","index, follow","","observed GSC query/page; no volume inference","husten und schnupfen","0","9","0","8","Online-Hausarztkonsultation in Spanien | Global Health","Online-Hausarztkonsultationen mit Ärzten, die bei Organización Médica Colegial (colegios de médicos) registriert sind.","Online-Hausarztkonsultation in Spanien","{}","","","0","0","f3d2f85a294a3941472825e4ec129874aecc2998a63d9148ef2dc98f2ee144d1","raw/public-inventory-2026-09-13.json","retain with evidence","Live metadata, canonical and content retained; no demonstrated benefit from rewriting this page. Retention does not certify clinical/legal claims.","retained; no new certification","no mutation","",""
"https://www.myglobalhealth.online/spain/de/legal","de","legal","sitemap","200","https://www.myglobalhealth.online/spain/de/legal","index, follow","","editorial page role; unmeasured","","0","0","0","0","Rechtliche Informationen. · Spanien · Global Health","Rechtliche Dokumente, Handelsregistereintrag und regulatorische Angaben für Global Health in Spanien.","Rechtliche Informationen.","{}","","","0","0","f88afea8c72e26a0a24a83e940437671da66b06d193ba746b71956f581993ac9","raw/public-inventory-2026-09-13.json","retain with evidence","Legal body retained; actual status/canonical/robots recorded. No legal certification or new translation.","retained; no new certification","no mutation","",""
"https://www.myglobalhealth.online/spain/de/legal/complaints-procedure","de","legal","sitemap","200","https://www.myglobalhealth.online/spain/de/legal/complaints-procedure","index, follow","","editorial page role; unmeasured","","0","2","0","2","Beschwerdeverfahren · Spanien · Global Health","Beschwerdeverfahren. Rechtliche Dokumente, Handelsregistereintrag und regulatorische Angaben für Global Health in Spanien.","Beschwerdeverfahren","{}","","","0","0","13d9fcad1339809469a596ec0c21f50003864f8bdff7d3d4964b7046b93f95cf","raw/public-inventory-2026-09-13.json","retain with evidence","Legal body retained; actual status/canonical/robots recorded. No legal certification or new translation.","retained; no new certification","no mutation","",""
"https://www.myglobalhealth.online/spain/de/legal/cookie-policy","de","legal","internal link","200","https://www.myglobalhealth.online/spain/de/legal/cookie-policy","noindex, follow","","editorial page role; unmeasured","","0","0","0","0","Cookie Policy · Spanien · Global Health","Cookie Policy. Rechtliche Dokumente, Handelsregistereintrag und regulatorische Angaben für Global Health in Spanien.","Cookie Policy","{}","","","0","0","68aab028e98a641a60344b41fd6b617121a97e28e44d350b4874761d6377e990","raw/public-inventory-2026-09-13.json","retain with evidence","Legal body retained; actual status/canonical/robots recorded. No legal certification or new translation.","retained; no new certification","no mutation","",""
"https://www.myglobalhealth.online/spain/de/legal/medical-disclaimer","de","legal","internal link","200","https://www.myglobalhealth.online/spain/de/legal/medical-disclaimer","noindex, follow","","editorial page role; unmeasured","","0","0","0","0","Aviso Médico · Spanien · Global Health","Aviso Médico. Rechtliche Dokumente, Handelsregistereintrag und regulatorische Angaben für Global Health in Spanien.","Aviso Médico","{}","","","0","0","7dea9889dc509b63afb8abcb11388dc782028b4a5183ed7843f6cba7205a98e4","raw/public-inventory-2026-09-13.json","retain with evidence","Legal body retained; actual status/canonical/robots recorded. No legal certification or new translation.","retained; no new certification","no mutation","",""
"https://www.myglobalhealth.online/spain/de/legal/privacy-policy","de","legal","sitemap","200","https://www.myglobalhealth.online/spain/de/legal/privacy-policy","index, follow","","editorial page role; unmeasured","","0","0","0","0","Datenschutzerklärung · Spanien · Global Health","Datenschutzerklärung. Rechtliche Dokumente, Handelsregistereintrag und regulatorische Angaben für Global Health in Spanien.","Datenschutzerklärung","{}","","","0","0","518a75e1c45e20ff7d53d07849dc2b01afb5a5dc533c40b686537dd9090fd7be","raw/public-inventory-2026-09-13.json","retain with evidence","Legal body retained; actual status/canonical/robots recorded. No legal certification or new translation.","retained; no new certification","no mutation","",""
"https://www.myglobalhealth.online/spain/de/legal/refund-policy","de","legal","sitemap","200","https://www.myglobalhealth.online/spain/de/legal/refund-policy","index, follow","","editorial page role; unmeasured","","0","0","0","0","Erstattungsrichtlinie · Spanien · Global Health","Erstattungsrichtlinie. Rechtliche Dokumente, Handelsregistereintrag und regulatorische Angaben für Global Health in Spanien.","Erstattungsrichtlinie","{}","","","0","0","1e5613e97fb49d6fe30e05a298b06953a1a22326cc73062ab6f8fec517ac60e7","raw/public-inventory-2026-09-13.json","retain with evidence","Legal body retained; actual status/canonical/robots recorded. No legal certification or new translation.","retained; no new certification","no mutation","",""
"https://www.myglobalhealth.online/spain/de/legal/terms-of-service","de","legal","sitemap","200","https://www.myglobalhealth.online/spain/de/legal/terms-of-service","index, follow","","editorial page role; unmeasured","","0","0","0","0","Allgemeine Geschäftsbedingungen · Spanien · Global Health","Allgemeine Geschäftsbedingungen. Rechtliche Dokumente, Handelsregistereintrag und regulatorische Angaben für Global Health in Spanien.","Allgemeine Geschäftsbedingungen","{}","","","0","0","d49cae0b896fcb0a89f13c268747f8cc6a7d5881ed1ca838f00440c182498456","raw/public-inventory-2026-09-13.json","retain with evidence","Legal body retained; actual status/canonical/robots recorded. No legal certification or new translation.","retained; no new certification","no mutation","",""
"https://www.myglobalhealth.online/spain/de/press","de","press","sitemap","200","https://www.myglobalhealth.online/spain/de/press","index, follow","","editorial page role; unmeasured","","0","0","0","0","Presse & Medien — Global Health Spanien","Presseinformationen zu Global Health in Spanien: Wer den Dienst betreibt, wie er reguliert ist, welche Märkte wir bedienen und wie Sie unsere Pressekontakte erreichen.","Presse & Medien","{}","","","0","0","a83abbcbf4beed2cfc6682380c7f77b8ba05898b3c30c435f914511f81e1efa3","raw/public-inventory-2026-09-13.json","retain with evidence","Live metadata, canonical and content retained; no demonstrated benefit from rewriting this page. Retention does not certify clinical/legal claims.","retained; no new certification","no mutation","",""
"https://www.myglobalhealth.online/spain/de/pricing","de","pricing","sitemap","200","https://www.myglobalhealth.online/spain/de/pricing","index, follow","","editorial page role; unmeasured","","0","0","0","0","Wählen Sie Ihren Monatstarif · Spanien · Global Health","Monatliche hausärztliche Online-Versorgung mit Beratungsguthaben und Facharzt-Ersparnissen, abgestimmt auf Spanien.","Versorgung, die sich erneuert mit Ihnen","{}","","","0","0","9f1b49c7934a02df46e0a904d57bbefac6b32d2d4d6fb70324a072cd0e7c866a","raw/public-inventory-2026-09-13.json","retain with evidence","Live metadata, canonical and content retained; no demonstrated benefit from rewriting this page. Retention does not certify clinical/legal claims.","retained; no new certification","no mutation","",""
"https://www.myglobalhealth.online/spain/de/see-a-specialist","de","see-a-specialist","sitemap","200","https://www.myglobalhealth.online/spain/de/see-a-specialist","index, follow","","editorial page role; unmeasured","","0","0","0","0","Fachärztliche Versorgung passend zu einem aktiven Angebot · Spain","Global Health führt die derzeit in Spain verfügbaren fachärztlichen Online-Sprechstunden auf. Die Verfügbarkeit hängt von Leistung, Fachkraft und Terminplan ab. Manche Anliegen erfordern eine Untersuchung vor Ort oder eine andere Versorgungsform.","Lernen Sie unsere zugelassenen Spezialisten kennen.","{}","","","0","0","cc94272c7c6b96c124fdd7298311de81d43f08a9ec7037b25754b9e36b6aaa05","raw/public-inventory-2026-09-13.json","retain with evidence","Live metadata, canonical and content retained; no demonstrated benefit from rewriting this page. Retention does not certify clinical/legal claims.","retained; no new certification","no mutation","",""
"https://www.myglobalhealth.online/spain/de/services/caida-cabello-online","de","service","sitemap","200","https://www.myglobalhealth.online/spain/de/services/caida-cabello-online","index, follow","","editorial page role; unmeasured","","0","1","0","3","Haarausfall Online Spanien | Medizinische Bewertung | Hausarzt","Haarausfall oder dünner werdendes Haar? Unsere approbierten Hausärzte beurteilen die medizinische Ursache Ihres Haarausfalls und beraten zu evidenzbasierter Behandlung. Am selben Tag in Spanien.","Haarausfall — Medizinische Online-Bewertung am selben Tag","{}","8","0","0","0","8d5257ed9133868cdbaebd14216a129347e95b3b8f6496bb405aeafc275f3d48","raw/public-inventory-2026-09-13.json","hold","Live metadata, canonical and content retained; no demonstrated benefit from rewriting this page. Retention does not certify clinical/legal claims. Luz: CGCOM alta sin ejercicio; operations clarification required; confirm lawful current exercise before promoting affected care.","retained; no new certification","no mutation","",""
"https://www.myglobalhealth.online/spain/de/services/cardiologo-online","de","service","sitemap","200","https://www.myglobalhealth.online/spain/de/services/cardiologo-online","index, follow","","observed GSC query/page; no volume inference","kardiologe englisch","0","1","0","6","Online-Kardiologe Spanien | Fachärztliche kardiologische Beratung | Am selben Tag","Palpitationen, EKG-Bewertung, Bluthochdruck oder ein anderes kardiologisches Anliegen. Unsere Fachkardiologen bieten Bewertungen per Videoanruf mit Befundbesprechung an. Am selben Tag in Spanien.","Kardiologie-Spezialist — Online-Kardiologiekonsultation","{""seoTitle"":""Online-Kardiologe Spanien | Fachärztliche kardiologische Beratung""}","9","0","0","0","0650e84cdfa5830b003adb315ff01b117d94a12b65b89433bf512feb936399c8","raw/api/services-cardiologo-online-DE.json","hold","No current open appointment; retain routing and assignments; exact correction candidate prepared, other claims retained pending evidence. No current open appointment; operations must resolve supply without changing credentials.","clinical review pending","not applied; storage/approval/deployment pending","service:cardiologo-online",""
"https://www.myglobalhealth.online/spain/de/services/consulta-diagnotico-vascular","de","service","internal link","200","https://www.myglobalhealth.online/spain/de/services/consulta-diagnotico-vascular","noindex, follow","","editorial page role; unmeasured","","0","0","0","0","Gefäßdiagnostik-Sprechstunde · Global Health","Learn about Gefäßdiagnostik-Sprechstunde and book a consultation.","Diagnóstico Vascular Especialista — Revisión de Pruebas Online","{""heroDescription"":""Wählen Sie einen verfügbaren Termin und prüfen Sie vor der Buchung den Preis. Beratungssprachen: Spanisch. Die Sprache dieser Seite bestimmt nicht die Sprache der Beratung. Halten Sie Ihre Befunde und eine Liste Ihrer aktuellen Medikamente bereit. Prüfen Sie die aktuellen Termine; die Verfügbarkeit kann sich ändern.""}","0","0","0","3","b2dabf2fae8d5a94ae9174d53e9e23bd1feea4ef6939e74ae98ab5d7513f902e","raw/api/services-consulta-diagnotico-vascular-DE.json","hold","Specialist scope unresolved: CGCOM lists assigned doctor as Médico General; exact correction candidate prepared, other claims retained pending evidence. Non-ES record stores no body and renders the ES body; body localization held with the service. Clinical source and native-language review required.","clinical review pending","not applied; storage/approval/deployment pending","service:consulta-diagnotico-vascular",""
"https://www.myglobalhealth.online/spain/de/services/consulta-flebologia-y-linfologia","de","service","internal link","200","https://www.myglobalhealth.online/spain/de/services/consulta-flebologia-y-linfologia","noindex, follow","","editorial page role; unmeasured","","0","4","0","5","Online-Sprechstunde Phlebologie und Lymphologie","Learn about Online-Sprechstunde Phlebologie und Lymphologie and book a consultation.","Flebología y Linfología Especialista — Consulta Online","{""heroDescription"":""Wählen Sie einen verfügbaren Termin und prüfen Sie vor der Buchung den Preis. Beratungssprachen: Spanisch. Die Sprache dieser Seite bestimmt nicht die Sprache der Beratung. Halten Sie Ihre Befunde und eine Liste Ihrer aktuellen Medikamente bereit. Prüfen Sie die aktuellen Termine; die Verfügbarkeit kann sich ändern.""}","0","0","0","3","dba7e7dcf7ae6cdfcd07c801e55289336b354b7312d77c844fecaa15bf926e0b","raw/api/services-consulta-flebologia-y-linfologia-DE.json","hold","Specialist scope unresolved: CGCOM lists assigned doctor as Médico General; exact correction candidate prepared, other claims retained pending evidence. Non-ES record stores no body and renders the ES body; body localization held with the service. Clinical source and native-language review required.","clinical review pending","not applied; storage/approval/deployment pending","service:consulta-flebologia-y-linfologia",""
"https://www.myglobalhealth.online/spain/de/services/consulta-medica-online","de","service","sitemap","200","https://www.myglobalhealth.online/spain/de/services/consulta-medica-online","index, follow","","editorial page role; unmeasured","","0","31","0","35","Online-Arzt Spanien | Ohne Wartezeit | Konsultation am selben Tag","Brauchst du heute einen Arzt zu sehen? In Spanien zugelassene Ärzte bieten Konsultationen per sicherer Videotelefonie an. Ohne vorherige Registrierung, ohne Wartezimmer. Klinische Dokumentation wird noch am selben Tag in ganz Spanien ausgestellt.","Online-Arzt — Private ärztliche Beratung am selben Tag","{""seoTitle"":""Online-Arztberatung in Spanien | Global Health"",""seoDescription"":""Sprechen Sie per Video mit einem Arzt für allgemeine medizinische Anliegen. Prüfen Sie Beratungssprache, Preis und verfügbare Termine vor der Buchung."",""heroTitle"":""Online-Arztberatung in Spanien""}","8","0","0","0","6bee0b0c81929e40b96ac2a0e90ca0e2815e88c031553cc81318b4eb0a7e796a","raw/api/services-consulta-medica-online-DE.json","hold","Assigned clinician Luz: current exercise status discrepancy; operations clarification required; exact correction candidate prepared, other claims retained pending evidence. Luz: CGCOM alta sin ejercicio; operations clarification required; confirm lawful current exercise before promoting affected care.","clinical review pending","not applied; storage/approval/deployment pending","service:consulta-medica-online",""
"https://www.myglobalhealth.online/spain/de/services/consulta-online-medicina-estetica","de","service","internal link","200","https://www.myglobalhealth.online/spain/de/services/consulta-online-medicina-estetica","noindex, follow","","editorial page role; unmeasured","","0","2","0","0","Online-Beratung Ästhetische Medizin · Global Health","Learn about Online-Beratung Ästhetische Medizin and book a consultation.","Medicina Estética Online — Valoración Médica Independiente","{""seoTitle"":""Ästhetische Medizin online Spanien | Unabhängige Beurteilung"",""seoDescription"":""Ästhetische Medizin online mit in Spanien zugelassener Ärztin. Unabhängige Beurteilung: Indikation, realistische Erwartungen, Risiken, schriftlicher Plan."",""heroTitle"":""Ästhetische Medizin online — Unabhängige ärztliche Beurteilung"",""heroDescription"":""Wählen Sie einen verfügbaren Termin und prüfen Sie vor der Buchung den Preis. Beratungssprachen: Spanisch. Die Sprache dieser Seite bestimmt nicht die Sprache der Beratung. Halten Sie Ihre Befunde und eine Liste Ihrer aktuellen Medikamente bereit. Prüfen Sie die aktuellen Termine; die Verfügbarkeit kann sich ändern."",""detailBody"":""<h2>Für wen dieser Service gedacht ist</h2><p>Diese Online-Beratung zur ästhetischen Medizin ist geeignet für Erwachsene, die Folgendes wünschen:</p><ul><li>Eine ärztliche Beurteilung, bevor sie eine Behandlung buchen — Botulinumtoxin, Hyaluronsäure-Filler, chemische Peelings, Laser, Mesotherapie, Fadenlifting oder Radiofrequenz</li><li>Klarheit darüber, was in ihrem Fall realistisch ist und was nicht, bevor sie für einen Eingriff bezahlen</li><li>Eine unabhängige Zweitmeinung zu einem Behandlungsplan oder Kostenvoranschlag einer anderen Einrichtung</li><li>Orientierung bei einem Hautanliegen mit ästhetischer Komponente — Falten, erschlaffte Haut, Pigmentflecken, vergrößerte Poren, unregelmäßige Hautstruktur, Aknespuren oder Rötungen</li><li>Einen Pflegeplan für zu Hause mit Wirkstoffen nachgewiesener Wirksamkeit, vor einem Eingriff oder anstelle eines Eingriffs</li><li>Eine Verlaufskontrolle nach einer kürzlich erfolgten ästhetischen Behandlung, wenn keine Anzeichen einer dringlichen Komplikation vorliegen</li><li>Klarheit darüber, worauf sie bei einer Klinik für ästhetische Medizin achten sollten: wer den Eingriff durchführt, mit welchem Produkt und mit welcher Einwilligungserklärung</li><li>Internationale Einwohner und Expats, die eine Beurteilung auf Spanisch bevorzugen</li></ul><h2>Was dieser Service ist — und was nicht</h2><p>Diese Beratung umfasst:</p><ul><li>Ärztliche Beurteilung der Indikation: welche Behandlung zu welchem Problem passt und in welcher Reihenfolge</li><li>Realistische Erwartungen — welche Veränderung erreichbar ist, in wie vielen Sitzungen und wie lange sie anhält</li><li>Risiken, Kontraindikationen und Wechselwirkungen mit Ihrer Krankengeschichte und Ihren aktuellen Medikamenten</li><li>Hautpflegeplan mit topischen Wirkstoffen und Sonnenschutz</li><li>Zweitmeinung zu einem Plan oder Kostenvoranschlag einer anderen Einrichtung</li><li>Nicht dringliche Verlaufskontrolle nach einer Behandlung</li><li>Koordinierte Überweisung an die Dermatologie oder zu einer Beurteilung vor Ort, wenn angezeigt</li></ul><p>Dieser Service umfasst nicht:</p><ul><li>Die Durchführung des Eingriffs. Keine Injektion, keine Laserbehandlung und kein Peeling kann per Videoverbindung erfolgen: Die Beratung plant die Behandlung, führt sie aber nicht durch</li><li>Dringliche Komplikationen nach einer Injektion. Starke, unverhältnismäßige Schmerzen, eine blasse oder bläulich-violette Verfärbung der Haut sowie Sehverlust oder verschwommenes Sehen nach einer Filler-Behandlung sind medizinische Notfälle: Suchen Sie sofort die Notaufnahme auf oder rufen Sie die 112 an</li><li>Anzeichen einer Infektion nach einem Eingriff — Fieber, lokale Überwärmung, Eiterabsonderung oder zunehmende Entzündung —, die noch am selben Tag eine Beurteilung vor Ort erfordern</li><li>Plastische Chirurgie. Die Beurteilung eines chirurgischen Eingriffs ist Aufgabe der plastischen Chirurgie vor Ort</li><li>Verdächtige Hautläsionen. Ein Muttermal, das sich verändert, blutet oder juckt, benötigt eine Dermatoskopie vor Ort; die Beratung gibt Ihnen Orientierung und koordiniert die Überweisung</li></ul><h2>Typischerweise beurteilte Anliegen</h2><ul><li>Dynamische Mimikfalten — Zornesfalte, Stirn und Augenpartie</li><li>Volumenverlust und leichte bis mäßige Erschlaffung des Gesichts</li><li>Hyperpigmentierung: Melasma, Sonnenflecken (Lentigines solares) und postinflammatorische Pigmentflecken</li><li>Folgen von Akne — Aknespuren, atrophe Narben und unregelmäßige Hautstruktur</li><li>Anhaltende Rötungen und Rosazea mit ästhetischer Beeinträchtigung</li><li>Augenringe und Tränenrinne</li><li>Fahle Haut, vergrößerte Poren und Lichtalterung der Haut</li><li>Hyperhidrose der Achseln oder Handflächen</li><li>Unbefriedigende Ergebnisse oder Asymmetrien nach einer früheren Behandlung</li></ul><h2>Was die Beratung umfasst</h2><p><strong>Beurteilung per sicherer Videoverbindung</strong></p><p>Die Beratung findet per verschlüsselter Videoverbindung statt. Sie können vor dem Termin gut ausgeleuchtete Fotos der betroffenen Region senden, ebenso Befunde oder Kostenvoranschläge anderer Einrichtungen.</p><p><strong>Krankengeschichte und Sicherheit</strong></p><p>Besprochen werden relevante Vorerkrankungen, aktuelle Medikamente, Allergien, frühere ästhetische Behandlungen und Ihre Ziele. Viele Kontraindikationen in der ästhetischen Medizin — Schwangerschaft und Stillzeit, aktive Autoimmunerkrankung, Behandlung mit Gerinnungshemmern, aktive Hautinfektion, wiederkehrender Lippenherpes oder eine kürzlich erfolgte Behandlung mit Isotretinoin — zeigen sich erst in einer sorgfältig und mit ausreichend Zeit erhobenen Krankengeschichte.</p><p><strong>Schriftlicher Plan</strong></p><p>Nach der Beratung erhalten Sie einen schriftlichen Plan: welche Behandlung angezeigt ist, in welcher Reihenfolge, welche weniger invasive Alternative es gibt, welches Ergebnis zu erwarten ist und auf welche Warnzeichen Sie achten sollten, falls Sie sich letztlich behandeln lassen.</p><p><strong>Verordnung, wenn angezeigt</strong></p><p>Die Verordnung einer topischen oder systemischen Behandlung ist eine klinische Entscheidung und erfolgt nur, wenn sie nach der Beurteilung angemessen ist.</p><p><strong>Koordinierte Überweisung</strong></p><p>Gehört der Fall in die Dermatologie, die plastische Chirurgie oder zu einer Beurteilung vor Ort, sagt Ihnen die Ärztin dies klar und koordiniert die Überweisung mit dem vollständigen Bericht.</p><h2>Vor der Behandlung: Worauf Sie achten sollten</h2><p>Ästhetische Medizin ist eine ärztliche Tätigkeit. Vor jedem Eingriff sollten Sie Folgendes prüfen:</p><ul><li>Wer die Behandlung durchführt und mit welcher Qualifikation — die Injektion von Botulinumtoxin und Fillern ist eine ärztliche Tätigkeit</li><li>Welches Produkt genau verwendet wird, mit welcher CE-Kennzeichnung und in welcher Menge</li><li>Dass eine schriftliche Einwilligungserklärung mit Risiken und Alternativen vorliegt</li><li>Welches Vorgehen die Einrichtung bei Komplikationen hat und wer außerhalb der Sprechzeiten erreichbar ist</li><li>Was im Preis enthalten ist: Anzahl der Sitzungen, Nachkontrolle und Nachkorrektur</li></ul><h2>Ästhetische Medizin in Spanien — das Zugangsproblem</h2><p>In Spanien wird die erste ästhetische Beurteilung meist kostenlos in derselben Einrichtung angeboten, die anschließend die Behandlung verkauft. Diese Beurteilung hat ihren Wert, ist aber nicht unabhängig: Wer sie durchführt, hat ein direktes wirtschaftliches Interesse an dem empfohlenen Eingriff.</p><p>Das Ergebnis ist absehbar — Behandlungen, die Patientinnen und Patienten ohne Bedarf empfohlen werden, falsch eingeschätzte Erwartungen und Kostenvoranschläge, die sich zwischen Kliniken nicht vergleichen lassen, weil jede ihre Leistungen unter anderen Handelsnamen beschreibt.</p><p>Diese Beratung soll genau diese Lücke schließen: eine ärztliche Beurteilung, die die Patientin oder der Patient selbst bezahlt und bei der keine Behandlung verkauft wird, von überall in Spanien verfügbar, auf Spanisch.</p>""}","0","0","0","3","fad08385f23de525541834392be8e19610a62bdca1897f3809d0de38021ca642","raw/api/services-consulta-online-medicina-estetica-DE.json","change","No native or embedded FAQs; answer procedure limits, preparation and actual language. New ES base and translations in existing locales; no new URL. heroDescription: unsupported consultation language corrected against assigned doctor. Longer Spanish clinical body in non-ES records remains a separate localization hold. detailBody: unsupported consultation language corrected against assigned doctor. Longer Spanish clinical body in non-ES records remains a separate localization hold. Non-ES record stores no body and renders the ES body; localized title, description, H1 and body candidate prepared from the corrected ES source. Clinical and native-language review required.","clinical review pending","not applied; storage/approval/deployment pending","service:consulta-online-medicina-estetica",""
"https://www.myglobalhealth.online/spain/de/services/consulta-piel-online","de","service","sitemap","200","https://www.myglobalhealth.online/spain/de/services/consulta-piel-online","index, follow","","editorial page role; unmeasured","","0","0","0","1","Online-Hautberatung Spanien | Hausarzt | Am selben Tag","Ausschlag, Ekzem, Akne oder ein anderes Hautproblem. Unsere zugelassenen Hausärzte bewerten Hauterkrankungen per sicherer Videotelefonie. Klinische Beurteilung noch am selben Tag in Spanien.","Hautberatung — Klinische Bewertung mit Hausarzt Online","{""seoTitle"":""Online-Hautberatung Spanien | Hausarzt""}","10","0","0","0","eb099006a47c4c86dd5ddfcb8eaf5135fe527270a87d62284159ae5aa84319c9","raw/api/services-consulta-piel-online-DE.json","hold","Assigned clinician Luz: current exercise status discrepancy; operations clarification required; exact correction candidate prepared, other claims retained pending evidence. Luz: CGCOM alta sin ejercicio; operations clarification required; confirm lawful current exercise before promoting affected care.","clinical review pending","not applied; storage/approval/deployment pending","service:consulta-piel-online",""
"https://www.myglobalhealth.online/spain/de/services/consulta-salud-vascular-circulatoria","de","service","internal link","200","https://www.myglobalhealth.online/spain/de/services/consulta-salud-vascular-circulatoria","noindex, follow","","editorial page role; unmeasured","","0","0","0","0","Gefäß-/Kreislaufgesundheitsberatung · Global Health","Learn about Gefäß-/Kreislaufgesundheitsberatung and book a consultation.","Salud Vascular y Circulatoria Online — Consulta Médica","{""seoTitle"":""Gefäß- und Kreislaufgesundheit online Spanien | Arztberatung"",""seoDescription"":""Schwere Beine, Krampfadern, Schwellungen, Krämpfe: ärztliche Online-Beurteilung in Spanien mit Befundprüfung, Doppler-Anforderung, Plan."",""heroTitle"":""Gefäß- und Kreislaufgesundheit online — Ärztliche Beratung"",""heroDescription"":""Wählen Sie einen verfügbaren Termin und prüfen Sie vor der Buchung den Preis. Beratungssprachen: Spanisch, Englisch, Ungarisch, Deutsch. Die Sprache dieser Seite bestimmt nicht die Sprache der Beratung. Halten Sie Ihre Befunde und eine Liste Ihrer aktuellen Medikamente bereit. Prüfen Sie die aktuellen Termine; die Verfügbarkeit kann sich ändern."",""detailBody"":""<h2>Für wen dieser Service gedacht ist</h2><p>Diese Beratung zur Gefäß- und Kreislaufgesundheit ist geeignet für Erwachsene mit:</p><ul><li>Einem Gefühl schwerer oder müder Beine, vor allem am Ende des Tages oder nach vielen Stunden im Stehen</li><li>Sichtbaren Krampfadern, Besenreisern oder retikulären Venen, die mit der Zeit zunehmen</li><li>Abendlichen Knöchelschwellungen, die sich beim Hochlegen der Beine bessern</li><li>Nächtlichen Beinkrämpfen, Juckreiz oder Unruhe in den Beinen mit venösem Beschwerdebild</li><li>Hautverfärbungen am Bein: ockerbraune Flecken, Verhärtung oder Ekzem am Knöchel</li><li>Venenerkrankungen in der Familie und Fragen dazu, welche Vorbeugung sinnvoll ist</li><li>Einer eigenen früheren Venenthrombose und Fragen zur aktuellen Nachsorge</li><li>Kardiovaskulären Risikofaktoren — Rauchen, Diabetes, Bluthochdruck, Fettstoffwechselstörung, Übergewicht, Bewegungsmangel — und bisher keiner Gefäßuntersuchung</li><li>Wadenschmerzen beim Gehen, die in Ruhe nachlassen, zur Orientierung für die Abklärung der Arterien</li><li>Einer Tätigkeit mit venösem Risiko (langes Stehen, dauerhaftes Sitzen, häufige lange Reisen) und dem Bedarf an einem Vorbeugungsplan</li><li>Internationalen Einwohnern und Expats, die eine gefäßmedizinische Betreuung auf Spanisch, Englisch, Ungarisch oder Deutsch benötigen</li></ul><h2>Was dieser Service ist — und was nicht</h2><p>Diese Beratung umfasst:</p><ul><li>Klinische Beurteilung nicht dringlicher venöser Beschwerden und Kreislaufbeschwerden</li><li>Prüfung und Auswertung bereits vorhandener Untersuchungen: Doppler-Ultraschall, Knöchel-Arm-Index, Laborwerte</li><li>Einschätzung des kardiovaskulären Gesamtrisikos und ein Plan, um es zu senken</li><li>Anforderung eines venösen oder arteriellen Doppler-Ultraschalls und von Laboruntersuchungen, wenn klinisch angezeigt</li><li>Indikation einer Kompressionstherapie: Art des Strumpfs, Kompressionsklasse und richtige Anwendung</li><li>Evidenzbasierte konservative Maßnahmen — Bewegung, Gewichtskontrolle, Hochlagern, gesunde Körperhaltung</li><li>Koordinierte Überweisung an Phlebologie, Angiologie oder Gefäßchirurgie, wenn angezeigt</li></ul><p>Dieser Service umfasst nicht:</p><ul><li>Gefäßnotfälle. Plötzliche Schmerzen und Schwellung nur eines Beins mit Überwärmung und Rötung erfordern noch am selben Tag den Ausschluss einer tiefen Venenthrombose; kommen Brustschmerzen oder Atemnot hinzu, rufen Sie sofort die 112 an</li><li>Eine akute arterielle Ischämie — ein kaltes, blasses, schmerzhaftes Bein ohne tastbaren Puls —, die sofort im Krankenhaus behandelt werden muss</li><li>Die Durchführung der Ultraschalluntersuchung. Der Doppler-Ultraschall erfolgt vor Ort: Die Beratung fordert ihn an und wertet den Befund aus, führt ihn aber nicht durch</li><li>Venöse Eingriffe. Sklerotherapie, endovenöse Ablation und Krampfaderoperationen erfordern Beurteilung und Durchführung vor Ort</li><li>Infizierte oder schlecht heilende Geschwüre, die eine Wundversorgung und Beurteilung vor Ort benötigen</li></ul><h2>Was die Beratung umfasst</h2><p><strong>Gezielte gefäßmedizinische Anamnese</strong></p><p>Dauer der Beschwerden, tageszeitliches Muster der Symptome, eigene und familiäre Vorgeschichte von Thrombosen oder Krampfadern, Schwangerschaften, Medikamente — einschließlich Verhütungsmitteln und Hormontherapie —, berufliche Tätigkeit und kardiovaskuläre Risikofaktoren.</p><p><strong>Angeleitete Untersuchung per Videoverbindung</strong></p><p>Die Ärztin leitet Sie an, das betroffene Bein zu zeigen: Verteilung der Krampfadern, Ödeme, Hautveränderungen und Symmetrie zwischen beiden Beinen. Sie können vor dem Termin Fotos senden.</p><p><strong>Prüfung früherer Untersuchungen</strong></p><p>Wenn Sie bereits einen Doppler-Ultraschall, einen Knöchel-Arm-Index oder Laborwerte haben, werden diese in der Beratung geprüft und ausgewertet, und es wird Ihnen erklärt, was sie in Ihrem konkreten Fall bedeuten.</p><p><strong>Anforderung von Untersuchungen</strong></p><p>Ist eine Abklärung angezeigt, wird die Anforderung eines venösen oder arteriellen Doppler-Ultraschalls und von Laboruntersuchungen noch am selben Tag ausgestellt, damit Sie diese in einer Einrichtung in Ihrer Nähe durchführen lassen können.</p><p><strong>Schriftlicher Plan und Kompressionstherapie</strong></p><p>Sie erhalten einen schriftlichen Plan mit den angezeigten konservativen Maßnahmen und, falls angebracht, die Verordnung einer medizinischen Kompression in der passenden Klasse, mit Erklärung, wie und wann sie anzuwenden ist.</p><p><strong>Koordinierte Überweisung</strong></p><p>Weist die Beurteilung auf eine fortgeschrittene Venenerkrankung oder eine Erkrankung der Arterien hin, koordiniert die Ärztin die Überweisung an die Fachärztin oder den Facharzt mit dem vollständigen Bericht, sodass Sie nicht wieder bei null anfangen müssen.</p><h2>Wann Sie nicht abwarten sollten</h2><p>Suchen Sie die Notaufnahme auf oder rufen Sie die 112 an, wenn Folgendes auftritt:</p><ul><li>Plötzliche Schmerzen und Schwellung nur eines Beins mit Überwärmung oder Rötung</li><li>Plötzlich einsetzende Brustschmerzen oder Atemnot</li><li>Ein kaltes, blasses und schmerzhaftes Bein mit Gefühls- oder Kraftverlust</li><li>Eine Blutung aus einer Krampfader, die trotz Druck und Hochlagern nicht aufhört</li><li>Ein Geschwür mit Fieber, Eiterabsonderung oder einer umgebenden Hautentzündung (Phlegmone)</li></ul><h2>Gefäßgesundheit in Spanien — das Zugangsproblem</h2><p>Venöse Beschwerden sind außerordentlich häufig und werden systematisch verharmlost. Die meisten Patientinnen und Patienten leben jahrelang mit schweren Beinen und fortschreitenden Krampfadern, ohne dass jemand den venösen Rückfluss beurteilt oder eine korrekte Kompression verordnet — bis Hautveränderungen oder ein Geschwür auftreten, die sich nur noch schwer rückgängig machen lassen.</p><p>Die chronische Venenerkrankung schreitet fort, und die Maßnahmen, die sie bremsen — richtig indizierte Kompression, Bewegung, Gewichtskontrolle und Behandlung des Rückflusses, wenn angezeigt —, wirken umso besser, je früher sie eingesetzt werden.</p><p>Diese Beratung ermöglicht diese Beurteilung ohne Wartezeiten und von überall in Spanien, mit Anforderung von Untersuchungen noch am selben Tag, wenn sie angezeigt sind.</p>""}","0","0","0","2","f71dbdeb749a23377df0b1c323a665679455a0e436abac726901621ee807a5aa","raw/api/services-consulta-salud-vascular-circulatoria-DE.json","change","No native or embedded FAQs; answer procedure limits, preparation and actual language. New ES base and translations in existing locales; no new URL. heroDescription: unsupported consultation language corrected against assigned doctor. Longer Spanish clinical body in non-ES records remains a separate localization hold. detailBody: unsupported consultation language corrected against assigned doctor. Longer Spanish clinical body in non-ES records remains a separate localization hold. Non-ES record stores no body and renders the ES body; localized title, description, H1 and body candidate prepared from the corrected ES source. Clinical and native-language review required.","clinical review pending","not applied; storage/approval/deployment pending","service:consulta-salud-vascular-circulatoria",""
"https://www.myglobalhealth.online/spain/de/services/control-peso-online","de","service","sitemap","200","https://www.myglobalhealth.online/spain/de/services/control-peso-online","index, follow","","editorial page role; unmeasured","","0","0","0","3","Online-Gewichtskontrolle Spanien | Medizinische Bewertung | Approbierter Arzt","Gewicht zu verlieren trotz Diät und Bewegung fällt Ihnen schwer? Unsere zugelassenen Ärzte beurteilen per Videoanruf die medizinischen und metabolischen Faktoren hinter Ihrem Gewicht. Klinische Beurteilung am selben Tag in Spanien.","Gewichtsmanagement — Medizinische Bewertung und personalisierter Online-Plan","{}","7","0","0","0","d7d1b951391da08e9c8457446485bf9719c96874e7c9e18179fe86e3fa12bfaa","raw/public-inventory-2026-09-13.json","hold","Live metadata, canonical and content retained; no demonstrated benefit from rewriting this page. Retention does not certify clinical/legal claims. Luz: CGCOM alta sin ejercicio; operations clarification required; confirm lawful current exercise before promoting affected care.","retained; no new certification","no mutation","",""
"https://www.myglobalhealth.online/spain/de/services/dejar-de-fumar-online","de","service","sitemap","200","https://www.myglobalhealth.online/spain/de/services/dejar-de-fumar-online","index, follow","","editorial page role; unmeasured","","0","0","0","1","Online mit dem Rauchen aufhören Spanien | Medizinische Unterstützung | Hausarzt","Möchten Sie mit ärztlicher Unterstützung mit dem Rauchen aufhören? Unsere approbierten Hausärzte bewerten Ihre Tabakabhängigkeit und erstellen per Videoanruf einen personalisierten Plan. Noch am selben Tag in Spanien.","Mit dem Rauchen aufhören — Medizinische Bewertung und personalisierter Online-Plan","{}","9","0","0","0","57396cbc2c56b101997754aedc49d1ff59943d2cdbc326d7cb7bd693f1fe004e","raw/public-inventory-2026-09-13.json","hold","Live metadata, canonical and content retained; no demonstrated benefit from rewriting this page. Retention does not certify clinical/legal claims. Luz: CGCOM alta sin ejercicio; operations clarification required; confirm lawful current exercise before promoting affected care.","retained; no new certification","no mutation","",""
"https://www.myglobalhealth.online/spain/de/services/derivaciones-pruebas-online","de","service","sitemap","200","https://www.myglobalhealth.online/spain/de/services/derivaciones-pruebas-online","index, follow","","editorial page role; unmeasured","","0","9","0","2","Überweisungen und Untersuchungen Online Spanien | Analysen | Hausarzt","Benötigen Sie in Spanien eine Überweisung an einen Facharzt, Laboranalysen oder bildgebende Untersuchungen? Unsere zugelassenen Hausärzte stellen nach vollständiger Untersuchung klinische Unterlagen aus. Noch am selben Tag in Spanien.","Überweisungen und Tests — Klinische Dokumentation Online am selben Tag","{}","8","0","0","0","ea84f78bc383b3cecc6f3cd7786ec06e9057d7257ff793ec7bf6eb89f762e1ca","raw/public-inventory-2026-09-13.json","hold","Live metadata, canonical and content retained; no demonstrated benefit from rewriting this page. Retention does not certify clinical/legal claims. Luz: CGCOM alta sin ejercicio; operations clarification required; confirm lawful current exercise before promoting affected care.","retained; no new certification","not applied; storage/approval/deployment pending","","link:cmre7soee002sg8ju1hnpt499"
"https://www.myglobalhealth.online/spain/de/services/dermatologia-especialista-online","de","service","sitemap","200","https://www.myglobalhealth.online/spain/de/services/dermatologia-especialista-online","index, follow","","editorial page role; unmeasured","","0","0","0","0","Online-Dermatologie-Spezialistenberatung Spanien | Dermatologe | Am selben Tag","Komplexe Hauterkrankung, schwere Akne oder verdächtige Läsion. Unsere approbierten Dermatologen bieten fachärztliche Beurteilungen per Videotelefonat mit hochauflösender Bildanalyse an. Am selben Tag in Spanien.","Fachärztliche dermatologische Konsultation — Online-Bewertung mit Dermatologen","{""seoTitle"":""Online-Dermatologie-Spezialistenberatung Spanien | Dermatologe""}","9","0","3","0","6a9b5ed724af682f56deb35b34ff7ccc98f3a9d4cfd410a4cd520418faef9479","raw/api/services-dermatologia-especialista-online-DE.json","change","Remove unconditional same-day title; availability is dynamic. Replace image-only dermatoscopy/definitive-diagnosis and same-day biopsy claims; retain six other answers. Clinical review required.","clinical review pending","not applied; storage/approval/deployment pending","service:dermatologia-especialista-online",""
"https://www.myglobalhealth.online/spain/de/services/enfermedades-cronicas-online","de","service","sitemap","200","https://www.myglobalhealth.online/spain/de/services/enfermedades-cronicas-online","index, follow","","editorial page role; unmeasured","","0","1","0","0","Chronische Krankheiten Online Spanien | Ärztliche Nachsorge | Hausarzt","Bluthochdruck, Diabetes, Schilddrüse oder eine andere chronische Erkrankung? Unsere approbierten Hausärzte bieten eine fortlaufende klinische Betreuung per sicherer Videokonferenz an. Am selben Tag in Spanien.","Chronische Erkrankungen — Kontinuierliche medizinische Online-Betreuung","{}","8","0","0","0","dceda8ea0e74577a52518da9305309475f72f279213fe9ee6e967a783f7ca176","raw/public-inventory-2026-09-13.json","hold","Live metadata, canonical and content retained; no demonstrated benefit from rewriting this page. Retention does not certify clinical/legal claims. Luz: CGCOM alta sin ejercicio; operations clarification required; confirm lawful current exercise before promoting affected care.","retained; no new certification","not applied; storage/approval/deployment pending","","link:cmre7skhw002kg8judewg26hr"
"https://www.myglobalhealth.online/spain/de/services/justificante-medico-online","de","service","sitemap","200","https://www.myglobalhealth.online/spain/de/services/justificante-medico-online","index, follow","","observed GSC query/page; no volume inference","online ã¤rztliches attest","0","18","0","22","Online-Ärztliches Attest Spanien | Privates ärztliches Attest | Am selben Tag","Benötigen Sie ein ärztliches Attest oder eine Arbeitsunfähigkeitsbescheinigung? Unsere approbierten Ärzte beurteilen Ihre Symptome per Videoanruf und stellen klinische Unterlagen aus, wo dies medizinisch gerechtfertigt ist. Noch am selben Tag.","Online-ärztliche Bescheinigung — Privates klinisches Attest am selben Tag","{""seoTitle"":""Online-Ärztliches Attest Spanien | Privates ärztliches Attest""}","8","0","0","0","ca84fbda9d4ad3a9b1c337963046a31dad58a3beaea81d43815ac5f3c1d45a08","raw/api/services-justificante-medico-online-DE.json","hold","Assigned clinician Luz: current exercise status discrepancy; operations clarification required; exact correction candidate prepared, other claims retained pending evidence. Luz: CGCOM alta sin ejercicio; operations clarification required; confirm lawful current exercise before promoting affected care.","clinical review pending","not applied; storage/approval/deployment pending","service:justificante-medico-online",""
"https://www.myglobalhealth.online/spain/de/services/medicina-viaje-online","de","service","sitemap","200","https://www.myglobalhealth.online/spain/de/services/medicina-viaje-online","index, follow","","editorial page role; unmeasured","","0","0","0","0","Online-Reisemedizin Spanien | Malariaprophylaxe | Hausarzt","Reisen Sie in ein Malariagebiet oder ein Risikogebiet? Unsere approbierten Hausärzte beurteilen Ihre Reisegesundheit und kümmern sich um die erforderliche klinische Dokumentation. Noch am selben Tag in Spanien.","Reisemedizin — Online-Klinische Beurteilung vor der Abreise","{}","10","0","0","0","346b176414841b87c1f623cf72989e97d9d7bf5793cd616403821035818a18cf","raw/public-inventory-2026-09-13.json","hold","Live metadata, canonical and content retained; no demonstrated benefit from rewriting this page. Retention does not certify clinical/legal claims. Luz: CGCOM alta sin ejercicio; operations clarification required; confirm lawful current exercise before promoting affected care.","retained; no new certification","no mutation","",""
"https://www.myglobalhealth.online/spain/de/services/musculoesqueletico-online","de","service","sitemap","200","https://www.myglobalhealth.online/spain/de/services/musculoesqueletico-online","index, follow","","editorial page role; unmeasured","","0","0","0","1","Muskuloskelettale Schmerzen Online Spanien | Klinische Beurteilung | Hausarzt","Rückenschmerzen, Gelenkschmerzen, Ischias oder Muskelverletzungen. Unsere zugelassenen Hausärzte beurteilen muskuloskelettale Beschwerden per sicherem Videoanruf. Klinische Beurteilung noch am selben Tag in Spanien.","Muskuloskelettaler Schmerz — Klinische Online-Bewertung am selben Tag","{}","9","0","0","0","c83fe96ea28633ff605d42ce92f3a44b1ec9faa6e45492cbb18fe6f05c056132","raw/public-inventory-2026-09-13.json","hold","Live metadata, canonical and content retained; no demonstrated benefit from rewriting this page. Retention does not certify clinical/legal claims. Luz: CGCOM alta sin ejercicio; operations clarification required; confirm lawful current exercise before promoting affected care.","retained; no new certification","not applied; storage/approval/deployment pending","","link:cmre7tkdz004mg8juc9wpct8q"
"https://www.myglobalhealth.online/spain/de/services/neurologo-online","de","service","internal link","404","https://www.myglobalhealth.online","noindex","","editorial page role; unmeasured","","0","0","0","0","Page not found · Global Health","Online medical consultations with licensed clinicians across Ireland, Czechia, Portugal, Spain, and Romania.","","{}","","","0","0","f7fd83f4caf03f64b748dba98cc1baf6335ab069249b3eadacb72c3b29f600bd","raw/public-inventory-2026-09-13.json","hold","Linked unavailable specialty; remove source callouts after approved exact manifest. Do not create or redirect unavailable care.","retained; no new certification","no mutation","",""
"https://www.myglobalhealth.online/spain/de/services/pediatra-especialista-online","de","service","internal link","404","https://www.myglobalhealth.online","noindex","","editorial page role; unmeasured","","0","0","0","0","Page not found · Global Health","Online medical consultations with licensed clinicians across Ireland, Czechia, Portugal, Spain, and Romania.","","{}","","","0","0","e20de6cc3bd333c52ae0b93e24ec7a3828a2d699b4a3088c946934986181eb55","raw/public-inventory-2026-09-13.json","hold","Linked unavailable specialty; remove source callouts after approved exact manifest. Do not create or redirect unavailable care.","retained; no new certification","no mutation","",""
"https://www.myglobalhealth.online/spain/de/services/pediatria-online","de","service","sitemap","200","https://www.myglobalhealth.online/spain/de/services/pediatria-online","index, follow","","editorial page role; unmeasured","","0","20","0","23","Pädiatrie Online Spanien | Kinderberatung | Hausarzt","Ist Ihr Kind krank und Sie können nicht auf einen Termin warten? Unsere approbierten Hausärzte beurteilen die Kindergesundheit per sicherer Videoanruf. Ohne Wartezimmer, noch am selben Tag in Spanien.","Online-Pädiatrie — Kinderkonsultation mit Hausarzt am selben Tag","{}","10","0","0","0","430e33d25bcd255cb022686854fd019916017117ea7f75dea02c4cb781a3f323","raw/public-inventory-2026-09-13.json","change","Live metadata, canonical and content retained; no demonstrated benefit from rewriting this page. Retention does not certify clinical/legal claims.","retained; no new certification","not applied; storage/approval/deployment pending","","link:cmre7ts6t0052g8ju6asq61tw"
"https://www.myglobalhealth.online/spain/de/services/psicologo-online","de","service","sitemap","200","https://www.myglobalhealth.online/spain/de/services/psicologo-online","index, follow","","observed GSC query/page; no volume inference","psychologin | psicologos online","3","41","0","0","Online-Psychologe Spanien | Psychotherapie | Eingetragener Psychologe","Angst, Depression, Trauma oder ein anderes psychologisches Anliegen. Unsere zugelassenen klinischen Psychologen bieten Psychotherapie und psychologische Diagnostik per sicherer Videokonferenz an. Noch am selben Tag in Spanien.","Klinische Psychologie — Online-Psychotherapie mit zugelassenem Psychologen","{}","10","0","0","0","9a7b69bab7039a90baaa2b4392a92cfb75064505d3994cd4fb76cfc8259c8fd2","raw/public-inventory-2026-09-13.json","change","Live metadata, canonical and content retained; no demonstrated benefit from rewriting this page. Retention does not certify clinical/legal claims.","retained; no new certification","not applied; storage/approval/deployment pending","","link:cmre7t1od003kg8jujyc8vdtm"
"https://www.myglobalhealth.online/spain/de/services/psiquiatra-online","de","service","sitemap","200","https://www.myglobalhealth.online/spain/de/services/psiquiatra-online","index, follow","","editorial page role; unmeasured","","0","3","0","11","Online-Psychiater Spanien | Fachärztliche psychiatrische Sprechstunde | Am selben Tag","Komplexe psychische Störung, ADHS, bipolare Störung oder ein anderes psychiatrisches Anliegen. Unsere approbierten Psychiater bieten fachärztliche Beurteilungen per sicherer Videoanruf. Noch am selben Tag in Spanien.","Psychiatrie-Spezialist — Online-psychiatrische Beurteilung","{""seoTitle"":""Online-Psychiater Spanien | Fachärztliche psychiatrische Sprechstunde""}","10","0","0","0","5248087fbd0b441cbeb0c1bb8b909228a1b4ab66c4d7fe149e034f4acef9b1ee","raw/api/services-psiquiatra-online-DE.json","change","Remove unconditional same-day title; availability is dynamic.","clinical review pending","not applied; storage/approval/deployment pending","service:psiquiatra-online",""
"https://www.myglobalhealth.online/spain/de/services/renovacion-tratamiento-online","de","service","sitemap","200","https://www.myglobalhealth.online/spain/de/services/renovacion-tratamiento-online","index, follow","","editorial page role; unmeasured","","0","0","0","1","Online-Behandlungsverlängerung Spanien | Klinische Überprüfung | Zugelassener Arzt","Stabile Behandlung, die in Spanien erneuert werden muss? Unsere zugelassenen Ärzte prüfen Ihre klinische Situation per Videokonferenz und stellen bei Bedarf die entsprechende Dokumentation aus. Keine vorherige Registrierung. Am selben Tag.","Behandlungsverlängerung — Online-Klinische Prüfung mit approbiertem Arzt","{}","8","0","0","0","12cff1672817b9e818d6b328955c535284ab38ef54ae4872e52018c454a0fdfd","raw/public-inventory-2026-09-13.json","hold","Live metadata, canonical and content retained; no demonstrated benefit from rewriting this page. Retention does not certify clinical/legal claims. Luz: CGCOM alta sin ejercicio; operations clarification required; confirm lawful current exercise before promoting affected care.","retained; no new certification","no mutation","",""
"https://www.myglobalhealth.online/spain/de/services/salud-femenina-online","de","service","sitemap","200","https://www.myglobalhealth.online/spain/de/services/salud-femenina-online","index, follow","","editorial page role; unmeasured","","0","0","0","1","Frauengesundheit Online Spanien | Vertrauliche Bewertung | Zugelassener Arzt","Verhütungsmittel, hormonelle Gesundheit, Menopause oder andere Anliegen der Frauengesundheit. Unsere approbierten Ärzte bieten vertrauliche Beurteilungen per sicherem Videotelefonat an. Am selben Tag in Spanien.","Frauengesundheit — Vertrauliche Online-Bewertung","{}","9","0","0","0","2fd8c8ec373c009cac8a225c316bec2590d071a654901bf42ef5a83e74eada97","raw/public-inventory-2026-09-13.json","hold","Live metadata, canonical and content retained; no demonstrated benefit from rewriting this page. Retention does not certify clinical/legal claims. Luz: CGCOM alta sin ejercicio; operations clarification required; confirm lawful current exercise before promoting affected care.","retained; no new certification","no mutation","",""
"https://www.myglobalhealth.online/spain/de/services/salud-masculina-online","de","service","sitemap","200","https://www.myglobalhealth.online/spain/de/services/salud-masculina-online","index, follow","","editorial page role; unmeasured","","0","0","0","0","Männliche Gesundheit Online Spanien | Vertrauliche Bewertung | Zugelassener Arzt","Erektile Dysfunktion, niedriger Testosteronspiegel, Libido oder andere Anliegen der männlichen Gesundheit. Unsere approbierten Ärzte bieten vertrauliche Beurteilungen per sicherem Videogespräch an. Am selben Tag in Spanien.","Männergesundheit — Vertrauliche Online-Bewertung","{}","8","0","0","0","8bf789e822211675d1a7b43713c0ecd05e3a003530fb824ff490bc85a4317bb5","raw/public-inventory-2026-09-13.json","hold","Live metadata, canonical and content retained; no demonstrated benefit from rewriting this page. Retention does not certify clinical/legal claims. Luz: CGCOM alta sin ejercicio; operations clarification required; confirm lawful current exercise before promoting affected care.","retained; no new certification","no mutation","",""
"https://www.myglobalhealth.online/spain/de/services/salud-mental-online","de","service","sitemap","200","https://www.myglobalhealth.online/spain/de/services/salud-mental-online","index, follow","","editorial page role; unmeasured","","0","0","0","0","Online-Psychische Gesundheit Spanien | Klinische Bewertung | approbierter Arzt","Angst, Depressionen, Burnout oder andere Anliegen der psychischen Gesundheit. Unsere approbierten Ärzte bieten vertrauliche klinische Bewertungen per sicherer Videotelefonie an. Noch am selben Tag in Spanien.","Psychische Gesundheit — Vertrauliche klinische Online-Bewertung","{}","8","0","0","0","0ad00eea62243bc2ca7751d900b6f04acba1b396b3ca3ceaa9eedb8511b44a41","raw/public-inventory-2026-09-13.json","hold","Live metadata, canonical and content retained; no demonstrated benefit from rewriting this page. Retention does not certify clinical/legal claims. Luz: CGCOM alta sin ejercicio; operations clarification required; confirm lawful current exercise before promoting affected care.","retained; no new certification","not applied; storage/approval/deployment pending","","link:cmre7stv60034g8juje70ar9l"
"https://www.myglobalhealth.online/spain/de/services/segunda-opinion-medica","de","service","sitemap","200","https://www.myglobalhealth.online/spain/de/services/segunda-opinion-medica","index, follow","","editorial page role; unmeasured","","0","1","1","2","Zweite medizinische Online-Meinung Spanien | Unabhängige Bewertung | Am selben Tag","Sind Sie sich bei einer Diagnose oder einem Behandlungsplan unsicher? Unsere approbierten Ärzte bieten unabhängige ärztliche Zweitmeinungen per sicherem Videoanruf. Am selben Tag in Spanien.","Zweite medizinische Meinung — Unabhängige klinische Online-Bewertung","{""seoTitle"":""Zweite medizinische Online-Meinung Spanien | Unabhängige Bewertung""}","9","0","0","0","236be901a6fc4c3e67fd16218e9ba7f07d57a80d4faaa9106c16bd8c503fa478","raw/api/services-segunda-opinion-medica-DE.json","hold","Assigned clinician Luz: current exercise status discrepancy; operations clarification required; exact correction candidate prepared, other claims retained pending evidence. Luz: CGCOM alta sin ejercicio; operations clarification required; confirm lawful current exercise before promoting affected care.","clinical review pending","not applied; storage/approval/deployment pending","service:segunda-opinion-medica","link:cmre7u1jt005mg8jutxyy9pz0"
"https://www.myglobalhealth.online/spain/de/tools/adhd-test","de","tool","sitemap","200","https://www.myglobalhealth.online/spain/de/tools/adhd-test","index, follow","","observed GSC query/page; no volume inference","adhs online test erwachsene | adhs erwachsene test online | adhs-test online erwachsene | kostenloser adhs-test erwachsene","1","22","0","10","ADHS Test Spanien | Kostenloser Selbsttest für Erwachsene","Machen Sie den Sechs-Fragen-Screener für ADHS bei Erwachsenen (ASRS v1.1, Teil A) und sehen Sie, was Ihre Antworten bedeuten. Ein Screening ist keine Diagnose — die stellen nur Psychiatrie oder klinische Psychologie.","ADHS Test Spanien","{}","","","0","0","097e10c38b8b7e7e158c0bc0b2303aa2bd82394a7de2f3de53e7f3f94f4956b9","raw/public-inventory-2026-09-13.json","retain with evidence","Live metadata, canonical and content retained; no demonstrated benefit from rewriting this page. Retention does not certify clinical/legal claims.","retained; no new certification","no mutation","",""
"https://www.myglobalhealth.online/spain/de/tools/blood-pressure-chart","de","tool","sitemap","200","https://www.myglobalhealth.online/spain/de/tools/blood-pressure-chart","index, follow","","editorial page role; unmeasured","","4","19","0","0","Blutdrucktabelle Spanien | Was Ihr Wert Bedeutet","Vergleichen Sie Ihren systolischen und diastolischen Wert mit der europäischen Blutdrucktabelle für Erwachsene. Kategorie, Bedeutung und welche Werte noch am selben Tag ärztlich abgeklärt gehören.","Blutdruck tabelle Spanien","{}","","","0","0","6d691e2af663b85926551f75edf32042d7fe603bcc80332ff858daa338540fab","raw/public-inventory-2026-09-13.json","retain with evidence","Live metadata, canonical and content retained; no demonstrated benefit from rewriting this page. Retention does not certify clinical/legal claims.","retained; no new certification","no mutation","",""
"https://www.myglobalhealth.online/spain/de/tools/bmi-calculator","de","tool","sitemap","200","https://www.myglobalhealth.online/spain/de/tools/bmi-calculator","index, follow","","editorial page role; unmeasured","","0","1","0","2","BMI-Rechner Spanien | BMI Kostenlos Berechnen","Berechnen Sie Ihren Body-Mass-Index in Sekunden. Metrisch oder imperial, WHO-Kategorien für Erwachsene und was Ihr Ergebnis tatsächlich bedeutet.","BMI Rechner Spanien","{}","","","0","0","bd5f550ee4ce24f8988539cb64c4a0e5ec5515518126da9eb0f383120ad731a1","raw/public-inventory-2026-09-13.json","retain with evidence","Live metadata, canonical and content retained; no demonstrated benefit from rewriting this page. Retention does not certify clinical/legal claims.","retained; no new certification","no mutation","",""
"https://www.myglobalhealth.online/spain/de/tools/calorie-calculator","de","tool","sitemap","200","https://www.myglobalhealth.online/spain/de/tools/calorie-calculator","index, follow","","observed GSC query/page; no volume inference","kalorienbedarf berechnen sport","1","6","0","2","Kalorienrechner Spanien | Täglichen Kalorienbedarf Berechnen","Berechnen Sie, wie viele Kalorien Sie täglich brauchen, um Ihr Gewicht zu halten, abzunehmen oder zuzunehmen. Mifflin-St-Jeor-Formel, fünf Aktivitätsstufen und was die Zahlen wirklich bedeuten.","Kostenloser Kalorienrechner Spanien","{}","","","0","0","b2ab3368df7d25428e776eb7687f749688875fc8d6e6860111cb9f4a863a6eec","raw/public-inventory-2026-09-13.json","retain with evidence","Live metadata, canonical and content retained; no demonstrated benefit from rewriting this page. Retention does not certify clinical/legal claims.","retained; no new certification","no mutation","",""
"https://www.myglobalhealth.online/spain/de/tools/due-date-calculator","de","tool","sitemap","200","https://www.myglobalhealth.online/spain/de/tools/due-date-calculator","index, follow","","editorial page role; unmeasured","","0","1","0","3","Geburtstermin Berechnen Spanien | Schwangerschaftswochen","Berechnen Sie Ihren errechneten Geburtstermin und die aktuelle Schwangerschaftswoche ab dem ersten Tag der letzten Periode. Berücksichtigt Ihre Zykluslänge, mit allen 40 Wochen im Überblick.","Geburtstermin berechnen Spanien","{}","","","0","0","4df78c5adfc53d3adbe02e8e83036a31e9e925473f3aa130ea89bebb8141e86a","raw/public-inventory-2026-09-13.json","retain with evidence","Live metadata, canonical and content retained; no demonstrated benefit from rewriting this page. Retention does not certify clinical/legal claims.","retained; no new certification","no mutation","",""
"https://www.myglobalhealth.online/spain/de/tools/osteoporosis-risk-checker","de","tool","sitemap","200","https://www.myglobalhealth.online/spain/de/tools/osteoporosis-risk-checker","index, follow","","editorial page role; unmeasured","","0","5","0","0","Osteoporose-Risikocheck Spanien | Brauche Ich Eine Knochendichtemessung?","Prüfen Sie die veröffentlichten Risikofaktoren für Osteoporose und Fragilitätsfrakturen und sehen Sie, ob Leitlinien eine Abklärung empfehlen. Kein FRAX, keine Diagnose — eine Checkliste zur Früherkennung, die Sie zu einem Arzttermin mitnehmen können.","Osteoporose- Risikocheck Spanien","{}","","","0","0","e11b1330b20b0a89a78c58696dc8c6e3492f48f9ca91637b324dd812be290dde","raw/public-inventory-2026-09-13.json","retain with evidence","Live metadata, canonical and content retained; no demonstrated benefit from rewriting this page. Retention does not certify clinical/legal claims.","retained; no new certification","no mutation","",""
"https://www.myglobalhealth.online/spain/de/tools/ovulation-calculator","de","tool","sitemap","200","https://www.myglobalhealth.online/spain/de/tools/ovulation-calculator","index, follow","","editorial page role; unmeasured","","0","2","0","10","Eisprung Berechnen Spanien | Fruchtbare Tage Und Eisprung","Berechnen Sie Ihre fruchtbaren Tage und den voraussichtlichen Eisprung ab dem ersten Tag der letzten Periode. Berücksichtigt Ihre Zykluslänge, mit den sechs fruchtbarsten Tagen im Detail.","Eisprung berechnen Spanien","{}","","","0","0","5edce0a5049218710d4425dfb2e8b041281627fb9156d32eb87fcb4ae8f494ea","raw/public-inventory-2026-09-13.json","retain with evidence","Live metadata, canonical and content retained; no demonstrated benefit from rewriting this page. Retention does not certify clinical/legal claims.","retained; no new certification","no mutation","",""
"https://www.myglobalhealth.online/spain/de/tools/sore-throat-checker","de","tool","sitemap","200","https://www.myglobalhealth.online/spain/de/tools/sore-throat-checker","index, follow","","editorial page role; unmeasured","","0","0","0","0","Mandelentzündung-Check Spanien | Halsschmerzen einordnen","Beantworten Sie fünf Fragen zu Ihren Halsschmerzen und sehen Sie, wie wahrscheinlich eine bakterielle Ursache ist — mit dem McIsaac-Score, den Ärztinnen und Ärzte nutzen. Inklusive der Warnzeichen, die dringend abgeklärt gehören. Keine Diagnose und kein Streptokokken-Test.","Mandelentzündung und Halsschmerzen-Check Spanien","{}","","","0","0","830bb721d69b7b72950f7bcea17ee700c1158042687e075bfae8c1f510dcacd8","raw/public-inventory-2026-09-13.json","retain with evidence","Live metadata, canonical and content retained; no demonstrated benefit from rewriting this page. Retention does not certify clinical/legal claims.","retained; no new certification","no mutation","",""
"https://www.myglobalhealth.online/spain/en","en","home","sitemap","200","https://www.myglobalhealth.online/spain/en","index, follow","","observed GSC query/page; no volume inference","medical advisor online | online medical follow up | book online doctor | book online doctor appointment | book online physician","0","350","4","41","Online Doctor Spain | Registered GPs & Specialists","See a registered doctor online today — GP consultations, medical certificates, specialist referrals. Same-day video appointments in Spain.","Online medical care in Spain","{}","","","0","0","6bf28fccd5dce6d470837845775af0dcb016548e1992d9c41493e298c223b383","raw/public-inventory-2026-09-13.json","retain with evidence","Live metadata, canonical and content retained; no demonstrated benefit from rewriting this page. Retention does not certify clinical/legal claims.","retained; no new certification","no mutation","",""
"https://www.myglobalhealth.online/spain/en/about","en","about","sitemap","200","https://www.myglobalhealth.online/spain/en/about","index, follow","","editorial page role; unmeasured","","0","3","0","37","About Global Health Spain | Online Doctors · Global Health","Global Health Spain: online video consultations with doctors registered with Colegio Oficial de Médicos, in Spanish / English. What we offer and who we are.","About Global Health Spain","{}","","","0","0","b936d685148742da28f654704407b146737dba1b3489fa8b852ad4b7fe1a455e","raw/public-inventory-2026-09-13.json","retain with evidence","Live metadata, canonical and content retained; no demonstrated benefit from rewriting this page. Retention does not certify clinical/legal claims.","retained; no new certification","no mutation","",""
"https://www.myglobalhealth.online/spain/en/blog","en","blog","sitemap","200","https://www.myglobalhealth.online/spain/en/blog","index, follow","","editorial page role; unmeasured","","0","0","0","1","Health Guides from Registered Doctors in Spain","Evidence-based health guides for Spain, written and reviewed by our medical team. No ads, no fluff.","Health Guides from Registered Doctors.","{}","","","0","0","cf5c1a685c5cfff7d93199abe83735c0dadd50a33c08108d3d6685caa3e1533f","raw/public-inventory-2026-09-13.json","retain with evidence","Live metadata, canonical and content retained; no demonstrated benefit from rewriting this page. Retention does not certify clinical/legal claims.","retained; no new certification","no mutation","",""
"https://www.myglobalhealth.online/spain/en/blog/diabetes-the-silent-disease-4","en","article","sitemap","200","https://www.myglobalhealth.online/spain/en/blog/diabetes-the-silent-disease-4","index, follow","","editorial page role; unmeasured","","0","0","0","0","Diabetes in Spain: Causes, Symptoms, Treatment","More than 5.1 million people in Spain live with diabetes. Learn about symptoms, GLP-1 and SGLT2 treatments, regular check-ups and emerging therapies.","Diabetes: The Silent Disease","{}","","","0","0","19a4a627ddef9bbdfb97620c2f8f6262e86f45e8946983b5896e57d43b44a490","raw/public-inventory-2026-09-13.json","retain with evidence","Live metadata, canonical and content retained; no demonstrated benefit from rewriting this page. Retention does not certify clinical/legal claims.","retained; no new certification","no mutation","",""
"https://www.myglobalhealth.online/spain/en/blog/high-blood-pressure-symptoms-emergency-spain","en","article","sitemap","200","https://www.myglobalhealth.online/spain/en/blog/high-blood-pressure-symptoms-emergency-spain","index, follow","","editorial page role; unmeasured","","0","0","0","0","High blood pressure symptoms: when to call 112","Which symptoms with high blood pressure require 112, how to repeat a reading and when to seek primary care without self-medicating.","High blood pressure: symptoms and when to call 112","{}","","","0","0","50cd79b8f9f0b0d2c1ce057f0e69f290ca8008775cda7d13789d28722e926d0b","raw/public-inventory-2026-09-13.json","retain with evidence","Live metadata, canonical and content retained; no demonstrated benefit from rewriting this page. Retention does not certify clinical/legal claims.","retained; no new certification","no mutation","",""
"https://www.myglobalhealth.online/spain/en/blog/how-to-lower-blood-pressure-what-works-according-to-the-guidelines-and-what-only","en","article","sitemap","200","https://www.myglobalhealth.online/spain/en/blog/how-to-lower-blood-pressure-what-works-according-to-the-guidelines-and-what-only","index, follow","","observed GSC query/page; no volume inference","new blood pressure guidelines 2026 110 70","0","9","0","0","How to Lower Blood Pressure: What Actually Works","Five measures with proven effect on blood pressure, how long they take, what the 2024 ESC guideline says about herbal teas, and when to call emergency services.","How to Lower Blood Pressure: What Works According to the Guidelines and What Only Seems To","{}","","","0","0","92a7b160ace001d38a6f595979e851c4b52ccbfc99a2d14d70d8bac8b3640465","raw/public-inventory-2026-09-13.json","retain with evidence","Live metadata, canonical and content retained; no demonstrated benefit from rewriting this page. Retention does not certify clinical/legal claims.","retained; no new certification","no mutation","",""
"https://www.myglobalhealth.online/spain/en/blog/medical-review-policy","en","article","sitemap","200","https://www.myglobalhealth.online/spain/en/blog/medical-review-policy","index, follow","","editorial page role; unmeasured","","0","0","0","0","Medical Review Policy — Global Health Spain","How Global Health writes, reviews and updates the health articles published for Spain: who writes them, which registered physician signs them off, and the editorial standards we hold ourselves to.","How we write and review medical content","{}","","","0","0","fa4474bff3d67c1cef100c926cbb1d1080f89183f83d3fe0bf919540c8da01d0","raw/public-inventory-2026-09-13.json","retain with evidence","Live metadata, canonical and content retained; no demonstrated benefit from rewriting this page. Retention does not certify clinical/legal claims.","retained; no new certification","no mutation","",""
"https://www.myglobalhealth.online/spain/en/blog/normal-blood-pressure-a-useful-table-by-age-and-sex-without-the-myths","en","article","sitemap","200","https://www.myglobalhealth.online/spain/en/blog/normal-blood-pressure-a-useful-table-by-age-and-sex-without-the-myths","index, follow","","editorial page role; unmeasured","","0","7","0","0","Normal blood pressure: table by age and sex · Global Health","Learn which blood pressure is normal in adults, why men and women do not need separate tables, and when to seek medical advice.","Normal blood pressure: a useful table by age and sex, without the myths","{}","","","0","0","a34ddea13c13852d6baccfa6d95d7f64fae66177e898f9fe24b389b0d3cc1453","raw/public-inventory-2026-09-13.json","retain with evidence","Live metadata, canonical and content retained; no demonstrated benefit from rewriting this page. Retention does not certify clinical/legal claims.","retained; no new certification","no mutation","",""
"https://www.myglobalhealth.online/spain/en/blog/online-dermatologist-spain","en","article","sitemap","200","https://www.myglobalhealth.online/spain/en/blog/online-dermatologist-spain","index, follow","","observed GSC query/page; no volume inference","online doctor consultation for skin problems | online consultation for skin problems | online dermatologist | online dermatology | online dermatology consultation","0","49","0","0","Online dermatologist: what it solves and what not","Online dermatologist in Spain: which skin problems are solved by video or photograph, which require an in-person visit, and how to take usable photos.","Online dermatologist in Spain: what it solves and what must be seen in person","{}","","","0","0","4bb052e7f6834fe02a0e5a1fef5dddb49add9cb251ca40eef932984fcb026c22","raw/public-inventory-2026-09-13.json","retain with evidence","Live metadata, canonical and content retained; no demonstrated benefit from rewriting this page. Retention does not certify clinical/legal claims.","retained; no new certification","no mutation","",""
"https://www.myglobalhealth.online/spain/en/blog/sick-leave-anxiety-spain","en","article","sitemap","200","https://www.myglobalhealth.online/spain/en/blog/sick-leave-anxiety-spain","index, follow","","observed GSC query/page; no volume inference","burnout sick leave spain | can i take mc for mental health | digo en españa | en espagne | es por depresión","3","158","0","0","Sick leave for anxiety in Spain: who issues it","Sick leave for anxiety in Spain: who issues the parte de baja, what the doctor assesses, what your employer is told and what the medical inspection means.","Sick leave for anxiety in Spain: who issues it and what is assessed","{}","","","0","0","9bd528c8d7d2548e8607ba7ee7b96b4ac05d672507737c94edcfc07c87b72713","raw/public-inventory-2026-09-13.json","retain with evidence","Live metadata, canonical and content retained; no demonstrated benefit from rewriting this page. Retention does not certify clinical/legal claims.","retained; no new certification","no mutation","",""
"https://www.myglobalhealth.online/spain/en/book","en","book","sitemap","200","https://www.myglobalhealth.online/spain/en/book","index, follow","","observed GSC query/page; no volume inference","health consultation","0","3","0","0","Book your consultation — Spain · Global Health","Spain medical clinic. Choose a service, clinician, time, and patient details.","","{}","","","0","0","f4b858312ae0f814c310740f87e5ce561e0ec2062d8ac8cc466bd1bc91a6fd59","raw/public-inventory-2026-09-13.json","retain with evidence","Browser: localized H1 and 23 service choices verified in six locales; no paid booking made. Minor English UI labels retained as localization debt.","retained; no new certification","no mutation","",""
"https://www.myglobalhealth.online/spain/en/careers","en","careers","sitemap","200","https://www.myglobalhealth.online/spain/en/careers","index, follow","","editorial page role; unmeasured","","0","3","0","0","Careers at Global Health Spain","Join Global Health in Spain. We work with registered doctors, clinical support and technology teams across Europe and Brazil. See how to apply.","Careers at Global Health","{}","","","0","0","d56dbf08ba214a2a7b6b2ece3c2364d7cf2c4b617af23c80dc4bca87f6fdb31a","raw/public-inventory-2026-09-13.json","retain with evidence","Live metadata, canonical and content retained; no demonstrated benefit from rewriting this page. Retention does not certify clinical/legal claims.","retained; no new certification","no mutation","",""
"https://www.myglobalhealth.online/spain/en/contact","en","contact","sitemap","200","https://www.myglobalhealth.online/spain/en/contact","index, follow","","editorial page role; unmeasured","","2","56","0","21","Contact Global Health Spain | Online Doctor · Global Health","Contact Global Health Spain: info@myglobalhealth.online. Online video consultations with registered doctors, in Spanish and English.","Contact Global Health Spain","{}","","","0","0","f3ced4f7e3c66e7fed84cc603f019bef0d8dfa0d32b39c1f63ee9a6961767319","raw/public-inventory-2026-09-13.json","retain with evidence","Live metadata, canonical and content retained; no demonstrated benefit from rewriting this page. Retention does not certify clinical/legal claims.","retained; no new certification","no mutation","",""
"https://www.myglobalhealth.online/spain/en/doctors","en","doctors","sitemap","200","https://www.myglobalhealth.online/spain/en/doctors","index, follow","","editorial page role; unmeasured","","0","17","0","6","Licensed doctors and specialists in Spain · Global Health","Explore 14 licensed doctors and specialists in Spain available online. Dermatology, cardiology, psychiatry, psychology, emergencies, and more. Book the same day.","Doctors who actually pick up.","{}","","","0","0","b16d8324af686494f06877113a379a1ce3fa028a175982b819e993be21a8ecb8","raw/public-inventory-2026-09-13.json","retain with evidence","Live metadata, canonical and content retained; no demonstrated benefit from rewriting this page. Retention does not certify clinical/legal claims.","retained; no new certification","no mutation","",""
"https://www.myglobalhealth.online/spain/en/doctors/dr-alfredo-del-valle","en","doctor","sitemap","200","https://www.myglobalhealth.online/spain/en/doctors/dr-alfredo-del-valle","index, follow","","editorial page role; unmeasured","","0","2","0","4","Dr Alfredo del Valle - Dermatologist | Global Health","Dr. Alfredo del Valle Moreno Montañez, dermatologist specializing in medical and aesthetic dermatology. Expert in dermato-oncology, hidradenitis suppurativa and botulinum toxin treatments. Online consultation at Global Health.","Dr. Alfredo del Valle Moreno Montañez","{}","6","0","1","0","329cbfaa6dd2acd67fcfe96b5521abfdfd31586bef488d43367bb0a67c725cb5","raw/api/doctors-dr-alfredo-del-valle-EN.json","change","Replace immediate-calendar/same-day boilerplate with current booking checks and recorded consultation languages; preserve existing emergency passage.","clinical review pending","not applied; storage/approval/deployment pending","doctor:dr-alfredo-del-valle",""
"https://www.myglobalhealth.online/spain/en/doctors/dr-eduardo-olivas","en","doctor","sitemap","200","https://www.myglobalhealth.online/spain/en/doctors/dr-eduardo-olivas","index, follow","","editorial page role; unmeasured","","0","6","0","3","Dr Eduardo Olivas - General Medicine | Global Health","Dr. Eduardo Rodríguez Olivas, licensed general practitioner in Spain (COMIB). Specialist in Primary Care, Internal Medicine and Aesthetic Medicine. Extensive experience in telemedicine. Online consultation at Global Health.","Dr. Eduardo Daniel Rodríguez Olivas","{}","6","0","1","0","cf7dbeebfd5f38ad7725192ac14cd18e58d2ed0fad1aaab06db6973f6c488e6f","raw/api/doctors-dr-eduardo-olivas-EN.json","change","Replace immediate-calendar/same-day boilerplate with current booking checks and recorded consultation languages; preserve existing emergency passage.","clinical review pending","not applied; storage/approval/deployment pending","doctor:dr-eduardo-olivas",""
"https://www.myglobalhealth.online/spain/en/doctors/dr-eszter-szilagyi","en","doctor","sitemap","200","https://www.myglobalhealth.online/spain/en/doctors/dr-eszter-szilagyi","index, follow","","editorial page role; unmeasured","","0","16","0","16","Dr Eszter Szilagyi - Cardiovascular Surgeon | Global Health","Dr. Eszter Szilágyi, board-certified specialist in Cardiovascular Surgery in Málaga. Trained in Germany and Spain, with extensive experience in cardiac surgery and emergency care. Multilingual care at Global Health.","Dra. Eszter Szilágyi","{}","6","0","1","0","f11440d4a40790508f7b97ca42ddc5af33822328fa8ffb0313a16f123e9200d8","raw/api/doctors-dr-eszter-szilagyi-EN.json","change","Replace immediate-calendar/same-day boilerplate with current booking checks and recorded consultation languages; preserve existing emergency passage.","clinical review pending","not applied; storage/approval/deployment pending","doctor:dr-eszter-szilagyi",""
"https://www.myglobalhealth.online/spain/en/doctors/dr-fabiana-cornejo","en","doctor","sitemap","200","https://www.myglobalhealth.online/spain/en/doctors/dr-fabiana-cornejo","index, follow","","editorial page role; unmeasured","","0","6","0","1","Dr Fabiana Cornejo - Psychiatrist | Global Health","Dr. Mónica Cornejo Román, consulting psychiatrist specializing in Neuropsychopharmacology. Extensive experience in Spain and Argentina in psychopharmacology, mood disorders and emergency psychiatry. Online consultation at Global Health.","Dra. Mónica Fabiana Cornejo Román","{}","6","0","1","0","06ada96a99cf9bd41bddae509252bb48cea70f5d01c49a4a01f778cce26054c7","raw/api/doctors-dr-fabiana-cornejo-EN.json","change","Replace immediate-calendar/same-day boilerplate with current booking checks and recorded consultation languages; preserve existing emergency passage.","clinical review pending","not applied; storage/approval/deployment pending","doctor:dr-fabiana-cornejo",""
"https://www.myglobalhealth.online/spain/en/doctors/dr-fidel-mesa-prado","en","doctor","sitemap","200","https://www.myglobalhealth.online/spain/en/doctors/dr-fidel-mesa-prado","index, follow","","editorial page role; unmeasured","","0","2","0","4","Dr Fidel Mesa Prado - Cardiologist | Global Health","Dr. Fidel Mesa Prado, specialist in Cardiology at Hospital Costa del Sol and Hospiten Estepona. Expert in cardiac imaging, acute coronary syndrome and advanced technical procedures. Online consultation at Global Health.","Dr. Fidel Ernesto Mesa Prado","{}","6","0","1","0","bbeecc5a517a75ec7630a46e333231d02fbe402c787b1f5172996bc3b0326c31","raw/api/doctors-dr-fidel-mesa-prado-EN.json","hold","No current open appointment; retain routing and assignments; exact correction candidate prepared, other claims retained pending evidence.","clinical review pending","not applied; storage/approval/deployment pending","doctor:dr-fidel-mesa-prado",""
"https://www.myglobalhealth.online/spain/en/doctors/dr-javier-villarte-betancor","en","doctor","sitemap","200","https://www.myglobalhealth.online/spain/en/doctors/dr-javier-villarte-betancor","index, follow","","observed GSC query/page; no volume inference","%teléfono de la esperanza 717 003 717 official","0","5","0","5","Dr Javier Villarte Betancor - Psychologist | Global Health","Javier Villarte Betancor, Health Psychologist specialized in CBT, ACT and DBT. Expert in anxiety, emotional regulation and borderline personality disorder. Online consultation at Global Health.","Javier Villarte Betancor","{}","6","0","1","0","66ef75682bb095422a2e80dc9cbafcd5087aa81898fcd0c7ee6cc6debd6f6735","raw/api/doctors-dr-javier-villarte-betancor-EN.json","change","Replace immediate-calendar/same-day boilerplate with current booking checks and recorded consultation languages; preserve existing emergency passage.","clinical review pending","not applied; storage/approval/deployment pending","doctor:dr-javier-villarte-betancor",""
"https://www.myglobalhealth.online/spain/en/doctors/dr-leandro-wang","en","doctor","sitemap","200","https://www.myglobalhealth.online/spain/en/doctors/dr-leandro-wang","index, follow","","editorial page role; unmeasured","","0","2","0","4","Dr Leandro Wang - Aesthetic/Capillary Medicine","Dr. Leandro Wang, licensed physician specialized in phlebology, vascular health and aesthetic medicine. More than 20 years of international experience. In-person consultation in Valencia/Girona and online at Global Health.","Dr. Leandro Wang","{}","6","0","1","0","33c9f2623146d317c9660767ad374b2715ef61f3fbb89155bb334ab3d8780d12","raw/api/doctors-dr-leandro-wang-EN.json","change","Replace immediate-calendar/same-day boilerplate with current booking checks and recorded consultation languages; preserve existing emergency passage.","clinical review pending","not applied; storage/approval/deployment pending","doctor:dr-leandro-wang",""
"https://www.myglobalhealth.online/spain/en/doctors/dr-luz-marina-zuluaga-rios","en","doctor","sitemap","200","https://www.myglobalhealth.online/spain/en/doctors/dr-luz-marina-zuluaga-rios","index, follow","","editorial page role; unmeasured","","0","7","0","3","Dr Luz Marina Zuluaga Rios - General Medicine","Dr. Luz Marina Zuluaga Ríos, specialist in Peripheral Vascular Disease, Diabetic Foot, and Cardiopulmonary Rehabilitation. Extensive international clinical experience. Online consultation at Global Health.","Dra. Luz Marina Zuluaga Ríos","{}","6","0","1","0","03f892eff17833778d18a9a7b6f9076648fcc39f48bf3efd4e971f1798bfc435","raw/api/doctors-dr-luz-marina-zuluaga-rios-EN.json","hold","Current exercise status discrepancy; exact correction candidate prepared, other claims retained pending evidence.","clinical review pending","not applied; storage/approval/deployment pending","doctor:dr-luz-marina-zuluaga-rios",""
"https://www.myglobalhealth.online/spain/en/doctors/dr-maria-fernanda-ocampo-mora","en","doctor","sitemap","200","https://www.myglobalhealth.online/spain/en/doctors/dr-maria-fernanda-ocampo-mora","index, follow","","editorial page role; unmeasured","","1","9","0","2","Dr Maria Fernanda Ocampo Mora - General Medicine","Dr. María Fernanda Ocampo Mora, specialist in Emergency Medicine, General Medicine and Aesthetic Medicine. Extensive experience in Spain and Colombia. Online consultation at Global Health.","Dra. María Fernanda Ocampo Mora","{}","6","0","1","0","689c06bcec9b008c565a4ec98fb9b244e14097364549ecc39b38fd23fd71ce96","raw/api/doctors-dr-maria-fernanda-ocampo-mora-EN.json","change","Replace immediate-calendar/same-day boilerplate with current booking checks and recorded consultation languages; preserve existing emergency passage.","clinical review pending","not applied; storage/approval/deployment pending","doctor:dr-maria-fernanda-ocampo-mora",""
"https://www.myglobalhealth.online/spain/en/doctors/dr-romulo-brito","en","doctor","sitemap","200","https://www.myglobalhealth.online/spain/en/doctors/dr-romulo-brito","index, follow","","editorial page role; unmeasured","","2","9","0","6","Dr Romulo Brito - General Medicine | Global Health","Dr. Rómulo Brito González, specialist in Emergency Medicine and Urgent Care with more than 10 years of international experience. Attending Physician at Hospital Can Misses, Ibiza. Online consultation at Global Health.","Dr. Rómulo Andrés Brito González","{}","6","0","1","0","ded72ef652a0f4063e76ed267edcb953d6fb83c13c75dec22f9562c87991787f","raw/api/doctors-dr-romulo-brito-EN.json","change","Replace immediate-calendar/same-day boilerplate with current booking checks and recorded consultation languages; preserve existing emergency passage.","clinical review pending","not applied; storage/approval/deployment pending","doctor:dr-romulo-brito",""
"https://www.myglobalhealth.online/spain/en/doctors/dr-silvina-irale","en","doctor","sitemap","200","https://www.myglobalhealth.online/spain/en/doctors/dr-silvina-irale","index, follow","","editorial page role; unmeasured","","1","10","0","2","Dr Silvina Irale - Pediatric Primary Care | Global Health","Dr. María Silvina Irale Tunkiewicz, specialist in Pediatrics with more than 20 years of experience. Master's in Aesthetic and Anti-aging Medicine. Online consultation at Global Health.","Dra. María Silvina Irale Tunkiewicz","{}","6","0","1","0","6a1b40ea1f4763bf9bb6859eac89fe2661e6f10e6c3cc372ee65e74eb28943e7","raw/api/doctors-dr-silvina-irale-EN.json","change","Replace immediate-calendar/same-day boilerplate with current booking checks and recorded consultation languages; preserve existing emergency passage.","clinical review pending","not applied; storage/approval/deployment pending","doctor:dr-silvina-irale",""
"https://www.myglobalhealth.online/spain/en/doctors/dr-syed-tahir","en","doctor","sitemap","200","https://www.myglobalhealth.online/spain/en/doctors/dr-syed-tahir","index, follow","","editorial page role; unmeasured","","0","6","0","4","Dr Syed Tahir - General Medicine | Global Health","Dr. Syed Tahir, general physician specializing in public health and epidemiology. Trained in Cuba and the Netherlands, with international experience in medical research. Online consultation at Global Health.","Dr. Syed Tahir","{}","6","0","1","0","9763c96ace4b11eb3431c613cd7f6142fe7f4b0493978a046e98e6d5c50f084e","raw/api/doctors-dr-syed-tahir-EN.json","change","Replace immediate-calendar/same-day boilerplate with current booking checks and recorded consultation languages; preserve existing emergency passage.","clinical review pending","not applied; storage/approval/deployment pending","doctor:dr-syed-tahir",""
"https://www.myglobalhealth.online/spain/en/doctors/dr-tomas-ruiz-palacios","en","doctor","sitemap","200","https://www.myglobalhealth.online/spain/en/doctors/dr-tomas-ruiz-palacios","index, follow","","observed GSC query/page; no volume inference","%teléfono de la esperanza 717 003 717 official","0","12","0","15","Dr Tomas Ruiz Palacios - Psychologist | Global Health","Tomás Ruiz Palacios, General Health Psychologist specializing in cognitive-behavioral and relational systemic therapy. Care in Spanish and Italian. Online consultation at Global Health.","Tomás Ruiz Palacios","{}","6","0","1","0","bbdd7aac49ea8e86a881c38a197e649439a9e5c60b105a5464ab178a29ff7ac1","raw/api/doctors-dr-tomas-ruiz-palacios-EN.json","hold","Official registration not independently verified; exact correction candidate prepared, other claims retained pending evidence.","clinical review pending","not applied; storage/approval/deployment pending","doctor:dr-tomas-ruiz-palacios",""
"https://www.myglobalhealth.online/spain/en/faq","en","faq","sitemap","200","https://www.myglobalhealth.online/spain/en/faq","index, follow","","editorial page role; unmeasured","","0","1","0","0","Frequently asked questions — Spain · Global Health","Spain — Booking, payment, consultations, privacy, and when online care is not the right route. Can't find what you need? Drop us a line.","Questions, answered without the marketing speak.","{}","","","0","0","da9aa27bc007a003ad659db28e576c0bd15e6592a1c6f98dc7f6f585084186b1","raw/public-inventory-2026-09-13.json","retain with evidence","Live metadata, canonical and content retained; no demonstrated benefit from rewriting this page. Retention does not certify clinical/legal claims.","retained; no new certification","no mutation","",""
"https://www.myglobalhealth.online/spain/en/gp-consultation-online","en","gp-consultation-online","sitemap","200","https://www.myglobalhealth.online/spain/en/gp-consultation-online","index, follow","","editorial page role; unmeasured","","0","13","0","11","Online GP Consultation in España | Global Health","Online GP consultations with doctors registered with Organización Médica Colegial (colegios de médicos).","Online GP Consultation in España","{}","","","0","0","b8fb5ebdd2a20c764528ad98f0be9ce3f145a2b54a429088fa85e57e45c06291","raw/public-inventory-2026-09-13.json","retain with evidence","Live metadata, canonical and content retained; no demonstrated benefit from rewriting this page. Retention does not certify clinical/legal claims.","retained; no new certification","no mutation","",""
"https://www.myglobalhealth.online/spain/en/legal","en","legal","sitemap","200","https://www.myglobalhealth.online/spain/en/legal","index, follow","","editorial page role; unmeasured","","0","2","0","0","Legal information. · Spain · Global Health","Legal documents, company registration and regulatory details for Global Health in Spain.","Legal information.","{}","","","0","0","ba15cf7521eb4f35646b9845063511d3eec7fa6ca4ad7bba38aab536fdb1f760","raw/public-inventory-2026-09-13.json","retain with evidence","Legal body retained; actual status/canonical/robots recorded. No legal certification or new translation.","retained; no new certification","no mutation","",""
"https://www.myglobalhealth.online/spain/en/legal/complaints-procedure","en","legal","sitemap","200","https://www.myglobalhealth.online/spain/en/legal/complaints-procedure","index, follow","","observed GSC query/page; no volume inference","como denunciar | que pasa luego","0","20","0","16","Complaints Procedure · Spain · Global Health","Complaints Procedure. Legal documents, company registration and regulatory details for Global Health in Spain.","Complaints Procedure","{}","","","0","0","ae25de45cebc23a724c07f6ec18cb1de1d016a2a23470c2f0b46232ff1069086","raw/public-inventory-2026-09-13.json","retain with evidence","Legal body retained; actual status/canonical/robots recorded. No legal certification or new translation.","retained; no new certification","no mutation","",""
"https://www.myglobalhealth.online/spain/en/legal/cookie-policy","en","legal","sitemap","200","https://www.myglobalhealth.online/spain/en/legal/cookie-policy","index, follow","","editorial page role; unmeasured","","0","0","0","0","Cookie Policy · Spain · Global Health","Cookie Policy. Legal documents, company registration and regulatory details for Global Health in Spain.","Cookie Policy","{}","","","0","0","c02393a18bb0fcf820a2d4668bd8dc0a8dd381bc543a40ea9f371ecce43fd7be","raw/public-inventory-2026-09-13.json","retain with evidence","Legal body retained; actual status/canonical/robots recorded. No legal certification or new translation.","retained; no new certification","no mutation","",""
"https://www.myglobalhealth.online/spain/en/legal/medical-disclaimer","en","legal","internal link","200","https://www.myglobalhealth.online/spain/en/legal/medical-disclaimer","noindex, follow","","editorial page role; unmeasured","","0","0","0","0","Aviso Médico · Spain · Global Health","Aviso Médico. Legal documents, company registration and regulatory details for Global Health in Spain.","Aviso Médico","{}","","","0","0","964213c4124e6dc40e8259c40467041cf347046a1c216a1a0b04ef47d2f4f6f8","raw/public-inventory-2026-09-13.json","retain with evidence","Legal body retained; actual status/canonical/robots recorded. No legal certification or new translation.","retained; no new certification","no mutation","",""
"https://www.myglobalhealth.online/spain/en/legal/privacy-policy","en","legal","sitemap","200","https://www.myglobalhealth.online/spain/en/legal/privacy-policy","index, follow","","editorial page role; unmeasured","","0","0","0","0","Privacy Policy · Spain · Global Health","Privacy Policy. Legal documents, company registration and regulatory details for Global Health in Spain.","Privacy Policy","{}","","","0","0","ace77608dfb04c9a1f21b0b6bfd2b09ee55180c972e36f689ff9ab3d618121da","raw/public-inventory-2026-09-13.json","retain with evidence","Legal body retained; actual status/canonical/robots recorded. No legal certification or new translation.","retained; no new certification","no mutation","",""
"https://www.myglobalhealth.online/spain/en/legal/refund-policy","en","legal","sitemap","200","https://www.myglobalhealth.online/spain/en/legal/refund-policy","index, follow","","editorial page role; unmeasured","","0","0","0","0","Refund Policy · Spain · Global Health","Refund Policy. Legal documents, company registration and regulatory details for Global Health in Spain.","Refund Policy","{}","","","0","0","d1c5787713cf3152d5e2c74aab16edd32ae3771c759e15aa7fa8b32618dcbf73","raw/public-inventory-2026-09-13.json","retain with evidence","Legal body retained; actual status/canonical/robots recorded. No legal certification or new translation.","retained; no new certification","no mutation","",""
"https://www.myglobalhealth.online/spain/en/legal/terms-of-service","en","legal","sitemap","200","https://www.myglobalhealth.online/spain/en/legal/terms-of-service","index, follow","","editorial page role; unmeasured","","0","6","0","6","Terms and Conditions · Spain · Global Health","Terms and Conditions. Legal documents, company registration and regulatory details for Global Health in Spain.","Terms and Conditions","{}","","","0","0","26e6a1caae0e2c4eec1899291df679d0c6b423df73f530584291e1e65be84139","raw/public-inventory-2026-09-13.json","retain with evidence","Legal body retained; actual status/canonical/robots recorded. No legal certification or new translation.","retained; no new certification","no mutation","",""
"https://www.myglobalhealth.online/spain/en/press","en","press","sitemap","200","https://www.myglobalhealth.online/spain/en/press","index, follow","","editorial page role; unmeasured","","0","1","0","0","Press & Media — Global Health Spain","Press information about Global Health in Spain: who operates the service, how it is regulated, the markets we serve and how to reach our press contact.","Press & media","{}","","","0","0","b690360613de983971b3827530d056a1015e1485ff693e83ffdeaf38989cb1d9","raw/public-inventory-2026-09-13.json","retain with evidence","Live metadata, canonical and content retained; no demonstrated benefit from rewriting this page. Retention does not certify clinical/legal claims.","retained; no new certification","no mutation","",""
"https://www.myglobalhealth.online/spain/en/pricing","en","pricing","sitemap","200","https://www.myglobalhealth.online/spain/en/pricing","index, follow","","editorial page role; unmeasured","","0","0","0","0","Choose your monthly plan · Spain · Global Health","Monthly online GP care with consultation credits, specialist savings and wellness rewards, priced for Spain.","Care that renews with you","{}","","","0","0","55a3f62a2d68411f9bf69379aff2fdfa220844c1a73f615b5517bda3eba22e8b","raw/public-inventory-2026-09-13.json","retain with evidence","Live metadata, canonical and content retained; no demonstrated benefit from rewriting this page. Retention does not certify clinical/legal claims.","retained; no new certification","no mutation","",""
"https://www.myglobalhealth.online/spain/en/see-a-specialist","en","see-a-specialist","sitemap","200","https://www.myglobalhealth.online/spain/en/see-a-specialist","index, follow","","editorial page role; unmeasured","","0","2","0","5","Specialist care, matched to an active service · Spain","Global Health lists online specialist consultation services currently available in Spain. Availability depends on the service, clinician and appointment schedule. Some concerns need an in-person examination or another care setting.","Meet our registered specialists.","{}","","","0","0","55c46047a2563c7ca5545e27eeb7cd238e7566d24810a31bd3a17d18fd7d5471","raw/public-inventory-2026-09-13.json","retain with evidence","Live metadata, canonical and content retained; no demonstrated benefit from rewriting this page. Retention does not certify clinical/legal claims.","retained; no new certification","no mutation","",""
"https://www.myglobalhealth.online/spain/en/services/caida-cabello-online","en","service","sitemap","200","https://www.myglobalhealth.online/spain/en/services/caida-cabello-online","index, follow","","observed GSC query/page; no volume inference","which hair loss programs include doctor consultations?","1","25","2","9","Hair Loss Consultation Online Spain | Medical Assessment | Same Day","Losing hair or noticing thinning in Spain? Our OMC-registered GPs assess the medical cause of hair loss and advise on evidence-based management. Video consultation, same-day appointments anywhere in Spain.","Hair Loss Consultation — Medical Assessment Online, Same Day in Spain","{""seoTitle"":""Hair Loss Consultation Online Spain | Medical Assessment""}","8","0","0","0","81deb62f957ca97f890e29695e18ec19b2c0755bc013cc5f416cea46ca6ea3a1","raw/api/services-caida-cabello-online-EN.json","hold","Assigned clinician Luz: current exercise status discrepancy; operations clarification required; exact correction candidate prepared, other claims retained pending evidence. Luz: CGCOM alta sin ejercicio; operations clarification required; confirm lawful current exercise before promoting affected care.","clinical review pending","not applied; storage/approval/deployment pending","service:caida-cabello-online",""
"https://www.myglobalhealth.online/spain/en/services/cardiologo-online","en","service","sitemap","200","https://www.myglobalhealth.online/spain/en/services/cardiologo-online","index, follow","","editorial page role; unmeasured","","0","11","1","17","Cardiologist Online Spain | Specialist Cardiac Assessment | Same Day","Palpitations, ECG review, hypertension, or cardiac concern in Spain? Our specialist cardiologists offer expert assessments by video call with test review. Same-day appointments anywhere in Spain.","Specialist Cardiology — Online Cardiac Assessment in Spain","{""seoTitle"":""Cardiologist Online Spain | Specialist Cardiac Assessment""}","9","0","0","0","ee5251f5cc07dcac68250d6a723c443821f78eef4d684529402c948e7cb79f6d","raw/api/services-cardiologo-online-EN.json","hold","No current open appointment; retain routing and assignments; exact correction candidate prepared, other claims retained pending evidence. No current open appointment; operations must resolve supply without changing credentials.","clinical review pending","not applied; storage/approval/deployment pending","service:cardiologo-online",""
"https://www.myglobalhealth.online/spain/en/services/consulta-diagnotico-vascular","en","service","internal link","200","https://www.myglobalhealth.online/spain/en/services/consulta-diagnotico-vascular","noindex, follow","","editorial page role; unmeasured","","0","0","0","0","Vascular Diagnosis Consultation · Global Health","Learn about Vascular Diagnosis Consultation and book a consultation.","Diagnóstico Vascular Especialista — Revisión de Pruebas Online","{""heroDescription"":""Choose an available appointment and check the price before booking. Consultation languages: Spanish. The language of this page does not determine the consultation language. Have your medical reports and current medication list ready. Check the current appointment times; availability can change.""}","0","0","0","3","c3d8964c8dd8b9de9d397b7fa326a8a80a1691fd4643a05c7980b2fbe4679ac0","raw/api/services-consulta-diagnotico-vascular-EN.json","hold","Specialist scope unresolved: CGCOM lists assigned doctor as Médico General; exact correction candidate prepared, other claims retained pending evidence. Non-ES record stores no body and renders the ES body; body localization held with the service. Clinical source and native-language review required.","clinical review pending","not applied; storage/approval/deployment pending","service:consulta-diagnotico-vascular",""
"https://www.myglobalhealth.online/spain/en/services/consulta-flebologia-y-linfologia","en","service","internal link","200","https://www.myglobalhealth.online/spain/en/services/consulta-flebologia-y-linfologia","noindex, follow","","editorial page role; unmeasured","","0","0","0","1","Online Consultation Phlebology and Lymphology","Learn about Online Consultation Phlebology and Lymphology and book a consultation.","Flebología y Linfología Especialista — Consulta Online","{""heroDescription"":""Choose an available appointment and check the price before booking. Consultation languages: Spanish. The language of this page does not determine the consultation language. Have your medical reports and current medication list ready. Check the current appointment times; availability can change.""}","0","0","0","3","e18ea9457e159a9eeb8d0fbfab6e2ede96a6a778e58d177072b5edf96cdd1bc7","raw/api/services-consulta-flebologia-y-linfologia-EN.json","hold","Specialist scope unresolved: CGCOM lists assigned doctor as Médico General; exact correction candidate prepared, other claims retained pending evidence. Non-ES record stores no body and renders the ES body; body localization held with the service. Clinical source and native-language review required.","clinical review pending","not applied; storage/approval/deployment pending","service:consulta-flebologia-y-linfologia",""
"https://www.myglobalhealth.online/spain/en/services/consulta-medica-online","en","service","sitemap","200","https://www.myglobalhealth.online/spain/en/services/consulta-medica-online","index, follow","","observed GSC query/page; no volume inference","book online physician","0","75","7","524","Online Doctor Spain | English GP | Same-Day Appointment","Need a doctor in Spain today — in English? Our OMC-registered doctors offer full GP consultations by secure video call with full clinical documentation issued same day. No registration required.","English Doctor in Spain — Online, Same Day","{""seoTitle"":""Online GP consultation in Spain | Global Health"",""seoDescription"":""Consult a general medical doctor by video. Check the clinician’s consultation languages, price and available appointment times before booking."",""heroTitle"":""Online GP consultation in Spain""}","8","0","0","0","30f093a5bacabdb6bcfd354059842e79d747afcf5e9f6eb7278cb7a59dd58d2e","raw/api/services-consulta-medica-online-EN.json","hold","Assigned clinician Luz: current exercise status discrepancy; operations clarification required; exact correction candidate prepared, other claims retained pending evidence. Luz: CGCOM alta sin ejercicio; operations clarification required; confirm lawful current exercise before promoting affected care.","clinical review pending","not applied; storage/approval/deployment pending","service:consulta-medica-online",""
"https://www.myglobalhealth.online/spain/en/services/consulta-online-medicina-estetica","en","service","internal link","200","https://www.myglobalhealth.online/spain/en/services/consulta-online-medicina-estetica","noindex, follow","","editorial page role; unmeasured","","0","1","0","0","Online Aesthetic Medicine Consultation · Global Health","Learn about Online Aesthetic Medicine Consultation and book a consultation.","Medicina Estética Online — Valoración Médica Independiente","{""seoTitle"":""Online Aesthetic Medicine Spain | Independent Assessment"",""seoDescription"":""Online aesthetic medicine with a registered doctor in Spain. Independent pre-treatment assessment: suitability, expectations, risks, written plan."",""heroTitle"":""Online Aesthetic Medicine — Independent Medical Assessment"",""heroDescription"":""Choose an available appointment and check the price before booking. Consultation languages: Spanish. The language of this page does not determine the consultation language. Have your medical reports and current medication list ready. Check the current appointment times; availability can change."",""detailBody"":""<h2>Who this service is for</h2><p>This online aesthetic medicine consultation is appropriate for adults who want:</p><ul><li>A medical assessment before committing to a treatment — botulinum toxin, hyaluronic acid fillers, chemical peels, laser, mesotherapy, thread lifts or radiofrequency</li><li>To know what is and is not realistic in their case, before paying for a procedure</li><li>An independent second opinion on a treatment plan or quote proposed by another clinic</li><li>Guidance on a skin concern with an aesthetic component — wrinkles, laxity, pigmentation spots, enlarged pores, uneven texture, acne marks or redness</li><li>A home skincare plan using active ingredients with proven efficacy, before a procedure or instead of one</li><li>A review of progress after a recent aesthetic treatment, when there are no signs of an urgent complication</li><li>To understand what to check at an aesthetic clinic: who performs the procedure, with which product and with what informed consent</li><li>International residents and expats who prefer an assessment in Spanish</li></ul><h2>What this service is — and what it is not</h2><p>This consultation covers:</p><ul><li>Medical assessment of suitability: which treatment addresses which concern, and in what order</li><li>Realistic expectations — what change is achievable, over how many sessions and how long it lasts</li><li>Risks, contraindications and interactions with your medical history and current medication</li><li>A skincare plan with topical active ingredients and sun protection</li><li>A second opinion on a plan or quote from another clinic</li><li>Non-urgent post-treatment progress review</li><li>Coordinated referral to dermatology or to an in-person assessment where indicated</li></ul><p>This service does not cover:</p><ul><li>Performing the procedure. No injection, laser or peel can be carried out by video call: the consultation plans the treatment, it does not deliver it</li><li>Urgent complications after an injection. Severe, disproportionate pain, pale or purplish discolouration of the skin, and loss or blurring of vision after a filler are medical emergencies: go to the emergency department or call 112 immediately</li><li>Signs of infection after a procedure — fever, local warmth, discharge or worsening inflammation — which require in-person assessment the same day</li><li>Plastic surgery. Assessment for a surgical procedure is a matter for in-person plastic surgery</li><li>Suspicious skin lesions. A mole that changes, bleeds or itches needs in-person dermoscopy; the consultation advises you and coordinates the referral</li></ul><h2>Concerns commonly assessed</h2><ul><li>Dynamic expression lines — frown lines, forehead and around the eyes</li><li>Mild or moderate facial volume loss and laxity</li><li>Hyperpigmentation: melasma, solar lentigines and post-inflammatory marks</li><li>After-effects of acne — marks, atrophic scars and uneven texture</li><li>Persistent redness and rosacea with an aesthetic impact</li><li>Dark circles and tear troughs</li><li>Dull skin, enlarged pores and photoageing</li><li>Underarm or palmar hyperhidrosis</li><li>Unsatisfactory results or asymmetry after previous treatment</li></ul><h2>What the consultation includes</h2><p><strong>Assessment by secure video call</strong></p><p>The consultation takes place by encrypted video call. Before your appointment you can send well-lit photographs of the area that concerns you, along with reports or quotes from other clinics.</p><p><strong>Medical history and safety</strong></p><p>Relevant medical history, current medication, allergies, previous aesthetic treatments and goals are reviewed. Many of the contraindications in aesthetic medicine — pregnancy and breastfeeding, active autoimmune disease, anticoagulation, active skin infection, recurrent cold sores or recent isotretinoin treatment — only come to light when a medical history is taken without rushing.</p><p><strong>Written plan</strong></p><p>After the consultation you receive a written plan: which treatment is indicated, in what order, what less invasive alternative exists, what result can be expected and which warning signs to watch for if you do go ahead with treatment.</p><p><strong>Prescription where indicated</strong></p><p>Prescribing topical or systemic treatment is a clinical decision and is done only when it is appropriate after assessment.</p><p><strong>Coordinated referral</strong></p><p>When the case is a matter for dermatology, plastic surgery or an in-person assessment, the doctor says so clearly and coordinates the referral with the full report.</p><h2>Before you are treated: what to check</h2><p>Aesthetic medicine is medical practice. Before any procedure, it is worth checking:</p><ul><li>Who performs the treatment and what qualifications they hold — injecting botulinum toxin and fillers is a medical procedure</li><li>Exactly which product will be used, with what CE marking and in what quantity</li><li>That there is written informed consent, covering risks and alternatives</li><li>What complications protocol the clinic has and who responds outside consultation hours</li><li>What the price includes: number of sessions, follow-up review and touch-up</li></ul><h2>Aesthetic medicine in Spain — the access problem</h2><p>In Spain, the first aesthetic assessment is often offered free of charge at the same clinic that then sells the treatment. That assessment has value, but it is not independent: whoever carries it out has a direct financial interest in the procedure they recommend.</p><p>The result is predictable — treatments recommended to patients who did not need them, poorly calibrated expectations and quotes that are impossible to compare between clinics, because each one describes what it does using different trade names.</p><p>This consultation exists to fill that gap: a medical assessment paid for by the patient, with no treatment to sell, available from anywhere in Spain, in Spanish.</p>""}","0","0","0","3","345168b28c8a5ff25ea3641684de9f68d411e9a1ea01e90d8713763c6f328f48","raw/api/services-consulta-online-medicina-estetica-EN.json","change","No native or embedded FAQs; answer procedure limits, preparation and actual language. New ES base and translations in existing locales; no new URL. heroDescription: unsupported consultation language corrected against assigned doctor. Longer Spanish clinical body in non-ES records remains a separate localization hold. detailBody: unsupported consultation language corrected against assigned doctor. Longer Spanish clinical body in non-ES records remains a separate localization hold. Non-ES record stores no body and renders the ES body; localized title, description, H1 and body candidate prepared from the corrected ES source. Clinical and native-language review required.","clinical review pending","not applied; storage/approval/deployment pending","service:consulta-online-medicina-estetica",""
"https://www.myglobalhealth.online/spain/en/services/consulta-piel-online","en","service","sitemap","200","https://www.myglobalhealth.online/spain/en/services/consulta-piel-online","index, follow","","editorial page role; unmeasured","","0","4","0","3","Skin Consultation Online Spain | GP Assessment | Same Day","Rash, eczema, acne, or skin concern in Spain? Our OMC-registered GPs assess skin conditions by secure video call. Clinical assessment same day anywhere in Spain, in English.","Skin Consultation — GP Assessment Online, Same Day in Spain","{""seoTitle"":""Skin Consultation Online Spain | GP Assessment""}","10","0","0","0","ea391d992b4a5519e56efd7cac4ed3898cbc8635f38214839927e541c0132306","raw/api/services-consulta-piel-online-EN.json","hold","Assigned clinician Luz: current exercise status discrepancy; operations clarification required; exact correction candidate prepared, other claims retained pending evidence. Luz: CGCOM alta sin ejercicio; operations clarification required; confirm lawful current exercise before promoting affected care.","clinical review pending","not applied; storage/approval/deployment pending","service:consulta-piel-online",""
"https://www.myglobalhealth.online/spain/en/services/consulta-salud-vascular-circulatoria","en","service","internal link","200","https://www.myglobalhealth.online/spain/en/services/consulta-salud-vascular-circulatoria","noindex, follow","","editorial page role; unmeasured","","0","1","0","1","Vascular / Circulatory Health Consultation · Global Health","Learn about Vascular / Circulatory Health Consultation and book a consultation.","Salud Vascular y Circulatoria Online — Consulta Médica","{""seoTitle"":""Vascular & Circulatory Health Online Spain | Consultation"",""seoDescription"":""Heavy legs, varicose veins, swelling or cramps? Online medical assessment of your venous and circulatory health in Spain: test review, Doppler requests, plan."",""heroTitle"":""Online Vascular and Circulatory Health — Medical Consultation"",""heroDescription"":""Choose an available appointment and check the price before booking. Consultation languages: Spanish, English, Hungarian, German. The language of this page does not determine the consultation language. Have your medical reports and current medication list ready. Check the current appointment times; availability can change."",""detailBody"":""<h2>Who this service is for</h2><p>This vascular and circulatory health consultation is appropriate for adults with:</p><ul><li>A feeling of heavy or tired legs, especially at the end of the day or after many hours on their feet</li><li>Visible varicose veins, spider veins or reticular veins that are increasing over time</li><li>Ankle swelling in the evening that improves when the legs are raised</li><li>Night cramps, itching or restlessness in the legs with a venous pattern</li><li>Changes in skin colour on the leg: brownish (ochre) patches, hardening or eczema at the ankle</li><li>A family history of venous disease and questions about which prevention makes sense</li><li>A personal history of venous thrombosis and questions about current follow-up</li><li>Cardiovascular risk factors — smoking, diabetes, high blood pressure, dyslipidaemia, obesity, a sedentary lifestyle — and no vascular assessment yet</li><li>Calf pain when walking that eases with rest, to guide arterial investigation</li><li>A job with venous risk (prolonged standing, continuous sitting, frequent long journeys) and the need for a preventive plan</li><li>International residents and expats who need vascular care in Spanish, English, Hungarian or German</li></ul><h2>What this service is — and what it is not</h2><p>This consultation covers:</p><ul><li>Clinical assessment of non-urgent venous and circulatory symptoms</li><li>Review and interpretation of tests you already have: Doppler ultrasound, ankle-brachial index, blood tests</li><li>Assessment of overall cardiovascular risk and a plan to reduce it</li><li>Requests for venous or arterial Doppler ultrasound and blood tests when clinically indicated</li><li>Recommendation of compression therapy: type of stocking, compression class and how to use it</li><li>Evidence-based conservative measures — exercise, weight management, elevation, postural habits</li><li>Coordinated referral to phlebology, angiology or vascular surgery when appropriate</li></ul><p>This service does not cover:</p><ul><li>Vascular emergencies. Sudden pain and swelling in one leg, with warmth and redness, requires deep vein thrombosis to be ruled out the same day; if accompanied by chest pain or difficulty breathing, call 112 immediately</li><li>Acute arterial ischaemia — a cold, pale, painful leg with no pulse — which is an immediate hospital emergency</li><li>Performing the ultrasound scan. Doppler ultrasound is done in person: the consultation requests it and interprets the report, it does not perform it</li><li>Venous procedures. Sclerotherapy, endovenous ablation and varicose vein surgery require in-person assessment and treatment</li><li>Infected or slow-healing ulcers, which need in-person wound care and assessment</li></ul><h2>What the consultation includes</h2><p><strong>Focused vascular medical history</strong></p><p>How long symptoms have been present, their pattern through the day, personal and family history of thrombosis or varicose veins, pregnancies, medication (including contraceptives and hormone therapy), work activity and cardiovascular risk factors.</p><p><strong>Guided examination by video call</strong></p><p>The doctor guides you in showing the affected leg: distribution of varicose veins, oedema, skin changes and symmetry between both legs. You can send photographs before your appointment.</p><p><strong>Review of previous tests</strong></p><p>If you already have a Doppler ultrasound, an ankle-brachial index or blood tests, they are reviewed and interpreted during the consultation, and you are told what they mean in your particular case.</p><p><strong>Test requests</strong></p><p>When investigation is indicated, the request for venous or arterial Doppler ultrasound and blood tests is issued the same day, to be carried out at a centre near you.</p><p><strong>Written plan and compression therapy</strong></p><p>You receive a written plan with the indicated conservative measures and, where appropriate, a prescription for graduated compression in the right class, with an explanation of how and when to use it.</p><p><strong>Coordinated referral</strong></p><p>If the assessment points to advanced venous disease or arterial disease, the doctor coordinates referral to the specialist with the full report, so you do not have to start from scratch.</p><h2>When not to wait</h2><p>Go to the emergency department or call 112 if you develop:</p><ul><li>Sudden pain and swelling in one leg, with warmth or redness</li><li>Sudden-onset chest pain or difficulty breathing</li><li>A cold, pale, painful leg, with loss of sensation or strength</li><li>Bleeding from a varicose vein that does not stop with pressure and elevation</li><li>An ulcer with fever, discharge or cellulitis around it</li></ul><h2>Vascular health in Spain — the access problem</h2><p>Venous symptoms are extremely common and consistently downplayed. Most patients live for years with heavy legs and progressing varicose veins without anyone assessing venous reflux or recommending correct compression, until skin changes or an ulcer appear that are already difficult to reverse.</p><p>Chronic venous disease is progressive, and the measures that slow it — properly indicated compression, exercise, weight management and treatment of reflux when appropriate — are more effective the earlier they are applied.</p><p>This consultation makes that assessment possible without waiting and from anywhere in Spain, with same-day test requests when indicated.</p>""}","0","0","0","2","b35c7680bc0e4fc0001b412c20d0b33d3549200ea02992bb2059c36a463ddf25","raw/api/services-consulta-salud-vascular-circulatoria-EN.json","change","No native or embedded FAQs; answer procedure limits, preparation and actual language. New ES base and translations in existing locales; no new URL. heroDescription: unsupported consultation language corrected against assigned doctor. Longer Spanish clinical body in non-ES records remains a separate localization hold. detailBody: unsupported consultation language corrected against assigned doctor. Longer Spanish clinical body in non-ES records remains a separate localization hold. Non-ES record stores no body and renders the ES body; localized title, description, H1 and body candidate prepared from the corrected ES source. Clinical and native-language review required.","clinical review pending","not applied; storage/approval/deployment pending","service:consulta-salud-vascular-circulatoria",""
"https://www.myglobalhealth.online/spain/en/services/control-peso-online","en","service","sitemap","200","https://www.myglobalhealth.online/spain/en/services/control-peso-online","index, follow","","observed GSC query/page; no volume inference","online obesity management","1","6","0","5","Weight Management Online Spain | Medical Assessment | English Doctor","Struggling to lose weight despite diet and lifestyle changes? Our OMC-registered doctors assess the medical and metabolic factors behind your weight by video call. Clinical assessment same day anywhere in Spain.","Weight Management — Medical Assessment and Personalised Plan in Spain","{}","7","0","0","0","f53bd67e17d73f56cf17afe2e9ccccdc8f40480db95528834194342682fa908d","raw/public-inventory-2026-09-13.json","hold","Live metadata, canonical and content retained; no demonstrated benefit from rewriting this page. Retention does not certify clinical/legal claims. Luz: CGCOM alta sin ejercicio; operations clarification required; confirm lawful current exercise before promoting affected care.","retained; no new certification","no mutation","",""
"https://www.myglobalhealth.online/spain/en/services/dejar-de-fumar-online","en","service","sitemap","200","https://www.myglobalhealth.online/spain/en/services/dejar-de-fumar-online","index, follow","","editorial page role; unmeasured","","0","7","0","19","Smoking Cessation Online Spain | Medical Support | English Doctor","Want to stop smoking with medical support in Spain? Our OMC-registered GPs assess your tobacco dependence and create a personalised plan by video call. Same-day appointments available anywhere in Spain.","Smoking Cessation — Medical Assessment and Personalised Plan in Spain","{}","9","0","0","0","74ea8be2e6a6d00de2e40bcf4810f852053717b56f131761350b6ba487866dbc","raw/public-inventory-2026-09-13.json","hold","Live metadata, canonical and content retained; no demonstrated benefit from rewriting this page. Retention does not certify clinical/legal claims. Luz: CGCOM alta sin ejercicio; operations clarification required; confirm lawful current exercise before promoting affected care.","retained; no new certification","no mutation","",""
"https://www.myglobalhealth.online/spain/en/services/derivaciones-pruebas-online","en","service","sitemap","200","https://www.myglobalhealth.online/spain/en/services/derivaciones-pruebas-online","index, follow","","editorial page role; unmeasured","","0","19","0","11","Referrals & Investigations Online Spain | Blood Tests | English Doctor","Need a specialist referral letter, blood tests, or imaging in Spain? Our OMC-registered GPs issue clinical documentation after full assessment. Same-day appointments available anywhere in Spain.","Referrals & Investigations — Clinical Documentation Online, Same Day","{}","8","0","0","0","da828f0aae8b0e722c7c7dbd97fd5a939a5e0bbed2932c050d72016758270900","raw/public-inventory-2026-09-13.json","hold","Live metadata, canonical and content retained; no demonstrated benefit from rewriting this page. Retention does not certify clinical/legal claims. Luz: CGCOM alta sin ejercicio; operations clarification required; confirm lawful current exercise before promoting affected care.","retained; no new certification","not applied; storage/approval/deployment pending","","link:cmre7soee002sg8ju1hnpt499"
"https://www.myglobalhealth.online/spain/en/services/dermatologia-especialista-online","en","service","sitemap","200","https://www.myglobalhealth.online/spain/en/services/dermatologia-especialista-online","index, follow","","observed GSC query/page; no volume inference","atencion dermatologica online | dermatología online | consulta virtual dermatologo | dermatologos online | online dermatology consultation","0","224","0","0","Specialist Dermatology Online Spain | Dermatologist | Same Day","Complex skin condition, severe acne, or suspicious lesion? Our OMC-registered dermatologists offer specialist assessments by video call with high-resolution image analysis. Same-day appointments anywhere in Spain.","Specialist Dermatology — Online Assessment with Dermatologist, Same Day","{""seoTitle"":""Specialist Dermatology Online Spain | Dermatologist""}","9","0","3","0","34fb46e375c134ee013262e138248abdbba5024865ada4ce0dbe057b87f98ce6","raw/api/services-dermatologia-especialista-online-EN.json","change","Remove unconditional same-day title; availability is dynamic. Replace image-only dermatoscopy/definitive-diagnosis and same-day biopsy claims; retain six other answers. Clinical review required.","clinical review pending","not applied; storage/approval/deployment pending","service:dermatologia-especialista-online",""
"https://www.myglobalhealth.online/spain/en/services/enfermedades-cronicas-online","en","service","sitemap","200","https://www.myglobalhealth.online/spain/en/services/enfermedades-cronicas-online","index, follow","","editorial page role; unmeasured","","0","6","0","2","Chronic Disease Management Online Spain | GP Follow-up | Same Day","Managing hypertension, diabetes, thyroid, or another long-term condition in Spain? Our OMC-registered GPs provide ongoing clinical follow-up by video call. Same-day appointments available anywhere in Spain.","Chronic Disease Management — Ongoing GP Follow-up Online in Spain","{""seoTitle"":""Chronic Disease Management Online Spain | GP Follow-up""}","8","0","0","0","b2808e9819133962c643de0729c854dcef3148852d8304d2b0301d811b34a687","raw/api/services-enfermedades-cronicas-online-EN.json","hold","Assigned clinician Luz: current exercise status discrepancy; operations clarification required; exact correction candidate prepared, other claims retained pending evidence. Luz: CGCOM alta sin ejercicio; operations clarification required; confirm lawful current exercise before promoting affected care.","clinical review pending","not applied; storage/approval/deployment pending","service:enfermedades-cronicas-online","link:cmre7skhw002kg8judewg26hr"
"https://www.myglobalhealth.online/spain/en/services/justificante-medico-online","en","service","sitemap","200","https://www.myglobalhealth.online/spain/en/services/justificante-medico-online","index, follow","","observed GSC query/page; no volume inference","doctors note spain fast | doctors note spain same day","1","190","1","100","Medical Certificate Online Spain | Sick Note | English Doctor","Need a medical certificate or sick note in Spain today? Our OMC-registered doctors assess your symptoms by video call and issue private medical certificates where clinically justified. Same-day, in English.","Medical Certificate in Spain — Online Assessment, Same Day","{""seoTitle"":""Justificante Médico Online España | Certificado Médico Privado""}","8","0","0","0","329539df594859b1f6455eccb23280191ba631036c6af7b070c5669f4f1e7f2c","raw/api/services-justificante-medico-online-ES.json","hold","Assigned clinician Luz: current exercise status discrepancy; operations clarification required; exact correction candidate prepared, other claims retained pending evidence. Luz: CGCOM alta sin ejercicio; operations clarification required; confirm lawful current exercise before promoting affected care.","clinical review pending","not applied; storage/approval/deployment pending","service:justificante-medico-online",""
"https://www.myglobalhealth.online/spain/en/services/medicina-viaje-online","en","service","sitemap","200","https://www.myglobalhealth.online/spain/en/services/medicina-viaje-online","index, follow","","editorial page role; unmeasured","","0","0","0","0","Travel Health Online Spain | Malaria Prophylaxis | English Doctor","Travelling from Spain to a malaria zone or higher-risk destination? Our OMC-registered GPs assess travel health risks and manage clinical documentation for malaria prophylaxis. Same-day appointments in English.","Travel Health Consultation — Medical Assessment Before You Go","{}","10","0","0","0","74828f9d599704637f6d8557ecaf00d8a33fb6f7959e196ba08c0c01ca016035","raw/public-inventory-2026-09-13.json","hold","Live metadata, canonical and content retained; no demonstrated benefit from rewriting this page. Retention does not certify clinical/legal claims. Luz: CGCOM alta sin ejercicio; operations clarification required; confirm lawful current exercise before promoting affected care.","retained; no new certification","no mutation","",""
"https://www.myglobalhealth.online/spain/en/services/musculoesqueletico-online","en","service","sitemap","200","https://www.myglobalhealth.online/spain/en/services/musculoesqueletico-online","index, follow","","editorial page role; unmeasured","","0","3","0","1","Musculoskeletal Assessment Online Spain | Back Pain | English Doctor","Back pain, joint pain, sciatica, or muscle injury in Spain? Our OMC-registered GPs assess musculoskeletal conditions by secure video call. Clinical assessment same day anywhere in Spain, in English.","Musculoskeletal Assessment — Online, Same Day in Spain","{}","9","0","0","0","5d81bd28efe1a54a7380b067739d64d6126093318f367a2684f10b9889ee209c","raw/public-inventory-2026-09-13.json","hold","Live metadata, canonical and content retained; no demonstrated benefit from rewriting this page. Retention does not certify clinical/legal claims. Luz: CGCOM alta sin ejercicio; operations clarification required; confirm lawful current exercise before promoting affected care.","retained; no new certification","not applied; storage/approval/deployment pending","","link:cmre7tkdz004mg8juc9wpct8q"
"https://www.myglobalhealth.online/spain/en/services/neurologo-online","en","service","internal link","404","https://www.myglobalhealth.online","noindex","","editorial page role; unmeasured","","0","0","0","0","Page not found · Global Health","Online medical consultations with licensed clinicians across Ireland, Czechia, Portugal, Spain, and Romania.","","{}","","","0","0","755a616ce8f187b12490761f6235c34ecce4c7a00b5dedc30e62781dacfb1097","raw/public-inventory-2026-09-13.json","hold","Linked unavailable specialty; remove source callouts after approved exact manifest. Do not create or redirect unavailable care.","retained; no new certification","no mutation","",""
"https://www.myglobalhealth.online/spain/en/services/pediatra-especialista-online","en","service","internal link","404","https://www.myglobalhealth.online","noindex","","editorial page role; unmeasured","","0","0","0","0","Page not found · Global Health","Online medical consultations with licensed clinicians across Ireland, Czechia, Portugal, Spain, and Romania.","","{}","","","0","0","6752dbfe27af2d98c2f832eff979b73a09101132e687cea4eb21af7599fdddcf","raw/public-inventory-2026-09-13.json","hold","Linked unavailable specialty; remove source callouts after approved exact manifest. Do not create or redirect unavailable care.","retained; no new certification","no mutation","",""
"https://www.myglobalhealth.online/spain/en/services/pediatria-online","en","service","sitemap","200","https://www.myglobalhealth.online/spain/en/services/pediatria-online","index, follow","","editorial page role; unmeasured","","0","8","1","14","Paediatric GP Online Spain | Children's Doctor | Same Day","Child unwell in Spain? Our OMC-registered GPs assess children's health concerns by secure video call. No waiting room, same-day appointments available anywhere in Spain, in English.","Paediatric GP Consultation — Children's Doctor Online, Same Day in Spain","{""seoTitle"":""Paediatric GP Online Spain | Children's Doctor""}","10","0","0","0","71a79f7a99b18652b98d0ea29e7b7b30bd4c0f80e4924e1419482087856d1d55","raw/api/services-pediatria-online-EN.json","change","Remove unconditional same-day title; availability is dynamic.","clinical review pending","not applied; storage/approval/deployment pending","service:pediatria-online","link:cmre7ts6t0052g8ju6asq61tw"
"https://www.myglobalhealth.online/spain/en/services/psicologo-online","en","service","sitemap","200","https://www.myglobalhealth.online/spain/en/services/psicologo-online","index, follow","","observed GSC query/page; no volume inference","online psychologist | online therapy in english spain | therapist online | child psychologist online | online psychologist therapy","1","222","0","0","Psychologist Online Spain | Therapy | Registered Clinical Psychologist","Anxiety, depression, trauma, or psychological concern in Spain? Our registered clinical psychologists offer psychotherapy and psychological assessment by secure video call. Same-day appointments in English.","Clinical Psychology — Online Therapy with Registered Psychologist in Spain","{}","10","0","0","0","04564d1ec9b26fa97fa6030bd1a60d7eb91a1f45f798567c7e92914b14fe4af2","raw/public-inventory-2026-09-13.json","change","Live metadata, canonical and content retained; no demonstrated benefit from rewriting this page. Retention does not certify clinical/legal claims.","retained; no new certification","not applied; storage/approval/deployment pending","","link:cmre7t1od003kg8jujyc8vdtm"
"https://www.myglobalhealth.online/spain/en/services/psiquiatra-online","en","service","sitemap","200","https://www.myglobalhealth.online/spain/en/services/psiquiatra-online","index, follow","","observed GSC query/page; no volume inference","psiquiatra online | psiquiatra online españa | cita psiquiatra online | mejor psiquiatra online | psiquiatra consulta online","2","241","3","60","Psychiatrist Online Spain | Specialist Psychiatric Assessment | Same Day","Complex mental health condition, ADHD, bipolar disorder, or psychiatric concern in Spain? Our specialist psychiatrists offer expert assessments by secure video call. Same-day appointments available in English.","Specialist Psychiatry — Online Psychiatric Assessment in Spain","{""seoTitle"":""Psychiatrist Online Spain | Specialist Psychiatric Assessment""}","10","0","0","0","1ac7354ca2a9c833a55ce2f64377a28d69c8760442737036f8acb66b256f6081","raw/api/services-psiquiatra-online-EN.json","change","Remove unconditional same-day title; availability is dynamic.","clinical review pending","not applied; storage/approval/deployment pending","service:psiquiatra-online",""
"https://www.myglobalhealth.online/spain/en/services/renovacion-tratamiento-online","en","service","sitemap","200","https://www.myglobalhealth.online/spain/en/services/renovacion-tratamiento-online","index, follow","","editorial page role; unmeasured","","0","3","0","3","Treatment Renewal Online Spain | Clinical Review | English Doctor","Need to continue a stable treatment in Spain? Our OMC-registered doctors conduct a full clinical review by video call and issue appropriate documentation where indicated. Same day, no registration required.","Treatment Renewal in Spain — Clinical Review with OMC-Registered Doctor","{}","8","0","0","0","1aa216f28aa25aebd18cd056583598f4d4e238ea9531d99ee66800b1d7af93d0","raw/public-inventory-2026-09-13.json","hold","Live metadata, canonical and content retained; no demonstrated benefit from rewriting this page. Retention does not certify clinical/legal claims. Luz: CGCOM alta sin ejercicio; operations clarification required; confirm lawful current exercise before promoting affected care.","retained; no new certification","no mutation","",""
"https://www.myglobalhealth.online/spain/en/services/salud-femenina-online","en","service","sitemap","200","https://www.myglobalhealth.online/spain/en/services/salud-femenina-online","index, follow","","editorial page role; unmeasured","","0","7","1","7","Women's Health Online Spain | Confidential Assessment | English Doctor","Contraception, hormonal health, menopause, or women's health concern in Spain? Our OMC-registered doctors offer confidential clinical assessments by secure video call. Same-day appointments available.","Women's Health — Confidential Clinical Assessment in Spain","{}","9","0","0","0","95b51d539dc4d7ff20dcfaf9abd19f2060e04ee2422b227efaafc4365613ac3c","raw/public-inventory-2026-09-13.json","hold","Live metadata, canonical and content retained; no demonstrated benefit from rewriting this page. Retention does not certify clinical/legal claims. Luz: CGCOM alta sin ejercicio; operations clarification required; confirm lawful current exercise before promoting affected care.","retained; no new certification","no mutation","",""
"https://www.myglobalhealth.online/spain/en/services/salud-masculina-online","en","service","sitemap","200","https://www.myglobalhealth.online/spain/en/services/salud-masculina-online","index, follow","","editorial page role; unmeasured","","0","0","0","0","Men's Health Online Spain | Confidential Assessment | English Doctor","Erectile dysfunction, testosterone, libido, or men's health concern in Spain? Our OMC-registered doctors offer confidential clinical assessments by secure video call. Same-day appointments available.","Men's Health — Confidential Clinical Assessment in Spain","{}","8","0","0","0","4e1b6f80edd857284c07f9d34f6ce02e7a70557a37e49f138b93346dd852e914","raw/public-inventory-2026-09-13.json","hold","Live metadata, canonical and content retained; no demonstrated benefit from rewriting this page. Retention does not certify clinical/legal claims. Luz: CGCOM alta sin ejercicio; operations clarification required; confirm lawful current exercise before promoting affected care.","retained; no new certification","no mutation","",""
"https://www.myglobalhealth.online/spain/en/services/salud-mental-online","en","service","sitemap","200","https://www.myglobalhealth.online/spain/en/services/salud-mental-online","index, follow","","observed GSC query/page; no volume inference","servicios de psiquiatria online | depression clinic spain","0","27","0","29","Mental Health Online Spain | Clinical Assessment | English Doctor","Anxiety, depression, burnout, or mental health concern in Spain? Our OMC-registered doctors offer confidential GP-level mental health assessments by secure video call. Same-day appointments available.","Mental Health Assessment — Online, Confidential, in Spain","{}","8","0","0","0","529496373524f68e021dc5b04a36948c24f40f0e2c2c5572180d51450f95e11c","raw/public-inventory-2026-09-13.json","hold","Live metadata, canonical and content retained; no demonstrated benefit from rewriting this page. Retention does not certify clinical/legal claims. Luz: CGCOM alta sin ejercicio; operations clarification required; confirm lawful current exercise before promoting affected care.","retained; no new certification","not applied; storage/approval/deployment pending","","link:cmre7stv60034g8juje70ar9l"
"https://www.myglobalhealth.online/spain/en/services/segunda-opinion-medica","en","service","sitemap","200","https://www.myglobalhealth.online/spain/en/services/segunda-opinion-medica","index, follow","","editorial page role; unmeasured","","0","0","0","0","Second Medical Opinion Online Spain | Independent Assessment | Same Day","Not sure about a diagnosis or treatment plan in Spain? Our OMC-registered doctors provide independent second medical opinions by secure video call. Same-day appointments available anywhere in Spain.","Second Medical Opinion — Independent Clinical Assessment in Spain","{""seoTitle"":""Second Medical Opinion Online Spain | Independent Assessment""}","9","0","0","0","207050870e13ba560b7a01328ee9e0af23d68bbc5af0edcc8e739f50c3acfc8b","raw/api/services-segunda-opinion-medica-EN.json","hold","Assigned clinician Luz: current exercise status discrepancy; operations clarification required; exact correction candidate prepared, other claims retained pending evidence. Luz: CGCOM alta sin ejercicio; operations clarification required; confirm lawful current exercise before promoting affected care.","clinical review pending","not applied; storage/approval/deployment pending","service:segunda-opinion-medica","link:cmre7u1jt005mg8jutxyy9pz0"
"https://www.myglobalhealth.online/spain/en/tools/adhd-test","en","tool","sitemap","200","https://www.myglobalhealth.online/spain/en/tools/adhd-test","index, follow","","editorial page role; unmeasured","","0","6","0","32","ADHD Test Spain | Free Adult ADHD Screening · Global Health","Take the six-question adult ADHD screener (ASRS v1.1 Part A) and see what your answers mean. A screening result is not a diagnosis — only a psychiatrist or clinical psychologist can make one.","ADHD test Spain","{}","","","0","0","a401b60b0149217282cd515ba8c2d0b0263290fed32b43c2bc69fc7a6f50aa26","raw/public-inventory-2026-09-13.json","retain with evidence","Live metadata, canonical and content retained; no demonstrated benefit from rewriting this page. Retention does not certify clinical/legal claims.","retained; no new certification","no mutation","",""
"https://www.myglobalhealth.online/spain/en/tools/blood-pressure-chart","en","tool","sitemap","200","https://www.myglobalhealth.online/spain/en/tools/blood-pressure-chart","index, follow","","editorial page role; unmeasured","","0","7","0","10","Blood Pressure Chart Spain | What Your Reading Means","Check your systolic and diastolic numbers against the European adult blood pressure chart. See the category, what it means, and which readings need medical care the same day.","Blood pressure chart Spain","{}","","","0","0","dcaf64a17467766cfad67b27631173801323fd428b4480c46cbbe2dfac0e46a9","raw/public-inventory-2026-09-13.json","retain with evidence","Live metadata, canonical and content retained; no demonstrated benefit from rewriting this page. Retention does not certify clinical/legal claims.","retained; no new certification","no mutation","",""
"https://www.myglobalhealth.online/spain/en/tools/bmi-calculator","en","tool","sitemap","200","https://www.myglobalhealth.online/spain/en/tools/bmi-calculator","index, follow","","editorial page role; unmeasured","","0","6","1","21","BMI Calculator Spain | Free Body Mass Index Check","Work out your body mass index in seconds. Metric or imperial, WHO adult categories, and what your result actually means — with registered doctors if you want to go further.","BMI calculator Spain","{}","","","0","0","3eb31561bd4b7384d1978b21f307928fa93dd00ca4075d4426fb5e4aa39981d1","raw/public-inventory-2026-09-13.json","retain with evidence","Live metadata, canonical and content retained; no demonstrated benefit from rewriting this page. Retention does not certify clinical/legal claims.","retained; no new certification","no mutation","",""
"https://www.myglobalhealth.online/spain/en/tools/calorie-calculator","en","tool","sitemap","200","https://www.myglobalhealth.online/spain/en/tools/calorie-calculator","index, follow","","editorial page role; unmeasured","","0","1","0","18","Calorie Calculator Spain | Daily Calorie Needs","Work out how many calories you need a day to maintain, lose or gain weight. Mifflin-St Jeor equation, five activity levels, and what the numbers actually mean — with registered doctors if you want to go further.","Calorie calculator Spain","{}","","","0","0","08dc8cd021f024122afbec9c4a524ae5dad2daa84d29bc5c4fd60ab8b3c83328","raw/public-inventory-2026-09-13.json","retain with evidence","Live metadata, canonical and content retained; no demonstrated benefit from rewriting this page. Retention does not certify clinical/legal claims.","retained; no new certification","no mutation","",""
"https://www.myglobalhealth.online/spain/en/tools/due-date-calculator","en","tool","sitemap","200","https://www.myglobalhealth.online/spain/en/tools/due-date-calculator","index, follow","","editorial page role; unmeasured","","1","10","0","12","Due Date Calculator Spain | Pregnancy Week by Week","Work out your estimated due date and how many weeks pregnant you are from the first day of your last period. Adjusts for your cycle length, with the full 40-week breakdown.","Due date calculator Spain","{}","","","0","0","4c8159924fe098b0486a5fb01ed5b4a61a52b7869af5a2bf4e2fe5297ee79cf1","raw/public-inventory-2026-09-13.json","retain with evidence","Live metadata, canonical and content retained; no demonstrated benefit from rewriting this page. Retention does not certify clinical/legal claims.","retained; no new certification","no mutation","",""
"https://www.myglobalhealth.online/spain/en/tools/osteoporosis-risk-checker","en","tool","sitemap","200","https://www.myglobalhealth.online/spain/en/tools/osteoporosis-risk-checker","index, follow","","observed GSC query/page; no volume inference","osteoporosis risk assessment | osteoporosis test | bone density test covered by ohip | osteoporosis risk calculator","0","16","0","8","Osteoporosis Risk Checker Spain | Should You Get a Bone Density Scan?","Check the published risk factors for osteoporosis and fragility fracture, and see whether guidelines recommend you be assessed. Not FRAX, not a diagnosis — a case-finding checklist you can bring to a doctor.","Osteoporosis risk checker Spain","{}","","","0","0","13588ecfcfeaf4bf1f088a6867583d92936ce144f40e59a62bde53ae861f893d","raw/public-inventory-2026-09-13.json","retain with evidence","Live metadata, canonical and content retained; no demonstrated benefit from rewriting this page. Retention does not certify clinical/legal claims.","retained; no new certification","no mutation","",""
"https://www.myglobalhealth.online/spain/en/tools/ovulation-calculator","en","tool","sitemap","200","https://www.myglobalhealth.online/spain/en/tools/ovulation-calculator","index, follow","","editorial page role; unmeasured","","0","3","0","1","Ovulation Calculator Spain | Fertile Window Dates","Work out your fertile window and estimated ovulation day from the first day of your last period. Adjusts for your own cycle length, with the six most fertile days set out day by day.","Ovulation calculator Spain","{}","","","0","0","8b64bb5f097aefa8e84d627d45a4a06f4801017a09cee34f9e39d74a01589ef0","raw/public-inventory-2026-09-13.json","retain with evidence","Live metadata, canonical and content retained; no demonstrated benefit from rewriting this page. Retention does not certify clinical/legal claims.","retained; no new certification","no mutation","",""
"https://www.myglobalhealth.online/spain/en/tools/sore-throat-checker","en","tool","sitemap","200","https://www.myglobalhealth.online/spain/en/tools/sore-throat-checker","index, follow","","editorial page role; unmeasured","","0","0","0","0","Tonsillitis or Strep Throat? Checker Spain · Global Health","Answer five questions about your sore throat and see how likely a bacterial cause is, using the McIsaac score clinicians use. Includes the warning signs that need urgent care. Not a diagnosis and not a strep test.","Tonsillitis and strep throat checker Spain","{}","","","0","0","b6c3054a8e0b5ebf7f91de57a40cdb5a8184f952a44f1df88df861f3512f4875","raw/public-inventory-2026-09-13.json","retain with evidence","Live metadata, canonical and content retained; no demonstrated benefit from rewriting this page. Retention does not certify clinical/legal claims.","retained; no new certification","no mutation","",""
"https://www.myglobalhealth.online/spain/es","es","home","sitemap","200","https://www.myglobalhealth.online/spain/es","index, follow","","observed GSC query/page; no volume inference","medicos online | global health | healthy online | consulta medica online | medicina online","9","2433","6","1183","Médico Online España | Médicos y Especialistas Colegiados","Consulte hoy con un médico colegiado por videollamada — medicina general, certificados médicos, derivaciones a especialistas. Mismo día en España.","Atención médica online en España","{}","","","0","0","2704626d79134e2999a721a39b45000031499ae8c56387a76f2044a4b78529d6","raw/public-inventory-2026-09-13.json","retain with evidence","Live metadata, canonical and content retained; no demonstrated benefit from rewriting this page. Retention does not certify clinical/legal claims.","retained; no new certification","no mutation","",""
"https://www.myglobalhealth.online/spain/es/about","es","about","sitemap","200","https://www.myglobalhealth.online/spain/es/about","index, follow","","editorial page role; unmeasured","","0","1","0","10","Sobre Global Health España | Médicos online · Global Health","Global Health España: consultas online por videollamada con médicos colegiados en Colegio Oficial de Médicos, en Español / Inglés. Qué ofrecemos y quiénes somos.","Sobre Global Health España","{}","","","0","0","29527d4598133108ba73d535a8b201f2bd54b6258c5bbc42b9c3713d3c77d448","raw/public-inventory-2026-09-13.json","retain with evidence","Live metadata, canonical and content retained; no demonstrated benefit from rewriting this page. Retention does not certify clinical/legal claims.","retained; no new certification","no mutation","",""
"https://www.myglobalhealth.online/spain/es/blog","es","blog","sitemap","200","https://www.myglobalhealth.online/spain/es/blog","index, follow","","editorial page role; unmeasured","","0","1","0","1","Guías de salud de médicos colegiados en España","Guías de salud basadas en evidencia para España, escritas y revisadas por nuestro equipo médico. Sin anuncios.","Guías de salud de médicos colegiados.","{}","","","0","0","cc99b69a1f71ce0dccaa0711ba973fba976dfa60b5bc67c2b6eab6ee59306432","raw/public-inventory-2026-09-13.json","retain with evidence","Live metadata, canonical and content retained; no demonstrated benefit from rewriting this page. Retention does not certify clinical/legal claims.","retained; no new certification","no mutation","",""
"https://www.myglobalhealth.online/spain/es/blog/baja-laboral-por-ansiedad-como-funciona","es","article","sitemap","200","https://www.myglobalhealth.online/spain/es/blog/baja-laboral-por-ansiedad-como-funciona","index, follow","","observed GSC query/page; no volume inference","mi médico no me da la baja por ansiedad | baja por ansiedad | baja mental | estoy de baja por ansiedad y me ha llamado la mutua | cuando te llama la mutua estando de baja por ansiedad","10","922","0","0","Baja laboral por ansiedad: quién la emite en España","Baja laboral por ansiedad en España: quién emite el parte de baja, qué evalúa el médico, qué información recibe la empresa y qué es la inspección médica.","Baja laboral por ansiedad: quién la emite y qué se evalúa","{}","","","0","0","7ac95b970b259d87fa731c57cf357226ec26d59a59db2d520b127583bfa97faa","raw/public-inventory-2026-09-13.json","hold","State sick-leave commercial fit remains held (ledger §53). BOE Art.2: public service/mutua route; no cluster expansion.","retained; no new certification","no mutation","",""
"https://www.myglobalhealth.online/spain/es/blog/como-bajar-la-tension-que-funciona-segun-la-evidencia","es","article","sitemap","200","https://www.myglobalhealth.online/spain/es/blog/como-bajar-la-tension-que-funciona-segun-la-evidencia","index, follow","","observed GSC query/page; no volume inference","como bajar la tension arterial | como bajar rapido la tension | disminución de la tensión | para bajar la tension | para bajar la tension arterial","0","11","0","0","Cómo bajar la tensión alta: qué funciona de verdad","Cinco medidas con efecto medido sobre la tensión, si se puede bajar rápido, qué dice la guía ESC 2024 sobre infusiones y remedios, y cuándo llamar al 112.","Cómo bajar la tensión: lo que funciona según las guías y lo que solo parece funcionar","{}","","","0","0","ee2163664377be1b37f02ab30192c4303a7bad0896cb40e3899bbd35e2cd76f2","raw/public-inventory-2026-09-13.json","retain with evidence","Live metadata, canonical and content retained; no demonstrated benefit from rewriting this page. Retention does not certify clinical/legal claims.","retained; no new certification","no mutation","",""
"https://www.myglobalhealth.online/spain/es/blog/dermatologo-online-que-puede-resolver","es","article","sitemap","200","https://www.myglobalhealth.online/spain/es/blog/dermatologo-online-que-puede-resolver","index, follow","","observed GSC query/page; no volume inference","dermatologo online | consulta dermatologo online | consulta dermatológica en línea | dermatología online | dermatologo atencion online","2","305","0","0","Dermatólogo online: qué resuelve y qué no · Global Health","Dermatólogo online en España: qué problemas de piel se resuelven por vídeo o fotografía, cuáles exigen consulta presencial y cómo hacer buenas fotos.","Dermatólogo online: qué puede resolver y qué necesita ser presencial","{}","","","0","0","5b57c2ff303f2f4eb9864c2d32e66c439c1fd0e2f555264d99c6b62c680e1429","raw/public-inventory-2026-09-13.json","retain with evidence","Live metadata, canonical and content retained; no demonstrated benefit from rewriting this page. Retention does not certify clinical/legal claims.","retained; no new certification","no mutation","",""
"https://www.myglobalhealth.online/spain/es/blog/diabetes-una-enfermedad-silenciosa","es","article","sitemap","200","https://www.myglobalhealth.online/spain/es/blog/diabetes-una-enfermedad-silenciosa","index, follow","","editorial page role; unmeasured","","0","4","0","7","Diabetes en España: Causas, Síntomas, Tratamiento y el Futuro de la Atención","Más de 5,1 millones de españoles viven con diabetes. Guía completa sobre causas, síntomas, tratamientos actuales —incluyendo GLP-1 y SGLT2— la importancia de los controles regulares y los avances futuros. Escrito por el Dr. Tiago Miguel Figueira, Ordem dos Médicos n.º 77986.","Diabetes una enfermedad silenciosa","{}","","","0","0","07b3ee5f344e5fe84a75c2cf591a54e099d34b29c7cab390c2c998af5202f1fa","raw/public-inventory-2026-09-13.json","retain with evidence","Live metadata, canonical and content retained; no demonstrated benefit from rewriting this page. Retention does not certify clinical/legal claims.","retained; no new certification","no mutation","",""
"https://www.myglobalhealth.online/spain/es/blog/medical-review-policy","es","article","sitemap","200","https://www.myglobalhealth.online/spain/es/blog/medical-review-policy","index, follow","","editorial page role; unmeasured","","0","0","0","0","Política de Revisión Médica — Global Health España","Cómo Global Health redacta, revisa y actualiza los artículos de salud publicados para España: quién los escribe, qué médico colegiado los aprueba y las normas editoriales que aplicamos.","Cómo redactamos y revisamos el contenido médico","{}","","","0","0","bf86571c1e21b7076a13941fba01b6bf6cfb99d9957b591c946be35df299af34","raw/public-inventory-2026-09-13.json","retain with evidence","Live metadata, canonical and content retained; no demonstrated benefit from rewriting this page. Retention does not certify clinical/legal claims.","retained; no new certification","no mutation","",""
"https://www.myglobalhealth.online/spain/es/blog/tension-alta-sintomas-cuando-urgencias","es","article","sitemap","200","https://www.myglobalhealth.online/spain/es/blog/tension-alta-sintomas-cuando-urgencias","index, follow","","observed GSC query/page; no volume inference","dolor de cabeza | tensión alta cuando ir a urgencias | 112 de tension | 180/112 | dolor cabeza","0","274","0","0","Tensión alta: síntomas y cuándo llamar al 112","Qué síntomas con tensión alta requieren llamar al 112, cómo repetir una lectura y cuándo pedir atención primaria sin automedicarse.","Tensión alta: síntomas y cuándo llamar al 112","{}","","","0","0","63d8a88ccf848b84963f5e56c878af736ed0f61d77ca4ba7f4fff7fe12dd6749","raw/public-inventory-2026-09-13.json","retain with evidence","Live metadata, canonical and content retained; no demonstrated benefit from rewriting this page. Retention does not certify clinical/legal claims.","retained; no new certification","no mutation","",""
"https://www.myglobalhealth.online/spain/es/blog/tension-arterial-normal-tabla-edad-sexo","es","article","sitemap","200","https://www.myglobalhealth.online/spain/es/blog/tension-arterial-normal-tabla-edad-sexo","index, follow","","editorial page role; unmeasured","","0","0","0","0","Tensión arterial normal: tabla por edad y sexo","Qué tensión arterial se considera normal en adultos, por qué no existe una tabla distinta para hombres y mujeres, y cuándo conviene consultar.","Tensión arterial normal: tabla útil por edad y sexo, sin mitos","{}","","","0","0","b31945283ceff0a7e90fbdd17e2a184f0b0893e432e98bdfe825b1e536bf51c7","raw/public-inventory-2026-09-13.json","retain with evidence","Live metadata, canonical and content retained; no demonstrated benefit from rewriting this page. Retention does not certify clinical/legal claims.","retained; no new certification","no mutation","",""
"https://www.myglobalhealth.online/spain/es/book","es","book","sitemap","200","https://www.myglobalhealth.online/spain/es/book","index, follow","","editorial page role; unmeasured","","0","12","0","1","Reserva tu consulta — España · Global Health","Clínica médica de España. Elige un servicio, profesional clínico, hora y datos del paciente.","","{}","","","0","0","d654cb60b7ca036b665718a604eb69fa0fad939d054740f5d6ea5932f034ee4f","raw/public-inventory-2026-09-13.json","retain with evidence","Browser: localized H1 and 23 service choices verified in six locales; no paid booking made. Minor English UI labels retained as localization debt.","retained; no new certification","no mutation","",""
"https://www.myglobalhealth.online/spain/es/careers","es","careers","sitemap","200","https://www.myglobalhealth.online/spain/es/careers","index, follow","","editorial page role; unmeasured","","0","0","0","0","Empleo en Global Health España","Únase a Global Health en España. Trabajamos con médicos colegiados, equipos de apoyo clínico y tecnología en toda Europa y Brasil. Vea cómo presentar su candidatura.","Empleo en Global Health","{}","","","0","0","fe9673ee2f6795b0db701e705e7457ba852d928863aa13f734cda2b5aa6ea688","raw/public-inventory-2026-09-13.json","retain with evidence","Live metadata, canonical and content retained; no demonstrated benefit from rewriting this page. Retention does not certify clinical/legal claims.","retained; no new certification","no mutation","",""
"https://www.myglobalhealth.online/spain/es/contact","es","contact","sitemap","200","https://www.myglobalhealth.online/spain/es/contact","index, follow","","observed GSC query/page; no volume inference","online medical helpline | global medic | online medical follow up","0","32","0","22","Contacto | Médico Online España | Global Health","Contacta con Global Health España: info@myglobalhealth.online. Consultas online por videollamada con médicos colegiados. Atención en español e inglés.","Contacto — Global Health España","{}","","","0","0","06439eaedca5d1f4ee244111b70968fb5ef37ad1c11ae8cdd93d14b6f1a69af1","raw/public-inventory-2026-09-13.json","retain with evidence","Live metadata, canonical and content retained; no demonstrated benefit from rewriting this page. Retention does not certify clinical/legal claims.","retained; no new certification","no mutation","",""
"https://www.myglobalhealth.online/spain/es/doctors","es","doctors","sitemap","200","https://www.myglobalhealth.online/spain/es/doctors","index, follow","","editorial page role; unmeasured","","0","2","0","4","Médicos y especialistas colegiados en España · Global Health","Explore 14 médicos y especialistas colegiados en España disponibles online. Dermatología, cardiología, psiquiatría, psicología, urgencias y más. Reserve el mismo día.","Médicos que realmente responden.","{}","","","0","0","7d111420fa6eaf7b08abf19ce76950a9f7f789e710826f260546230ef796bb26","raw/public-inventory-2026-09-13.json","retain with evidence","Live metadata, canonical and content retained; no demonstrated benefit from rewriting this page. Retention does not certify clinical/legal claims.","retained; no new certification","no mutation","",""
"https://www.myglobalhealth.online/spain/es/doctors/dr-alfredo-del-valle","es","doctor","sitemap","200","https://www.myglobalhealth.online/spain/es/doctors/dr-alfredo-del-valle","index, follow","","observed GSC query/page; no volume inference","alfredo del valle moreno montañez | dr moreno montañez | doctor moreno montañez | doctor moreno montañez dermatologo | dr moreno montañez dermatologo","24","182","4","25","Dr. Alfredo del Valle — Dermatólogo | CGCOM 282885136","Reserve una videoconsulta con Dr. Alfredo del Valle — dermatólogo especialista registrado en CGCOM (nº 282885136). Dermatología médica y estética · Teledermatología · España y Latinoamérica · Español e inglés. Cita el mismo día.","Dr. Alfredo del Valle Moreno Montañez","{}","6","0","1","0","d942bc0a380ec663b6ba28b3c5d931ae03f3a7c0864016da8fa68e96929ba51c","raw/api/doctors-dr-alfredo-del-valle-ES.json","change","Replace immediate-calendar/same-day boilerplate with current booking checks and recorded consultation languages; preserve existing emergency passage.","clinical review pending","not applied; storage/approval/deployment pending","doctor:dr-alfredo-del-valle",""
"https://www.myglobalhealth.online/spain/es/doctors/dr-eduardo-olivas","es","doctor","sitemap","200","https://www.myglobalhealth.online/spain/es/doctors/dr-eduardo-olivas","index, follow","","editorial page role; unmeasured","","1","7","0","1","Dr. Eduardo Olivas — Médico General | CGCOM 070713200","Reserve una videoconsulta con Dr. Eduardo Olivas — médico general registrado en CGCOM (nº 070713200). Máster Medicina Interna y Urgencias Psiquiátricas · Medicina Estética · Telemedicina · Medicina del viajero · Español e inglés. Cita el mismo día.","Dr. Eduardo Daniel Rodríguez Olivas","{}","6","0","1","0","e004e6ff9552ef7dad19ba12f11ed2e5ea6663bfea11b7cd0fccbef5d97739a6","raw/api/doctors-dr-eduardo-olivas-ES.json","change","Replace immediate-calendar/same-day boilerplate with current booking checks and recorded consultation languages; preserve existing emergency passage.","clinical review pending","not applied; storage/approval/deployment pending","doctor:dr-eduardo-olivas",""
"https://www.myglobalhealth.online/spain/es/doctors/dr-eszter-szilagyi","es","doctor","sitemap","200","https://www.myglobalhealth.online/spain/es/doctors/dr-eszter-szilagyi","index, follow","","observed GSC query/page; no volume inference","eszter szilagyi","1","10","0","3","Dra. Eszter Szilágyi — Cirugía Cardiovascular | CGCOM 292912849","Reserve una videoconsulta con Dra. Eszter Szilágyi — especialista en Cirugía Cardiovascular registrada en CGCOM (nº 292912849). Universidad Semmelweis · Hospital Vithas Xanit · Helios Heart Center · Español, inglés, alemán y húngaro. Cita el mismo día.","Dra. Eszter Szilágyi","{}","6","0","1","0","3720d48ef4721c2bb0ecc024780622b96c9ecd4462a52928a6ec9b92633c1aed","raw/api/doctors-dr-eszter-szilagyi-ES.json","change","Replace immediate-calendar/same-day boilerplate with current booking checks and recorded consultation languages; preserve existing emergency passage.","clinical review pending","not applied; storage/approval/deployment pending","doctor:dr-eszter-szilagyi",""
"https://www.myglobalhealth.online/spain/es/doctors/dr-fabiana-cornejo","es","doctor","sitemap","200","https://www.myglobalhealth.online/spain/es/doctors/dr-fabiana-cornejo","index, follow","","observed GSC query/page; no volume inference","fabiana cornejo | fabiana cornejo psiquiatra | dr cornejo psiquiatra | centro larrea de salud mental","11","139","3","60","Dra. Fabiana Cornejo — Psiquiatra | CGCOM 64182","Reserve una videoconsulta con Dra. Fabiana Cornejo — psiquiatra consultora registrada en CGCOM (nº 64182). Máster Neuropsicofarmacología · Hospital del Mar Barcelona · Miembro APA · Evaluación y tratamiento psiquiátrico online. Cita el mismo día.","Dra. Mónica Fabiana Cornejo Román","{}","6","0","1","0","a0616793c49bfb6c82daa65d5a4c2e2d36e202f147be4a7bdc6e23c55787197d","raw/api/doctors-dr-fabiana-cornejo-ES.json","change","Replace immediate-calendar/same-day boilerplate with current booking checks and recorded consultation languages; preserve existing emergency passage.","clinical review pending","not applied; storage/approval/deployment pending","doctor:dr-fabiana-cornejo",""
"https://www.myglobalhealth.online/spain/es/doctors/dr-fidel-mesa-prado","es","doctor","sitemap","200","https://www.myglobalhealth.online/spain/es/doctors/dr-fidel-mesa-prado","index, follow","","editorial page role; unmeasured","","1","10","1","14","Dr. Fidel Mesa Prado — Cardiólogo | CGCOM 292911355","Reserve una videoconsulta con Dr. Fidel Mesa Prado — cardiólogo especialista registrado en CGCOM (nº 292911355). Hospital Costa del Sol Marbella · 3 Másteres en Cardiología · Ecocardiografía · Resonancia Cardíaca · Español e inglés. Cita el mismo día.","Dr. Fidel Ernesto Mesa Prado","{}","6","0","1","0","949b17732df213b34151a74c682ad7a8928c5be5f2a2ecb213b3da4189a743c4","raw/api/doctors-dr-fidel-mesa-prado-ES.json","hold","No current open appointment; retain routing and assignments; exact correction candidate prepared, other claims retained pending evidence.","clinical review pending","not applied; storage/approval/deployment pending","doctor:dr-fidel-mesa-prado",""
"https://www.myglobalhealth.online/spain/es/doctors/dr-javier-villarte-betancor","es","doctor","sitemap","200","https://www.myglobalhealth.online/spain/es/doctors/dr-javier-villarte-betancor","index, follow","","editorial page role; unmeasured","","0","9","0","0","Javier Villarte Betancor — Psicólogo General Sanitario | Nº A014346","Reserve una sesión con Javier Villarte Betancor — Psicólogo General Sanitario (nº A014346). TCC · ACT · TDC · Enfoque transdiagnóstico · Ansiedad, estado de ánimo, regulación emocional · Apoyo psicológico online en español. Cita el mismo día.","Javier Villarte Betancor","{""seoDescription"":""Reserve una sesión con Javier Villarte Betancor — Psicólogo General Sanitario (nº AO14346). TCC · ACT · TDC · Enfoque transdiagnóstico · Ansiedad, estado de ánimo, regulación emocional · Apoyo psicológico online en español. Cita el mismo día.""}","6","0","1","0","3c1dd1d8b65084ea48242715924302017bd51818221ea80e40ed0ac37dd88b12","raw/api/doctors-dr-javier-villarte-betancor-ES.json","change","Replace immediate-calendar/same-day boilerplate with current booking checks and recorded consultation languages; preserve existing emergency passage. COPAO named directory confirms AO14346; fix copy typo only, preserve stored credential.","clinical review pending","not applied; storage/approval/deployment pending","doctor:dr-javier-villarte-betancor",""
"https://www.myglobalhealth.online/spain/es/doctors/dr-leandro-wang","es","doctor","sitemap","200","https://www.myglobalhealth.online/spain/es/doctors/dr-leandro-wang","index, follow","","editorial page role; unmeasured","","0","7","1","6","Dr. Leandro Wang — Flebología y Medicina General | CGCOM 464628929","Reserve una videoconsulta con Dr. Leandro Wang — médico colegiado en flebología y salud vascular (CGCOM nº 464628929). Más de 20 años experiencia internacional · Doppler vascular · Medicina capilar · Medicina general · Valencia y Girona. Cita el mismo día.","Dr. Leandro Wang","{}","6","0","1","0","eda7a8fe7c69fcc0ba2f50d42fa429206956ac3bb1f131ef0cd29d4e5e9b6694","raw/api/doctors-dr-leandro-wang-ES.json","change","Replace immediate-calendar/same-day boilerplate with current booking checks and recorded consultation languages; preserve existing emergency passage.","clinical review pending","not applied; storage/approval/deployment pending","doctor:dr-leandro-wang",""
"https://www.myglobalhealth.online/spain/es/doctors/dr-luz-marina-zuluaga-rios","es","doctor","sitemap","200","https://www.myglobalhealth.online/spain/es/doctors/dr-luz-marina-zuluaga-rios","index, follow","","editorial page role; unmeasured","","0","15","4","17","Dra. Luz Marina Zuluaga — Vascular y Rehabilitación Cardiopulmonar | CGCOM 202009507","Reserve una videoconsulta con Dra. Luz Marina Zuluaga — especialista en enfermedad vascular periférica y pie diabético (CGCOM nº 202009507). Becaria UCM · Hospital Italiano Buenos Aires · Rehabilitación cardiopulmonar · Heridas complejas. Cita el mismo día.","Dra. Luz Marina Zuluaga Ríos","{}","6","0","1","0","bcfe6018a088a56b799ecdacfbd6b45e7fc0612286b04348ae1065e86f29ce9e","raw/api/doctors-dr-luz-marina-zuluaga-rios-ES.json","hold","Current exercise status discrepancy; exact correction candidate prepared, other claims retained pending evidence.","clinical review pending","not applied; storage/approval/deployment pending","doctor:dr-luz-marina-zuluaga-rios",""
"https://www.myglobalhealth.online/spain/es/doctors/dr-maria-fernanda-ocampo-mora","es","doctor","sitemap","200","https://www.myglobalhealth.online/spain/es/doctors/dr-maria-fernanda-ocampo-mora","index, follow","","observed GSC query/page; no volume inference","maria fernanda ocampo | dra ocampo","1","46","0","5","Dra. María Fernanda Ocampo — Urgencias y Medicina Estética | CGCOM 291409735","Reserve una videoconsulta con Dra. María Fernanda Ocampo — médica registrada en CGCOM (nº 291409735). Hospital Quirón Málaga y Marbella · UCI · Máster Medicina Estética · Clínica IOX Marbella · Medicina general. Cita el mismo día.","Dra. María Fernanda Ocampo Mora","{}","6","0","1","0","d59f26b96e96aafdddc8fa8a0ae642b0a931dda6e9467b2a39d03fe9d1e82316","raw/api/doctors-dr-maria-fernanda-ocampo-mora-ES.json","change","Replace immediate-calendar/same-day boilerplate with current booking checks and recorded consultation languages; preserve existing emergency passage.","clinical review pending","not applied; storage/approval/deployment pending","doctor:dr-maria-fernanda-ocampo-mora",""
"https://www.myglobalhealth.online/spain/es/doctors/dr-romulo-brito","es","doctor","sitemap","200","https://www.myglobalhealth.online/spain/es/doctors/dr-romulo-brito","index, follow","","editorial page role; unmeasured","","2","6","0","1","Dr. Rómulo Brito — Urgencias y Emergencias | CGCOM 070711359","Reserve una videoconsulta con Dr. Rómulo Brito — especialista en urgencias registrado en CGCOM (nº 070711359). Médico Adjunto Hospital Can Misses Ibiza · Máster Urgencias · IA en Salud · 10+ años experiencia internacional. Cita el mismo día.","Dr. Rómulo Andrés Brito González","{}","6","0","1","0","e8bd36e03a9957d103a1eb936b29e725f5a17b5186387b0313c0081695938852","raw/api/doctors-dr-romulo-brito-ES.json","change","Replace immediate-calendar/same-day boilerplate with current booking checks and recorded consultation languages; preserve existing emergency passage.","clinical review pending","not applied; storage/approval/deployment pending","doctor:dr-romulo-brito",""
"https://www.myglobalhealth.online/spain/es/doctors/dr-silvina-irale","es","doctor","sitemap","200","https://www.myglobalhealth.online/spain/es/doctors/dr-silvina-irale","index, follow","","editorial page role; unmeasured","","0","0","0","0","Dra. Silvina Irale — Pediatría y Medicina Estética | CGCOM 282889392","Reserve una videoconsulta con Dra. Silvina Irale — médica especialista en pediatría registrada en CGCOM (nº 282889392). 20+ años experiencia pediátrica · Sanatorio de Niños Rosario · Máster Medicina Estética UCM · Español. Cita el mismo día.","Dra. María Silvina Irale Tunkiewicz","{}","6","0","1","0","b47da998191d9aa4305a3db9f0ac4ec54fd99e1d2758bb253631c1390591947e","raw/api/doctors-dr-silvina-irale-ES.json","change","Replace immediate-calendar/same-day boilerplate with current booking checks and recorded consultation languages; preserve existing emergency passage.","clinical review pending","not applied; storage/approval/deployment pending","doctor:dr-silvina-irale",""
"https://www.myglobalhealth.online/spain/es/doctors/dr-syed-tahir","es","doctor","sitemap","200","https://www.myglobalhealth.online/spain/es/doctors/dr-syed-tahir","index, follow","","editorial page role; unmeasured","","0","3","0","1","Dr. Syed Tahir — Médico General | CGCOM 61323","Reserve una videoconsulta con Dr. Syed Tahir — médico registrado en CGCOM (nº 61323). Máster Epidemiología Utrecht · Investigador LUMC Leiden · Salud global · Medcare Palma de Mallorca · Español, inglés, hindi, urdu y neerlandés. Cita el mismo día.","Dr. Syed Tahir","{}","6","0","1","0","2a9c81a8c9713b7473e0e1186ac7142a715c13635a9b879f9b4281a9dd3f86bd","raw/api/doctors-dr-syed-tahir-ES.json","change","Replace immediate-calendar/same-day boilerplate with current booking checks and recorded consultation languages; preserve existing emergency passage.","clinical review pending","not applied; storage/approval/deployment pending","doctor:dr-syed-tahir",""
"https://www.myglobalhealth.online/spain/es/doctors/dr-tomas-ruiz-palacios","es","doctor","sitemap","200","https://www.myglobalhealth.online/spain/es/doctors/dr-tomas-ruiz-palacios","index, follow","","observed GSC query/page; no volume inference","tomas ruiz palacios psicologo | tomas ruiz palacios","13","48","7","22","Tomás Ruiz Palacios — Psicólogo General Sanitario | Nº MUO5691","Reserve una sesión con Tomás Ruiz Palacios — Psicólogo General Sanitario (nº MUO5691). TCC y terapia sistémica relacional · Universidad de Murcia · ITFB Bolonia · Adultos hispanohablantes e italianos · Español e italiano. Cita el mismo día.","Tomás Ruiz Palacios","{}","6","0","1","0","b3ad06a19afcdb1f5d37378e8d00d13aec64a66110e15b4582d43a5641d2a2e2","raw/api/doctors-dr-tomas-ruiz-palacios-ES.json","hold","Official registration not independently verified; exact correction candidate prepared, other claims retained pending evidence.","clinical review pending","not applied; storage/approval/deployment pending","doctor:dr-tomas-ruiz-palacios",""
"https://www.myglobalhealth.online/spain/es/faq","es","faq","sitemap","200","https://www.myglobalhealth.online/spain/es/faq","index, follow","","editorial page role; unmeasured","","0","8","0","0","Preguntas frecuentes — España · Global Health","España — Reservas, pagos, consultas, privacidad y cuándo la atención online no es la opción adecuada. ¿No encuentra lo que busca? Contáctenos.","Respuestas, sin lenguaje de marketing.","{}","","","0","0","3d43fbda82965c012d6944b32d5d951c67e63de322bdbf6b7f66b91701c6dfa1","raw/public-inventory-2026-09-13.json","retain with evidence","Live metadata, canonical and content retained; no demonstrated benefit from rewriting this page. Retention does not certify clinical/legal claims.","retained; no new certification","no mutation","",""
"https://www.myglobalhealth.online/spain/es/gp-consultation-online","es","gp-consultation-online","sitemap","200","https://www.myglobalhealth.online/spain/es/gp-consultation-online","index, follow","","observed GSC query/page; no volume inference","cita doctor en línea españa | pedir cita con un médico online | cita doctor españa | cita medico privado online","1","29","0","122","Consulta Médica Online en España | Global Health","Consultas médicas online con médicos colegiados a través de la Organización Médica Colegial en España.","Consulta Médica Online en España","{}","","","0","0","40c1f2caf84cc1ed25e7417112442d25440ed25d2da4423ad72e59ba725b29aa","raw/public-inventory-2026-09-13.json","retain with evidence","Live metadata, canonical and content retained; no demonstrated benefit from rewriting this page. Retention does not certify clinical/legal claims.","retained; no new certification","no mutation","",""
"https://www.myglobalhealth.online/spain/es/legal","es","legal","sitemap","200","https://www.myglobalhealth.online/spain/es/legal","index, follow","","editorial page role; unmeasured","","0","0","0","1","Información legal. · España · Global Health","Documentos legales, registro mercantil y datos regulatorios de Global Health en España.","Información legal.","{}","","","0","0","1314159aae87b292c67adf37d4c66e88c2f7c9a21ad7715f6ed45837b8f41ffb","raw/public-inventory-2026-09-13.json","retain with evidence","Legal body retained; actual status/canonical/robots recorded. No legal certification or new translation.","retained; no new certification","no mutation","",""
"https://www.myglobalhealth.online/spain/es/legal/complaints-procedure","es","legal","sitemap","200","https://www.myglobalhealth.online/spain/es/legal/complaints-procedure","index, follow","","editorial page role; unmeasured","","0","4","0","13","Procedimiento de Reclamaciones · España · Global Health","Procedimiento de Reclamaciones. Documentos legales, registro mercantil y datos regulatorios de Global Health en España.","Procedimiento de Reclamaciones","{}","","","0","0","3832f7253cd49a4badfc5664f2acaedda1c7f120b03fe1a22d11b33fa4955c32","raw/public-inventory-2026-09-13.json","retain with evidence","Legal body retained; actual status/canonical/robots recorded. No legal certification or new translation.","retained; no new certification","no mutation","",""
"https://www.myglobalhealth.online/spain/es/legal/cookie-policy","es","legal","internal link","200","https://www.myglobalhealth.online/spain/es/legal/cookie-policy","noindex, follow","","editorial page role; unmeasured","","0","0","0","5","Cookie Policy · España · Global Health","Cookie Policy. Documentos legales, registro mercantil y datos regulatorios de Global Health en España.","Cookie Policy","{}","","","0","0","ef23c941fdec64a961404a5ebd2e6ab62ee37dde317b7629cda6feec708e496d","raw/public-inventory-2026-09-13.json","retain with evidence","Legal body retained; actual status/canonical/robots recorded. No legal certification or new translation.","retained; no new certification","no mutation","",""
"https://www.myglobalhealth.online/spain/es/legal/medical-disclaimer","es","legal","sitemap","200","https://www.myglobalhealth.online/spain/es/legal/medical-disclaimer","index, follow","","editorial page role; unmeasured","","0","0","0","0","Aviso Médico · España · Global Health","Aviso Médico. Documentos legales, registro mercantil y datos regulatorios de Global Health en España.","Aviso Médico","{}","","","0","0","6813fd0400e5c59055cda876776fdb275980f8928997deadbd8e5de54f6d78c6","raw/public-inventory-2026-09-13.json","retain with evidence","Legal body retained; actual status/canonical/robots recorded. No legal certification or new translation.","retained; no new certification","no mutation","",""
"https://www.myglobalhealth.online/spain/es/legal/privacy-policy","es","legal","sitemap","200","https://www.myglobalhealth.online/spain/es/legal/privacy-policy","index, follow","","editorial page role; unmeasured","","0","1","0","3","Política de Privacidad · España · Global Health","Política de Privacidad. Documentos legales, registro mercantil y datos regulatorios de Global Health en España.","Política de Privacidad","{}","","","0","0","3384179741ed35ad9aa1ad098fe9fee773fc58106080beb98c16a2305203ebd6","raw/public-inventory-2026-09-13.json","retain with evidence","Legal body retained; actual status/canonical/robots recorded. No legal certification or new translation.","retained; no new certification","no mutation","",""
"https://www.myglobalhealth.online/spain/es/legal/refund-policy","es","legal","sitemap","200","https://www.myglobalhealth.online/spain/es/legal/refund-policy","index, follow","","editorial page role; unmeasured","","0","2","0","0","Política de Reembolso · España · Global Health","Política de Reembolso. Documentos legales, registro mercantil y datos regulatorios de Global Health en España.","Política de Reembolso","{}","","","0","0","c2d40715b50468ceb6e816acf6c4ce00d7ee53b507861f57fae8184ec529a237","raw/public-inventory-2026-09-13.json","retain with evidence","Legal body retained; actual status/canonical/robots recorded. No legal certification or new translation.","retained; no new certification","no mutation","",""
"https://www.myglobalhealth.online/spain/es/legal/terms-of-service","es","legal","sitemap","200","https://www.myglobalhealth.online/spain/es/legal/terms-of-service","index, follow","","editorial page role; unmeasured","","0","3","0","2","Términos y Condiciones · España · Global Health","Términos y Condiciones. Documentos legales, registro mercantil y datos regulatorios de Global Health en España.","Términos y Condiciones","{}","","","0","0","b6729878653c0d437ff577ecaee764a16320c6b532578b85804a80a87e42e34b","raw/public-inventory-2026-09-13.json","retain with evidence","Legal body retained; actual status/canonical/robots recorded. No legal certification or new translation.","retained; no new certification","no mutation","",""
"https://www.myglobalhealth.online/spain/es/press","es","press","sitemap","200","https://www.myglobalhealth.online/spain/es/press","index, follow","","editorial page role; unmeasured","","0","0","0","0","Prensa y medios — Global Health España","Información de prensa sobre Global Health en España: quién opera el servicio, cómo está regulado, los mercados que atendemos y cómo contactar con nuestra área de prensa.","Prensa y medios","{}","","","0","0","b808f5eb9f98ddfd0fbb822a3ef1b16831b6b48f5e820bc3e2b02ec3661783fc","raw/public-inventory-2026-09-13.json","retain with evidence","Live metadata, canonical and content retained; no demonstrated benefit from rewriting this page. Retention does not certify clinical/legal claims.","retained; no new certification","no mutation","",""
"https://www.myglobalhealth.online/spain/es/pricing","es","pricing","sitemap","200","https://www.myglobalhealth.online/spain/es/pricing","index, follow","","editorial page role; unmeasured","","0","0","0","0","Elija su plan mensual · España · Global Health","Atención mensual de medicina general online con créditos de consulta y ahorro en especialistas, con precios para España.","Atención que se renueva con usted","{}","","","0","0","34d00f6ae8cfce45ad0c67487b5a5f529438a5a72aa617580914f4c07177c636","raw/public-inventory-2026-09-13.json","retain with evidence","Live metadata, canonical and content retained; no demonstrated benefit from rewriting this page. Retention does not certify clinical/legal claims.","retained; no new certification","no mutation","",""
"https://www.myglobalhealth.online/spain/es/see-a-specialist","es","see-a-specialist","sitemap","200","https://www.myglobalhealth.online/spain/es/see-a-specialist","index, follow","","observed GSC query/page; no volume inference","tomas ruiz palacios psicologo | medico internista online | alfredo del valle moreno montañez","1","33","2","72","Atención especializada vinculada a un servicio activo · Spain","Global Health muestra las consultas en línea con especialistas disponibles actualmente en Spain. La disponibilidad depende del servicio, del profesional y de la agenda. Algunos problemas requieren una exploración presencial u otro entorno asistencial.","Conoce a nuestros registrados especialistas.","{}","","","0","0","193a4617710f20e8bfe42bb564cd531fc5948b82b4771765cf592d900f19f744","raw/public-inventory-2026-09-13.json","retain with evidence","Live metadata, canonical and content retained; no demonstrated benefit from rewriting this page. Retention does not certify clinical/legal claims.","retained; no new certification","no mutation","",""
"https://www.myglobalhealth.online/spain/es/services/caida-cabello-online","es","service","sitemap","200","https://www.myglobalhealth.online/spain/es/services/caida-cabello-online","index, follow","","editorial page role; unmeasured","","0","0","0","0","Caída del Cabello Online España | Evaluación Médica | Médico de Cabecera","¿Pérdida de cabello o adelgazamiento capilar? Nuestros médicos de cabecera colegiados evalúan la causa médica de tu caída del cabello y asesoran sobre tratamiento basado en evidencia. El mismo día en España.","Caída del Cabello — Evaluación Médica Online el Mismo Día","{}","8","0","0","0","00fec8744edf091071080b47f9bdf5c001205fd209f59425f1d887e475576fef","raw/public-inventory-2026-09-13.json","hold","Live metadata, canonical and content retained; no demonstrated benefit from rewriting this page. Retention does not certify clinical/legal claims. Luz: CGCOM alta sin ejercicio; operations clarification required; confirm lawful current exercise before promoting affected care.","retained; no new certification","no mutation","",""
"https://www.myglobalhealth.online/spain/es/services/cardiologo-online","es","service","sitemap","200","https://www.myglobalhealth.online/spain/es/services/cardiologo-online","index, follow","cardiólogo online","measured Spain/es; keyword master","","0","0","0","0","Cardiólogo Online España | Consulta Cardiológica Especialista | Mismo Día","Palpitaciones, revisión de ECG, hipertensión u otra preocupación cardiológica. Nuestros cardiólogos especialistas ofrecen evaluaciones por videollamada con revisión de pruebas. El mismo día en España.","Cardiología Especialista — Consulta Cardiológica Online","{""seoTitle"":""Cardiólogo Online España | Consulta Cardiológica Especialista""}","9","0","0","0","391423e6d177add951744092eea6577af0a921a35e76d5aabbfb04b8dcbe2f2e","raw/api/services-cardiologo-online-ES.json","hold","No current open appointment; retain routing and assignments; exact correction candidate prepared, other claims retained pending evidence. No current open appointment; operations must resolve supply without changing credentials.","clinical review pending","not applied; storage/approval/deployment pending","service:cardiologo-online",""
"https://www.myglobalhealth.online/spain/es/services/consulta-diagnotico-vascular","es","service","sitemap","200","https://www.myglobalhealth.online/spain/es/services/consulta-diagnotico-vascular","index, follow","","observed GSC query/page; no volume inference","angiologista online","0","2","0","1","Diagnóstico Vascular Online España | Revisión de Eco-Doppler","Revisión especializada de tu eco-Doppler, índice tobillo-brazo o angio-TC por videollamada en España. Interpretación, plan y solicitud de pruebas el mismo día.","Diagnóstico Vascular Especialista — Revisión de Pruebas Online","{""heroDescription"":""Un eco-Doppler cuyo informe nadie te ha explicado, un angio-TC con hallazgos que no entiendes, un índice tobillo-brazo alterado o una trombosis previa cuyo seguimiento se quedó a medias: son situaciones que necesitan la lectura de un médico con práctica en patología vascular. Esta consulta de diagnóstico vascular es una revisión especializada de tus pruebas por videollamada, con interpretación, plan y solicitud de los estudios que falten. Desde cualquier punto de España, en español."",""detailBody"":""<h2>Para quién es este servicio</h2><p>Esta consulta de diagnóstico vascular especialista es apropiada para adultos con:</p><ul><li>Un eco-Doppler venoso o arterial cuyo informe no te ha explicado nadie con detalle</li><li>Un angio-TC o una angio-RM con hallazgos vasculares que necesitan interpretación</li><li>Un índice tobillo-brazo alterado o dudoso</li><li>Diagnóstico de insuficiencia venosa crónica y necesidad de saber en qué estadio está y qué implica</li><li>Antecedente de trombosis venosa profunda o embolia pulmonar, con dudas sobre el seguimiento, la duración de la anticoagulación o el riesgo de recurrencia</li><li>Enfermedad arterial periférica conocida — claudicación intermitente estable — que requiere revisión especializada</li><li>Aneurisma de aorta abdominal en programa de seguimiento, con informes que revisar</li><li>Sospecha de síndrome postrombótico tras una trombosis previa</li><li>Fenómeno de Raynaud, acrocianosis u otras alteraciones vasomotoras que necesitan orientación diagnóstica</li><li>Una segunda opinión sobre un diagnóstico vascular o sobre una indicación quirúrgica ya recibida</li><li>Residentes internacionales y expatriados que necesitan interpretación vascular especializada en español</li></ul><h2>Qué es este servicio — y qué no es</h2><p>Esta consulta cubre:</p><ul><li>Interpretación especializada de pruebas vasculares ya realizadas</li><li>Correlación entre el informe de la prueba y tus síntomas — que es donde la mayoría de los informes se quedan cortos</li><li>Estadificación de la enfermedad venosa crónica y explicación de lo que implica cada estadio</li><li>Solicitud de los estudios que falten para completar el diagnóstico</li><li>Plan de tratamiento y de seguimiento por escrito</li><li>Segunda opinión sobre un diagnóstico o una indicación de procedimiento</li><li>Coordinación de derivación a cirugía vascular o a flebología intervencionista cuando está indicada</li></ul><p>Este servicio no cubre:</p><ul><li>La realización de las pruebas. El eco-Doppler, el índice tobillo-brazo y las pruebas de imagen son presenciales: esta consulta las interpreta y las solicita, no las ejecuta</li><li>Urgencias vasculares. La sospecha de trombosis venosa profunda aguda, la isquemia arterial aguda y el dolor abdominal o lumbar intenso en un paciente con aneurisma conocido son urgencias: acude a urgencias o llama al 112</li><li>Procedimientos e intervención — escleroterapia, ablación endovenosa, angioplastia o cirugía — que requieren valoración presencial</li><li>Ajuste urgente de anticoagulación ante sangrado activo, que es una urgencia hospitalaria</li></ul><h2>Revisión de pruebas vasculares — cómo funciona</h2><p>Sube tus informes y tus imágenes antes de la cita: eco-Doppler venoso o arterial, índice tobillo-brazo, angio-TC, angio-RM, analíticas con estudio de trombofilia o dímero D, e informes de ingresos previos. El médico los revisa antes de la videollamada.</p><p>Durante la consulta se explica, en lenguaje claro, qué dice cada prueba: dónde hay reflujo y de qué duración, qué segmentos venosos están afectados, si existe obstrucción residual tras una trombosis, qué grado de estenosis arterial se documenta y qué significa el índice tobillo-brazo obtenido.</p><p>Al terminar sabes tres cosas: qué tienes, qué falta por estudiar y qué se hace a continuación.</p><h2>Condiciones habitualmente evaluadas</h2><ul><li>Insuficiencia venosa crónica y reflujo safeno</li><li>Síndrome postrombótico</li><li>Trombosis venosa superficial y profunda en fase de seguimiento</li><li>Enfermedad arterial periférica y claudicación intermitente estable</li><li>Aneurisma de aorta abdominal en vigilancia</li><li>Estenosis carotídea documentada en seguimiento</li><li>Fenómeno de Raynaud y alteraciones vasomotoras</li><li>Edema de miembros inferiores de origen no aclarado</li><li>Malformaciones venosas y varices atípicas</li></ul><h2>Qué incluye la consulta</h2><p><strong>Revisión documental previa</strong></p><p>Los informes y las imágenes que aportas se revisan antes de la videollamada, de modo que el tiempo de consulta se dedica a explicar y decidir, no a leer.</p><p><strong>Interpretación especializada</strong></p><p>Cada hallazgo se traduce a consecuencias prácticas: qué explica tus síntomas, qué es un hallazgo incidental sin relevancia y qué exige seguimiento.</p><p><strong>Solicitud de pruebas complementarias</strong></p><p>Cuando falta un estudio para cerrar el diagnóstico, la solicitud se emite el mismo día para realizarla en un centro privado de tu zona.</p><p><strong>Plan escrito</strong></p><p>Recibes un informe con el diagnóstico, el tratamiento indicado, la pauta de compresión cuando corresponde, los objetivos de control de factores de riesgo y el calendario de seguimiento.</p><p><strong>Segunda opinión</strong></p><p>Si ya tienes una indicación quirúrgica o de procedimiento, se revisa la documentación disponible y se te explica en qué se sustenta, qué alternativas existen y qué preguntas conviene plantear.</p><p><strong>Derivación coordinada</strong></p><p>Cuando corresponde tratamiento intervencionista o valoración presencial, la derivación se coordina con el informe especializado completo.</p><h2>Diagnóstico vascular en España — el problema del acceso</h2><p>El eco-Doppler es una prueba accesible en España; la interpretación clínica que la acompaña, mucho menos. Es habitual salir del centro de imagen con un informe técnico y quedarse semanas esperando a que alguien lo relacione con los síntomas y decida qué hacer.</p><p>Esa espera importa. En la enfermedad venosa determina el momento en que se inicia la compresión o se trata el reflujo; en la enfermedad arterial periférica, el momento en que se empieza a controlar el riesgo cardiovascular, que es lo que realmente marca el pronóstico.</p><p>Esta consulta acorta ese intervalo: revisión especializada de tus pruebas con plan escrito, sin esperas y desde cualquier punto de España.</p>""}","0","0","0","3","2b1b42e9ae4dffd2a67d95d2a17e019662fbee6731362b741cd66c1419797f79","raw/api/services-consulta-diagnotico-vascular-ES.json","hold","Specialist scope unresolved: CGCOM lists assigned doctor as Médico General; exact correction candidate prepared, other claims retained pending evidence.","clinical review pending","not applied; storage/approval/deployment pending","service:consulta-diagnotico-vascular",""
"https://www.myglobalhealth.online/spain/es/services/consulta-flebologia-y-linfologia","es","service","sitemap","200","https://www.myglobalhealth.online/spain/es/services/consulta-flebologia-y-linfologia","index, follow","","editorial page role; unmeasured","","0","1","0","1","Flebología y Linfología Online España | Varices y Linfedema","Consulta especialista online en varices, insuficiencia venosa, linfedema y lipedema en España. Revisión de pruebas, compresión indicada y plan de tratamiento. Cita el mismo día.","Flebología y Linfología Especialista — Consulta Online","{""heroDescription"":""Varices que progresan, una pierna que se hincha y no desde ayer, linfedema tras una cirugía oncológica, lipedema mal diagnosticado durante años o una úlcera venosa que no termina de cerrar: la patología venosa y linfática necesita un plan, no una opinión suelta. Esta consulta especialista en flebología y linfología evalúa tu caso por videollamada, revisa tus pruebas, indica la compresión adecuada y planifica el tratamiento — escleroterapia, ablación o terapia descongestiva — coordinando la derivación presencial cuando toca. Desde cualquier punto de España, en español."",""detailBody"":""<h2>Para quién es este servicio</h2><p>Esta consulta especialista en flebología y linfología es apropiada para adultos con:</p><ul><li>Varices sintomáticas o en progresión, con o sin eco-Doppler previo</li><li>Insuficiencia venosa crónica ya diagnosticada que necesita plan de tratamiento</li><li>Arañas vasculares y telangiectasias, para valorar si procede escleroterapia y en qué orden</li><li>Cambios cutáneos de origen venoso: dermatitis ocre, lipodermatoesclerosis o eccema del tobillo</li><li>Úlcera venosa en cicatrización que necesita revisión del plan de compresión</li><li>Síndrome postrombótico tras una trombosis venosa profunda</li><li>Linfedema primario o secundario — tras cirugía oncológica, vaciamiento ganglionar o radioterapia</li><li>Sospecha de lipedema, frecuentemente confundido con obesidad o con linfedema durante años</li><li>Hinchazón crónica de una o ambas piernas de causa no aclarada</li><li>Celulitis de repetición sobre una extremidad con linfedema, para revisar la estrategia preventiva</li><li>Una segunda opinión sobre una indicación de cirugía de varices o de procedimiento endovenoso</li><li>Residentes internacionales y expatriados que necesitan flebología especializada en español</li></ul><h2>Qué es este servicio — y qué no es</h2><p>Esta consulta cubre:</p><ul><li>Evaluación especializada de patología venosa y linfática</li><li>Estadificación de la enfermedad venosa crónica y del linfedema, y explicación de lo que implica</li><li>Diagnóstico diferencial entre linfedema, lipedema, edema venoso y edema sistémico</li><li>Revisión e interpretación de eco-Doppler y de otros estudios previos</li><li>Indicación de terapia compresiva: tipo de prenda, clase de compresión, medida y pauta de uso</li><li>Planificación del tratamiento — escleroterapia, ablación endovenosa con láser o radiofrecuencia, cirugía, terapia descongestiva compleja</li><li>Solicitud de pruebas cuando faltan para decidir</li><li>Coordinación de la derivación presencial para el procedimiento indicado</li></ul><p>Este servicio no cubre:</p><ul><li>La realización del procedimiento. La escleroterapia, la ablación endovenosa y la cirugía de varices son presenciales: esta consulta los indica y los planifica, no los ejecuta</li><li>El drenaje linfático manual y la terapia descongestiva, que realiza un fisioterapeuta con formación específica; la consulta la indica y la coordina</li><li>Urgencias. La sospecha de trombosis venosa profunda aguda — dolor e hinchazón brusca de una pierna, con calor o enrojecimiento — obliga a una valoración el mismo día, y si se acompaña de dolor torácico o dificultad respiratoria hay que llamar al 112</li><li>Celulitis aguda con fiebre, que necesita antibioterapia y valoración presencial sin demora</li><li>Sangrado activo de una variz, que exige compresión, elevación y atención urgente</li></ul><h2>Condiciones habitualmente evaluadas</h2><ul><li>Varices tronculares y reflujo de safena interna o externa</li><li>Telangiectasias y venas reticulares</li><li>Insuficiencia venosa crónica en sus distintos estadios clínicos</li><li>Síndrome postrombótico y obstrucción venosa residual</li><li>Úlcera venosa activa o cicatrizada</li><li>Linfedema primario y secundario</li><li>Lipedema y su diagnóstico diferencial</li><li>Flebitis superficial en fase de seguimiento</li><li>Edema del embarazo y patología venosa gestacional</li><li>Varices recidivadas tras cirugía o tras procedimiento endovenoso previo</li></ul><h2>Qué incluye la consulta</h2><p><strong>Historia clínica especializada</strong></p><p>Evolución, patrón de la hinchazón, respuesta a la elevación, antecedentes de trombosis, embarazos, cirugía oncológica o radioterapia previas, episodios de celulitis, medicación y tratamientos venosos anteriores.</p><p><strong>Exploración guiada por videollamada</strong></p><p>El médico te guía para mostrar ambas piernas: distribución de las varices, extensión del edema, afectación del dorso del pie y de los dedos, estado de la piel y simetría. Puedes enviar fotografías y medidas perimétricas antes de la cita.</p><p><strong>Revisión de pruebas y solicitud de las que falten</strong></p><p>Se interpretan el eco-Doppler y los estudios previos, y se solicitan las pruebas necesarias — eco-Doppler venoso, analítica u otras — para completar el diagnóstico.</p><p><strong>Compresión correctamente indicada</strong></p><p>La compresión mal elegida es el motivo más frecuente de abandono del tratamiento. Se indica la prenda concreta, la clase de compresión, la longitud y la pauta de uso, con las contraindicaciones revisadas — la enfermedad arterial periférica entre ellas.</p><p><strong>Plan de tratamiento escrito</strong></p><p>Recibes un plan con la secuencia del tratamiento, qué procedimiento está indicado y con qué objetivo, qué resultado es esperable y qué seguimiento necesitas después.</p><p><strong>Derivación coordinada</strong></p><p>Cuando corresponde escleroterapia, ablación endovenosa, cirugía o terapia descongestiva presencial, la derivación se coordina con el informe especializado completo.</p><h2>Linfedema y lipedema — por qué el diagnóstico llega tarde</h2><p>El linfedema secundario a tratamiento oncológico suele detectarse tarde, cuando el tejido ya se ha fibrosado y la terapia descongestiva rinde menos. La detección precoz y una compresión bien indicada cambian el curso de la enfermedad.</p><p>El lipedema tiene un retraso diagnóstico aún mayor: durante años se atribuye a obesidad, con la carga añadida de responsabilizar a la paciente de un cuadro que no depende de la dieta. Distinguirlo del linfedema y del edema venoso —por su distribución simétrica, el respeto del pie y el dolor a la presión— es el primer paso para tratarlo correctamente.</p><h2>Flebología en España — el problema del acceso</h2><p>La atención venosa en España se concentra en las consultas privadas de las grandes ciudades, y la linfología especializada es aún más escasa. Las pacientes con linfedema o lipedema recorren varios profesionales antes de recibir un diagnóstico correcto, y muchos pacientes con varices solo son evaluados cuando la piel ya ha cambiado.</p><p>Esta consulta acerca esa evaluación especializada a cualquier punto de España, con revisión de pruebas, compresión bien indicada y un plan de tratamiento escrito, coordinando la parte presencial únicamente cuando es imprescindible.</p>""}","0","0","0","3","253af5dd42abfc6e98581a18cf9d37a103d9e7053e0e017ad125653d0fdc8035","raw/api/services-consulta-flebologia-y-linfologia-ES.json","hold","Specialist scope unresolved: CGCOM lists assigned doctor as Médico General; exact correction candidate prepared, other claims retained pending evidence.","clinical review pending","not applied; storage/approval/deployment pending","service:consulta-flebologia-y-linfologia",""
"https://www.myglobalhealth.online/spain/es/services/consulta-medica-online","es","service","sitemap","200","https://www.myglobalhealth.online/spain/es/services/consulta-medica-online","index, follow","médico online | consulta médica online","measured Spain/es; keyword master","consulta medica online privada | cita doctor en línea españa","0","29","0","82","Médico Online España | Sin Lista de Espera | Consulta el Mismo Día","¿Necesitas ver a un médico hoy? Médicos colegiados en España ofrecen consultas por videollamada segura. Sin registro previo, sin sala de espera. Documentación clínica emitida el mismo día en toda España.","Médico Online — Consulta Médica Privada el Mismo Día","{""seoTitle"":""Consulta médica online en España | Global Health"",""seoDescription"":""Consulte por videollamada con un médico de medicina general. Compruebe el idioma, el precio y los horarios disponibles antes de reservar."",""heroTitle"":""Consulta médica online en España""}","8","0","0","0","8c915a3cc03ac96dca7622a657bf308501dde49ef73f084925f260c84f687b6b","raw/api/services-consulta-medica-online-ES.json","hold","Assigned clinician Luz: current exercise status discrepancy; operations clarification required; exact correction candidate prepared, other claims retained pending evidence. Luz: CGCOM alta sin ejercicio; operations clarification required; confirm lawful current exercise before promoting affected care.","clinical review pending","not applied; storage/approval/deployment pending","service:consulta-medica-online",""
"https://www.myglobalhealth.online/spain/es/services/consulta-online-medicina-estetica","es","service","sitemap","200","https://www.myglobalhealth.online/spain/es/services/consulta-online-medicina-estetica","index, follow","medicina estética online","measured Spain/es; keyword master","","0","0","0","0","Medicina Estética Online España | Valoración Médica Independiente","Consulta de medicina estética online con médica colegiada en España. Valoración independiente antes de tratarte: indicación, expectativas realistas, riesgos y plan escrito. Cita el mismo día.","Medicina Estética Online — Valoración Médica Independiente","{""seoDescription"":""Medicina estética online con médica colegiada en España. Valoración independiente antes de tratarte: indicación, expectativas realistas, riesgos y plan escrito."",""heroDescription"":""Antes de decidirte por un tratamiento estético conviene que un médico valore tu caso sin tener el procedimiento que venderte. Esta consulta de medicina estética online es exactamente eso: una valoración independiente por videollamada sobre qué tratamientos están indicados para tu piel y tus objetivos, cuáles no lo están, qué resultado es realista, qué riesgos asume cada opción y qué comprobar en la clínica que finalmente te trate. Realizada por médicas colegiadas conforme a los requisitos de la Organización Médica Colegial (OMC) con práctica en medicina estética, desde cualquier punto de España, en español."",""detailBody"":""<h2>Para quién es este servicio</h2><p>Esta consulta de medicina estética online es apropiada para adultos que quieren:</p><ul><li>Una valoración médica antes de contratar un tratamiento — toxina botulínica, rellenos de ácido hialurónico, peelings químicos, láser, mesoterapia, hilos tensores o radiofrecuencia</li><li>Saber qué es realista en su caso y qué no lo es, antes de pagar por un procedimiento</li><li>Una segunda opinión independiente sobre un plan de tratamiento o un presupuesto propuesto por otro centro</li><li>Orientación sobre una preocupación cutánea con componente estético — arrugas, flacidez, manchas, poro dilatado, textura irregular, marcas de acné o rojeces</li><li>Un plan de cuidado domiciliario con activos de eficacia demostrada, antes de un procedimiento o en lugar de él</li><li>Revisión de la evolución tras un tratamiento estético reciente, cuando no hay signos de complicación urgente</li><li>Entender qué comprobar en una clínica estética: quién realiza el procedimiento, con qué producto y con qué consentimiento informado</li><li>Residentes internacionales y expatriados que prefieren una valoración en español</li></ul><h2>Qué es este servicio — y qué no es</h2><p>Esta consulta cubre:</p><ul><li>Valoración médica de la indicación: qué tratamiento corresponde a qué problema, y en qué orden</li><li>Expectativas realistas — qué cambio es alcanzable, en cuántas sesiones y cuánto dura</li><li>Riesgos, contraindicaciones e interacciones con tu historia clínica y tu medicación actual</li><li>Plan de cuidado de la piel con activos tópicos y fotoprotección</li><li>Segunda opinión sobre un plan o un presupuesto de otro centro</li><li>Revisión de evolución postratamiento no urgente</li><li>Derivación coordinada a dermatología o a valoración presencial cuando esté indicado</li></ul><p>Este servicio no cubre:</p><ul><li>La realización del procedimiento. Ninguna infiltración, láser o peeling puede hacerse por videollamada: la consulta planifica el tratamiento, no lo ejecuta</li><li>Complicaciones urgentes tras una infiltración. El dolor intenso y desproporcionado, la palidez o coloración violácea de la piel y la pérdida o borrosidad de visión tras un relleno son urgencias médicas: acude a urgencias o llama al 112 de inmediato</li><li>Signos de infección tras un procedimiento — fiebre, calor local, supuración o inflamación progresiva — que requieren valoración presencial el mismo día</li><li>Cirugía plástica. La valoración de un procedimiento quirúrgico corresponde a cirugía plástica presencial</li><li>Lesiones cutáneas sospechosas. Un lunar que cambia, sangra o pica necesita dermatoscopia presencial; la consulta te orienta y coordina la derivación</li></ul><h2>Preocupaciones habitualmente evaluadas</h2><ul><li>Arrugas dinámicas de expresión — entrecejo, frente y contorno ocular</li><li>Pérdida de volumen y flacidez facial leve o moderada</li><li>Hiperpigmentación: melasma, léntigos solares y manchas postinflamatorias</li><li>Secuelas de acné — marcas, cicatrices atróficas y textura irregular</li><li>Rojeces persistentes y rosácea con impacto estético</li><li>Ojeras y surco lagrimal</li><li>Piel apagada, poro dilatado y fotoenvejecimiento</li><li>Hiperhidrosis axilar o palmar</li><li>Resultados insatisfactorios o asimetrías tras un tratamiento previo</li></ul><h2>Qué incluye la consulta</h2><p><strong>Valoración por videollamada segura</strong></p><p>La consulta se realiza por videollamada cifrada. Puedes enviar antes de la cita fotografías con buena iluminación de la zona que te preocupa, además de informes o presupuestos de otros centros.</p><p><strong>Historia clínica y seguridad</strong></p><p>Se revisan antecedentes relevantes, medicación actual, alergias, tratamientos estéticos previos y objetivos. Buena parte de las contraindicaciones de la medicina estética — embarazo y lactancia, enfermedad autoinmune activa, anticoagulación, infección cutánea activa, herpes labial recurrente o tratamiento reciente con isotretinoína — solo aparecen en una historia clínica hecha con tiempo.</p><p><strong>Plan escrito</strong></p><p>Tras la consulta recibes un plan por escrito: qué tratamiento está indicado, en qué orden, qué alternativa menos invasiva existe, qué resultado es esperable y qué señales de alarma vigilar si finalmente te tratas.</p><p><strong>Prescripción cuando esté indicada</strong></p><p>La prescripción de tratamiento tópico o sistémico es una decisión clínica y se realiza únicamente cuando resulta apropiada tras la valoración.</p><p><strong>Derivación coordinada</strong></p><p>Cuando el caso corresponde a dermatología, a cirugía plástica o a una valoración presencial, la médica lo indica con claridad y coordina la derivación con el informe completo.</p><h2>Antes de tratarte: qué comprobar</h2><p>La medicina estética es un acto médico. Antes de cualquier procedimiento conviene verificar:</p><ul><li>Quién realiza el tratamiento y con qué titulación — la infiltración de toxina botulínica y de rellenos es un acto médico</li><li>Qué producto exacto se va a utilizar, con qué marcado CE y en qué cantidad</li><li>Que existe consentimiento informado por escrito, con riesgos y alternativas</li><li>Qué protocolo de complicaciones tiene el centro y quién responde fuera del horario de consulta</li><li>Qué incluye el precio: número de sesiones, revisión posterior y retoque</li></ul><h2>Medicina estética en España — el problema del acceso</h2><p>En España la primera valoración estética suele ofrecerse gratuitamente en el mismo centro que después vende el tratamiento. Esa valoración tiene valor, pero no es independiente: quien la realiza tiene un interés económico directo en el procedimiento que recomienda.</p><p>El resultado es previsible — tratamientos indicados a pacientes que no los necesitaban, expectativas mal ajustadas y presupuestos imposibles de comparar entre clínicas, porque cada una describe lo que hace con nombres comerciales distintos.</p><p>Esta consulta existe para cubrir ese hueco: una valoración médica que paga el paciente, sin ningún tratamiento que vender, disponible desde cualquier punto de España, en español.</p>""}","0","0","0","3","4854201b21715838d1178006032247c9f087cb2431e77688e3402de93c4301e8","raw/api/services-consulta-online-medicina-estetica-ES.json","change","No native or embedded FAQs; answer procedure limits, preparation and actual language. New ES base and translations in existing locales; no new URL. Remove unconditional same-day promise (availability is dynamic) and fit 160 characters. heroDescription: unsupported consultation language corrected against assigned doctor. Longer Spanish clinical body in non-ES records remains a separate localization hold. detailBody: unsupported consultation language corrected against assigned doctor. Longer Spanish clinical body in non-ES records remains a separate localization hold.","clinical review pending","not applied; storage/approval/deployment pending","service:consulta-online-medicina-estetica",""
"https://www.myglobalhealth.online/spain/es/services/consulta-piel-online","es","service","sitemap","200","https://www.myglobalhealth.online/spain/es/services/consulta-piel-online","index, follow","","editorial page role; unmeasured","","0","0","0","0","Consulta de Piel Online España | Médico de Cabecera | Mismo Día","Sarpullido, eccema, acné u otra preocupación de piel. Nuestros médicos de cabecera colegiados evalúan afecciones cutáneas por videollamada segura. Evaluación clínica el mismo día en España.","Consulta de Piel — Evaluación Clínica con Médico de Cabecera Online","{""seoTitle"":""Consulta de Piel Online España | Médico de Cabecera""}","10","0","0","0","8d0877e73ce67110ab2062241493c97edccb6b053a3369f29a142ce1033dbad2","raw/api/services-consulta-piel-online-ES.json","hold","Assigned clinician Luz: current exercise status discrepancy; operations clarification required; exact correction candidate prepared, other claims retained pending evidence. Luz: CGCOM alta sin ejercicio; operations clarification required; confirm lawful current exercise before promoting affected care.","clinical review pending","not applied; storage/approval/deployment pending","service:consulta-piel-online",""
"https://www.myglobalhealth.online/spain/es/services/consulta-salud-vascular-circulatoria","es","service","sitemap","200","https://www.myglobalhealth.online/spain/es/services/consulta-salud-vascular-circulatoria","index, follow","","editorial page role; unmeasured","","0","2","0","2","Salud Vascular y Circulatoria Online España | Consulta Médica","Piernas pesadas, varices, hinchazón o calambres. Valoración médica online de tu salud venosa y circulatoria en España: revisión de pruebas, solicitud de eco-Doppler y plan. Cita el mismo día.","Salud Vascular y Circulatoria Online — Consulta Médica","{""seoDescription"":""Piernas pesadas, varices, hinchazón o calambres. Valoración médica online de tu salud venosa en España: revisión de pruebas, solicitud de eco-Doppler y plan."",""heroDescription"":""Piernas pesadas al final del día, varices que van a más, hinchazón vespertina, calambres nocturnos o antecedentes familiares de enfermedad venosa: son motivos frecuentes de consulta que rara vez se evalúan con calma. Esta consulta de salud vascular y circulatoria online es una valoración médica por videollamada de tus síntomas y de tus factores de riesgo, con revisión de las pruebas que ya tengas, solicitud de eco-Doppler cuando esté indicado y un plan escrito. Desde cualquier punto de España, en español, inglés, húngaro o alemán."",""detailBody"":""<h2>Para quién es este servicio</h2><p>Esta consulta de salud vascular y circulatoria es apropiada para adultos con:</p><ul><li>Sensación de piernas pesadas o cansadas, sobre todo al final del día o tras muchas horas de pie</li><li>Varices visibles, arañas vasculares o venas reticulares que aumentan con el tiempo</li><li>Hinchazón de tobillos vespertina, que mejora al elevar las piernas</li><li>Calambres nocturnos, picor o inquietud en las piernas de perfil venoso</li><li>Cambios de coloración en la piel de la pierna: manchas ocres, endurecimiento o eccema en el tobillo</li><li>Antecedentes familiares de enfermedad venosa y dudas sobre qué prevención tiene sentido</li><li>Antecedente personal de trombosis venosa y dudas sobre el seguimiento actual</li><li>Factores de riesgo cardiovascular — tabaquismo, diabetes, hipertensión, dislipemia, obesidad, sedentarismo — y ninguna evaluación vascular hecha</li><li>Dolor en la pantorrilla al caminar que cede con el reposo, para orientar el estudio arterial</li><li>Trabajo de riesgo venoso (bipedestación prolongada, sedestación continuada, viajes largos frecuentes) y necesidad de un plan preventivo</li><li>Residentes internacionales y expatriados que necesitan atención vascular en español, inglés, húngaro o alemán</li></ul><h2>Qué es este servicio — y qué no es</h2><p>Esta consulta cubre:</p><ul><li>Evaluación clínica de síntomas venosos y circulatorios no urgentes</li><li>Revisión e interpretación de pruebas que ya tengas: eco-Doppler, índice tobillo-brazo, analíticas</li><li>Valoración del riesgo cardiovascular global y plan para reducirlo</li><li>Solicitud de eco-Doppler venoso o arterial y de analítica cuando estén clínicamente indicados</li><li>Indicación de terapia compresiva: tipo de media, clase de compresión y cómo usarla</li><li>Medidas conservadoras con evidencia — ejercicio, control de peso, elevación, higiene postural</li><li>Derivación coordinada a flebología, angiología o cirugía vascular cuando corresponde</li></ul><p>Este servicio no cubre:</p><ul><li>Urgencias vasculares. El dolor e hinchazón brusca de una sola pierna, con calor y enrojecimiento, obliga a descartar una trombosis venosa profunda el mismo día; si se acompaña de dolor torácico o dificultad para respirar, llama al 112 inmediatamente</li><li>Isquemia arterial aguda — pierna fría, pálida, dolorosa y sin pulso — que es una urgencia hospitalaria inmediata</li><li>La realización de la ecografía. El eco-Doppler es presencial: la consulta lo solicita e interpreta el informe, no lo ejecuta</li><li>Procedimientos venosos. La escleroterapia, la ablación endovenosa y la cirugía de varices requieren valoración y ejecución presencial</li><li>Úlceras infectadas o de evolución tórpida, que necesitan cura y valoración presencial</li></ul><h2>Qué incluye la consulta</h2><p><strong>Historia clínica vascular dirigida</strong></p><p>Tiempo de evolución, patrón horario de los síntomas, antecedentes personales y familiares de trombosis o varices, embarazos, medicación —anticonceptivos y terapia hormonal incluidos—, actividad laboral y factores de riesgo cardiovascular.</p><p><strong>Exploración guiada por videollamada</strong></p><p>La médica te guía para mostrar la pierna afectada: distribución de las varices, edema, cambios cutáneos y simetría entre ambas piernas. Puedes enviar fotografías antes de la cita.</p><p><strong>Revisión de pruebas previas</strong></p><p>Si ya tienes un eco-Doppler, un índice tobillo-brazo o una analítica, se revisan e interpretan en la consulta y se te explica qué significan en tu caso concreto.</p><p><strong>Solicitud de pruebas</strong></p><p>Cuando el estudio está indicado, la solicitud de eco-Doppler venoso o arterial y de analítica se emite el mismo día para realizarla en un centro de tu zona.</p><p><strong>Plan escrito y terapia compresiva</strong></p><p>Recibes un plan por escrito con las medidas conservadoras indicadas y, cuando procede, la prescripción de compresión graduada con la clase adecuada, explicando cómo y cuándo usarla.</p><p><strong>Derivación coordinada</strong></p><p>Si la evaluación apunta a una enfermedad venosa avanzada o a patología arterial, la médica coordina la derivación al especialista con el informe completo, sin que tengas que empezar de cero.</p><h2>Cuándo conviene no esperar</h2><p>Acude a urgencias o llama al 112 si aparece:</p><ul><li>Dolor e hinchazón brusca de una sola pierna, con calor o enrojecimiento</li><li>Dolor torácico o dificultad respiratoria de aparición súbita</li><li>Pierna fría, pálida y dolorosa, con pérdida de sensibilidad o de fuerza</li><li>Sangrado de una variz que no cede con compresión y elevación</li><li>Úlcera con fiebre, supuración o celulitis alrededor</li></ul><h2>Salud vascular en España — el problema del acceso</h2><p>Los síntomas venosos son extraordinariamente frecuentes y sistemáticamente minimizados. La mayoría de los pacientes conviven años con piernas pesadas y varices progresivas sin que nadie evalúe el reflujo venoso ni indique una compresión correcta, hasta que aparecen cambios cutáneos o una úlcera que ya es difícil de revertir.</p><p>La enfermedad venosa crónica es progresiva, y las medidas que la frenan — compresión bien indicada, ejercicio, control del peso y tratamiento del reflujo cuando corresponde — son más eficaces cuanto antes se aplican.</p><p>Esta consulta permite hacer esa evaluación sin esperas y desde cualquier punto de España, con solicitud de pruebas el mismo día cuando están indicadas.</p>""}","0","0","0","2","13e7a5f4d35506756851aa0ce298a295d02a43122384b3442d8ac31748d297f1","raw/api/services-consulta-salud-vascular-circulatoria-ES.json","change","No native or embedded FAQs; answer procedure limits, preparation and actual language. New ES base and translations in existing locales; no new URL. Remove unconditional same-day promise (availability is dynamic) and fit 160 characters. heroDescription: unsupported consultation language corrected against assigned doctor. Longer Spanish clinical body in non-ES records remains a separate localization hold. detailBody: unsupported consultation language corrected against assigned doctor. Longer Spanish clinical body in non-ES records remains a separate localization hold.","clinical review pending","not applied; storage/approval/deployment pending","service:consulta-salud-vascular-circulatoria",""
"https://www.myglobalhealth.online/spain/es/services/control-peso-online","es","service","sitemap","200","https://www.myglobalhealth.online/spain/es/services/control-peso-online","index, follow","","editorial page role; unmeasured","","0","0","0","0","Control de Peso Online España | Evaluación Médica | Médico Colegiado","¿Dificultades para perder peso a pesar de dieta y ejercicio? Nuestros médicos colegiados evalúan los factores médicos y metabólicos detrás de tu peso por videollamada. Evaluación clínica el mismo día en España.","Control de Peso — Evaluación Médica y Plan Personalizado Online","{}","7","0","0","0","6d1de38c01b560469dc526ecc33b17871f164cd1591cca7ac8afe2f56402ef66","raw/public-inventory-2026-09-13.json","hold","Live metadata, canonical and content retained; no demonstrated benefit from rewriting this page. Retention does not certify clinical/legal claims. Luz: CGCOM alta sin ejercicio; operations clarification required; confirm lawful current exercise before promoting affected care.","retained; no new certification","no mutation","",""
"https://www.myglobalhealth.online/spain/es/services/dejar-de-fumar-online","es","service","sitemap","200","https://www.myglobalhealth.online/spain/es/services/dejar-de-fumar-online","index, follow","","editorial page role; unmeasured","","0","0","0","0","Dejar de Fumar Online España | Apoyo Médico | Médico de Cabecera","¿Quieres dejar de fumar con apoyo médico? Nuestros médicos de cabecera colegiados evalúan tu dependencia al tabaco y diseñan un plan personalizado por videollamada. El mismo día en España.","Dejar de Fumar — Evaluación Médica y Plan Personalizado Online","{}","9","0","0","0","027e46910e2380cd1d5986cdd8ee66875ef7358c2eddfe1425eb3a6881a96955","raw/public-inventory-2026-09-13.json","hold","Live metadata, canonical and content retained; no demonstrated benefit from rewriting this page. Retention does not certify clinical/legal claims. Luz: CGCOM alta sin ejercicio; operations clarification required; confirm lawful current exercise before promoting affected care.","retained; no new certification","no mutation","",""
"https://www.myglobalhealth.online/spain/es/services/derivaciones-pruebas-online","es","service","sitemap","200","https://www.myglobalhealth.online/spain/es/services/derivaciones-pruebas-online","index, follow","","editorial page role; unmeasured","","0","8","1","5","Derivaciones y Pruebas Online España | Analíticas | Médico de Cabecera","¿Necesitas una carta de derivación a especialista, analíticas o pruebas de imagen en España? Nuestros médicos de cabecera colegiados emiten documentación clínica tras evaluación completa. El mismo día en España.","Derivaciones y Pruebas — Documentación Clínica Online el Mismo Día","{}","8","0","0","0","31acd25058315542e97201b067941bab051de46ce01defe1a4dd17fff147ffbd","raw/public-inventory-2026-09-13.json","hold","Live metadata, canonical and content retained; no demonstrated benefit from rewriting this page. Retention does not certify clinical/legal claims. Luz: CGCOM alta sin ejercicio; operations clarification required; confirm lawful current exercise before promoting affected care.","retained; no new certification","not applied; storage/approval/deployment pending","","link:cmre7soee002sg8ju1hnpt499"
"https://www.myglobalhealth.online/spain/es/services/dermatologia-especialista-online","es","service","sitemap","200","https://www.myglobalhealth.online/spain/es/services/dermatologia-especialista-online","index, follow","dermatología online | dermatólogo online","measured Spain/es; keyword master","","0","9","1","109","Consulta Dermatológica Especialista Online España | Dermatólogo | Mismo Día","Afección cutánea compleja, acné grave o lesión sospechosa. Nuestros dermatólogos colegiados ofrecen evaluaciones especialistas por videollamada con análisis de imagen de alta resolución. El mismo día en España.","Consulta Dermatológica Especialista — Evaluación Online con Dermatólogo","{""seoTitle"":""Consulta Dermatológica Especialista Online España | Dermatólogo""}","9","0","3","0","9dc4a4955fb62f48bd1e91f91afccc39a0e842122a3721b8164136b15adb02d7","raw/api/services-dermatologia-especialista-online-ES.json","change","Remove unconditional same-day title; availability is dynamic. Replace image-only dermatoscopy/definitive-diagnosis and same-day biopsy claims; retain six other answers. Clinical review required.","clinical review pending","not applied; storage/approval/deployment pending","service:dermatologia-especialista-online",""
"https://www.myglobalhealth.online/spain/es/services/enfermedades-cronicas-online","es","service","sitemap","200","https://www.myglobalhealth.online/spain/es/services/enfermedades-cronicas-online","index, follow","","editorial page role; unmeasured","","0","0","0","0","Enfermedades Crónicas Online España | Seguimiento Médico | Médico de Cabecera","¿Hipertensión, diabetes, tiroides u otra enfermedad crónica? Nuestros médicos de cabecera colegiados ofrecen seguimiento clínico continuado por videollamada segura. El mismo día en España.","Enfermedades Crónicas — Seguimiento Médico Continuado Online","{}","8","0","0","0","ed88b4cbc2ee5701b87029cfca42dbfe8ff8187c1301852211388e82b7ab03b2","raw/public-inventory-2026-09-13.json","hold","Live metadata, canonical and content retained; no demonstrated benefit from rewriting this page. Retention does not certify clinical/legal claims. Luz: CGCOM alta sin ejercicio; operations clarification required; confirm lawful current exercise before promoting affected care.","retained; no new certification","not applied; storage/approval/deployment pending","","link:cmre7skhw002kg8judewg26hr"
"https://www.myglobalhealth.online/spain/es/services/justificante-medico-online","es","service","sitemap","200","https://www.myglobalhealth.online/spain/es/services/justificante-medico-online","index, follow","justificante médico online","measured Spain/es; keyword master","","0","0","0","0","Justificante Médico Online España | Certificado Médico Privado | Mismo Día","¿Necesitas un justificante médico o certificado de incapacidad laboral? Nuestros médicos colegiados evalúan tus síntomas por videollamada y emiten documentación clínica donde esté médicamente justificado. El mismo día.","Justificante Médico Online — Certificado Clínico Privado el Mismo Día","{""seoTitle"":""Justificante Médico Online España | Certificado Médico Privado""}","8","0","0","0","329539df594859b1f6455eccb23280191ba631036c6af7b070c5669f4f1e7f2c","raw/api/services-justificante-medico-online-ES.json","hold","Assigned clinician Luz: current exercise status discrepancy; operations clarification required; exact correction candidate prepared, other claims retained pending evidence. Luz: CGCOM alta sin ejercicio; operations clarification required; confirm lawful current exercise before promoting affected care.","clinical review pending","not applied; storage/approval/deployment pending","service:justificante-medico-online",""
"https://www.myglobalhealth.online/spain/es/services/medicina-viaje-online","es","service","sitemap","200","https://www.myglobalhealth.online/spain/es/services/medicina-viaje-online","index, follow","","editorial page role; unmeasured","","0","11","0","10","Medicina de Viaje Online España | Profilaxis Malaria | Médico de Cabecera","¿Viajando a zona de malaria o destino de riesgo? Nuestros médicos de cabecera colegiados evalúan tu salud de viaje y gestionan la documentación clínica necesaria. El mismo día en España.","Medicina de Viaje — Evaluación Clínica Online Antes de Partir","{}","10","0","0","0","8915ab0cb374f69da99ab43f78cd2c29dfe89beca09f81c9d2b77114f13028ac","raw/public-inventory-2026-09-13.json","hold","Live metadata, canonical and content retained; no demonstrated benefit from rewriting this page. Retention does not certify clinical/legal claims. Luz: CGCOM alta sin ejercicio; operations clarification required; confirm lawful current exercise before promoting affected care.","retained; no new certification","no mutation","",""
"https://www.myglobalhealth.online/spain/es/services/musculoesqueletico-online","es","service","sitemap","200","https://www.myglobalhealth.online/spain/es/services/musculoesqueletico-online","index, follow","","editorial page role; unmeasured","","0","0","0","0","Dolor Musculoesquelético Online España | Evaluación Clínica | Médico de Cabecera","Dolor de espalda, articulaciones, ciática o lesión muscular. Nuestros médicos de cabecera colegiados evalúan afecciones musculoesqueléticas por videollamada segura. Evaluación clínica el mismo día en España.","Dolor Musculoesquelético — Evaluación Clínica Online el Mismo Día","{}","9","0","0","0","0178240e847edf1c5872d54784ea484581a16a593cc337945cf4022d4d1000c3","raw/public-inventory-2026-09-13.json","hold","Live metadata, canonical and content retained; no demonstrated benefit from rewriting this page. Retention does not certify clinical/legal claims. Luz: CGCOM alta sin ejercicio; operations clarification required; confirm lawful current exercise before promoting affected care.","retained; no new certification","not applied; storage/approval/deployment pending","","link:cmre7tkdz004mg8juc9wpct8q"
"https://www.myglobalhealth.online/spain/es/services/neurologo-online","es","service","internal link","404","https://www.myglobalhealth.online","noindex","","editorial page role; unmeasured","","0","0","0","0","Page not found · Global Health","Online medical consultations with licensed clinicians across Ireland, Czechia, Portugal, Spain, and Romania.","","{}","","","0","0","12707596ef6d8ee0ebb0f6deb5c22ef04357534fd6970b4b4e01c4b44287128a","raw/public-inventory-2026-09-13.json","hold","Linked unavailable specialty; remove source callouts after approved exact manifest. Do not create or redirect unavailable care.","retained; no new certification","no mutation","",""
"https://www.myglobalhealth.online/spain/es/services/pediatra-especialista-online","es","service","internal link","404","https://www.myglobalhealth.online","noindex","","editorial page role; unmeasured","","0","0","0","0","Page not found · Global Health","Online medical consultations with licensed clinicians across Ireland, Czechia, Portugal, Spain, and Romania.","","{}","","","0","0","6ff43408dbb1186ade5c3a246370ef3db7f4a7c01526f9ac15ad01bbf5e7661d","raw/public-inventory-2026-09-13.json","hold","Linked unavailable specialty; remove source callouts after approved exact manifest. Do not create or redirect unavailable care.","retained; no new certification","no mutation","",""
"https://www.myglobalhealth.online/spain/es/services/pediatria-online","es","service","sitemap","200","https://www.myglobalhealth.online/spain/es/services/pediatria-online","index, follow","","editorial page role; unmeasured","","0","0","0","0","Pediatría Online España | Consulta Infantil | Médico de Cabecera","¿Tu hijo está enfermo y no puedes esperar cita? Nuestros médicos de cabecera colegiados evalúan la salud infantil por videollamada segura. Sin sala de espera, el mismo día en España.","Pediatría Online — Consulta Infantil con Médico de Cabecera el Mismo Día","{}","10","0","0","0","e46cfb5e02bedb731b7949371160ba0a48cc6f9cae47233a0ca99bc3c2188bd8","raw/public-inventory-2026-09-13.json","change","Live metadata, canonical and content retained; no demonstrated benefit from rewriting this page. Retention does not certify clinical/legal claims.","retained; no new certification","not applied; storage/approval/deployment pending","","link:cmre7ts6t0052g8ju6asq61tw"
"https://www.myglobalhealth.online/spain/es/services/psicologo-online","es","service","sitemap","200","https://www.myglobalhealth.online/spain/es/services/psicologo-online","index, follow","psicólogo online","measured Spain/es; keyword master","","0","0","0","0","Psicólogo Online España | Psicoterapia | Psicólogo Colegiado","Ansiedad, depresión, trauma u otra preocupación psicológica. Nuestros psicólogos clínicos colegiados ofrecen psicoterapia y evaluación psicológica por videollamada segura. El mismo día en España.","Psicología Clínica — Psicoterapia Online con Psicólogo Colegiado","{}","10","0","0","0","aab4397dd20d4b59a6035616ef2474eda0ace6b732bc8b6474de4bd2bdb0e769","raw/public-inventory-2026-09-13.json","change","Live metadata, canonical and content retained; no demonstrated benefit from rewriting this page. Retention does not certify clinical/legal claims.","retained; no new certification","not applied; storage/approval/deployment pending","","link:cmre7t1od003kg8jujyc8vdtm"
"https://www.myglobalhealth.online/spain/es/services/psiquiatra-online","es","service","sitemap","200","https://www.myglobalhealth.online/spain/es/services/psiquiatra-online","index, follow","psiquiatra online","measured Spain/es; keyword master","","0","20","0","5","Psiquiatra Online España | Consulta Psiquiátrica Especialista | Mismo Día","Trastorno mental complejo, TDAH, trastorno bipolar u otra preocupación psiquiátrica. Nuestros psiquiatras colegiados ofrecen evaluaciones especialistas por videollamada segura. El mismo día en España.","Psiquiatría Especialista — Evaluación Psiquiátrica Online","{""seoTitle"":""Psiquiatra Online España | Consulta Psiquiátrica Especialista""}","10","0","0","0","2caa67fa00fc8d84c182bf1e38d7a3cd6baf603526f7320532d7230d34c4e562","raw/api/services-psiquiatra-online-ES.json","change","Remove unconditional same-day title; availability is dynamic.","clinical review pending","not applied; storage/approval/deployment pending","service:psiquiatra-online",""
"https://www.myglobalhealth.online/spain/es/services/renovacion-tratamiento-online","es","service","sitemap","200","https://www.myglobalhealth.online/spain/es/services/renovacion-tratamiento-online","index, follow","","editorial page role; unmeasured","","0","0","0","0","Renovación de Tratamiento Online España | Revisión Clínica | Médico Colegiado","¿Tratamiento estable que necesita renovación en España? Nuestros médicos colegiados revisan tu situación clínica por videollamada y emiten documentación donde esté indicado. Sin registro previo. El mismo día.","Renovación de Tratamiento — Revisión Clínica Online con Médico Colegiado","{}","8","0","0","0","1ce53f2dc9fd73e296b5cceb08a2058184b403c60a18c66e40756d703931efdd","raw/public-inventory-2026-09-13.json","hold","Live metadata, canonical and content retained; no demonstrated benefit from rewriting this page. Retention does not certify clinical/legal claims. Luz: CGCOM alta sin ejercicio; operations clarification required; confirm lawful current exercise before promoting affected care.","retained; no new certification","no mutation","",""
"https://www.myglobalhealth.online/spain/es/services/salud-femenina-online","es","service","sitemap","200","https://www.myglobalhealth.online/spain/es/services/salud-femenina-online","index, follow","","editorial page role; unmeasured","","0","0","0","0","Salud Femenina Online España | Evaluación Confidencial | Médico Colegiado","Anticonceptivos, salud hormonal, menopausia u otras preocupaciones de salud femenina. Nuestros médicos colegiados ofrecen evaluaciones confidenciales por videollamada segura. El mismo día en España.","Salud Femenina — Evaluación Confidencial Online","{}","9","0","0","0","da86b1e0cf49a6cea1665275c9e60584a11455538e844e27bde1839adf9edd62","raw/public-inventory-2026-09-13.json","hold","Live metadata, canonical and content retained; no demonstrated benefit from rewriting this page. Retention does not certify clinical/legal claims. Luz: CGCOM alta sin ejercicio; operations clarification required; confirm lawful current exercise before promoting affected care.","retained; no new certification","no mutation","",""
"https://www.myglobalhealth.online/spain/es/services/salud-masculina-online","es","service","sitemap","200","https://www.myglobalhealth.online/spain/es/services/salud-masculina-online","index, follow","","editorial page role; unmeasured","","0","0","0","0","Salud Masculina Online España | Evaluación Confidencial | Médico Colegiado","Disfunción eréctil, testosterona baja, libido u otras preocupaciones de salud masculina. Nuestros médicos colegiados ofrecen evaluaciones confidenciales por videollamada segura. El mismo día en España.","Salud Masculina — Evaluación Confidencial Online","{}","8","0","0","0","da0bd61d7d959aacb5440fede2e4a5119e74d7ad03c45bfce00dd41680395a93","raw/public-inventory-2026-09-13.json","hold","Live metadata, canonical and content retained; no demonstrated benefit from rewriting this page. Retention does not certify clinical/legal claims. Luz: CGCOM alta sin ejercicio; operations clarification required; confirm lawful current exercise before promoting affected care.","retained; no new certification","no mutation","",""
"https://www.myglobalhealth.online/spain/es/services/salud-mental-online","es","service","sitemap","200","https://www.myglobalhealth.online/spain/es/services/salud-mental-online","index, follow","","editorial page role; unmeasured","","0","0","0","4","Salud Mental Online España | Evaluación Clínica | Médico Colegiado","Ansiedad, depresión, burnout u otras preocupaciones de salud mental. Nuestros médicos colegiados ofrecen evaluaciones clínicas confidenciales por videollamada segura. El mismo día en España.","Salud Mental — Evaluación Clínica Confidencial Online","{}","8","0","0","0","3f17054f49dfc1e77452a03d747f5133e5b209a4053df7583e1f4823248c183a","raw/public-inventory-2026-09-13.json","hold","Live metadata, canonical and content retained; no demonstrated benefit from rewriting this page. Retention does not certify clinical/legal claims. Luz: CGCOM alta sin ejercicio; operations clarification required; confirm lawful current exercise before promoting affected care.","retained; no new certification","not applied; storage/approval/deployment pending","","link:cmre7stv60034g8juje70ar9l"
"https://www.myglobalhealth.online/spain/es/services/segunda-opinion-medica","es","service","sitemap","200","https://www.myglobalhealth.online/spain/es/services/segunda-opinion-medica","index, follow","segunda opinión médica","measured Spain/es; keyword master","","0","0","0","0","Segunda Opinión Médica Online España | Evaluación Independiente | Mismo Día","¿No estás seguro de un diagnóstico o plan de tratamiento? Nuestros médicos colegiados ofrecen segundas opiniones médicas independientes por videollamada segura. El mismo día en España.","Segunda Opinión Médica — Evaluación Clínica Independiente Online","{""seoTitle"":""Segunda Opinión Médica Online España | Evaluación Independiente""}","9","0","0","0","e8377297292a711e04852936bee75490c8fed12cbc68a602fb407a225d3d5c5a","raw/api/services-segunda-opinion-medica-ES.json","hold","Assigned clinician Luz: current exercise status discrepancy; operations clarification required; exact correction candidate prepared, other claims retained pending evidence. Luz: CGCOM alta sin ejercicio; operations clarification required; confirm lawful current exercise before promoting affected care.","clinical review pending","not applied; storage/approval/deployment pending","service:segunda-opinion-medica","link:cmre7u1jt005mg8jutxyy9pz0"
"https://www.myglobalhealth.online/spain/es/tools/adhd-test","es","tool","sitemap","200","https://www.myglobalhealth.online/spain/es/tools/adhd-test","index, follow","","observed GSC query/page; no volume inference","tdah adultos test españa | test tdah adultos | test de tdah en adultos | trastorno de deficit de atencion en adultos test | prueba de tdah para adultos","3","64","0","63","Test de TDAH España | Cribado Gratuito para Adultos","Haz el cribado de TDAH en adultos de seis preguntas (ASRS v1.1, parte A) y descubre qué significan tus respuestas. Un cribado no es un diagnóstico: solo un psiquiatra o un psicólogo clínico puede hacerlo.","Test de TDAH España","{}","","","0","0","ef97fa956d696e6f24d75a433dd08ae23354b98818f72ecda1983ab53b828dee","raw/public-inventory-2026-09-13.json","retain with evidence","Live metadata, canonical and content retained; no demonstrated benefit from rewriting this page. Retention does not certify clinical/legal claims.","retained; no new certification","no mutation","",""
"https://www.myglobalhealth.online/spain/es/tools/blood-pressure-chart","es","tool","sitemap","200","https://www.myglobalhealth.online/spain/es/tools/blood-pressure-chart","index, follow","","observed GSC query/page; no volume inference","tabla tension arterial | tension arterial normal | tensión arterial normal | tabla control tensión arterial | tension normale","5","1852","1","479","Baremos de Tensión Arterial España | Tabla de Valores Normales","Introduce tu tensión sistólica y diastólica y consulta el baremo europeo para adultos: en qué categoría estás, qué significa y qué lecturas necesitan atención médica el mismo día.","Tensión arterial normal España","{}","","","0","0","270043d36214a4f6c9e19a6ef8175279f7e12f8d93c9baa5a9992b79c7f0ad1e","raw/public-inventory-2026-09-13.json","retain with evidence","Live metadata, canonical and content retained; no demonstrated benefit from rewriting this page. Retention does not certify clinical/legal claims.","retained; no new certification","no mutation","",""
"https://www.myglobalhealth.online/spain/es/tools/bmi-calculator","es","tool","sitemap","200","https://www.myglobalhealth.online/spain/es/tools/bmi-calculator","index, follow","","observed GSC query/page; no volume inference","calculadora imc | calcular imc | bmi calculadora | calculadora de imc | calculo imc","0","67","0","138","Calculadora IMC España | Calcular tu Índice de Masa Corporal","Calcula tu índice de masa corporal en segundos. Sistema métrico o imperial, categorías de la OMS para adultos y qué significa realmente tu resultado.","Calculadora IMC España","{}","","","0","0","bd92e3c8ebaa885a3960f0196c5f9d9342b67c351380354f3410a2dbd7f68b12","raw/public-inventory-2026-09-13.json","retain with evidence","Live metadata, canonical and content retained; no demonstrated benefit from rewriting this page. Retention does not certify clinical/legal claims.","retained; no new certification","no mutation","",""
"https://www.myglobalhealth.online/spain/es/tools/calorie-calculator","es","tool","sitemap","200","https://www.myglobalhealth.online/spain/es/tools/calorie-calculator","index, follow","","editorial page role; unmeasured","","0","204","0","155","Calculadora de Calorías España | Calorías Diarias","Calcula cuántas calorías necesitas al día para mantener, perder o ganar peso. Ecuación de Mifflin-St Jeor, cinco niveles de actividad y qué significan de verdad las cifras.","Calculadora de calorías España","{}","","","0","0","77e1845c7aacbae4df0dc570ad4d445ec0a1c523a377ca0d8c40833b3d780066","raw/public-inventory-2026-09-13.json","retain with evidence","Live metadata, canonical and content retained; no demonstrated benefit from rewriting this page. Retention does not certify clinical/legal claims.","retained; no new certification","no mutation","",""
"https://www.myglobalhealth.online/spain/es/tools/due-date-calculator","es","tool","sitemap","200","https://www.myglobalhealth.online/spain/es/tools/due-date-calculator","index, follow","","observed GSC query/page; no volume inference","calcular fecha parto | calculadora fecha parto | calculadora de embarazo y parto | calcula fecha parto | calculadora del embarazo","1","97","1","82","Calculadora de Embarazo España | Fecha de Parto y Semanas","Calcula tu fecha probable de parto y de cuántas semanas estás a partir del primer día de tu última regla. Se ajusta a la duración de tu ciclo, con las 40 semanas al detalle.","Calculadora de embarazo España","{}","","","0","0","f7d680e3d2ec2512c798c5f691fcf0e31b1899464ba0e261a986b16e5d243da0","raw/public-inventory-2026-09-13.json","retain with evidence","Live metadata, canonical and content retained; no demonstrated benefit from rewriting this page. Retention does not certify clinical/legal claims.","retained; no new certification","no mutation","",""
"https://www.myglobalhealth.online/spain/es/tools/osteoporosis-risk-checker","es","tool","sitemap","200","https://www.myglobalhealth.online/spain/es/tools/osteoporosis-risk-checker","index, follow","","observed GSC query/page; no volume inference","osteoporosis grado 3 | osteoporosis prueba | prueba salud ósea","0","9","0","4","Evaluación de Riesgo de Osteoporosis España | ¿Necesito una Densitometría Ósea?","Comprueba los factores de riesgo publicados de osteoporosis y fractura por fragilidad, y descubre si las guías clínicas recomiendan que te evalúen. No es el FRAX ni un diagnóstico — una lista de cribado para llevar al médico.","Riesgo de osteoporosis España","{}","","","0","0","629f95165d64fdd8ca838d279cd3efd2c739c4ab3771f893e59bc2420fbae978","raw/public-inventory-2026-09-13.json","retain with evidence","Live metadata, canonical and content retained; no demonstrated benefit from rewriting this page. Retention does not certify clinical/legal claims.","retained; no new certification","no mutation","",""
"https://www.myglobalhealth.online/spain/es/tools/ovulation-calculator","es","tool","sitemap","200","https://www.myglobalhealth.online/spain/es/tools/ovulation-calculator","index, follow","","observed GSC query/page; no volume inference","calculadora los dias fertiles | dias fertiles | calculadora de ovulacion | calcular dias fertiles | calculadora ovulacion","0","292","1","126","Calculadora de Ovulación España | Días Fértiles y Ovulación","Calcula tus días fértiles y el día estimado de ovulación a partir del primer día de tu última regla. Se ajusta a la duración de tu ciclo, con los seis días más fértiles al detalle.","Calculadora de ovulación España","{}","","","0","0","1467f75ce519d8c9d797eaa80f4affd9cf453490d7ab0bde12c42a4808fd5ff7","raw/public-inventory-2026-09-13.json","retain with evidence","Live metadata, canonical and content retained; no demonstrated benefit from rewriting this page. Retention does not certify clinical/legal claims.","retained; no new certification","no mutation","",""
"https://www.myglobalhealth.online/spain/es/tools/sore-throat-checker","es","tool","sitemap","200","https://www.myglobalhealth.online/spain/es/tools/sore-throat-checker","index, follow","","editorial page role; unmeasured","","0","0","0","0","Test de Amigdalitis y Dolor de Garganta España | Centor","Responde cinco preguntas sobre tu dolor de garganta y descubre qué probabilidad hay de una causa bacteriana, con la escala de McIsaac que usan los médicos. Incluye las señales de alarma que necesitan atención urgente. No es un diagnóstico ni una prueba de estreptococo.","Test de amigdalitis y dolor de garganta España","{}","","","0","0","f081b3216b10c58b21dc62b52cfdfe8c378d8c4fad3ddc7f6efc3f662049eb2f","raw/public-inventory-2026-09-13.json","retain with evidence","Live metadata, canonical and content retained; no demonstrated benefit from rewriting this page. Retention does not certify clinical/legal claims.","retained; no new certification","no mutation","",""
"https://www.myglobalhealth.online/spain/pt","pt","home","sitemap","200","https://www.myglobalhealth.online/spain/pt","index, follow","","observed GSC query/page; no volume inference","consulta cardio online | consulta de cardiologia online | email de medicos sp | email medicos sp | marcar exames online","11","160","6","185","Médico Online Espanha | Clínicos e Especialistas Registados","Consulte hoje um médico registado por videochamada — consultas de clínica geral, atestados médicos, referenciações para especialistas. Consultas no mesmo dia em Espanha.","Cuidados médicos online em Espanha","{}","","","0","0","8494d1219c8702fb163f20477a0782beeeb8355a222329ecb0c4827cb10693df","raw/public-inventory-2026-09-13.json","retain with evidence","Live metadata, canonical and content retained; no demonstrated benefit from rewriting this page. Retention does not certify clinical/legal claims.","retained; no new certification","no mutation","",""
"https://www.myglobalhealth.online/spain/pt/about","pt","about","sitemap","200","https://www.myglobalhealth.online/spain/pt/about","index, follow","","editorial page role; unmeasured","","0","1","0","5","Sobre a Global Health Espanha | Médicos online","Global Health Espanha: consultas online por videochamada com médicos inscritos na Colegio Oficial de Médicos, em Espanhol / Inglês. O que oferecemos e quem somos.","Sobre a Global Health Espanha","{}","","","0","0","5a8d72286faf8b105163a44889c629c1788070620727a9bbef9c65765edfa1fe","raw/public-inventory-2026-09-13.json","retain with evidence","Live metadata, canonical and content retained; no demonstrated benefit from rewriting this page. Retention does not certify clinical/legal claims.","retained; no new certification","no mutation","",""
"https://www.myglobalhealth.online/spain/pt/blog","pt","blog","sitemap","200","https://www.myglobalhealth.online/spain/pt/blog","index, follow","","editorial page role; unmeasured","","0","0","0","0","Guias de saúde de médicos registados em Espanha","Guias de saúde baseados em evidências para Espanha, escritos e revistos pela nossa equipa médica. Sem anúncios.","Guias de saúde de médicos registados.","{}","","","0","0","40d42cd9c4f9febf2927aa6da648df7054e882eda1048b5902a750d6f3232244","raw/public-inventory-2026-09-13.json","retain with evidence","Live metadata, canonical and content retained; no demonstrated benefit from rewriting this page. Retention does not certify clinical/legal claims.","retained; no new certification","no mutation","",""
"https://www.myglobalhealth.online/spain/pt/blog/baixa-por-ansiedade-espanha","pt","article","sitemap","200","https://www.myglobalhealth.online/spain/pt/blog/baixa-por-ansiedade-espanha","index, follow","","editorial page role; unmeasured","","2","45","0","0","Baixa por ansiedade em Espanha: quem a emite · Global Health","Baixa por ansiedade em Espanha: quem emite o parte de baja, o que o médico avalia, o que a entidade patronal recebe e o que é a inspeção médica.","Baixa por ansiedade em Espanha: quem a emite e o que é avaliado","{}","","","0","0","0e0b80b406a490515492cdcdaa4c2c365e13bfa9af6e79e3a924cb1ee5f3c294","raw/public-inventory-2026-09-13.json","retain with evidence","Live metadata, canonical and content retained; no demonstrated benefit from rewriting this page. Retention does not certify clinical/legal claims.","retained; no new certification","no mutation","",""
"https://www.myglobalhealth.online/spain/pt/blog/como-baixar-a-tensao-o-que-funciona-segundo-as-diretrizes-e-o-que-so-parece-func","pt","article","sitemap","200","https://www.myglobalhealth.online/spain/pt/blog/como-baixar-a-tensao-o-que-funciona-segundo-as-diretrizes-e-o-que-so-parece-func","index, follow","","observed GSC query/page; no volume inference","como baixar a tensao | baixar a tensao | como baixar as tensões | como baixar tensao","0","16","0","0","Como baixar a tensão: o que funciona mesmo · Global Health","Cinco medidas com efeito comprovado sobre a tensão, quanto tempo demoram, o que diz a diretriz ESC 2024 sobre as infusões e quando ligar 112.","Como baixar a tensão: o que funciona segundo as diretrizes e o que só parece funcionar","{}","","","0","0","2c8297c952ec7b314ad9b10d5b806f4e1721e9cc14e2991a370b7328cfd98953","raw/public-inventory-2026-09-13.json","retain with evidence","Live metadata, canonical and content retained; no demonstrated benefit from rewriting this page. Retention does not certify clinical/legal claims.","retained; no new certification","no mutation","",""
"https://www.myglobalhealth.online/spain/pt/blog/dermatologista-online-espanha","pt","article","sitemap","200","https://www.myglobalhealth.online/spain/pt/blog/dermatologista-online-espanha","index, follow","","observed GSC query/page; no volume inference","consulta dermatologo online | consulta online de dermatologia | consulta online dermatologia | consulta online dermatologista | dermatologia online","0","54","0","0","Dermatologista online: o que resolve e o que não","Dermatologista online em Espanha: que problemas de pele se resolvem por vídeo ou fotografia, quais exigem consulta presencial e como fazer boas fotos.","Dermatologista online em Espanha: o que resolve e o que exige consulta presencial","{}","","","0","0","242a4b6194bb19d86d2c6b43dd1be36f5de7c373116048abd5bbe6c48e06dc65","raw/public-inventory-2026-09-13.json","retain with evidence","Live metadata, canonical and content retained; no demonstrated benefit from rewriting this page. Retention does not certify clinical/legal claims.","retained; no new certification","no mutation","",""
"https://www.myglobalhealth.online/spain/pt/blog/diabetes-uma-doenca-silenciosa","pt","article","sitemap","200","https://www.myglobalhealth.online/spain/pt/blog/diabetes-uma-doenca-silenciosa","index, follow","","editorial page role; unmeasured","","0","3","0","0","Diabetes em Espanha: causas, sintomas, tratamento e o futuro dos cuidados","Diabetes em Espanha: causas, sintomas, tratamentos com GLP-1 e SGLT2, controlos regulares e avanços no acompanhamento.","Diabetes: uma doença silenciosa","{}","","","0","0","40dd089ed0944008456f33f30c91ca208cc4f21dac67fd72effe2dc34ad5f508","raw/public-inventory-2026-09-13.json","retain with evidence","Live metadata, canonical and content retained; no demonstrated benefit from rewriting this page. Retention does not certify clinical/legal claims.","retained; no new certification","no mutation","",""
"https://www.myglobalhealth.online/spain/pt/blog/medical-review-policy","pt","article","sitemap","200","https://www.myglobalhealth.online/spain/pt/blog/medical-review-policy","index, follow","","editorial page role; unmeasured","","0","0","0","0","Política de Revisão Médica — Global Health Espanha","Como a Global Health escreve, revê e atualiza os artigos de saúde publicados para Espanha: quem os escreve, que médico registado os aprova e as normas editoriais que seguimos.","Como escrevemos e revemos conteúdos médicos","{}","","","0","0","f54a693811ad3dc9d7d5d6758517db75295ae64b4b4cd466c6bda26ba2c65ca2","raw/public-inventory-2026-09-13.json","retain with evidence","Live metadata, canonical and content retained; no demonstrated benefit from rewriting this page. Retention does not certify clinical/legal claims.","retained; no new certification","no mutation","",""
"https://www.myglobalhealth.online/spain/pt/blog/tensao-alta-sintomas-quando-ir-urgencias-espanha","pt","article","sitemap","200","https://www.myglobalhealth.online/spain/pt/blog/tensao-alta-sintomas-quando-ir-urgencias-espanha","index, follow","","editorial page role; unmeasured","","0","2","0","0","Tensão alta: sintomas e urgências em Espanha · Global Health","Sinais de alarme, quando ligar 112 em Espanha e como agir perante tensão muito alta sem doses extra nem remédios caseiros.","Tensão alta: sintomas e quando ir às urgências em Espanha","{}","","","0","0","eb7a93672be2e034f27190afbb1ab09bc6f6d84c7f51b6efd0d4da64de58107c","raw/public-inventory-2026-09-13.json","retain with evidence","Live metadata, canonical and content retained; no demonstrated benefit from rewriting this page. Retention does not certify clinical/legal claims.","retained; no new certification","no mutation","",""
"https://www.myglobalhealth.online/spain/pt/blog/tensao-arterial-normal-tabela-util-por-idade-e-sexo-sem-mitos","pt","article","sitemap","200","https://www.myglobalhealth.online/spain/pt/blog/tensao-arterial-normal-tabela-util-por-idade-e-sexo-sem-mitos","index, follow","","editorial page role; unmeasured","","0","0","0","0","Tensão arterial normal: tabela por idade e sexo","Que tensão arterial é considerada normal nos adultos, porque não existe uma tabela diferente para homens e mulheres e quando convém consultar.","Tensão arterial normal: tabela útil por idade e sexo, sem mitos","{}","","","0","0","c4ddd137c215774e7570b392b06e198316ca24f54d05105d9ac9b9b7571b4506","raw/public-inventory-2026-09-13.json","retain with evidence","Live metadata, canonical and content retained; no demonstrated benefit from rewriting this page. Retention does not certify clinical/legal claims.","retained; no new certification","no mutation","",""
"https://www.myglobalhealth.online/spain/pt/book","pt","book","sitemap","200","https://www.myglobalhealth.online/spain/pt/book","index, follow","","editorial page role; unmeasured","","0","1","0","6","Marque a sua consulta — Espanha · Global Health","Clínica médica em Espanha. Escolha um serviço, clínico, hora e dados do doente.","","{}","","","0","0","31361d57a7f0d71cacde0fedfc3455b69c7f2d4d9d0e7acd5ddbbbebd79ef234","raw/public-inventory-2026-09-13.json","retain with evidence","Browser: localized H1 and 23 service choices verified in six locales; no paid booking made. Minor English UI labels retained as localization debt.","retained; no new certification","no mutation","",""
"https://www.myglobalhealth.online/spain/pt/careers","pt","careers","sitemap","200","https://www.myglobalhealth.online/spain/pt/careers","index, follow","","editorial page role; unmeasured","","1","4","0","0","Carreiras na Global Health Espanha","Junte-se à Global Health em Espanha. Trabalhamos com médicos registados, equipas de apoio clínico e de tecnologia em toda a Europa e no Brasil. Veja como candidatar-se.","Carreiras na Global Health","{}","","","0","0","f49d7efd611297578e62932f37d136f5c8fb61e90392b08ee8b4cad1f5419e3b","raw/public-inventory-2026-09-13.json","retain with evidence","Live metadata, canonical and content retained; no demonstrated benefit from rewriting this page. Retention does not certify clinical/legal claims.","retained; no new certification","no mutation","",""
"https://www.myglobalhealth.online/spain/pt/contact","pt","contact","sitemap","200","https://www.myglobalhealth.online/spain/pt/contact","index, follow","","editorial page role; unmeasured","","0","2","0","5","Contactos Global Health Espanha | Médico Online","Contacte a Global Health Espanha: +34 692 722 898, info@myglobalhealth.online. Consultas online por videochamada com médicos inscritos na Colegio Oficial de Médicos.","Contactos da Global Health Espanha","{}","","","0","0","2c79b7d3d99095249e51544b41dba7694b10c0a697e5d871462c37f2518b7758","raw/public-inventory-2026-09-13.json","retain with evidence","Live metadata, canonical and content retained; no demonstrated benefit from rewriting this page. Retention does not certify clinical/legal claims.","retained; no new certification","no mutation","",""
"https://www.myglobalhealth.online/spain/pt/doctors","pt","doctors","sitemap","200","https://www.myglobalhealth.online/spain/pt/doctors","index, follow","","editorial page role; unmeasured","","0","4","0","0","Médicos e especialistas registados em Espanha","Explore 14 médicos e especialistas registados em Espanha disponíveis online. Dermatologia, cardiologia, psiquiatria, psicologia, urgências e mais. Reserve no mesmo dia.","Médicos que realmente atendem.","{}","","","0","0","277bf04b50d12f4dde749f122b5df3cf432f697da5e0d6c9cb9b2ee439309198","raw/public-inventory-2026-09-13.json","retain with evidence","Live metadata, canonical and content retained; no demonstrated benefit from rewriting this page. Retention does not certify clinical/legal claims.","retained; no new certification","no mutation","",""
"https://www.myglobalhealth.online/spain/pt/doctors/dr-alfredo-del-valle","pt","doctor","sitemap","200","https://www.myglobalhealth.online/spain/pt/doctors/dr-alfredo-del-valle","index, follow","","editorial page role; unmeasured","","0","0","0","6","Dr Alfredo del Valle - Dermatologista | Global Health","Dr. Alfredo del Valle Moreno Montañez, dermatologista especialista em dermatologia médica e estética. Especialista em dermato-oncologia, hidradenite supurativa e tratamentos com toxina botulínica. Consulta online na Global Health.","Dr. Alfredo del Valle Moreno Montañez","{}","6","0","1","0","9dfe04b0c35950d24b99cc433c77fc0fd3f4b4d909a163a70b2a51f320f732f9","raw/api/doctors-dr-alfredo-del-valle-PT.json","change","Replace immediate-calendar/same-day boilerplate with current booking checks and recorded consultation languages; preserve existing emergency passage.","clinical review pending","not applied; storage/approval/deployment pending","doctor:dr-alfredo-del-valle",""
"https://www.myglobalhealth.online/spain/pt/doctors/dr-eduardo-olivas","pt","doctor","sitemap","200","https://www.myglobalhealth.online/spain/pt/doctors/dr-eduardo-olivas","index, follow","","editorial page role; unmeasured","","0","0","0","1","Dr Eduardo Olivas - Medicina Geral | Global Health","Dr. Eduardo Rodríguez Olivas, médico geral inscrito na Espanha (COMIB). Especialista em Cuidados Primários, Medicina Interna e Medicina Estética. Ampla experiência em telemedicina. Consulta online na Global Health.","Dr. Eduardo Daniel Rodríguez Olivas","{}","6","0","1","0","2250f6fdbb3b1309721a9637a34b10f46d6a42326596ad765792ba3f9eba2a58","raw/api/doctors-dr-eduardo-olivas-PT.json","change","Replace immediate-calendar/same-day boilerplate with current booking checks and recorded consultation languages; preserve existing emergency passage.","clinical review pending","not applied; storage/approval/deployment pending","doctor:dr-eduardo-olivas",""
"https://www.myglobalhealth.online/spain/pt/doctors/dr-eszter-szilagyi","pt","doctor","sitemap","200","https://www.myglobalhealth.online/spain/pt/doctors/dr-eszter-szilagyi","index, follow","","editorial page role; unmeasured","","0","1","0","0","Dr Eszter Szilagyi - Cirurgiã Cardiovascular | Global Health","Dra. Eszter Szilágyi, especialista em Cirurgia Cardiovascular inscrita em Málaga. Formada na Alemanha e Espanha, com ampla experiência em cirurgia cardíaca e urgências. Atendimento multilingue na Global Health.","Dra. Eszter Szilágyi","{}","6","0","1","0","a0d1e8706414c69ce25ba26c1689392fdee36eaecc5ed375eb544f70a9ebb6af","raw/api/doctors-dr-eszter-szilagyi-PT.json","change","Replace immediate-calendar/same-day boilerplate with current booking checks and recorded consultation languages; preserve existing emergency passage.","clinical review pending","not applied; storage/approval/deployment pending","doctor:dr-eszter-szilagyi",""
"https://www.myglobalhealth.online/spain/pt/doctors/dr-fabiana-cornejo","pt","doctor","sitemap","200","https://www.myglobalhealth.online/spain/pt/doctors/dr-fabiana-cornejo","index, follow","","editorial page role; unmeasured","","0","3","0","8","Dr Fabiana Cornejo - Psiquiatra | Global Health","Dra. Mónica Cornejo Román, psiquiatra consultora especialista em Neuropsicofarmacologia. Ampla experiência na Espanha e Argentina em psicofarmacologia, transtornos do humor e psiquiatria de urgência. Consulta online na Global Health.","Dra. Mónica Fabiana Cornejo Román","{}","6","0","1","0","87a2f28f7b3b0e187432b1d4b94079bd23884db58a01cefda82d607e47e1a5c8","raw/api/doctors-dr-fabiana-cornejo-PT.json","change","Replace immediate-calendar/same-day boilerplate with current booking checks and recorded consultation languages; preserve existing emergency passage.","clinical review pending","not applied; storage/approval/deployment pending","doctor:dr-fabiana-cornejo",""
"https://www.myglobalhealth.online/spain/pt/doctors/dr-fidel-mesa-prado","pt","doctor","sitemap","200","https://www.myglobalhealth.online/spain/pt/doctors/dr-fidel-mesa-prado","index, follow","","editorial page role; unmeasured","","0","1","0","4","Dr Fidel Mesa Prado - Cardiologista | Global Health","Dr. Fidel Mesa Prado, especialista em Cardiologia no Hospital Costa del Sol e Hospiten Estepona. Especialista em imagem cardíaca, síndrome coronário agudo e procedimentos técnicos avançados. Consulta online na Global Health.","Dr. Fidel Ernesto Mesa Prado","{}","6","0","1","0","d99841ed9cfbc8ad536fad819e6fbfe085fbd6b26e33da67dea0e7f0ee5eb3a8","raw/api/doctors-dr-fidel-mesa-prado-PT.json","hold","No current open appointment; retain routing and assignments; exact correction candidate prepared, other claims retained pending evidence.","clinical review pending","not applied; storage/approval/deployment pending","doctor:dr-fidel-mesa-prado",""
"https://www.myglobalhealth.online/spain/pt/doctors/dr-javier-villarte-betancor","pt","doctor","sitemap","200","https://www.myglobalhealth.online/spain/pt/doctors/dr-javier-villarte-betancor","index, follow","","editorial page role; unmeasured","","0","0","0","0","Dr Javier Villarte Betancor - Psicólogo | Global Health","Javier Villarte Betancor, Psicólogo da Saúde especializado em TCC, ACT e TDC. Especialista em ansiedade, regulação emocional e transtorno limite da personalidade. Consulta online na Global Health.","Javier Villarte Betancor","{}","6","0","1","0","1cda1b3f884d2af0175de39f4ec34c6d04e658f16a0b48ed1cd56df18dfce838","raw/api/doctors-dr-javier-villarte-betancor-PT.json","change","Replace immediate-calendar/same-day boilerplate with current booking checks and recorded consultation languages; preserve existing emergency passage.","clinical review pending","not applied; storage/approval/deployment pending","doctor:dr-javier-villarte-betancor",""
"https://www.myglobalhealth.online/spain/pt/doctors/dr-leandro-wang","pt","doctor","sitemap","200","https://www.myglobalhealth.online/spain/pt/doctors/dr-leandro-wang","index, follow","","editorial page role; unmeasured","","0","1","0","1","Dr Leandro Wang - Medicina Estética/Capilar | Global Health","Dr. Leandro Wang, médico inscrito na ordem especialista em flebologia, saúde vascular e medicina estética. Mais de 20 anos de experiência internacional. Consulta presencial em Valência/Girona e online na Global Health.","Dr. Leandro Wang","{}","6","0","1","0","abcb12af838f130e7ca3e4000ea73899f8e206e22b0e34f5932a9017960549c0","raw/api/doctors-dr-leandro-wang-PT.json","change","Replace immediate-calendar/same-day boilerplate with current booking checks and recorded consultation languages; preserve existing emergency passage.","clinical review pending","not applied; storage/approval/deployment pending","doctor:dr-leandro-wang",""
"https://www.myglobalhealth.online/spain/pt/doctors/dr-luz-marina-zuluaga-rios","pt","doctor","sitemap","200","https://www.myglobalhealth.online/spain/pt/doctors/dr-luz-marina-zuluaga-rios","index, follow","","editorial page role; unmeasured","","0","4","0","0","Dr Luz Marina Zuluaga Rios - Medicina Geral | Global Health","Dra. Luz Marina Zuluaga Ríos, especialista em Doença Vascular Periférica, Pé Diabético e Reabilitação Cardiopulmonar. Ampla experiência clínica internacional. Consulta online na Global Health.","Dra. Luz Marina Zuluaga Ríos","{}","6","0","1","0","8802f6aa7263983687cc23695f096da420b215eee6fcae131e9bfb6fb81b5be6","raw/api/doctors-dr-luz-marina-zuluaga-rios-PT.json","hold","Current exercise status discrepancy; exact correction candidate prepared, other claims retained pending evidence.","clinical review pending","not applied; storage/approval/deployment pending","doctor:dr-luz-marina-zuluaga-rios",""
"https://www.myglobalhealth.online/spain/pt/doctors/dr-maria-fernanda-ocampo-mora","pt","doctor","sitemap","200","https://www.myglobalhealth.online/spain/pt/doctors/dr-maria-fernanda-ocampo-mora","index, follow","","editorial page role; unmeasured","","0","2","0","0","Dr Maria Fernanda Ocampo Mora - Medicina Geral","Dra. María Fernanda Ocampo Mora, especialista em Medicina de Urgências, Medicina Geral e Medicina Estética. Ampla experiência na Espanha e na Colômbia. Consulta online na Global Health.","Dra. María Fernanda Ocampo Mora","{}","6","0","1","0","d05cfd236f10565c840626d761fbb65d10a3e34dee5234fb9cd2a433e4135279","raw/api/doctors-dr-maria-fernanda-ocampo-mora-PT.json","change","Replace immediate-calendar/same-day boilerplate with current booking checks and recorded consultation languages; preserve existing emergency passage.","clinical review pending","not applied; storage/approval/deployment pending","doctor:dr-maria-fernanda-ocampo-mora",""
"https://www.myglobalhealth.online/spain/pt/doctors/dr-romulo-brito","pt","doctor","sitemap","200","https://www.myglobalhealth.online/spain/pt/doctors/dr-romulo-brito","index, follow","","editorial page role; unmeasured","","0","2","0","1","Dr Romulo Brito - Medicina Geral | Global Health","Dr. Rómulo Brito González, especialista em Medicina de Urgências e Emergências com mais de 10 anos de experiência internacional. Médico Adjunto no Hospital Can Misses, Ibiza. Consulta online na Global Health.","Dr. Rómulo Andrés Brito González","{}","6","0","1","0","b19e6d2e569657d391bb2920a0bcef01fd4351452c8524372893620abaadf456","raw/api/doctors-dr-romulo-brito-PT.json","change","Replace immediate-calendar/same-day boilerplate with current booking checks and recorded consultation languages; preserve existing emergency passage.","clinical review pending","not applied; storage/approval/deployment pending","doctor:dr-romulo-brito",""
"https://www.myglobalhealth.online/spain/pt/doctors/dr-silvina-irale","pt","doctor","sitemap","200","https://www.myglobalhealth.online/spain/pt/doctors/dr-silvina-irale","index, follow","","editorial page role; unmeasured","","0","4","0","1","Dr Silvina Irale - Atenção Primária Pediátrica","Dra. María Silvina Irale Tunkiewicz, especialista em Pediatria com mais de 20 anos de experiência. Mestrado em Medicina Estética e Antienvelhecimento. Consulta online em Global Health.","Dra. María Silvina Irale Tunkiewicz","{}","6","0","1","0","3da4a16f878efb0e2192dd49785146dbd5e815eb10566caa907cbc37acd5518f","raw/api/doctors-dr-silvina-irale-PT.json","change","Replace immediate-calendar/same-day boilerplate with current booking checks and recorded consultation languages; preserve existing emergency passage.","clinical review pending","not applied; storage/approval/deployment pending","doctor:dr-silvina-irale",""
"https://www.myglobalhealth.online/spain/pt/doctors/dr-syed-tahir","pt","doctor","sitemap","200","https://www.myglobalhealth.online/spain/pt/doctors/dr-syed-tahir","index, follow","","editorial page role; unmeasured","","0","0","0","1","Dr Syed Tahir - Medicina Geral | Global Health","Dr. Syed Tahir, médico general especialista em saúde pública e epidemiologia. Formado em Cuba e nos Países Baixos, com experiência internacional em investigação médica. Consulta online na Global Health.","Dr. Syed Tahir","{}","6","0","1","0","8335ff7dc0c6ae67dc367200711a6c4fa667b93c0d6ba2221f1f3cdc7c7fd73f","raw/api/doctors-dr-syed-tahir-PT.json","change","Replace immediate-calendar/same-day boilerplate with current booking checks and recorded consultation languages; preserve existing emergency passage.","clinical review pending","not applied; storage/approval/deployment pending","doctor:dr-syed-tahir",""
"https://www.myglobalhealth.online/spain/pt/doctors/dr-tomas-ruiz-palacios","pt","doctor","sitemap","200","https://www.myglobalhealth.online/spain/pt/doctors/dr-tomas-ruiz-palacios","index, follow","","editorial page role; unmeasured","","0","9","0","7","Dr Tomas Ruiz Palacios - Psicólogo | Global Health","Tomás Ruiz Palacios, Psicólogo Geral de Saúde especializado em terapia cognitivo-comportamental e sistêmica relacional. Atendimento em espanhol e italiano. Consulta online na Global Health.","Tomás Ruiz Palacios","{}","6","0","1","0","bd90481b7bf4ef638d3305e4f45232693367f3f469346c1a4c6ad27115fb023d","raw/api/doctors-dr-tomas-ruiz-palacios-PT.json","hold","Official registration not independently verified; exact correction candidate prepared, other claims retained pending evidence.","clinical review pending","not applied; storage/approval/deployment pending","doctor:dr-tomas-ruiz-palacios",""
"https://www.myglobalhealth.online/spain/pt/gp-consultation-online","pt","gp-consultation-online","sitemap","200","https://www.myglobalhealth.online/spain/pt/gp-consultation-online","index, follow","","editorial page role; unmeasured","","2","9","0","4","Consulta Médica Online em Espanha | Global Health","Consultas médicas online com médicos inscritos em Organización Médica Colegial (colegios de médicos).","Consulta Médica Online em Espanha","{}","","","0","0","22dbf9e57ff393e891b0589dff71cc51cb46116f6dbd92525894c02af1824b14","raw/public-inventory-2026-09-13.json","retain with evidence","Live metadata, canonical and content retained; no demonstrated benefit from rewriting this page. Retention does not certify clinical/legal claims.","retained; no new certification","no mutation","",""
"https://www.myglobalhealth.online/spain/pt/legal","pt","legal","sitemap","200","https://www.myglobalhealth.online/spain/pt/legal","index, follow","","editorial page role; unmeasured","","0","0","0","0","Informação legal. · Espanha · Global Health","Documentos legais, registo da empresa e detalhes regulamentares para Global Health em Espanha.","Informação legal.","{}","","","0","0","557ff687e2dcf6218c06d300ed534517d0859fdddf9aebd4e55c8c03658233e2","raw/public-inventory-2026-09-13.json","retain with evidence","Legal body retained; actual status/canonical/robots recorded. No legal certification or new translation.","retained; no new certification","no mutation","",""
"https://www.myglobalhealth.online/spain/pt/legal/complaints-procedure","pt","legal","sitemap","200","https://www.myglobalhealth.online/spain/pt/legal/complaints-procedure","index, follow","","editorial page role; unmeasured","","0","3","1","11","Procedimento de Reclamações · Espanha · Global Health","Procedimento de Reclamações. Documentos legais, registo da empresa e detalhes regulamentares para Global Health em Espanha.","Procedimento de Reclamações","{}","","","0","0","03894cbef739753ffe584111df4787efcb59731469903bed0e3b7a61b5597bb7","raw/public-inventory-2026-09-13.json","retain with evidence","Legal body retained; actual status/canonical/robots recorded. No legal certification or new translation.","retained; no new certification","no mutation","",""
"https://www.myglobalhealth.online/spain/pt/legal/cookie-policy","pt","legal","internal link","200","https://www.myglobalhealth.online/spain/pt/legal/cookie-policy","noindex, follow","","editorial page role; unmeasured","","0","0","0","3","Cookie Policy · Espanha · Global Health","Cookie Policy. Documentos legais, registo da empresa e detalhes regulamentares para Global Health em Espanha.","Cookie Policy","{}","","","0","0","b641159414379d5c1cc9f26dd4ee9502c96013538672ec6bf4e102abf8bcf55a","raw/public-inventory-2026-09-13.json","retain with evidence","Legal body retained; actual status/canonical/robots recorded. No legal certification or new translation.","retained; no new certification","no mutation","",""
"https://www.myglobalhealth.online/spain/pt/legal/medical-disclaimer","pt","legal","internal link","200","https://www.myglobalhealth.online/spain/pt/legal/medical-disclaimer","noindex, follow","","editorial page role; unmeasured","","0","0","0","0","Aviso Médico · Espanha · Global Health","Aviso Médico. Documentos legais, registo da empresa e detalhes regulamentares para Global Health em Espanha.","Aviso Médico","{}","","","0","0","5c61cf47fc9db36d602987984a6647adf59a1ad6e544ae9b4d3e45021243e8bb","raw/public-inventory-2026-09-13.json","retain with evidence","Legal body retained; actual status/canonical/robots recorded. No legal certification or new translation.","retained; no new certification","no mutation","",""
"https://www.myglobalhealth.online/spain/pt/legal/privacy-policy","pt","legal","sitemap","200","https://www.myglobalhealth.online/spain/pt/legal/privacy-policy","index, follow","","editorial page role; unmeasured","","0","0","0","0","Política de Privacidade · Espanha · Global Health","Política de Privacidade. Documentos legais, registo da empresa e detalhes regulamentares para Global Health em Espanha.","Política de Privacidade","{}","","","0","0","22dde85040d4d2f5cb3a06560ea26c5494a323cb44bcbc9a2bdd64754f7ff214","raw/public-inventory-2026-09-13.json","retain with evidence","Legal body retained; actual status/canonical/robots recorded. No legal certification or new translation.","retained; no new certification","no mutation","",""
"https://www.myglobalhealth.online/spain/pt/legal/refund-policy","pt","legal","sitemap","200","https://www.myglobalhealth.online/spain/pt/legal/refund-policy","index, follow","","editorial page role; unmeasured","","0","1","0","4","Política de Reembolso · Espanha · Global Health","Política de Reembolso. Documentos legais, registo da empresa e detalhes regulamentares para Global Health em Espanha.","Política de Reembolso","{}","","","0","0","a94d6b5401c3be68dc91e45dd983cd9f75e7f777f22bb3e596668418fc396ad8","raw/public-inventory-2026-09-13.json","retain with evidence","Legal body retained; actual status/canonical/robots recorded. No legal certification or new translation.","retained; no new certification","no mutation","",""
"https://www.myglobalhealth.online/spain/pt/legal/terms-of-service","pt","legal","sitemap","200","https://www.myglobalhealth.online/spain/pt/legal/terms-of-service","index, follow","","editorial page role; unmeasured","","0","0","0","1","Termos e Condições · Espanha · Global Health","Termos e Condições. Documentos legais, registo da empresa e detalhes regulamentares para Global Health em Espanha.","Termos e Condições","{}","","","0","0","18313500723dffe2fb6d528f957b7f232b8d4b37dfa5b9f96b4640f74a870928","raw/public-inventory-2026-09-13.json","retain with evidence","Legal body retained; actual status/canonical/robots recorded. No legal certification or new translation.","retained; no new certification","no mutation","",""
"https://www.myglobalhealth.online/spain/pt/press","pt","press","sitemap","200","https://www.myglobalhealth.online/spain/pt/press","index, follow","","editorial page role; unmeasured","","0","1","0","0","Imprensa e Media — Global Health Espanha","Informação para a imprensa sobre a Global Health em Espanha: quem opera o serviço, como é regulado, os mercados que servimos e como contactar a nossa área de imprensa.","Imprensa e media","{}","","","0","0","fa7ae852accdd4a1f2b35820190976d2ae0874ec05f8d9b35f07053ae4944368","raw/public-inventory-2026-09-13.json","retain with evidence","Live metadata, canonical and content retained; no demonstrated benefit from rewriting this page. Retention does not certify clinical/legal claims.","retained; no new certification","no mutation","",""
"https://www.myglobalhealth.online/spain/pt/pricing","pt","pricing","sitemap","200","https://www.myglobalhealth.online/spain/pt/pricing","index, follow","","editorial page role; unmeasured","","0","3","0","1","Escolha o seu plano mensal · Espanha · Global Health","Cuidados mensais de medicina geral online com créditos de consulta e poupança em especialistas, com preços para Espanha.","Cuidados que se renovam consigo","{}","","","0","0","e5082ea85eb97f8224c1ab2b3555fb460c9349aabb29f69ddc8193a39efca8a4","raw/public-inventory-2026-09-13.json","retain with evidence","Live metadata, canonical and content retained; no demonstrated benefit from rewriting this page. Retention does not certify clinical/legal claims.","retained; no new certification","no mutation","",""
"https://www.myglobalhealth.online/spain/pt/see-a-specialist","pt","see-a-specialist","sitemap","200","https://www.myglobalhealth.online/spain/pt/see-a-specialist","index, follow","","editorial page role; unmeasured","","0","0","0","0","Cuidados especializados associados a um serviço ativo · Spain","A Global Health apresenta os serviços de consulta online de especialidade atualmente disponíveis em Spain. A disponibilidade depende do serviço, do profissional de saúde e dos horários de consulta. Algumas situações exigem um exame presencial ou outro contexto de cuidados.","Conheça os nossos registados especialistas.","{}","","","0","0","cc4055ec0268cf5ae10780c4e78ab3c5108ee9aa25304d311688476463214a34","raw/public-inventory-2026-09-13.json","retain with evidence","Live metadata, canonical and content retained; no demonstrated benefit from rewriting this page. Retention does not certify clinical/legal claims.","retained; no new certification","no mutation","",""
"https://www.myglobalhealth.online/spain/pt/services/caida-cabello-online","pt","service","sitemap","200","https://www.myglobalhealth.online/spain/pt/services/caida-cabello-online","index, follow","","editorial page role; unmeasured","","0","0","0","2","Queda de Cabelo Online Espanha | Avaliação Médica | Médico de Família","Perda de cabelo ou afinamento capilar? Os nossos médicos de família registados avaliam a causa médica da sua queda de cabelo e aconselham sobre tratamento baseado em evidência. No mesmo dia em Espanha.","Queda de Cabelo — Avaliação Médica Online no Mesmo Dia","{}","8","0","0","0","aee6ac5414761610556992724abd59cad1c845ea9f49233d625c86ea26d58e52","raw/public-inventory-2026-09-13.json","hold","Live metadata, canonical and content retained; no demonstrated benefit from rewriting this page. Retention does not certify clinical/legal claims. Luz: CGCOM alta sin ejercicio; operations clarification required; confirm lawful current exercise before promoting affected care.","retained; no new certification","no mutation","",""
"https://www.myglobalhealth.online/spain/pt/services/cardiologo-online","pt","service","sitemap","200","https://www.myglobalhealth.online/spain/pt/services/cardiologo-online","index, follow","","observed GSC query/page; no volume inference","consulta cardio online","0","29","0","5","Cardiologista Online Espanha | Consulta Cardiológica Especializada | No Mesmo Dia","Palpitações, revisão de ECG, hipertensão ou outra preocupação cardiológica. Os nossos cardiologistas especialistas oferecem avaliações por videochamada com revisão de exames. No mesmo dia em Espanha.","Cardiologia Especialista — Consulta Cardiológica Online","{""seoTitle"":""Cardiólogo Online España | Consulta Cardiológica Especialista""}","9","0","0","0","391423e6d177add951744092eea6577af0a921a35e76d5aabbfb04b8dcbe2f2e","raw/api/services-cardiologo-online-ES.json","hold","No current open appointment; retain routing and assignments; exact correction candidate prepared, other claims retained pending evidence. No current open appointment; operations must resolve supply without changing credentials.","clinical review pending","not applied; storage/approval/deployment pending","service:cardiologo-online",""
"https://www.myglobalhealth.online/spain/pt/services/consulta-diagnotico-vascular","pt","service","internal link","200","https://www.myglobalhealth.online/spain/pt/services/consulta-diagnotico-vascular","noindex, follow","","editorial page role; unmeasured","","0","0","0","0","Consulta Diagnóstico vascular · Global Health","Learn about Consulta Diagnóstico vascular and book a consultation.","Diagnóstico Vascular Especialista — Revisión de Pruebas Online","{""heroDescription"":""Escolha um horário disponível e confirme o preço antes de marcar. Línguas da consulta: espanhol. A língua desta página não determina a língua da consulta. Prepare os seus relatórios médicos e a lista de medicamentos que toma. Confirme os horários atuais; a disponibilidade pode mudar.""}","0","0","0","3","431ad6224a4e3ecbed9f8e664f5edec6e3625eda60a3421c8749e3363f229838","raw/api/services-consulta-diagnotico-vascular-PT.json","hold","Specialist scope unresolved: CGCOM lists assigned doctor as Médico General; exact correction candidate prepared, other claims retained pending evidence. Non-ES record stores no body and renders the ES body; body localization held with the service. Clinical source and native-language review required.","clinical review pending","not applied; storage/approval/deployment pending","service:consulta-diagnotico-vascular",""
"https://www.myglobalhealth.online/spain/pt/services/consulta-flebologia-y-linfologia","pt","service","internal link","200","https://www.myglobalhealth.online/spain/pt/services/consulta-flebologia-y-linfologia","noindex, follow","","editorial page role; unmeasured","","0","0","0","0","Consulta Online Flebologia e Linfologia · Global Health","Learn about Consulta Online Flebologia e Linfologia and book a consultation.","Flebología y Linfología Especialista — Consulta Online","{""heroDescription"":""Escolha um horário disponível e confirme o preço antes de marcar. Línguas da consulta: espanhol. A língua desta página não determina a língua da consulta. Prepare os seus relatórios médicos e a lista de medicamentos que toma. Confirme os horários atuais; a disponibilidade pode mudar.""}","0","0","0","3","963563a3df4f7620d53bf5ec89647560cb221dc53bdd8a6253ba8b368444e4b6","raw/api/services-consulta-flebologia-y-linfologia-PT.json","hold","Specialist scope unresolved: CGCOM lists assigned doctor as Médico General; exact correction candidate prepared, other claims retained pending evidence. Non-ES record stores no body and renders the ES body; body localization held with the service. Clinical source and native-language review required.","clinical review pending","not applied; storage/approval/deployment pending","service:consulta-flebologia-y-linfologia",""
"https://www.myglobalhealth.online/spain/pt/services/consulta-medica-online","pt","service","sitemap","200","https://www.myglobalhealth.online/spain/pt/services/consulta-medica-online","index, follow","","editorial page role; unmeasured","","0","24","0","7","Médico Online Espanha | Sem Lista de Espera | Consulta no Mesmo Dia","Precisa de consultar um médico hoje? Médicos inscritos em Espanha oferecem consultas por videochamada segura. Sem registo prévio, sem sala de espera. Documentação clínica emitida no próprio dia em toda a Espanha.","Médico Online — Consulta Médica Privada no Mesmo Dia","{""seoTitle"":""Consulta médica online em Espanha | Global Health"",""seoDescription"":""Consulte um médico de medicina geral por videochamada. Confirme a língua da consulta, o preço e os horários disponíveis antes de marcar."",""heroTitle"":""Consulta médica online em Espanha""}","8","0","0","0","9230790ae0f1940b2f5ea5cb2379482907a6d28eb356b862471e15d04f80b8f0","raw/api/services-consulta-medica-online-PT.json","hold","Assigned clinician Luz: current exercise status discrepancy; operations clarification required; exact correction candidate prepared, other claims retained pending evidence. Luz: CGCOM alta sin ejercicio; operations clarification required; confirm lawful current exercise before promoting affected care.","clinical review pending","not applied; storage/approval/deployment pending","service:consulta-medica-online",""
"https://www.myglobalhealth.online/spain/pt/services/consulta-online-medicina-estetica","pt","service","internal link","200","https://www.myglobalhealth.online/spain/pt/services/consulta-online-medicina-estetica","noindex, follow","","editorial page role; unmeasured","","0","0","0","1","Consulta Online Medicina Estética · Global Health","Learn about Consulta Online Medicina Estética and book a consultation.","Medicina Estética Online — Valoración Médica Independiente","{""seoTitle"":""Medicina Estética Online Espanha | Avaliação Independente"",""seoDescription"":""Medicina estética online com médica credenciada em Espanha. Avaliação independente: indicação, expectativas realistas, riscos e plano escrito."",""heroTitle"":""Medicina Estética Online — Avaliação Médica Independente"",""heroDescription"":""Escolha um horário disponível e confirme o preço antes de marcar. Línguas da consulta: espanhol. A língua desta página não determina a língua da consulta. Prepare os seus relatórios médicos e a lista de medicamentos que toma. Confirme os horários atuais; a disponibilidade pode mudar."",""detailBody"":""<h2>Para quem é este serviço</h2><p>Esta consulta de medicina estética online é adequada para adultos que pretendem:</p><ul><li>Uma avaliação médica antes de contratar um tratamento — toxina botulínica, preenchimentos de ácido hialurónico, peelings químicos, laser, mesoterapia, fios tensores ou radiofrequência</li><li>Saber o que é realista no seu caso e o que não é, antes de pagar por um procedimento</li><li>Uma segunda opinião independente sobre um plano de tratamento ou um orçamento proposto por outro centro</li><li>Orientação sobre uma preocupação de pele com componente estético — rugas, flacidez, manchas, poros dilatados, textura irregular, marcas de acne ou vermelhidão</li><li>Um plano de cuidados em casa com ativos de eficácia comprovada, antes de um procedimento ou em vez dele</li><li>Revisão da evolução após um tratamento estético recente, quando não há sinais de complicação urgente</li><li>Perceber o que verificar numa clínica estética: quem realiza o procedimento, com que produto e com que consentimento informado</li><li>Residentes internacionais e expatriados que preferem uma avaliação em espanhol</li></ul><h2>O que é este serviço — e o que não é</h2><p>Esta consulta abrange:</p><ul><li>Avaliação médica da indicação: que tratamento corresponde a que problema, e por que ordem</li><li>Expectativas realistas — que mudança é alcançável, em quantas sessões e quanto tempo dura</li><li>Riscos, contraindicações e interações com o seu historial clínico e a medicação que toma atualmente</li><li>Plano de cuidados da pele com ativos tópicos e fotoproteção</li><li>Segunda opinião sobre um plano ou um orçamento de outro centro</li><li>Revisão da evolução pós-tratamento não urgente</li><li>Encaminhamento coordenado para dermatologia ou para avaliação presencial quando indicado</li></ul><p>Este serviço não abrange:</p><ul><li>A realização do procedimento. Nenhuma injeção, laser ou peeling pode ser feito por videochamada: a consulta planeia o tratamento, não o executa</li><li>Complicações urgentes após uma injeção. A dor intensa e desproporcionada, a palidez ou coloração arroxeada da pele e a perda de visão ou visão turva após um preenchimento são urgências médicas: dirija-se às urgências ou ligue para o 112 imediatamente</li><li>Sinais de infeção após um procedimento — febre, calor local, supuração ou inflamação progressiva — que requerem avaliação presencial no próprio dia</li><li>Cirurgia plástica. A avaliação de um procedimento cirúrgico cabe à cirurgia plástica presencial</li><li>Lesões cutâneas suspeitas. Um sinal que muda, sangra ou provoca comichão necessita de dermatoscopia presencial; a consulta orienta-o e coordena o encaminhamento</li></ul><h2>Preocupações habitualmente avaliadas</h2><ul><li>Rugas dinâmicas de expressão — entre as sobrancelhas, testa e contorno dos olhos</li><li>Perda de volume e flacidez facial ligeira ou moderada</li><li>Hiperpigmentação: melasma, lentigos solares e manchas pós-inflamatórias</li><li>Sequelas de acne — marcas, cicatrizes atróficas e textura irregular</li><li>Vermelhidão persistente e rosácea com impacto estético</li><li>Olheiras e sulco lacrimal</li><li>Pele baça, poros dilatados e fotoenvelhecimento</li><li>Hiperidrose axilar ou palmar</li><li>Resultados insatisfatórios ou assimetrias após um tratamento anterior</li></ul><h2>O que inclui a consulta</h2><p><strong>Avaliação por videochamada segura</strong></p><p>A consulta realiza-se por videochamada encriptada. Antes da consulta, pode enviar fotografias bem iluminadas da zona que o preocupa, bem como relatórios ou orçamentos de outros centros.</p><p><strong>Historial clínico e segurança</strong></p><p>São revistos os antecedentes relevantes, a medicação atual, as alergias, os tratamentos estéticos anteriores e os objetivos. Grande parte das contraindicações da medicina estética — gravidez e amamentação, doença autoimune ativa, anticoagulação, infeção cutânea ativa, herpes labial recorrente ou tratamento recente com isotretinoína — só surge num historial clínico feito com tempo.</p><p><strong>Plano escrito</strong></p><p>Após a consulta recebe um plano por escrito: que tratamento está indicado, por que ordem, que alternativa menos invasiva existe, que resultado é expectável e que sinais de alarme deve vigiar se decidir avançar com o tratamento.</p><p><strong>Prescrição quando indicada</strong></p><p>A prescrição de tratamento tópico ou sistémico é uma decisão clínica e só é feita quando se revela apropriada após a avaliação.</p><p><strong>Encaminhamento coordenado</strong></p><p>Quando o caso é da competência da dermatologia, da cirurgia plástica ou exige uma avaliação presencial, a médica indica-o com clareza e coordena o encaminhamento com o relatório completo.</p><h2>Antes de fazer um tratamento: o que verificar</h2><p>A medicina estética é um ato médico. Antes de qualquer procedimento, convém verificar:</p><ul><li>Quem realiza o tratamento e com que habilitações — a injeção de toxina botulínica e de preenchimentos é um ato médico</li><li>Que produto exato vai ser utilizado, com que marcação CE e em que quantidade</li><li>Que existe consentimento informado por escrito, com riscos e alternativas</li><li>Que protocolo de complicações tem o centro e quem responde fora do horário de consulta</li><li>O que inclui o preço: número de sessões, revisão posterior e retoque</li></ul><h2>Medicina estética em Espanha — o problema do acesso</h2><p>Em Espanha, a primeira avaliação estética costuma ser oferecida gratuitamente no mesmo centro que depois vende o tratamento. Essa avaliação tem valor, mas não é independente: quem a realiza tem um interesse económico direto no procedimento que recomenda.</p><p>O resultado é previsível — tratamentos indicados a doentes que não precisavam deles, expectativas desajustadas e orçamentos impossíveis de comparar entre clínicas, porque cada uma descreve o que faz com nomes comerciais diferentes.</p><p>Esta consulta existe para preencher essa lacuna: uma avaliação médica paga pelo doente, sem nenhum tratamento para vender, disponível a partir de qualquer ponto de Espanha, em espanhol.</p>""}","0","0","0","3","b003b636663f33bdfb0e2c2ffdcc695d3919cd2a46e0343e54bd345628c624e3","raw/api/services-consulta-online-medicina-estetica-PT.json","change","No native or embedded FAQs; answer procedure limits, preparation and actual language. New ES base and translations in existing locales; no new URL. heroDescription: unsupported consultation language corrected against assigned doctor. Longer Spanish clinical body in non-ES records remains a separate localization hold. detailBody: unsupported consultation language corrected against assigned doctor. Longer Spanish clinical body in non-ES records remains a separate localization hold. Non-ES record stores no body and renders the ES body; localized title, description, H1 and body candidate prepared from the corrected ES source. Clinical and native-language review required.","clinical review pending","not applied; storage/approval/deployment pending","service:consulta-online-medicina-estetica",""
"https://www.myglobalhealth.online/spain/pt/services/consulta-piel-online","pt","service","sitemap","200","https://www.myglobalhealth.online/spain/pt/services/consulta-piel-online","index, follow","","editorial page role; unmeasured","","0","0","0","5","Consulta de Pele Online Espanha | Médico de Família | Mesmo Dia","Erupção cutânea, eczema, acne ou outra preocupação de pele. Os nossos médicos de clínica geral credenciados avaliam afeções cutâneas por videochamada segura. Avaliação clínica no mesmo dia em Espanha.","Consulta de Pele — Avaliação Clínica com Médico de Família Online","{""seoTitle"":""Consulta de Pele Online Espanha | Médico de Família""}","10","0","0","0","02502b53676b3e9b2b5a0c7c931db8337ddc4c44322c2b6a895775110d7fd821","raw/api/services-consulta-piel-online-PT.json","hold","Assigned clinician Luz: current exercise status discrepancy; operations clarification required; exact correction candidate prepared, other claims retained pending evidence. Luz: CGCOM alta sin ejercicio; operations clarification required; confirm lawful current exercise before promoting affected care.","clinical review pending","not applied; storage/approval/deployment pending","service:consulta-piel-online",""
"https://www.myglobalhealth.online/spain/pt/services/consulta-salud-vascular-circulatoria","pt","service","internal link","200","https://www.myglobalhealth.online/spain/pt/services/consulta-salud-vascular-circulatoria","noindex, follow","","editorial page role; unmeasured","","0","0","0","1","Consulta de Saúde Vascular / Circulatória · Global Health","Learn about Consulta de Saúde Vascular / Circulatória and book a consultation.","Salud Vascular y Circulatoria Online — Consulta Médica","{""seoTitle"":""Saúde Vascular e Circulatória Online Espanha | Consulta"",""seoDescription"":""Pernas pesadas, varizes, inchaço ou cãibras. Avaliação médica online da saúde venosa em Espanha: revisão de exames, pedido de eco-Doppler e plano."",""heroTitle"":""Saúde Vascular e Circulatória Online — Consulta Médica"",""heroDescription"":""Escolha um horário disponível e confirme o preço antes de marcar. Línguas da consulta: espanhol, inglês, húngaro, alemão. A língua desta página não determina a língua da consulta. Prepare os seus relatórios médicos e a lista de medicamentos que toma. Confirme os horários atuais; a disponibilidade pode mudar."",""detailBody"":""<h2>Para quem é este serviço</h2><p>Esta consulta de saúde vascular e circulatória é adequada para adultos com:</p><ul><li>Sensação de pernas pesadas ou cansadas, sobretudo ao fim do dia ou após muitas horas de pé</li><li>Varizes visíveis, aranhas vasculares ou veias reticulares que aumentam com o tempo</li><li>Inchaço dos tornozelos ao fim do dia, que melhora ao elevar as pernas</li><li>Cãibras noturnas, comichão ou inquietação nas pernas de perfil venoso</li><li>Alterações de cor na pele da perna: manchas ocres, endurecimento ou eczema no tornozelo</li><li>Antecedentes familiares de doença venosa e dúvidas sobre que prevenção faz sentido</li><li>Antecedente pessoal de trombose venosa e dúvidas sobre o acompanhamento atual</li><li>Fatores de risco cardiovascular — tabagismo, diabetes, hipertensão, dislipidemia, obesidade, sedentarismo — e nenhuma avaliação vascular feita</li><li>Dor na barriga da perna ao caminhar que alivia com o repouso, para orientar o estudo arterial</li><li>Trabalho com risco venoso (muitas horas de pé, muitas horas sentado sem interrupção, viagens longas frequentes) e necessidade de um plano preventivo</li><li>Residentes internacionais e expatriados que precisam de cuidados vasculares em espanhol, inglês, húngaro ou alemão</li></ul><h2>O que é este serviço — e o que não é</h2><p>Esta consulta abrange:</p><ul><li>Avaliação clínica de sintomas venosos e circulatórios não urgentes</li><li>Revisão e interpretação de exames que já tenha: eco-Doppler, índice tornozelo-braço, análises</li><li>Avaliação do risco cardiovascular global e plano para o reduzir</li><li>Pedido de eco-Doppler venoso ou arterial e de análises quando clinicamente indicados</li><li>Indicação de terapia de compressão: tipo de meia, classe de compressão e como usá-la</li><li>Medidas conservadoras baseadas em evidência — exercício, controlo do peso, elevação, higiene postural</li><li>Encaminhamento coordenado para flebologia, angiologia ou cirurgia vascular quando necessário</li></ul><p>Este serviço não abrange:</p><ul><li>Urgências vasculares. A dor e o inchaço súbitos de uma só perna, com calor e vermelhidão, obrigam a excluir uma trombose venosa profunda no próprio dia; se forem acompanhados de dor no peito ou dificuldade em respirar, ligue para o 112 imediatamente</li><li>Isquemia arterial aguda — perna fria, pálida, dolorosa e sem pulso — que é uma urgência hospitalar imediata</li><li>A realização da ecografia. O eco-Doppler é presencial: a consulta pede-o e interpreta o relatório, não o executa</li><li>Procedimentos venosos. A escleroterapia, a ablação endovenosa e a cirurgia de varizes requerem avaliação e execução presenciais</li><li>Úlceras infetadas ou de evolução tórpida, que necessitam de tratamento da ferida e avaliação presencial</li></ul><h2>O que inclui a consulta</h2><p><strong>Historial clínico vascular dirigido</strong></p><p>Tempo de evolução, padrão horário dos sintomas, antecedentes pessoais e familiares de trombose ou varizes, gravidezes, medicação — incluindo contracetivos e terapêutica hormonal —, atividade profissional e fatores de risco cardiovascular.</p><p><strong>Observação guiada por videochamada</strong></p><p>A médica orienta-o para mostrar a perna afetada: distribuição das varizes, edema, alterações cutâneas e simetria entre as duas pernas. Pode enviar fotografias antes da consulta.</p><p><strong>Revisão de exames anteriores</strong></p><p>Se já tem um eco-Doppler, um índice tornozelo-braço ou análises, estes são revistos e interpretados na consulta e é-lhe explicado o que significam no seu caso concreto.</p><p><strong>Pedido de exames</strong></p><p>Quando o estudo está indicado, o pedido de eco-Doppler venoso ou arterial e de análises é emitido no próprio dia, para os realizar num centro da sua zona.</p><p><strong>Plano escrito e terapia de compressão</strong></p><p>Recebe um plano por escrito com as medidas conservadoras indicadas e, quando se justifique, a prescrição de compressão graduada com a classe adequada, com explicação de como e quando a usar.</p><p><strong>Encaminhamento coordenado</strong></p><p>Se a avaliação apontar para uma doença venosa avançada ou para patologia arterial, a médica coordena o encaminhamento para o especialista com o relatório completo, sem que tenha de começar do zero.</p><h2>Quando não deve esperar</h2><p>Dirija-se às urgências ou ligue para o 112 se surgir:</p><ul><li>Dor e inchaço súbitos de uma só perna, com calor ou vermelhidão</li><li>Dor no peito ou dificuldade respiratória de início súbito</li><li>Perna fria, pálida e dolorosa, com perda de sensibilidade ou de força</li><li>Hemorragia de uma variz que não para com compressão e elevação</li><li>Úlcera com febre, supuração ou celulite infeciosa à volta</li></ul><h2>Saúde vascular em Espanha — o problema do acesso</h2><p>Os sintomas venosos são extraordinariamente frequentes e sistematicamente desvalorizados. A maioria dos doentes convive durante anos com pernas pesadas e varizes progressivas sem que ninguém avalie o refluxo venoso nem indique uma compressão correta, até surgirem alterações cutâneas ou uma úlcera que já é difícil de reverter.</p><p>A doença venosa crónica é progressiva, e as medidas que a travam — compressão bem indicada, exercício, controlo do peso e tratamento do refluxo quando necessário — são tanto mais eficazes quanto mais cedo forem aplicadas.</p><p>Esta consulta permite fazer essa avaliação sem esperas e a partir de qualquer ponto de Espanha, com pedido de exames no próprio dia quando estão indicados.</p>""}","0","0","0","2","271b4507a81d02f16a8915af0ddc4dfa4f672fffd88ebb785472c6b9719f3da6","raw/api/services-consulta-salud-vascular-circulatoria-PT.json","change","No native or embedded FAQs; answer procedure limits, preparation and actual language. New ES base and translations in existing locales; no new URL. heroDescription: unsupported consultation language corrected against assigned doctor. Longer Spanish clinical body in non-ES records remains a separate localization hold. detailBody: unsupported consultation language corrected against assigned doctor. Longer Spanish clinical body in non-ES records remains a separate localization hold. Non-ES record stores no body and renders the ES body; localized title, description, H1 and body candidate prepared from the corrected ES source. Clinical and native-language review required.","clinical review pending","not applied; storage/approval/deployment pending","service:consulta-salud-vascular-circulatoria",""
"https://www.myglobalhealth.online/spain/pt/services/control-peso-online","pt","service","sitemap","200","https://www.myglobalhealth.online/spain/pt/services/control-peso-online","index, follow","","observed GSC query/page; no volume inference","quem oferece consultas médicas para controle do excesso de peso?","0","3","0","1","Controlo de Peso Online Espanha | Avaliação Médica | Médico Inscrito","Dificuldades para perder peso apesar da dieta e exercício? Os nossos médicos colegiados avaliam os fatores médicos e metabólicos por detrás do seu peso por videochamada. Avaliação clínica no mesmo dia em Espanha.","Controle de Peso — Avaliação Médica e Plano Personalizado Online","{}","7","0","0","0","bb29dc76915572dc069151e839c7b0b36640b9e12e0f72411ec163637cf45a6a","raw/public-inventory-2026-09-13.json","hold","Live metadata, canonical and content retained; no demonstrated benefit from rewriting this page. Retention does not certify clinical/legal claims. Luz: CGCOM alta sin ejercicio; operations clarification required; confirm lawful current exercise before promoting affected care.","retained; no new certification","no mutation","",""
"https://www.myglobalhealth.online/spain/pt/services/dejar-de-fumar-online","pt","service","sitemap","200","https://www.myglobalhealth.online/spain/pt/services/dejar-de-fumar-online","index, follow","","editorial page role; unmeasured","","0","2","0","3","Parar de Fumar Online Espanha | Apoio Médico | Médico de Família","Quer deixar de fumar com apoio médico? Os nossos médicos de família credenciados avaliam a sua dependência do tabaco e elaboram um plano personalizado por videoconferência. No mesmo dia em Espanha.","Deixar de Fumar — Avaliação Médica e Plano Personalizado Online","{}","9","0","0","0","4f91be8ad6a2b45e8d874944104474b35242adc94aa837e499cc349edccfacf6","raw/public-inventory-2026-09-13.json","hold","Live metadata, canonical and content retained; no demonstrated benefit from rewriting this page. Retention does not certify clinical/legal claims. Luz: CGCOM alta sin ejercicio; operations clarification required; confirm lawful current exercise before promoting affected care.","retained; no new certification","no mutation","",""
"https://www.myglobalhealth.online/spain/pt/services/derivaciones-pruebas-online","pt","service","sitemap","200","https://www.myglobalhealth.online/spain/pt/services/derivaciones-pruebas-online","index, follow","","editorial page role; unmeasured","","0","5","0","15","Encaminhamentos e Exames Online Espanha | Análises | Médico de Família","Precisa de uma carta de encaminhamento para especialista, análises ou exames de imagem em Espanha? Os nossos médicos de clínica geral inscritos na ordem emitem documentação clínica após avaliação completa. No mesmo dia em Espanha.","Encaminhamentos e Exames — Documentação Clínica Online no Mesmo Dia","{}","8","0","0","0","9bc3410b1deedea7180b56e5caf00d2eda69681c401a59fbfe760d10a08b5788","raw/public-inventory-2026-09-13.json","hold","Live metadata, canonical and content retained; no demonstrated benefit from rewriting this page. Retention does not certify clinical/legal claims. Luz: CGCOM alta sin ejercicio; operations clarification required; confirm lawful current exercise before promoting affected care.","retained; no new certification","not applied; storage/approval/deployment pending","","link:cmre7soee002sg8ju1hnpt499"
"https://www.myglobalhealth.online/spain/pt/services/dermatologia-especialista-online","pt","service","sitemap","200","https://www.myglobalhealth.online/spain/pt/services/dermatologia-especialista-online","index, follow","","editorial page role; unmeasured","","0","9","0","11","Consulta Dermatológica Especialista Online Espanha | Dermatologista | Mesmo Dia","Afeção cutânea complexa, acne grave ou lesão suspeita. Os nossos dermatologistas credenciados oferecem avaliações especializadas por videochamada com análise de imagem de alta resolução. No mesmo dia em Espanha.","Consulta Dermatológica Especialista — Avaliação Online com Dermatologista","{""seoTitle"":""Consulta Dermatológica Especialista Online Espanha | Dermatologista""}","9","0","3","0","d8a87571a1053c28f79c3a00cc848fb94d0e72574e734bce278f7fbc72f21cf4","raw/api/services-dermatologia-especialista-online-PT.json","change","Remove unconditional same-day title; availability is dynamic. Replace image-only dermatoscopy/definitive-diagnosis and same-day biopsy claims; retain six other answers. Clinical review required.","clinical review pending","not applied; storage/approval/deployment pending","service:dermatologia-especialista-online",""
"https://www.myglobalhealth.online/spain/pt/services/enfermedades-cronicas-online","pt","service","sitemap","200","https://www.myglobalhealth.online/spain/pt/services/enfermedades-cronicas-online","index, follow","","editorial page role; unmeasured","","0","0","0","0","Doenças Crónicas Online Espanha | Acompanhamento Médico | Médico de Família","Hipertensão, diabetes, tiroide ou outra doença crónica? Os nossos médicos de família inscritos na ordem oferecem acompanhamento clínico continuado por videochamada segura. No mesmo dia em Espanha.","Doenças Crônicas — Acompanhamento Médico Contínuo Online","{}","8","0","0","0","7bb51785c4c28998768ae3d23407ea2edecfd63a69b1b53ffa73e475b1a0c2db","raw/public-inventory-2026-09-13.json","hold","Live metadata, canonical and content retained; no demonstrated benefit from rewriting this page. Retention does not certify clinical/legal claims. Luz: CGCOM alta sin ejercicio; operations clarification required; confirm lawful current exercise before promoting affected care.","retained; no new certification","not applied; storage/approval/deployment pending","","link:cmre7skhw002kg8judewg26hr"
"https://www.myglobalhealth.online/spain/pt/services/justificante-medico-online","pt","service","sitemap","200","https://www.myglobalhealth.online/spain/pt/services/justificante-medico-online","index, follow","","editorial page role; unmeasured","","1","15","2","46","Atestado Médico Online Espanha | Certificado Médico Privado | Mesmo Dia","Precisa de um atestado médico ou certificado de incapacidade laboral? Os nossos médicos inscritos na ordem avaliam os seus sintomas por videochamada e emitem documentação clínica quando esteja clinicamente justificado. No mesmo dia.","Atestado Médico Online — Certificado Clínico Privado no Mesmo Dia","{""seoTitle"":""Atestado Médico Online Espanha | Certificado Médico Privado""}","8","0","0","0","f3125e3498244016d5e9ebd7544b7ba8571d517bb5f6f3edd84d98ae231ad864","raw/api/services-justificante-medico-online-PT.json","hold","Assigned clinician Luz: current exercise status discrepancy; operations clarification required; exact correction candidate prepared, other claims retained pending evidence. Luz: CGCOM alta sin ejercicio; operations clarification required; confirm lawful current exercise before promoting affected care.","clinical review pending","not applied; storage/approval/deployment pending","service:justificante-medico-online",""
"https://www.myglobalhealth.online/spain/pt/services/medicina-viaje-online","pt","service","sitemap","200","https://www.myglobalhealth.online/spain/pt/services/medicina-viaje-online","index, follow","","editorial page role; unmeasured","","0","2","0","1","Medicina de Viagem Online Espanha | Profilaxia da Malária | Médico de Família","A viajar para uma zona de malária ou destino de risco? Os nossos médicos de clínica geral inscritos na ordem avaliam a sua saúde de viagem e tratam da documentação clínica necessária. No mesmo dia em Espanha.","Medicina de Viagem — Avaliação Clínica Online Antes de Partir","{}","10","0","0","0","e59f93abea34a13780b990e868ce7cb3837d1a3539d8c9186c04dadd560bc675","raw/public-inventory-2026-09-13.json","hold","Live metadata, canonical and content retained; no demonstrated benefit from rewriting this page. Retention does not certify clinical/legal claims. Luz: CGCOM alta sin ejercicio; operations clarification required; confirm lawful current exercise before promoting affected care.","retained; no new certification","no mutation","",""
"https://www.myglobalhealth.online/spain/pt/services/musculoesqueletico-online","pt","service","sitemap","200","https://www.myglobalhealth.online/spain/pt/services/musculoesqueletico-online","index, follow","","editorial page role; unmeasured","","0","1","0","0","Dor Musculoesquelética Online Espanha | Avaliação Clínica | Médico de Família","Dor nas costas, nas articulações, ciática ou lesão muscular. Os nossos médicos de clínica geral registados avaliam condições musculoesqueléticas por videochamada segura. Avaliação clínica no mesmo dia em Espanha.","Dor Musculoesquelética — Avaliação Clínica Online no Mesmo Dia","{}","9","0","0","0","18ac105ca4128fa771a8f17e8720d371a5aa26e65c1c2794c0a207e015a1515b","raw/public-inventory-2026-09-13.json","hold","Live metadata, canonical and content retained; no demonstrated benefit from rewriting this page. Retention does not certify clinical/legal claims. Luz: CGCOM alta sin ejercicio; operations clarification required; confirm lawful current exercise before promoting affected care.","retained; no new certification","not applied; storage/approval/deployment pending","","link:cmre7tkdz004mg8juc9wpct8q"
"https://www.myglobalhealth.online/spain/pt/services/neurologo-online","pt","service","internal link","404","https://www.myglobalhealth.online","noindex","","editorial page role; unmeasured","","0","0","0","0","Page not found · Global Health","Online medical consultations with licensed clinicians across Ireland, Czechia, Portugal, Spain, and Romania.","","{}","","","0","0","71e2e6b4a6e593b3ed17aef493c7b81d34d092c48f0e8bfc3807e4b02c3c9a63","raw/public-inventory-2026-09-13.json","hold","Linked unavailable specialty; remove source callouts after approved exact manifest. Do not create or redirect unavailable care.","retained; no new certification","no mutation","",""
"https://www.myglobalhealth.online/spain/pt/services/pediatra-especialista-online","pt","service","internal link","404","https://www.myglobalhealth.online","noindex","","editorial page role; unmeasured","","0","0","0","0","Page not found · Global Health","Online medical consultations with licensed clinicians across Ireland, Czechia, Portugal, Spain, and Romania.","","{}","","","0","0","d8291ceb1023c97144540eeb7da282734e0e6491ab61435fdb23ac897deecd7d","raw/public-inventory-2026-09-13.json","hold","Linked unavailable specialty; remove source callouts after approved exact manifest. Do not create or redirect unavailable care.","retained; no new certification","no mutation","",""
"https://www.myglobalhealth.online/spain/pt/services/pediatria-online","pt","service","sitemap","200","https://www.myglobalhealth.online/spain/pt/services/pediatria-online","index, follow","","editorial page role; unmeasured","","0","10","0","4","Pediatria Online Espanha | Consulta Infantil | Médico de Família","O seu filho está doente e não pode esperar por uma consulta? Os nossos médicos de família inscritos na ordem avaliam a saúde infantil por videochamada segura. Sem sala de espera, no próprio dia em Espanha.","Pediatria Online — Consulta Infantil com Médico de Família no Mesmo Dia","{}","10","0","0","0","eb05f290350cb6b4608ee582b0e5c3cc66e96275bf10fe21c739c3b530882eca","raw/public-inventory-2026-09-13.json","change","Live metadata, canonical and content retained; no demonstrated benefit from rewriting this page. Retention does not certify clinical/legal claims.","retained; no new certification","not applied; storage/approval/deployment pending","","link:cmre7ts6t0052g8ju6asq61tw"
"https://www.myglobalhealth.online/spain/pt/services/psicologo-online","pt","service","sitemap","200","https://www.myglobalhealth.online/spain/pt/services/psicologo-online","index, follow","","editorial page role; unmeasured","","0","4","1","17","Psicólogo Online Espanha | Psicoterapia | Psicólogo Credenciado","Ansiedade, depressão, trauma ou outra preocupação psicológica. Os nossos psicólogos clínicos colegiados oferecem psicoterapia e avaliação psicológica por videochamada segura. No mesmo dia em Espanha.","Psicologia Clínica — Psicoterapia Online com Psicólogo Credenciado","{}","10","0","0","0","9942de58efd3407f4f0f608ab1fdd9b9a9814b73cfc427bf2864314897a2bf37","raw/public-inventory-2026-09-13.json","change","Live metadata, canonical and content retained; no demonstrated benefit from rewriting this page. Retention does not certify clinical/legal claims.","retained; no new certification","not applied; storage/approval/deployment pending","","link:cmre7t1od003kg8jujyc8vdtm"
"https://www.myglobalhealth.online/spain/pt/services/psiquiatra-online","pt","service","sitemap","200","https://www.myglobalhealth.online/spain/pt/services/psiquiatra-online","index, follow","","observed GSC query/page; no volume inference","psiquiatra online | psiquiatria online | consulta online de psiquiatria | consulta online psiquiatria | psiquiatra online 24 horas gratis","0","176","2","42","Psiquiatra Online Espanha | Consulta Psiquiátrica Especialista | Mesmo Dia","Transtorno mental complexo, TDAH, transtorno bipolar ou outra preocupação psiquiátrica. Os nossos psiquiatras inscritos na ordem oferecem avaliações especializadas por videochamada segura. No mesmo dia em Espanha.","Psiquiatria Especialista — Avaliação Psiquiátrica Online","{""seoTitle"":""Psiquiatra Online Espanha | Consulta Psiquiátrica Especialista""}","10","0","0","0","7b7ef911324726b47a53aa4e13f666c0c696060c689d064fd897d13d26f797e5","raw/api/services-psiquiatra-online-PT.json","change","Remove unconditional same-day title; availability is dynamic.","clinical review pending","not applied; storage/approval/deployment pending","service:psiquiatra-online",""
"https://www.myglobalhealth.online/spain/pt/services/renovacion-tratamiento-online","pt","service","sitemap","200","https://www.myglobalhealth.online/spain/pt/services/renovacion-tratamiento-online","index, follow","","editorial page role; unmeasured","","0","1","0","1","Renovação de Tratamento Online Espanha | Revisão Clínica | Médico Inscrito","Tratamento estável que necessita de renovação em Espanha? Os nossos médicos inscritos na Ordem analisam a sua situação clínica por videochamada e emitem documentação quando indicado. Sem registo prévio. No mesmo dia.","Renovação de Tratamento — Revisão Clínica Online com Médico Credenciado","{}","8","0","0","0","b2931be00afeb70e7c6b6599b534dc1459811832aeb25269588216941a9aadab","raw/public-inventory-2026-09-13.json","hold","Live metadata, canonical and content retained; no demonstrated benefit from rewriting this page. Retention does not certify clinical/legal claims. Luz: CGCOM alta sin ejercicio; operations clarification required; confirm lawful current exercise before promoting affected care.","retained; no new certification","no mutation","",""
"https://www.myglobalhealth.online/spain/pt/services/salud-femenina-online","pt","service","sitemap","200","https://www.myglobalhealth.online/spain/pt/services/salud-femenina-online","index, follow","","editorial page role; unmeasured","","0","0","0","0","Saúde Feminina Online Espanha | Avaliação Confidencial | Médico Inscrito","Contraceptivos, saúde hormonal, menopausa ou outras preocupações de saúde feminina. Os nossos médicos credenciados oferecem avaliações confidenciais por videochamada segura. No mesmo dia em Espanha.","Saúde Feminina — Avaliação Confidencial Online","{}","9","0","0","0","ab7792a1d6d3e11a64a91a4c30efc9af85eef2700d56d447b1dbca7729418595","raw/public-inventory-2026-09-13.json","hold","Live metadata, canonical and content retained; no demonstrated benefit from rewriting this page. Retention does not certify clinical/legal claims. Luz: CGCOM alta sin ejercicio; operations clarification required; confirm lawful current exercise before promoting affected care.","retained; no new certification","no mutation","",""
"https://www.myglobalhealth.online/spain/pt/services/salud-masculina-online","pt","service","sitemap","200","https://www.myglobalhealth.online/spain/pt/services/salud-masculina-online","index, follow","","editorial page role; unmeasured","","0","2","0","1","Saúde Masculina Online Espanha | Avaliação Confidencial | Médico Inscrito na Ordem","Disfunção erétil, testosterona baixa, libido ou outras preocupações de saúde masculina. Os nossos médicos credenciados oferecem avaliações confidenciais por videochamada segura. No mesmo dia em Espanha.","Saúde Masculina — Avaliação Confidencial Online","{}","8","0","0","0","8e9f42fa064116b87fa312ffa04952d29be2291cd14327eff572756651a39780","raw/public-inventory-2026-09-13.json","hold","Live metadata, canonical and content retained; no demonstrated benefit from rewriting this page. Retention does not certify clinical/legal claims. Luz: CGCOM alta sin ejercicio; operations clarification required; confirm lawful current exercise before promoting affected care.","retained; no new certification","no mutation","",""
"https://www.myglobalhealth.online/spain/pt/services/salud-mental-online","pt","service","sitemap","200","https://www.myglobalhealth.online/spain/pt/services/salud-mental-online","index, follow","","editorial page role; unmeasured","","0","4","0","0","Saúde Mental Online Espanha | Avaliação Clínica | Médico Inscrito na Ordem","Ansiedade, depressão, burnout ou outras preocupações de saúde mental. Os nossos médicos inscritos oferecem avaliações clínicas confidenciais por videochamada segura. No mesmo dia em Espanha.","Saúde Mental — Avaliação Clínica Confidencial Online","{}","8","0","0","0","416ca1835564f553ed3f2b2b20f7d5367b6f68113626064398d76ebc24eab766","raw/public-inventory-2026-09-13.json","hold","Live metadata, canonical and content retained; no demonstrated benefit from rewriting this page. Retention does not certify clinical/legal claims. Luz: CGCOM alta sin ejercicio; operations clarification required; confirm lawful current exercise before promoting affected care.","retained; no new certification","not applied; storage/approval/deployment pending","","link:cmre7stv60034g8juje70ar9l"
"https://www.myglobalhealth.online/spain/pt/services/segunda-opinion-medica","pt","service","sitemap","200","https://www.myglobalhealth.online/spain/pt/services/segunda-opinion-medica","index, follow","","editorial page role; unmeasured","","0","0","0","0","Segunda Opinião Médica Online Espanha | Avaliação Independente | Mesmo Dia","Não tem a certeza de um diagnóstico ou plano de tratamento? Os nossos médicos credenciados oferecem segundas opiniões médicas independentes por videochamada segura. No mesmo dia em Espanha.","Segunda Opinião Médica — Avaliação Clínica Independente Online","{""seoTitle"":""Segunda Opinião Médica Online Espanha | Avaliação Independente""}","9","0","0","0","ce5859b7c4c5344919e00ab4789b5239b8a36f840fc837c139ca8fcb76340528","raw/api/services-segunda-opinion-medica-PT.json","hold","Assigned clinician Luz: current exercise status discrepancy; operations clarification required; exact correction candidate prepared, other claims retained pending evidence. Luz: CGCOM alta sin ejercicio; operations clarification required; confirm lawful current exercise before promoting affected care.","clinical review pending","not applied; storage/approval/deployment pending","service:segunda-opinion-medica","link:cmre7u1jt005mg8jutxyy9pz0"
"https://www.myglobalhealth.online/spain/pt/tools/adhd-test","pt","tool","sitemap","200","https://www.myglobalhealth.online/spain/pt/tools/adhd-test","index, follow","","editorial page role; unmeasured","","0","7","0","2","Teste de PHDA Espanha | Rastreio Gratuito para Adultos","Faça o rastreio de PHDA no adulto com seis perguntas (ASRS v1.1, parte A) e veja o que as suas respostas significam. Um rastreio não é um diagnóstico — esse só pode ser feito por um psiquiatra ou um psicólogo clínico.","Teste de PHDA Espanha","{}","","","0","0","71be58f8548328ab71422aaada497cdd5c79a04fd2efaaabbf064f11ebc76102","raw/public-inventory-2026-09-13.json","retain with evidence","Live metadata, canonical and content retained; no demonstrated benefit from rewriting this page. Retention does not certify clinical/legal claims.","retained; no new certification","no mutation","",""
"https://www.myglobalhealth.online/spain/pt/tools/blood-pressure-chart","pt","tool","sitemap","200","https://www.myglobalhealth.online/spain/pt/tools/blood-pressure-chart","index, follow","","editorial page role; unmeasured","","1","8","0","1","Tensão Arterial Normal Espanha | Tabela de Valores","Compare os seus valores de tensão sistólica e diastólica com a tabela europeia para adultos. Veja a categoria, o que significa e que leituras exigem cuidados médicos no próprio dia.","Tabela de tensão arterial Espanha","{}","","","0","0","272f7a99a38030aaebf7e9c4560060ee107bbe1b265f33a3f5b9ce03164c7754","raw/public-inventory-2026-09-13.json","retain with evidence","Live metadata, canonical and content retained; no demonstrated benefit from rewriting this page. Retention does not certify clinical/legal claims.","retained; no new certification","no mutation","",""
"https://www.myglobalhealth.online/spain/pt/tools/bmi-calculator","pt","tool","sitemap","200","https://www.myglobalhealth.online/spain/pt/tools/bmi-calculator","index, follow","","editorial page role; unmeasured","","0","1","0","0","Calculadora IMC Espanha | Calcular IMC Online","Calcule o seu índice de massa corporal em segundos. Sistema métrico ou imperial, categorias da OMS para adultos e o que o resultado significa na prática.","Calculadora de IMC Espanha","{}","","","0","0","dd2615ee3dfe6d2c27a39ab69b281ce7d485333a04570eefcc913e61f70da4f1","raw/public-inventory-2026-09-13.json","retain with evidence","Live metadata, canonical and content retained; no demonstrated benefit from rewriting this page. Retention does not certify clinical/legal claims.","retained; no new certification","no mutation","",""
"https://www.myglobalhealth.online/spain/pt/tools/calorie-calculator","pt","tool","sitemap","200","https://www.myglobalhealth.online/spain/pt/tools/calorie-calculator","index, follow","","observed GSC query/page; no volume inference","calculadora de calorias basal","0","2","0","2","Calculadora Calorias Espanha | Calorias Diárias","Calcule quantas calorias precisa por dia para manter, perder ou ganhar peso. Equação de Mifflin-St Jeor, cinco níveis de atividade e o que os números significam na prática.","Calculadora de calorias Espanha","{}","","","0","0","ee9269a03634d83bd4af5278cbd1078f04f01921179077f2bfe5ecec79063eed","raw/public-inventory-2026-09-13.json","retain with evidence","Live metadata, canonical and content retained; no demonstrated benefit from rewriting this page. Retention does not certify clinical/legal claims.","retained; no new certification","no mutation","",""
"https://www.myglobalhealth.online/spain/pt/tools/due-date-calculator","pt","tool","sitemap","200","https://www.myglobalhealth.online/spain/pt/tools/due-date-calculator","index, follow","","editorial page role; unmeasured","","0","1","0","2","Calculadora de Gravidez Espanha | Semanas e Data do Parto","Calcule a data provável do parto e de quantas semanas está a partir do primeiro dia da última menstruação. Ajusta-se à duração do seu ciclo, com as 40 semanas em detalhe.","Calculadora da data do parto Espanha","{}","","","0","0","973556c383314a1b43b7a6b1ee7a2ac32cd4e1acf35119d76d35c95bb0741607","raw/public-inventory-2026-09-13.json","retain with evidence","Live metadata, canonical and content retained; no demonstrated benefit from rewriting this page. Retention does not certify clinical/legal claims.","retained; no new certification","no mutation","",""
"https://www.myglobalhealth.online/spain/pt/tools/osteoporosis-risk-checker","pt","tool","sitemap","200","https://www.myglobalhealth.online/spain/pt/tools/osteoporosis-risk-checker","index, follow","","editorial page role; unmeasured","","0","2","0","0","Avaliação de Risco de Osteoporose Espanha | Preciso de uma Densitometria Óssea?","Verifique os fatores de risco publicados para osteoporose e fratura de fragilidade, e veja se as orientações clínicas recomendam que seja avaliado. Não é o FRAX nem um diagnóstico — uma lista de verificação para levar ao médico.","Risco de osteoporose Espanha","{}","","","0","0","2fcebb35032525d2350203618a1f1c9ce789ba4d808f2e3e1298bdaae6ebbacf","raw/public-inventory-2026-09-13.json","retain with evidence","Live metadata, canonical and content retained; no demonstrated benefit from rewriting this page. Retention does not certify clinical/legal claims.","retained; no new certification","no mutation","",""
"https://www.myglobalhealth.online/spain/pt/tools/ovulation-calculator","pt","tool","sitemap","200","https://www.myglobalhealth.online/spain/pt/tools/ovulation-calculator","index, follow","","editorial page role; unmeasured","","0","0","0","3","Período Fértil Espanha | Calculadora de Ovulação","Calcule os seus dias férteis e o dia previsto de ovulação a partir do primeiro dia da última menstruação. Ajusta-se à duração do seu ciclo, com os seis dias mais férteis em detalhe.","Calculadora de ovulação Espanha","{}","","","0","0","ca6918c8686a20261d15f58ea625d18b1a8e157a7b920e24bbac18bc1b192c6f","raw/public-inventory-2026-09-13.json","retain with evidence","Live metadata, canonical and content retained; no demonstrated benefit from rewriting this page. Retention does not certify clinical/legal claims.","retained; no new certification","no mutation","",""
"https://www.myglobalhealth.online/spain/pt/tools/sore-throat-checker","pt","tool","sitemap","200","https://www.myglobalhealth.online/spain/pt/tools/sore-throat-checker","index, follow","","editorial page role; unmeasured","","0","0","0","0","Amigdalite ou Vírus? Avaliação da Dor de Garganta Espanha","Responda a cinco perguntas sobre a sua dor de garganta e veja qual a probabilidade de uma causa bacteriana, com a escala de McIsaac que os clínicos utilizam. Inclui os sinais de alarme que exigem cuidados urgentes. Não é um diagnóstico nem um teste de estreptococos.","Amigdalite e dor de garganta Espanha","{}","","","0","0","e2a1a1c1b6abde253db0369747d40ed09f377ed49f57452bc18a943e2a4a6129","raw/public-inventory-2026-09-13.json","retain with evidence","Live metadata, canonical and content retained; no demonstrated benefit from rewriting this page. Retention does not certify clinical/legal claims.","retained; no new certification","no mutation","",""
"https://www.myglobalhealth.online/spain/ro","ro","home","sitemap","200","https://www.myglobalhealth.online/spain/ro","index, follow","","observed GSC query/page; no volume inference","programare medic | clinica online | servicii medicale","3","74","0","5","Medic Online Spania | Medici și Specialiști Înregistrați","Vorbiți azi cu un medic înregistrat prin apel video — consultații de medicină de familie, adeverințe medicale, trimiteri către specialiști. Programări în aceeași zi, Spania.","Îngrijire medicală online în Spania","{}","","","0","0","a53fe49a0f375088233355b19370019e3ff592bfdf282a46898342cbf9513eec","raw/public-inventory-2026-09-13.json","retain with evidence","Live metadata, canonical and content retained; no demonstrated benefit from rewriting this page. Retention does not certify clinical/legal claims.","retained; no new certification","no mutation","",""
"https://www.myglobalhealth.online/spain/ro/about","ro","about","sitemap","200","https://www.myglobalhealth.online/spain/ro/about","index, follow","","editorial page role; unmeasured","","0","0","0","1","Despre Global Health Spania | Medici online · Global Health","Global Health Spania: consultații online prin apel video cu medici înregistrați la Colegio Oficial de Médicos, în spaniolă / engleză. Ce oferim și cine suntem.","Despre Global Health Spania","{}","","","0","0","8ddd43f528cf84a14d47e2104ad95732258aa5df820facdd3effdbdc6dfcf918","raw/public-inventory-2026-09-13.json","retain with evidence","Live metadata, canonical and content retained; no demonstrated benefit from rewriting this page. Retention does not certify clinical/legal claims.","retained; no new certification","no mutation","",""
"https://www.myglobalhealth.online/spain/ro/blog","ro","blog","sitemap","200","https://www.myglobalhealth.online/spain/ro/blog","index, follow","","editorial page role; unmeasured","","0","0","0","0","Ghiduri de sănătate de la medici înregistrați în Spania","Ghiduri de sănătate bazate pe dovezi pentru Spania, scrise și revizuite de echipa noastră medicală.","Ghiduri de sănătate de la medici înregistrați.","{}","","","0","0","f8dfbec2484757db57e3ca0238de417a0ad6a95f938585651bda4e77952b2eca","raw/public-inventory-2026-09-13.json","retain with evidence","Live metadata, canonical and content retained; no demonstrated benefit from rewriting this page. Retention does not certify clinical/legal claims.","retained; no new certification","no mutation","",""
"https://www.myglobalhealth.online/spain/ro/blog/concediu-medical-anxietate-spania","ro","article","sitemap","200","https://www.myglobalhealth.online/spain/ro/blog/concediu-medical-anxietate-spania","index, follow","","editorial page role; unmeasured","","0","21","0","0","Concediu medical pentru anxietate în Spania · Global Health","Concediu medical pentru anxietate în Spania: cine emite parte de baja, ce evaluează medicul, ce află angajatorul și ce înseamnă inspecția medicală.","Concediu medical pentru anxietate în Spania: cine îl emite și ce se evaluează","{}","","","0","0","d5bc7570af18b87e12e9edfac97136a09a7762e8c0a7e9d7ef46d5bd006e802c","raw/public-inventory-2026-09-13.json","retain with evidence","Live metadata, canonical and content retained; no demonstrated benefit from rewriting this page. Retention does not certify clinical/legal claims.","retained; no new certification","no mutation","",""
"https://www.myglobalhealth.online/spain/ro/blog/cum-se-scade-tensiunea-ce-functioneaza-conform-ghidurilor-si-ce-doar-pare-sa-fun","ro","article","sitemap","200","https://www.myglobalhealth.online/spain/ro/blog/cum-se-scade-tensiunea-ce-functioneaza-conform-ghidurilor-si-ce-doar-pare-sa-fun","index, follow","","observed GSC query/page; no volume inference","scadere tensiune | ce scade tensiunea imediat | ce scade tensiunea | scaderea tensiunii | cu ce scade tensiunea","0","44","0","0","Cum se scade tensiunea: ce funcționează cu adevărat","Cinci măsuri cu efect dovedit asupra tensiunii, cât timp durează, ce spune ghidul ESC 2024 despre ceaiuri și când trebuie să suni la 112.","Cum se scade tensiunea: ce funcționează conform ghidurilor și ce doar pare să funcționeze","{}","","","0","0","4eab5b8a47fdce85c2f9cdad218a72d0a8b9a034e00b918885bfa3048734f541","raw/public-inventory-2026-09-13.json","retain with evidence","Live metadata, canonical and content retained; no demonstrated benefit from rewriting this page. Retention does not certify clinical/legal claims.","retained; no new certification","no mutation","",""
"https://www.myglobalhealth.online/spain/ro/blog/dermatolog-online-spania","ro","article","sitemap","200","https://www.myglobalhealth.online/spain/ro/blog/dermatolog-online-spania","index, follow","","editorial page role; unmeasured","","0","1","0","0","Dermatolog online: ce rezolvă și ce nu · Global Health","Dermatolog online în Spania: ce probleme ale pielii se rezolvă prin video sau fotografii, ce necesită consult fizic și cum faceți fotografii utile.","Dermatolog online în Spania: ce rezolvă și ce necesită consult fizic","{}","","","0","0","3c0481a2accd5f9021fb3c6d6c7f034ac4846ecefe04f5a044462a2204c2a9dd","raw/public-inventory-2026-09-13.json","retain with evidence","Live metadata, canonical and content retained; no demonstrated benefit from rewriting this page. Retention does not certify clinical/legal claims.","retained; no new certification","no mutation","",""
"https://www.myglobalhealth.online/spain/ro/blog/diabetul-o-boala-tacuta-2","ro","article","sitemap","200","https://www.myglobalhealth.online/spain/ro/blog/diabetul-o-boala-tacuta-2","index, follow","","editorial page role; unmeasured","","0","3","0","0","Diabetul în Spania: simptome și tratament · Global Health","Peste 5,1 milioane de spanioli trăiesc cu diabet. Ghid despre cauze, simptome, tratamente actuale, controale regulate și progrese viitoare.","Diabetul, o boală tăcută","{}","","","0","0","38d7f36648ff4a216c1dae87d5e69e5aed5cdfe0a6148c309cb16779f0a9c8f3","raw/public-inventory-2026-09-13.json","retain with evidence","Live metadata, canonical and content retained; no demonstrated benefit from rewriting this page. Retention does not certify clinical/legal claims.","retained; no new certification","no mutation","",""
"https://www.myglobalhealth.online/spain/ro/blog/medical-review-policy","ro","article","sitemap","200","https://www.myglobalhealth.online/spain/ro/blog/medical-review-policy","index, follow","","editorial page role; unmeasured","","0","0","0","0","Politica de Revizuire Medicală — Global Health Spania","Cum redactează, revizuiește și actualizează Global Health articolele de sănătate publicate pentru Spania: cine le scrie, ce medic înscris în registru le avizează și ce standarde editoriale respectăm.","Cum redactăm și revizuim conținutul medical","{}","","","0","0","8c4e08ff8118057ee01a82d1d8e35e9c6aefb1d2bd33a46bf475e8995de8baad","raw/public-inventory-2026-09-13.json","retain with evidence","Live metadata, canonical and content retained; no demonstrated benefit from rewriting this page. Retention does not certify clinical/legal claims.","retained; no new certification","no mutation","",""
"https://www.myglobalhealth.online/spain/ro/blog/tensiune-mare-simptome-urgente-spania","ro","article","sitemap","200","https://www.myglobalhealth.online/spain/ro/blog/tensiune-mare-simptome-urgente-spania","index, follow","","editorial page role; unmeasured","","0","5","0","0","Tensiune mare: simptome și urgențe în Spania · Global Health","Semne de alarmă, când suni la 112 în Spania și pași siguri la o tensiune foarte mare, fără doze în plus sau remedii casnice.","Tensiune mare: simptome și când să mergi la urgență în Spania","{}","","","0","0","0c2ed16b4e968672399ceda096b58a4c49b74ba631835dbe38cd9a6f06279585","raw/public-inventory-2026-09-13.json","retain with evidence","Live metadata, canonical and content retained; no demonstrated benefit from rewriting this page. Retention does not certify clinical/legal claims.","retained; no new certification","no mutation","",""
"https://www.myglobalhealth.online/spain/ro/blog/tensiunea-arteriala-normala-tabel-util-dupa-varsta-si-sex-fara-mituri","ro","article","sitemap","200","https://www.myglobalhealth.online/spain/ro/blog/tensiunea-arteriala-normala-tabel-util-dupa-varsta-si-sex-fara-mituri","index, follow","","observed GSC query/page; no volume inference","tensiune normala | tensiune normala femei | tensiunea normala in functie de varsta tabel | cat este tensiunea normala in functie de varsta | tabel cu valori tensiune arteriala","0","44","0","0","Tensiunea arterială normală: tabel după vârstă și sex","Aflați ce tensiune este normală la adulți, de ce nu există un tabel diferit pentru femei și bărbați și când este indicat să consultați medicul.","Tensiunea arterială normală: tabel util după vârstă și sex, fără mituri","{}","","","0","0","5f2cf6d802dac50270a2cc1d6a4142f61ed1dc557b179d708d44cff3826e0338","raw/public-inventory-2026-09-13.json","retain with evidence","Live metadata, canonical and content retained; no demonstrated benefit from rewriting this page. Retention does not certify clinical/legal claims.","retained; no new certification","no mutation","",""
"https://www.myglobalhealth.online/spain/ro/book","ro","book","sitemap","200","https://www.myglobalhealth.online/spain/ro/book","index, follow","","editorial page role; unmeasured","","0","0","0","4","Programează-ți consultația — Spania · Global Health","Clinică medicală din Spania. Alege un serviciu, un clinician, o oră și detaliile pacientului.","","{}","","","0","0","89f0ceb771ef54a0fbf8c75ecbe605b6bb9cabb6a68150c9bd46d826101ca5bc","raw/public-inventory-2026-09-13.json","retain with evidence","Browser: localized H1 and 23 service choices verified in six locales; no paid booking made. Minor English UI labels retained as localization debt.","retained; no new certification","no mutation","",""
"https://www.myglobalhealth.online/spain/ro/careers","ro","careers","sitemap","200","https://www.myglobalhealth.online/spain/ro/careers","index, follow","","editorial page role; unmeasured","","1","5","0","0","Cariere la Global Health Spania","Alăturați-vă Global Health în Spania. Lucrăm cu medici înregistrați, echipe de suport clinic și echipe tehnologice în toată Europa și în Brazilia. Vedeți cum vă puteți depune candidatura.","Cariere la Global Health","{}","","","0","0","dc8c29e38d38ca142da54d268db97d89d95c5d5b67bcdd35afe1f2e8de69aedf","raw/public-inventory-2026-09-13.json","retain with evidence","Live metadata, canonical and content retained; no demonstrated benefit from rewriting this page. Retention does not certify clinical/legal claims.","retained; no new certification","no mutation","",""
"https://www.myglobalhealth.online/spain/ro/contact","ro","contact","sitemap","200","https://www.myglobalhealth.online/spain/ro/contact","index, follow","","editorial page role; unmeasured","","0","0","0","9","Contact Global Health Spania | Medic Online · Global Health","Contactați Global Health Spania: +34 692 722 898, info@myglobalhealth.online. Consultații online prin apel video cu medici înregistrați la Colegio Oficial de Médicos.","Contactați Global Health Spania","{}","","","0","0","c9db9fb8778f3253eda5f12afa62c8179e90f2e0df386b265f2bc24652092d1d","raw/public-inventory-2026-09-13.json","retain with evidence","Live metadata, canonical and content retained; no demonstrated benefit from rewriting this page. Retention does not certify clinical/legal claims.","retained; no new certification","no mutation","",""
"https://www.myglobalhealth.online/spain/ro/doctors","ro","doctors","sitemap","200","https://www.myglobalhealth.online/spain/ro/doctors","index, follow","","editorial page role; unmeasured","","0","0","0","0","Medici și specialiști autorizați în România · Global Health","Explorați 14 medici și specialiști autorizați în România disponibili online. Dermatologie, cardiologie, psihiatrie, psihologie, urgențe și altele. Rezervați în aceeași zi.","Medici care chiar răspund.","{}","","","0","0","a5920aa895cacd1f552c7ada6b60d2ce6fbba756fa782af1194229d8a707cb7e","raw/public-inventory-2026-09-13.json","retain with evidence","Live metadata, canonical and content retained; no demonstrated benefit from rewriting this page. Retention does not certify clinical/legal claims.","retained; no new certification","no mutation","",""
"https://www.myglobalhealth.online/spain/ro/doctors/dr-alfredo-del-valle","ro","doctor","sitemap","200","https://www.myglobalhealth.online/spain/ro/doctors/dr-alfredo-del-valle","index, follow","","editorial page role; unmeasured","","0","0","0","3","Dr Alfredo del Valle - Dermatolog | Global Health","Dr. Alfredo del Valle Moreno Montañez, dermatolog specialist în dermatologie medicală și estetică. Expert în dermato-oncologie, hidradenită supurativă și tratamente cu toxină botulinică. Consult online la Global Health.","Dr. Alfredo del Valle Moreno Montañez","{}","6","0","1","0","58fdc3cddae4638ea00ce6f328ebb382f33b1e8b0cd96e0620a93bc46c8bb807","raw/api/doctors-dr-alfredo-del-valle-RO.json","change","Replace immediate-calendar/same-day boilerplate with current booking checks and recorded consultation languages; preserve existing emergency passage.","clinical review pending","not applied; storage/approval/deployment pending","doctor:dr-alfredo-del-valle",""
"https://www.myglobalhealth.online/spain/ro/doctors/dr-eduardo-olivas","ro","doctor","sitemap","200","https://www.myglobalhealth.online/spain/ro/doctors/dr-eduardo-olivas","index, follow","","editorial page role; unmeasured","","0","0","0","0","Dr Eduardo Olivas - Medicină generală | Global Health","Dr. Eduardo Rodríguez Olivas, medic general înregistrat în Spania (COMIB). Specialist în Asistență Primară, Medicină Internă și Medicină Estetică. Experiență vastă în telemedicină. Consultație online la Global Health.","Dr. Eduardo Daniel Rodríguez Olivas","{}","6","0","1","0","aba8b06d3e9304072dba75f709996b11ffa901c00d8988e00e05284302f2b3d7","raw/api/doctors-dr-eduardo-olivas-RO.json","change","Replace immediate-calendar/same-day boilerplate with current booking checks and recorded consultation languages; preserve existing emergency passage.","clinical review pending","not applied; storage/approval/deployment pending","doctor:dr-eduardo-olivas",""
"https://www.myglobalhealth.online/spain/ro/doctors/dr-eszter-szilagyi","ro","doctor","sitemap","200","https://www.myglobalhealth.online/spain/ro/doctors/dr-eszter-szilagyi","index, follow","","editorial page role; unmeasured","","0","1","0","0","Dr Eszter Szilagyi - Chirurg cardiovascular | Global Health","Dr. Eszter Szilágyi, specialistă în Chirurgie Cardiovasculară, înscrisă în colegiul profesional din Málaga. Formată în Germania și Spania, cu experiență vastă în chirurgie cardiacă și urgențe. Asistență multilingvă la Global Health.","Dra. Eszter Szilágyi","{}","6","0","1","0","26f3b2f1a936fa987aa7323f7b6683f3990e0416b0832708bd82d139a0c14c16","raw/api/doctors-dr-eszter-szilagyi-RO.json","change","Replace immediate-calendar/same-day boilerplate with current booking checks and recorded consultation languages; preserve existing emergency passage.","clinical review pending","not applied; storage/approval/deployment pending","doctor:dr-eszter-szilagyi",""
"https://www.myglobalhealth.online/spain/ro/doctors/dr-fabiana-cornejo","ro","doctor","sitemap","200","https://www.myglobalhealth.online/spain/ro/doctors/dr-fabiana-cornejo","index, follow","","editorial page role; unmeasured","","0","0","1","1","Dr Fabiana Cornejo - Psihiatru | Global Health","Dra. Mónica Cornejo Román, psihiatru consultant, specialistă în Neuropsihofarmacologie. Experiență vastă în Spania și Argentina în psihofarmacologie, tulburări de dispoziție și psihiatrie de urgență. Consultație online la Global Health.","Dra. Mónica Fabiana Cornejo Román","{}","6","0","1","0","261dbe6975a8f24d5176421a1e1be5149c9851737f9e37b6a59d05654976b798","raw/api/doctors-dr-fabiana-cornejo-RO.json","change","Replace immediate-calendar/same-day boilerplate with current booking checks and recorded consultation languages; preserve existing emergency passage.","clinical review pending","not applied; storage/approval/deployment pending","doctor:dr-fabiana-cornejo",""
"https://www.myglobalhealth.online/spain/ro/doctors/dr-fidel-mesa-prado","ro","doctor","sitemap","200","https://www.myglobalhealth.online/spain/ro/doctors/dr-fidel-mesa-prado","index, follow","","editorial page role; unmeasured","","0","0","0","0","Dr Fidel Mesa Prado - Cardiolog | Global Health","Dr. Fidel Mesa Prado, specialist în Cardiologie la Hospital Costa del Sol și Hospiten Estepona. Expert în imagistică cardiacă, sindrom coronarian acut și proceduri tehnice avansate. Consultație online la Global Health.","Dr. Fidel Ernesto Mesa Prado","{}","6","0","1","0","18bcaa54c4a4d97f7dc01775e1c6ecef578f841f8bd3faced6ba49f9aa1f7050","raw/api/doctors-dr-fidel-mesa-prado-RO.json","hold","No current open appointment; retain routing and assignments; exact correction candidate prepared, other claims retained pending evidence.","clinical review pending","not applied; storage/approval/deployment pending","doctor:dr-fidel-mesa-prado",""
"https://www.myglobalhealth.online/spain/ro/doctors/dr-javier-villarte-betancor","ro","doctor","sitemap","200","https://www.myglobalhealth.online/spain/ro/doctors/dr-javier-villarte-betancor","index, follow","","editorial page role; unmeasured","","0","0","0","0","Dr Javier Villarte Betancor - Psiholog | Global Health","Javier Villarte Betancor, psiholog de sănătate specializat în TCC, ACT și TDC. Expert în anxietate, reglarea emoțiilor și tulburarea de personalitate borderline. Consultație online la Global Health.","Javier Villarte Betancor","{}","6","0","1","0","ad54ae0da18d77537f6f77fbebfe576066ebf7a18f1866a0afbb3ba4e878d5bd","raw/api/doctors-dr-javier-villarte-betancor-RO.json","change","Replace immediate-calendar/same-day boilerplate with current booking checks and recorded consultation languages; preserve existing emergency passage.","clinical review pending","not applied; storage/approval/deployment pending","doctor:dr-javier-villarte-betancor",""
"https://www.myglobalhealth.online/spain/ro/doctors/dr-leandro-wang","ro","doctor","sitemap","200","https://www.myglobalhealth.online/spain/ro/doctors/dr-leandro-wang","index, follow","","editorial page role; unmeasured","","0","0","0","1","Dr Leandro Wang - Medicină estetică/capilară | Global Health","Dr. Leandro Wang, medic specialist atestat, specialist în flebologie, sănătate vasculară și medicină estetică. Peste 20 de ani de experiență internațională. Consultație în persoană în Valencia/Girona și online la Global Health.","Dr. Leandro Wang","{}","6","0","1","0","1227429546a4d35e694a78d1149fc97299d29d5ee5fd0a4f47e6ad208c5f903b","raw/api/doctors-dr-leandro-wang-RO.json","change","Replace immediate-calendar/same-day boilerplate with current booking checks and recorded consultation languages; preserve existing emergency passage.","clinical review pending","not applied; storage/approval/deployment pending","doctor:dr-leandro-wang",""
"https://www.myglobalhealth.online/spain/ro/doctors/dr-luz-marina-zuluaga-rios","ro","doctor","sitemap","200","https://www.myglobalhealth.online/spain/ro/doctors/dr-luz-marina-zuluaga-rios","index, follow","","editorial page role; unmeasured","","0","0","0","0","Dr Luz Marina Zuluaga Rios - Medicină generală","Dra. Luz Marina Zuluaga Ríos, specialistă în boala vasculară periferică, picior diabetic și reabilitare cardiopulmonară. Amplă experiență clinică internațională. Consultație online la Global Health.","Dra. Luz Marina Zuluaga Ríos","{}","6","0","1","0","e335e1d2bff580371c6cb9f77124df066da2475487beaa74534b097356ef81ac","raw/api/doctors-dr-luz-marina-zuluaga-rios-RO.json","hold","Current exercise status discrepancy; exact correction candidate prepared, other claims retained pending evidence.","clinical review pending","not applied; storage/approval/deployment pending","doctor:dr-luz-marina-zuluaga-rios",""
"https://www.myglobalhealth.online/spain/ro/doctors/dr-maria-fernanda-ocampo-mora","ro","doctor","sitemap","200","https://www.myglobalhealth.online/spain/ro/doctors/dr-maria-fernanda-ocampo-mora","index, follow","","editorial page role; unmeasured","","0","1","0","1","Dr Maria Fernanda Ocampo Mora - Medicină generală","Dr. María Fernanda Ocampo Mora, specialistă în Medicină de Urgență, Medicină Generală și Medicină Estetică. Experiență vastă în Spania și Columbia. Consultație online la Global Health.","Dra. María Fernanda Ocampo Mora","{}","6","0","1","0","eb35d97d1fd3a59b6a3bbf5c05736cd1dd1eee5e35594508769cfb1741bcfb06","raw/api/doctors-dr-maria-fernanda-ocampo-mora-RO.json","change","Replace immediate-calendar/same-day boilerplate with current booking checks and recorded consultation languages; preserve existing emergency passage.","clinical review pending","not applied; storage/approval/deployment pending","doctor:dr-maria-fernanda-ocampo-mora",""
"https://www.myglobalhealth.online/spain/ro/doctors/dr-romulo-brito","ro","doctor","sitemap","200","https://www.myglobalhealth.online/spain/ro/doctors/dr-romulo-brito","index, follow","","editorial page role; unmeasured","","0","1","0","3","Dr Romulo Brito - Medicină Generală | Global Health","Dr. Rómulo Brito González, specialist în Medicină de urgență și urgențe, cu peste 10 ani de experiență internațională. Medic specialist la Spitalul Can Misses, Ibiza. Consultație online la Global Health.","Dr. Rómulo Andrés Brito González","{}","6","0","1","0","b175f2b065fd756d2fe458e12efac0a816398b2c8d4d4dbf1eb9fd6ff893f86b","raw/api/doctors-dr-romulo-brito-RO.json","change","Replace immediate-calendar/same-day boilerplate with current booking checks and recorded consultation languages; preserve existing emergency passage.","clinical review pending","not applied; storage/approval/deployment pending","doctor:dr-romulo-brito",""
"https://www.myglobalhealth.online/spain/ro/doctors/dr-silvina-irale","ro","doctor","sitemap","200","https://www.myglobalhealth.online/spain/ro/doctors/dr-silvina-irale","index, follow","","editorial page role; unmeasured","","0","0","0","1","Dr Silvina Irale - Îngrijire primară pediatrică","Dra. María Silvina Irale Tunkiewicz, specialistă în Pediatrie cu peste 20 de ani de experiență. Master în Medicină Estetică și Anti-îmbătrânire. Consultație online la Global Health.","Dra. María Silvina Irale Tunkiewicz","{}","6","0","1","0","8b85902e37e64da5de9fa7d7d3c245d4bfb9060159d014b2b8b762e3e5339c41","raw/api/doctors-dr-silvina-irale-RO.json","change","Replace immediate-calendar/same-day boilerplate with current booking checks and recorded consultation languages; preserve existing emergency passage.","clinical review pending","not applied; storage/approval/deployment pending","doctor:dr-silvina-irale",""
"https://www.myglobalhealth.online/spain/ro/doctors/dr-syed-tahir","ro","doctor","sitemap","200","https://www.myglobalhealth.online/spain/ro/doctors/dr-syed-tahir","index, follow","","editorial page role; unmeasured","","0","0","0","0","Dr Syed Tahir - Medicină generală | Global Health","Dr. Syed Tahir, medic general specialist în sănătate publică și epidemiologie. Format în Cuba și Țările de Jos, cu experiență internațională în cercetare medicală. Consulta online la Global Health.","Dr. Syed Tahir","{}","6","0","1","0","451ceb7cf8aa298e2c2d9a50b484530bc588acc20408f7ce5193884253723dfc","raw/api/doctors-dr-syed-tahir-RO.json","change","Replace immediate-calendar/same-day boilerplate with current booking checks and recorded consultation languages; preserve existing emergency passage.","clinical review pending","not applied; storage/approval/deployment pending","doctor:dr-syed-tahir",""
"https://www.myglobalhealth.online/spain/ro/doctors/dr-tomas-ruiz-palacios","ro","doctor","sitemap","200","https://www.myglobalhealth.online/spain/ro/doctors/dr-tomas-ruiz-palacios","index, follow","","editorial page role; unmeasured","","0","1","0","8","Dr Tomas Ruiz Palacios - Psiholog | Global Health","Tomás Ruiz Palacios, Psiholog General Sanitar specializat în terapie cognitiv-comportamentală și sistemică relațională. Consultații în spaniolă și italiană. Consulta online la Global Health.","Tomás Ruiz Palacios","{}","6","0","1","0","6bd0e2f3e989401362eddab07616398066887f762e848de295b967336d1fafec","raw/api/doctors-dr-tomas-ruiz-palacios-RO.json","hold","Official registration not independently verified; exact correction candidate prepared, other claims retained pending evidence.","clinical review pending","not applied; storage/approval/deployment pending","doctor:dr-tomas-ruiz-palacios",""
"https://www.myglobalhealth.online/spain/ro/gp-consultation-online","ro","gp-consultation-online","sitemap","200","https://www.myglobalhealth.online/spain/ro/gp-consultation-online","index, follow","","editorial page role; unmeasured","","0","2","0","8","Consultație Medicală Online în Spania | Global Health","Consultații medicale online cu medici înregistrați la Organización Médica Colegial (colegios de médicos).","Consultație Medicală Online în Spania","{}","","","0","0","275157d2aa2f483ae91ec6b651554af33b371c3ebf167446592d3adbe36551f9","raw/public-inventory-2026-09-13.json","retain with evidence","Live metadata, canonical and content retained; no demonstrated benefit from rewriting this page. Retention does not certify clinical/legal claims.","retained; no new certification","no mutation","",""
"https://www.myglobalhealth.online/spain/ro/legal","ro","legal","sitemap","200","https://www.myglobalhealth.online/spain/ro/legal","index, follow","","editorial page role; unmeasured","","0","0","0","0","Informații legale. · Spania · Global Health","Documente legale, înregistrarea companiei și detalii de reglementare pentru Global Health în Spania.","Informații legale.","{}","","","0","0","e588154b571b2b1a3474fd9ff46194f58ee295fc69afa2d58d2ee0d9d9576975","raw/public-inventory-2026-09-13.json","retain with evidence","Legal body retained; actual status/canonical/robots recorded. No legal certification or new translation.","retained; no new certification","no mutation","",""
"https://www.myglobalhealth.online/spain/ro/legal/complaints-procedure","ro","legal","sitemap","200","https://www.myglobalhealth.online/spain/ro/legal/complaints-procedure","index, follow","","editorial page role; unmeasured","","0","1","0","9","Procedura de Reclamații · Spania · Global Health","Procedura de Reclamații. Documente legale, înregistrarea companiei și detalii de reglementare pentru Global Health în Spania.","Procedura de Reclamații","{}","","","0","0","0ffdd5cca5d7f5f6e7dbb42f3cc37d6f4536c04bf9e1c5b1d725c0c862c39a89","raw/public-inventory-2026-09-13.json","retain with evidence","Legal body retained; actual status/canonical/robots recorded. No legal certification or new translation.","retained; no new certification","no mutation","",""
"https://www.myglobalhealth.online/spain/ro/legal/cookie-policy","ro","legal","internal link","200","https://www.myglobalhealth.online/spain/ro/legal/cookie-policy","noindex, follow","","editorial page role; unmeasured","","0","0","0","0","Cookie Policy · Spania · Global Health","Cookie Policy. Documente legale, înregistrarea companiei și detalii de reglementare pentru Global Health în Spania.","Cookie Policy","{}","","","0","0","3eafc14b033ed78b3b3916ddf5c5f556eebbcd88f6489f31861af25c6c291573","raw/public-inventory-2026-09-13.json","retain with evidence","Legal body retained; actual status/canonical/robots recorded. No legal certification or new translation.","retained; no new certification","no mutation","",""
"https://www.myglobalhealth.online/spain/ro/legal/medical-disclaimer","ro","legal","internal link","200","https://www.myglobalhealth.online/spain/ro/legal/medical-disclaimer","noindex, follow","","editorial page role; unmeasured","","0","0","0","0","Aviso Médico · Spania · Global Health","Aviso Médico. Documente legale, înregistrarea companiei și detalii de reglementare pentru Global Health în Spania.","Aviso Médico","{}","","","0","0","b3d4c72679bb7102f8d9abb5885786b6ef5181dcceb5deb1109d057b8ed9ad89","raw/public-inventory-2026-09-13.json","retain with evidence","Legal body retained; actual status/canonical/robots recorded. No legal certification or new translation.","retained; no new certification","no mutation","",""
"https://www.myglobalhealth.online/spain/ro/legal/privacy-policy","ro","legal","sitemap","200","https://www.myglobalhealth.online/spain/ro/legal/privacy-policy","index, follow","","editorial page role; unmeasured","","0","0","0","0","Politica de Confidențialitate · Spania · Global Health","Politica de Confidențialitate. Documente legale, înregistrarea companiei și detalii de reglementare pentru Global Health în Spania.","Politica de Confidențialitate","{}","","","0","0","2cefbcb0666de52cfb0d1d87f0804c352c4a263020c5209a9a6e0b17bc20a3ff","raw/public-inventory-2026-09-13.json","retain with evidence","Legal body retained; actual status/canonical/robots recorded. No legal certification or new translation.","retained; no new certification","no mutation","",""
"https://www.myglobalhealth.online/spain/ro/legal/refund-policy","ro","legal","sitemap","200","https://www.myglobalhealth.online/spain/ro/legal/refund-policy","index, follow","","editorial page role; unmeasured","","0","0","0","0","Politica de Rambursare · Spania · Global Health","Politica de Rambursare. Documente legale, înregistrarea companiei și detalii de reglementare pentru Global Health în Spania.","Politica de Rambursare","{}","","","0","0","ea68deb22cac1502a864767325ddbd48b0647ee759be6a5923fc9e5859727526","raw/public-inventory-2026-09-13.json","retain with evidence","Legal body retained; actual status/canonical/robots recorded. No legal certification or new translation.","retained; no new certification","no mutation","",""
"https://www.myglobalhealth.online/spain/ro/legal/terms-of-service","ro","legal","sitemap","200","https://www.myglobalhealth.online/spain/ro/legal/terms-of-service","index, follow","","editorial page role; unmeasured","","0","0","0","1","Termeni și Condiții · Spania · Global Health","Termeni și Condiții. Documente legale, înregistrarea companiei și detalii de reglementare pentru Global Health în Spania.","Termeni și Condiții","{}","","","0","0","776954c8be41e98fe2f26223d19bf1a360faa558ac3cc6104acbef068c2b5017","raw/public-inventory-2026-09-13.json","retain with evidence","Legal body retained; actual status/canonical/robots recorded. No legal certification or new translation.","retained; no new certification","no mutation","",""
"https://www.myglobalhealth.online/spain/ro/press","ro","press","sitemap","200","https://www.myglobalhealth.online/spain/ro/press","index, follow","","editorial page role; unmeasured","","0","0","0","0","Presă și media — Global Health Spania","Informații de presă despre Global Health în Spania: cine operează serviciul, cum este reglementat, piețele pe care le deservim și cum ne puteți contacta departamentul de presă.","Presă și media","{}","","","0","0","5e07ba701c06c26d830c5a3bc2e10100cf9df73724ed3b4d35da876b7f1e95ac","raw/public-inventory-2026-09-13.json","retain with evidence","Live metadata, canonical and content retained; no demonstrated benefit from rewriting this page. Retention does not certify clinical/legal claims.","retained; no new certification","no mutation","",""
"https://www.myglobalhealth.online/spain/ro/pricing","ro","pricing","sitemap","200","https://www.myglobalhealth.online/spain/ro/pricing","index, follow","","editorial page role; unmeasured","","0","0","0","0","Alegeți planul dumneavoastră lunar · Spania · Global Health","Îngrijire lunară online de la medicul de familie, cu credite de consultații și economii la specialiști, la prețuri pentru Spania.","Îngrijire care se reînnoiește împreună cu dumneavoastră","{}","","","0","0","fa63997f765eaa46a2e54980c007c8292fc440d2f00680e8e9067a499f9d08b6","raw/public-inventory-2026-09-13.json","retain with evidence","Live metadata, canonical and content retained; no demonstrated benefit from rewriting this page. Retention does not certify clinical/legal claims.","retained; no new certification","no mutation","",""
"https://www.myglobalhealth.online/spain/ro/see-a-specialist","ro","see-a-specialist","sitemap","200","https://www.myglobalhealth.online/spain/ro/see-a-specialist","index, follow","","editorial page role; unmeasured","","0","0","0","0","Îngrijire de specialitate asociată unui serviciu activ · Spain","Global Health listează consultațiile online de specialitate disponibile în prezent în Spain. Disponibilitatea depinde de serviciu, de cadrul medical și de program. Unele probleme necesită o examinare în persoană sau un alt cadru de îngrijire.","Cunoaște înregistrații specialiști.","{}","","","0","0","b4564f983267bf2b35b2e19f3431400c2c0937fc5a5292424ac79020aca4c6fd","raw/public-inventory-2026-09-13.json","retain with evidence","Live metadata, canonical and content retained; no demonstrated benefit from rewriting this page. Retention does not certify clinical/legal claims.","retained; no new certification","no mutation","",""
"https://www.myglobalhealth.online/spain/ro/services/caida-cabello-online","ro","service","sitemap","200","https://www.myglobalhealth.online/spain/ro/services/caida-cabello-online","index, follow","","editorial page role; unmeasured","","0","1","0","0","Pierderea Părului Online Spania | Evaluare Medicală | Medic de Familie","Pierderea părului sau subțierea părului? Medicii noștri de familie înregistrați evaluează cauza medicală a căderii părului și oferă sfaturi privind tratamentul bazat pe dovezi. În aceeași zi în Spania.","Căderea părului — Evaluare medicală online în aceeași zi","{}","8","0","0","0","4dbbb5f3481893d5ee52e7089ea4377066461056479304422b669a5d59ea1f46","raw/public-inventory-2026-09-13.json","hold","Live metadata, canonical and content retained; no demonstrated benefit from rewriting this page. Retention does not certify clinical/legal claims. Luz: CGCOM alta sin ejercicio; operations clarification required; confirm lawful current exercise before promoting affected care.","retained; no new certification","no mutation","",""
"https://www.myglobalhealth.online/spain/ro/services/cardiologo-online","ro","service","sitemap","200","https://www.myglobalhealth.online/spain/ro/services/cardiologo-online","index, follow","","editorial page role; unmeasured","","0","0","0","2","Cardiolog Online Spania | Consultație cardiologică de specialitate | În aceeași zi","Palpitații, revizuirea ECG, hipertensiune arterială sau altă îngrijorare cardiologică. Cardiologii noștri specialiști oferă evaluări prin apel video cu revizuirea analizelor. În aceeași zi în Spania.","Cardiologie Specialistă — Consultație cardiologică online","{""seoTitle"":""Cardiolog Online Spania | Consultație cardiologică de specialitate""}","9","0","0","0","6f6e09bad4870e8f2bc1a96860def5bebb778430adb2af8dd980bed6fdc2faba","raw/api/services-cardiologo-online-RO.json","hold","No current open appointment; retain routing and assignments; exact correction candidate prepared, other claims retained pending evidence. No current open appointment; operations must resolve supply without changing credentials.","clinical review pending","not applied; storage/approval/deployment pending","service:cardiologo-online",""
"https://www.myglobalhealth.online/spain/ro/services/consulta-diagnotico-vascular","ro","service","internal link","200","https://www.myglobalhealth.online/spain/ro/services/consulta-diagnotico-vascular","noindex, follow","","editorial page role; unmeasured","","0","0","0","0","Consultație diagnostic vascular · Global Health","Learn about Consultație diagnostic vascular and book a consultation.","Diagnóstico Vascular Especialista — Revisión de Pruebas Online","{""heroDescription"":""Alegeți un interval disponibil și verificați prețul înainte de programare. Limbile consultației: spaniolă. Limba acestei pagini nu stabilește limba consultației. Pregătiți documentele medicale și lista medicamentelor pe care le luați. Verificați orele disponibile; disponibilitatea se poate schimba.""}","0","0","0","3","59c3018037e6d97f1a24bf1b0f1e747988f6f8fef1f5364141272c5150535040","raw/api/services-consulta-diagnotico-vascular-RO.json","hold","Specialist scope unresolved: CGCOM lists assigned doctor as Médico General; exact correction candidate prepared, other claims retained pending evidence. Non-ES record stores no body and renders the ES body; body localization held with the service. Clinical source and native-language review required.","clinical review pending","not applied; storage/approval/deployment pending","service:consulta-diagnotico-vascular",""
"https://www.myglobalhealth.online/spain/ro/services/consulta-flebologia-y-linfologia","ro","service","internal link","200","https://www.myglobalhealth.online/spain/ro/services/consulta-flebologia-y-linfologia","noindex, follow","","observed GSC query/page; no volume inference","linfologia","0","2","0","4","Consulta online Flebologie și limfologie · Global Health","Learn about Consulta online Flebologie și limfologie and book a consultation.","Flebología y Linfología Especialista — Consulta Online","{""heroDescription"":""Alegeți un interval disponibil și verificați prețul înainte de programare. Limbile consultației: spaniolă. Limba acestei pagini nu stabilește limba consultației. Pregătiți documentele medicale și lista medicamentelor pe care le luați. Verificați orele disponibile; disponibilitatea se poate schimba.""}","0","0","0","3","b8b50f22524bc61dcd2c80157465f55b4a9eae57c71c400da37e4dd58dae39b0","raw/api/services-consulta-flebologia-y-linfologia-RO.json","hold","Specialist scope unresolved: CGCOM lists assigned doctor as Médico General; exact correction candidate prepared, other claims retained pending evidence. Non-ES record stores no body and renders the ES body; body localization held with the service. Clinical source and native-language review required.","clinical review pending","not applied; storage/approval/deployment pending","service:consulta-flebologia-y-linfologia",""
"https://www.myglobalhealth.online/spain/ro/services/consulta-medica-online","ro","service","sitemap","200","https://www.myglobalhealth.online/spain/ro/services/consulta-medica-online","index, follow","","editorial page role; unmeasured","","0","1","0","3","Medic Online Spania | Fără listă de așteptare | Consultație în aceeași zi","Ai nevoie să consulți un medic astăzi? Medici înscriși în colegiul profesional din Spania oferă consultații prin videoconferință securizată. Fără înregistrare prealabilă, fără sală de așteptare. Documentație clinică emisă în aceeași zi în toată Spania.","Medic online — Consultație medicală privată în aceeași zi","{""seoTitle"":""Consultație medicală online în Spania | Global Health"",""seoDescription"":""Discutați prin apel video cu un medic de medicină generală. Verificați limba consultației, prețul și orele disponibile înainte de programare."",""heroTitle"":""Consultație medicală online în Spania""}","8","0","0","0","13b2245bfb96d65f4c3293325fdbd784396ab687932ab0174fcf30a97fedce90","raw/api/services-consulta-medica-online-RO.json","hold","Assigned clinician Luz: current exercise status discrepancy; operations clarification required; exact correction candidate prepared, other claims retained pending evidence. Luz: CGCOM alta sin ejercicio; operations clarification required; confirm lawful current exercise before promoting affected care.","clinical review pending","not applied; storage/approval/deployment pending","service:consulta-medica-online",""
"https://www.myglobalhealth.online/spain/ro/services/consulta-online-medicina-estetica","ro","service","internal link","200","https://www.myglobalhealth.online/spain/ro/services/consulta-online-medicina-estetica","noindex, follow","","editorial page role; unmeasured","","0","0","0","6","Consultație Online Medicină Estetică · Global Health","Learn about Consultație Online Medicină Estetică and book a consultation.","Medicina Estética Online — Valoración Médica Independiente","{""seoTitle"":""Medicină estetică online în Spania | Evaluare independentă"",""seoDescription"":""Consultație de medicină estetică online cu medic autorizat în Spania. Evaluare independentă: indicație, așteptări realiste, riscuri și plan scris."",""heroTitle"":""Medicină estetică online — Evaluare medicală independentă"",""heroDescription"":""Alegeți un interval disponibil și verificați prețul înainte de programare. Limbile consultației: spaniolă. Limba acestei pagini nu stabilește limba consultației. Pregătiți documentele medicale și lista medicamentelor pe care le luați. Verificați orele disponibile; disponibilitatea se poate schimba."",""detailBody"":""<h2>Pentru cine este acest serviciu</h2><p>Această consultație online de medicină estetică este potrivită pentru adulții care doresc:</p><ul><li>O evaluare medicală înainte de a se decide asupra unui tratament — toxină botulinică, filleri cu acid hialuronic, peelinguri chimice, laser, mezoterapie, fire de lifting sau radiofrecvență</li><li>Să afle ce este realist în cazul lor și ce nu, înainte de a plăti pentru o procedură</li><li>O a doua opinie independentă despre un plan de tratament sau o ofertă de preț propusă de o altă clinică</li><li>Îndrumare privind o problemă a pielii cu componentă estetică — riduri, lăsarea pielii, pete, pori dilatați, textură neregulată, urme de acnee sau roșeață</li><li>Un plan de îngrijire acasă cu ingrediente active cu eficacitate dovedită, înainte de o procedură sau în locul acesteia</li><li>Reevaluarea evoluției după un tratament estetic recent, atunci când nu există semne ale unei complicații urgente</li><li>Să înțeleagă ce trebuie verificat la o clinică de estetică: cine efectuează procedura, cu ce produs și cu ce consimțământ informat</li><li>Rezidenți internaționali și expatriați care preferă o evaluare în limba spaniolă</li></ul><h2>Ce este acest serviciu — și ce nu este</h2><p>Această consultație acoperă:</p><ul><li>Evaluarea medicală a indicației: ce tratament corespunde fiecărei probleme și în ce ordine</li><li>Așteptări realiste — ce schimbare se poate obține, în câte ședințe și cât durează</li><li>Riscuri, contraindicații și interacțiuni cu istoricul dumneavoastră medical și cu medicația actuală</li><li>Plan de îngrijire a pielii cu ingrediente active topice și fotoprotecție</li><li>A doua opinie despre un plan sau o ofertă de preț de la o altă clinică</li><li>Reevaluarea neurgentă a evoluției după tratament</li><li>Trimitere coordonată către dermatologie sau către o evaluare în persoană, atunci când este indicat</li></ul><p>Acest serviciu nu acoperă:</p><ul><li>Efectuarea procedurii. Nicio injectare, ședință de laser sau peeling nu se poate face prin apel video: consultația planifică tratamentul, nu îl efectuează</li><li>Complicațiile urgente după o injectare. Durerea intensă și disproporționată, paloarea sau colorația violacee a pielii și pierderea sau încețoșarea vederii după un filler sunt urgențe medicale: mergeți imediat la urgențe sau sunați la 112</li><li>Semnele de infecție după o procedură — febră, căldură locală, secreții purulente sau inflamație progresivă — care necesită evaluare în persoană în aceeași zi</li><li>Chirurgia plastică. Evaluarea unei proceduri chirurgicale revine unei consultații de chirurgie plastică în persoană</li><li>Leziunile cutanate suspecte. O aluniță care se modifică, sângerează sau provoacă mâncărime necesită dermatoscopie în persoană; consultația vă orientează și coordonează trimiterea</li></ul><h2>Preocupări evaluate în mod obișnuit</h2><ul><li>Riduri dinamice de expresie — zona dintre sprâncene, fruntea și conturul ochilor</li><li>Pierderea de volum și lăsarea ușoară sau moderată a pielii feței</li><li>Hiperpigmentare: melasmă, lentigo solar și pete postinflamatorii</li><li>Sechele ale acneei — urme, cicatrici atrofice și textură neregulată</li><li>Roșeață persistentă și rozacee cu impact estetic</li><li>Cearcăne și șanțul lacrimal</li><li>Piele fără strălucire, pori dilatați și fotoîmbătrânire</li><li>Hiperhidroză axilară sau palmară</li><li>Rezultate nesatisfăcătoare sau asimetrii după un tratament anterior</li></ul><h2>Ce include consultația</h2><p><strong>Evaluare prin apel video securizat</strong></p><p>Consultația se desfășoară prin apel video criptat. Înainte de programare puteți trimite fotografii bine iluminate ale zonei care vă preocupă, precum și documente medicale sau oferte de preț de la alte clinici.</p><p><strong>Istoric medical și siguranță</strong></p><p>Se analizează antecedentele relevante, medicația actuală, alergiile, tratamentele estetice anterioare și obiectivele. O mare parte dintre contraindicațiile medicinei estetice — sarcina și alăptarea, boala autoimună activă, tratamentul anticoagulant, infecția cutanată activă, herpesul labial recurent sau tratamentul recent cu isotretinoină — ies la iveală doar printr-un istoric medical realizat fără grabă.</p><p><strong>Plan scris</strong></p><p>După consultație primiți un plan în scris: ce tratament este indicat, în ce ordine, ce alternativă mai puțin invazivă există, ce rezultat este de așteptat și ce semne de alarmă trebuie urmărite dacă, în final, alegeți să faceți tratamentul.</p><p><strong>Prescripție atunci când este indicată</strong></p><p>Prescrierea unui tratament topic sau sistemic este o decizie clinică și se face numai atunci când este adecvată în urma evaluării.</p><p><strong>Trimitere coordonată</strong></p><p>Atunci când cazul ține de dermatologie, de chirurgie plastică sau de o evaluare în persoană, medicul vă spune clar acest lucru și coordonează trimiterea, împreună cu raportul complet.</p><h2>Înainte de tratament: ce trebuie verificat</h2><p>Medicina estetică este un act medical. Înainte de orice procedură, este bine să verificați:</p><ul><li>Cine efectuează tratamentul și ce calificare are — injectarea toxinei botulinice și a fillerelor este un act medical</li><li>Ce produs exact va fi folosit, cu ce marcaj CE și în ce cantitate</li><li>Că există un consimțământ informat în scris, cu riscuri și alternative</li><li>Ce protocol pentru complicații are clinica și cine răspunde în afara programului de consultații</li><li>Ce include prețul: numărul de ședințe, controlul ulterior și retușul</li></ul><h2>Medicina estetică în Spania — problema accesului</h2><p>În Spania, prima evaluare estetică este oferită de obicei gratuit de aceeași clinică ce vinde ulterior tratamentul. Această evaluare are valoare, dar nu este independentă: cine o realizează are un interes economic direct în procedura pe care o recomandă.</p><p>Rezultatul este previzibil — tratamente indicate unor pacienți care nu aveau nevoie de ele, așteptări nerealiste și oferte de preț imposibil de comparat între clinici, deoarece fiecare descrie ceea ce face cu denumiri comerciale diferite.</p><p>Această consultație există pentru a acoperi acest gol: o evaluare medicală plătită de pacient, fără niciun tratament de vândut, disponibilă din orice punct al Spaniei, în limba spaniolă.</p>""}","0","0","0","3","dcc8891af35caac37fe297f11d796dbff4eafbd4c384bbcdad56cdc9236c962a","raw/api/services-consulta-online-medicina-estetica-RO.json","change","No native or embedded FAQs; answer procedure limits, preparation and actual language. New ES base and translations in existing locales; no new URL. heroDescription: unsupported consultation language corrected against assigned doctor. Longer Spanish clinical body in non-ES records remains a separate localization hold. detailBody: unsupported consultation language corrected against assigned doctor. Longer Spanish clinical body in non-ES records remains a separate localization hold. Non-ES record stores no body and renders the ES body; localized title, description, H1 and body candidate prepared from the corrected ES source. Clinical and native-language review required.","clinical review pending","not applied; storage/approval/deployment pending","service:consulta-online-medicina-estetica",""
"https://www.myglobalhealth.online/spain/ro/services/consulta-piel-online","ro","service","sitemap","200","https://www.myglobalhealth.online/spain/ro/services/consulta-piel-online","index, follow","","editorial page role; unmeasured","","0","1","0","0","Consulta dermatologică Online Spania | Medic de familie | În aceeași zi","Erupție cutanată, eczemă, acnee sau altă problemă de piele. Medicii noștri de familie autorizați evaluează afecțiuni cutanate prin videoconferință securizată. Evaluare clinică în aceeași zi în Spania.","Consultație de piele — Evaluare clinică cu medic de familie online","{""seoTitle"":""Consulta dermatologică Online Spania | Medic de familie""}","10","0","0","0","97303111cc90ed67fcb97daacc752c88dc5ac43d15b7a24cfc2f06e4c114250f","raw/api/services-consulta-piel-online-RO.json","hold","Assigned clinician Luz: current exercise status discrepancy; operations clarification required; exact correction candidate prepared, other claims retained pending evidence. Luz: CGCOM alta sin ejercicio; operations clarification required; confirm lawful current exercise before promoting affected care.","clinical review pending","not applied; storage/approval/deployment pending","service:consulta-piel-online",""
"https://www.myglobalhealth.online/spain/ro/services/consulta-salud-vascular-circulatoria","ro","service","internal link","200","https://www.myglobalhealth.online/spain/ro/services/consulta-salud-vascular-circulatoria","noindex, follow","","editorial page role; unmeasured","","0","0","0","0","Consultație Sănătate Vasculară / Circulatorie","Learn about Consultație Sănătate Vasculară / Circulatorie and book a consultation.","Salud Vascular y Circulatoria Online — Consulta Médica","{""seoTitle"":""Sănătate vasculară online în Spania | Consultație medicală"",""seoDescription"":""Picioare grele, varice, umflături sau crampe. Evaluare medicală online a sănătății venoase în Spania: analiza investigațiilor, trimitere eco-Doppler și plan."",""heroTitle"":""Sănătate vasculară și circulatorie online — Consultație medicală"",""heroDescription"":""Alegeți un interval disponibil și verificați prețul înainte de programare. Limbile consultației: spaniolă, engleză, maghiară, germană. Limba acestei pagini nu stabilește limba consultației. Pregătiți documentele medicale și lista medicamentelor pe care le luați. Verificați orele disponibile; disponibilitatea se poate schimba."",""detailBody"":""<h2>Pentru cine este acest serviciu</h2><p>Această consultație de sănătate vasculară și circulatorie este potrivită pentru adulții cu:</p><ul><li>Senzație de picioare grele sau obosite, mai ales la sfârșitul zilei sau după multe ore petrecute în picioare</li><li>Varice vizibile, vene păianjen sau vene reticulare care se accentuează în timp</li><li>Umflarea gleznelor seara, care se ameliorează la ridicarea picioarelor</li><li>Crampe nocturne, mâncărime sau neliniște în picioare, cu caracter venos</li><li>Modificări de culoare ale pielii de pe gambă: pete de culoare ocru, întărirea pielii sau eczemă la nivelul gleznei</li><li>Antecedente familiale de boală venoasă și întrebări despre ce măsuri de prevenție au sens</li><li>Antecedente personale de tromboză venoasă și întrebări despre monitorizarea actuală</li><li>Factori de risc cardiovascular — fumat, diabet, hipertensiune arterială, dislipidemie, obezitate, sedentarism — fără nicio evaluare vasculară efectuată</li><li>Durere în gambă la mers, care cedează în repaus, pentru orientarea investigațiilor arteriale</li><li>Muncă cu risc venos (statul prelungit în picioare, statul continuu pe scaun, călătorii lungi frecvente) și nevoia unui plan de prevenție</li><li>Rezidenți internaționali și expatriați care au nevoie de îngrijire vasculară în spaniolă, engleză, maghiară sau germană</li></ul><h2>Ce este acest serviciu — și ce nu este</h2><p>Această consultație acoperă:</p><ul><li>Evaluarea clinică a simptomelor venoase și circulatorii neurgente</li><li>Analiza și interpretarea investigațiilor pe care le aveți deja: eco-Doppler, indice gleznă-braț, analize de laborator</li><li>Evaluarea riscului cardiovascular global și un plan pentru reducerea acestuia</li><li>Trimiterea pentru eco-Doppler venos sau arterial și pentru analize de laborator, atunci când sunt indicate clinic</li><li>Indicarea terapiei compresive: tipul de ciorap, clasa de compresie și modul de utilizare</li><li>Măsuri conservatoare susținute de dovezi — exerciții fizice, controlul greutății, ridicarea picioarelor, igienă posturală</li><li>Trimitere coordonată către flebologie, angiologie sau chirurgie vasculară, atunci când este cazul</li></ul><p>Acest serviciu nu acoperă:</p><ul><li>Urgențele vasculare. Durerea și umflarea bruscă a unui singur picior, cu căldură și roșeață, impun excluderea unei tromboze venoase profunde în aceeași zi; dacă sunt însoțite de durere în piept sau dificultăți de respirație, sunați imediat la 112</li><li>Ischemia arterială acută — picior rece, palid, dureros și fără puls — care este o urgență spitalicească imediată</li><li>Efectuarea ecografiei. Eco-Doppler-ul se face în persoană: consultația îl recomandă și interpretează raportul, nu îl efectuează</li><li>Procedurile venoase. Scleroterapia, ablația endovenoasă și chirurgia varicelor necesită evaluare și efectuare în persoană</li><li>Ulcerele infectate sau cu evoluție lentă și nefavorabilă, care necesită îngrijirea plăgii și evaluare în persoană</li></ul><h2>Ce include consultația</h2><p><strong>Istoric medical vascular țintit</strong></p><p>Durata simptomelor, momentele zilei în care apar, antecedentele personale și familiale de tromboză sau varice, sarcinile, medicația — inclusiv contraceptivele și terapia hormonală —, activitatea profesională și factorii de risc cardiovascular.</p><p><strong>Examinare ghidată prin apel video</strong></p><p>Medicul vă ghidează cum să arătați piciorul afectat: distribuția varicelor, edemul, modificările pielii și simetria dintre cele două picioare. Puteți trimite fotografii înainte de programare.</p><p><strong>Analiza investigațiilor anterioare</strong></p><p>Dacă aveți deja un eco-Doppler, un indice gleznă-braț sau analize de laborator, acestea sunt analizate și interpretate în cadrul consultației și vi se explică ce înseamnă în cazul dumneavoastră concret.</p><p><strong>Trimiterea pentru investigații</strong></p><p>Atunci când investigațiile sunt indicate, trimiterea pentru eco-Doppler venos sau arterial și pentru analize de laborator se emite în aceeași zi, pentru a le efectua la un centru din zona dumneavoastră.</p><p><strong>Plan scris și terapie compresivă</strong></p><p>Primiți un plan în scris cu măsurile conservatoare indicate și, atunci când este cazul, prescripția de compresie graduată cu clasa adecvată, cu explicații despre cum și când să o folosiți.</p><p><strong>Trimitere coordonată</strong></p><p>Dacă evaluarea indică o boală venoasă avansată sau o patologie arterială, medicul coordonează trimiterea către specialist, împreună cu raportul complet, fără să fie nevoie să o luați de la capăt.</p><h2>Când este bine să nu așteptați</h2><p>Mergeți la urgențe sau sunați la 112 dacă apare:</p><ul><li>Durere și umflare bruscă a unui singur picior, cu căldură sau roșeață</li><li>Durere în piept sau dificultăți de respirație apărute brusc</li><li>Picior rece, palid și dureros, cu pierderea sensibilității sau a forței</li><li>Sângerarea unei varice care nu se oprește prin compresie și ridicarea piciorului</li><li>Ulcer însoțit de febră, secreții purulente sau celulită infecțioasă în jur</li></ul><h2>Sănătatea vasculară în Spania — problema accesului</h2><p>Simptomele venoase sunt extrem de frecvente și sunt minimizate în mod sistematic. Majoritatea pacienților trăiesc ani la rând cu picioare grele și varice care progresează, fără ca cineva să evalueze refluxul venos sau să indice o compresie corectă, până când apar modificări ale pielii sau un ulcer, deja greu reversibile.</p><p>Boala venoasă cronică este progresivă, iar măsurile care o încetinesc — compresia indicată corect, exercițiile fizice, controlul greutății și tratamentul refluxului atunci când este cazul — sunt cu atât mai eficiente cu cât sunt aplicate mai devreme.</p><p>Această consultație permite efectuarea acestei evaluări fără timp de așteptare și din orice punct al Spaniei, cu trimiterea pentru investigații în aceeași zi atunci când sunt indicate.</p>""}","0","0","0","2","ae27cbaba3591d7bd090755540134634b9f90f59ba4b8cbb8388d395cb347802","raw/api/services-consulta-salud-vascular-circulatoria-RO.json","change","No native or embedded FAQs; answer procedure limits, preparation and actual language. New ES base and translations in existing locales; no new URL. heroDescription: unsupported consultation language corrected against assigned doctor. Longer Spanish clinical body in non-ES records remains a separate localization hold. detailBody: unsupported consultation language corrected against assigned doctor. Longer Spanish clinical body in non-ES records remains a separate localization hold. Non-ES record stores no body and renders the ES body; localized title, description, H1 and body candidate prepared from the corrected ES source. Clinical and native-language review required.","clinical review pending","not applied; storage/approval/deployment pending","service:consulta-salud-vascular-circulatoria",""
"https://www.myglobalhealth.online/spain/ro/services/control-peso-online","ro","service","sitemap","200","https://www.myglobalhealth.online/spain/ro/services/control-peso-online","index, follow","","editorial page role; unmeasured","","0","0","0","0","Controlul Greutății Online Spania | Evaluare Medicală | Medic autorizat","Ai dificultăți în a slăbi în ciuda dietei și exercițiilor fizice? Medicii noștri acreditați evaluează factorii medicali și metabolici din spatele greutății tale prin apel video. Evaluare clinică în aceeași zi în Spania.","Controlul greutății — Evaluare medicală și plan personalizat online","{}","7","0","0","0","af5c71956ab10570ee852d6de323d4c3b8c5202b80a7048e12aa895c1b8961e5","raw/public-inventory-2026-09-13.json","hold","Live metadata, canonical and content retained; no demonstrated benefit from rewriting this page. Retention does not certify clinical/legal claims. Luz: CGCOM alta sin ejercicio; operations clarification required; confirm lawful current exercise before promoting affected care.","retained; no new certification","no mutation","",""
"https://www.myglobalhealth.online/spain/ro/services/dejar-de-fumar-online","ro","service","sitemap","200","https://www.myglobalhealth.online/spain/ro/services/dejar-de-fumar-online","index, follow","","editorial page role; unmeasured","","0","1","0","0","Renunțare la fumat online Spania | Sprijin medical | Medic de familie","Vrei să te lași de fumat cu sprijin medical? Medicii noștri de familie acreditați evaluează dependența ta de tutun și concep un plan personalizat prin videoconferință. În aceeași zi în Spania.","Renunțarea la fumat — Evaluare medicală și plan personalizat online","{}","9","0","0","0","f1cc83156edade03ac21827f68d6a80d05663247f9ccf5c7ced821251a6e9213","raw/public-inventory-2026-09-13.json","hold","Live metadata, canonical and content retained; no demonstrated benefit from rewriting this page. Retention does not certify clinical/legal claims. Luz: CGCOM alta sin ejercicio; operations clarification required; confirm lawful current exercise before promoting affected care.","retained; no new certification","no mutation","",""
"https://www.myglobalhealth.online/spain/ro/services/derivaciones-pruebas-online","ro","service","sitemap","200","https://www.myglobalhealth.online/spain/ro/services/derivaciones-pruebas-online","index, follow","","editorial page role; unmeasured","","0","5","0","3","Trimiteri și teste online Spania | Analize | Medic de familie","Ai nevoie de o scrisoare de trimitere către un specialist, analize sau investigații imagistice în Spania? Medicii noștri de familie înscriși în colegiul medicilor emit documentație clinică după o evaluare completă. În aceeași zi în Spania.","Trimiteri și analize — Documentație clinică online în aceeași zi","{}","8","0","0","0","47f48db7ba3490c6f634d94f2a276f1bb7803df09e46ffd2337e194abfa62658","raw/public-inventory-2026-09-13.json","hold","Live metadata, canonical and content retained; no demonstrated benefit from rewriting this page. Retention does not certify clinical/legal claims. Luz: CGCOM alta sin ejercicio; operations clarification required; confirm lawful current exercise before promoting affected care.","retained; no new certification","not applied; storage/approval/deployment pending","","link:cmre7soee002sg8ju1hnpt499"
"https://www.myglobalhealth.online/spain/ro/services/dermatologia-especialista-online","ro","service","sitemap","200","https://www.myglobalhealth.online/spain/ro/services/dermatologia-especialista-online","index, follow","","editorial page role; unmeasured","","0","1","0","1","Consultație dermatologică specialist online Spania | Dermatolog | În aceeași zi","Afecțiune cutanată complexă, acnee severă sau leziune suspectă. Dermatologii noștri acreditați oferă evaluări de specialitate prin videoconferință cu analiză de imagine de înaltă rezoluție. În aceeași zi în Spania.","Consultație dermatologică de specialitate — evaluare online cu dermatolog","{""seoTitle"":""Consultație dermatologică specialist online Spania | Dermatolog""}","9","0","3","0","bb4a38f10ad60ff9c149154f048de88fbc8c53446cf6b8774ef71fca4c6efd72","raw/api/services-dermatologia-especialista-online-RO.json","change","Remove unconditional same-day title; availability is dynamic. Replace image-only dermatoscopy/definitive-diagnosis and same-day biopsy claims; retain six other answers. Clinical review required.","clinical review pending","not applied; storage/approval/deployment pending","service:dermatologia-especialista-online",""
"https://www.myglobalhealth.online/spain/ro/services/enfermedades-cronicas-online","ro","service","sitemap","200","https://www.myglobalhealth.online/spain/ro/services/enfermedades-cronicas-online","index, follow","","editorial page role; unmeasured","","0","0","0","0","Boli Cronice Online Spania | Monitorizare Medicală | Medic de Familie","Hipertensiune, diabet, tiroidă sau altă boală cronică? Medicii noștri de familie înregistrați oferă monitorizare clinică continuă prin apel video securizat. În aceeași zi în Spania.","Boli cronice — monitorizare medicală continuă online","{}","8","0","0","0","873ccf36639434c96ec8211f6a43bcf87b44a153ce6c459dfef57c2cdedaf644","raw/public-inventory-2026-09-13.json","hold","Live metadata, canonical and content retained; no demonstrated benefit from rewriting this page. Retention does not certify clinical/legal claims. Luz: CGCOM alta sin ejercicio; operations clarification required; confirm lawful current exercise before promoting affected care.","retained; no new certification","not applied; storage/approval/deployment pending","","link:cmre7skhw002kg8judewg26hr"
"https://www.myglobalhealth.online/spain/ro/services/justificante-medico-online","ro","service","sitemap","200","https://www.myglobalhealth.online/spain/ro/services/justificante-medico-online","index, follow","","editorial page role; unmeasured","","0","12","0","4","Adeverință medicală online Spania | Certificat medical privat | În aceeași zi","Ai nevoie de o adeverință medicală sau de un certificat de incapacitate de muncă? Medicii noștri autorizați îți evaluează simptomele prin apel video și emit documentație clinică acolo unde este justificată din punct de vedere medical. În aceeași zi.","Adeverință medicală online — Certificat clinic privat în aceeași zi","{""seoTitle"":""Adeverință medicală online Spania | Certificat medical privat""}","8","0","0","0","666546f491d40516529d8881ca367d30f2e544a19acbf6103636f587446d6a52","raw/api/services-justificante-medico-online-RO.json","hold","Assigned clinician Luz: current exercise status discrepancy; operations clarification required; exact correction candidate prepared, other claims retained pending evidence. Luz: CGCOM alta sin ejercicio; operations clarification required; confirm lawful current exercise before promoting affected care.","clinical review pending","not applied; storage/approval/deployment pending","service:justificante-medico-online",""
"https://www.myglobalhealth.online/spain/ro/services/medicina-viaje-online","ro","service","sitemap","200","https://www.myglobalhealth.online/spain/ro/services/medicina-viaje-online","index, follow","","editorial page role; unmeasured","","0","1","0","0","Medicină de călătorie online Spania | Profilaxie malarie | Medic de familie","Călătorești într-o zonă cu malarie sau într-o destinație cu risc? Medicii noștri de familie cu drept de liberă practică evaluează starea ta de sănătate pentru călătorie și se ocupă de documentația medicală necesară. În aceeași zi în Spania.","Medicina de călătorie — Evaluare clinică online înainte de plecare","{}","10","0","0","0","649802b1a0915fd4fc2f6d946eb76048f1f79b3a5000c7dc79084c04b9a37898","raw/public-inventory-2026-09-13.json","hold","Live metadata, canonical and content retained; no demonstrated benefit from rewriting this page. Retention does not certify clinical/legal claims. Luz: CGCOM alta sin ejercicio; operations clarification required; confirm lawful current exercise before promoting affected care.","retained; no new certification","no mutation","",""
"https://www.myglobalhealth.online/spain/ro/services/musculoesqueletico-online","ro","service","sitemap","200","https://www.myglobalhealth.online/spain/ro/services/musculoesqueletico-online","index, follow","","editorial page role; unmeasured","","0","2","0","1","Durere musculo-scheletică Online Spania | Evaluare clinică | Medic de familie","Durere de spate, la nivelul articulațiilor, sciatică sau leziune musculară. Medicii noștri de familie înscriși în colegiu evaluează afecțiuni musculo-scheletice prin videoconferință securizată. Evaluare clinică în aceeași zi în Spania.","Durere musculo-scheletică — Evaluare clinică online în aceeași zi","{}","9","0","0","0","5d25e4f028c9f4f7c39e001a93c28bf77914acfe15fe38cfd0f52ed76773127e","raw/public-inventory-2026-09-13.json","hold","Live metadata, canonical and content retained; no demonstrated benefit from rewriting this page. Retention does not certify clinical/legal claims. Luz: CGCOM alta sin ejercicio; operations clarification required; confirm lawful current exercise before promoting affected care.","retained; no new certification","not applied; storage/approval/deployment pending","","link:cmre7tkdz004mg8juc9wpct8q"
"https://www.myglobalhealth.online/spain/ro/services/neurologo-online","ro","service","internal link","404","https://www.myglobalhealth.online","noindex","","editorial page role; unmeasured","","0","0","0","0","Page not found · Global Health","Online medical consultations with licensed clinicians across Ireland, Czechia, Portugal, Spain, and Romania.","","{}","","","0","0","e61a9b529dc9172c636b552213f2ea9ccb34d6e4dfcecd08d8a721a5b32c66a4","raw/public-inventory-2026-09-13.json","hold","Linked unavailable specialty; remove source callouts after approved exact manifest. Do not create or redirect unavailable care.","retained; no new certification","no mutation","",""
"https://www.myglobalhealth.online/spain/ro/services/pediatra-especialista-online","ro","service","internal link","404","https://www.myglobalhealth.online","noindex","","editorial page role; unmeasured","","0","0","0","0","Page not found · Global Health","Online medical consultations with licensed clinicians across Ireland, Czechia, Portugal, Spain, and Romania.","","{}","","","0","0","e3503b71b3f8714ae6dda5bf0c723b5867c51e531273838f5d0feadf645b7965","raw/public-inventory-2026-09-13.json","hold","Linked unavailable specialty; remove source callouts after approved exact manifest. Do not create or redirect unavailable care.","retained; no new certification","no mutation","",""
"https://www.myglobalhealth.online/spain/ro/services/pediatria-online","ro","service","sitemap","200","https://www.myglobalhealth.online/spain/ro/services/pediatria-online","index, follow","","editorial page role; unmeasured","","0","3","0","3","Pediatrie Online Spania | Consultație Infantilă | Medic de familie","Copilul tău este bolnav și nu poți aștepta o programare? Medicii noștri de familie acreditați evaluează sănătatea copiilor prin apel video securizat. Fără sală de așteptare, în aceeași zi în Spania.","Pediatrie Online — Consultație Infantilă cu Medic de Familie în Aceeași Zi","{}","10","0","0","0","9661e052c0621ca140d923cbb365f15cd4e4e1adf3933e6e73f409c981c6caa3","raw/public-inventory-2026-09-13.json","change","Live metadata, canonical and content retained; no demonstrated benefit from rewriting this page. Retention does not certify clinical/legal claims.","retained; no new certification","not applied; storage/approval/deployment pending","","link:cmre7ts6t0052g8ju6asq61tw"
"https://www.myglobalhealth.online/spain/ro/services/psicologo-online","ro","service","sitemap","200","https://www.myglobalhealth.online/spain/ro/services/psicologo-online","index, follow","","editorial page role; unmeasured","","0","1","0","4","Psiholog Online Spania | Psihoterapie | Psiholog autorizat","Anxietate, depresie, traumă sau altă preocupare psihologică. Psihologii noștri clinicieni autorizați oferă psihoterapie și evaluare psihologică prin videoconferință securizată. În aceeași zi în Spania.","Psihologie Clinică — Psihoterapie Online cu Psiholog Atestat","{}","10","0","0","0","4c7907515b46e24f7dfd5ec927c8ab775358c536d8a14ab65deddc72e6fe43be","raw/public-inventory-2026-09-13.json","change","Live metadata, canonical and content retained; no demonstrated benefit from rewriting this page. Retention does not certify clinical/legal claims.","retained; no new certification","not applied; storage/approval/deployment pending","","link:cmre7t1od003kg8jujyc8vdtm"
"https://www.myglobalhealth.online/spain/ro/services/psiquiatra-online","ro","service","sitemap","200","https://www.myglobalhealth.online/spain/ro/services/psiquiatra-online","index, follow","","editorial page role; unmeasured","","0","3","0","8","Psihiatru Online Spania | Consultație psihiatrică de specialitate | În aceeași zi","Tulburare psihică complexă, TDAH, tulburare bipolară sau altă îngrijorare psihiatrică. Psihiatrii noștri autorizați oferă evaluări specializate prin apel video securizat. În aceeași zi în Spania.","Psihiatrie de specialitate — Evaluare psihiatrică online","{""seoTitle"":""Psihiatru Online Spania | Consultație psihiatrică de specialitate""}","10","0","0","0","76b94d34dffd6c076cd7d66483ed34c5ce69b83001bfa018036f53b55c3d00e0","raw/api/services-psiquiatra-online-RO.json","change","Remove unconditional same-day title; availability is dynamic.","clinical review pending","not applied; storage/approval/deployment pending","service:psiquiatra-online",""
"https://www.myglobalhealth.online/spain/ro/services/renovacion-tratamiento-online","ro","service","sitemap","200","https://www.myglobalhealth.online/spain/ro/services/renovacion-tratamiento-online","index, follow","","editorial page role; unmeasured","","0","0","0","0","Reînnoire Tratament Online Spania | Revizuire Clinică | Medic Colegiat","Tratament stabil care necesită reînnoire în Spania? Medicii noștri înregistrați îți analizează situația clinică prin videoconferință și emit documentația acolo unde este indicat. Fără înregistrare prealabilă. În aceeași zi.","Reînnoirea tratamentului — Revizuire clinică online cu medic autorizat","{}","8","0","0","0","0edec41db8cc811724d3a15c7a628b9e3e98b7fbfcc3a777b4941cdb03296a6e","raw/public-inventory-2026-09-13.json","hold","Live metadata, canonical and content retained; no demonstrated benefit from rewriting this page. Retention does not certify clinical/legal claims. Luz: CGCOM alta sin ejercicio; operations clarification required; confirm lawful current exercise before promoting affected care.","retained; no new certification","no mutation","",""
"https://www.myglobalhealth.online/spain/ro/services/salud-femenina-online","ro","service","sitemap","200","https://www.myglobalhealth.online/spain/ro/services/salud-femenina-online","index, follow","","editorial page role; unmeasured","","0","0","0","0","Sănătatea Femeilor Online Spania | Evaluare Confidențială | Medic Colegiat","Contraceptive, sănătate hormonală, menopauză sau alte preocupări legate de sănătatea femeilor. Medicii noștri autorizați oferă evaluări confidențiale prin apel video securizat. În aceeași zi în Spania.","Sănătatea Femeilor — Evaluare confidențială online","{}","9","0","0","0","6c8a7179478e7164648c832131c488e9de093f894f83939c5620dacba621c7ab","raw/public-inventory-2026-09-13.json","hold","Live metadata, canonical and content retained; no demonstrated benefit from rewriting this page. Retention does not certify clinical/legal claims. Luz: CGCOM alta sin ejercicio; operations clarification required; confirm lawful current exercise before promoting affected care.","retained; no new certification","no mutation","",""
"https://www.myglobalhealth.online/spain/ro/services/salud-masculina-online","ro","service","sitemap","200","https://www.myglobalhealth.online/spain/ro/services/salud-masculina-online","index, follow","","editorial page role; unmeasured","","0","0","0","0","Sănătate Masculină Online Spania | Evaluare Confidențială | Medic Colegiat","Disfuncție erectilă, testosteron scăzut, libido sau alte probleme de sănătate masculină. Medicii noștri autorizați oferă evaluări confidențiale prin apel video securizat. În aceeași zi în Spania.","Sănătatea bărbaților — Evaluare confidențială online","{}","8","0","0","0","bb630c9fd59be52bd7b2ae0ae69cc3376a795b9ef0a9103928c22c1e45d661f6","raw/public-inventory-2026-09-13.json","hold","Live metadata, canonical and content retained; no demonstrated benefit from rewriting this page. Retention does not certify clinical/legal claims. Luz: CGCOM alta sin ejercicio; operations clarification required; confirm lawful current exercise before promoting affected care.","retained; no new certification","no mutation","",""
"https://www.myglobalhealth.online/spain/ro/services/salud-mental-online","ro","service","sitemap","200","https://www.myglobalhealth.online/spain/ro/services/salud-mental-online","index, follow","","editorial page role; unmeasured","","0","0","0","0","Sănătate Mintală Online Spania | Evaluare Clinică | Medic autorizat","Anxietate, depresie, burnout sau alte preocupări de sănătate mintală. Medicii noștri acreditați oferă evaluări clinice confidențiale prin apel video securizat. În aceeași zi în Spania.","Sănătate mintală — Evaluare clinică confidențială online","{}","8","0","0","0","b34280eeb02df9b1f2bcda18b4dc51b16faaa5870e5542209ebba11c3b5c6894","raw/public-inventory-2026-09-13.json","hold","Live metadata, canonical and content retained; no demonstrated benefit from rewriting this page. Retention does not certify clinical/legal claims. Luz: CGCOM alta sin ejercicio; operations clarification required; confirm lawful current exercise before promoting affected care.","retained; no new certification","not applied; storage/approval/deployment pending","","link:cmre7stv60034g8juje70ar9l"
"https://www.myglobalhealth.online/spain/ro/services/segunda-opinion-medica","ro","service","sitemap","200","https://www.myglobalhealth.online/spain/ro/services/segunda-opinion-medica","index, follow","","observed GSC query/page; no volume inference","unde pot obtine o a doua opinie internationala pentru un caz de neurochirurgie","0","7","0","2","A doua opinie medicală online Spania | Evaluare independentă | În aceeași zi","Nu ești sigur de un diagnostic sau de un plan de tratament? Medicii noștri înscriși în Colegiul Medicilor oferă a doua opinie medicală independentă prin videoconferință securizată. În aceeași zi în Spania.","A doua opinie medicală — Evaluare clinică independentă online","{""seoTitle"":""A doua opinie medicală online Spania | Evaluare independentă""}","9","0","0","0","01661d34f214b1e8b4c338708abf5cc122e9a9710a72d6c1f20c93de5dc79fdc","raw/api/services-segunda-opinion-medica-RO.json","hold","Assigned clinician Luz: current exercise status discrepancy; operations clarification required; exact correction candidate prepared, other claims retained pending evidence. Luz: CGCOM alta sin ejercicio; operations clarification required; confirm lawful current exercise before promoting affected care.","clinical review pending","not applied; storage/approval/deployment pending","service:segunda-opinion-medica","link:cmre7u1jt005mg8jutxyy9pz0"
"https://www.myglobalhealth.online/spain/ro/tools/adhd-test","ro","tool","sitemap","200","https://www.myglobalhealth.online/spain/ro/tools/adhd-test","index, follow","","editorial page role; unmeasured","","0","0","0","6","Test ADHD Spania | Screening Gratuit pentru Adulți","Completează testul de screening ADHD pentru adulți, cu șase întrebări (ASRS v1.1, partea A), și vezi ce înseamnă răspunsurile tale. Un screening nu este un diagnostic — acesta poate fi pus doar de un medic psihiatru sau de un psiholog clinician.","Test ADHD Spania","{}","","","0","0","53f030db9121ca0df1150472d6d6598cf52e2d7d4a197d66c6d86b9543af076c","raw/public-inventory-2026-09-13.json","retain with evidence","Live metadata, canonical and content retained; no demonstrated benefit from rewriting this page. Retention does not certify clinical/legal claims.","retained; no new certification","no mutation","",""
"https://www.myglobalhealth.online/spain/ro/tools/blood-pressure-chart","ro","tool","sitemap","200","https://www.myglobalhealth.online/spain/ro/tools/blood-pressure-chart","index, follow","","editorial page role; unmeasured","","0","7","0","6","Tensiune Arterială Normală Spania | Tabel de Valori","Compară tensiunea sistolică și diastolică cu tabelul european pentru adulți. Vezi categoria, ce înseamnă și ce valori au nevoie de îngrijire medicală în aceeași zi.","Tensiune arterială normală Spania","{}","","","0","0","6bf4c388ac048648e1e04362c736a18a4f1d54b2af0288582b2a80b82c6b99e8","raw/public-inventory-2026-09-13.json","retain with evidence","Live metadata, canonical and content retained; no demonstrated benefit from rewriting this page. Retention does not certify clinical/legal claims.","retained; no new certification","no mutation","",""
"https://www.myglobalhealth.online/spain/ro/tools/bmi-calculator","ro","tool","sitemap","200","https://www.myglobalhealth.online/spain/ro/tools/bmi-calculator","index, follow","","editorial page role; unmeasured","","0","0","0","7","Calculator IMC Spania | Calculează-ți IMC · Global Health","Calculează-ți indicele de masă corporală în câteva secunde. Sistem metric sau imperial, categoriile OMS pentru adulți și ce înseamnă cu adevărat rezultatul tău.","Calculator IMC Spania","{}","","","0","0","5002f1a9eb4ce810f9c7edfe1fcf57141985cc9e2ed74e482c04439a4c35d4fa","raw/public-inventory-2026-09-13.json","retain with evidence","Live metadata, canonical and content retained; no demonstrated benefit from rewriting this page. Retention does not certify clinical/legal claims.","retained; no new certification","no mutation","",""
"https://www.myglobalhealth.online/spain/ro/tools/calorie-calculator","ro","tool","sitemap","200","https://www.myglobalhealth.online/spain/ro/tools/calorie-calculator","index, follow","","observed GSC query/page; no volume inference","calculator calorii | calculator calorii slabire | calculator necesar caloric | calculator calorii necesare | calculator caloric","0","182","0","30","Calculator Calorii Spania | Necesarul Zilnic de Calorii","Calculează de câte calorii ai nevoie pe zi ca să îți menții, să scazi sau să crești greutatea. Ecuația Mifflin-St Jeor, cinci niveluri de activitate și ce înseamnă de fapt cifrele.","Calculator calorii Spania","{}","","","0","0","e6f70a546cb21785ccf46810199eeae7f76152e0d06bd412f14300afa0a5363d","raw/public-inventory-2026-09-13.json","retain with evidence","Live metadata, canonical and content retained; no demonstrated benefit from rewriting this page. Retention does not certify clinical/legal claims.","retained; no new certification","no mutation","",""
"https://www.myglobalhealth.online/spain/ro/tools/due-date-calculator","ro","tool","sitemap","200","https://www.myglobalhealth.online/spain/ro/tools/due-date-calculator","index, follow","","editorial page role; unmeasured","","0","0","0","12","Calculator de Sarcină Spania | Data Nașterii și Săptămâni","Află data probabilă a nașterii și în ce săptămână de sarcină ești, pornind de la prima zi a ultimei menstruații. Se ajustează după durata ciclului tău, cu toate cele 40 de săptămâni detaliate.","Calculator de sarcină Spania","{}","","","0","0","3554832642983bc796460d48dffb91810923d660a8f51c3729d5b225cac45c69","raw/public-inventory-2026-09-13.json","retain with evidence","Live metadata, canonical and content retained; no demonstrated benefit from rewriting this page. Retention does not certify clinical/legal claims.","retained; no new certification","no mutation","",""
"https://www.myglobalhealth.online/spain/ro/tools/osteoporosis-risk-checker","ro","tool","sitemap","200","https://www.myglobalhealth.online/spain/ro/tools/osteoporosis-risk-checker","index, follow","","editorial page role; unmeasured","","0","2","0","0","Verificare Risc de Osteoporoză Spania | Ai Nevoie de o Densitometrie Osoasă?","Verifică factorii de risc publicați pentru osteoporoză și fractura de fragilitate și vezi dacă ghidurile clinice recomandă să fii evaluat(ă). Nu este FRAX și nu este un diagnostic — o listă de identificare a riscului pe care o poți duce la medic.","Risc de osteoporoză Spania","{}","","","0","0","f314da6e62584073ac0d00e787f1dd65a10f30fbf30d90cfba655ea60d3964a5","raw/public-inventory-2026-09-13.json","retain with evidence","Live metadata, canonical and content retained; no demonstrated benefit from rewriting this page. Retention does not certify clinical/legal claims.","retained; no new certification","no mutation","",""
"https://www.myglobalhealth.online/spain/ro/tools/ovulation-calculator","ro","tool","sitemap","200","https://www.myglobalhealth.online/spain/ro/tools/ovulation-calculator","index, follow","","editorial page role; unmeasured","","0","0","0","2","Calculator Ovulație Spania | Zile Fertile și Ziua Ovulației","Află zilele fertile și ziua estimată a ovulației pornind de la prima zi a ultimei menstruații. Se ajustează după durata ciclului tău, cu cele șase zile cele mai fertile detaliate.","Calculator de ovulație Spania","{}","","","0","0","463c41770943f3fdac6fff5d6fafc916627684721b6562f66c38219e0ae618cd","raw/public-inventory-2026-09-13.json","retain with evidence","Live metadata, canonical and content retained; no demonstrated benefit from rewriting this page. Retention does not certify clinical/legal claims.","retained; no new certification","no mutation","",""
"https://www.myglobalhealth.online/spain/ro/tools/sore-throat-checker","ro","tool","sitemap","200","https://www.myglobalhealth.online/spain/ro/tools/sore-throat-checker","index, follow","","editorial page role; unmeasured","","0","0","0","0","Amigdalită sau Virus? Verificare Durere în Gât Spania","Răspunde la cinci întrebări despre durerea ta în gât și vezi cât de probabilă este o cauză bacteriană, folosind scorul McIsaac pe care îl folosesc medicii. Include semnele de alarmă care necesită îngrijire urgentă. Nu este un diagnostic și nu este un test pentru streptococ.","Verificare amigdalită și durere în gât Spania","{}","","","0","0","c32ee8e78f5ca48ab988e31139b0b5ebea8145f5509fc87f850c7eeec0c02f54","raw/public-inventory-2026-09-13.json","retain with evidence","Live metadata, canonical and content retained; no demonstrated benefit from rewriting this page. Retention does not certify clinical/legal claims.","retained; no new certification","no mutation","",""
