seed,source,used_fallback,keyword,search_volume,keyword_difficulty,cpc,competition,intent,trend_json
lékař online,related,false,lékař online,880,39,0.66,0.28,informational,"[{""year"":2026,""month"":7,""searchVolume"":720},{""year"":2026,""month"":6,""searchVolume"":880},{""year"":2026,""month"":5,""searchVolume"":720},{""year"":2026,""month"":4,""searchVolume"":880},{""year"":2026,""month"":3,""searchVolume"":880},{""year"":2026,""month"":2,""searchVolume"":880},{""year"":2026,""month"":1,""searchVolume"":1000},{""year"":2025,""month"":12,""searchVolume"":1000},{""year"":2025,""month"":11,""searchVolume"":880},{""year"":2025,""month"":10,""searchVolume"":880},{""year"":2025,""month"":9,""searchVolume"":880},{""year"":2025,""month"":8,""searchVolume"":1000}]"
lékař online,related,false,online lékař,880,28,0.66,0.28,informational,"[{""year"":2026,""month"":7,""searchVolume"":720},{""year"":2026,""month"":6,""searchVolume"":880},{""year"":2026,""month"":5,""searchVolume"":720},{""year"":2026,""month"":4,""searchVolume"":880},{""year"":2026,""month"":3,""searchVolume"":880},{""year"":2026,""month"":2,""searchVolume"":880},{""year"":2026,""month"":1,""searchVolume"":1000},{""year"":2025,""month"":12,""searchVolume"":1000},{""year"":2025,""month"":11,""searchVolume"":880},{""year"":2025,""month"":10,""searchVolume"":880},{""year"":2025,""month"":9,""searchVolume"":880},{""year"":2025,""month"":8,""searchVolume"":1000}]"
lékař online,related,false,lékař online 24 7,170,6,0.69,0.26,navigational,"[{""year"":2026,""month"":7,""searchVolume"":140},{""year"":2026,""month"":6,""searchVolume"":110},{""year"":2026,""month"":5,""searchVolume"":110},{""year"":2026,""month"":4,""searchVolume"":140},{""year"":2026,""month"":3,""searchVolume"":140},{""year"":2026,""month"":2,""searchVolume"":140},{""year"":2026,""month"":1,""searchVolume"":170},{""year"":2025,""month"":12,""searchVolume"":210},{""year"":2025,""month"":11,""searchVolume"":140},{""year"":2025,""month"":10,""searchVolume"":260},{""year"":2025,""month"":9,""searchVolume"":260},{""year"":2025,""month"":8,""searchVolume"":260}]"
lékař online,related,false,doktor online chat zdarma,170,17,0.61,0.1,transactional,"[{""year"":2026,""month"":7,""searchVolume"":260},{""year"":2026,""month"":6,""searchVolume"":260},{""year"":2026,""month"":5,""searchVolume"":210},{""year"":2026,""month"":4,""searchVolume"":210},{""year"":2026,""month"":3,""searchVolume"":260},{""year"":2026,""month"":2,""searchVolume"":260},{""year"":2026,""month"":1,""searchVolume"":260},{""year"":2025,""month"":12,""searchVolume"":210},{""year"":2025,""month"":11,""searchVolume"":170},{""year"":2025,""month"":10,""searchVolume"":110},{""year"":2025,""month"":9,""searchVolume"":20},{""year"":2025,""month"":8,""searchVolume"":20}]"
lékař online,related,false,lékař online 24/7,170,6,0.69,0.26,informational,"[{""year"":2026,""month"":7,""searchVolume"":140},{""year"":2026,""month"":6,""searchVolume"":110},{""year"":2026,""month"":5,""searchVolume"":110},{""year"":2026,""month"":4,""searchVolume"":140},{""year"":2026,""month"":3,""searchVolume"":140},{""year"":2026,""month"":2,""searchVolume"":140},{""year"":2026,""month"":1,""searchVolume"":170},{""year"":2025,""month"":12,""searchVolume"":210},{""year"":2025,""month"":11,""searchVolume"":140},{""year"":2025,""month"":10,""searchVolume"":260},{""year"":2025,""month"":9,""searchVolume"":260},{""year"":2025,""month"":8,""searchVolume"":260}]"
lékař online,related,false,lékaři online 24,110,6,0.75,0.35,informational,"[{""year"":2026,""month"":7,""searchVolume"":90},{""year"":2026,""month"":6,""searchVolume"":90},{""year"":2026,""month"":5,""searchVolume"":70},{""year"":2026,""month"":4,""searchVolume"":70},{""year"":2026,""month"":3,""searchVolume"":110},{""year"":2026,""month"":2,""searchVolume"":110},{""year"":2026,""month"":1,""searchVolume"":170},{""year"":2025,""month"":12,""searchVolume"":170},{""year"":2025,""month"":11,""searchVolume"":140},{""year"":2025,""month"":10,""searchVolume"":170},{""year"":2025,""month"":9,""searchVolume"":140},{""year"":2025,""month"":8,""searchVolume"":140}]"
lékař online,related,false,lékař na telefonu nonstop,110,0,1.19,0.05,informational,"[{""year"":2026,""month"":7,""searchVolume"":90},{""year"":2026,""month"":6,""searchVolume"":70},{""year"":2026,""month"":5,""searchVolume"":70},{""year"":2026,""month"":4,""searchVolume"":90},{""year"":2026,""month"":3,""searchVolume"":140},{""year"":2026,""month"":2,""searchVolume"":110},{""year"":2026,""month"":1,""searchVolume"":110},{""year"":2025,""month"":12,""searchVolume"":170},{""year"":2025,""month"":11,""searchVolume"":110},{""year"":2025,""month"":10,""searchVolume"":140},{""year"":2025,""month"":9,""searchVolume"":170},{""year"":2025,""month"":8,""searchVolume"":140}]"
lékař online,related,false,kožní poradna online zdarma,110,0,0.92,0.18,informational,"[{""year"":2026,""month"":7,""searchVolume"":110},{""year"":2026,""month"":6,""searchVolume"":110},{""year"":2026,""month"":5,""searchVolume"":90},{""year"":2026,""month"":4,""searchVolume"":110},{""year"":2026,""month"":3,""searchVolume"":110},{""year"":2026,""month"":2,""searchVolume"":110},{""year"":2026,""month"":1,""searchVolume"":110},{""year"":2025,""month"":12,""searchVolume"":70},{""year"":2025,""month"":11,""searchVolume"":110},{""year"":2025,""month"":10,""searchVolume"":140},{""year"":2025,""month"":9,""searchVolume"":110},{""year"":2025,""month"":8,""searchVolume"":170}]"
lékař online,related,false,lékařská poradna zdarma,90,11,0.97,0.1,informational,"[{""year"":2026,""month"":7,""searchVolume"":50},{""year"":2026,""month"":6,""searchVolume"":50},{""year"":2026,""month"":5,""searchVolume"":50},{""year"":2026,""month"":4,""searchVolume"":50},{""year"":2026,""month"":3,""searchVolume"":90},{""year"":2026,""month"":2,""searchVolume"":90},{""year"":2026,""month"":1,""searchVolume"":90},{""year"":2025,""month"":12,""searchVolume"":110},{""year"":2025,""month"":11,""searchVolume"":90},{""year"":2025,""month"":10,""searchVolume"":140},{""year"":2025,""month"":9,""searchVolume"":140},{""year"":2025,""month"":8,""searchVolume"":170}]"
lékař online,related,false,konzultace s lékařem online,90,4,0.91,0.36,transactional,"[{""year"":2026,""month"":7,""searchVolume"":70},{""year"":2026,""month"":6,""searchVolume"":90},{""year"":2026,""month"":5,""searchVolume"":90},{""year"":2026,""month"":4,""searchVolume"":70},{""year"":2026,""month"":3,""searchVolume"":90},{""year"":2026,""month"":2,""searchVolume"":90},{""year"":2026,""month"":1,""searchVolume"":110},{""year"":2025,""month"":12,""searchVolume"":140},{""year"":2025,""month"":11,""searchVolume"":110},{""year"":2025,""month"":10,""searchVolume"":110},{""year"":2025,""month"":9,""searchVolume"":110},{""year"":2025,""month"":8,""searchVolume"":110}]"
lékař online,related,false,lékař na telefonu nonstop vzp,90,5,,0,informational,"[{""year"":2026,""month"":7,""searchVolume"":50},{""year"":2026,""month"":6,""searchVolume"":50},{""year"":2026,""month"":5,""searchVolume"":40},{""year"":2026,""month"":4,""searchVolume"":90},{""year"":2026,""month"":3,""searchVolume"":90},{""year"":2026,""month"":2,""searchVolume"":140},{""year"":2026,""month"":1,""searchVolume"":140},{""year"":2025,""month"":12,""searchVolume"":170},{""year"":2025,""month"":11,""searchVolume"":90},{""year"":2025,""month"":10,""searchVolume"":90},{""year"":2025,""month"":9,""searchVolume"":30},{""year"":2025,""month"":8,""searchVolume"":50}]"
lékař online,related,false,doktor na telefonu,90,0,0.54,0.06,informational,"[{""year"":2026,""month"":7,""searchVolume"":70},{""year"":2026,""month"":6,""searchVolume"":70},{""year"":2026,""month"":5,""searchVolume"":70},{""year"":2026,""month"":4,""searchVolume"":90},{""year"":2026,""month"":3,""searchVolume"":90},{""year"":2026,""month"":2,""searchVolume"":90},{""year"":2026,""month"":1,""searchVolume"":90},{""year"":2025,""month"":12,""searchVolume"":140},{""year"":2025,""month"":11,""searchVolume"":70},{""year"":2025,""month"":10,""searchVolume"":70},{""year"":2025,""month"":9,""searchVolume"":90},{""year"":2025,""month"":8,""searchVolume"":90}]"
lékař online,related,false,lékařská poradna nonstop,50,0,1.48,0.1,informational,"[{""year"":2026,""month"":7,""searchVolume"":40},{""year"":2026,""month"":6,""searchVolume"":20},{""year"":2026,""month"":5,""searchVolume"":30},{""year"":2026,""month"":4,""searchVolume"":40},{""year"":2026,""month"":3,""searchVolume"":50},{""year"":2026,""month"":2,""searchVolume"":40},{""year"":2026,""month"":1,""searchVolume"":90},{""year"":2025,""month"":12,""searchVolume"":70},{""year"":2025,""month"":11,""searchVolume"":50},{""year"":2025,""month"":10,""searchVolume"":90},{""year"":2025,""month"":9,""searchVolume"":90},{""year"":2025,""month"":8,""searchVolume"":90}]"
lékař online,related,false,online doktor 24 7,50,,0.53,0.16,informational,"[{""year"":2026,""month"":7,""searchVolume"":30},{""year"":2026,""month"":6,""searchVolume"":20},{""year"":2026,""month"":5,""searchVolume"":40},{""year"":2026,""month"":4,""searchVolume"":30},{""year"":2026,""month"":3,""searchVolume"":30},{""year"":2026,""month"":2,""searchVolume"":50},{""year"":2026,""month"":1,""searchVolume"":50},{""year"":2025,""month"":12,""searchVolume"":90},{""year"":2025,""month"":11,""searchVolume"":30},{""year"":2025,""month"":10,""searchVolume"":70},{""year"":2025,""month"":9,""searchVolume"":70},{""year"":2025,""month"":8,""searchVolume"":50}]"
lékař online,related,false,doktor online zdarma,50,22,0.47,0.2,informational,"[{""year"":2026,""month"":7,""searchVolume"":20},{""year"":2026,""month"":6,""searchVolume"":30},{""year"":2026,""month"":5,""searchVolume"":20},{""year"":2026,""month"":4,""searchVolume"":30},{""year"":2026,""month"":3,""searchVolume"":70},{""year"":2026,""month"":2,""searchVolume"":40},{""year"":2026,""month"":1,""searchVolume"":50},{""year"":2025,""month"":12,""searchVolume"":70},{""year"":2025,""month"":11,""searchVolume"":50},{""year"":2025,""month"":10,""searchVolume"":90},{""year"":2025,""month"":9,""searchVolume"":70},{""year"":2025,""month"":8,""searchVolume"":50}]"
lékař online,related,false,lékaři online poradna,30,,0.58,0.19,navigational,"[{""year"":2026,""month"":7,""searchVolume"":10},{""year"":2026,""month"":6,""searchVolume"":20},{""year"":2026,""month"":5,""searchVolume"":20},{""year"":2026,""month"":4,""searchVolume"":10},{""year"":2026,""month"":3,""searchVolume"":10},{""year"":2026,""month"":2,""searchVolume"":30},{""year"":2026,""month"":1,""searchVolume"":30},{""year"":2025,""month"":12,""searchVolume"":20},{""year"":2025,""month"":11,""searchVolume"":40},{""year"":2025,""month"":10,""searchVolume"":40},{""year"":2025,""month"":9,""searchVolume"":30},{""year"":2025,""month"":8,""searchVolume"":40}]"
lékař online,related,false,co mi je podle příznaků,30,0,,0,informational,"[{""year"":2026,""month"":7,""searchVolume"":10},{""year"":2026,""month"":6,""searchVolume"":30},{""year"":2026,""month"":5,""searchVolume"":20},{""year"":2026,""month"":4,""searchVolume"":30},{""year"":2026,""month"":3,""searchVolume"":30},{""year"":2026,""month"":2,""searchVolume"":20},{""year"":2026,""month"":1,""searchVolume"":30},{""year"":2025,""month"":12,""searchVolume"":20},{""year"":2025,""month"":11,""searchVolume"":10},{""year"":2025,""month"":10,""searchVolume"":50},{""year"":2025,""month"":9,""searchVolume"":40},{""year"":2025,""month"":8,""searchVolume"":30}]"
lékař online,related,false,lékař na telefonu 211,30,,,0.01,informational,"[{""year"":2026,""month"":7,""searchVolume"":20},{""year"":2026,""month"":6,""searchVolume"":20},{""year"":2026,""month"":5,""searchVolume"":20},{""year"":2026,""month"":4,""searchVolume"":20},{""year"":2026,""month"":3,""searchVolume"":30},{""year"":2026,""month"":2,""searchVolume"":30},{""year"":2026,""month"":1,""searchVolume"":30},{""year"":2025,""month"":12,""searchVolume"":40},{""year"":2025,""month"":11,""searchVolume"":30},{""year"":2025,""month"":10,""searchVolume"":20},{""year"":2025,""month"":9,""searchVolume"":20},{""year"":2025,""month"":8,""searchVolume"":20}]"
lékař online,related,false,lékař online 24 7 euc,20,,,0.04,transactional,"[{""year"":2026,""month"":7,""searchVolume"":20},{""year"":2026,""month"":6,""searchVolume"":20},{""year"":2026,""month"":5,""searchVolume"":20},{""year"":2026,""month"":4,""searchVolume"":20},{""year"":2026,""month"":3,""searchVolume"":10},{""year"":2026,""month"":2,""searchVolume"":20},{""year"":2026,""month"":1,""searchVolume"":30},{""year"":2025,""month"":12,""searchVolume"":30},{""year"":2025,""month"":11,""searchVolume"":20},{""year"":2025,""month"":10,""searchVolume"":0},{""year"":2025,""month"":9,""searchVolume"":0},{""year"":2025,""month"":8,""searchVolume"":0}]"
lékař online,related,false,euc online lékař,20,,0.26,0.3,navigational,"[{""year"":2026,""month"":7,""searchVolume"":20},{""year"":2026,""month"":6,""searchVolume"":10},{""year"":2026,""month"":5,""searchVolume"":20},{""year"":2026,""month"":4,""searchVolume"":10},{""year"":2026,""month"":3,""searchVolume"":20},{""year"":2026,""month"":2,""searchVolume"":20},{""year"":2026,""month"":1,""searchVolume"":30},{""year"":2025,""month"":12,""searchVolume"":30},{""year"":2025,""month"":11,""searchVolume"":30},{""year"":2025,""month"":10,""searchVolume"":20},{""year"":2025,""month"":9,""searchVolume"":10},{""year"":2025,""month"":8,""searchVolume"":20}]"
lékař online,related,false,lékařská poradna online,20,12,0.8,0.13,informational,"[{""year"":2026,""month"":7,""searchVolume"":20},{""year"":2026,""month"":6,""searchVolume"":20},{""year"":2026,""month"":5,""searchVolume"":30},{""year"":2026,""month"":4,""searchVolume"":20},{""year"":2026,""month"":3,""searchVolume"":30},{""year"":2026,""month"":2,""searchVolume"":20},{""year"":2026,""month"":1,""searchVolume"":20},{""year"":2025,""month"":12,""searchVolume"":20},{""year"":2025,""month"":11,""searchVolume"":30},{""year"":2025,""month"":10,""searchVolume"":20},{""year"":2025,""month"":9,""searchVolume"":20},{""year"":2025,""month"":8,""searchVolume"":30}]"
lékař online,related,false,online diagnóza,20,1,,0.03,navigational,"[{""year"":2026,""month"":7,""searchVolume"":10},{""year"":2026,""month"":6,""searchVolume"":10},{""year"":2026,""month"":5,""searchVolume"":20},{""year"":2026,""month"":4,""searchVolume"":20},{""year"":2026,""month"":3,""searchVolume"":10},{""year"":2026,""month"":2,""searchVolume"":20},{""year"":2026,""month"":1,""searchVolume"":30},{""year"":2025,""month"":12,""searchVolume"":20},{""year"":2025,""month"":11,""searchVolume"":20},{""year"":2025,""month"":10,""searchVolume"":40},{""year"":2025,""month"":9,""searchVolume"":30},{""year"":2025,""month"":8,""searchVolume"":40}]"
lékař online,related,false,vzp doktor online,20,24,,0.03,navigational,"[{""year"":2026,""month"":7,""searchVolume"":10},{""year"":2026,""month"":6,""searchVolume"":10},{""year"":2026,""month"":5,""searchVolume"":10},{""year"":2026,""month"":4,""searchVolume"":20},{""year"":2026,""month"":3,""searchVolume"":20},{""year"":2026,""month"":2,""searchVolume"":20},{""year"":2026,""month"":1,""searchVolume"":10},{""year"":2025,""month"":12,""searchVolume"":20},{""year"":2025,""month"":11,""searchVolume"":20},{""year"":2025,""month"":10,""searchVolume"":40},{""year"":2025,""month"":9,""searchVolume"":40},{""year"":2025,""month"":8,""searchVolume"":40}]"
lékař online,related,false,nemoc podle příznaků,20,0,0.74,0.04,informational,"[{""year"":2026,""month"":7,""searchVolume"":10},{""year"":2026,""month"":6,""searchVolume"":10},{""year"":2026,""month"":5,""searchVolume"":20},{""year"":2026,""month"":4,""searchVolume"":20},{""year"":2026,""month"":3,""searchVolume"":30},{""year"":2026,""month"":2,""searchVolume"":30},{""year"":2026,""month"":1,""searchVolume"":30},{""year"":2025,""month"":12,""searchVolume"":40},{""year"":2025,""month"":11,""searchVolume"":40},{""year"":2025,""month"":10,""searchVolume"":30},{""year"":2025,""month"":9,""searchVolume"":20},{""year"":2025,""month"":8,""searchVolume"":10}]"
lékař online,related,false,domácí lékař online,20,,0.59,0.07,navigational,"[{""year"":2026,""month"":7,""searchVolume"":30},{""year"":2026,""month"":6,""searchVolume"":30},{""year"":2026,""month"":5,""searchVolume"":20},{""year"":2026,""month"":4,""searchVolume"":20},{""year"":2026,""month"":3,""searchVolume"":30},{""year"":2026,""month"":2,""searchVolume"":10},{""year"":2026,""month"":1,""searchVolume"":20},{""year"":2025,""month"":12,""searchVolume"":20},{""year"":2025,""month"":11,""searchVolume"":10},{""year"":2025,""month"":10,""searchVolume"":30},{""year"":2025,""month"":9,""searchVolume"":30},{""year"":2025,""month"":8,""searchVolume"":20}]"
lékař online,related,false,online lékařská poradna zdarma,10,29,0.55,0.18,informational,"[{""year"":2026,""month"":7,""searchVolume"":10},{""year"":2026,""month"":6,""searchVolume"":20},{""year"":2026,""month"":5,""searchVolume"":10},{""year"":2026,""month"":4,""searchVolume"":10},{""year"":2026,""month"":3,""searchVolume"":10},{""year"":2026,""month"":2,""searchVolume"":10},{""year"":2026,""month"":1,""searchVolume"":20},{""year"":2025,""month"":12,""searchVolume"":20},{""year"":2025,""month"":11,""searchVolume"":20},{""year"":2025,""month"":10,""searchVolume"":10},{""year"":2025,""month"":9,""searchVolume"":10},{""year"":2025,""month"":8,""searchVolume"":10}]"
lékař online,related,false,lékař na telefonu 205,10,,,0,informational,"[{""year"":2026,""month"":7,""searchVolume"":10},{""year"":2026,""month"":6,""searchVolume"":10},{""year"":2026,""month"":5,""searchVolume"":20},{""year"":2026,""month"":4,""searchVolume"":10},{""year"":2026,""month"":3,""searchVolume"":10},{""year"":2026,""month"":2,""searchVolume"":20},{""year"":2026,""month"":1,""searchVolume"":10},{""year"":2025,""month"":12,""searchVolume"":20},{""year"":2025,""month"":11,""searchVolume"":10},{""year"":2025,""month"":10,""searchVolume"":10},{""year"":2025,""month"":9,""searchVolume"":10},{""year"":2025,""month"":8,""searchVolume"":10}]"
lékař online,related,false,u lékaře dotaz,10,43,,0,informational,"[{""year"":2026,""month"":7,""searchVolume"":10},{""year"":2026,""month"":6,""searchVolume"":10},{""year"":2026,""month"":5,""searchVolume"":10},{""year"":2026,""month"":4,""searchVolume"":10},{""year"":2026,""month"":3,""searchVolume"":10},{""year"":2026,""month"":2,""searchVolume"":10},{""year"":2026,""month"":1,""searchVolume"":10},{""year"":2025,""month"":12,""searchVolume"":10},{""year"":2025,""month"":11,""searchVolume"":10},{""year"":2025,""month"":10,""searchVolume"":10},{""year"":2025,""month"":9,""searchVolume"":10},{""year"":2025,""month"":8,""searchVolume"":10}]"
lékař online,related,false,online poradna lékař zdarma,,14,,,informational,"[{""year"":2026,""month"":5,""searchVolume"":0},{""year"":2026,""month"":4,""searchVolume"":0},{""year"":2026,""month"":3,""searchVolume"":0},{""year"":2026,""month"":2,""searchVolume"":0},{""year"":2026,""month"":1,""searchVolume"":0},{""year"":2025,""month"":12,""searchVolume"":0},{""year"":2025,""month"":11,""searchVolume"":0},{""year"":2025,""month"":10,""searchVolume"":0},{""year"":2025,""month"":9,""searchVolume"":0},{""year"":2025,""month"":8,""searchVolume"":0},{""year"":2025,""month"":7,""searchVolume"":0},{""year"":2025,""month"":6,""searchVolume"":0}]"
lékař online,related,false,doktor online chat,,20,,,navigational,"[{""year"":2026,""month"":5,""searchVolume"":0},{""year"":2026,""month"":4,""searchVolume"":0},{""year"":2026,""month"":3,""searchVolume"":0},{""year"":2026,""month"":2,""searchVolume"":0},{""year"":2026,""month"":1,""searchVolume"":0},{""year"":2025,""month"":12,""searchVolume"":0},{""year"":2025,""month"":11,""searchVolume"":0},{""year"":2025,""month"":10,""searchVolume"":0},{""year"":2025,""month"":9,""searchVolume"":0},{""year"":2025,""month"":8,""searchVolume"":0},{""year"":2025,""month"":7,""searchVolume"":0},{""year"":2025,""month"":6,""searchVolume"":0}]"
lékař online,related,false,online poradna lékař zdarma vzp,,,,,transactional,"[{""year"":2026,""month"":7,""searchVolume"":0},{""year"":2026,""month"":6,""searchVolume"":0},{""year"":2026,""month"":5,""searchVolume"":0},{""year"":2026,""month"":4,""searchVolume"":0},{""year"":2026,""month"":3,""searchVolume"":0},{""year"":2026,""month"":2,""searchVolume"":0},{""year"":2026,""month"":1,""searchVolume"":0},{""year"":2025,""month"":12,""searchVolume"":0},{""year"":2025,""month"":11,""searchVolume"":0},{""year"":2025,""month"":10,""searchVolume"":0},{""year"":2025,""month"":9,""searchVolume"":0},{""year"":2025,""month"":8,""searchVolume"":0}]"
lékař online,related,false,online doktor,,13,,,informational,"[{""year"":2026,""month"":6,""searchVolume"":0},{""year"":2026,""month"":5,""searchVolume"":0},{""year"":2026,""month"":4,""searchVolume"":0},{""year"":2026,""month"":3,""searchVolume"":0},{""year"":2026,""month"":2,""searchVolume"":0},{""year"":2026,""month"":1,""searchVolume"":0},{""year"":2025,""month"":12,""searchVolume"":0},{""year"":2025,""month"":11,""searchVolume"":0},{""year"":2025,""month"":10,""searchVolume"":0},{""year"":2025,""month"":9,""searchVolume"":0},{""year"":2025,""month"":8,""searchVolume"":0},{""year"":2025,""month"":7,""searchVolume"":0}]"
lékař online,related,false,lékař online poradna,,15,,,navigational,"[{""year"":2026,""month"":6,""searchVolume"":0},{""year"":2026,""month"":5,""searchVolume"":0},{""year"":2026,""month"":4,""searchVolume"":0},{""year"":2026,""month"":3,""searchVolume"":0},{""year"":2026,""month"":2,""searchVolume"":0},{""year"":2026,""month"":1,""searchVolume"":0},{""year"":2025,""month"":12,""searchVolume"":0},{""year"":2025,""month"":11,""searchVolume"":0},{""year"":2025,""month"":10,""searchVolume"":0},{""year"":2025,""month"":9,""searchVolume"":0},{""year"":2025,""month"":8,""searchVolume"":0},{""year"":2025,""month"":7,""searchVolume"":0}]"
lékař online,related,false,doktor online diagnóza,,0,,,navigational,"[{""year"":2026,""month"":6,""searchVolume"":0},{""year"":2026,""month"":5,""searchVolume"":0},{""year"":2026,""month"":4,""searchVolume"":0},{""year"":2026,""month"":3,""searchVolume"":0},{""year"":2026,""month"":2,""searchVolume"":0},{""year"":2026,""month"":1,""searchVolume"":0},{""year"":2025,""month"":12,""searchVolume"":0},{""year"":2025,""month"":11,""searchVolume"":0},{""year"":2025,""month"":10,""searchVolume"":0},{""year"":2025,""month"":9,""searchVolume"":0},{""year"":2025,""month"":8,""searchVolume"":0},{""year"":2025,""month"":7,""searchVolume"":0}]"
lékař online,related,false,lékařská poradna po telefonu,,0,,,informational,"[{""year"":2026,""month"":6,""searchVolume"":0},{""year"":2026,""month"":5,""searchVolume"":0},{""year"":2026,""month"":4,""searchVolume"":0},{""year"":2026,""month"":3,""searchVolume"":0},{""year"":2026,""month"":2,""searchVolume"":0},{""year"":2026,""month"":1,""searchVolume"":0},{""year"":2025,""month"":12,""searchVolume"":0},{""year"":2025,""month"":11,""searchVolume"":0},{""year"":2025,""month"":10,""searchVolume"":0},{""year"":2025,""month"":9,""searchVolume"":0},{""year"":2025,""month"":8,""searchVolume"":0},{""year"":2025,""month"":7,""searchVolume"":0}]"
lékař online,related,false,dětský lékař online poradna zdarma,,,,,transactional,"[{""year"":2026,""month"":6,""searchVolume"":0},{""year"":2026,""month"":5,""searchVolume"":0},{""year"":2026,""month"":4,""searchVolume"":0},{""year"":2026,""month"":3,""searchVolume"":0},{""year"":2026,""month"":2,""searchVolume"":0},{""year"":2026,""month"":1,""searchVolume"":0},{""year"":2025,""month"":12,""searchVolume"":0},{""year"":2025,""month"":11,""searchVolume"":0},{""year"":2025,""month"":10,""searchVolume"":0},{""year"":2025,""month"":9,""searchVolume"":0},{""year"":2025,""month"":8,""searchVolume"":0},{""year"":2025,""month"":7,""searchVolume"":0}]"
lékař online,related,false,online doktor vzp,,,,,navigational,"[{""year"":2026,""month"":7,""searchVolume"":0},{""year"":2026,""month"":6,""searchVolume"":0},{""year"":2026,""month"":5,""searchVolume"":0},{""year"":2026,""month"":4,""searchVolume"":0},{""year"":2026,""month"":3,""searchVolume"":0},{""year"":2026,""month"":2,""searchVolume"":0},{""year"":2026,""month"":1,""searchVolume"":0},{""year"":2025,""month"":12,""searchVolume"":0},{""year"":2025,""month"":11,""searchVolume"":0},{""year"":2025,""month"":10,""searchVolume"":0},{""year"":2025,""month"":9,""searchVolume"":0},{""year"":2025,""month"":8,""searchVolume"":0}]"
lékař online,related,false,online doktor poradna,,39,,,navigational,"[{""year"":2026,""month"":6,""searchVolume"":0},{""year"":2026,""month"":5,""searchVolume"":0},{""year"":2026,""month"":4,""searchVolume"":0},{""year"":2026,""month"":3,""searchVolume"":0},{""year"":2026,""month"":2,""searchVolume"":0},{""year"":2026,""month"":1,""searchVolume"":0},{""year"":2025,""month"":12,""searchVolume"":0},{""year"":2025,""month"":11,""searchVolume"":0},{""year"":2025,""month"":10,""searchVolume"":0},{""year"":2025,""month"":9,""searchVolume"":0},{""year"":2025,""month"":8,""searchVolume"":0},{""year"":2025,""month"":7,""searchVolume"":0}]"
lékař online,related,false,lékař na telefonu vzp,,0,,,informational,"[{""year"":2026,""month"":5,""searchVolume"":0},{""year"":2026,""month"":4,""searchVolume"":0},{""year"":2026,""month"":3,""searchVolume"":0},{""year"":2026,""month"":2,""searchVolume"":0},{""year"":2026,""month"":1,""searchVolume"":0},{""year"":2025,""month"":12,""searchVolume"":0},{""year"":2025,""month"":11,""searchVolume"":0},{""year"":2025,""month"":10,""searchVolume"":0},{""year"":2025,""month"":9,""searchVolume"":0},{""year"":2025,""month"":8,""searchVolume"":0},{""year"":2025,""month"":7,""searchVolume"":0},{""year"":2025,""month"":6,""searchVolume"":0}]"
lékař online,related,false,vzp lékař na telefonu,,0,,,informational,"[{""year"":2026,""month"":6,""searchVolume"":0},{""year"":2026,""month"":5,""searchVolume"":0},{""year"":2026,""month"":4,""searchVolume"":0},{""year"":2026,""month"":3,""searchVolume"":0},{""year"":2026,""month"":2,""searchVolume"":0},{""year"":2026,""month"":1,""searchVolume"":0},{""year"":2025,""month"":12,""searchVolume"":0},{""year"":2025,""month"":11,""searchVolume"":0},{""year"":2025,""month"":10,""searchVolume"":0},{""year"":2025,""month"":9,""searchVolume"":0},{""year"":2025,""month"":8,""searchVolume"":0},{""year"":2025,""month"":7,""searchVolume"":0}]"
lékař online,related,false,konzultace s lékařem po telefonu,,,,,transactional,"[{""year"":2026,""month"":6,""searchVolume"":0},{""year"":2026,""month"":5,""searchVolume"":0},{""year"":2026,""month"":4,""searchVolume"":0},{""year"":2026,""month"":3,""searchVolume"":0},{""year"":2026,""month"":2,""searchVolume"":0},{""year"":2026,""month"":1,""searchVolume"":0},{""year"":2025,""month"":12,""searchVolume"":0},{""year"":2025,""month"":11,""searchVolume"":0},{""year"":2025,""month"":10,""searchVolume"":0},{""year"":2025,""month"":9,""searchVolume"":0},{""year"":2025,""month"":8,""searchVolume"":0},{""year"":2025,""month"":7,""searchVolume"":0}]"
lékař online,related,false,online doktor poradna zdarma,,39,,,informational,"[{""year"":2026,""month"":6,""searchVolume"":0},{""year"":2026,""month"":5,""searchVolume"":0},{""year"":2026,""month"":4,""searchVolume"":0},{""year"":2026,""month"":3,""searchVolume"":0},{""year"":2026,""month"":2,""searchVolume"":0},{""year"":2026,""month"":1,""searchVolume"":0},{""year"":2025,""month"":12,""searchVolume"":0},{""year"":2025,""month"":11,""searchVolume"":0},{""year"":2025,""month"":10,""searchVolume"":0},{""year"":2025,""month"":9,""searchVolume"":0},{""year"":2025,""month"":8,""searchVolume"":0},{""year"":2025,""month"":7,""searchVolume"":0}]"
lékař online,related,false,praktický lékař online,,5,,,commercial,"[{""year"":2026,""month"":5,""searchVolume"":0},{""year"":2026,""month"":4,""searchVolume"":0},{""year"":2026,""month"":3,""searchVolume"":0},{""year"":2026,""month"":2,""searchVolume"":0},{""year"":2026,""month"":1,""searchVolume"":0},{""year"":2025,""month"":12,""searchVolume"":0},{""year"":2025,""month"":11,""searchVolume"":0},{""year"":2025,""month"":10,""searchVolume"":0},{""year"":2025,""month"":9,""searchVolume"":0},{""year"":2025,""month"":8,""searchVolume"":0},{""year"":2025,""month"":7,""searchVolume"":0},{""year"":2025,""month"":6,""searchVolume"":0}]"
praktický lékař online,related,false,mediclinic brno,1000,0,2.35,0.06,navigational,"[{""year"":2026,""month"":7,""searchVolume"":880},{""year"":2026,""month"":6,""searchVolume"":880},{""year"":2026,""month"":5,""searchVolume"":880},{""year"":2026,""month"":4,""searchVolume"":1000},{""year"":2026,""month"":3,""searchVolume"":1300},{""year"":2026,""month"":2,""searchVolume"":1000},{""year"":2026,""month"":1,""searchVolume"":1300},{""year"":2025,""month"":12,""searchVolume"":880},{""year"":2025,""month"":11,""searchVolume"":1000},{""year"":2025,""month"":10,""searchVolume"":1000},{""year"":2025,""month"":9,""searchVolume"":1000},{""year"":2025,""month"":8,""searchVolume"":880}]"
praktický lékař online,related,false,lékař online,880,39,0.66,0.28,informational,"[{""year"":2026,""month"":7,""searchVolume"":720},{""year"":2026,""month"":6,""searchVolume"":880},{""year"":2026,""month"":5,""searchVolume"":720},{""year"":2026,""month"":4,""searchVolume"":880},{""year"":2026,""month"":3,""searchVolume"":880},{""year"":2026,""month"":2,""searchVolume"":880},{""year"":2026,""month"":1,""searchVolume"":1000},{""year"":2025,""month"":12,""searchVolume"":1000},{""year"":2025,""month"":11,""searchVolume"":880},{""year"":2025,""month"":10,""searchVolume"":880},{""year"":2025,""month"":9,""searchVolume"":880},{""year"":2025,""month"":8,""searchVolume"":1000}]"
praktický lékař online,related,false,online lékař,880,28,0.66,0.28,informational,"[{""year"":2026,""month"":7,""searchVolume"":720},{""year"":2026,""month"":6,""searchVolume"":880},{""year"":2026,""month"":5,""searchVolume"":720},{""year"":2026,""month"":4,""searchVolume"":880},{""year"":2026,""month"":3,""searchVolume"":880},{""year"":2026,""month"":2,""searchVolume"":880},{""year"":2026,""month"":1,""searchVolume"":1000},{""year"":2025,""month"":12,""searchVolume"":1000},{""year"":2025,""month"":11,""searchVolume"":880},{""year"":2025,""month"":10,""searchVolume"":880},{""year"":2025,""month"":9,""searchVolume"":880},{""year"":2025,""month"":8,""searchVolume"":1000}]"
praktický lékař online,related,false,lékař online 24 7,170,6,0.69,0.26,navigational,"[{""year"":2026,""month"":7,""searchVolume"":140},{""year"":2026,""month"":6,""searchVolume"":110},{""year"":2026,""month"":5,""searchVolume"":110},{""year"":2026,""month"":4,""searchVolume"":140},{""year"":2026,""month"":3,""searchVolume"":140},{""year"":2026,""month"":2,""searchVolume"":140},{""year"":2026,""month"":1,""searchVolume"":170},{""year"":2025,""month"":12,""searchVolume"":210},{""year"":2025,""month"":11,""searchVolume"":140},{""year"":2025,""month"":10,""searchVolume"":260},{""year"":2025,""month"":9,""searchVolume"":260},{""year"":2025,""month"":8,""searchVolume"":260}]"
praktický lékař online,related,false,doktor online chat zdarma,170,17,0.61,0.1,transactional,"[{""year"":2026,""month"":7,""searchVolume"":260},{""year"":2026,""month"":6,""searchVolume"":260},{""year"":2026,""month"":5,""searchVolume"":210},{""year"":2026,""month"":4,""searchVolume"":210},{""year"":2026,""month"":3,""searchVolume"":260},{""year"":2026,""month"":2,""searchVolume"":260},{""year"":2026,""month"":1,""searchVolume"":260},{""year"":2025,""month"":12,""searchVolume"":210},{""year"":2025,""month"":11,""searchVolume"":170},{""year"":2025,""month"":10,""searchVolume"":110},{""year"":2025,""month"":9,""searchVolume"":20},{""year"":2025,""month"":8,""searchVolume"":20}]"
praktický lékař online,related,false,lékař online 24/7,170,6,0.69,0.26,informational,"[{""year"":2026,""month"":7,""searchVolume"":140},{""year"":2026,""month"":6,""searchVolume"":110},{""year"":2026,""month"":5,""searchVolume"":110},{""year"":2026,""month"":4,""searchVolume"":140},{""year"":2026,""month"":3,""searchVolume"":140},{""year"":2026,""month"":2,""searchVolume"":140},{""year"":2026,""month"":1,""searchVolume"":170},{""year"":2025,""month"":12,""searchVolume"":210},{""year"":2025,""month"":11,""searchVolume"":140},{""year"":2025,""month"":10,""searchVolume"":260},{""year"":2025,""month"":9,""searchVolume"":260},{""year"":2025,""month"":8,""searchVolume"":260}]"
praktický lékař online,related,false,volný praktický lékař brno,140,0,0.64,0.15,informational,"[{""year"":2026,""month"":7,""searchVolume"":110},{""year"":2026,""month"":6,""searchVolume"":70},{""year"":2026,""month"":5,""searchVolume"":110},{""year"":2026,""month"":4,""searchVolume"":140},{""year"":2026,""month"":3,""searchVolume"":210},{""year"":2026,""month"":2,""searchVolume"":210},{""year"":2026,""month"":1,""searchVolume"":170},{""year"":2025,""month"":12,""searchVolume"":70},{""year"":2025,""month"":11,""searchVolume"":90},{""year"":2025,""month"":10,""searchVolume"":140},{""year"":2025,""month"":9,""searchVolume"":140},{""year"":2025,""month"":8,""searchVolume"":70}]"
praktický lékař online,related,false,lékaři online 24,110,6,0.75,0.35,informational,"[{""year"":2026,""month"":7,""searchVolume"":90},{""year"":2026,""month"":6,""searchVolume"":90},{""year"":2026,""month"":5,""searchVolume"":70},{""year"":2026,""month"":4,""searchVolume"":70},{""year"":2026,""month"":3,""searchVolume"":110},{""year"":2026,""month"":2,""searchVolume"":110},{""year"":2026,""month"":1,""searchVolume"":170},{""year"":2025,""month"":12,""searchVolume"":170},{""year"":2025,""month"":11,""searchVolume"":140},{""year"":2025,""month"":10,""searchVolume"":170},{""year"":2025,""month"":9,""searchVolume"":140},{""year"":2025,""month"":8,""searchVolume"":140}]"
praktický lékař online,related,false,lékař na telefonu nonstop,110,0,1.19,0.05,informational,"[{""year"":2026,""month"":7,""searchVolume"":90},{""year"":2026,""month"":6,""searchVolume"":70},{""year"":2026,""month"":5,""searchVolume"":70},{""year"":2026,""month"":4,""searchVolume"":90},{""year"":2026,""month"":3,""searchVolume"":140},{""year"":2026,""month"":2,""searchVolume"":110},{""year"":2026,""month"":1,""searchVolume"":110},{""year"":2025,""month"":12,""searchVolume"":170},{""year"":2025,""month"":11,""searchVolume"":110},{""year"":2025,""month"":10,""searchVolume"":140},{""year"":2025,""month"":9,""searchVolume"":170},{""year"":2025,""month"":8,""searchVolume"":140}]"
praktický lékař online,related,false,přijímáme nové pacienty praktický lékař brno,110,0,1.67,0.23,transactional,"[{""year"":2026,""month"":7,""searchVolume"":90},{""year"":2026,""month"":6,""searchVolume"":110},{""year"":2026,""month"":5,""searchVolume"":170},{""year"":2026,""month"":4,""searchVolume"":140},{""year"":2026,""month"":3,""searchVolume"":110},{""year"":2026,""month"":2,""searchVolume"":140},{""year"":2026,""month"":1,""searchVolume"":110},{""year"":2025,""month"":12,""searchVolume"":50},{""year"":2025,""month"":11,""searchVolume"":90},{""year"":2025,""month"":10,""searchVolume"":90},{""year"":2025,""month"":9,""searchVolume"":90},{""year"":2025,""month"":8,""searchVolume"":70}]"
praktický lékař online,related,false,kožní poradna online zdarma,110,0,0.92,0.18,informational,"[{""year"":2026,""month"":7,""searchVolume"":110},{""year"":2026,""month"":6,""searchVolume"":110},{""year"":2026,""month"":5,""searchVolume"":90},{""year"":2026,""month"":4,""searchVolume"":110},{""year"":2026,""month"":3,""searchVolume"":110},{""year"":2026,""month"":2,""searchVolume"":110},{""year"":2026,""month"":1,""searchVolume"":110},{""year"":2025,""month"":12,""searchVolume"":70},{""year"":2025,""month"":11,""searchVolume"":110},{""year"":2025,""month"":10,""searchVolume"":140},{""year"":2025,""month"":9,""searchVolume"":110},{""year"":2025,""month"":8,""searchVolume"":170}]"
praktický lékař online,related,false,lékařská poradna zdarma,90,11,0.97,0.1,informational,"[{""year"":2026,""month"":7,""searchVolume"":50},{""year"":2026,""month"":6,""searchVolume"":50},{""year"":2026,""month"":5,""searchVolume"":50},{""year"":2026,""month"":4,""searchVolume"":50},{""year"":2026,""month"":3,""searchVolume"":90},{""year"":2026,""month"":2,""searchVolume"":90},{""year"":2026,""month"":1,""searchVolume"":90},{""year"":2025,""month"":12,""searchVolume"":110},{""year"":2025,""month"":11,""searchVolume"":90},{""year"":2025,""month"":10,""searchVolume"":140},{""year"":2025,""month"":9,""searchVolume"":140},{""year"":2025,""month"":8,""searchVolume"":170}]"
praktický lékař online,related,false,přijímáme nové pacienty praktický lékař plzeň,90,0,0.63,0.3,transactional,"[{""year"":2026,""month"":7,""searchVolume"":140},{""year"":2026,""month"":6,""searchVolume"":90},{""year"":2026,""month"":5,""searchVolume"":110},{""year"":2026,""month"":4,""searchVolume"":110},{""year"":2026,""month"":3,""searchVolume"":210},{""year"":2026,""month"":2,""searchVolume"":110},{""year"":2026,""month"":1,""searchVolume"":140},{""year"":2025,""month"":12,""searchVolume"":70},{""year"":2025,""month"":11,""searchVolume"":50},{""year"":2025,""month"":10,""searchVolume"":50},{""year"":2025,""month"":9,""searchVolume"":40},{""year"":2025,""month"":8,""searchVolume"":40}]"
praktický lékař online,related,false,konzultace s lékařem online,90,4,0.91,0.36,transactional,"[{""year"":2026,""month"":7,""searchVolume"":70},{""year"":2026,""month"":6,""searchVolume"":90},{""year"":2026,""month"":5,""searchVolume"":90},{""year"":2026,""month"":4,""searchVolume"":70},{""year"":2026,""month"":3,""searchVolume"":90},{""year"":2026,""month"":2,""searchVolume"":90},{""year"":2026,""month"":1,""searchVolume"":110},{""year"":2025,""month"":12,""searchVolume"":140},{""year"":2025,""month"":11,""searchVolume"":110},{""year"":2025,""month"":10,""searchVolume"":110},{""year"":2025,""month"":9,""searchVolume"":110},{""year"":2025,""month"":8,""searchVolume"":110}]"
praktický lékař online,related,false,lékař na telefonu nonstop vzp,90,5,,0,informational,"[{""year"":2026,""month"":7,""searchVolume"":50},{""year"":2026,""month"":6,""searchVolume"":50},{""year"":2026,""month"":5,""searchVolume"":40},{""year"":2026,""month"":4,""searchVolume"":90},{""year"":2026,""month"":3,""searchVolume"":90},{""year"":2026,""month"":2,""searchVolume"":140},{""year"":2026,""month"":1,""searchVolume"":140},{""year"":2025,""month"":12,""searchVolume"":170},{""year"":2025,""month"":11,""searchVolume"":90},{""year"":2025,""month"":10,""searchVolume"":90},{""year"":2025,""month"":9,""searchVolume"":30},{""year"":2025,""month"":8,""searchVolume"":50}]"
praktický lékař online,related,false,doktor na telefonu,90,0,0.54,0.06,informational,"[{""year"":2026,""month"":7,""searchVolume"":70},{""year"":2026,""month"":6,""searchVolume"":70},{""year"":2026,""month"":5,""searchVolume"":70},{""year"":2026,""month"":4,""searchVolume"":90},{""year"":2026,""month"":3,""searchVolume"":90},{""year"":2026,""month"":2,""searchVolume"":90},{""year"":2026,""month"":1,""searchVolume"":90},{""year"":2025,""month"":12,""searchVolume"":140},{""year"":2025,""month"":11,""searchVolume"":70},{""year"":2025,""month"":10,""searchVolume"":70},{""year"":2025,""month"":9,""searchVolume"":90},{""year"":2025,""month"":8,""searchVolume"":90}]"
praktický lékař online,related,false,praktický lékař brno střed,90,0,1.19,0.27,navigational,"[{""year"":2026,""month"":7,""searchVolume"":90},{""year"":2026,""month"":6,""searchVolume"":70},{""year"":2026,""month"":5,""searchVolume"":70},{""year"":2026,""month"":4,""searchVolume"":110},{""year"":2026,""month"":3,""searchVolume"":90},{""year"":2026,""month"":2,""searchVolume"":110},{""year"":2026,""month"":1,""searchVolume"":90},{""year"":2025,""month"":12,""searchVolume"":50},{""year"":2025,""month"":11,""searchVolume"":90},{""year"":2025,""month"":10,""searchVolume"":110},{""year"":2025,""month"":9,""searchVolume"":110},{""year"":2025,""month"":8,""searchVolume"":70}]"
praktický lékař online,related,false,praktický lékař brno-střed,90,0,1.19,0.27,navigational,"[{""year"":2026,""month"":7,""searchVolume"":90},{""year"":2026,""month"":6,""searchVolume"":70},{""year"":2026,""month"":5,""searchVolume"":70},{""year"":2026,""month"":4,""searchVolume"":110},{""year"":2026,""month"":3,""searchVolume"":90},{""year"":2026,""month"":2,""searchVolume"":110},{""year"":2026,""month"":1,""searchVolume"":90},{""year"":2025,""month"":12,""searchVolume"":50},{""year"":2025,""month"":11,""searchVolume"":90},{""year"":2025,""month"":10,""searchVolume"":110},{""year"":2025,""month"":9,""searchVolume"":110},{""year"":2025,""month"":8,""searchVolume"":70}]"
praktický lékař online,related,false,přijímáme nové pacienty praktický lékař most,70,0,1.54,0.01,transactional,"[{""year"":2026,""month"":7,""searchVolume"":50},{""year"":2026,""month"":6,""searchVolume"":70},{""year"":2026,""month"":5,""searchVolume"":90},{""year"":2026,""month"":4,""searchVolume"":70},{""year"":2026,""month"":3,""searchVolume"":110},{""year"":2026,""month"":2,""searchVolume"":40},{""year"":2026,""month"":1,""searchVolume"":90},{""year"":2025,""month"":12,""searchVolume"":70},{""year"":2025,""month"":11,""searchVolume"":70},{""year"":2025,""month"":10,""searchVolume"":70},{""year"":2025,""month"":9,""searchVolume"":90},{""year"":2025,""month"":8,""searchVolume"":40}]"
praktický lékař online,related,false,mediclinic brno praktický lékař,70,1,1.26,0.06,navigational,"[{""year"":2026,""month"":7,""searchVolume"":70},{""year"":2026,""month"":6,""searchVolume"":40},{""year"":2026,""month"":5,""searchVolume"":70},{""year"":2026,""month"":4,""searchVolume"":90},{""year"":2026,""month"":3,""searchVolume"":110},{""year"":2026,""month"":2,""searchVolume"":50},{""year"":2026,""month"":1,""searchVolume"":90},{""year"":2025,""month"":12,""searchVolume"":50},{""year"":2025,""month"":11,""searchVolume"":70},{""year"":2025,""month"":10,""searchVolume"":70},{""year"":2025,""month"":9,""searchVolume"":70},{""year"":2025,""month"":8,""searchVolume"":70}]"
praktický lékař online,related,false,mediclinic recenze,70,0,,0,navigational,"[{""year"":2026,""month"":7,""searchVolume"":50},{""year"":2026,""month"":6,""searchVolume"":40},{""year"":2026,""month"":5,""searchVolume"":40},{""year"":2026,""month"":4,""searchVolume"":70},{""year"":2026,""month"":3,""searchVolume"":90},{""year"":2026,""month"":2,""searchVolume"":70},{""year"":2026,""month"":1,""searchVolume"":70},{""year"":2025,""month"":12,""searchVolume"":50},{""year"":2025,""month"":11,""searchVolume"":70},{""year"":2025,""month"":10,""searchVolume"":70},{""year"":2025,""month"":9,""searchVolume"":70},{""year"":2025,""month"":8,""searchVolume"":70}]"
praktický lékař online,related,false,lékařská poradna nonstop,50,0,1.48,0.1,informational,"[{""year"":2026,""month"":7,""searchVolume"":40},{""year"":2026,""month"":6,""searchVolume"":20},{""year"":2026,""month"":5,""searchVolume"":30},{""year"":2026,""month"":4,""searchVolume"":40},{""year"":2026,""month"":3,""searchVolume"":50},{""year"":2026,""month"":2,""searchVolume"":40},{""year"":2026,""month"":1,""searchVolume"":90},{""year"":2025,""month"":12,""searchVolume"":70},{""year"":2025,""month"":11,""searchVolume"":50},{""year"":2025,""month"":10,""searchVolume"":90},{""year"":2025,""month"":9,""searchVolume"":90},{""year"":2025,""month"":8,""searchVolume"":90}]"
praktický lékař online,related,false,doktor online zdarma,50,22,0.47,0.2,informational,"[{""year"":2026,""month"":7,""searchVolume"":20},{""year"":2026,""month"":6,""searchVolume"":30},{""year"":2026,""month"":5,""searchVolume"":20},{""year"":2026,""month"":4,""searchVolume"":30},{""year"":2026,""month"":3,""searchVolume"":70},{""year"":2026,""month"":2,""searchVolume"":40},{""year"":2026,""month"":1,""searchVolume"":50},{""year"":2025,""month"":12,""searchVolume"":70},{""year"":2025,""month"":11,""searchVolume"":50},{""year"":2025,""month"":10,""searchVolume"":90},{""year"":2025,""month"":9,""searchVolume"":70},{""year"":2025,""month"":8,""searchVolume"":50}]"
praktický lékař online,related,false,praktický lékař nýřany,50,0,,0.03,navigational,"[{""year"":2026,""month"":7,""searchVolume"":50},{""year"":2026,""month"":6,""searchVolume"":70},{""year"":2026,""month"":5,""searchVolume"":50},{""year"":2026,""month"":4,""searchVolume"":30},{""year"":2026,""month"":3,""searchVolume"":90},{""year"":2026,""month"":2,""searchVolume"":50},{""year"":2026,""month"":1,""searchVolume"":90},{""year"":2025,""month"":12,""searchVolume"":50},{""year"":2025,""month"":11,""searchVolume"":50},{""year"":2025,""month"":10,""searchVolume"":50},{""year"":2025,""month"":9,""searchVolume"":70},{""year"":2025,""month"":8,""searchVolume"":50}]"
praktický lékař online,related,false,online doktor 24 7,50,,0.53,0.16,informational,"[{""year"":2026,""month"":7,""searchVolume"":30},{""year"":2026,""month"":6,""searchVolume"":20},{""year"":2026,""month"":5,""searchVolume"":40},{""year"":2026,""month"":4,""searchVolume"":30},{""year"":2026,""month"":3,""searchVolume"":30},{""year"":2026,""month"":2,""searchVolume"":50},{""year"":2026,""month"":1,""searchVolume"":50},{""year"":2025,""month"":12,""searchVolume"":90},{""year"":2025,""month"":11,""searchVolume"":30},{""year"":2025,""month"":10,""searchVolume"":70},{""year"":2025,""month"":9,""searchVolume"":70},{""year"":2025,""month"":8,""searchVolume"":50}]"
praktický lékař online,related,false,praktický lékař pro dospělé plzeň,40,,0.77,0.3,informational,"[{""year"":2026,""month"":7,""searchVolume"":40},{""year"":2026,""month"":6,""searchVolume"":40},{""year"":2026,""month"":5,""searchVolume"":40},{""year"":2026,""month"":4,""searchVolume"":30},{""year"":2026,""month"":3,""searchVolume"":50},{""year"":2026,""month"":2,""searchVolume"":50},{""year"":2026,""month"":1,""searchVolume"":50},{""year"":2025,""month"":12,""searchVolume"":10},{""year"":2025,""month"":11,""searchVolume"":20},{""year"":2025,""month"":10,""searchVolume"":40},{""year"":2025,""month"":9,""searchVolume"":40},{""year"":2025,""month"":8,""searchVolume"":20}]"
praktický lékař online,related,false,lékaři online poradna,30,,0.58,0.19,navigational,"[{""year"":2026,""month"":7,""searchVolume"":10},{""year"":2026,""month"":6,""searchVolume"":20},{""year"":2026,""month"":5,""searchVolume"":20},{""year"":2026,""month"":4,""searchVolume"":10},{""year"":2026,""month"":3,""searchVolume"":10},{""year"":2026,""month"":2,""searchVolume"":30},{""year"":2026,""month"":1,""searchVolume"":30},{""year"":2025,""month"":12,""searchVolume"":20},{""year"":2025,""month"":11,""searchVolume"":40},{""year"":2025,""month"":10,""searchVolume"":40},{""year"":2025,""month"":9,""searchVolume"":30},{""year"":2025,""month"":8,""searchVolume"":40}]"
praktický lékař online,related,false,co mi je podle příznaků,30,0,,0,informational,"[{""year"":2026,""month"":7,""searchVolume"":10},{""year"":2026,""month"":6,""searchVolume"":30},{""year"":2026,""month"":5,""searchVolume"":20},{""year"":2026,""month"":4,""searchVolume"":30},{""year"":2026,""month"":3,""searchVolume"":30},{""year"":2026,""month"":2,""searchVolume"":20},{""year"":2026,""month"":1,""searchVolume"":30},{""year"":2025,""month"":12,""searchVolume"":20},{""year"":2025,""month"":11,""searchVolume"":10},{""year"":2025,""month"":10,""searchVolume"":50},{""year"":2025,""month"":9,""searchVolume"":40},{""year"":2025,""month"":8,""searchVolume"":30}]"
praktický lékař online,related,false,lékař na telefonu 211,30,,,0.01,informational,"[{""year"":2026,""month"":7,""searchVolume"":20},{""year"":2026,""month"":6,""searchVolume"":20},{""year"":2026,""month"":5,""searchVolume"":20},{""year"":2026,""month"":4,""searchVolume"":20},{""year"":2026,""month"":3,""searchVolume"":30},{""year"":2026,""month"":2,""searchVolume"":30},{""year"":2026,""month"":1,""searchVolume"":30},{""year"":2025,""month"":12,""searchVolume"":40},{""year"":2025,""month"":11,""searchVolume"":30},{""year"":2025,""month"":10,""searchVolume"":20},{""year"":2025,""month"":9,""searchVolume"":20},{""year"":2025,""month"":8,""searchVolume"":20}]"
praktický lékař online,related,false,lékař online 24 7 euc,20,,,0.04,transactional,"[{""year"":2026,""month"":7,""searchVolume"":20},{""year"":2026,""month"":6,""searchVolume"":20},{""year"":2026,""month"":5,""searchVolume"":20},{""year"":2026,""month"":4,""searchVolume"":20},{""year"":2026,""month"":3,""searchVolume"":10},{""year"":2026,""month"":2,""searchVolume"":20},{""year"":2026,""month"":1,""searchVolume"":30},{""year"":2025,""month"":12,""searchVolume"":30},{""year"":2025,""month"":11,""searchVolume"":20},{""year"":2025,""month"":10,""searchVolume"":0},{""year"":2025,""month"":9,""searchVolume"":0},{""year"":2025,""month"":8,""searchVolume"":0}]"
praktický lékař online,related,false,lékařská poradna online,20,12,0.8,0.13,informational,"[{""year"":2026,""month"":7,""searchVolume"":20},{""year"":2026,""month"":6,""searchVolume"":20},{""year"":2026,""month"":5,""searchVolume"":30},{""year"":2026,""month"":4,""searchVolume"":20},{""year"":2026,""month"":3,""searchVolume"":30},{""year"":2026,""month"":2,""searchVolume"":20},{""year"":2026,""month"":1,""searchVolume"":20},{""year"":2025,""month"":12,""searchVolume"":20},{""year"":2025,""month"":11,""searchVolume"":30},{""year"":2025,""month"":10,""searchVolume"":20},{""year"":2025,""month"":9,""searchVolume"":20},{""year"":2025,""month"":8,""searchVolume"":30}]"
praktický lékař online,related,false,online diagnóza,20,1,,0.03,navigational,"[{""year"":2026,""month"":7,""searchVolume"":10},{""year"":2026,""month"":6,""searchVolume"":10},{""year"":2026,""month"":5,""searchVolume"":20},{""year"":2026,""month"":4,""searchVolume"":20},{""year"":2026,""month"":3,""searchVolume"":10},{""year"":2026,""month"":2,""searchVolume"":20},{""year"":2026,""month"":1,""searchVolume"":30},{""year"":2025,""month"":12,""searchVolume"":20},{""year"":2025,""month"":11,""searchVolume"":20},{""year"":2025,""month"":10,""searchVolume"":40},{""year"":2025,""month"":9,""searchVolume"":30},{""year"":2025,""month"":8,""searchVolume"":40}]"
praktický lékař online,related,false,vzp doktor online,20,24,,0.03,navigational,"[{""year"":2026,""month"":7,""searchVolume"":10},{""year"":2026,""month"":6,""searchVolume"":10},{""year"":2026,""month"":5,""searchVolume"":10},{""year"":2026,""month"":4,""searchVolume"":20},{""year"":2026,""month"":3,""searchVolume"":20},{""year"":2026,""month"":2,""searchVolume"":20},{""year"":2026,""month"":1,""searchVolume"":10},{""year"":2025,""month"":12,""searchVolume"":20},{""year"":2025,""month"":11,""searchVolume"":20},{""year"":2025,""month"":10,""searchVolume"":40},{""year"":2025,""month"":9,""searchVolume"":40},{""year"":2025,""month"":8,""searchVolume"":40}]"
praktický lékař online,related,false,nemoc podle příznaků,20,0,0.74,0.04,informational,"[{""year"":2026,""month"":7,""searchVolume"":10},{""year"":2026,""month"":6,""searchVolume"":10},{""year"":2026,""month"":5,""searchVolume"":20},{""year"":2026,""month"":4,""searchVolume"":20},{""year"":2026,""month"":3,""searchVolume"":30},{""year"":2026,""month"":2,""searchVolume"":30},{""year"":2026,""month"":1,""searchVolume"":30},{""year"":2025,""month"":12,""searchVolume"":40},{""year"":2025,""month"":11,""searchVolume"":40},{""year"":2025,""month"":10,""searchVolume"":30},{""year"":2025,""month"":9,""searchVolume"":20},{""year"":2025,""month"":8,""searchVolume"":10}]"
praktický lékař online,related,false,praktický lékař zlín jižní svahy,20,0,,0.13,navigational,"[{""year"":2026,""month"":7,""searchVolume"":10},{""year"":2026,""month"":6,""searchVolume"":10},{""year"":2026,""month"":5,""searchVolume"":30},{""year"":2026,""month"":4,""searchVolume"":20},{""year"":2026,""month"":3,""searchVolume"":30},{""year"":2026,""month"":2,""searchVolume"":30},{""year"":2026,""month"":1,""searchVolume"":20},{""year"":2025,""month"":12,""searchVolume"":20},{""year"":2025,""month"":11,""searchVolume"":20},{""year"":2025,""month"":10,""searchVolume"":30},{""year"":2025,""month"":9,""searchVolume"":30},{""year"":2025,""month"":8,""searchVolume"":30}]"
praktický lékař online,related,false,euc online lékař,20,,0.26,0.3,navigational,"[{""year"":2026,""month"":7,""searchVolume"":20},{""year"":2026,""month"":6,""searchVolume"":10},{""year"":2026,""month"":5,""searchVolume"":20},{""year"":2026,""month"":4,""searchVolume"":10},{""year"":2026,""month"":3,""searchVolume"":20},{""year"":2026,""month"":2,""searchVolume"":20},{""year"":2026,""month"":1,""searchVolume"":30},{""year"":2025,""month"":12,""searchVolume"":30},{""year"":2025,""month"":11,""searchVolume"":30},{""year"":2025,""month"":10,""searchVolume"":20},{""year"":2025,""month"":9,""searchVolume"":10},{""year"":2025,""month"":8,""searchVolume"":20}]"
praktický lékař online,related,false,online lékařská poradna zdarma,10,29,0.55,0.18,informational,"[{""year"":2026,""month"":7,""searchVolume"":10},{""year"":2026,""month"":6,""searchVolume"":20},{""year"":2026,""month"":5,""searchVolume"":10},{""year"":2026,""month"":4,""searchVolume"":10},{""year"":2026,""month"":3,""searchVolume"":10},{""year"":2026,""month"":2,""searchVolume"":10},{""year"":2026,""month"":1,""searchVolume"":20},{""year"":2025,""month"":12,""searchVolume"":20},{""year"":2025,""month"":11,""searchVolume"":20},{""year"":2025,""month"":10,""searchVolume"":10},{""year"":2025,""month"":9,""searchVolume"":10},{""year"":2025,""month"":8,""searchVolume"":10}]"
praktický lékař online,related,false,lékař na telefonu 205,10,,,0,informational,"[{""year"":2026,""month"":7,""searchVolume"":10},{""year"":2026,""month"":6,""searchVolume"":10},{""year"":2026,""month"":5,""searchVolume"":20},{""year"":2026,""month"":4,""searchVolume"":10},{""year"":2026,""month"":3,""searchVolume"":10},{""year"":2026,""month"":2,""searchVolume"":20},{""year"":2026,""month"":1,""searchVolume"":10},{""year"":2025,""month"":12,""searchVolume"":20},{""year"":2025,""month"":11,""searchVolume"":10},{""year"":2025,""month"":10,""searchVolume"":10},{""year"":2025,""month"":9,""searchVolume"":10},{""year"":2025,""month"":8,""searchVolume"":10}]"
praktický lékař online,related,false,praktický lékař zlín recenze,10,,,0.04,informational,"[{""year"":2026,""month"":7,""searchVolume"":10},{""year"":2026,""month"":6,""searchVolume"":10},{""year"":2026,""month"":5,""searchVolume"":30},{""year"":2026,""month"":4,""searchVolume"":10},{""year"":2026,""month"":3,""searchVolume"":10},{""year"":2026,""month"":2,""searchVolume"":20},{""year"":2026,""month"":1,""searchVolume"":10},{""year"":2025,""month"":12,""searchVolume"":10},{""year"":2025,""month"":11,""searchVolume"":10},{""year"":2025,""month"":10,""searchVolume"":10},{""year"":2025,""month"":9,""searchVolume"":10},{""year"":2025,""month"":8,""searchVolume"":10}]"
praktický lékař online,related,false,praktický lékař online,,5,,,commercial,"[{""year"":2026,""month"":5,""searchVolume"":0},{""year"":2026,""month"":4,""searchVolume"":0},{""year"":2026,""month"":3,""searchVolume"":0},{""year"":2026,""month"":2,""searchVolume"":0},{""year"":2026,""month"":1,""searchVolume"":0},{""year"":2025,""month"":12,""searchVolume"":0},{""year"":2025,""month"":11,""searchVolume"":0},{""year"":2025,""month"":10,""searchVolume"":0},{""year"":2025,""month"":9,""searchVolume"":0},{""year"":2025,""month"":8,""searchVolume"":0},{""year"":2025,""month"":7,""searchVolume"":0},{""year"":2025,""month"":6,""searchVolume"":0}]"
praktický lékař online,related,false,online poradna lékař zdarma,,14,,,informational,"[{""year"":2026,""month"":5,""searchVolume"":0},{""year"":2026,""month"":4,""searchVolume"":0},{""year"":2026,""month"":3,""searchVolume"":0},{""year"":2026,""month"":2,""searchVolume"":0},{""year"":2026,""month"":1,""searchVolume"":0},{""year"":2025,""month"":12,""searchVolume"":0},{""year"":2025,""month"":11,""searchVolume"":0},{""year"":2025,""month"":10,""searchVolume"":0},{""year"":2025,""month"":9,""searchVolume"":0},{""year"":2025,""month"":8,""searchVolume"":0},{""year"":2025,""month"":7,""searchVolume"":0},{""year"":2025,""month"":6,""searchVolume"":0}]"
praktický lékař online,related,false,přijímáme nové pacienty praktický lékař,,0,,,transactional,"[{""year"":2026,""month"":6,""searchVolume"":0},{""year"":2026,""month"":5,""searchVolume"":0},{""year"":2026,""month"":4,""searchVolume"":0},{""year"":2026,""month"":3,""searchVolume"":0},{""year"":2026,""month"":2,""searchVolume"":0},{""year"":2026,""month"":1,""searchVolume"":0},{""year"":2025,""month"":12,""searchVolume"":0},{""year"":2025,""month"":11,""searchVolume"":0},{""year"":2025,""month"":10,""searchVolume"":0},{""year"":2025,""month"":9,""searchVolume"":0},{""year"":2025,""month"":8,""searchVolume"":0},{""year"":2025,""month"":7,""searchVolume"":0}]"
praktický lékař online,related,false,volný praktický lékař,,6,,,informational,"[{""year"":2026,""month"":5,""searchVolume"":0},{""year"":2026,""month"":4,""searchVolume"":0},{""year"":2026,""month"":3,""searchVolume"":0},{""year"":2026,""month"":2,""searchVolume"":0},{""year"":2026,""month"":1,""searchVolume"":0},{""year"":2025,""month"":12,""searchVolume"":0},{""year"":2025,""month"":11,""searchVolume"":0},{""year"":2025,""month"":10,""searchVolume"":0},{""year"":2025,""month"":9,""searchVolume"":0},{""year"":2025,""month"":8,""searchVolume"":0},{""year"":2025,""month"":7,""searchVolume"":0},{""year"":2025,""month"":6,""searchVolume"":0}]"
praktický lékař online,related,false,praktický lékař,,28,,,informational,"[{""year"":2026,""month"":5,""searchVolume"":0},{""year"":2026,""month"":4,""searchVolume"":0},{""year"":2026,""month"":3,""searchVolume"":0},{""year"":2026,""month"":2,""searchVolume"":0},{""year"":2026,""month"":1,""searchVolume"":0},{""year"":2025,""month"":12,""searchVolume"":0},{""year"":2025,""month"":11,""searchVolume"":0},{""year"":2025,""month"":10,""searchVolume"":0},{""year"":2025,""month"":9,""searchVolume"":0},{""year"":2025,""month"":8,""searchVolume"":0},{""year"":2025,""month"":7,""searchVolume"":0},{""year"":2025,""month"":6,""searchVolume"":0}]"
praktický lékař online,related,false,doktor online chat,,20,,,navigational,"[{""year"":2026,""month"":5,""searchVolume"":0},{""year"":2026,""month"":4,""searchVolume"":0},{""year"":2026,""month"":3,""searchVolume"":0},{""year"":2026,""month"":2,""searchVolume"":0},{""year"":2026,""month"":1,""searchVolume"":0},{""year"":2025,""month"":12,""searchVolume"":0},{""year"":2025,""month"":11,""searchVolume"":0},{""year"":2025,""month"":10,""searchVolume"":0},{""year"":2025,""month"":9,""searchVolume"":0},{""year"":2025,""month"":8,""searchVolume"":0},{""year"":2025,""month"":7,""searchVolume"":0},{""year"":2025,""month"":6,""searchVolume"":0}]"
praktický lékař online,related,false,praktický lékař pro dospělé,,0,,,informational,"[{""year"":2026,""month"":5,""searchVolume"":0},{""year"":2026,""month"":4,""searchVolume"":0},{""year"":2026,""month"":3,""searchVolume"":0},{""year"":2026,""month"":2,""searchVolume"":0},{""year"":2026,""month"":1,""searchVolume"":0},{""year"":2025,""month"":12,""searchVolume"":0},{""year"":2025,""month"":11,""searchVolume"":0},{""year"":2025,""month"":10,""searchVolume"":0},{""year"":2025,""month"":9,""searchVolume"":0},{""year"":2025,""month"":8,""searchVolume"":0},{""year"":2025,""month"":7,""searchVolume"":0},{""year"":2025,""month"":6,""searchVolume"":0}]"
praktický lékař online,related,false,praktický lékař praha,,6,,,navigational,"[{""year"":2026,""month"":6,""searchVolume"":0},{""year"":2026,""month"":5,""searchVolume"":0},{""year"":2026,""month"":4,""searchVolume"":0},{""year"":2026,""month"":3,""searchVolume"":0},{""year"":2026,""month"":2,""searchVolume"":0},{""year"":2026,""month"":1,""searchVolume"":0},{""year"":2025,""month"":12,""searchVolume"":0},{""year"":2025,""month"":11,""searchVolume"":0},{""year"":2025,""month"":10,""searchVolume"":0},{""year"":2025,""month"":9,""searchVolume"":0},{""year"":2025,""month"":8,""searchVolume"":0},{""year"":2025,""month"":7,""searchVolume"":0}]"
praktický lékař online,related,false,doktor online diagnóza,,0,,,navigational,"[{""year"":2026,""month"":6,""searchVolume"":0},{""year"":2026,""month"":5,""searchVolume"":0},{""year"":2026,""month"":4,""searchVolume"":0},{""year"":2026,""month"":3,""searchVolume"":0},{""year"":2026,""month"":2,""searchVolume"":0},{""year"":2026,""month"":1,""searchVolume"":0},{""year"":2025,""month"":12,""searchVolume"":0},{""year"":2025,""month"":11,""searchVolume"":0},{""year"":2025,""month"":10,""searchVolume"":0},{""year"":2025,""month"":9,""searchVolume"":0},{""year"":2025,""month"":8,""searchVolume"":0},{""year"":2025,""month"":7,""searchVolume"":0}]"
praktický lékař online,related,false,lékařská poradna po telefonu,,0,,,informational,"[{""year"":2026,""month"":6,""searchVolume"":0},{""year"":2026,""month"":5,""searchVolume"":0},{""year"":2026,""month"":4,""searchVolume"":0},{""year"":2026,""month"":3,""searchVolume"":0},{""year"":2026,""month"":2,""searchVolume"":0},{""year"":2026,""month"":1,""searchVolume"":0},{""year"":2025,""month"":12,""searchVolume"":0},{""year"":2025,""month"":11,""searchVolume"":0},{""year"":2025,""month"":10,""searchVolume"":0},{""year"":2025,""month"":9,""searchVolume"":0},{""year"":2025,""month"":8,""searchVolume"":0},{""year"":2025,""month"":7,""searchVolume"":0}]"
praktický lékař online,related,false,dětský lékař online poradna zdarma,,,,,transactional,"[{""year"":2026,""month"":6,""searchVolume"":0},{""year"":2026,""month"":5,""searchVolume"":0},{""year"":2026,""month"":4,""searchVolume"":0},{""year"":2026,""month"":3,""searchVolume"":0},{""year"":2026,""month"":2,""searchVolume"":0},{""year"":2026,""month"":1,""searchVolume"":0},{""year"":2025,""month"":12,""searchVolume"":0},{""year"":2025,""month"":11,""searchVolume"":0},{""year"":2025,""month"":10,""searchVolume"":0},{""year"":2025,""month"":9,""searchVolume"":0},{""year"":2025,""month"":8,""searchVolume"":0},{""year"":2025,""month"":7,""searchVolume"":0}]"
praktický lékař online,related,false,přijímáme nové pacienty praktický lékař praha,,0,,,transactional,"[{""year"":2026,""month"":6,""searchVolume"":0},{""year"":2026,""month"":5,""searchVolume"":0},{""year"":2026,""month"":4,""searchVolume"":0},{""year"":2026,""month"":3,""searchVolume"":0},{""year"":2026,""month"":2,""searchVolume"":0},{""year"":2026,""month"":1,""searchVolume"":0},{""year"":2025,""month"":12,""searchVolume"":0},{""year"":2025,""month"":11,""searchVolume"":0},{""year"":2025,""month"":10,""searchVolume"":0},{""year"":2025,""month"":9,""searchVolume"":0},{""year"":2025,""month"":8,""searchVolume"":0},{""year"":2025,""month"":7,""searchVolume"":0}]"
praktický lékař online,related,false,praktický lékař brno příjem nových pacientů,,0,,,navigational,"[{""year"":2026,""month"":5,""searchVolume"":0},{""year"":2026,""month"":4,""searchVolume"":0},{""year"":2026,""month"":3,""searchVolume"":0},{""year"":2026,""month"":2,""searchVolume"":0},{""year"":2026,""month"":1,""searchVolume"":0},{""year"":2025,""month"":12,""searchVolume"":0},{""year"":2025,""month"":11,""searchVolume"":0},{""year"":2025,""month"":10,""searchVolume"":0},{""year"":2025,""month"":9,""searchVolume"":0},{""year"":2025,""month"":8,""searchVolume"":0},{""year"":2025,""month"":7,""searchVolume"":0},{""year"":2025,""month"":6,""searchVolume"":0}]"
praktický lékař online,related,false,praktický lékař zlín příjem nových pacientů,,0,,,navigational,"[{""year"":2026,""month"":5,""searchVolume"":0},{""year"":2026,""month"":4,""searchVolume"":0},{""year"":2026,""month"":3,""searchVolume"":0},{""year"":2026,""month"":2,""searchVolume"":0},{""year"":2026,""month"":1,""searchVolume"":0},{""year"":2025,""month"":12,""searchVolume"":0},{""year"":2025,""month"":11,""searchVolume"":0},{""year"":2025,""month"":10,""searchVolume"":0},{""year"":2025,""month"":9,""searchVolume"":0},{""year"":2025,""month"":8,""searchVolume"":0},{""year"":2025,""month"":7,""searchVolume"":0},{""year"":2025,""month"":6,""searchVolume"":0}]"
praktický lékař online,related,false,online poradna lékař zdarma vzp,,,,,transactional,"[{""year"":2026,""month"":7,""searchVolume"":0},{""year"":2026,""month"":6,""searchVolume"":0},{""year"":2026,""month"":5,""searchVolume"":0},{""year"":2026,""month"":4,""searchVolume"":0},{""year"":2026,""month"":3,""searchVolume"":0},{""year"":2026,""month"":2,""searchVolume"":0},{""year"":2026,""month"":1,""searchVolume"":0},{""year"":2025,""month"":12,""searchVolume"":0},{""year"":2025,""month"":11,""searchVolume"":0},{""year"":2025,""month"":10,""searchVolume"":0},{""year"":2025,""month"":9,""searchVolume"":0},{""year"":2025,""month"":8,""searchVolume"":0}]"
praktický lékař online,related,false,online doktor,,13,,,informational,"[{""year"":2026,""month"":6,""searchVolume"":0},{""year"":2026,""month"":5,""searchVolume"":0},{""year"":2026,""month"":4,""searchVolume"":0},{""year"":2026,""month"":3,""searchVolume"":0},{""year"":2026,""month"":2,""searchVolume"":0},{""year"":2026,""month"":1,""searchVolume"":0},{""year"":2025,""month"":12,""searchVolume"":0},{""year"":2025,""month"":11,""searchVolume"":0},{""year"":2025,""month"":10,""searchVolume"":0},{""year"":2025,""month"":9,""searchVolume"":0},{""year"":2025,""month"":8,""searchVolume"":0},{""year"":2025,""month"":7,""searchVolume"":0}]"
praktický lékař online,related,false,lékař online poradna,,15,,,navigational,"[{""year"":2026,""month"":6,""searchVolume"":0},{""year"":2026,""month"":5,""searchVolume"":0},{""year"":2026,""month"":4,""searchVolume"":0},{""year"":2026,""month"":3,""searchVolume"":0},{""year"":2026,""month"":2,""searchVolume"":0},{""year"":2026,""month"":1,""searchVolume"":0},{""year"":2025,""month"":12,""searchVolume"":0},{""year"":2025,""month"":11,""searchVolume"":0},{""year"":2025,""month"":10,""searchVolume"":0},{""year"":2025,""month"":9,""searchVolume"":0},{""year"":2025,""month"":8,""searchVolume"":0},{""year"":2025,""month"":7,""searchVolume"":0}]"
praktický lékař online,related,false,mediclinic praktický lékař,,0,,,navigational,"[{""year"":2026,""month"":5,""searchVolume"":0},{""year"":2026,""month"":4,""searchVolume"":0},{""year"":2026,""month"":3,""searchVolume"":0},{""year"":2026,""month"":2,""searchVolume"":0},{""year"":2026,""month"":1,""searchVolume"":0},{""year"":2025,""month"":12,""searchVolume"":0},{""year"":2025,""month"":11,""searchVolume"":0},{""year"":2025,""month"":10,""searchVolume"":0},{""year"":2025,""month"":9,""searchVolume"":0},{""year"":2025,""month"":8,""searchVolume"":0},{""year"":2025,""month"":7,""searchVolume"":0},{""year"":2025,""month"":6,""searchVolume"":0}]"
praktický lékař online,related,false,praktický lékař brno,,0,,,navigational,"[{""year"":2026,""month"":5,""searchVolume"":0},{""year"":2026,""month"":4,""searchVolume"":0},{""year"":2026,""month"":3,""searchVolume"":0},{""year"":2026,""month"":2,""searchVolume"":0},{""year"":2026,""month"":1,""searchVolume"":0},{""year"":2025,""month"":12,""searchVolume"":0},{""year"":2025,""month"":11,""searchVolume"":0},{""year"":2025,""month"":10,""searchVolume"":0},{""year"":2025,""month"":9,""searchVolume"":0},{""year"":2025,""month"":8,""searchVolume"":0},{""year"":2025,""month"":7,""searchVolume"":0},{""year"":2025,""month"":6,""searchVolume"":0}]"
praktický lékař online,related,false,praktický lékař praha 4,,0,,,navigational,"[{""year"":2026,""month"":6,""searchVolume"":0},{""year"":2026,""month"":5,""searchVolume"":0},{""year"":2026,""month"":4,""searchVolume"":0},{""year"":2026,""month"":3,""searchVolume"":0},{""year"":2026,""month"":2,""searchVolume"":0},{""year"":2026,""month"":1,""searchVolume"":0},{""year"":2025,""month"":12,""searchVolume"":0},{""year"":2025,""month"":11,""searchVolume"":0},{""year"":2025,""month"":10,""searchVolume"":0},{""year"":2025,""month"":9,""searchVolume"":0},{""year"":2025,""month"":8,""searchVolume"":0},{""year"":2025,""month"":7,""searchVolume"":0}]"
praktický lékař online,related,false,praktický lékař pro dospělé praha,,,,,navigational,"[{""year"":2026,""month"":5,""searchVolume"":0},{""year"":2026,""month"":4,""searchVolume"":0},{""year"":2026,""month"":3,""searchVolume"":0},{""year"":2026,""month"":2,""searchVolume"":0},{""year"":2026,""month"":1,""searchVolume"":0},{""year"":2025,""month"":12,""searchVolume"":0},{""year"":2025,""month"":11,""searchVolume"":0},{""year"":2025,""month"":10,""searchVolume"":0},{""year"":2025,""month"":9,""searchVolume"":0},{""year"":2025,""month"":8,""searchVolume"":0},{""year"":2025,""month"":7,""searchVolume"":0},{""year"":2025,""month"":6,""searchVolume"":0}]"
praktický lékař online,related,false,praktický lékař pro dospělé brno,,,,,informational,"[{""year"":2026,""month"":5,""searchVolume"":0},{""year"":2026,""month"":4,""searchVolume"":0},{""year"":2026,""month"":3,""searchVolume"":0},{""year"":2026,""month"":2,""searchVolume"":0},{""year"":2026,""month"":1,""searchVolume"":0},{""year"":2025,""month"":12,""searchVolume"":0},{""year"":2025,""month"":11,""searchVolume"":0},{""year"":2025,""month"":10,""searchVolume"":0},{""year"":2025,""month"":9,""searchVolume"":0},{""year"":2025,""month"":8,""searchVolume"":0},{""year"":2025,""month"":7,""searchVolume"":0},{""year"":2025,""month"":6,""searchVolume"":0}]"
praktický lékař online,related,false,praktický lékař praha příjem nových pacientů,,0,,,navigational,"[{""year"":2026,""month"":5,""searchVolume"":0},{""year"":2026,""month"":4,""searchVolume"":0},{""year"":2026,""month"":3,""searchVolume"":0},{""year"":2026,""month"":2,""searchVolume"":0},{""year"":2026,""month"":1,""searchVolume"":0},{""year"":2025,""month"":12,""searchVolume"":0},{""year"":2025,""month"":11,""searchVolume"":0},{""year"":2025,""month"":10,""searchVolume"":0},{""year"":2025,""month"":9,""searchVolume"":0},{""year"":2025,""month"":8,""searchVolume"":0},{""year"":2025,""month"":7,""searchVolume"":0},{""year"":2025,""month"":6,""searchVolume"":0}]"
praktický lékař online,related,false,praktický lékař praha 5,,0,,,navigational,"[{""year"":2026,""month"":6,""searchVolume"":0},{""year"":2026,""month"":5,""searchVolume"":0},{""year"":2026,""month"":4,""searchVolume"":0},{""year"":2026,""month"":3,""searchVolume"":0},{""year"":2026,""month"":2,""searchVolume"":0},{""year"":2026,""month"":1,""searchVolume"":0},{""year"":2025,""month"":12,""searchVolume"":0},{""year"":2025,""month"":11,""searchVolume"":0},{""year"":2025,""month"":10,""searchVolume"":0},{""year"":2025,""month"":9,""searchVolume"":0},{""year"":2025,""month"":8,""searchVolume"":0},{""year"":2025,""month"":7,""searchVolume"":0}]"
praktický lékař online,related,false,praktický lékař praha 2,,8,,,navigational,"[{""year"":2026,""month"":5,""searchVolume"":0},{""year"":2026,""month"":4,""searchVolume"":0},{""year"":2026,""month"":3,""searchVolume"":0},{""year"":2026,""month"":2,""searchVolume"":0},{""year"":2026,""month"":1,""searchVolume"":0},{""year"":2025,""month"":12,""searchVolume"":0},{""year"":2025,""month"":11,""searchVolume"":0},{""year"":2025,""month"":10,""searchVolume"":0},{""year"":2025,""month"":9,""searchVolume"":0},{""year"":2025,""month"":8,""searchVolume"":0},{""year"":2025,""month"":7,""searchVolume"":0},{""year"":2025,""month"":6,""searchVolume"":0}]"
praktický lékař online,related,false,lékař na telefonu vzp,,0,,,informational,"[{""year"":2026,""month"":5,""searchVolume"":0},{""year"":2026,""month"":4,""searchVolume"":0},{""year"":2026,""month"":3,""searchVolume"":0},{""year"":2026,""month"":2,""searchVolume"":0},{""year"":2026,""month"":1,""searchVolume"":0},{""year"":2025,""month"":12,""searchVolume"":0},{""year"":2025,""month"":11,""searchVolume"":0},{""year"":2025,""month"":10,""searchVolume"":0},{""year"":2025,""month"":9,""searchVolume"":0},{""year"":2025,""month"":8,""searchVolume"":0},{""year"":2025,""month"":7,""searchVolume"":0},{""year"":2025,""month"":6,""searchVolume"":0}]"
praktický lékař online,related,false,vzp lékař na telefonu,,0,,,informational,"[{""year"":2026,""month"":6,""searchVolume"":0},{""year"":2026,""month"":5,""searchVolume"":0},{""year"":2026,""month"":4,""searchVolume"":0},{""year"":2026,""month"":3,""searchVolume"":0},{""year"":2026,""month"":2,""searchVolume"":0},{""year"":2026,""month"":1,""searchVolume"":0},{""year"":2025,""month"":12,""searchVolume"":0},{""year"":2025,""month"":11,""searchVolume"":0},{""year"":2025,""month"":10,""searchVolume"":0},{""year"":2025,""month"":9,""searchVolume"":0},{""year"":2025,""month"":8,""searchVolume"":0},{""year"":2025,""month"":7,""searchVolume"":0}]"
praktický lékař online,related,false,přijímáme nové pacienty praktický lékař ostrava,,5,,,transactional,"[{""year"":2026,""month"":5,""searchVolume"":0},{""year"":2026,""month"":4,""searchVolume"":0},{""year"":2026,""month"":3,""searchVolume"":0},{""year"":2026,""month"":2,""searchVolume"":0},{""year"":2026,""month"":1,""searchVolume"":0},{""year"":2025,""month"":12,""searchVolume"":0},{""year"":2025,""month"":11,""searchVolume"":0},{""year"":2025,""month"":10,""searchVolume"":0},{""year"":2025,""month"":9,""searchVolume"":0},{""year"":2025,""month"":8,""searchVolume"":0},{""year"":2025,""month"":7,""searchVolume"":0},{""year"":2025,""month"":6,""searchVolume"":0}]"
praktický lékař online,related,false,praktický lékař praha 4 příjem nových pacientů,,0,,,navigational,"[{""year"":2026,""month"":6,""searchVolume"":0},{""year"":2026,""month"":5,""searchVolume"":0},{""year"":2026,""month"":4,""searchVolume"":0},{""year"":2026,""month"":3,""searchVolume"":0},{""year"":2026,""month"":2,""searchVolume"":0},{""year"":2026,""month"":1,""searchVolume"":0},{""year"":2025,""month"":12,""searchVolume"":0},{""year"":2025,""month"":11,""searchVolume"":0},{""year"":2025,""month"":10,""searchVolume"":0},{""year"":2025,""month"":9,""searchVolume"":0},{""year"":2025,""month"":8,""searchVolume"":0},{""year"":2025,""month"":7,""searchVolume"":0}]"
praktický lékař online,related,false,volný praktický lékař most,,40,,,navigational,"[{""year"":2026,""month"":5,""searchVolume"":0},{""year"":2026,""month"":4,""searchVolume"":0},{""year"":2026,""month"":3,""searchVolume"":0},{""year"":2026,""month"":2,""searchVolume"":0},{""year"":2026,""month"":1,""searchVolume"":0},{""year"":2025,""month"":12,""searchVolume"":0},{""year"":2025,""month"":11,""searchVolume"":0},{""year"":2025,""month"":10,""searchVolume"":0},{""year"":2025,""month"":9,""searchVolume"":0},{""year"":2025,""month"":8,""searchVolume"":0},{""year"":2025,""month"":7,""searchVolume"":0},{""year"":2025,""month"":6,""searchVolume"":0}]"
praktický lékař online,related,false,praktický lékař most topolová,,0,,,navigational,"[{""year"":2026,""month"":6,""searchVolume"":0},{""year"":2026,""month"":5,""searchVolume"":0},{""year"":2026,""month"":4,""searchVolume"":0},{""year"":2026,""month"":3,""searchVolume"":0},{""year"":2026,""month"":2,""searchVolume"":0},{""year"":2026,""month"":1,""searchVolume"":0},{""year"":2025,""month"":12,""searchVolume"":0},{""year"":2025,""month"":11,""searchVolume"":0},{""year"":2025,""month"":10,""searchVolume"":0},{""year"":2025,""month"":9,""searchVolume"":0},{""year"":2025,""month"":8,""searchVolume"":0},{""year"":2025,""month"":7,""searchVolume"":0}]"
praktický lékař online,related,false,praktický lékař most kahan,,,,,informational,"[{""year"":2026,""month"":7,""searchVolume"":0},{""year"":2026,""month"":6,""searchVolume"":0},{""year"":2026,""month"":5,""searchVolume"":0},{""year"":2026,""month"":4,""searchVolume"":0},{""year"":2026,""month"":3,""searchVolume"":0},{""year"":2026,""month"":2,""searchVolume"":0},{""year"":2026,""month"":1,""searchVolume"":0},{""year"":2025,""month"":12,""searchVolume"":0},{""year"":2025,""month"":11,""searchVolume"":0},{""year"":2025,""month"":10,""searchVolume"":0},{""year"":2025,""month"":9,""searchVolume"":0},{""year"":2025,""month"":8,""searchVolume"":0}]"
praktický lékař online,related,false,praktický lékař most topolová 1234,,,,,transactional,"[{""year"":2026,""month"":7,""searchVolume"":0},{""year"":2026,""month"":6,""searchVolume"":0},{""year"":2026,""month"":5,""searchVolume"":0},{""year"":2026,""month"":4,""searchVolume"":0},{""year"":2026,""month"":3,""searchVolume"":0},{""year"":2026,""month"":2,""searchVolume"":0},{""year"":2026,""month"":1,""searchVolume"":0},{""year"":2025,""month"":12,""searchVolume"":0},{""year"":2025,""month"":11,""searchVolume"":0},{""year"":2025,""month"":10,""searchVolume"":0},{""year"":2025,""month"":9,""searchVolume"":0},{""year"":2025,""month"":8,""searchVolume"":0}]"
praktický lékař online,related,false,praktický lékař most lipová,,,,,navigational,"[{""year"":2026,""month"":5,""searchVolume"":0},{""year"":2026,""month"":4,""searchVolume"":0},{""year"":2026,""month"":3,""searchVolume"":0},{""year"":2026,""month"":2,""searchVolume"":0},{""year"":2026,""month"":1,""searchVolume"":0},{""year"":2025,""month"":12,""searchVolume"":0},{""year"":2025,""month"":11,""searchVolume"":0},{""year"":2025,""month"":10,""searchVolume"":0},{""year"":2025,""month"":9,""searchVolume"":0},{""year"":2025,""month"":8,""searchVolume"":0},{""year"":2025,""month"":7,""searchVolume"":0},{""year"":2025,""month"":6,""searchVolume"":0}]"
praktický lékař online,related,false,přijímáme nové pacienty praktický lékař karlovy vary,,,,,transactional,"[{""year"":2026,""month"":6,""searchVolume"":0},{""year"":2026,""month"":5,""searchVolume"":0},{""year"":2026,""month"":4,""searchVolume"":0},{""year"":2026,""month"":3,""searchVolume"":0},{""year"":2026,""month"":2,""searchVolume"":0},{""year"":2026,""month"":1,""searchVolume"":0},{""year"":2025,""month"":12,""searchVolume"":0},{""year"":2025,""month"":11,""searchVolume"":0},{""year"":2025,""month"":10,""searchVolume"":0},{""year"":2025,""month"":9,""searchVolume"":0},{""year"":2025,""month"":8,""searchVolume"":0},{""year"":2025,""month"":7,""searchVolume"":0}]"
praktický lékař online,related,false,praktický lékař brno recenze,,,,,commercial,"[{""year"":2026,""month"":6,""searchVolume"":0},{""year"":2026,""month"":5,""searchVolume"":0},{""year"":2026,""month"":4,""searchVolume"":0},{""year"":2026,""month"":3,""searchVolume"":0},{""year"":2026,""month"":2,""searchVolume"":0},{""year"":2026,""month"":1,""searchVolume"":0},{""year"":2025,""month"":12,""searchVolume"":0},{""year"":2025,""month"":11,""searchVolume"":0},{""year"":2025,""month"":10,""searchVolume"":0},{""year"":2025,""month"":9,""searchVolume"":0},{""year"":2025,""month"":8,""searchVolume"":0},{""year"":2025,""month"":7,""searchVolume"":0}]"
praktický lékař online,related,false,praktický lékař brno-židenice,,43,,,navigational,"[{""year"":2026,""month"":5,""searchVolume"":0},{""year"":2026,""month"":4,""searchVolume"":0},{""year"":2026,""month"":3,""searchVolume"":0},{""year"":2026,""month"":2,""searchVolume"":0},{""year"":2026,""month"":1,""searchVolume"":0},{""year"":2025,""month"":12,""searchVolume"":0},{""year"":2025,""month"":11,""searchVolume"":0},{""year"":2025,""month"":10,""searchVolume"":0},{""year"":2025,""month"":9,""searchVolume"":0},{""year"":2025,""month"":8,""searchVolume"":0},{""year"":2025,""month"":7,""searchVolume"":0},{""year"":2025,""month"":6,""searchVolume"":0}]"
praktický lékař online,related,false,praktický lékař brno bez registrace,,,,,navigational,"[{""year"":2026,""month"":6,""searchVolume"":0},{""year"":2026,""month"":5,""searchVolume"":0},{""year"":2026,""month"":4,""searchVolume"":0},{""year"":2026,""month"":3,""searchVolume"":0},{""year"":2026,""month"":2,""searchVolume"":0},{""year"":2026,""month"":1,""searchVolume"":0},{""year"":2025,""month"":12,""searchVolume"":0},{""year"":2025,""month"":11,""searchVolume"":0},{""year"":2025,""month"":10,""searchVolume"":0},{""year"":2025,""month"":9,""searchVolume"":0},{""year"":2025,""month"":8,""searchVolume"":0},{""year"":2025,""month"":7,""searchVolume"":0}]"
praktický lékař online,related,false,praktický lékař brno pro ukrajince,,,,,transactional,"[{""year"":2026,""month"":7,""searchVolume"":0},{""year"":2026,""month"":6,""searchVolume"":0},{""year"":2026,""month"":5,""searchVolume"":0},{""year"":2026,""month"":4,""searchVolume"":0},{""year"":2026,""month"":3,""searchVolume"":0},{""year"":2026,""month"":2,""searchVolume"":0},{""year"":2026,""month"":1,""searchVolume"":0},{""year"":2025,""month"":12,""searchVolume"":0},{""year"":2025,""month"":11,""searchVolume"":0},{""year"":2025,""month"":10,""searchVolume"":0},{""year"":2025,""month"":9,""searchVolume"":0},{""year"":2025,""month"":8,""searchVolume"":0}]"
praktický lékař online,related,false,praktický lékař brno lesná,,39,,,navigational,"[{""year"":2026,""month"":5,""searchVolume"":0},{""year"":2026,""month"":4,""searchVolume"":0},{""year"":2026,""month"":3,""searchVolume"":0},{""year"":2026,""month"":2,""searchVolume"":0},{""year"":2026,""month"":1,""searchVolume"":0},{""year"":2025,""month"":12,""searchVolume"":0},{""year"":2025,""month"":11,""searchVolume"":0},{""year"":2025,""month"":10,""searchVolume"":0},{""year"":2025,""month"":9,""searchVolume"":0},{""year"":2025,""month"":8,""searchVolume"":0},{""year"":2025,""month"":7,""searchVolume"":0},{""year"":2025,""month"":6,""searchVolume"":0}]"
praktický lékař online,related,false,praktický lékař plzeň lochotín,,42,,,navigational,"[{""year"":2026,""month"":6,""searchVolume"":0},{""year"":2026,""month"":5,""searchVolume"":0},{""year"":2026,""month"":4,""searchVolume"":0},{""year"":2026,""month"":3,""searchVolume"":0},{""year"":2026,""month"":2,""searchVolume"":0},{""year"":2026,""month"":1,""searchVolume"":0},{""year"":2025,""month"":12,""searchVolume"":0},{""year"":2025,""month"":11,""searchVolume"":0},{""year"":2025,""month"":10,""searchVolume"":0},{""year"":2025,""month"":9,""searchVolume"":0},{""year"":2025,""month"":8,""searchVolume"":0},{""year"":2025,""month"":7,""searchVolume"":0}]"
praktický lékař online,related,false,praktický lékař plzeň bory,,0,,,navigational,"[{""year"":2026,""month"":6,""searchVolume"":0},{""year"":2026,""month"":5,""searchVolume"":0},{""year"":2026,""month"":4,""searchVolume"":0},{""year"":2026,""month"":3,""searchVolume"":0},{""year"":2026,""month"":2,""searchVolume"":0},{""year"":2026,""month"":1,""searchVolume"":0},{""year"":2025,""month"":12,""searchVolume"":0},{""year"":2025,""month"":11,""searchVolume"":0},{""year"":2025,""month"":10,""searchVolume"":0},{""year"":2025,""month"":9,""searchVolume"":0},{""year"":2025,""month"":8,""searchVolume"":0},{""year"":2025,""month"":7,""searchVolume"":0}]"
praktický lékař online,related,false,praktický lékař plzeň slovany,,43,,,navigational,"[{""year"":2026,""month"":6,""searchVolume"":0},{""year"":2026,""month"":5,""searchVolume"":0},{""year"":2026,""month"":4,""searchVolume"":0},{""year"":2026,""month"":3,""searchVolume"":0},{""year"":2026,""month"":2,""searchVolume"":0},{""year"":2026,""month"":1,""searchVolume"":0},{""year"":2025,""month"":12,""searchVolume"":0},{""year"":2025,""month"":11,""searchVolume"":0},{""year"":2025,""month"":10,""searchVolume"":0},{""year"":2025,""month"":9,""searchVolume"":0},{""year"":2025,""month"":8,""searchVolume"":0},{""year"":2025,""month"":7,""searchVolume"":0}]"
praktický lékař online,related,false,praktický lékař plzeň doubravka,,38,,,navigational,"[{""year"":2026,""month"":6,""searchVolume"":0},{""year"":2026,""month"":5,""searchVolume"":0},{""year"":2026,""month"":4,""searchVolume"":0},{""year"":2026,""month"":3,""searchVolume"":0},{""year"":2026,""month"":2,""searchVolume"":0},{""year"":2026,""month"":1,""searchVolume"":0},{""year"":2025,""month"":12,""searchVolume"":0},{""year"":2025,""month"":11,""searchVolume"":0},{""year"":2025,""month"":10,""searchVolume"":0},{""year"":2025,""month"":9,""searchVolume"":0},{""year"":2025,""month"":8,""searchVolume"":0},{""year"":2025,""month"":7,""searchVolume"":0}]"
praktický lékař online,related,false,praktický lékař plzeň černice,,,,,navigational,"[{""year"":2026,""month"":5,""searchVolume"":0},{""year"":2026,""month"":4,""searchVolume"":0},{""year"":2026,""month"":3,""searchVolume"":0},{""year"":2026,""month"":2,""searchVolume"":0},{""year"":2026,""month"":1,""searchVolume"":0},{""year"":2025,""month"":12,""searchVolume"":0},{""year"":2025,""month"":11,""searchVolume"":0},{""year"":2025,""month"":10,""searchVolume"":0},{""year"":2025,""month"":9,""searchVolume"":0},{""year"":2025,""month"":8,""searchVolume"":0},{""year"":2025,""month"":7,""searchVolume"":0},{""year"":2025,""month"":6,""searchVolume"":0}]"
praktický lékař online,related,false,praktický lékař brno-líšeň,,,,,navigational,"[{""year"":2026,""month"":5,""searchVolume"":0},{""year"":2026,""month"":4,""searchVolume"":0},{""year"":2026,""month"":3,""searchVolume"":0},{""year"":2026,""month"":2,""searchVolume"":0},{""year"":2026,""month"":1,""searchVolume"":0},{""year"":2025,""month"":12,""searchVolume"":0},{""year"":2025,""month"":11,""searchVolume"":0},{""year"":2025,""month"":10,""searchVolume"":0},{""year"":2025,""month"":9,""searchVolume"":0},{""year"":2025,""month"":8,""searchVolume"":0},{""year"":2025,""month"":7,""searchVolume"":0},{""year"":2025,""month"":6,""searchVolume"":0}]"
praktický lékař online,related,false,praktický lékař který přijímá nové pacienty,,2,,,navigational,"[{""year"":2026,""month"":6,""searchVolume"":0},{""year"":2026,""month"":5,""searchVolume"":0},{""year"":2026,""month"":4,""searchVolume"":0},{""year"":2026,""month"":3,""searchVolume"":0},{""year"":2026,""month"":2,""searchVolume"":0},{""year"":2026,""month"":1,""searchVolume"":0},{""year"":2025,""month"":12,""searchVolume"":0},{""year"":2025,""month"":11,""searchVolume"":0},{""year"":2025,""month"":10,""searchVolume"":0},{""year"":2025,""month"":9,""searchVolume"":0},{""year"":2025,""month"":8,""searchVolume"":0},{""year"":2025,""month"":7,""searchVolume"":0}]"
praktický lékař online,related,false,praktický lékař příjem nových pacientů,,0,,,navigational,"[{""year"":2026,""month"":5,""searchVolume"":0},{""year"":2026,""month"":4,""searchVolume"":0},{""year"":2026,""month"":3,""searchVolume"":0},{""year"":2026,""month"":2,""searchVolume"":0},{""year"":2026,""month"":1,""searchVolume"":0},{""year"":2025,""month"":12,""searchVolume"":0},{""year"":2025,""month"":11,""searchVolume"":0},{""year"":2025,""month"":10,""searchVolume"":0},{""year"":2025,""month"":9,""searchVolume"":0},{""year"":2025,""month"":8,""searchVolume"":0},{""year"":2025,""month"":7,""searchVolume"":0},{""year"":2025,""month"":6,""searchVolume"":0}]"
praktický lékař online,related,false,online doktor vzp,,,,,navigational,"[{""year"":2026,""month"":7,""searchVolume"":0},{""year"":2026,""month"":6,""searchVolume"":0},{""year"":2026,""month"":5,""searchVolume"":0},{""year"":2026,""month"":4,""searchVolume"":0},{""year"":2026,""month"":3,""searchVolume"":0},{""year"":2026,""month"":2,""searchVolume"":0},{""year"":2026,""month"":1,""searchVolume"":0},{""year"":2025,""month"":12,""searchVolume"":0},{""year"":2025,""month"":11,""searchVolume"":0},{""year"":2025,""month"":10,""searchVolume"":0},{""year"":2025,""month"":9,""searchVolume"":0},{""year"":2025,""month"":8,""searchVolume"":0}]"
praktický lékař online,related,false,online doktor poradna,,39,,,navigational,"[{""year"":2026,""month"":6,""searchVolume"":0},{""year"":2026,""month"":5,""searchVolume"":0},{""year"":2026,""month"":4,""searchVolume"":0},{""year"":2026,""month"":3,""searchVolume"":0},{""year"":2026,""month"":2,""searchVolume"":0},{""year"":2026,""month"":1,""searchVolume"":0},{""year"":2025,""month"":12,""searchVolume"":0},{""year"":2025,""month"":11,""searchVolume"":0},{""year"":2025,""month"":10,""searchVolume"":0},{""year"":2025,""month"":9,""searchVolume"":0},{""year"":2025,""month"":8,""searchVolume"":0},{""year"":2025,""month"":7,""searchVolume"":0}]"
praktický lékař online,related,false,praktický lékař brno-starý lískovec,,39,,,navigational,"[{""year"":2026,""month"":6,""searchVolume"":0},{""year"":2026,""month"":5,""searchVolume"":0},{""year"":2026,""month"":4,""searchVolume"":0},{""year"":2026,""month"":3,""searchVolume"":0},{""year"":2026,""month"":2,""searchVolume"":0},{""year"":2026,""month"":1,""searchVolume"":0},{""year"":2025,""month"":12,""searchVolume"":0},{""year"":2025,""month"":11,""searchVolume"":0},{""year"":2025,""month"":10,""searchVolume"":0},{""year"":2025,""month"":9,""searchVolume"":0},{""year"":2025,""month"":8,""searchVolume"":0},{""year"":2025,""month"":7,""searchVolume"":0}]"
praktický lékař online,related,false,praktický lékař brno-černovice,,39,,,navigational,"[{""year"":2026,""month"":5,""searchVolume"":0},{""year"":2026,""month"":4,""searchVolume"":0},{""year"":2026,""month"":3,""searchVolume"":0},{""year"":2026,""month"":2,""searchVolume"":0},{""year"":2026,""month"":1,""searchVolume"":0},{""year"":2025,""month"":12,""searchVolume"":0},{""year"":2025,""month"":11,""searchVolume"":0},{""year"":2025,""month"":10,""searchVolume"":0},{""year"":2025,""month"":9,""searchVolume"":0},{""year"":2025,""month"":8,""searchVolume"":0},{""year"":2025,""month"":7,""searchVolume"":0},{""year"":2025,""month"":6,""searchVolume"":0}]"
praktický lékař online,related,false,praktický lékař brno-bohunice,,11,,,navigational,"[{""year"":2026,""month"":6,""searchVolume"":0},{""year"":2026,""month"":5,""searchVolume"":0},{""year"":2026,""month"":4,""searchVolume"":0},{""year"":2026,""month"":3,""searchVolume"":0},{""year"":2026,""month"":2,""searchVolume"":0},{""year"":2026,""month"":1,""searchVolume"":0},{""year"":2025,""month"":12,""searchVolume"":0},{""year"":2025,""month"":11,""searchVolume"":0},{""year"":2025,""month"":10,""searchVolume"":0},{""year"":2025,""month"":9,""searchVolume"":0},{""year"":2025,""month"":8,""searchVolume"":0},{""year"":2025,""month"":7,""searchVolume"":0}]"
praktický lékař online,related,false,praktický lékař pro dospělé praha 4,,,,,navigational,"[{""year"":2026,""month"":6,""searchVolume"":0},{""year"":2026,""month"":5,""searchVolume"":0},{""year"":2026,""month"":4,""searchVolume"":0},{""year"":2026,""month"":3,""searchVolume"":0},{""year"":2026,""month"":2,""searchVolume"":0},{""year"":2026,""month"":1,""searchVolume"":0},{""year"":2025,""month"":12,""searchVolume"":0},{""year"":2025,""month"":11,""searchVolume"":0},{""year"":2025,""month"":10,""searchVolume"":0},{""year"":2025,""month"":9,""searchVolume"":0},{""year"":2025,""month"":8,""searchVolume"":0},{""year"":2025,""month"":7,""searchVolume"":0}]"
praktický lékař online,related,false,konzultace s lékařem po telefonu,,,,,transactional,"[{""year"":2026,""month"":6,""searchVolume"":0},{""year"":2026,""month"":5,""searchVolume"":0},{""year"":2026,""month"":4,""searchVolume"":0},{""year"":2026,""month"":3,""searchVolume"":0},{""year"":2026,""month"":2,""searchVolume"":0},{""year"":2026,""month"":1,""searchVolume"":0},{""year"":2025,""month"":12,""searchVolume"":0},{""year"":2025,""month"":11,""searchVolume"":0},{""year"":2025,""month"":10,""searchVolume"":0},{""year"":2025,""month"":9,""searchVolume"":0},{""year"":2025,""month"":8,""searchVolume"":0},{""year"":2025,""month"":7,""searchVolume"":0}]"
praktický lékař online,related,false,praktický lékař praha 9 příjem nových pacientů,,0,,,navigational,"[{""year"":2026,""month"":5,""searchVolume"":0},{""year"":2026,""month"":4,""searchVolume"":0},{""year"":2026,""month"":3,""searchVolume"":0},{""year"":2026,""month"":2,""searchVolume"":0},{""year"":2026,""month"":1,""searchVolume"":0},{""year"":2025,""month"":12,""searchVolume"":0},{""year"":2025,""month"":11,""searchVolume"":0},{""year"":2025,""month"":10,""searchVolume"":0},{""year"":2025,""month"":9,""searchVolume"":0},{""year"":2025,""month"":8,""searchVolume"":0},{""year"":2025,""month"":7,""searchVolume"":0},{""year"":2025,""month"":6,""searchVolume"":0}]"
praktický lékař online,related,false,praktický lékař praha 5 příjem nových pacientů,,0,,,navigational,"[{""year"":2026,""month"":6,""searchVolume"":0},{""year"":2026,""month"":5,""searchVolume"":0},{""year"":2026,""month"":4,""searchVolume"":0},{""year"":2026,""month"":3,""searchVolume"":0},{""year"":2026,""month"":2,""searchVolume"":0},{""year"":2026,""month"":1,""searchVolume"":0},{""year"":2025,""month"":12,""searchVolume"":0},{""year"":2025,""month"":11,""searchVolume"":0},{""year"":2025,""month"":10,""searchVolume"":0},{""year"":2025,""month"":9,""searchVolume"":0},{""year"":2025,""month"":8,""searchVolume"":0},{""year"":2025,""month"":7,""searchVolume"":0}]"
praktický lékař online,related,false,praktický lékař praha 6 příjem nových pacientů,,0,,,transactional,"[{""year"":2026,""month"":6,""searchVolume"":0},{""year"":2026,""month"":5,""searchVolume"":0},{""year"":2026,""month"":4,""searchVolume"":0},{""year"":2026,""month"":3,""searchVolume"":0},{""year"":2026,""month"":2,""searchVolume"":0},{""year"":2026,""month"":1,""searchVolume"":0},{""year"":2025,""month"":12,""searchVolume"":0},{""year"":2025,""month"":11,""searchVolume"":0},{""year"":2025,""month"":10,""searchVolume"":0},{""year"":2025,""month"":9,""searchVolume"":0},{""year"":2025,""month"":8,""searchVolume"":0},{""year"":2025,""month"":7,""searchVolume"":0}]"
praktický lékař online,related,false,praktický lékař praha 5 kartouzská,,40,,,navigational,"[{""year"":2026,""month"":6,""searchVolume"":0},{""year"":2026,""month"":5,""searchVolume"":0},{""year"":2026,""month"":4,""searchVolume"":0},{""year"":2026,""month"":3,""searchVolume"":0},{""year"":2026,""month"":2,""searchVolume"":0},{""year"":2026,""month"":1,""searchVolume"":0},{""year"":2025,""month"":12,""searchVolume"":0},{""year"":2025,""month"":11,""searchVolume"":0},{""year"":2025,""month"":10,""searchVolume"":0},{""year"":2025,""month"":9,""searchVolume"":0},{""year"":2025,""month"":8,""searchVolume"":0},{""year"":2025,""month"":7,""searchVolume"":0}]"
praktický lékař online,related,false,praktický lékař praha 5 anděl,,,,,navigational,"[{""year"":2026,""month"":6,""searchVolume"":0},{""year"":2026,""month"":5,""searchVolume"":0},{""year"":2026,""month"":4,""searchVolume"":0},{""year"":2026,""month"":3,""searchVolume"":0},{""year"":2026,""month"":2,""searchVolume"":0},{""year"":2026,""month"":1,""searchVolume"":0},{""year"":2025,""month"":12,""searchVolume"":0},{""year"":2025,""month"":11,""searchVolume"":0},{""year"":2025,""month"":10,""searchVolume"":0},{""year"":2025,""month"":9,""searchVolume"":0},{""year"":2025,""month"":8,""searchVolume"":0},{""year"":2025,""month"":7,""searchVolume"":0}]"
praktický lékař online,related,false,praktický lékař praha 13,,0,,,navigational,"[{""year"":2026,""month"":5,""searchVolume"":0},{""year"":2026,""month"":4,""searchVolume"":0},{""year"":2026,""month"":3,""searchVolume"":0},{""year"":2026,""month"":2,""searchVolume"":0},{""year"":2026,""month"":1,""searchVolume"":0},{""year"":2025,""month"":12,""searchVolume"":0},{""year"":2025,""month"":11,""searchVolume"":0},{""year"":2025,""month"":10,""searchVolume"":0},{""year"":2025,""month"":9,""searchVolume"":0},{""year"":2025,""month"":8,""searchVolume"":0},{""year"":2025,""month"":7,""searchVolume"":0},{""year"":2025,""month"":6,""searchVolume"":0}]"
praktický lékař online,related,false,praktický lékař anděl,,,,,informational,"[{""year"":2026,""month"":6,""searchVolume"":0},{""year"":2026,""month"":5,""searchVolume"":0},{""year"":2026,""month"":4,""searchVolume"":0},{""year"":2026,""month"":3,""searchVolume"":0},{""year"":2026,""month"":2,""searchVolume"":0},{""year"":2026,""month"":1,""searchVolume"":0},{""year"":2025,""month"":12,""searchVolume"":0},{""year"":2025,""month"":11,""searchVolume"":0},{""year"":2025,""month"":10,""searchVolume"":0},{""year"":2025,""month"":9,""searchVolume"":0},{""year"":2025,""month"":8,""searchVolume"":0},{""year"":2025,""month"":7,""searchVolume"":0}]"
praktický lékař online,related,false,praktický lékař praha 2 příjem nových pacientů,,0,,,navigational,"[{""year"":2026,""month"":5,""searchVolume"":0},{""year"":2026,""month"":4,""searchVolume"":0},{""year"":2026,""month"":3,""searchVolume"":0},{""year"":2026,""month"":2,""searchVolume"":0},{""year"":2026,""month"":1,""searchVolume"":0},{""year"":2025,""month"":12,""searchVolume"":0},{""year"":2025,""month"":11,""searchVolume"":0},{""year"":2025,""month"":10,""searchVolume"":0},{""year"":2025,""month"":9,""searchVolume"":0},{""year"":2025,""month"":8,""searchVolume"":0},{""year"":2025,""month"":7,""searchVolume"":0},{""year"":2025,""month"":6,""searchVolume"":0}]"
praktický lékař online,related,false,praktický lékař praha 3,,0,,,navigational,"[{""year"":2026,""month"":5,""searchVolume"":0},{""year"":2026,""month"":4,""searchVolume"":0},{""year"":2026,""month"":3,""searchVolume"":0},{""year"":2026,""month"":2,""searchVolume"":0},{""year"":2026,""month"":1,""searchVolume"":0},{""year"":2025,""month"":12,""searchVolume"":0},{""year"":2025,""month"":11,""searchVolume"":0},{""year"":2025,""month"":10,""searchVolume"":0},{""year"":2025,""month"":9,""searchVolume"":0},{""year"":2025,""month"":8,""searchVolume"":0},{""year"":2025,""month"":7,""searchVolume"":0},{""year"":2025,""month"":6,""searchVolume"":0}]"
praktický lékař online,related,false,praktický lékař praha vinohrady,,,,,navigational,"[{""year"":2026,""month"":5,""searchVolume"":0},{""year"":2026,""month"":4,""searchVolume"":0},{""year"":2026,""month"":3,""searchVolume"":0},{""year"":2026,""month"":2,""searchVolume"":0},{""year"":2026,""month"":1,""searchVolume"":0},{""year"":2025,""month"":12,""searchVolume"":0},{""year"":2025,""month"":11,""searchVolume"":0},{""year"":2025,""month"":10,""searchVolume"":0},{""year"":2025,""month"":9,""searchVolume"":0},{""year"":2025,""month"":8,""searchVolume"":0},{""year"":2025,""month"":7,""searchVolume"":0},{""year"":2025,""month"":6,""searchVolume"":0}]"
praktický lékař online,related,false,praktický lékař oldřichova praha 2,,,,,navigational,"[{""year"":2026,""month"":5,""searchVolume"":0},{""year"":2026,""month"":4,""searchVolume"":0},{""year"":2026,""month"":3,""searchVolume"":0},{""year"":2026,""month"":2,""searchVolume"":0},{""year"":2026,""month"":1,""searchVolume"":0},{""year"":2025,""month"":12,""searchVolume"":0},{""year"":2025,""month"":11,""searchVolume"":0},{""year"":2025,""month"":10,""searchVolume"":0},{""year"":2025,""month"":9,""searchVolume"":0},{""year"":2025,""month"":8,""searchVolume"":0},{""year"":2025,""month"":7,""searchVolume"":0},{""year"":2025,""month"":6,""searchVolume"":0}]"
praktický lékař online,related,false,praktický lékař brno-vinohrady,,38,,,navigational,"[{""year"":2026,""month"":6,""searchVolume"":0},{""year"":2026,""month"":5,""searchVolume"":0},{""year"":2026,""month"":4,""searchVolume"":0},{""year"":2026,""month"":3,""searchVolume"":0},{""year"":2026,""month"":2,""searchVolume"":0},{""year"":2026,""month"":1,""searchVolume"":0},{""year"":2025,""month"":12,""searchVolume"":0},{""year"":2025,""month"":11,""searchVolume"":0},{""year"":2025,""month"":10,""searchVolume"":0},{""year"":2025,""month"":9,""searchVolume"":0},{""year"":2025,""month"":8,""searchVolume"":0},{""year"":2025,""month"":7,""searchVolume"":0}]"
praktický lékař online,related,false,praktický lékař nusle,,35,,,navigational,"[{""year"":2026,""month"":5,""searchVolume"":0},{""year"":2026,""month"":4,""searchVolume"":0},{""year"":2026,""month"":3,""searchVolume"":0},{""year"":2026,""month"":2,""searchVolume"":0},{""year"":2026,""month"":1,""searchVolume"":0},{""year"":2025,""month"":12,""searchVolume"":0},{""year"":2025,""month"":11,""searchVolume"":0},{""year"":2025,""month"":10,""searchVolume"":0},{""year"":2025,""month"":9,""searchVolume"":0},{""year"":2025,""month"":8,""searchVolume"":0},{""year"":2025,""month"":7,""searchVolume"":0},{""year"":2025,""month"":6,""searchVolume"":0}]"
praktický lékař online,related,false,praktický lékař praha 3 příjem nových pacientů,,0,,,navigational,"[{""year"":2026,""month"":5,""searchVolume"":0},{""year"":2026,""month"":4,""searchVolume"":0},{""year"":2026,""month"":3,""searchVolume"":0},{""year"":2026,""month"":2,""searchVolume"":0},{""year"":2026,""month"":1,""searchVolume"":0},{""year"":2025,""month"":12,""searchVolume"":0},{""year"":2025,""month"":11,""searchVolume"":0},{""year"":2025,""month"":10,""searchVolume"":0},{""year"":2025,""month"":9,""searchVolume"":0},{""year"":2025,""month"":8,""searchVolume"":0},{""year"":2025,""month"":7,""searchVolume"":0},{""year"":2025,""month"":6,""searchVolume"":0}]"
eRecept online,related,false,dr max erecept,1000,7,0.84,0.3,transactional,"[{""year"":2026,""month"":7,""searchVolume"":1000},{""year"":2026,""month"":6,""searchVolume"":1300},{""year"":2026,""month"":5,""searchVolume"":1000},{""year"":2026,""month"":4,""searchVolume"":1300},{""year"":2026,""month"":3,""searchVolume"":1300},{""year"":2026,""month"":2,""searchVolume"":1000},{""year"":2026,""month"":1,""searchVolume"":1300},{""year"":2025,""month"":12,""searchVolume"":1000},{""year"":2025,""month"":11,""searchVolume"":880},{""year"":2025,""month"":10,""searchVolume"":880},{""year"":2025,""month"":9,""searchVolume"":880},{""year"":2025,""month"":8,""searchVolume"":720}]"
eRecept online,related,false,erecept online,880,48,1.12,0.14,informational,"[{""year"":2026,""month"":7,""searchVolume"":720},{""year"":2026,""month"":6,""searchVolume"":720},{""year"":2026,""month"":5,""searchVolume"":720},{""year"":2026,""month"":4,""searchVolume"":1000},{""year"":2026,""month"":3,""searchVolume"":1600},{""year"":2026,""month"":2,""searchVolume"":1300},{""year"":2026,""month"":1,""searchVolume"":1600},{""year"":2025,""month"":12,""searchVolume"":1000},{""year"":2025,""month"":11,""searchVolume"":720},{""year"":2025,""month"":10,""searchVolume"":590},{""year"":2025,""month"":9,""searchVolume"":720},{""year"":2025,""month"":8,""searchVolume"":720}]"
eRecept online,related,false,súkl databáze léků,390,45,,0,navigational,"[{""year"":2026,""month"":7,""searchVolume"":390},{""year"":2026,""month"":6,""searchVolume"":320},{""year"":2026,""month"":5,""searchVolume"":390},{""year"":2026,""month"":4,""searchVolume"":320},{""year"":2026,""month"":3,""searchVolume"":320},{""year"":2026,""month"":2,""searchVolume"":320},{""year"":2026,""month"":1,""searchVolume"":390},{""year"":2025,""month"":12,""searchVolume"":210},{""year"":2025,""month"":11,""searchVolume"":720},{""year"":2025,""month"":10,""searchVolume"":590},{""year"":2025,""month"":9,""searchVolume"":260},{""year"":2025,""month"":8,""searchVolume"":170}]"
eRecept online,related,false,erecept přihlášení,320,15,1.73,0.03,navigational,"[{""year"":2026,""month"":7,""searchVolume"":260},{""year"":2026,""month"":6,""searchVolume"":320},{""year"":2026,""month"":5,""searchVolume"":390},{""year"":2026,""month"":4,""searchVolume"":320},{""year"":2026,""month"":3,""searchVolume"":390},{""year"":2026,""month"":2,""searchVolume"":260},{""year"":2026,""month"":1,""searchVolume"":390},{""year"":2025,""month"":12,""searchVolume"":210},{""year"":2025,""month"":11,""searchVolume"":320},{""year"":2025,""month"":10,""searchVolume"":260},{""year"":2025,""month"":9,""searchVolume"":210},{""year"":2025,""month"":8,""searchVolume"":210}]"
eRecept online,related,false,jak zjistím obsah ereceptu,320,29,0.65,0.12,informational,"[{""year"":2026,""month"":7,""searchVolume"":480},{""year"":2026,""month"":6,""searchVolume"":480},{""year"":2026,""month"":5,""searchVolume"":320},{""year"":2026,""month"":4,""searchVolume"":390},{""year"":2026,""month"":3,""searchVolume"":390},{""year"":2026,""month"":2,""searchVolume"":260},{""year"":2026,""month"":1,""searchVolume"":390},{""year"":2025,""month"":12,""searchVolume"":260},{""year"":2025,""month"":11,""searchVolume"":260},{""year"":2025,""month"":10,""searchVolume"":320},{""year"":2025,""month"":9,""searchVolume"":320},{""year"":2025,""month"":8,""searchVolume"":320}]"
eRecept online,related,false,erecept cz,260,42,1.42,0.1,informational,"[{""year"":2026,""month"":7,""searchVolume"":320},{""year"":2026,""month"":6,""searchVolume"":390},{""year"":2026,""month"":5,""searchVolume"":260},{""year"":2026,""month"":4,""searchVolume"":260},{""year"":2026,""month"":3,""searchVolume"":260},{""year"":2026,""month"":2,""searchVolume"":260},{""year"":2026,""month"":1,""searchVolume"":390},{""year"":2025,""month"":12,""searchVolume"":170},{""year"":2025,""month"":11,""searchVolume"":210},{""year"":2025,""month"":10,""searchVolume"":210},{""year"":2025,""month"":9,""searchVolume"":140},{""year"":2025,""month"":8,""searchVolume"":110}]"
eRecept online,related,false,erecept aplikace,260,24,2.17,0.05,informational,"[{""year"":2026,""month"":7,""searchVolume"":260},{""year"":2026,""month"":6,""searchVolume"":210},{""year"":2026,""month"":5,""searchVolume"":210},{""year"":2026,""month"":4,""searchVolume"":210},{""year"":2026,""month"":3,""searchVolume"":260},{""year"":2026,""month"":2,""searchVolume"":260},{""year"":2026,""month"":1,""searchVolume"":480},{""year"":2025,""month"":12,""searchVolume"":260},{""year"":2025,""month"":11,""searchVolume"":480},{""year"":2025,""month"":10,""searchVolume"":320},{""year"":2025,""month"":9,""searchVolume"":260},{""year"":2025,""month"":8,""searchVolume"":260}]"
eRecept online,related,false,erecept súkl,210,35,1.57,0.02,informational,"[{""year"":2026,""month"":7,""searchVolume"":170},{""year"":2026,""month"":6,""searchVolume"":210},{""year"":2026,""month"":5,""searchVolume"":170},{""year"":2026,""month"":4,""searchVolume"":170},{""year"":2026,""month"":3,""searchVolume"":170},{""year"":2026,""month"":2,""searchVolume"":260},{""year"":2026,""month"":1,""searchVolume"":390},{""year"":2025,""month"":12,""searchVolume"":210},{""year"":2025,""month"":11,""searchVolume"":140},{""year"":2025,""month"":10,""searchVolume"":210},{""year"":2025,""month"":9,""searchVolume"":170},{""year"":2025,""month"":8,""searchVolume"":140}]"
eRecept online,related,false,aplikace erecept,170,14,1.58,0.05,navigational,"[{""year"":2026,""month"":7,""searchVolume"":210},{""year"":2026,""month"":6,""searchVolume"":140},{""year"":2026,""month"":5,""searchVolume"":170},{""year"":2026,""month"":4,""searchVolume"":210},{""year"":2026,""month"":3,""searchVolume"":210},{""year"":2026,""month"":2,""searchVolume"":170},{""year"":2026,""month"":1,""searchVolume"":210},{""year"":2025,""month"":12,""searchVolume"":140},{""year"":2025,""month"":11,""searchVolume"":260},{""year"":2025,""month"":10,""searchVolume"":170},{""year"":2025,""month"":9,""searchVolume"":110},{""year"":2025,""month"":8,""searchVolume"":140}]"
eRecept online,related,false,erecept benu,170,20,0.09,0.07,informational,"[{""year"":2026,""month"":7,""searchVolume"":210},{""year"":2026,""month"":6,""searchVolume"":170},{""year"":2026,""month"":5,""searchVolume"":170},{""year"":2026,""month"":4,""searchVolume"":170},{""year"":2026,""month"":3,""searchVolume"":170},{""year"":2026,""month"":2,""searchVolume"":170},{""year"":2026,""month"":1,""searchVolume"":170},{""year"":2025,""month"":12,""searchVolume"":170},{""year"":2025,""month"":11,""searchVolume"":140},{""year"":2025,""month"":10,""searchVolume"":140},{""year"":2025,""month"":9,""searchVolume"":110},{""year"":2025,""month"":8,""searchVolume"":110}]"
eRecept online,related,false,jak zjistím co je na receptu,110,36,0.66,0.12,informational,"[{""year"":2026,""month"":7,""searchVolume"":90},{""year"":2026,""month"":6,""searchVolume"":90},{""year"":2026,""month"":5,""searchVolume"":90},{""year"":2026,""month"":4,""searchVolume"":110},{""year"":2026,""month"":3,""searchVolume"":140},{""year"":2026,""month"":2,""searchVolume"":110},{""year"":2026,""month"":1,""searchVolume"":110},{""year"":2025,""month"":12,""searchVolume"":90},{""year"":2025,""month"":11,""searchVolume"":70},{""year"":2025,""month"":10,""searchVolume"":110},{""year"":2025,""month"":9,""searchVolume"":140},{""year"":2025,""month"":8,""searchVolume"":90}]"
eRecept online,related,false,čtečka ereceptu,110,40,1.27,0.04,transactional,"[{""year"":2026,""month"":7,""searchVolume"":90},{""year"":2026,""month"":6,""searchVolume"":90},{""year"":2026,""month"":5,""searchVolume"":90},{""year"":2026,""month"":4,""searchVolume"":110},{""year"":2026,""month"":3,""searchVolume"":90},{""year"":2026,""month"":2,""searchVolume"":90},{""year"":2026,""month"":1,""searchVolume"":170},{""year"":2025,""month"":12,""searchVolume"":140},{""year"":2025,""month"":11,""searchVolume"":110},{""year"":2025,""month"":10,""searchVolume"":110},{""year"":2025,""month"":9,""searchVolume"":110},{""year"":2025,""month"":8,""searchVolume"":70}]"
eRecept online,related,false,súkl přihlášení,90,19,,0,navigational,"[{""year"":2026,""month"":7,""searchVolume"":70},{""year"":2026,""month"":6,""searchVolume"":50},{""year"":2026,""month"":5,""searchVolume"":40},{""year"":2026,""month"":4,""searchVolume"":70},{""year"":2026,""month"":3,""searchVolume"":90},{""year"":2026,""month"":2,""searchVolume"":70},{""year"":2026,""month"":1,""searchVolume"":140},{""year"":2025,""month"":12,""searchVolume"":90},{""year"":2025,""month"":11,""searchVolume"":90},{""year"":2025,""month"":10,""searchVolume"":90},{""year"":2025,""month"":9,""searchVolume"":90},{""year"":2025,""month"":8,""searchVolume"":70}]"
eRecept online,related,false,erecept obsah,70,36,0.52,0.14,informational,"[{""year"":2026,""month"":7,""searchVolume"":20},{""year"":2026,""month"":6,""searchVolume"":30},{""year"":2026,""month"":5,""searchVolume"":30},{""year"":2026,""month"":4,""searchVolume"":40},{""year"":2026,""month"":3,""searchVolume"":40},{""year"":2026,""month"":2,""searchVolume"":30},{""year"":2026,""month"":1,""searchVolume"":50},{""year"":2025,""month"":12,""searchVolume"":90},{""year"":2025,""month"":11,""searchVolume"":110},{""year"":2025,""month"":10,""searchVolume"":140},{""year"":2025,""month"":9,""searchVolume"":110},{""year"":2025,""month"":8,""searchVolume"":110}]"
eRecept online,related,false,erecept přihlášení lékař,50,,,0,navigational,"[{""year"":2026,""month"":7,""searchVolume"":40},{""year"":2026,""month"":6,""searchVolume"":40},{""year"":2026,""month"":5,""searchVolume"":50},{""year"":2026,""month"":4,""searchVolume"":30},{""year"":2026,""month"":3,""searchVolume"":40},{""year"":2026,""month"":2,""searchVolume"":70},{""year"":2026,""month"":1,""searchVolume"":70},{""year"":2025,""month"":12,""searchVolume"":50},{""year"":2025,""month"":11,""searchVolume"":40},{""year"":2025,""month"":10,""searchVolume"":30},{""year"":2025,""month"":9,""searchVolume"":40},{""year"":2025,""month"":8,""searchVolume"":30}]"
eRecept online,related,false,súkl erecept,50,40,1.68,0.02,informational,"[{""year"":2026,""month"":7,""searchVolume"":50},{""year"":2026,""month"":6,""searchVolume"":30},{""year"":2026,""month"":5,""searchVolume"":40},{""year"":2026,""month"":4,""searchVolume"":40},{""year"":2026,""month"":3,""searchVolume"":40},{""year"":2026,""month"":2,""searchVolume"":40},{""year"":2026,""month"":1,""searchVolume"":70},{""year"":2025,""month"":12,""searchVolume"":70},{""year"":2025,""month"":11,""searchVolume"":50},{""year"":2025,""month"":10,""searchVolume"":50},{""year"":2025,""month"":9,""searchVolume"":50},{""year"":2025,""month"":8,""searchVolume"":50}]"
eRecept online,related,false,erecept aplikace pro pacienty,50,5,1.66,0.04,navigational,"[{""year"":2026,""month"":7,""searchVolume"":40},{""year"":2026,""month"":6,""searchVolume"":50},{""year"":2026,""month"":5,""searchVolume"":40},{""year"":2026,""month"":4,""searchVolume"":40},{""year"":2026,""month"":3,""searchVolume"":50},{""year"":2026,""month"":2,""searchVolume"":50},{""year"":2026,""month"":1,""searchVolume"":50},{""year"":2025,""month"":12,""searchVolume"":50},{""year"":2025,""month"":11,""searchVolume"":90},{""year"":2025,""month"":10,""searchVolume"":70},{""year"":2025,""month"":9,""searchVolume"":30},{""year"":2025,""month"":8,""searchVolume"":50}]"
eRecept online,related,false,erecept jak zjistit lék,50,38,0.62,0.08,informational,"[{""year"":2026,""month"":7,""searchVolume"":50},{""year"":2026,""month"":6,""searchVolume"":40},{""year"":2026,""month"":5,""searchVolume"":70},{""year"":2026,""month"":4,""searchVolume"":70},{""year"":2026,""month"":3,""searchVolume"":90},{""year"":2026,""month"":2,""searchVolume"":40},{""year"":2026,""month"":1,""searchVolume"":40},{""year"":2025,""month"":12,""searchVolume"":40},{""year"":2025,""month"":11,""searchVolume"":40},{""year"":2025,""month"":10,""searchVolume"":50},{""year"":2025,""month"":9,""searchVolume"":90},{""year"":2025,""month"":8,""searchVolume"":70}]"
eRecept online,related,false,jak zjistit erecept,40,,0.57,0.07,informational,"[{""year"":2026,""month"":7,""searchVolume"":20},{""year"":2026,""month"":6,""searchVolume"":40},{""year"":2026,""month"":5,""searchVolume"":30},{""year"":2026,""month"":4,""searchVolume"":40},{""year"":2026,""month"":3,""searchVolume"":40},{""year"":2026,""month"":2,""searchVolume"":50},{""year"":2026,""month"":1,""searchVolume"":30},{""year"":2025,""month"":12,""searchVolume"":40},{""year"":2025,""month"":11,""searchVolume"":30},{""year"":2025,""month"":10,""searchVolume"":40},{""year"":2025,""month"":9,""searchVolume"":30},{""year"":2025,""month"":8,""searchVolume"":40}]"
eRecept online,related,false,erecept online dr max,30,,0.93,0.38,navigational,"[{""year"":2026,""month"":7,""searchVolume"":30},{""year"":2026,""month"":6,""searchVolume"":20},{""year"":2026,""month"":5,""searchVolume"":20},{""year"":2026,""month"":4,""searchVolume"":40},{""year"":2026,""month"":3,""searchVolume"":40},{""year"":2026,""month"":2,""searchVolume"":50},{""year"":2026,""month"":1,""searchVolume"":50},{""year"":2025,""month"":12,""searchVolume"":30},{""year"":2025,""month"":11,""searchVolume"":20},{""year"":2025,""month"":10,""searchVolume"":30},{""year"":2025,""month"":9,""searchVolume"":0},{""year"":2025,""month"":8,""searchVolume"":0}]"
eRecept online,related,false,erecept přístup,30,,1.3,0.03,navigational,"[{""year"":2026,""month"":7,""searchVolume"":40},{""year"":2026,""month"":6,""searchVolume"":40},{""year"":2026,""month"":5,""searchVolume"":30},{""year"":2026,""month"":4,""searchVolume"":40},{""year"":2026,""month"":3,""searchVolume"":50},{""year"":2026,""month"":2,""searchVolume"":40},{""year"":2026,""month"":1,""searchVolume"":40},{""year"":2025,""month"":12,""searchVolume"":30},{""year"":2025,""month"":11,""searchVolume"":30},{""year"":2025,""month"":10,""searchVolume"":20},{""year"":2025,""month"":9,""searchVolume"":10},{""year"":2025,""month"":8,""searchVolume"":20}]"
eRecept online,related,false,přístupy súkl cz správa identity,30,,,0,navigational,"[{""year"":2026,""month"":7,""searchVolume"":20},{""year"":2026,""month"":6,""searchVolume"":20},{""year"":2026,""month"":5,""searchVolume"":10},{""year"":2026,""month"":4,""searchVolume"":10},{""year"":2026,""month"":3,""searchVolume"":20},{""year"":2026,""month"":2,""searchVolume"":50},{""year"":2026,""month"":1,""searchVolume"":70},{""year"":2025,""month"":12,""searchVolume"":50},{""year"":2025,""month"":11,""searchVolume"":70},{""year"":2025,""month"":10,""searchVolume"":0},{""year"":2025,""month"":9,""searchVolume"":0},{""year"":2025,""month"":8,""searchVolume"":0}]"
eRecept online,related,false,portál externích identit súkl,30,,,0,navigational,"[{""year"":2026,""month"":7,""searchVolume"":20},{""year"":2026,""month"":6,""searchVolume"":30},{""year"":2026,""month"":5,""searchVolume"":20},{""year"":2026,""month"":4,""searchVolume"":20},{""year"":2026,""month"":3,""searchVolume"":20},{""year"":2026,""month"":2,""searchVolume"":40},{""year"":2026,""month"":1,""searchVolume"":50},{""year"":2025,""month"":12,""searchVolume"":50},{""year"":2025,""month"":11,""searchVolume"":30},{""year"":2025,""month"":10,""searchVolume"":30},{""year"":2025,""month"":9,""searchVolume"":20},{""year"":2025,""month"":8,""searchVolume"":30}]"
eRecept online,related,false,erecept lékař,20,,0.47,0.01,informational,"[{""year"":2026,""month"":7,""searchVolume"":20},{""year"":2026,""month"":6,""searchVolume"":10},{""year"":2026,""month"":5,""searchVolume"":10},{""year"":2026,""month"":4,""searchVolume"":10},{""year"":2026,""month"":3,""searchVolume"":10},{""year"":2026,""month"":2,""searchVolume"":20},{""year"":2026,""month"":1,""searchVolume"":20},{""year"":2025,""month"":12,""searchVolume"":20},{""year"":2025,""month"":11,""searchVolume"":10},{""year"":2025,""month"":10,""searchVolume"":20},{""year"":2025,""month"":9,""searchVolume"":20},{""year"":2025,""month"":8,""searchVolume"":10}]"
eRecept online,related,false,mobilní aplikace erecept,20,,1.68,0.06,navigational,"[{""year"":2026,""month"":7,""searchVolume"":20},{""year"":2026,""month"":6,""searchVolume"":10},{""year"":2026,""month"":5,""searchVolume"":10},{""year"":2026,""month"":4,""searchVolume"":10},{""year"":2026,""month"":3,""searchVolume"":20},{""year"":2026,""month"":2,""searchVolume"":10},{""year"":2026,""month"":1,""searchVolume"":40},{""year"":2025,""month"":12,""searchVolume"":30},{""year"":2025,""month"":11,""searchVolume"":30},{""year"":2025,""month"":10,""searchVolume"":30},{""year"":2025,""month"":9,""searchVolume"":10},{""year"":2025,""month"":8,""searchVolume"":10}]"
eRecept online,related,false,erecept nepřišel,20,,,0,informational,"[{""year"":2026,""month"":7,""searchVolume"":10},{""year"":2026,""month"":6,""searchVolume"":10},{""year"":2026,""month"":5,""searchVolume"":20},{""year"":2026,""month"":4,""searchVolume"":30},{""year"":2026,""month"":3,""searchVolume"":20},{""year"":2026,""month"":2,""searchVolume"":20},{""year"":2026,""month"":1,""searchVolume"":20},{""year"":2025,""month"":12,""searchVolume"":20},{""year"":2025,""month"":11,""searchVolume"":40},{""year"":2025,""month"":10,""searchVolume"":20},{""year"":2025,""month"":9,""searchVolume"":30},{""year"":2025,""month"":8,""searchVolume"":20}]"
eRecept online,related,false,erecept webová aplikace,10,43,,0.04,informational,"[{""year"":2026,""month"":7,""searchVolume"":10},{""year"":2026,""month"":6,""searchVolume"":10},{""year"":2026,""month"":5,""searchVolume"":10},{""year"":2026,""month"":4,""searchVolume"":20},{""year"":2026,""month"":3,""searchVolume"":10},{""year"":2026,""month"":2,""searchVolume"":10},{""year"":2026,""month"":1,""searchVolume"":20},{""year"":2025,""month"":12,""searchVolume"":10},{""year"":2025,""month"":11,""searchVolume"":20},{""year"":2025,""month"":10,""searchVolume"":20},{""year"":2025,""month"":9,""searchVolume"":20},{""year"":2025,""month"":8,""searchVolume"":20}]"
eRecept online,related,false,erecept kód,10,,0.98,0.09,informational,"[{""year"":2026,""month"":7,""searchVolume"":10},{""year"":2026,""month"":6,""searchVolume"":10},{""year"":2026,""month"":5,""searchVolume"":10},{""year"":2026,""month"":4,""searchVolume"":10},{""year"":2026,""month"":3,""searchVolume"":10},{""year"":2026,""month"":2,""searchVolume"":10},{""year"":2026,""month"":1,""searchVolume"":10},{""year"":2025,""month"":12,""searchVolume"":10},{""year"":2025,""month"":11,""searchVolume"":10},{""year"":2025,""month"":10,""searchVolume"":10},{""year"":2025,""month"":9,""searchVolume"":10},{""year"":2025,""month"":8,""searchVolume"":10}]"
eRecept online,related,false,súkl erecept lékař,,,,,transactional,"[{""year"":2026,""month"":7,""searchVolume"":0},{""year"":2026,""month"":6,""searchVolume"":0},{""year"":2026,""month"":5,""searchVolume"":0},{""year"":2026,""month"":4,""searchVolume"":0},{""year"":2026,""month"":3,""searchVolume"":0},{""year"":2026,""month"":2,""searchVolume"":0},{""year"":2026,""month"":1,""searchVolume"":0},{""year"":2025,""month"":12,""searchVolume"":0},{""year"":2025,""month"":11,""searchVolume"":0},{""year"":2025,""month"":10,""searchVolume"":0},{""year"":2025,""month"":9,""searchVolume"":0},{""year"":2025,""month"":8,""searchVolume"":0}]"
eRecept online,related,false,erecept aplikace pro lékaře,,,,,navigational,"[{""year"":2026,""month"":5,""searchVolume"":0},{""year"":2026,""month"":4,""searchVolume"":0},{""year"":2026,""month"":3,""searchVolume"":0},{""year"":2026,""month"":2,""searchVolume"":0},{""year"":2026,""month"":1,""searchVolume"":0},{""year"":2025,""month"":12,""searchVolume"":0},{""year"":2025,""month"":11,""searchVolume"":0},{""year"":2025,""month"":10,""searchVolume"":0},{""year"":2025,""month"":9,""searchVolume"":0},{""year"":2025,""month"":8,""searchVolume"":0},{""year"":2025,""month"":7,""searchVolume"":0},{""year"":2025,""month"":6,""searchVolume"":0}]"
neschopenka online,ideas,true,online neschopenka,40,,,0,informational,"[{""year"":2026,""month"":7,""searchVolume"":30},{""year"":2026,""month"":6,""searchVolume"":30},{""year"":2026,""month"":5,""searchVolume"":30},{""year"":2026,""month"":4,""searchVolume"":40},{""year"":2026,""month"":3,""searchVolume"":50},{""year"":2026,""month"":2,""searchVolume"":50},{""year"":2026,""month"":1,""searchVolume"":50},{""year"":2025,""month"":12,""searchVolume"":50},{""year"":2025,""month"":11,""searchVolume"":50},{""year"":2025,""month"":10,""searchVolume"":40},{""year"":2025,""month"":9,""searchVolume"":50},{""year"":2025,""month"":8,""searchVolume"":30}]"
neschopenka online,ideas,true,online terapie,,23,,,informational,"[{""year"":2026,""month"":6,""searchVolume"":0},{""year"":2026,""month"":5,""searchVolume"":0},{""year"":2026,""month"":4,""searchVolume"":0},{""year"":2026,""month"":3,""searchVolume"":0},{""year"":2026,""month"":2,""searchVolume"":0},{""year"":2026,""month"":1,""searchVolume"":0},{""year"":2025,""month"":12,""searchVolume"":0},{""year"":2025,""month"":11,""searchVolume"":0},{""year"":2025,""month"":10,""searchVolume"":0},{""year"":2025,""month"":9,""searchVolume"":0},{""year"":2025,""month"":8,""searchVolume"":0},{""year"":2025,""month"":7,""searchVolume"":0}]"
neschopenka online,ideas,true,schumannova rezonance dnes online,720,0,,0,navigational,"[{""year"":2026,""month"":7,""searchVolume"":590},{""year"":2026,""month"":6,""searchVolume"":590},{""year"":2026,""month"":5,""searchVolume"":720},{""year"":2026,""month"":4,""searchVolume"":590},{""year"":2026,""month"":3,""searchVolume"":390},{""year"":2026,""month"":2,""searchVolume"":480},{""year"":2026,""month"":1,""searchVolume"":320},{""year"":2025,""month"":12,""searchVolume"":260},{""year"":2025,""month"":11,""searchVolume"":590},{""year"":2025,""month"":10,""searchVolume"":880},{""year"":2025,""month"":9,""searchVolume"":1600},{""year"":2025,""month"":8,""searchVolume"":1900}]"
neschopenka online,ideas,true,farma online,390,6,0.41,0.08,informational,"[{""year"":2026,""month"":7,""searchVolume"":880},{""year"":2026,""month"":6,""searchVolume"":320},{""year"":2026,""month"":5,""searchVolume"":110},{""year"":2026,""month"":4,""searchVolume"":140},{""year"":2026,""month"":3,""searchVolume"":140},{""year"":2026,""month"":2,""searchVolume"":140},{""year"":2026,""month"":1,""searchVolume"":140},{""year"":2025,""month"":12,""searchVolume"":260},{""year"":2025,""month"":11,""searchVolume"":320},{""year"":2025,""month"":10,""searchVolume"":260},{""year"":2025,""month"":9,""searchVolume"":590},{""year"":2025,""month"":8,""searchVolume"":1900}]"
neschopenka online,ideas,true,online lekarna,1000,68,1.96,1,navigational,"[{""year"":2026,""month"":7,""searchVolume"":880},{""year"":2026,""month"":6,""searchVolume"":880},{""year"":2026,""month"":5,""searchVolume"":880},{""year"":2026,""month"":4,""searchVolume"":880},{""year"":2026,""month"":3,""searchVolume"":1000},{""year"":2026,""month"":2,""searchVolume"":1000},{""year"":2026,""month"":1,""searchVolume"":1300},{""year"":2025,""month"":12,""searchVolume"":1300},{""year"":2025,""month"":11,""searchVolume"":1000},{""year"":2025,""month"":10,""searchVolume"":1000},{""year"":2025,""month"":9,""searchVolume"":1000},{""year"":2025,""month"":8,""searchVolume"":1000}]"
neschopenka online,ideas,true,parazit online cz,50,0,0.97,0.18,informational,"[{""year"":2026,""month"":7,""searchVolume"":30},{""year"":2026,""month"":6,""searchVolume"":40},{""year"":2026,""month"":5,""searchVolume"":50},{""year"":2026,""month"":4,""searchVolume"":40},{""year"":2026,""month"":3,""searchVolume"":50},{""year"":2026,""month"":2,""searchVolume"":50},{""year"":2026,""month"":1,""searchVolume"":110},{""year"":2025,""month"":12,""searchVolume"":70},{""year"":2025,""month"":11,""searchVolume"":40},{""year"":2025,""month"":10,""searchVolume"":50},{""year"":2025,""month"":9,""searchVolume"":50},{""year"":2025,""month"":8,""searchVolume"":70}]"
neschopenka online,ideas,true,online lékař,880,28,0.66,0.28,informational,"[{""year"":2026,""month"":7,""searchVolume"":720},{""year"":2026,""month"":6,""searchVolume"":880},{""year"":2026,""month"":5,""searchVolume"":720},{""year"":2026,""month"":4,""searchVolume"":880},{""year"":2026,""month"":3,""searchVolume"":880},{""year"":2026,""month"":2,""searchVolume"":880},{""year"":2026,""month"":1,""searchVolume"":1000},{""year"":2025,""month"":12,""searchVolume"":1000},{""year"":2025,""month"":11,""searchVolume"":880},{""year"":2025,""month"":10,""searchVolume"":880},{""year"":2025,""month"":9,""searchVolume"":880},{""year"":2025,""month"":8,""searchVolume"":1000}]"
neschopenka online,ideas,true,past na rodiče online cz,90,0,,0,navigational,"[{""year"":2026,""month"":7,""searchVolume"":50},{""year"":2026,""month"":6,""searchVolume"":70},{""year"":2026,""month"":5,""searchVolume"":40},{""year"":2026,""month"":4,""searchVolume"":20},{""year"":2026,""month"":3,""searchVolume"":30},{""year"":2026,""month"":2,""searchVolume"":140},{""year"":2026,""month"":1,""searchVolume"":140},{""year"":2025,""month"":12,""searchVolume"":110},{""year"":2025,""month"":11,""searchVolume"":70},{""year"":2025,""month"":10,""searchVolume"":110},{""year"":2025,""month"":9,""searchVolume"":90},{""year"":2025,""month"":8,""searchVolume"":90}]"
neschopenka online,ideas,true,kancl online cz,140,0,,0.01,navigational,"[{""year"":2026,""month"":7,""searchVolume"":110},{""year"":2026,""month"":6,""searchVolume"":90},{""year"":2026,""month"":5,""searchVolume"":170},{""year"":2026,""month"":4,""searchVolume"":170},{""year"":2026,""month"":3,""searchVolume"":210},{""year"":2026,""month"":2,""searchVolume"":210},{""year"":2026,""month"":1,""searchVolume"":110},{""year"":2025,""month"":12,""searchVolume"":170},{""year"":2025,""month"":11,""searchVolume"":170},{""year"":2025,""month"":10,""searchVolume"":70},{""year"":2025,""month"":9,""searchVolume"":90},{""year"":2025,""month"":8,""searchVolume"":40}]"
neschopenka online,ideas,true,psychotesty online,210,6,1.18,0.43,informational,"[{""year"":2026,""month"":7,""searchVolume"":210},{""year"":2026,""month"":6,""searchVolume"":210},{""year"":2026,""month"":5,""searchVolume"":170},{""year"":2026,""month"":4,""searchVolume"":210},{""year"":2026,""month"":3,""searchVolume"":260},{""year"":2026,""month"":2,""searchVolume"":260},{""year"":2026,""month"":1,""searchVolume"":260},{""year"":2025,""month"":12,""searchVolume"":170},{""year"":2025,""month"":11,""searchVolume"":260},{""year"":2025,""month"":10,""searchVolume"":260},{""year"":2025,""month"":9,""searchVolume"":260},{""year"":2025,""month"":8,""searchVolume"":210}]"
neschopenka online,ideas,true,alzheimer test online zdarma,,0,,,informational,"[{""year"":2026,""month"":6,""searchVolume"":0},{""year"":2026,""month"":5,""searchVolume"":0},{""year"":2026,""month"":4,""searchVolume"":0},{""year"":2026,""month"":3,""searchVolume"":0},{""year"":2026,""month"":2,""searchVolume"":0},{""year"":2026,""month"":1,""searchVolume"":0},{""year"":2025,""month"":12,""searchVolume"":0},{""year"":2025,""month"":11,""searchVolume"":0},{""year"":2025,""month"":10,""searchVolume"":0},{""year"":2025,""month"":9,""searchVolume"":0},{""year"":2025,""month"":8,""searchVolume"":0},{""year"":2025,""month"":7,""searchVolume"":0}]"
neschopenka online,ideas,true,očkovací průkaz online,170,0,,0,informational,"[{""year"":2026,""month"":7,""searchVolume"":210},{""year"":2026,""month"":6,""searchVolume"":210},{""year"":2026,""month"":5,""searchVolume"":140},{""year"":2026,""month"":4,""searchVolume"":110},{""year"":2026,""month"":3,""searchVolume"":170},{""year"":2026,""month"":2,""searchVolume"":170},{""year"":2026,""month"":1,""searchVolume"":210},{""year"":2025,""month"":12,""searchVolume"":170},{""year"":2025,""month"":11,""searchVolume"":210},{""year"":2025,""month"":10,""searchVolume"":170},{""year"":2025,""month"":9,""searchVolume"":110},{""year"":2025,""month"":8,""searchVolume"":90}]"
neschopenka online,ideas,true,coherence online cz,40,,,0,navigational,"[{""year"":2026,""month"":7,""searchVolume"":20},{""year"":2026,""month"":6,""searchVolume"":30},{""year"":2026,""month"":5,""searchVolume"":10},{""year"":2026,""month"":4,""searchVolume"":10},{""year"":2026,""month"":3,""searchVolume"":10},{""year"":2026,""month"":2,""searchVolume"":10},{""year"":2026,""month"":1,""searchVolume"":50},{""year"":2025,""month"":12,""searchVolume"":30},{""year"":2025,""month"":11,""searchVolume"":50},{""year"":2025,""month"":10,""searchVolume"":110},{""year"":2025,""month"":9,""searchVolume"":110},{""year"":2025,""month"":8,""searchVolume"":50}]"
neschopenka online,ideas,true,terapie láskou online,40,42,,0.03,informational,"[{""year"":2026,""month"":7,""searchVolume"":50},{""year"":2026,""month"":6,""searchVolume"":40},{""year"":2026,""month"":5,""searchVolume"":30},{""year"":2026,""month"":4,""searchVolume"":30},{""year"":2026,""month"":3,""searchVolume"":40},{""year"":2026,""month"":2,""searchVolume"":50},{""year"":2026,""month"":1,""searchVolume"":40},{""year"":2025,""month"":12,""searchVolume"":40},{""year"":2025,""month"":11,""searchVolume"":40},{""year"":2025,""month"":10,""searchVolume"":30},{""year"":2025,""month"":9,""searchVolume"":40},{""year"":2025,""month"":8,""searchVolume"":50}]"
neschopenka online,ideas,true,doktor martin online,140,0,0.46,0.02,navigational,"[{""year"":2026,""month"":7,""searchVolume"":390},{""year"":2026,""month"":6,""searchVolume"":90},{""year"":2026,""month"":5,""searchVolume"":70},{""year"":2026,""month"":4,""searchVolume"":70},{""year"":2026,""month"":3,""searchVolume"":110},{""year"":2026,""month"":2,""searchVolume"":140},{""year"":2026,""month"":1,""searchVolume"":170},{""year"":2025,""month"":12,""searchVolume"":70},{""year"":2025,""month"":11,""searchVolume"":140},{""year"":2025,""month"":10,""searchVolume"":140},{""year"":2025,""month"":9,""searchVolume"":110},{""year"":2025,""month"":8,""searchVolume"":110}]"
neschopenka online,ideas,true,terapie pravdou online,50,0,,0,informational,"[{""year"":2026,""month"":7,""searchVolume"":40},{""year"":2026,""month"":6,""searchVolume"":30},{""year"":2026,""month"":5,""searchVolume"":70},{""year"":2026,""month"":4,""searchVolume"":90},{""year"":2026,""month"":3,""searchVolume"":110},{""year"":2026,""month"":2,""searchVolume"":70},{""year"":2026,""month"":1,""searchVolume"":70},{""year"":2025,""month"":12,""searchVolume"":20},{""year"":2025,""month"":11,""searchVolume"":10},{""year"":2025,""month"":10,""searchVolume"":20},{""year"":2025,""month"":9,""searchVolume"":40},{""year"":2025,""month"":8,""searchVolume"":30}]"
neschopenka online,ideas,true,nevinné lži online,20,46,0.18,0.03,informational,"[{""year"":2026,""month"":7,""searchVolume"":90},{""year"":2026,""month"":6,""searchVolume"":20},{""year"":2026,""month"":5,""searchVolume"":10},{""year"":2026,""month"":4,""searchVolume"":10},{""year"":2026,""month"":3,""searchVolume"":20},{""year"":2026,""month"":2,""searchVolume"":10},{""year"":2026,""month"":1,""searchVolume"":20},{""year"":2025,""month"":12,""searchVolume"":20},{""year"":2025,""month"":11,""searchVolume"":20},{""year"":2025,""month"":10,""searchVolume"":20},{""year"":2025,""month"":9,""searchVolume"":10},{""year"":2025,""month"":8,""searchVolume"":10}]"
neschopenka online,ideas,true,genové klíče online,30,0,,0.05,informational,"[{""year"":2026,""month"":7,""searchVolume"":10},{""year"":2026,""month"":6,""searchVolume"":20},{""year"":2026,""month"":5,""searchVolume"":20},{""year"":2026,""month"":4,""searchVolume"":20},{""year"":2026,""month"":3,""searchVolume"":20},{""year"":2026,""month"":2,""searchVolume"":10},{""year"":2026,""month"":1,""searchVolume"":20},{""year"":2025,""month"":12,""searchVolume"":30},{""year"":2025,""month"":11,""searchVolume"":30},{""year"":2025,""month"":10,""searchVolume"":40},{""year"":2025,""month"":9,""searchVolume"":40},{""year"":2025,""month"":8,""searchVolume"":70}]"
neschopenka online,ideas,true,pomoc neviditelných online,170,0,,0,navigational,"[{""year"":2026,""month"":7,""searchVolume"":110},{""year"":2026,""month"":6,""searchVolume"":90},{""year"":2026,""month"":5,""searchVolume"":70},{""year"":2026,""month"":4,""searchVolume"":90},{""year"":2026,""month"":3,""searchVolume"":210},{""year"":2026,""month"":2,""searchVolume"":170},{""year"":2026,""month"":1,""searchVolume"":480},{""year"":2025,""month"":12,""searchVolume"":260},{""year"":2025,""month"":11,""searchVolume"":210},{""year"":2025,""month"":10,""searchVolume"":90},{""year"":2025,""month"":9,""searchVolume"":70},{""year"":2025,""month"":8,""searchVolume"":30}]"
neschopenka online,ideas,true,dr max online,480,47,0.4,1,navigational,"[{""year"":2026,""month"":7,""searchVolume"":320},{""year"":2026,""month"":6,""searchVolume"":390},{""year"":2026,""month"":5,""searchVolume"":480},{""year"":2026,""month"":4,""searchVolume"":390},{""year"":2026,""month"":3,""searchVolume"":590},{""year"":2026,""month"":2,""searchVolume"":480},{""year"":2026,""month"":1,""searchVolume"":480},{""year"":2025,""month"":12,""searchVolume"":590},{""year"":2025,""month"":11,""searchVolume"":590},{""year"":2025,""month"":10,""searchVolume"":480},{""year"":2025,""month"":9,""searchVolume"":390},{""year"":2025,""month"":8,""searchVolume"":390}]"
neschopenka online,ideas,true,vision online,10,,,0,navigational,"[{""year"":2026,""month"":7,""searchVolume"":10},{""year"":2026,""month"":6,""searchVolume"":10},{""year"":2026,""month"":5,""searchVolume"":10},{""year"":2026,""month"":4,""searchVolume"":20},{""year"":2026,""month"":3,""searchVolume"":10},{""year"":2026,""month"":2,""searchVolume"":20},{""year"":2026,""month"":1,""searchVolume"":10},{""year"":2025,""month"":12,""searchVolume"":20},{""year"":2025,""month"":11,""searchVolume"":10},{""year"":2025,""month"":10,""searchVolume"":10},{""year"":2025,""month"":9,""searchVolume"":10},{""year"":2025,""month"":8,""searchVolume"":10}]"
neschopenka online,ideas,true,online fit čvut,20,,,0,informational,"[{""year"":2026,""month"":7,""searchVolume"":10},{""year"":2026,""month"":6,""searchVolume"":10},{""year"":2026,""month"":5,""searchVolume"":20},{""year"":2026,""month"":4,""searchVolume"":10},{""year"":2026,""month"":3,""searchVolume"":20},{""year"":2026,""month"":2,""searchVolume"":30},{""year"":2026,""month"":1,""searchVolume"":20},{""year"":2025,""month"":12,""searchVolume"":20},{""year"":2025,""month"":11,""searchVolume"":20},{""year"":2025,""month"":10,""searchVolume"":40},{""year"":2025,""month"":9,""searchVolume"":30},{""year"":2025,""month"":8,""searchVolume"":10}]"
neschopenka online,ideas,true,novokain online cz,10,,,0,navigational,"[{""year"":2026,""month"":7,""searchVolume"":10},{""year"":2026,""month"":6,""searchVolume"":10},{""year"":2026,""month"":5,""searchVolume"":10},{""year"":2026,""month"":4,""searchVolume"":10},{""year"":2026,""month"":3,""searchVolume"":10},{""year"":2026,""month"":2,""searchVolume"":10},{""year"":2026,""month"":1,""searchVolume"":20},{""year"":2025,""month"":12,""searchVolume"":20},{""year"":2025,""month"":11,""searchVolume"":10},{""year"":2025,""month"":10,""searchVolume"":30},{""year"":2025,""month"":9,""searchVolume"":20},{""year"":2025,""month"":8,""searchVolume"":20}]"
neschopenka online,ideas,true,bílá nemoc online,40,0,,0.02,informational,"[{""year"":2026,""month"":7,""searchVolume"":10},{""year"":2026,""month"":6,""searchVolume"":30},{""year"":2026,""month"":5,""searchVolume"":90},{""year"":2026,""month"":4,""searchVolume"":50},{""year"":2026,""month"":3,""searchVolume"":90},{""year"":2026,""month"":2,""searchVolume"":40},{""year"":2026,""month"":1,""searchVolume"":40},{""year"":2025,""month"":12,""searchVolume"":30},{""year"":2025,""month"":11,""searchVolume"":50},{""year"":2025,""month"":10,""searchVolume"":30},{""year"":2025,""month"":9,""searchVolume"":50},{""year"":2025,""month"":8,""searchVolume"":10}]"
neschopenka online,ideas,true,nemocnica online zdarma,30,12,,0,navigational,"[{""year"":2026,""month"":7,""searchVolume"":10},{""year"":2026,""month"":6,""searchVolume"":0},{""year"":2026,""month"":5,""searchVolume"":0},{""year"":2026,""month"":4,""searchVolume"":10},{""year"":2026,""month"":3,""searchVolume"":0},{""year"":2026,""month"":2,""searchVolume"":20},{""year"":2026,""month"":1,""searchVolume"":20},{""year"":2025,""month"":12,""searchVolume"":50},{""year"":2025,""month"":11,""searchVolume"":10},{""year"":2025,""month"":10,""searchVolume"":70},{""year"":2025,""month"":9,""searchVolume"":70},{""year"":2025,""month"":8,""searchVolume"":90}]"
neschopenka online,ideas,true,online teploměr,260,3,0.37,0.31,informational,"[{""year"":2026,""month"":7,""searchVolume"":110},{""year"":2026,""month"":6,""searchVolume"":590},{""year"":2026,""month"":5,""searchVolume"":140},{""year"":2026,""month"":4,""searchVolume"":140},{""year"":2026,""month"":3,""searchVolume"":170},{""year"":2026,""month"":2,""searchVolume"":170},{""year"":2026,""month"":1,""searchVolume"":390},{""year"":2025,""month"":12,""searchVolume"":320},{""year"":2025,""month"":11,""searchVolume"":260},{""year"":2025,""month"":10,""searchVolume"":210},{""year"":2025,""month"":9,""searchVolume"":210},{""year"":2025,""month"":8,""searchVolume"":170}]"
neschopenka online,ideas,true,online diagnostika iqos,,,,,navigational,"[{""year"":2026,""month"":5,""searchVolume"":0},{""year"":2026,""month"":4,""searchVolume"":0},{""year"":2026,""month"":3,""searchVolume"":0},{""year"":2026,""month"":2,""searchVolume"":0},{""year"":2026,""month"":1,""searchVolume"":0},{""year"":2025,""month"":12,""searchVolume"":0},{""year"":2025,""month"":11,""searchVolume"":0},{""year"":2025,""month"":10,""searchVolume"":0},{""year"":2025,""month"":9,""searchVolume"":0},{""year"":2025,""month"":8,""searchVolume"":0},{""year"":2025,""month"":7,""searchVolume"":0},{""year"":2025,""month"":6,""searchVolume"":0}]"
neschopenka online,ideas,true,ct pohadky online,,,,,informational,"[{""year"":2026,""month"":5,""searchVolume"":0},{""year"":2026,""month"":4,""searchVolume"":0},{""year"":2026,""month"":3,""searchVolume"":0},{""year"":2026,""month"":2,""searchVolume"":0},{""year"":2026,""month"":1,""searchVolume"":0},{""year"":2025,""month"":12,""searchVolume"":0},{""year"":2025,""month"":11,""searchVolume"":0},{""year"":2025,""month"":10,""searchVolume"":0},{""year"":2025,""month"":9,""searchVolume"":0},{""year"":2025,""month"":8,""searchVolume"":0},{""year"":2025,""month"":7,""searchVolume"":0},{""year"":2025,""month"":6,""searchVolume"":0}]"
neschopenka online,ideas,true,online psycholog zdarma,,32,,,informational,"[{""year"":2026,""month"":6,""searchVolume"":0},{""year"":2026,""month"":5,""searchVolume"":0},{""year"":2026,""month"":4,""searchVolume"":0},{""year"":2026,""month"":3,""searchVolume"":0},{""year"":2026,""month"":2,""searchVolume"":0},{""year"":2026,""month"":1,""searchVolume"":0},{""year"":2025,""month"":12,""searchVolume"":0},{""year"":2025,""month"":11,""searchVolume"":0},{""year"":2025,""month"":10,""searchVolume"":0},{""year"":2025,""month"":9,""searchVolume"":0},{""year"":2025,""month"":8,""searchVolume"":0},{""year"":2025,""month"":7,""searchVolume"":0}]"
neschopenka online,ideas,true,agresivní virus online cz,30,0,,0,informational,"[{""year"":2026,""month"":7,""searchVolume"":30},{""year"":2026,""month"":6,""searchVolume"":30},{""year"":2026,""month"":5,""searchVolume"":30},{""year"":2026,""month"":4,""searchVolume"":20},{""year"":2026,""month"":3,""searchVolume"":30},{""year"":2026,""month"":2,""searchVolume"":20},{""year"":2026,""month"":1,""searchVolume"":10},{""year"":2025,""month"":12,""searchVolume"":10},{""year"":2025,""month"":11,""searchVolume"":30},{""year"":2025,""month"":10,""searchVolume"":50},{""year"":2025,""month"":9,""searchVolume"":70},{""year"":2025,""month"":8,""searchVolume"":90}]"
neschopenka online,ideas,true,e-recept online,170,54,1.54,0.13,transactional,"[{""year"":2026,""month"":7,""searchVolume"":50},{""year"":2026,""month"":6,""searchVolume"":50},{""year"":2026,""month"":5,""searchVolume"":50},{""year"":2026,""month"":4,""searchVolume"":70},{""year"":2026,""month"":3,""searchVolume"":110},{""year"":2026,""month"":2,""searchVolume"":110},{""year"":2026,""month"":1,""searchVolume"":140},{""year"":2025,""month"":12,""searchVolume"":170},{""year"":2025,""month"":11,""searchVolume"":390},{""year"":2025,""month"":10,""searchVolume"":260},{""year"":2025,""month"":9,""searchVolume"":320},{""year"":2025,""month"":8,""searchVolume"":210}]"
neschopenka online,ideas,true,ověření kombinace léků online,210,2,,0.02,informational,"[{""year"":2026,""month"":7,""searchVolume"":140},{""year"":2026,""month"":6,""searchVolume"":140},{""year"":2026,""month"":5,""searchVolume"":110},{""year"":2026,""month"":4,""searchVolume"":170},{""year"":2026,""month"":3,""searchVolume"":210},{""year"":2026,""month"":2,""searchVolume"":210},{""year"":2026,""month"":1,""searchVolume"":480},{""year"":2025,""month"":12,""searchVolume"":170},{""year"":2025,""month"":11,""searchVolume"":210},{""year"":2025,""month"":10,""searchVolume"":210},{""year"":2025,""month"":9,""searchVolume"":170},{""year"":2025,""month"":8,""searchVolume"":170}]"
neschopenka online,ideas,true,bmi online,50,,0.11,0.44,navigational,"[{""year"":2026,""month"":7,""searchVolume"":30},{""year"":2026,""month"":6,""searchVolume"":40},{""year"":2026,""month"":5,""searchVolume"":50},{""year"":2026,""month"":4,""searchVolume"":50},{""year"":2026,""month"":3,""searchVolume"":90},{""year"":2026,""month"":2,""searchVolume"":50},{""year"":2026,""month"":1,""searchVolume"":70},{""year"":2025,""month"":12,""searchVolume"":70},{""year"":2025,""month"":11,""searchVolume"":50},{""year"":2025,""month"":10,""searchVolume"":40},{""year"":2025,""month"":9,""searchVolume"":40},{""year"":2025,""month"":8,""searchVolume"":50}]"
neschopenka online,ideas,true,lékové interakce online,90,2,,0,informational,"[{""year"":2026,""month"":7,""searchVolume"":40},{""year"":2026,""month"":6,""searchVolume"":50},{""year"":2026,""month"":5,""searchVolume"":70},{""year"":2026,""month"":4,""searchVolume"":70},{""year"":2026,""month"":3,""searchVolume"":70},{""year"":2026,""month"":2,""searchVolume"":90},{""year"":2026,""month"":1,""searchVolume"":260},{""year"":2025,""month"":12,""searchVolume"":70},{""year"":2025,""month"":11,""searchVolume"":110},{""year"":2025,""month"":10,""searchVolume"":140},{""year"":2025,""month"":9,""searchVolume"":110},{""year"":2025,""month"":8,""searchVolume"":110}]"
neschopenka online,ideas,true,vědma online,30,0,,0.01,informational,"[{""year"":2026,""month"":7,""searchVolume"":10},{""year"":2026,""month"":6,""searchVolume"":20},{""year"":2026,""month"":5,""searchVolume"":10},{""year"":2026,""month"":4,""searchVolume"":30},{""year"":2026,""month"":3,""searchVolume"":20},{""year"":2026,""month"":2,""searchVolume"":20},{""year"":2026,""month"":1,""searchVolume"":70},{""year"":2025,""month"":12,""searchVolume"":50},{""year"":2025,""month"":11,""searchVolume"":20},{""year"":2025,""month"":10,""searchVolume"":30},{""year"":2025,""month"":9,""searchVolume"":30},{""year"":2025,""month"":8,""searchVolume"":10}]"
neschopenka online,ideas,true,doktoři online,30,35,,0.02,informational,"[{""year"":2026,""month"":7,""searchVolume"":30},{""year"":2026,""month"":6,""searchVolume"":20},{""year"":2026,""month"":5,""searchVolume"":20},{""year"":2026,""month"":4,""searchVolume"":20},{""year"":2026,""month"":3,""searchVolume"":30},{""year"":2026,""month"":2,""searchVolume"":30},{""year"":2026,""month"":1,""searchVolume"":40},{""year"":2025,""month"":12,""searchVolume"":40},{""year"":2025,""month"":11,""searchVolume"":40},{""year"":2025,""month"":10,""searchVolume"":50},{""year"":2025,""month"":9,""searchVolume"":50},{""year"":2025,""month"":8,""searchVolume"":30}]"
neschopenka online,ideas,true,následky online,40,0,,0,informational,"[{""year"":2026,""month"":7,""searchVolume"":10},{""year"":2026,""month"":6,""searchVolume"":40},{""year"":2026,""month"":5,""searchVolume"":30},{""year"":2026,""month"":4,""searchVolume"":50},{""year"":2026,""month"":3,""searchVolume"":50},{""year"":2026,""month"":2,""searchVolume"":30},{""year"":2026,""month"":1,""searchVolume"":20},{""year"":2025,""month"":12,""searchVolume"":50},{""year"":2025,""month"":11,""searchVolume"":40},{""year"":2025,""month"":10,""searchVolume"":30},{""year"":2025,""month"":9,""searchVolume"":50},{""year"":2025,""month"":8,""searchVolume"":40}]"
neschopenka online,ideas,true,syn online,10,,,0,navigational,"[{""year"":2026,""month"":7,""searchVolume"":10},{""year"":2026,""month"":6,""searchVolume"":10},{""year"":2026,""month"":5,""searchVolume"":10},{""year"":2026,""month"":4,""searchVolume"":10},{""year"":2026,""month"":3,""searchVolume"":10},{""year"":2026,""month"":2,""searchVolume"":10},{""year"":2026,""month"":1,""searchVolume"":20},{""year"":2025,""month"":12,""searchVolume"":10},{""year"":2025,""month"":11,""searchVolume"":10},{""year"":2025,""month"":10,""searchVolume"":10},{""year"":2025,""month"":9,""searchVolume"":10},{""year"":2025,""month"":8,""searchVolume"":10}]"
neschopenka online,ideas,true,mvcr online objednani,50,26,,0,navigational,"[{""year"":2026,""month"":7,""searchVolume"":40},{""year"":2026,""month"":6,""searchVolume"":70},{""year"":2026,""month"":5,""searchVolume"":20},{""year"":2026,""month"":4,""searchVolume"":30},{""year"":2026,""month"":3,""searchVolume"":20},{""year"":2026,""month"":2,""searchVolume"":30},{""year"":2026,""month"":1,""searchVolume"":90},{""year"":2025,""month"":12,""searchVolume"":70},{""year"":2025,""month"":11,""searchVolume"":90},{""year"":2025,""month"":10,""searchVolume"":70},{""year"":2025,""month"":9,""searchVolume"":70},{""year"":2025,""month"":8,""searchVolume"":90}]"
neschopenka online,ideas,true,hc vsetín online,40,,,0,navigational,"[{""year"":2026,""month"":7,""searchVolume"":10},{""year"":2026,""month"":6,""searchVolume"":10},{""year"":2026,""month"":5,""searchVolume"":20},{""year"":2026,""month"":4,""searchVolume"":30},{""year"":2026,""month"":3,""searchVolume"":50},{""year"":2026,""month"":2,""searchVolume"":50},{""year"":2026,""month"":1,""searchVolume"":70},{""year"":2025,""month"":12,""searchVolume"":50},{""year"":2025,""month"":11,""searchVolume"":70},{""year"":2025,""month"":10,""searchVolume"":50},{""year"":2025,""month"":9,""searchVolume"":30},{""year"":2025,""month"":8,""searchVolume"":20}]"
neschopenka online,ideas,true,psychiatrie online,,0,,,informational,"[{""year"":2026,""month"":5,""searchVolume"":0},{""year"":2026,""month"":4,""searchVolume"":0},{""year"":2026,""month"":3,""searchVolume"":0},{""year"":2026,""month"":2,""searchVolume"":0},{""year"":2026,""month"":1,""searchVolume"":0},{""year"":2025,""month"":12,""searchVolume"":0},{""year"":2025,""month"":11,""searchVolume"":0},{""year"":2025,""month"":10,""searchVolume"":0},{""year"":2025,""month"":9,""searchVolume"":0},{""year"":2025,""month"":8,""searchVolume"":0},{""year"":2025,""month"":7,""searchVolume"":0},{""year"":2025,""month"":6,""searchVolume"":0}]"
neschopenka online,ideas,true,drogy as online,10,,,0,informational,"[{""year"":2026,""month"":7,""searchVolume"":10},{""year"":2026,""month"":6,""searchVolume"":10},{""year"":2026,""month"":5,""searchVolume"":10},{""year"":2026,""month"":4,""searchVolume"":10},{""year"":2026,""month"":3,""searchVolume"":10},{""year"":2026,""month"":2,""searchVolume"":10},{""year"":2026,""month"":1,""searchVolume"":10},{""year"":2025,""month"":12,""searchVolume"":10},{""year"":2025,""month"":11,""searchVolume"":20},{""year"":2025,""month"":10,""searchVolume"":10},{""year"":2025,""month"":9,""searchVolume"":30},{""year"":2025,""month"":8,""searchVolume"":10}]"
neschopenka online,ideas,true,neurologická poradna online,10,,,0.26,navigational,"[{""year"":2026,""month"":7,""searchVolume"":10},{""year"":2026,""month"":6,""searchVolume"":10},{""year"":2026,""month"":5,""searchVolume"":10},{""year"":2026,""month"":4,""searchVolume"":10},{""year"":2026,""month"":3,""searchVolume"":10},{""year"":2026,""month"":2,""searchVolume"":10},{""year"":2026,""month"":1,""searchVolume"":10},{""year"":2025,""month"":12,""searchVolume"":10},{""year"":2025,""month"":11,""searchVolume"":10},{""year"":2025,""month"":10,""searchVolume"":10},{""year"":2025,""month"":9,""searchVolume"":20},{""year"":2025,""month"":8,""searchVolume"":10}]"
neschopenka online,ideas,true,invalida online cz,10,,,0,navigational,"[{""year"":2026,""month"":7,""searchVolume"":10},{""year"":2026,""month"":6,""searchVolume"":10},{""year"":2026,""month"":5,""searchVolume"":10},{""year"":2026,""month"":4,""searchVolume"":10},{""year"":2026,""month"":3,""searchVolume"":10},{""year"":2026,""month"":2,""searchVolume"":0},{""year"":2026,""month"":1,""searchVolume"":10},{""year"":2025,""month"":12,""searchVolume"":10},{""year"":2025,""month"":11,""searchVolume"":10},{""year"":2025,""month"":10,""searchVolume"":0},{""year"":2025,""month"":9,""searchVolume"":0},{""year"":2025,""month"":8,""searchVolume"":10}]"
neschopenka online,ideas,true,novocaine online cz,10,,,,transactional,"[{""year"":2026,""month"":7,""searchVolume"":0},{""year"":2026,""month"":6,""searchVolume"":0},{""year"":2026,""month"":5,""searchVolume"":10},{""year"":2026,""month"":4,""searchVolume"":0},{""year"":2026,""month"":3,""searchVolume"":10},{""year"":2026,""month"":2,""searchVolume"":10},{""year"":2026,""month"":1,""searchVolume"":10},{""year"":2025,""month"":12,""searchVolume"":10},{""year"":2025,""month"":11,""searchVolume"":10},{""year"":2025,""month"":10,""searchVolume"":10},{""year"":2025,""month"":9,""searchVolume"":10},{""year"":2025,""month"":8,""searchVolume"":10}]"
neschopenka online,ideas,true,gynekologie 2 online,10,,,0,informational,"[{""year"":2026,""month"":7,""searchVolume"":10},{""year"":2026,""month"":6,""searchVolume"":10},{""year"":2026,""month"":5,""searchVolume"":10},{""year"":2026,""month"":4,""searchVolume"":10},{""year"":2026,""month"":3,""searchVolume"":10},{""year"":2026,""month"":2,""searchVolume"":20},{""year"":2026,""month"":1,""searchVolume"":10},{""year"":2025,""month"":12,""searchVolume"":10},{""year"":2025,""month"":11,""searchVolume"":10},{""year"":2025,""month"":10,""searchVolume"":10},{""year"":2025,""month"":9,""searchVolume"":10},{""year"":2025,""month"":8,""searchVolume"":10}]"
neschopenka online,ideas,true,ozempic dokument online,10,,,0,informational,"[{""year"":2026,""month"":7,""searchVolume"":10},{""year"":2026,""month"":6,""searchVolume"":10},{""year"":2026,""month"":5,""searchVolume"":10},{""year"":2026,""month"":4,""searchVolume"":10},{""year"":2026,""month"":3,""searchVolume"":10},{""year"":2026,""month"":2,""searchVolume"":0},{""year"":2026,""month"":1,""searchVolume"":0},{""year"":2025,""month"":12,""searchVolume"":0},{""year"":2025,""month"":11,""searchVolume"":0},{""year"":2025,""month"":10,""searchVolume"":0},{""year"":2025,""month"":9,""searchVolume"":0},{""year"":2025,""month"":8,""searchVolume"":0}]"
neschopenka online,ideas,true,tlak vzduchu online,10,,,0,informational,"[{""year"":2026,""month"":7,""searchVolume"":10},{""year"":2026,""month"":6,""searchVolume"":10},{""year"":2026,""month"":5,""searchVolume"":10},{""year"":2026,""month"":4,""searchVolume"":10},{""year"":2026,""month"":3,""searchVolume"":10},{""year"":2026,""month"":2,""searchVolume"":20},{""year"":2026,""month"":1,""searchVolume"":10},{""year"":2025,""month"":12,""searchVolume"":10},{""year"":2025,""month"":11,""searchVolume"":10},{""year"":2025,""month"":10,""searchVolume"":10},{""year"":2025,""month"":9,""searchVolume"":10},{""year"":2025,""month"":8,""searchVolume"":10}]"
neschopenka online,ideas,true,maska cz online,20,39,,0,transactional,"[{""year"":2026,""month"":7,""searchVolume"":10},{""year"":2026,""month"":6,""searchVolume"":10},{""year"":2026,""month"":5,""searchVolume"":10},{""year"":2026,""month"":4,""searchVolume"":10},{""year"":2026,""month"":3,""searchVolume"":10},{""year"":2026,""month"":2,""searchVolume"":10},{""year"":2026,""month"":1,""searchVolume"":20},{""year"":2025,""month"":12,""searchVolume"":30},{""year"":2025,""month"":11,""searchVolume"":30},{""year"":2025,""month"":10,""searchVolume"":20},{""year"":2025,""month"":9,""searchVolume"":30},{""year"":2025,""month"":8,""searchVolume"":30}]"
neschopenka online,ideas,true,psychoterapie online zdarma,,47,,,informational,"[{""year"":2026,""month"":5,""searchVolume"":0},{""year"":2026,""month"":4,""searchVolume"":0},{""year"":2026,""month"":3,""searchVolume"":0},{""year"":2026,""month"":2,""searchVolume"":0},{""year"":2026,""month"":1,""searchVolume"":0},{""year"":2025,""month"":12,""searchVolume"":0},{""year"":2025,""month"":11,""searchVolume"":0},{""year"":2025,""month"":10,""searchVolume"":0},{""year"":2025,""month"":9,""searchVolume"":0},{""year"":2025,""month"":8,""searchVolume"":0},{""year"":2025,""month"":7,""searchVolume"":0},{""year"":2025,""month"":6,""searchVolume"":0}]"
neschopenka online,ideas,true,dr stone online cz,40,,,0.05,transactional,"[{""year"":2026,""month"":7,""searchVolume"":30},{""year"":2026,""month"":6,""searchVolume"":50},{""year"":2026,""month"":5,""searchVolume"":30},{""year"":2026,""month"":4,""searchVolume"":20},{""year"":2026,""month"":3,""searchVolume"":10},{""year"":2026,""month"":2,""searchVolume"":30},{""year"":2026,""month"":1,""searchVolume"":20},{""year"":2025,""month"":12,""searchVolume"":20},{""year"":2025,""month"":11,""searchVolume"":20},{""year"":2025,""month"":10,""searchVolume"":50},{""year"":2025,""month"":9,""searchVolume"":110},{""year"":2025,""month"":8,""searchVolume"":50}]"
neschopenka online,ideas,true,neurologie objednání online,,,,,navigational,"[{""year"":2026,""month"":5,""searchVolume"":0},{""year"":2026,""month"":4,""searchVolume"":0},{""year"":2026,""month"":3,""searchVolume"":0},{""year"":2026,""month"":2,""searchVolume"":0},{""year"":2026,""month"":1,""searchVolume"":0},{""year"":2025,""month"":12,""searchVolume"":0},{""year"":2025,""month"":11,""searchVolume"":0},{""year"":2025,""month"":10,""searchVolume"":0},{""year"":2025,""month"":9,""searchVolume"":0},{""year"":2025,""month"":8,""searchVolume"":0},{""year"":2025,""month"":7,""searchVolume"":0},{""year"":2025,""month"":6,""searchVolume"":0}]"
neschopenka online,ideas,true,ultima online midkemia,,,,,informational,"[{""year"":2026,""month"":5,""searchVolume"":0},{""year"":2026,""month"":4,""searchVolume"":0},{""year"":2026,""month"":3,""searchVolume"":0},{""year"":2026,""month"":2,""searchVolume"":0},{""year"":2026,""month"":1,""searchVolume"":0},{""year"":2025,""month"":12,""searchVolume"":0},{""year"":2025,""month"":11,""searchVolume"":0},{""year"":2025,""month"":10,""searchVolume"":0},{""year"":2025,""month"":9,""searchVolume"":0},{""year"":2025,""month"":8,""searchVolume"":0},{""year"":2025,""month"":7,""searchVolume"":0},{""year"":2025,""month"":6,""searchVolume"":0}]"
neschopenka online,ideas,true,sexuologická poradna online,,2,,,transactional,"[{""year"":2026,""month"":6,""searchVolume"":0},{""year"":2026,""month"":5,""searchVolume"":0},{""year"":2026,""month"":4,""searchVolume"":0},{""year"":2026,""month"":3,""searchVolume"":0},{""year"":2026,""month"":2,""searchVolume"":0},{""year"":2026,""month"":1,""searchVolume"":0},{""year"":2025,""month"":12,""searchVolume"":0},{""year"":2025,""month"":11,""searchVolume"":0},{""year"":2025,""month"":10,""searchVolume"":0},{""year"":2025,""month"":9,""searchVolume"":0},{""year"":2025,""month"":8,""searchVolume"":0},{""year"":2025,""month"":7,""searchVolume"":0}]"
neschopenka online,ideas,true,o léčivé vodě online,10,,,0,informational,"[{""year"":2026,""month"":7,""searchVolume"":10},{""year"":2026,""month"":6,""searchVolume"":0},{""year"":2026,""month"":5,""searchVolume"":10},{""year"":2026,""month"":4,""searchVolume"":10},{""year"":2026,""month"":3,""searchVolume"":10},{""year"":2026,""month"":2,""searchVolume"":10},{""year"":2026,""month"":1,""searchVolume"":20},{""year"":2025,""month"":12,""searchVolume"":40},{""year"":2025,""month"":11,""searchVolume"":10},{""year"":2025,""month"":10,""searchVolume"":10},{""year"":2025,""month"":9,""searchVolume"":10},{""year"":2025,""month"":8,""searchVolume"":10}]"
neschopenka online,ideas,true,záznam o úrazu online,20,,,0.03,transactional,"[{""year"":2026,""month"":7,""searchVolume"":20},{""year"":2026,""month"":6,""searchVolume"":10},{""year"":2026,""month"":5,""searchVolume"":30},{""year"":2026,""month"":4,""searchVolume"":20},{""year"":2026,""month"":3,""searchVolume"":40},{""year"":2026,""month"":2,""searchVolume"":20},{""year"":2026,""month"":1,""searchVolume"":30},{""year"":2025,""month"":12,""searchVolume"":30},{""year"":2025,""month"":11,""searchVolume"":20},{""year"":2025,""month"":10,""searchVolume"":0},{""year"":2025,""month"":9,""searchVolume"":0},{""year"":2025,""month"":8,""searchVolume"":0}]"
neschopenka online,ideas,true,super doktoři online cz,10,,,0,informational,"[{""year"":2026,""month"":7,""searchVolume"":10},{""year"":2026,""month"":6,""searchVolume"":0},{""year"":2026,""month"":5,""searchVolume"":10},{""year"":2026,""month"":4,""searchVolume"":10},{""year"":2026,""month"":3,""searchVolume"":10},{""year"":2026,""month"":2,""searchVolume"":10},{""year"":2026,""month"":1,""searchVolume"":10},{""year"":2025,""month"":12,""searchVolume"":10},{""year"":2025,""month"":11,""searchVolume"":10},{""year"":2025,""month"":10,""searchVolume"":10},{""year"":2025,""month"":9,""searchVolume"":10},{""year"":2025,""month"":8,""searchVolume"":10}]"
neschopenka online,ideas,true,vzp trutnov objednání online,20,,,0,transactional,"[{""year"":2026,""month"":7,""searchVolume"":40},{""year"":2026,""month"":6,""searchVolume"":30},{""year"":2026,""month"":5,""searchVolume"":30},{""year"":2026,""month"":4,""searchVolume"":50},{""year"":2026,""month"":3,""searchVolume"":20},{""year"":2026,""month"":2,""searchVolume"":30},{""year"":2026,""month"":1,""searchVolume"":10},{""year"":2025,""month"":12,""searchVolume"":20},{""year"":2025,""month"":11,""searchVolume"":20},{""year"":2025,""month"":10,""searchVolume"":0},{""year"":2025,""month"":9,""searchVolume"":0},{""year"":2025,""month"":8,""searchVolume"":0}]"
neschopenka online,ideas,true,con air online cz,10,0,,0,navigational,"[{""year"":2026,""month"":7,""searchVolume"":10},{""year"":2026,""month"":6,""searchVolume"":10},{""year"":2026,""month"":5,""searchVolume"":10},{""year"":2026,""month"":4,""searchVolume"":10},{""year"":2026,""month"":3,""searchVolume"":10},{""year"":2026,""month"":2,""searchVolume"":10},{""year"":2026,""month"":1,""searchVolume"":10},{""year"":2025,""month"":12,""searchVolume"":10},{""year"":2025,""month"":11,""searchVolume"":30},{""year"":2025,""month"":10,""searchVolume"":70},{""year"":2025,""month"":9,""searchVolume"":20},{""year"":2025,""month"":8,""searchVolume"":20}]"
neschopenka online,ideas,true,terapie pravdou online cz,20,,,0,informational,"[{""year"":2026,""month"":7,""searchVolume"":10},{""year"":2026,""month"":6,""searchVolume"":10},{""year"":2026,""month"":5,""searchVolume"":20},{""year"":2026,""month"":4,""searchVolume"":20},{""year"":2026,""month"":3,""searchVolume"":10},{""year"":2026,""month"":2,""searchVolume"":20},{""year"":2026,""month"":1,""searchVolume"":50},{""year"":2025,""month"":12,""searchVolume"":10},{""year"":2025,""month"":11,""searchVolume"":10},{""year"":2025,""month"":10,""searchVolume"":10},{""year"":2025,""month"":9,""searchVolume"":20},{""year"":2025,""month"":8,""searchVolume"":10}]"
neschopenka online,ideas,true,dr divnoláska online cz,10,,,0,navigational,"[{""year"":2026,""month"":7,""searchVolume"":20},{""year"":2026,""month"":6,""searchVolume"":10},{""year"":2026,""month"":5,""searchVolume"":10},{""year"":2026,""month"":4,""searchVolume"":0},{""year"":2026,""month"":3,""searchVolume"":10},{""year"":2026,""month"":2,""searchVolume"":0},{""year"":2026,""month"":1,""searchVolume"":10},{""year"":2025,""month"":12,""searchVolume"":20},{""year"":2025,""month"":11,""searchVolume"":20},{""year"":2025,""month"":10,""searchVolume"":10},{""year"":2025,""month"":9,""searchVolume"":30},{""year"":2025,""month"":8,""searchVolume"":10}]"
neschopenka online,ideas,true,běžné vedlejší účinky online,10,,,0,informational,"[{""year"":2026,""month"":7,""searchVolume"":10},{""year"":2026,""month"":6,""searchVolume"":10},{""year"":2026,""month"":5,""searchVolume"":10},{""year"":2026,""month"":4,""searchVolume"":10},{""year"":2026,""month"":3,""searchVolume"":0},{""year"":2026,""month"":2,""searchVolume"":10},{""year"":2026,""month"":1,""searchVolume"":10},{""year"":2025,""month"":12,""searchVolume"":10},{""year"":2025,""month"":11,""searchVolume"":10},{""year"":2025,""month"":10,""searchVolume"":20},{""year"":2025,""month"":9,""searchVolume"":10},{""year"":2025,""month"":8,""searchVolume"":10}]"
neschopenka online,ideas,true,psycholog online 24h zdarma,,32,,,navigational,"[{""year"":2026,""month"":6,""searchVolume"":0},{""year"":2026,""month"":5,""searchVolume"":0},{""year"":2026,""month"":4,""searchVolume"":0},{""year"":2026,""month"":3,""searchVolume"":0},{""year"":2026,""month"":2,""searchVolume"":0},{""year"":2026,""month"":1,""searchVolume"":0},{""year"":2025,""month"":12,""searchVolume"":0},{""year"":2025,""month"":11,""searchVolume"":0},{""year"":2025,""month"":10,""searchVolume"":0},{""year"":2025,""month"":9,""searchVolume"":0},{""year"":2025,""month"":8,""searchVolume"":0},{""year"":2025,""month"":7,""searchVolume"":0}]"
neschopenka online,ideas,true,praktický lékař online webinář,,,,,informational,"[{""year"":2026,""month"":5,""searchVolume"":0},{""year"":2026,""month"":4,""searchVolume"":0},{""year"":2026,""month"":3,""searchVolume"":0},{""year"":2026,""month"":2,""searchVolume"":0},{""year"":2026,""month"":1,""searchVolume"":0},{""year"":2025,""month"":12,""searchVolume"":0},{""year"":2025,""month"":11,""searchVolume"":0},{""year"":2025,""month"":10,""searchVolume"":0},{""year"":2025,""month"":9,""searchVolume"":0},{""year"":2025,""month"":8,""searchVolume"":0},{""year"":2025,""month"":7,""searchVolume"":0},{""year"":2025,""month"":6,""searchVolume"":0}]"
neschopenka online,ideas,true,vedlejší účinky online cz,,,,,informational,"[{""year"":2026,""month"":5,""searchVolume"":0},{""year"":2026,""month"":4,""searchVolume"":0},{""year"":2026,""month"":3,""searchVolume"":0},{""year"":2026,""month"":2,""searchVolume"":0},{""year"":2026,""month"":1,""searchVolume"":0},{""year"":2025,""month"":12,""searchVolume"":0},{""year"":2025,""month"":11,""searchVolume"":0},{""year"":2025,""month"":10,""searchVolume"":0},{""year"":2025,""month"":9,""searchVolume"":0},{""year"":2025,""month"":8,""searchVolume"":0},{""year"":2025,""month"":7,""searchVolume"":0},{""year"":2025,""month"":6,""searchVolume"":0}]"
neschopenka online,ideas,true,pomoc psychologa online zdarma,,,,,informational,"[{""year"":2026,""month"":5,""searchVolume"":0},{""year"":2026,""month"":4,""searchVolume"":0},{""year"":2026,""month"":3,""searchVolume"":0},{""year"":2026,""month"":2,""searchVolume"":0},{""year"":2026,""month"":1,""searchVolume"":0},{""year"":2025,""month"":12,""searchVolume"":0},{""year"":2025,""month"":11,""searchVolume"":0},{""year"":2025,""month"":10,""searchVolume"":0},{""year"":2025,""month"":9,""searchVolume"":0},{""year"":2025,""month"":8,""searchVolume"":0},{""year"":2025,""month"":7,""searchVolume"":0},{""year"":2025,""month"":6,""searchVolume"":0}]"
neschopenka online,ideas,true,dětská psychologická poradna online,,,,,navigational,"[{""year"":2026,""month"":5,""searchVolume"":0},{""year"":2026,""month"":4,""searchVolume"":0},{""year"":2026,""month"":3,""searchVolume"":0},{""year"":2026,""month"":2,""searchVolume"":0},{""year"":2026,""month"":1,""searchVolume"":0},{""year"":2025,""month"":12,""searchVolume"":0},{""year"":2025,""month"":11,""searchVolume"":0},{""year"":2025,""month"":10,""searchVolume"":0},{""year"":2025,""month"":9,""searchVolume"":0},{""year"":2025,""month"":8,""searchVolume"":0},{""year"":2025,""month"":7,""searchVolume"":0},{""year"":2025,""month"":6,""searchVolume"":0}]"
neschopenka online,ideas,true,e-neschopenka kontrola,10,39,,0,navigational,"[{""year"":2026,""month"":7,""searchVolume"":10},{""year"":2026,""month"":6,""searchVolume"":10},{""year"":2026,""month"":5,""searchVolume"":10},{""year"":2026,""month"":4,""searchVolume"":10},{""year"":2026,""month"":3,""searchVolume"":10},{""year"":2026,""month"":2,""searchVolume"":10},{""year"":2026,""month"":1,""searchVolume"":10},{""year"":2025,""month"":12,""searchVolume"":10},{""year"":2025,""month"":11,""searchVolume"":10},{""year"":2025,""month"":10,""searchVolume"":10},{""year"":2025,""month"":9,""searchVolume"":10},{""year"":2025,""month"":8,""searchVolume"":10}]"
neschopenka online,ideas,true,e-neschopenka diskuze,10,,,,informational,"[{""year"":2026,""month"":7,""searchVolume"":0},{""year"":2026,""month"":6,""searchVolume"":0},{""year"":2026,""month"":5,""searchVolume"":10},{""year"":2026,""month"":4,""searchVolume"":0},{""year"":2026,""month"":3,""searchVolume"":0},{""year"":2026,""month"":2,""searchVolume"":0},{""year"":2026,""month"":1,""searchVolume"":0},{""year"":2025,""month"":12,""searchVolume"":10},{""year"":2025,""month"":11,""searchVolume"":0},{""year"":2025,""month"":10,""searchVolume"":10},{""year"":2025,""month"":9,""searchVolume"":0},{""year"":2025,""month"":8,""searchVolume"":0}]"
neschopenka online,ideas,true,optika online,170,43,1.47,1,navigational,"[{""year"":2026,""month"":7,""searchVolume"":140},{""year"":2026,""month"":6,""searchVolume"":140},{""year"":2026,""month"":5,""searchVolume"":170},{""year"":2026,""month"":4,""searchVolume"":170},{""year"":2026,""month"":3,""searchVolume"":210},{""year"":2026,""month"":2,""searchVolume"":170},{""year"":2026,""month"":1,""searchVolume"":210},{""year"":2025,""month"":12,""searchVolume"":170},{""year"":2025,""month"":11,""searchVolume"":170},{""year"":2025,""month"":10,""searchVolume"":170},{""year"":2025,""month"":9,""searchVolume"":170},{""year"":2025,""month"":8,""searchVolume"":170}]"
neschopenka online,ideas,true,herbář online,110,18,0.43,0.04,informational,"[{""year"":2026,""month"":7,""searchVolume"":70},{""year"":2026,""month"":6,""searchVolume"":140},{""year"":2026,""month"":5,""searchVolume"":320},{""year"":2026,""month"":4,""searchVolume"":170},{""year"":2026,""month"":3,""searchVolume"":90},{""year"":2026,""month"":2,""searchVolume"":50},{""year"":2026,""month"":1,""searchVolume"":70},{""year"":2025,""month"":12,""searchVolume"":90},{""year"":2025,""month"":11,""searchVolume"":170},{""year"":2025,""month"":10,""searchVolume"":170},{""year"":2025,""month"":9,""searchVolume"":90},{""year"":2025,""month"":8,""searchVolume"":70}]"
neschopenka online,ideas,true,online terapie zdarma,110,58,1.57,0.77,informational,"[{""year"":2026,""month"":7,""searchVolume"":70},{""year"":2026,""month"":6,""searchVolume"":110},{""year"":2026,""month"":5,""searchVolume"":140},{""year"":2026,""month"":4,""searchVolume"":110},{""year"":2026,""month"":3,""searchVolume"":140},{""year"":2026,""month"":2,""searchVolume"":110},{""year"":2026,""month"":1,""searchVolume"":140},{""year"":2025,""month"":12,""searchVolume"":70},{""year"":2025,""month"":11,""searchVolume"":90},{""year"":2025,""month"":10,""searchVolume"":110},{""year"":2025,""month"":9,""searchVolume"":90},{""year"":2025,""month"":8,""searchVolume"":90}]"
neschopenka online,ideas,true,online terapeut zdarma,110,30,1.57,0.77,transactional,"[{""year"":2026,""month"":7,""searchVolume"":70},{""year"":2026,""month"":6,""searchVolume"":110},{""year"":2026,""month"":5,""searchVolume"":140},{""year"":2026,""month"":4,""searchVolume"":110},{""year"":2026,""month"":3,""searchVolume"":140},{""year"":2026,""month"":2,""searchVolume"":110},{""year"":2026,""month"":1,""searchVolume"":140},{""year"":2025,""month"":12,""searchVolume"":70},{""year"":2025,""month"":11,""searchVolume"":90},{""year"":2025,""month"":10,""searchVolume"":110},{""year"":2025,""month"":9,""searchVolume"":90},{""year"":2025,""month"":8,""searchVolume"":90}]"
neschopenka online,ideas,true,online psychologie,90,62,2.34,0.7,informational,"[{""year"":2026,""month"":7,""searchVolume"":70},{""year"":2026,""month"":6,""searchVolume"":70},{""year"":2026,""month"":5,""searchVolume"":70},{""year"":2026,""month"":4,""searchVolume"":70},{""year"":2026,""month"":3,""searchVolume"":90},{""year"":2026,""month"":2,""searchVolume"":90},{""year"":2026,""month"":1,""searchVolume"":110},{""year"":2025,""month"":12,""searchVolume"":70},{""year"":2025,""month"":11,""searchVolume"":90},{""year"":2025,""month"":10,""searchVolume"":90},{""year"":2025,""month"":9,""searchVolume"":70},{""year"":2025,""month"":8,""searchVolume"":70}]"
neschopenka online,ideas,true,nezne vlny online,70,0,,0,informational,"[{""year"":2026,""month"":7,""searchVolume"":30},{""year"":2026,""month"":6,""searchVolume"":20},{""year"":2026,""month"":5,""searchVolume"":40},{""year"":2026,""month"":4,""searchVolume"":40},{""year"":2026,""month"":3,""searchVolume"":70},{""year"":2026,""month"":2,""searchVolume"":50},{""year"":2026,""month"":1,""searchVolume"":110},{""year"":2025,""month"":12,""searchVolume"":110},{""year"":2025,""month"":11,""searchVolume"":320},{""year"":2025,""month"":10,""searchVolume"":70},{""year"":2025,""month"":9,""searchVolume"":50},{""year"":2025,""month"":8,""searchVolume"":40}]"
neschopenka online,ideas,true,mše online vnorovy,70,2,,0,informational,"[{""year"":2026,""month"":7,""searchVolume"":50},{""year"":2026,""month"":6,""searchVolume"":110},{""year"":2026,""month"":5,""searchVolume"":40},{""year"":2026,""month"":4,""searchVolume"":50},{""year"":2026,""month"":3,""searchVolume"":90},{""year"":2026,""month"":2,""searchVolume"":70},{""year"":2026,""month"":1,""searchVolume"":70},{""year"":2025,""month"":12,""searchVolume"":50},{""year"":2025,""month"":11,""searchVolume"":50},{""year"":2025,""month"":10,""searchVolume"":70},{""year"":2025,""month"":9,""searchVolume"":110},{""year"":2025,""month"":8,""searchVolume"":70}]"
neschopenka online,ideas,true,nanda diagnózy online,70,0,,0.38,navigational,"[{""year"":2026,""month"":7,""searchVolume"":10},{""year"":2026,""month"":6,""searchVolume"":40},{""year"":2026,""month"":5,""searchVolume"":90},{""year"":2026,""month"":4,""searchVolume"":90},{""year"":2026,""month"":3,""searchVolume"":70},{""year"":2026,""month"":2,""searchVolume"":50},{""year"":2026,""month"":1,""searchVolume"":70},{""year"":2025,""month"":12,""searchVolume"":50},{""year"":2025,""month"":11,""searchVolume"":90},{""year"":2025,""month"":10,""searchVolume"":110},{""year"":2025,""month"":9,""searchVolume"":110},{""year"":2025,""month"":8,""searchVolume"":30}]"
neschopenka online,ideas,true,anastázie online,50,0,1.14,0.02,informational,"[{""year"":2026,""month"":7,""searchVolume"":50},{""year"":2026,""month"":6,""searchVolume"":30},{""year"":2026,""month"":5,""searchVolume"":10},{""year"":2026,""month"":4,""searchVolume"":30},{""year"":2026,""month"":3,""searchVolume"":20},{""year"":2026,""month"":2,""searchVolume"":50},{""year"":2026,""month"":1,""searchVolume"":90},{""year"":2025,""month"":12,""searchVolume"":140},{""year"":2025,""month"":11,""searchVolume"":50},{""year"":2025,""month"":10,""searchVolume"":50},{""year"":2025,""month"":9,""searchVolume"":40},{""year"":2025,""month"":8,""searchVolume"":40}]"
neschopenka online,ideas,true,masáž online rezervace,50,,1.89,0.53,transactional,"[{""year"":2026,""month"":7,""searchVolume"":70},{""year"":2026,""month"":6,""searchVolume"":40},{""year"":2026,""month"":5,""searchVolume"":50},{""year"":2026,""month"":4,""searchVolume"":40},{""year"":2026,""month"":3,""searchVolume"":50},{""year"":2026,""month"":2,""searchVolume"":50},{""year"":2026,""month"":1,""searchVolume"":40},{""year"":2025,""month"":12,""searchVolume"":40},{""year"":2025,""month"":11,""searchVolume"":70},{""year"":2025,""month"":10,""searchVolume"":40},{""year"":2025,""month"":9,""searchVolume"":40},{""year"":2025,""month"":8,""searchVolume"":110}]"
neschopenka online,ideas,true,atmosferický tlak online,50,,,0,informational,"[{""year"":2026,""month"":7,""searchVolume"":50},{""year"":2026,""month"":6,""searchVolume"":40},{""year"":2026,""month"":5,""searchVolume"":70},{""year"":2026,""month"":4,""searchVolume"":50},{""year"":2026,""month"":3,""searchVolume"":40},{""year"":2026,""month"":2,""searchVolume"":50},{""year"":2026,""month"":1,""searchVolume"":50},{""year"":2025,""month"":12,""searchVolume"":70},{""year"":2025,""month"":11,""searchVolume"":50},{""year"":2025,""month"":10,""searchVolume"":40},{""year"":2025,""month"":9,""searchVolume"":40},{""year"":2025,""month"":8,""searchVolume"":30}]"
neschopenka online,ideas,true,masáže online rezervace,50,,1.89,0.53,transactional,"[{""year"":2026,""month"":7,""searchVolume"":70},{""year"":2026,""month"":6,""searchVolume"":40},{""year"":2026,""month"":5,""searchVolume"":50},{""year"":2026,""month"":4,""searchVolume"":40},{""year"":2026,""month"":3,""searchVolume"":50},{""year"":2026,""month"":2,""searchVolume"":50},{""year"":2026,""month"":1,""searchVolume"":40},{""year"":2025,""month"":12,""searchVolume"":40},{""year"":2025,""month"":11,""searchVolume"":70},{""year"":2025,""month"":10,""searchVolume"":40},{""year"":2025,""month"":9,""searchVolume"":40},{""year"":2025,""month"":8,""searchVolume"":110}]"
neschopenka online,ideas,true,online rozvrh,40,,,0,informational,"[{""year"":2026,""month"":7,""searchVolume"":10},{""year"":2026,""month"":6,""searchVolume"":20},{""year"":2026,""month"":5,""searchVolume"":30},{""year"":2026,""month"":4,""searchVolume"":10},{""year"":2026,""month"":3,""searchVolume"":20},{""year"":2026,""month"":2,""searchVolume"":40},{""year"":2026,""month"":1,""searchVolume"":70},{""year"":2025,""month"":12,""searchVolume"":20},{""year"":2025,""month"":11,""searchVolume"":20},{""year"":2025,""month"":10,""searchVolume"":40},{""year"":2025,""month"":9,""searchVolume"":140},{""year"":2025,""month"":8,""searchVolume"":70}]"
neschopenka online,ideas,true,kava online,40,78,4.85,1,informational,"[{""year"":2026,""month"":7,""searchVolume"":20},{""year"":2026,""month"":6,""searchVolume"":20},{""year"":2026,""month"":5,""searchVolume"":30},{""year"":2026,""month"":4,""searchVolume"":30},{""year"":2026,""month"":3,""searchVolume"":40},{""year"":2026,""month"":2,""searchVolume"":30},{""year"":2026,""month"":1,""searchVolume"":50},{""year"":2025,""month"":12,""searchVolume"":50},{""year"":2025,""month"":11,""searchVolume"":50},{""year"":2025,""month"":10,""searchVolume"":70},{""year"":2025,""month"":9,""searchVolume"":40},{""year"":2025,""month"":8,""searchVolume"":40}]"
neschopenka online,ideas,true,smysl pro tumor online,50,0,,0.03,informational,"[{""year"":2026,""month"":7,""searchVolume"":40},{""year"":2026,""month"":6,""searchVolume"":50},{""year"":2026,""month"":5,""searchVolume"":30},{""year"":2026,""month"":4,""searchVolume"":30},{""year"":2026,""month"":3,""searchVolume"":40},{""year"":2026,""month"":2,""searchVolume"":70},{""year"":2026,""month"":1,""searchVolume"":70},{""year"":2025,""month"":12,""searchVolume"":70},{""year"":2025,""month"":11,""searchVolume"":50},{""year"":2025,""month"":10,""searchVolume"":70},{""year"":2025,""month"":9,""searchVolume"":70},{""year"":2025,""month"":8,""searchVolume"":50}]"
neschopenka online,ideas,true,dr max online poradna,50,25,0.68,0.11,navigational,"[{""year"":2026,""month"":7,""searchVolume"":30},{""year"":2026,""month"":6,""searchVolume"":30},{""year"":2026,""month"":5,""searchVolume"":50},{""year"":2026,""month"":4,""searchVolume"":50},{""year"":2026,""month"":3,""searchVolume"":70},{""year"":2026,""month"":2,""searchVolume"":70},{""year"":2026,""month"":1,""searchVolume"":70},{""year"":2025,""month"":12,""searchVolume"":40},{""year"":2025,""month"":11,""searchVolume"":50},{""year"":2025,""month"":10,""searchVolume"":40},{""year"":2025,""month"":9,""searchVolume"":50},{""year"":2025,""month"":8,""searchVolume"":50}]"
neschopenka online,ideas,true,online doktor 24/7,50,,0.53,0.16,informational,"[{""year"":2026,""month"":7,""searchVolume"":30},{""year"":2026,""month"":6,""searchVolume"":20},{""year"":2026,""month"":5,""searchVolume"":40},{""year"":2026,""month"":4,""searchVolume"":30},{""year"":2026,""month"":3,""searchVolume"":30},{""year"":2026,""month"":2,""searchVolume"":50},{""year"":2026,""month"":1,""searchVolume"":50},{""year"":2025,""month"":12,""searchVolume"":90},{""year"":2025,""month"":11,""searchVolume"":30},{""year"":2025,""month"":10,""searchVolume"":70},{""year"":2025,""month"":9,""searchVolume"":70},{""year"":2025,""month"":8,""searchVolume"":50}]"
neschopenka online,ideas,true,farma 13 online,40,0,,0,navigational,"[{""year"":2026,""month"":7,""searchVolume"":10},{""year"":2026,""month"":6,""searchVolume"":10},{""year"":2026,""month"":5,""searchVolume"":10},{""year"":2026,""month"":4,""searchVolume"":10},{""year"":2026,""month"":3,""searchVolume"":10},{""year"":2026,""month"":2,""searchVolume"":10},{""year"":2026,""month"":1,""searchVolume"":40},{""year"":2025,""month"":12,""searchVolume"":90},{""year"":2025,""month"":11,""searchVolume"":90},{""year"":2025,""month"":10,""searchVolume"":70},{""year"":2025,""month"":9,""searchVolume"":110},{""year"":2025,""month"":8,""searchVolume"":70}]"
neschopenka online,ideas,true,agresivní virus online,40,,,0,informational,"[{""year"":2026,""month"":7,""searchVolume"":10},{""year"":2026,""month"":6,""searchVolume"":20},{""year"":2026,""month"":5,""searchVolume"":20},{""year"":2026,""month"":4,""searchVolume"":50},{""year"":2026,""month"":3,""searchVolume"":30},{""year"":2026,""month"":2,""searchVolume"":40},{""year"":2026,""month"":1,""searchVolume"":70},{""year"":2025,""month"":12,""searchVolume"":40},{""year"":2025,""month"":11,""searchVolume"":10},{""year"":2025,""month"":10,""searchVolume"":40},{""year"":2025,""month"":9,""searchVolume"":70},{""year"":2025,""month"":8,""searchVolume"":90}]"
neschopenka online,ideas,true,mvcr objednani online,40,26,,0,navigational,"[{""year"":2026,""month"":7,""searchVolume"":70},{""year"":2026,""month"":6,""searchVolume"":50},{""year"":2026,""month"":5,""searchVolume"":50},{""year"":2026,""month"":4,""searchVolume"":40},{""year"":2026,""month"":3,""searchVolume"":40},{""year"":2026,""month"":2,""searchVolume"":70},{""year"":2026,""month"":1,""searchVolume"":110},{""year"":2025,""month"":12,""searchVolume"":20},{""year"":2025,""month"":11,""searchVolume"":20},{""year"":2025,""month"":10,""searchVolume"":10},{""year"":2025,""month"":9,""searchVolume"":10},{""year"":2025,""month"":8,""searchVolume"":10}]"
neschopenka online,ideas,true,ozempic prodej online,40,,0.36,0.23,transactional,"[{""year"":2026,""month"":7,""searchVolume"":110},{""year"":2026,""month"":6,""searchVolume"":110},{""year"":2026,""month"":5,""searchVolume"":110},{""year"":2026,""month"":4,""searchVolume"":90},{""year"":2026,""month"":3,""searchVolume"":70},{""year"":2026,""month"":2,""searchVolume"":0},{""year"":2026,""month"":1,""searchVolume"":0},{""year"":2025,""month"":12,""searchVolume"":0},{""year"":2025,""month"":11,""searchVolume"":0},{""year"":2025,""month"":10,""searchVolume"":0},{""year"":2025,""month"":9,""searchVolume"":0},{""year"":2025,""month"":8,""searchVolume"":0}]"
neschopenka online,ideas,true,sexuálna výchova online,40,6,,0.01,informational,"[{""year"":2026,""month"":7,""searchVolume"":50},{""year"":2026,""month"":6,""searchVolume"":30},{""year"":2026,""month"":5,""searchVolume"":40},{""year"":2026,""month"":4,""searchVolume"":40},{""year"":2026,""month"":3,""searchVolume"":10},{""year"":2026,""month"":2,""searchVolume"":40},{""year"":2026,""month"":1,""searchVolume"":20},{""year"":2025,""month"":12,""searchVolume"":20},{""year"":2025,""month"":11,""searchVolume"":30},{""year"":2025,""month"":10,""searchVolume"":30},{""year"":2025,""month"":9,""searchVolume"":70},{""year"":2025,""month"":8,""searchVolume"":90}]"
neschopenka online,ideas,true,koronavirus online,30,46,,0,informational,"[{""year"":2026,""month"":7,""searchVolume"":20},{""year"":2026,""month"":6,""searchVolume"":10},{""year"":2026,""month"":5,""searchVolume"":10},{""year"":2026,""month"":4,""searchVolume"":10},{""year"":2026,""month"":3,""searchVolume"":10},{""year"":2026,""month"":2,""searchVolume"":10},{""year"":2026,""month"":1,""searchVolume"":20},{""year"":2025,""month"":12,""searchVolume"":40},{""year"":2025,""month"":11,""searchVolume"":50},{""year"":2025,""month"":10,""searchVolume"":50},{""year"":2025,""month"":9,""searchVolume"":70},{""year"":2025,""month"":8,""searchVolume"":50}]"
neschopenka online,ideas,true,vzp proplácení očkování online,40,14,,0,transactional,"[{""year"":2026,""month"":7,""searchVolume"":20},{""year"":2026,""month"":6,""searchVolume"":30},{""year"":2026,""month"":5,""searchVolume"":20},{""year"":2026,""month"":4,""searchVolume"":30},{""year"":2026,""month"":3,""searchVolume"":40},{""year"":2026,""month"":2,""searchVolume"":40},{""year"":2026,""month"":1,""searchVolume"":40},{""year"":2025,""month"":12,""searchVolume"":50},{""year"":2025,""month"":11,""searchVolume"":50},{""year"":2025,""month"":10,""searchVolume"":70},{""year"":2025,""month"":9,""searchVolume"":50},{""year"":2025,""month"":8,""searchVolume"":40}]"
neschopenka online,ideas,true,doktoři z počátků online,40,15,0.52,0.04,informational,"[{""year"":2026,""month"":7,""searchVolume"":210},{""year"":2026,""month"":6,""searchVolume"":30},{""year"":2026,""month"":5,""searchVolume"":10},{""year"":2026,""month"":4,""searchVolume"":10},{""year"":2026,""month"":3,""searchVolume"":10},{""year"":2026,""month"":2,""searchVolume"":40},{""year"":2026,""month"":1,""searchVolume"":50},{""year"":2025,""month"":12,""searchVolume"":20},{""year"":2025,""month"":11,""searchVolume"":10},{""year"":2025,""month"":10,""searchVolume"":10},{""year"":2025,""month"":9,""searchVolume"":30},{""year"":2025,""month"":8,""searchVolume"":20}]"
neschopenka online,ideas,true,online pohotovost karlovarský kraj,40,10,0.43,0.03,navigational,"[{""year"":2026,""month"":7,""searchVolume"":30},{""year"":2026,""month"":6,""searchVolume"":10},{""year"":2026,""month"":5,""searchVolume"":20},{""year"":2026,""month"":4,""searchVolume"":20},{""year"":2026,""month"":3,""searchVolume"":10},{""year"":2026,""month"":2,""searchVolume"":10},{""year"":2026,""month"":1,""searchVolume"":90},{""year"":2025,""month"":12,""searchVolume"":90},{""year"":2025,""month"":11,""searchVolume"":40},{""year"":2025,""month"":10,""searchVolume"":50},{""year"":2025,""month"":9,""searchVolume"":40},{""year"":2025,""month"":8,""searchVolume"":70}]"
neschopenka online,ideas,true,pramen mládí online,30,,,0,informational,"[{""year"":2026,""month"":7,""searchVolume"":10},{""year"":2026,""month"":6,""searchVolume"":10},{""year"":2026,""month"":5,""searchVolume"":10},{""year"":2026,""month"":4,""searchVolume"":10},{""year"":2026,""month"":3,""searchVolume"":10},{""year"":2026,""month"":2,""searchVolume"":20},{""year"":2026,""month"":1,""searchVolume"":40},{""year"":2025,""month"":12,""searchVolume"":40},{""year"":2025,""month"":11,""searchVolume"":30},{""year"":2025,""month"":10,""searchVolume"":40},{""year"":2025,""month"":9,""searchVolume"":40},{""year"":2025,""month"":8,""searchVolume"":70}]"
neschopenka online,ideas,true,pravdivé lži online,30,0,,0,informational,"[{""year"":2026,""month"":7,""searchVolume"":20},{""year"":2026,""month"":6,""searchVolume"":20},{""year"":2026,""month"":5,""searchVolume"":10},{""year"":2026,""month"":4,""searchVolume"":20},{""year"":2026,""month"":3,""searchVolume"":40},{""year"":2026,""month"":2,""searchVolume"":40},{""year"":2026,""month"":1,""searchVolume"":70},{""year"":2025,""month"":12,""searchVolume"":70},{""year"":2025,""month"":11,""searchVolume"":20},{""year"":2025,""month"":10,""searchVolume"":40},{""year"":2025,""month"":9,""searchVolume"":20},{""year"":2025,""month"":8,""searchVolume"":30}]"
neschopenka online,ideas,true,vzp online objednání praha 4,40,,,0,transactional,"[{""year"":2026,""month"":7,""searchVolume"":30},{""year"":2026,""month"":6,""searchVolume"":20},{""year"":2026,""month"":5,""searchVolume"":40},{""year"":2026,""month"":4,""searchVolume"":50},{""year"":2026,""month"":3,""searchVolume"":70},{""year"":2026,""month"":2,""searchVolume"":40},{""year"":2026,""month"":1,""searchVolume"":30},{""year"":2025,""month"":12,""searchVolume"":30},{""year"":2025,""month"":11,""searchVolume"":40},{""year"":2025,""month"":10,""searchVolume"":30},{""year"":2025,""month"":9,""searchVolume"":40},{""year"":2025,""month"":8,""searchVolume"":20}]"
neschopenka online,ideas,true,mentalista online dily,30,38,,,navigational,"[{""year"":2026,""month"":7,""searchVolume"":0},{""year"":2026,""month"":6,""searchVolume"":10},{""year"":2026,""month"":5,""searchVolume"":20},{""year"":2026,""month"":4,""searchVolume"":30},{""year"":2026,""month"":3,""searchVolume"":50},{""year"":2026,""month"":2,""searchVolume"":30},{""year"":2026,""month"":1,""searchVolume"":50},{""year"":2025,""month"":12,""searchVolume"":50},{""year"":2025,""month"":11,""searchVolume"":50},{""year"":2025,""month"":10,""searchVolume"":20},{""year"":2025,""month"":9,""searchVolume"":10},{""year"":2025,""month"":8,""searchVolume"":10}]"
neschopenka online,ideas,true,farma 12 online,30,11,,0.04,navigational,"[{""year"":2026,""month"":7,""searchVolume"":10},{""year"":2026,""month"":6,""searchVolume"":20},{""year"":2026,""month"":5,""searchVolume"":20},{""year"":2026,""month"":4,""searchVolume"":10},{""year"":2026,""month"":3,""searchVolume"":10},{""year"":2026,""month"":2,""searchVolume"":10},{""year"":2026,""month"":1,""searchVolume"":10},{""year"":2025,""month"":12,""searchVolume"":50},{""year"":2025,""month"":11,""searchVolume"":70},{""year"":2025,""month"":10,""searchVolume"":40},{""year"":2025,""month"":9,""searchVolume"":20},{""year"":2025,""month"":8,""searchVolume"":70}]"
neschopenka online,ideas,true,online recept na leky,30,,1.83,0.18,transactional,"[{""year"":2026,""month"":7,""searchVolume"":30},{""year"":2026,""month"":6,""searchVolume"":20},{""year"":2026,""month"":5,""searchVolume"":30},{""year"":2026,""month"":4,""searchVolume"":30},{""year"":2026,""month"":3,""searchVolume"":20},{""year"":2026,""month"":2,""searchVolume"":30},{""year"":2026,""month"":1,""searchVolume"":30},{""year"":2025,""month"":12,""searchVolume"":30},{""year"":2025,""month"":11,""searchVolume"":10},{""year"":2025,""month"":10,""searchVolume"":40},{""year"":2025,""month"":9,""searchVolume"":30},{""year"":2025,""month"":8,""searchVolume"":40}]"
neschopenka online,ideas,true,online recepty na leky,30,,1.83,0.18,informational,"[{""year"":2026,""month"":7,""searchVolume"":30},{""year"":2026,""month"":6,""searchVolume"":20},{""year"":2026,""month"":5,""searchVolume"":30},{""year"":2026,""month"":4,""searchVolume"":30},{""year"":2026,""month"":3,""searchVolume"":20},{""year"":2026,""month"":2,""searchVolume"":30},{""year"":2026,""month"":1,""searchVolume"":30},{""year"":2025,""month"":12,""searchVolume"":30},{""year"":2025,""month"":11,""searchVolume"":10},{""year"":2025,""month"":10,""searchVolume"":40},{""year"":2025,""month"":9,""searchVolume"":30},{""year"":2025,""month"":8,""searchVolume"":40}]"
neschopenka online,ideas,true,ossz zlín objednání online,30,,,0,transactional,"[{""year"":2026,""month"":7,""searchVolume"":20},{""year"":2026,""month"":6,""searchVolume"":20},{""year"":2026,""month"":5,""searchVolume"":30},{""year"":2026,""month"":4,""searchVolume"":20},{""year"":2026,""month"":3,""searchVolume"":50},{""year"":2026,""month"":2,""searchVolume"":40},{""year"":2026,""month"":1,""searchVolume"":50},{""year"":2025,""month"":12,""searchVolume"":20},{""year"":2025,""month"":11,""searchVolume"":50},{""year"":2025,""month"":10,""searchVolume"":20},{""year"":2025,""month"":9,""searchVolume"":10},{""year"":2025,""month"":8,""searchVolume"":10}]"
neschopenka online,ideas,true,mssz brno online objednání,30,,,0,navigational,"[{""year"":2026,""month"":7,""searchVolume"":50},{""year"":2026,""month"":6,""searchVolume"":70},{""year"":2026,""month"":5,""searchVolume"":40},{""year"":2026,""month"":4,""searchVolume"":50},{""year"":2026,""month"":3,""searchVolume"":50},{""year"":2026,""month"":2,""searchVolume"":30},{""year"":2026,""month"":1,""searchVolume"":40},{""year"":2025,""month"":12,""searchVolume"":20},{""year"":2025,""month"":11,""searchVolume"":20},{""year"":2025,""month"":10,""searchVolume"":20},{""year"":2025,""month"":9,""searchVolume"":10},{""year"":2025,""month"":8,""searchVolume"":10}]"
neschopenka online,ideas,true,zhubni nebo přiber online,30,0,,0,transactional,"[{""year"":2026,""month"":7,""searchVolume"":10},{""year"":2026,""month"":6,""searchVolume"":20},{""year"":2026,""month"":5,""searchVolume"":10},{""year"":2026,""month"":4,""searchVolume"":10},{""year"":2026,""month"":3,""searchVolume"":10},{""year"":2026,""month"":2,""searchVolume"":20},{""year"":2026,""month"":1,""searchVolume"":70},{""year"":2025,""month"":12,""searchVolume"":70},{""year"":2025,""month"":11,""searchVolume"":20},{""year"":2025,""month"":10,""searchVolume"":10},{""year"":2025,""month"":9,""searchVolume"":20},{""year"":2025,""month"":8,""searchVolume"":50}]"
neschopenka online,ideas,true,v pasti online cz,30,1,,0.04,navigational,"[{""year"":2026,""month"":7,""searchVolume"":10},{""year"":2026,""month"":6,""searchVolume"":10},{""year"":2026,""month"":5,""searchVolume"":10},{""year"":2026,""month"":4,""searchVolume"":10},{""year"":2026,""month"":3,""searchVolume"":10},{""year"":2026,""month"":2,""searchVolume"":10},{""year"":2026,""month"":1,""searchVolume"":70},{""year"":2025,""month"":12,""searchVolume"":30},{""year"":2025,""month"":11,""searchVolume"":40},{""year"":2025,""month"":10,""searchVolume"":50},{""year"":2025,""month"":9,""searchVolume"":50},{""year"":2025,""month"":8,""searchVolume"":70}]"
neschopenka online,ideas,true,anatomie života online zdarma,30,42,,0,informational,"[{""year"":2026,""month"":7,""searchVolume"":10},{""year"":2026,""month"":6,""searchVolume"":10},{""year"":2026,""month"":5,""searchVolume"":10},{""year"":2026,""month"":4,""searchVolume"":10},{""year"":2026,""month"":3,""searchVolume"":10},{""year"":2026,""month"":2,""searchVolume"":10},{""year"":2026,""month"":1,""searchVolume"":10},{""year"":2025,""month"":12,""searchVolume"":10},{""year"":2025,""month"":11,""searchVolume"":50},{""year"":2025,""month"":10,""searchVolume"":110},{""year"":2025,""month"":9,""searchVolume"":90},{""year"":2025,""month"":8,""searchVolume"":40}]"
neschopenka online,ideas,true,dechovky online,20,,0.01,0.09,informational,"[{""year"":2026,""month"":7,""searchVolume"":20},{""year"":2026,""month"":6,""searchVolume"":20},{""year"":2026,""month"":5,""searchVolume"":40},{""year"":2026,""month"":4,""searchVolume"":20},{""year"":2026,""month"":3,""searchVolume"":10},{""year"":2026,""month"":2,""searchVolume"":10},{""year"":2026,""month"":1,""searchVolume"":10},{""year"":2025,""month"":12,""searchVolume"":10},{""year"":2025,""month"":11,""searchVolume"":10},{""year"":2025,""month"":10,""searchVolume"":10},{""year"":2025,""month"":9,""searchVolume"":20},{""year"":2025,""month"":8,""searchVolume"":30}]"
neschopenka online,ideas,true,ozempic online,20,,0.48,0.07,transactional,"[{""year"":2026,""month"":7,""searchVolume"":20},{""year"":2026,""month"":6,""searchVolume"":10},{""year"":2026,""month"":5,""searchVolume"":20},{""year"":2026,""month"":4,""searchVolume"":30},{""year"":2026,""month"":3,""searchVolume"":30},{""year"":2026,""month"":2,""searchVolume"":10},{""year"":2026,""month"":1,""searchVolume"":30},{""year"":2025,""month"":12,""searchVolume"":20},{""year"":2025,""month"":11,""searchVolume"":20},{""year"":2025,""month"":10,""searchVolume"":10},{""year"":2025,""month"":9,""searchVolume"":10},{""year"":2025,""month"":8,""searchVolume"":10}]"
neschopenka online,ideas,true,insomnie online,20,45,,0,informational,"[{""year"":2026,""month"":7,""searchVolume"":20},{""year"":2026,""month"":6,""searchVolume"":10},{""year"":2026,""month"":5,""searchVolume"":10},{""year"":2026,""month"":4,""searchVolume"":10},{""year"":2026,""month"":3,""searchVolume"":10},{""year"":2026,""month"":2,""searchVolume"":10},{""year"":2026,""month"":1,""searchVolume"":20},{""year"":2025,""month"":12,""searchVolume"":10},{""year"":2025,""month"":11,""searchVolume"":40},{""year"":2025,""month"":10,""searchVolume"":10},{""year"":2025,""month"":9,""searchVolume"":20},{""year"":2025,""month"":8,""searchVolume"":20}]"
neschopenka online,ideas,true,ucho online,20,,,0.02,navigational,"[{""year"":2026,""month"":7,""searchVolume"":10},{""year"":2026,""month"":6,""searchVolume"":10},{""year"":2026,""month"":5,""searchVolume"":30},{""year"":2026,""month"":4,""searchVolume"":10},{""year"":2026,""month"":3,""searchVolume"":10},{""year"":2026,""month"":2,""searchVolume"":20},{""year"":2026,""month"":1,""searchVolume"":10},{""year"":2025,""month"":12,""searchVolume"":20},{""year"":2025,""month"":11,""searchVolume"":20},{""year"":2025,""month"":10,""searchVolume"":10},{""year"":2025,""month"":9,""searchVolume"":10},{""year"":2025,""month"":8,""searchVolume"":20}]"
neschopenka online,ideas,true,online biologie,20,40,0.69,0.06,informational,"[{""year"":2026,""month"":7,""searchVolume"":10},{""year"":2026,""month"":6,""searchVolume"":20},{""year"":2026,""month"":5,""searchVolume"":10},{""year"":2026,""month"":4,""searchVolume"":10},{""year"":2026,""month"":3,""searchVolume"":20},{""year"":2026,""month"":2,""searchVolume"":30},{""year"":2026,""month"":1,""searchVolume"":10},{""year"":2025,""month"":12,""searchVolume"":20},{""year"":2025,""month"":11,""searchVolume"":10},{""year"":2025,""month"":10,""searchVolume"":10},{""year"":2025,""month"":9,""searchVolume"":20},{""year"":2025,""month"":8,""searchVolume"":10}]"
neschopenka online,ideas,true,mediciovci online,20,,,0,informational,"[{""year"":2026,""month"":7,""searchVolume"":20},{""year"":2026,""month"":6,""searchVolume"":20},{""year"":2026,""month"":5,""searchVolume"":10},{""year"":2026,""month"":4,""searchVolume"":20},{""year"":2026,""month"":3,""searchVolume"":20},{""year"":2026,""month"":2,""searchVolume"":10},{""year"":2026,""month"":1,""searchVolume"":20},{""year"":2025,""month"":12,""searchVolume"":10},{""year"":2025,""month"":11,""searchVolume"":30},{""year"":2025,""month"":10,""searchVolume"":20},{""year"":2025,""month"":9,""searchVolume"":10},{""year"":2025,""month"":8,""searchVolume"":20}]"
neschopenka online,ideas,true,doc.martin online,20,43,,0.03,navigational,"[{""year"":2026,""month"":7,""searchVolume"":20},{""year"":2026,""month"":6,""searchVolume"":10},{""year"":2026,""month"":5,""searchVolume"":10},{""year"":2026,""month"":4,""searchVolume"":10},{""year"":2026,""month"":3,""searchVolume"":20},{""year"":2026,""month"":2,""searchVolume"":10},{""year"":2026,""month"":1,""searchVolume"":10},{""year"":2025,""month"":12,""searchVolume"":10},{""year"":2025,""month"":11,""searchVolume"":10},{""year"":2025,""month"":10,""searchVolume"":30},{""year"":2025,""month"":9,""searchVolume"":10},{""year"":2025,""month"":8,""searchVolume"":40}]"
neschopenka online,ideas,true,medici online,20,44,,0,informational,"[{""year"":2026,""month"":7,""searchVolume"":20},{""year"":2026,""month"":6,""searchVolume"":20},{""year"":2026,""month"":5,""searchVolume"":10},{""year"":2026,""month"":4,""searchVolume"":20},{""year"":2026,""month"":3,""searchVolume"":20},{""year"":2026,""month"":2,""searchVolume"":10},{""year"":2026,""month"":1,""searchVolume"":20},{""year"":2025,""month"":12,""searchVolume"":10},{""year"":2025,""month"":11,""searchVolume"":30},{""year"":2025,""month"":10,""searchVolume"":20},{""year"":2025,""month"":9,""searchVolume"":10},{""year"":2025,""month"":8,""searchVolume"":20}]"
neschopenka online,ideas,true,online diagnóza,20,1,,0.03,navigational,"[{""year"":2026,""month"":7,""searchVolume"":10},{""year"":2026,""month"":6,""searchVolume"":10},{""year"":2026,""month"":5,""searchVolume"":20},{""year"":2026,""month"":4,""searchVolume"":20},{""year"":2026,""month"":3,""searchVolume"":10},{""year"":2026,""month"":2,""searchVolume"":20},{""year"":2026,""month"":1,""searchVolume"":30},{""year"":2025,""month"":12,""searchVolume"":20},{""year"":2025,""month"":11,""searchVolume"":20},{""year"":2025,""month"":10,""searchVolume"":40},{""year"":2025,""month"":9,""searchVolume"":30},{""year"":2025,""month"":8,""searchVolume"":40}]"
neschopenka online,ideas,true,zubař online,20,,1.29,0.45,navigational,"[{""year"":2026,""month"":7,""searchVolume"":10},{""year"":2026,""month"":6,""searchVolume"":10},{""year"":2026,""month"":5,""searchVolume"":10},{""year"":2026,""month"":4,""searchVolume"":20},{""year"":2026,""month"":3,""searchVolume"":10},{""year"":2026,""month"":2,""searchVolume"":10},{""year"":2026,""month"":1,""searchVolume"":20},{""year"":2025,""month"":12,""searchVolume"":30},{""year"":2025,""month"":11,""searchVolume"":10},{""year"":2025,""month"":10,""searchVolume"":20},{""year"":2025,""month"":9,""searchVolume"":20},{""year"":2025,""month"":8,""searchVolume"":20}]"
neschopenka online,ideas,true,odis diagnostika online,20,,0.48,0.83,navigational,"[{""year"":2026,""month"":7,""searchVolume"":10},{""year"":2026,""month"":6,""searchVolume"":10},{""year"":2026,""month"":5,""searchVolume"":10},{""year"":2026,""month"":4,""searchVolume"":10},{""year"":2026,""month"":3,""searchVolume"":10},{""year"":2026,""month"":2,""searchVolume"":20},{""year"":2026,""month"":1,""searchVolume"":10},{""year"":2025,""month"":12,""searchVolume"":20},{""year"":2025,""month"":11,""searchVolume"":30},{""year"":2025,""month"":10,""searchVolume"":20},{""year"":2025,""month"":9,""searchVolume"":30},{""year"":2025,""month"":8,""searchVolume"":30}]"
neschopenka online,ideas,true,laboratorní krysy online,20,,,0,informational,"[{""year"":2026,""month"":7,""searchVolume"":30},{""year"":2026,""month"":6,""searchVolume"":70},{""year"":2026,""month"":5,""searchVolume"":30},{""year"":2026,""month"":4,""searchVolume"":10},{""year"":2026,""month"":3,""searchVolume"":10},{""year"":2026,""month"":2,""searchVolume"":10},{""year"":2026,""month"":1,""searchVolume"":10},{""year"":2025,""month"":12,""searchVolume"":10},{""year"":2025,""month"":11,""searchVolume"":30},{""year"":2025,""month"":10,""searchVolume"":10},{""year"":2025,""month"":9,""searchVolume"":10},{""year"":2025,""month"":8,""searchVolume"":10}]"
neschopenka online,ideas,true,druhy dych online,20,,,0.02,informational,"[{""year"":2026,""month"":7,""searchVolume"":20},{""year"":2026,""month"":6,""searchVolume"":10},{""year"":2026,""month"":5,""searchVolume"":10},{""year"":2026,""month"":4,""searchVolume"":10},{""year"":2026,""month"":3,""searchVolume"":40},{""year"":2026,""month"":2,""searchVolume"":20},{""year"":2026,""month"":1,""searchVolume"":30},{""year"":2025,""month"":12,""searchVolume"":20},{""year"":2025,""month"":11,""searchVolume"":30},{""year"":2025,""month"":10,""searchVolume"":20},{""year"":2025,""month"":9,""searchVolume"":20},{""year"":2025,""month"":8,""searchVolume"":30}]"
neschopenka online,ideas,true,online medical recenze,20,,,0.21,informational,"[{""year"":2026,""month"":7,""searchVolume"":10},{""year"":2026,""month"":6,""searchVolume"":10},{""year"":2026,""month"":5,""searchVolume"":20},{""year"":2026,""month"":4,""searchVolume"":20},{""year"":2026,""month"":3,""searchVolume"":30},{""year"":2026,""month"":2,""searchVolume"":30},{""year"":2026,""month"":1,""searchVolume"":30},{""year"":2025,""month"":12,""searchVolume"":30},{""year"":2025,""month"":11,""searchVolume"":20},{""year"":2025,""month"":10,""searchVolume"":30},{""year"":2025,""month"":9,""searchVolume"":20},{""year"":2025,""month"":8,""searchVolume"":20}]"
neschopenka online,ideas,true,dr quinnová online,20,0,,0,navigational,"[{""year"":2026,""month"":7,""searchVolume"":20},{""year"":2026,""month"":6,""searchVolume"":10},{""year"":2026,""month"":5,""searchVolume"":20},{""year"":2026,""month"":4,""searchVolume"":30},{""year"":2026,""month"":3,""searchVolume"":20},{""year"":2026,""month"":2,""searchVolume"":10},{""year"":2026,""month"":1,""searchVolume"":10},{""year"":2025,""month"":12,""searchVolume"":10},{""year"":2025,""month"":11,""searchVolume"":30},{""year"":2025,""month"":10,""searchVolume"":20},{""year"":2025,""month"":9,""searchVolume"":40},{""year"":2025,""month"":8,""searchVolume"":30}]"
neschopenka online,ideas,true,diabetologická poradna online,20,,,0.07,navigational,"[{""year"":2026,""month"":7,""searchVolume"":20},{""year"":2026,""month"":6,""searchVolume"":20},{""year"":2026,""month"":5,""searchVolume"":20},{""year"":2026,""month"":4,""searchVolume"":30},{""year"":2026,""month"":3,""searchVolume"":40},{""year"":2026,""month"":2,""searchVolume"":30},{""year"":2026,""month"":1,""searchVolume"":10},{""year"":2025,""month"":12,""searchVolume"":20},{""year"":2025,""month"":11,""searchVolume"":10},{""year"":2025,""month"":10,""searchVolume"":40},{""year"":2025,""month"":9,""searchVolume"":30},{""year"":2025,""month"":8,""searchVolume"":20}]"
neschopenka online,ideas,true,neschopenka zpětně,590,0,,0,informational,"[{""year"":2026,""month"":7,""searchVolume"":260},{""year"":2026,""month"":6,""searchVolume"":320},{""year"":2026,""month"":5,""searchVolume"":320},{""year"":2026,""month"":4,""searchVolume"":480},{""year"":2026,""month"":3,""searchVolume"":590},{""year"":2026,""month"":2,""searchVolume"":720},{""year"":2026,""month"":1,""searchVolume"":880},{""year"":2025,""month"":12,""searchVolume"":720},{""year"":2025,""month"":11,""searchVolume"":590},{""year"":2025,""month"":10,""searchVolume"":720},{""year"":2025,""month"":9,""searchVolume"":720},{""year"":2025,""month"":8,""searchVolume"":480}]"
neschopenka online,ideas,true,na zdraví online,20,44,,0,informational,"[{""year"":2026,""month"":7,""searchVolume"":10},{""year"":2026,""month"":6,""searchVolume"":10},{""year"":2026,""month"":5,""searchVolume"":10},{""year"":2026,""month"":4,""searchVolume"":10},{""year"":2026,""month"":3,""searchVolume"":10},{""year"":2026,""month"":2,""searchVolume"":20},{""year"":2026,""month"":1,""searchVolume"":20},{""year"":2025,""month"":12,""searchVolume"":50},{""year"":2025,""month"":11,""searchVolume"":40},{""year"":2025,""month"":10,""searchVolume"":50},{""year"":2025,""month"":9,""searchVolume"":30},{""year"":2025,""month"":8,""searchVolume"":10}]"
neschopenka online,ideas,true,dietologická poradna online,20,,,0.07,informational,"[{""year"":2026,""month"":7,""searchVolume"":20},{""year"":2026,""month"":6,""searchVolume"":20},{""year"":2026,""month"":5,""searchVolume"":20},{""year"":2026,""month"":4,""searchVolume"":30},{""year"":2026,""month"":3,""searchVolume"":40},{""year"":2026,""month"":2,""searchVolume"":30},{""year"":2026,""month"":1,""searchVolume"":10},{""year"":2025,""month"":12,""searchVolume"":20},{""year"":2025,""month"":11,""searchVolume"":10},{""year"":2025,""month"":10,""searchVolume"":40},{""year"":2025,""month"":9,""searchVolume"":30},{""year"":2025,""month"":8,""searchVolume"":20}]"
neschopenka online,ideas,true,lékařská zpráva online,20,,4.25,0.02,informational,"[{""year"":2026,""month"":7,""searchVolume"":20},{""year"":2026,""month"":6,""searchVolume"":10},{""year"":2026,""month"":5,""searchVolume"":10},{""year"":2026,""month"":4,""searchVolume"":10},{""year"":2026,""month"":3,""searchVolume"":10},{""year"":2026,""month"":2,""searchVolume"":20},{""year"":2026,""month"":1,""searchVolume"":20},{""year"":2025,""month"":12,""searchVolume"":10},{""year"":2025,""month"":11,""searchVolume"":30},{""year"":2025,""month"":10,""searchVolume"":10},{""year"":2025,""month"":9,""searchVolume"":40},{""year"":2025,""month"":8,""searchVolume"":20}]"
neschopenka online,ideas,true,doc martin online,20,43,,0.03,navigational,"[{""year"":2026,""month"":7,""searchVolume"":20},{""year"":2026,""month"":6,""searchVolume"":10},{""year"":2026,""month"":5,""searchVolume"":10},{""year"":2026,""month"":4,""searchVolume"":10},{""year"":2026,""month"":3,""searchVolume"":20},{""year"":2026,""month"":2,""searchVolume"":10},{""year"":2026,""month"":1,""searchVolume"":10},{""year"":2025,""month"":12,""searchVolume"":10},{""year"":2025,""month"":11,""searchVolume"":10},{""year"":2025,""month"":10,""searchVolume"":30},{""year"":2025,""month"":9,""searchVolume"":10},{""year"":2025,""month"":8,""searchVolume"":40}]"
neschopenka online,ideas,true,farma 11 online,20,0,,0.01,navigational,"[{""year"":2026,""month"":7,""searchVolume"":10},{""year"":2026,""month"":6,""searchVolume"":10},{""year"":2026,""month"":5,""searchVolume"":10},{""year"":2026,""month"":4,""searchVolume"":10},{""year"":2026,""month"":3,""searchVolume"":20},{""year"":2026,""month"":2,""searchVolume"":20},{""year"":2026,""month"":1,""searchVolume"":10},{""year"":2025,""month"":12,""searchVolume"":30},{""year"":2025,""month"":11,""searchVolume"":30},{""year"":2025,""month"":10,""searchVolume"":30},{""year"":2025,""month"":9,""searchVolume"":20},{""year"":2025,""month"":8,""searchVolume"":50}]"
neschopenka online,ideas,true,vedlejší účinky online,20,,,0,informational,"[{""year"":2026,""month"":7,""searchVolume"":10},{""year"":2026,""month"":6,""searchVolume"":10},{""year"":2026,""month"":5,""searchVolume"":10},{""year"":2026,""month"":4,""searchVolume"":20},{""year"":2026,""month"":3,""searchVolume"":50},{""year"":2026,""month"":2,""searchVolume"":90},{""year"":2026,""month"":1,""searchVolume"":10},{""year"":2025,""month"":12,""searchVolume"":10},{""year"":2025,""month"":11,""searchVolume"":10},{""year"":2025,""month"":10,""searchVolume"":10},{""year"":2025,""month"":9,""searchVolume"":10},{""year"":2025,""month"":8,""searchVolume"":10}]"
neschopenka online,ideas,true,pomáda online cz,20,,,0.04,informational,"[{""year"":2026,""month"":7,""searchVolume"":10},{""year"":2026,""month"":6,""searchVolume"":20},{""year"":2026,""month"":5,""searchVolume"":10},{""year"":2026,""month"":4,""searchVolume"":10},{""year"":2026,""month"":3,""searchVolume"":10},{""year"":2026,""month"":2,""searchVolume"":10},{""year"":2026,""month"":1,""searchVolume"":10},{""year"":2025,""month"":12,""searchVolume"":30},{""year"":2025,""month"":11,""searchVolume"":10},{""year"":2025,""month"":10,""searchVolume"":30},{""year"":2025,""month"":9,""searchVolume"":20},{""year"":2025,""month"":8,""searchVolume"":20}]"
neschopenka online,ideas,true,nemocnice motol online,20,,,0,navigational,"[{""year"":2026,""month"":7,""searchVolume"":10},{""year"":2026,""month"":6,""searchVolume"":10},{""year"":2026,""month"":5,""searchVolume"":10},{""year"":2026,""month"":4,""searchVolume"":10},{""year"":2026,""month"":3,""searchVolume"":20},{""year"":2026,""month"":2,""searchVolume"":30},{""year"":2026,""month"":1,""searchVolume"":20},{""year"":2025,""month"":12,""searchVolume"":20},{""year"":2025,""month"":11,""searchVolume"":20},{""year"":2025,""month"":10,""searchVolume"":30},{""year"":2025,""month"":9,""searchVolume"":10},{""year"":2025,""month"":8,""searchVolume"":10}]"
neschopenka online,ideas,true,smrtící epidemie online,20,42,,0,informational,"[{""year"":2026,""month"":7,""searchVolume"":20},{""year"":2026,""month"":6,""searchVolume"":20},{""year"":2026,""month"":5,""searchVolume"":30},{""year"":2026,""month"":4,""searchVolume"":10},{""year"":2026,""month"":3,""searchVolume"":10},{""year"":2026,""month"":2,""searchVolume"":10},{""year"":2026,""month"":1,""searchVolume"":20},{""year"":2025,""month"":12,""searchVolume"":20},{""year"":2025,""month"":11,""searchVolume"":40},{""year"":2025,""month"":10,""searchVolume"":10},{""year"":2025,""month"":9,""searchVolume"":10},{""year"":2025,""month"":8,""searchVolume"":10}]"
neschopenka online,ideas,true,ústav strachu online cz,20,,,0.11,navigational,"[{""year"":2026,""month"":7,""searchVolume"":10},{""year"":2026,""month"":6,""searchVolume"":0},{""year"":2026,""month"":5,""searchVolume"":10},{""year"":2026,""month"":4,""searchVolume"":10},{""year"":2026,""month"":3,""searchVolume"":10},{""year"":2026,""month"":2,""searchVolume"":10},{""year"":2026,""month"":1,""searchVolume"":20},{""year"":2025,""month"":12,""searchVolume"":20},{""year"":2025,""month"":11,""searchVolume"":40},{""year"":2025,""month"":10,""searchVolume"":30},{""year"":2025,""month"":9,""searchVolume"":40},{""year"":2025,""month"":8,""searchVolume"":20}]"
neschopenka online,ideas,true,kurz paliativní péče online,20,,1.34,0.18,informational,"[{""year"":2026,""month"":7,""searchVolume"":20},{""year"":2026,""month"":6,""searchVolume"":10},{""year"":2026,""month"":5,""searchVolume"":20},{""year"":2026,""month"":4,""searchVolume"":30},{""year"":2026,""month"":3,""searchVolume"":30},{""year"":2026,""month"":2,""searchVolume"":40},{""year"":2026,""month"":1,""searchVolume"":20},{""year"":2025,""month"":12,""searchVolume"":20},{""year"":2025,""month"":11,""searchVolume"":30},{""year"":2025,""month"":10,""searchVolume"":40},{""year"":2025,""month"":9,""searchVolume"":30},{""year"":2025,""month"":8,""searchVolume"":10}]"
neschopenka online,ideas,true,vzp cheb online objednání,20,,1.24,0.06,transactional,"[{""year"":2026,""month"":7,""searchVolume"":10},{""year"":2026,""month"":6,""searchVolume"":30},{""year"":2026,""month"":5,""searchVolume"":30},{""year"":2026,""month"":4,""searchVolume"":30},{""year"":2026,""month"":3,""searchVolume"":40},{""year"":2026,""month"":2,""searchVolume"":20},{""year"":2026,""month"":1,""searchVolume"":20},{""year"":2025,""month"":12,""searchVolume"":20},{""year"":2025,""month"":11,""searchVolume"":30},{""year"":2025,""month"":10,""searchVolume"":0},{""year"":2025,""month"":9,""searchVolume"":0},{""year"":2025,""month"":8,""searchVolume"":0}]"
neschopenka online,ideas,true,terapie online online,10,23,,,informational,"[{""year"":2026,""month"":7,""searchVolume"":0},{""year"":2026,""month"":6,""searchVolume"":10},{""year"":2026,""month"":5,""searchVolume"":0},{""year"":2026,""month"":4,""searchVolume"":10},{""year"":2026,""month"":3,""searchVolume"":0},{""year"":2026,""month"":2,""searchVolume"":0},{""year"":2026,""month"":1,""searchVolume"":0},{""year"":2025,""month"":12,""searchVolume"":10},{""year"":2025,""month"":11,""searchVolume"":0},{""year"":2025,""month"":10,""searchVolume"":10},{""year"":2025,""month"":9,""searchVolume"":10},{""year"":2025,""month"":8,""searchVolume"":10}]"
neschopenka online,ideas,true,bazální stimulace kurz online,20,,,0,informational,"[{""year"":2026,""month"":7,""searchVolume"":10},{""year"":2026,""month"":6,""searchVolume"":10},{""year"":2026,""month"":5,""searchVolume"":10},{""year"":2026,""month"":4,""searchVolume"":20},{""year"":2026,""month"":3,""searchVolume"":30},{""year"":2026,""month"":2,""searchVolume"":30},{""year"":2026,""month"":1,""searchVolume"":20},{""year"":2025,""month"":12,""searchVolume"":10},{""year"":2025,""month"":11,""searchVolume"":20},{""year"":2025,""month"":10,""searchVolume"":10},{""year"":2025,""month"":9,""searchVolume"":30},{""year"":2025,""month"":8,""searchVolume"":10}]"
neschopenka online,ideas,true,vzp online objednání praha 1,20,,,0,transactional,"[{""year"":2026,""month"":7,""searchVolume"":20},{""year"":2026,""month"":6,""searchVolume"":20},{""year"":2026,""month"":5,""searchVolume"":20},{""year"":2026,""month"":4,""searchVolume"":50},{""year"":2026,""month"":3,""searchVolume"":40},{""year"":2026,""month"":2,""searchVolume"":30},{""year"":2026,""month"":1,""searchVolume"":0},{""year"":2025,""month"":12,""searchVolume"":0},{""year"":2025,""month"":11,""searchVolume"":0},{""year"":2025,""month"":10,""searchVolume"":0},{""year"":2025,""month"":9,""searchVolume"":0},{""year"":2025,""month"":8,""searchVolume"":0}]"
neschopenka online,ideas,true,těhotenství online,10,,,0,informational,"[{""year"":2026,""month"":7,""searchVolume"":10},{""year"":2026,""month"":6,""searchVolume"":0},{""year"":2026,""month"":5,""searchVolume"":0},{""year"":2026,""month"":4,""searchVolume"":10},{""year"":2026,""month"":3,""searchVolume"":10},{""year"":2026,""month"":2,""searchVolume"":10},{""year"":2026,""month"":1,""searchVolume"":0},{""year"":2025,""month"":12,""searchVolume"":10},{""year"":2025,""month"":11,""searchVolume"":0},{""year"":2025,""month"":10,""searchVolume"":0},{""year"":2025,""month"":9,""searchVolume"":0},{""year"":2025,""month"":8,""searchVolume"":0}]"
neschopenka online,ideas,true,bonelab online,10,,,,navigational,"[{""year"":2026,""month"":7,""searchVolume"":0},{""year"":2026,""month"":6,""searchVolume"":10},{""year"":2026,""month"":5,""searchVolume"":0},{""year"":2026,""month"":4,""searchVolume"":10},{""year"":2026,""month"":3,""searchVolume"":0},{""year"":2026,""month"":2,""searchVolume"":10},{""year"":2026,""month"":1,""searchVolume"":0},{""year"":2025,""month"":12,""searchVolume"":0},{""year"":2025,""month"":11,""searchVolume"":0},{""year"":2025,""month"":10,""searchVolume"":0},{""year"":2025,""month"":9,""searchVolume"":0},{""year"":2025,""month"":8,""searchVolume"":0}]"
neschopenka online,ideas,true,delirium online,10,,,0,navigational,"[{""year"":2026,""month"":7,""searchVolume"":10},{""year"":2026,""month"":6,""searchVolume"":10},{""year"":2026,""month"":5,""searchVolume"":10},{""year"":2026,""month"":4,""searchVolume"":10},{""year"":2026,""month"":3,""searchVolume"":10},{""year"":2026,""month"":2,""searchVolume"":10},{""year"":2026,""month"":1,""searchVolume"":10},{""year"":2025,""month"":12,""searchVolume"":10},{""year"":2025,""month"":11,""searchVolume"":10},{""year"":2025,""month"":10,""searchVolume"":10},{""year"":2025,""month"":9,""searchVolume"":10},{""year"":2025,""month"":8,""searchVolume"":10}]"
neschopenka online,ideas,true,biograd online,10,,,0,navigational,"[{""year"":2026,""month"":7,""searchVolume"":10},{""year"":2026,""month"":6,""searchVolume"":10},{""year"":2026,""month"":5,""searchVolume"":10},{""year"":2026,""month"":4,""searchVolume"":10},{""year"":2026,""month"":3,""searchVolume"":10},{""year"":2026,""month"":2,""searchVolume"":10},{""year"":2026,""month"":1,""searchVolume"":10},{""year"":2025,""month"":12,""searchVolume"":10},{""year"":2025,""month"":11,""searchVolume"":10},{""year"":2025,""month"":10,""searchVolume"":10},{""year"":2025,""month"":9,""searchVolume"":10},{""year"":2025,""month"":8,""searchVolume"":10}]"
neschopenka online,ideas,true,bimatoprost online,10,,,,transactional,"[{""year"":2026,""month"":7,""searchVolume"":0},{""year"":2026,""month"":6,""searchVolume"":0},{""year"":2026,""month"":5,""searchVolume"":0},{""year"":2026,""month"":4,""searchVolume"":0},{""year"":2026,""month"":3,""searchVolume"":10},{""year"":2026,""month"":2,""searchVolume"":10},{""year"":2026,""month"":1,""searchVolume"":10},{""year"":2025,""month"":12,""searchVolume"":0},{""year"":2025,""month"":11,""searchVolume"":0},{""year"":2025,""month"":10,""searchVolume"":0},{""year"":2025,""month"":9,""searchVolume"":0},{""year"":2025,""month"":8,""searchVolume"":10}]"
neschopenka online,ideas,true,orv online,10,,,0,navigational,"[{""year"":2026,""month"":7,""searchVolume"":10},{""year"":2026,""month"":6,""searchVolume"":10},{""year"":2026,""month"":5,""searchVolume"":10},{""year"":2026,""month"":4,""searchVolume"":10},{""year"":2026,""month"":3,""searchVolume"":10},{""year"":2026,""month"":2,""searchVolume"":10},{""year"":2026,""month"":1,""searchVolume"":10},{""year"":2025,""month"":12,""searchVolume"":10},{""year"":2025,""month"":11,""searchVolume"":10},{""year"":2025,""month"":10,""searchVolume"":10},{""year"":2025,""month"":9,""searchVolume"":10},{""year"":2025,""month"":8,""searchVolume"":10}]"
neschopenka online,ideas,true,online zdroje,10,,,0,informational,"[{""year"":2026,""month"":7,""searchVolume"":10},{""year"":2026,""month"":6,""searchVolume"":10},{""year"":2026,""month"":5,""searchVolume"":10},{""year"":2026,""month"":4,""searchVolume"":10},{""year"":2026,""month"":3,""searchVolume"":10},{""year"":2026,""month"":2,""searchVolume"":10},{""year"":2026,""month"":1,""searchVolume"":10},{""year"":2025,""month"":12,""searchVolume"":20},{""year"":2025,""month"":11,""searchVolume"":10},{""year"":2025,""month"":10,""searchVolume"":10},{""year"":2025,""month"":9,""searchVolume"":10},{""year"":2025,""month"":8,""searchVolume"":10}]"
neschopenka online,ideas,true,eyecon online,10,,,,navigational,"[{""year"":2026,""month"":7,""searchVolume"":0},{""year"":2026,""month"":6,""searchVolume"":0},{""year"":2026,""month"":5,""searchVolume"":0},{""year"":2026,""month"":4,""searchVolume"":0},{""year"":2026,""month"":3,""searchVolume"":0},{""year"":2026,""month"":2,""searchVolume"":0},{""year"":2026,""month"":1,""searchVolume"":0},{""year"":2025,""month"":12,""searchVolume"":10},{""year"":2025,""month"":11,""searchVolume"":10},{""year"":2025,""month"":10,""searchVolume"":10},{""year"":2025,""month"":9,""searchVolume"":0},{""year"":2025,""month"":8,""searchVolume"":10}]"
neschopenka online,ideas,true,stigmata online,10,,,0.02,navigational,"[{""year"":2026,""month"":7,""searchVolume"":10},{""year"":2026,""month"":6,""searchVolume"":10},{""year"":2026,""month"":5,""searchVolume"":10},{""year"":2026,""month"":4,""searchVolume"":20},{""year"":2026,""month"":3,""searchVolume"":20},{""year"":2026,""month"":2,""searchVolume"":10},{""year"":2026,""month"":1,""searchVolume"":20},{""year"":2025,""month"":12,""searchVolume"":30},{""year"":2025,""month"":11,""searchVolume"":10},{""year"":2025,""month"":10,""searchVolume"":10},{""year"":2025,""month"":9,""searchVolume"":10},{""year"":2025,""month"":8,""searchVolume"":10}]"
neschopenka online,ideas,true,trauma online,10,,,0,informational,"[{""year"":2026,""month"":7,""searchVolume"":10},{""year"":2026,""month"":6,""searchVolume"":10},{""year"":2026,""month"":5,""searchVolume"":10},{""year"":2026,""month"":4,""searchVolume"":10},{""year"":2026,""month"":3,""searchVolume"":10},{""year"":2026,""month"":2,""searchVolume"":10},{""year"":2026,""month"":1,""searchVolume"":10},{""year"":2025,""month"":12,""searchVolume"":10},{""year"":2025,""month"":11,""searchVolume"":10},{""year"":2025,""month"":10,""searchVolume"":10},{""year"":2025,""month"":9,""searchVolume"":10},{""year"":2025,""month"":8,""searchVolume"":10}]"
neschopenka online,ideas,true,finasterid online,10,,,0,transactional,"[{""year"":2026,""month"":7,""searchVolume"":10},{""year"":2026,""month"":6,""searchVolume"":0},{""year"":2026,""month"":5,""searchVolume"":10},{""year"":2026,""month"":4,""searchVolume"":10},{""year"":2026,""month"":3,""searchVolume"":10},{""year"":2026,""month"":2,""searchVolume"":10},{""year"":2026,""month"":1,""searchVolume"":10},{""year"":2025,""month"":12,""searchVolume"":10},{""year"":2025,""month"":11,""searchVolume"":0},{""year"":2025,""month"":10,""searchVolume"":10},{""year"":2025,""month"":9,""searchVolume"":10},{""year"":2025,""month"":8,""searchVolume"":10}]"
neschopenka online,ideas,true,radioaktivita online,10,,,0.14,informational,"[{""year"":2026,""month"":7,""searchVolume"":10},{""year"":2026,""month"":6,""searchVolume"":10},{""year"":2026,""month"":5,""searchVolume"":10},{""year"":2026,""month"":4,""searchVolume"":10},{""year"":2026,""month"":3,""searchVolume"":10},{""year"":2026,""month"":2,""searchVolume"":10},{""year"":2026,""month"":1,""searchVolume"":10},{""year"":2025,""month"":12,""searchVolume"":10},{""year"":2025,""month"":11,""searchVolume"":10},{""year"":2025,""month"":10,""searchVolume"":10},{""year"":2025,""month"":9,""searchVolume"":10},{""year"":2025,""month"":8,""searchVolume"":10}]"
neschopenka online,ideas,true,esoterika online,10,,,,informational,"[{""year"":2026,""month"":7,""searchVolume"":0},{""year"":2026,""month"":6,""searchVolume"":0},{""year"":2026,""month"":5,""searchVolume"":0},{""year"":2026,""month"":4,""searchVolume"":0},{""year"":2026,""month"":3,""searchVolume"":0},{""year"":2026,""month"":2,""searchVolume"":10},{""year"":2026,""month"":1,""searchVolume"":10},{""year"":2025,""month"":12,""searchVolume"":0},{""year"":2025,""month"":11,""searchVolume"":0},{""year"":2025,""month"":10,""searchVolume"":0},{""year"":2025,""month"":9,""searchVolume"":0},{""year"":2025,""month"":8,""searchVolume"":0}]"
neschopenka online,ideas,true,nutrimind online,10,,,,navigational,"[{""year"":2026,""month"":7,""searchVolume"":0},{""year"":2026,""month"":6,""searchVolume"":0},{""year"":2026,""month"":5,""searchVolume"":0},{""year"":2026,""month"":4,""searchVolume"":0},{""year"":2026,""month"":3,""searchVolume"":0},{""year"":2026,""month"":2,""searchVolume"":0},{""year"":2026,""month"":1,""searchVolume"":10},{""year"":2025,""month"":12,""searchVolume"":0},{""year"":2025,""month"":11,""searchVolume"":0},{""year"":2025,""month"":10,""searchVolume"":10},{""year"":2025,""month"":9,""searchVolume"":0},{""year"":2025,""month"":8,""searchVolume"":0}]"
neschopenka online,ideas,true,hubnutí online,10,42,6.57,0.86,informational,"[{""year"":2026,""month"":7,""searchVolume"":10},{""year"":2026,""month"":6,""searchVolume"":10},{""year"":2026,""month"":5,""searchVolume"":10},{""year"":2026,""month"":4,""searchVolume"":10},{""year"":2026,""month"":3,""searchVolume"":10},{""year"":2026,""month"":2,""searchVolume"":10},{""year"":2026,""month"":1,""searchVolume"":10},{""year"":2025,""month"":12,""searchVolume"":10},{""year"":2025,""month"":11,""searchVolume"":10},{""year"":2025,""month"":10,""searchVolume"":10},{""year"":2025,""month"":9,""searchVolume"":10},{""year"":2025,""month"":8,""searchVolume"":10}]"
neschopenka online,ideas,true,porodné online,10,,,0,informational,"[{""year"":2026,""month"":7,""searchVolume"":10},{""year"":2026,""month"":6,""searchVolume"":10},{""year"":2026,""month"":5,""searchVolume"":10},{""year"":2026,""month"":4,""searchVolume"":10},{""year"":2026,""month"":3,""searchVolume"":10},{""year"":2026,""month"":2,""searchVolume"":10},{""year"":2026,""month"":1,""searchVolume"":10},{""year"":2025,""month"":12,""searchVolume"":10},{""year"":2025,""month"":11,""searchVolume"":20},{""year"":2025,""month"":10,""searchVolume"":20},{""year"":2025,""month"":9,""searchVolume"":20},{""year"":2025,""month"":8,""searchVolume"":10}]"
neschopenka online,ideas,true,online posilování,10,,,,informational,"[{""year"":2026,""month"":7,""searchVolume"":0},{""year"":2026,""month"":6,""searchVolume"":10},{""year"":2026,""month"":5,""searchVolume"":0},{""year"":2026,""month"":4,""searchVolume"":0},{""year"":2026,""month"":3,""searchVolume"":10},{""year"":2026,""month"":2,""searchVolume"":10},{""year"":2026,""month"":1,""searchVolume"":10},{""year"":2025,""month"":12,""searchVolume"":10},{""year"":2025,""month"":11,""searchVolume"":10},{""year"":2025,""month"":10,""searchVolume"":0},{""year"":2025,""month"":9,""searchVolume"":10},{""year"":2025,""month"":8,""searchVolume"":0}]"
neschopenka online,ideas,true,osttirol online,10,,,0,navigational,"[{""year"":2026,""month"":7,""searchVolume"":10},{""year"":2026,""month"":6,""searchVolume"":20},{""year"":2026,""month"":5,""searchVolume"":30},{""year"":2026,""month"":4,""searchVolume"":10},{""year"":2026,""month"":3,""searchVolume"":10},{""year"":2026,""month"":2,""searchVolume"":10},{""year"":2026,""month"":1,""searchVolume"":10},{""year"":2025,""month"":12,""searchVolume"":10},{""year"":2025,""month"":11,""searchVolume"":20},{""year"":2025,""month"":10,""searchVolume"":30},{""year"":2025,""month"":9,""searchVolume"":10},{""year"":2025,""month"":8,""searchVolume"":20}]"
neschopenka online,ideas,true,zapadákov online,10,,,0,informational,"[{""year"":2026,""month"":7,""searchVolume"":10},{""year"":2026,""month"":6,""searchVolume"":10},{""year"":2026,""month"":5,""searchVolume"":10},{""year"":2026,""month"":4,""searchVolume"":0},{""year"":2026,""month"":3,""searchVolume"":10},{""year"":2026,""month"":2,""searchVolume"":10},{""year"":2026,""month"":1,""searchVolume"":10},{""year"":2025,""month"":12,""searchVolume"":10},{""year"":2025,""month"":11,""searchVolume"":0},{""year"":2025,""month"":10,""searchVolume"":0},{""year"":2025,""month"":9,""searchVolume"":0},{""year"":2025,""month"":8,""searchVolume"":10}]"
neschopenka online,ideas,true,biokovo online,10,,,0,navigational,"[{""year"":2026,""month"":7,""searchVolume"":10},{""year"":2026,""month"":6,""searchVolume"":10},{""year"":2026,""month"":5,""searchVolume"":0},{""year"":2026,""month"":4,""searchVolume"":0},{""year"":2026,""month"":3,""searchVolume"":0},{""year"":2026,""month"":2,""searchVolume"":0},{""year"":2026,""month"":1,""searchVolume"":10},{""year"":2025,""month"":12,""searchVolume"":0},{""year"":2025,""month"":11,""searchVolume"":0},{""year"":2025,""month"":10,""searchVolume"":0},{""year"":2025,""month"":9,""searchVolume"":0},{""year"":2025,""month"":8,""searchVolume"":0}]"
neschopenka online,ideas,true,doterra online,10,,,,navigational,"[{""year"":2026,""month"":7,""searchVolume"":0},{""year"":2026,""month"":6,""searchVolume"":0},{""year"":2026,""month"":5,""searchVolume"":0},{""year"":2026,""month"":4,""searchVolume"":0},{""year"":2026,""month"":3,""searchVolume"":0},{""year"":2026,""month"":2,""searchVolume"":0},{""year"":2026,""month"":1,""searchVolume"":0},{""year"":2025,""month"":12,""searchVolume"":10},{""year"":2025,""month"":11,""searchVolume"":0},{""year"":2025,""month"":10,""searchVolume"":0},{""year"":2025,""month"":9,""searchVolume"":0},{""year"":2025,""month"":8,""searchVolume"":10}]"
neschopenka online,ideas,true,online hubnutí,10,42,6.57,0.86,informational,"[{""year"":2026,""month"":7,""searchVolume"":10},{""year"":2026,""month"":6,""searchVolume"":10},{""year"":2026,""month"":5,""searchVolume"":10},{""year"":2026,""month"":4,""searchVolume"":10},{""year"":2026,""month"":3,""searchVolume"":10},{""year"":2026,""month"":2,""searchVolume"":10},{""year"":2026,""month"":1,""searchVolume"":10},{""year"":2025,""month"":12,""searchVolume"":10},{""year"":2025,""month"":11,""searchVolume"":10},{""year"":2025,""month"":10,""searchVolume"":10},{""year"":2025,""month"":9,""searchVolume"":10},{""year"":2025,""month"":8,""searchVolume"":10}]"
neschopenka online,ideas,true,žížaly online,10,,,0.33,informational,"[{""year"":2026,""month"":7,""searchVolume"":10},{""year"":2026,""month"":6,""searchVolume"":10},{""year"":2026,""month"":5,""searchVolume"":10},{""year"":2026,""month"":4,""searchVolume"":10},{""year"":2026,""month"":3,""searchVolume"":10},{""year"":2026,""month"":2,""searchVolume"":10},{""year"":2026,""month"":1,""searchVolume"":10},{""year"":2025,""month"":12,""searchVolume"":10},{""year"":2025,""month"":11,""searchVolume"":10},{""year"":2025,""month"":10,""searchVolume"":10},{""year"":2025,""month"":9,""searchVolume"":10},{""year"":2025,""month"":8,""searchVolume"":10}]"
neschopenka online,ideas,true,bulimie online,10,,,,navigational,"[{""year"":2026,""month"":7,""searchVolume"":0},{""year"":2026,""month"":6,""searchVolume"":0},{""year"":2026,""month"":5,""searchVolume"":10},{""year"":2026,""month"":4,""searchVolume"":10},{""year"":2026,""month"":3,""searchVolume"":0},{""year"":2026,""month"":2,""searchVolume"":0},{""year"":2026,""month"":1,""searchVolume"":0},{""year"":2025,""month"":12,""searchVolume"":0},{""year"":2025,""month"":11,""searchVolume"":0},{""year"":2025,""month"":10,""searchVolume"":10},{""year"":2025,""month"":9,""searchVolume"":0},{""year"":2025,""month"":8,""searchVolume"":0}]"
neschopenka online,ideas,true,kapitoly online,10,,,0,informational,"[{""year"":2026,""month"":7,""searchVolume"":10},{""year"":2026,""month"":6,""searchVolume"":10},{""year"":2026,""month"":5,""searchVolume"":10},{""year"":2026,""month"":4,""searchVolume"":10},{""year"":2026,""month"":3,""searchVolume"":20},{""year"":2026,""month"":2,""searchVolume"":10},{""year"":2026,""month"":1,""searchVolume"":10},{""year"":2025,""month"":12,""searchVolume"":10},{""year"":2025,""month"":11,""searchVolume"":10},{""year"":2025,""month"":10,""searchVolume"":10},{""year"":2025,""month"":9,""searchVolume"":10},{""year"":2025,""month"":8,""searchVolume"":20}]"
neschopenka online,ideas,true,online diagnostika,10,38,1.39,0.14,informational,"[{""year"":2026,""month"":7,""searchVolume"":10},{""year"":2026,""month"":6,""searchVolume"":10},{""year"":2026,""month"":5,""searchVolume"":10},{""year"":2026,""month"":4,""searchVolume"":10},{""year"":2026,""month"":3,""searchVolume"":10},{""year"":2026,""month"":2,""searchVolume"":20},{""year"":2026,""month"":1,""searchVolume"":20},{""year"":2025,""month"":12,""searchVolume"":10},{""year"":2025,""month"":11,""searchVolume"":20},{""year"":2025,""month"":10,""searchVolume"":10},{""year"":2025,""month"":9,""searchVolume"":20},{""year"":2025,""month"":8,""searchVolume"":20}]"
neschopenka online,ideas,true,aspidistra online,10,,,,navigational,"[{""year"":2026,""month"":7,""searchVolume"":0},{""year"":2026,""month"":6,""searchVolume"":0},{""year"":2026,""month"":5,""searchVolume"":0},{""year"":2026,""month"":4,""searchVolume"":10},{""year"":2026,""month"":3,""searchVolume"":0},{""year"":2026,""month"":2,""searchVolume"":10},{""year"":2026,""month"":1,""searchVolume"":10},{""year"":2025,""month"":12,""searchVolume"":0},{""year"":2025,""month"":11,""searchVolume"":0},{""year"":2025,""month"":10,""searchVolume"":0},{""year"":2025,""month"":9,""searchVolume"":10},{""year"":2025,""month"":8,""searchVolume"":10}]"
neschopenka online,ideas,true,neuron online,10,,,0,navigational,"[{""year"":2026,""month"":7,""searchVolume"":10},{""year"":2026,""month"":6,""searchVolume"":10},{""year"":2026,""month"":5,""searchVolume"":10},{""year"":2026,""month"":4,""searchVolume"":10},{""year"":2026,""month"":3,""searchVolume"":10},{""year"":2026,""month"":2,""searchVolume"":10},{""year"":2026,""month"":1,""searchVolume"":0},{""year"":2025,""month"":12,""searchVolume"":0},{""year"":2025,""month"":11,""searchVolume"":0},{""year"":2025,""month"":10,""searchVolume"":10},{""year"":2025,""month"":9,""searchVolume"":10},{""year"":2025,""month"":8,""searchVolume"":10}]"
neschopenka online,ideas,true,vyfuky online,10,,,0.86,informational,"[{""year"":2026,""month"":7,""searchVolume"":10},{""year"":2026,""month"":6,""searchVolume"":10},{""year"":2026,""month"":5,""searchVolume"":10},{""year"":2026,""month"":4,""searchVolume"":0},{""year"":2026,""month"":3,""searchVolume"":10},{""year"":2026,""month"":2,""searchVolume"":10},{""year"":2026,""month"":1,""searchVolume"":10},{""year"":2025,""month"":12,""searchVolume"":10},{""year"":2025,""month"":11,""searchVolume"":10},{""year"":2025,""month"":10,""searchVolume"":10},{""year"":2025,""month"":9,""searchVolume"":10},{""year"":2025,""month"":8,""searchVolume"":10}]"
neschopenka online,ideas,true,isoprinosine online,10,,,,navigational,"[{""year"":2026,""month"":7,""searchVolume"":0},{""year"":2026,""month"":6,""searchVolume"":0},{""year"":2026,""month"":5,""searchVolume"":0},{""year"":2026,""month"":4,""searchVolume"":0},{""year"":2026,""month"":3,""searchVolume"":0},{""year"":2026,""month"":2,""searchVolume"":10},{""year"":2026,""month"":1,""searchVolume"":10},{""year"":2025,""month"":12,""searchVolume"":0},{""year"":2025,""month"":11,""searchVolume"":0},{""year"":2025,""month"":10,""searchVolume"":0},{""year"":2025,""month"":9,""searchVolume"":0},{""year"":2025,""month"":8,""searchVolume"":10}]"
neschopenka online,ideas,true,cvs online,10,,,,navigational,"[{""year"":2026,""month"":7,""searchVolume"":0},{""year"":2026,""month"":6,""searchVolume"":10},{""year"":2026,""month"":5,""searchVolume"":20},{""year"":2026,""month"":4,""searchVolume"":10},{""year"":2026,""month"":3,""searchVolume"":40},{""year"":2026,""month"":2,""searchVolume"":10},{""year"":2026,""month"":1,""searchVolume"":10},{""year"":2025,""month"":12,""searchVolume"":10},{""year"":2025,""month"":11,""searchVolume"":10},{""year"":2025,""month"":10,""searchVolume"":10},{""year"":2025,""month"":9,""searchVolume"":10},{""year"":2025,""month"":8,""searchVolume"":10}]"
neschopenka online,ideas,true,medibang online,10,,,,informational,"[{""year"":2026,""month"":7,""searchVolume"":0},{""year"":2026,""month"":6,""searchVolume"":10},{""year"":2026,""month"":5,""searchVolume"":10},{""year"":2026,""month"":4,""searchVolume"":0},{""year"":2026,""month"":3,""searchVolume"":10},{""year"":2026,""month"":2,""searchVolume"":0},{""year"":2026,""month"":1,""searchVolume"":0},{""year"":2025,""month"":12,""searchVolume"":0},{""year"":2025,""month"":11,""searchVolume"":0},{""year"":2025,""month"":10,""searchVolume"":0},{""year"":2025,""month"":9,""searchVolume"":0},{""year"":2025,""month"":8,""searchVolume"":0}]"
neschopenka online,ideas,true,zdravie online,10,,,0.07,informational,"[{""year"":2026,""month"":7,""searchVolume"":10},{""year"":2026,""month"":6,""searchVolume"":10},{""year"":2026,""month"":5,""searchVolume"":10},{""year"":2026,""month"":4,""searchVolume"":20},{""year"":2026,""month"":3,""searchVolume"":10},{""year"":2026,""month"":2,""searchVolume"":10},{""year"":2026,""month"":1,""searchVolume"":10},{""year"":2025,""month"":12,""searchVolume"":10},{""year"":2025,""month"":11,""searchVolume"":10},{""year"":2025,""month"":10,""searchVolume"":10},{""year"":2025,""month"":9,""searchVolume"":10},{""year"":2025,""month"":8,""searchVolume"":10}]"
neschopenka online,ideas,true,efterforskningen online,10,,,,informational,"[{""year"":2026,""month"":7,""searchVolume"":0},{""year"":2026,""month"":6,""searchVolume"":10},{""year"":2026,""month"":5,""searchVolume"":0},{""year"":2026,""month"":4,""searchVolume"":0},{""year"":2026,""month"":3,""searchVolume"":0},{""year"":2026,""month"":2,""searchVolume"":10},{""year"":2026,""month"":1,""searchVolume"":0},{""year"":2025,""month"":12,""searchVolume"":10},{""year"":2025,""month"":11,""searchVolume"":10},{""year"":2025,""month"":10,""searchVolume"":10},{""year"":2025,""month"":9,""searchVolume"":0},{""year"":2025,""month"":8,""searchVolume"":0}]"
neschopenka online,ideas,true,sanare online,10,,,,informational,"[{""year"":2026,""month"":7,""searchVolume"":0},{""year"":2026,""month"":6,""searchVolume"":0},{""year"":2026,""month"":5,""searchVolume"":10},{""year"":2026,""month"":4,""searchVolume"":0},{""year"":2026,""month"":3,""searchVolume"":0},{""year"":2026,""month"":2,""searchVolume"":0},{""year"":2026,""month"":1,""searchVolume"":0},{""year"":2025,""month"":12,""searchVolume"":10},{""year"":2025,""month"":11,""searchVolume"":0},{""year"":2025,""month"":10,""searchVolume"":10},{""year"":2025,""month"":9,""searchVolume"":0},{""year"":2025,""month"":8,""searchVolume"":0}]"
neschopenka online,ideas,true,kimovka online,10,,,,informational,"[{""year"":2026,""month"":7,""searchVolume"":0},{""year"":2026,""month"":6,""searchVolume"":10},{""year"":2026,""month"":5,""searchVolume"":10},{""year"":2026,""month"":4,""searchVolume"":10},{""year"":2026,""month"":3,""searchVolume"":10},{""year"":2026,""month"":2,""searchVolume"":10},{""year"":2026,""month"":1,""searchVolume"":10},{""year"":2025,""month"":12,""searchVolume"":10},{""year"":2025,""month"":11,""searchVolume"":10},{""year"":2025,""month"":10,""searchVolume"":10},{""year"":2025,""month"":9,""searchVolume"":10},{""year"":2025,""month"":8,""searchVolume"":10}]"
neschopenka online,ideas,true,online pediatr,10,42,0.48,0.35,informational,"[{""year"":2026,""month"":7,""searchVolume"":10},{""year"":2026,""month"":6,""searchVolume"":10},{""year"":2026,""month"":5,""searchVolume"":10},{""year"":2026,""month"":4,""searchVolume"":10},{""year"":2026,""month"":3,""searchVolume"":10},{""year"":2026,""month"":2,""searchVolume"":10},{""year"":2026,""month"":1,""searchVolume"":10},{""year"":2025,""month"":12,""searchVolume"":20},{""year"":2025,""month"":11,""searchVolume"":10},{""year"":2025,""month"":10,""searchVolume"":10},{""year"":2025,""month"":9,""searchVolume"":10},{""year"":2025,""month"":8,""searchVolume"":10}]"
neschopenka online,ideas,true,heartharena online,10,,,,navigational,"[{""year"":2026,""month"":7,""searchVolume"":0},{""year"":2026,""month"":6,""searchVolume"":0},{""year"":2026,""month"":5,""searchVolume"":0},{""year"":2026,""month"":4,""searchVolume"":0},{""year"":2026,""month"":3,""searchVolume"":0},{""year"":2026,""month"":2,""searchVolume"":0},{""year"":2026,""month"":1,""searchVolume"":10},{""year"":2025,""month"":12,""searchVolume"":0},{""year"":2025,""month"":11,""searchVolume"":10},{""year"":2025,""month"":10,""searchVolume"":0},{""year"":2025,""month"":9,""searchVolume"":10},{""year"":2025,""month"":8,""searchVolume"":0}]"
neschopenka online,ideas,true,biogen online,10,,,,navigational,"[{""year"":2026,""month"":7,""searchVolume"":0},{""year"":2026,""month"":6,""searchVolume"":0},{""year"":2026,""month"":5,""searchVolume"":10},{""year"":2026,""month"":4,""searchVolume"":10},{""year"":2026,""month"":3,""searchVolume"":10},{""year"":2026,""month"":2,""searchVolume"":10},{""year"":2026,""month"":1,""searchVolume"":0},{""year"":2025,""month"":12,""searchVolume"":0},{""year"":2025,""month"":11,""searchVolume"":0},{""year"":2025,""month"":10,""searchVolume"":0},{""year"":2025,""month"":9,""searchVolume"":0},{""year"":2025,""month"":8,""searchVolume"":10}]"
neschopenka online,ideas,true,investigatori online,10,,,,informational,"[{""year"":2026,""month"":7,""searchVolume"":0},{""year"":2026,""month"":6,""searchVolume"":0},{""year"":2026,""month"":5,""searchVolume"":10},{""year"":2026,""month"":4,""searchVolume"":0},{""year"":2026,""month"":3,""searchVolume"":0},{""year"":2026,""month"":2,""searchVolume"":10},{""year"":2026,""month"":1,""searchVolume"":0},{""year"":2025,""month"":12,""searchVolume"":0},{""year"":2025,""month"":11,""searchVolume"":10},{""year"":2025,""month"":10,""searchVolume"":0},{""year"":2025,""month"":9,""searchVolume"":0},{""year"":2025,""month"":8,""searchVolume"":10}]"
neschopenka online,ideas,true,pssi online,10,,,,navigational,"[{""year"":2026,""month"":7,""searchVolume"":0},{""year"":2026,""month"":6,""searchVolume"":10},{""year"":2026,""month"":5,""searchVolume"":0},{""year"":2026,""month"":4,""searchVolume"":0},{""year"":2026,""month"":3,""searchVolume"":0},{""year"":2026,""month"":2,""searchVolume"":0},{""year"":2026,""month"":1,""searchVolume"":10},{""year"":2025,""month"":12,""searchVolume"":10},{""year"":2025,""month"":11,""searchVolume"":10},{""year"":2025,""month"":10,""searchVolume"":10},{""year"":2025,""month"":9,""searchVolume"":10},{""year"":2025,""month"":8,""searchVolume"":0}]"
neschopenka online,ideas,true,online očkování,10,,,0.05,informational,"[{""year"":2026,""month"":7,""searchVolume"":10},{""year"":2026,""month"":6,""searchVolume"":0},{""year"":2026,""month"":5,""searchVolume"":10},{""year"":2026,""month"":4,""searchVolume"":10},{""year"":2026,""month"":3,""searchVolume"":10},{""year"":2026,""month"":2,""searchVolume"":0},{""year"":2026,""month"":1,""searchVolume"":10},{""year"":2025,""month"":12,""searchVolume"":10},{""year"":2025,""month"":11,""searchVolume"":10},{""year"":2025,""month"":10,""searchVolume"":10},{""year"":2025,""month"":9,""searchVolume"":10},{""year"":2025,""month"":8,""searchVolume"":10}]"
neschopenka online,ideas,true,trenbolone online,10,,,0,transactional,"[{""year"":2026,""month"":7,""searchVolume"":10},{""year"":2026,""month"":6,""searchVolume"":10},{""year"":2026,""month"":5,""searchVolume"":10},{""year"":2026,""month"":4,""searchVolume"":10},{""year"":2026,""month"":3,""searchVolume"":10},{""year"":2026,""month"":2,""searchVolume"":10},{""year"":2026,""month"":1,""searchVolume"":10},{""year"":2025,""month"":12,""searchVolume"":10},{""year"":2025,""month"":11,""searchVolume"":10},{""year"":2025,""month"":10,""searchVolume"":0},{""year"":2025,""month"":9,""searchVolume"":10},{""year"":2025,""month"":8,""searchVolume"":10}]"
neschopenka online,ideas,true,klinika online,10,,1.04,0.86,informational,"[{""year"":2026,""month"":7,""searchVolume"":10},{""year"":2026,""month"":6,""searchVolume"":10},{""year"":2026,""month"":5,""searchVolume"":10},{""year"":2026,""month"":4,""searchVolume"":10},{""year"":2026,""month"":3,""searchVolume"":10},{""year"":2026,""month"":2,""searchVolume"":10},{""year"":2026,""month"":1,""searchVolume"":10},{""year"":2025,""month"":12,""searchVolume"":10},{""year"":2025,""month"":11,""searchVolume"":10},{""year"":2025,""month"":10,""searchVolume"":10},{""year"":2025,""month"":9,""searchVolume"":10},{""year"":2025,""month"":8,""searchVolume"":10}]"
neschopenka online,ideas,true,eufloria online,10,,,,navigational,"[{""year"":2026,""month"":7,""searchVolume"":0},{""year"":2026,""month"":6,""searchVolume"":0},{""year"":2026,""month"":5,""searchVolume"":0},{""year"":2026,""month"":4,""searchVolume"":10},{""year"":2026,""month"":3,""searchVolume"":0},{""year"":2026,""month"":2,""searchVolume"":0},{""year"":2026,""month"":1,""searchVolume"":0},{""year"":2025,""month"":12,""searchVolume"":10},{""year"":2025,""month"":11,""searchVolume"":0},{""year"":2025,""month"":10,""searchVolume"":0},{""year"":2025,""month"":9,""searchVolume"":0},{""year"":2025,""month"":8,""searchVolume"":0}]"
neschopenka online,ideas,true,závrať online,10,,,0,navigational,"[{""year"":2026,""month"":7,""searchVolume"":10},{""year"":2026,""month"":6,""searchVolume"":10},{""year"":2026,""month"":5,""searchVolume"":10},{""year"":2026,""month"":4,""searchVolume"":10},{""year"":2026,""month"":3,""searchVolume"":10},{""year"":2026,""month"":2,""searchVolume"":10},{""year"":2026,""month"":1,""searchVolume"":10},{""year"":2025,""month"":12,""searchVolume"":0},{""year"":2025,""month"":11,""searchVolume"":10},{""year"":2025,""month"":10,""searchVolume"":10},{""year"":2025,""month"":9,""searchVolume"":10},{""year"":2025,""month"":8,""searchVolume"":10}]"
neschopenka online,ideas,true,pochyby online,10,,,,informational,"[{""year"":2026,""month"":7,""searchVolume"":0},{""year"":2026,""month"":6,""searchVolume"":10},{""year"":2026,""month"":5,""searchVolume"":0},{""year"":2026,""month"":4,""searchVolume"":30},{""year"":2026,""month"":3,""searchVolume"":10},{""year"":2026,""month"":2,""searchVolume"":0},{""year"":2026,""month"":1,""searchVolume"":0},{""year"":2025,""month"":12,""searchVolume"":0},{""year"":2025,""month"":11,""searchVolume"":0},{""year"":2025,""month"":10,""searchVolume"":0},{""year"":2025,""month"":9,""searchVolume"":0},{""year"":2025,""month"":8,""searchVolume"":0}]"
neschopenka online,ideas,true,onkologie online,10,,3.79,0.08,informational,"[{""year"":2026,""month"":7,""searchVolume"":10},{""year"":2026,""month"":6,""searchVolume"":10},{""year"":2026,""month"":5,""searchVolume"":0},{""year"":2026,""month"":4,""searchVolume"":10},{""year"":2026,""month"":3,""searchVolume"":10},{""year"":2026,""month"":2,""searchVolume"":10},{""year"":2026,""month"":1,""searchVolume"":10},{""year"":2025,""month"":12,""searchVolume"":10},{""year"":2025,""month"":11,""searchVolume"":10},{""year"":2025,""month"":10,""searchVolume"":10},{""year"":2025,""month"":9,""searchVolume"":10},{""year"":2025,""month"":8,""searchVolume"":10}]"
neschopenka online,ideas,true,posilování online,10,,,0.14,informational,"[{""year"":2026,""month"":7,""searchVolume"":10},{""year"":2026,""month"":6,""searchVolume"":10},{""year"":2026,""month"":5,""searchVolume"":0},{""year"":2026,""month"":4,""searchVolume"":10},{""year"":2026,""month"":3,""searchVolume"":10},{""year"":2026,""month"":2,""searchVolume"":0},{""year"":2026,""month"":1,""searchVolume"":10},{""year"":2025,""month"":12,""searchVolume"":0},{""year"":2025,""month"":11,""searchVolume"":10},{""year"":2025,""month"":10,""searchVolume"":10},{""year"":2025,""month"":9,""searchVolume"":10},{""year"":2025,""month"":8,""searchVolume"":10}]"
neschopenka online,ideas,true,diabetologove online,10,,,,navigational,"[{""year"":2026,""month"":7,""searchVolume"":0},{""year"":2026,""month"":6,""searchVolume"":10},{""year"":2026,""month"":5,""searchVolume"":10},{""year"":2026,""month"":4,""searchVolume"":10},{""year"":2026,""month"":3,""searchVolume"":10},{""year"":2026,""month"":2,""searchVolume"":10},{""year"":2026,""month"":1,""searchVolume"":10},{""year"":2025,""month"":12,""searchVolume"":10},{""year"":2025,""month"":11,""searchVolume"":10},{""year"":2025,""month"":10,""searchVolume"":10},{""year"":2025,""month"":9,""searchVolume"":10},{""year"":2025,""month"":8,""searchVolume"":10}]"
neschopenka online,ideas,true,mandibules online,10,,,,informational,"[{""year"":2026,""month"":7,""searchVolume"":0},{""year"":2026,""month"":6,""searchVolume"":10},{""year"":2026,""month"":5,""searchVolume"":10},{""year"":2026,""month"":4,""searchVolume"":0},{""year"":2026,""month"":3,""searchVolume"":10},{""year"":2026,""month"":2,""searchVolume"":10},{""year"":2026,""month"":1,""searchVolume"":0},{""year"":2025,""month"":12,""searchVolume"":10},{""year"":2025,""month"":11,""searchVolume"":0},{""year"":2025,""month"":10,""searchVolume"":0},{""year"":2025,""month"":9,""searchVolume"":0},{""year"":2025,""month"":8,""searchVolume"":0}]"
neschopenka online,ideas,true,online psi,10,,,,informational,"[{""year"":2026,""month"":7,""searchVolume"":0},{""year"":2026,""month"":6,""searchVolume"":10},{""year"":2026,""month"":5,""searchVolume"":10},{""year"":2026,""month"":4,""searchVolume"":0},{""year"":2026,""month"":3,""searchVolume"":0},{""year"":2026,""month"":2,""searchVolume"":0},{""year"":2026,""month"":1,""searchVolume"":10},{""year"":2025,""month"":12,""searchVolume"":10},{""year"":2025,""month"":11,""searchVolume"":10},{""year"":2025,""month"":10,""searchVolume"":10},{""year"":2025,""month"":9,""searchVolume"":0},{""year"":2025,""month"":8,""searchVolume"":10}]"
neschopenka online,ideas,true,tricare online,10,,,,navigational,"[{""year"":2026,""month"":7,""searchVolume"":0},{""year"":2026,""month"":6,""searchVolume"":0},{""year"":2026,""month"":5,""searchVolume"":0},{""year"":2026,""month"":4,""searchVolume"":0},{""year"":2026,""month"":3,""searchVolume"":0},{""year"":2026,""month"":2,""searchVolume"":0},{""year"":2026,""month"":1,""searchVolume"":0},{""year"":2025,""month"":12,""searchVolume"":0},{""year"":2025,""month"":11,""searchVolume"":0},{""year"":2025,""month"":10,""searchVolume"":10},{""year"":2025,""month"":9,""searchVolume"":10},{""year"":2025,""month"":8,""searchVolume"":10}]"
neschopenka online,ideas,true,dr.dokonaly online,10,,0.18,0.09,navigational,"[{""year"":2026,""month"":7,""searchVolume"":20},{""year"":2026,""month"":6,""searchVolume"":10},{""year"":2026,""month"":5,""searchVolume"":10},{""year"":2026,""month"":4,""searchVolume"":10},{""year"":2026,""month"":3,""searchVolume"":10},{""year"":2026,""month"":2,""searchVolume"":10},{""year"":2026,""month"":1,""searchVolume"":10},{""year"":2025,""month"":12,""searchVolume"":10},{""year"":2025,""month"":11,""searchVolume"":10},{""year"":2025,""month"":10,""searchVolume"":10},{""year"":2025,""month"":9,""searchVolume"":10},{""year"":2025,""month"":8,""searchVolume"":10}]"
neschopenka online,ideas,true,počítadlo kalorií online,10,,0.27,0.79,informational,"[{""year"":2026,""month"":7,""searchVolume"":10},{""year"":2026,""month"":6,""searchVolume"":0},{""year"":2026,""month"":5,""searchVolume"":10},{""year"":2026,""month"":4,""searchVolume"":0},{""year"":2026,""month"":3,""searchVolume"":10},{""year"":2026,""month"":2,""searchVolume"":0},{""year"":2026,""month"":1,""searchVolume"":10},{""year"":2025,""month"":12,""searchVolume"":10},{""year"":2025,""month"":11,""searchVolume"":0},{""year"":2025,""month"":10,""searchVolume"":0},{""year"":2025,""month"":9,""searchVolume"":10},{""year"":2025,""month"":8,""searchVolume"":10}]"
neschopenka online,ideas,true,studie psychologie online,10,,,,informational,"[{""year"":2026,""month"":7,""searchVolume"":0},{""year"":2026,""month"":6,""searchVolume"":0},{""year"":2026,""month"":5,""searchVolume"":10},{""year"":2026,""month"":4,""searchVolume"":0},{""year"":2026,""month"":3,""searchVolume"":0},{""year"":2026,""month"":2,""searchVolume"":10},{""year"":2026,""month"":1,""searchVolume"":0},{""year"":2025,""month"":12,""searchVolume"":10},{""year"":2025,""month"":11,""searchVolume"":0},{""year"":2025,""month"":10,""searchVolume"":0},{""year"":2025,""month"":9,""searchVolume"":0},{""year"":2025,""month"":8,""searchVolume"":0}]"
neschopenka online,ideas,true,lékaři online chat,10,,,0,informational,"[{""year"":2026,""month"":7,""searchVolume"":10},{""year"":2026,""month"":6,""searchVolume"":10},{""year"":2026,""month"":5,""searchVolume"":10},{""year"":2026,""month"":4,""searchVolume"":10},{""year"":2026,""month"":3,""searchVolume"":0},{""year"":2026,""month"":2,""searchVolume"":10},{""year"":2026,""month"":1,""searchVolume"":10},{""year"":2025,""month"":12,""searchVolume"":10},{""year"":2025,""month"":11,""searchVolume"":10},{""year"":2025,""month"":10,""searchVolume"":10},{""year"":2025,""month"":9,""searchVolume"":0},{""year"":2025,""month"":8,""searchVolume"":10}]"
neschopenka online,ideas,true,sexuologické poradenství online,10,45,,,informational,"[{""year"":2026,""month"":7,""searchVolume"":0},{""year"":2026,""month"":6,""searchVolume"":0},{""year"":2026,""month"":5,""searchVolume"":0},{""year"":2026,""month"":4,""searchVolume"":0},{""year"":2026,""month"":3,""searchVolume"":0},{""year"":2026,""month"":2,""searchVolume"":0},{""year"":2026,""month"":1,""searchVolume"":10},{""year"":2025,""month"":12,""searchVolume"":0},{""year"":2025,""month"":11,""searchVolume"":0},{""year"":2025,""month"":10,""searchVolume"":0},{""year"":2025,""month"":9,""searchVolume"":10},{""year"":2025,""month"":8,""searchVolume"":0}]"
neschopenka online,ideas,true,superlék online cz,10,,,0,navigational,"[{""year"":2026,""month"":7,""searchVolume"":10},{""year"":2026,""month"":6,""searchVolume"":10},{""year"":2026,""month"":5,""searchVolume"":10},{""year"":2026,""month"":4,""searchVolume"":10},{""year"":2026,""month"":3,""searchVolume"":10},{""year"":2026,""month"":2,""searchVolume"":0},{""year"":2026,""month"":1,""searchVolume"":10},{""year"":2025,""month"":12,""searchVolume"":10},{""year"":2025,""month"":11,""searchVolume"":10},{""year"":2025,""month"":10,""searchVolume"":10},{""year"":2025,""month"":9,""searchVolume"":10},{""year"":2025,""month"":8,""searchVolume"":10}]"
neschopenka online,ideas,true,matky 2021 online,10,10,,,navigational,"[{""year"":2026,""month"":7,""searchVolume"":0},{""year"":2026,""month"":6,""searchVolume"":10},{""year"":2026,""month"":5,""searchVolume"":10},{""year"":2026,""month"":4,""searchVolume"":10},{""year"":2026,""month"":3,""searchVolume"":10},{""year"":2026,""month"":2,""searchVolume"":0},{""year"":2026,""month"":1,""searchVolume"":10},{""year"":2025,""month"":12,""searchVolume"":10},{""year"":2025,""month"":11,""searchVolume"":0},{""year"":2025,""month"":10,""searchVolume"":10},{""year"":2025,""month"":9,""searchVolume"":10},{""year"":2025,""month"":8,""searchVolume"":10}]"
neschopenka online,ideas,true,příbalové letáky online,10,,,,informational,"[{""year"":2026,""month"":7,""searchVolume"":0},{""year"":2026,""month"":6,""searchVolume"":10},{""year"":2026,""month"":5,""searchVolume"":0},{""year"":2026,""month"":4,""searchVolume"":0},{""year"":2026,""month"":3,""searchVolume"":10},{""year"":2026,""month"":2,""searchVolume"":0},{""year"":2026,""month"":1,""searchVolume"":0},{""year"":2025,""month"":12,""searchVolume"":0},{""year"":2025,""month"":11,""searchVolume"":0},{""year"":2025,""month"":10,""searchVolume"":0},{""year"":2025,""month"":9,""searchVolume"":10},{""year"":2025,""month"":8,""searchVolume"":0}]"
neschopenka online,ideas,true,ústav strachu online,10,,,0.06,navigational,"[{""year"":2026,""month"":7,""searchVolume"":10},{""year"":2026,""month"":6,""searchVolume"":10},{""year"":2026,""month"":5,""searchVolume"":10},{""year"":2026,""month"":4,""searchVolume"":10},{""year"":2026,""month"":3,""searchVolume"":10},{""year"":2026,""month"":2,""searchVolume"":10},{""year"":2026,""month"":1,""searchVolume"":20},{""year"":2025,""month"":12,""searchVolume"":10},{""year"":2025,""month"":11,""searchVolume"":20},{""year"":2025,""month"":10,""searchVolume"":20},{""year"":2025,""month"":9,""searchVolume"":20},{""year"":2025,""month"":8,""searchVolume"":10}]"
neschopenka online,ideas,true,tehotenske testy online,10,,1.57,1,informational,"[{""year"":2026,""month"":7,""searchVolume"":10},{""year"":2026,""month"":6,""searchVolume"":0},{""year"":2026,""month"":5,""searchVolume"":0},{""year"":2026,""month"":4,""searchVolume"":10},{""year"":2026,""month"":3,""searchVolume"":10},{""year"":2026,""month"":2,""searchVolume"":10},{""year"":2026,""month"":1,""searchVolume"":10},{""year"":2025,""month"":12,""searchVolume"":0},{""year"":2025,""month"":11,""searchVolume"":0},{""year"":2025,""month"":10,""searchVolume"":0},{""year"":2025,""month"":9,""searchVolume"":0},{""year"":2025,""month"":8,""searchVolume"":10}]"
neschopenka online,ideas,true,clickdoc online kalendář,10,,,0,transactional,"[{""year"":2026,""month"":7,""searchVolume"":10},{""year"":2026,""month"":6,""searchVolume"":10},{""year"":2026,""month"":5,""searchVolume"":10},{""year"":2026,""month"":4,""searchVolume"":10},{""year"":2026,""month"":3,""searchVolume"":10},{""year"":2026,""month"":2,""searchVolume"":10},{""year"":2026,""month"":1,""searchVolume"":20},{""year"":2025,""month"":12,""searchVolume"":10},{""year"":2025,""month"":11,""searchVolume"":10},{""year"":2025,""month"":10,""searchVolume"":30},{""year"":2025,""month"":9,""searchVolume"":20},{""year"":2025,""month"":8,""searchVolume"":20}]"
neschopenka online,ideas,true,terapie 2 online,10,,,0,informational,"[{""year"":2026,""month"":7,""searchVolume"":10},{""year"":2026,""month"":6,""searchVolume"":0},{""year"":2026,""month"":5,""searchVolume"":0},{""year"":2026,""month"":4,""searchVolume"":10},{""year"":2026,""month"":3,""searchVolume"":10},{""year"":2026,""month"":2,""searchVolume"":10},{""year"":2026,""month"":1,""searchVolume"":10},{""year"":2025,""month"":12,""searchVolume"":10},{""year"":2025,""month"":11,""searchVolume"":10},{""year"":2025,""month"":10,""searchVolume"":10},{""year"":2025,""month"":9,""searchVolume"":10},{""year"":2025,""month"":8,""searchVolume"":10}]"
neschopenka online,ideas,true,plan porodu online,10,,,,commercial,"[{""year"":2026,""month"":7,""searchVolume"":0},{""year"":2026,""month"":6,""searchVolume"":0},{""year"":2026,""month"":5,""searchVolume"":0},{""year"":2026,""month"":4,""searchVolume"":0},{""year"":2026,""month"":3,""searchVolume"":10},{""year"":2026,""month"":2,""searchVolume"":10},{""year"":2026,""month"":1,""searchVolume"":10},{""year"":2025,""month"":12,""searchVolume"":0},{""year"":2025,""month"":11,""searchVolume"":0},{""year"":2025,""month"":10,""searchVolume"":0},{""year"":2025,""month"":9,""searchVolume"":0},{""year"":2025,""month"":8,""searchVolume"":10}]"
neschopenka online,ideas,true,potratová pilulka online,10,42,,,transactional,"[{""year"":2026,""month"":7,""searchVolume"":0},{""year"":2026,""month"":6,""searchVolume"":0},{""year"":2026,""month"":5,""searchVolume"":0},{""year"":2026,""month"":4,""searchVolume"":0},{""year"":2026,""month"":3,""searchVolume"":0},{""year"":2026,""month"":2,""searchVolume"":0},{""year"":2026,""month"":1,""searchVolume"":10},{""year"":2025,""month"":12,""searchVolume"":10},{""year"":2025,""month"":11,""searchVolume"":0},{""year"":2025,""month"":10,""searchVolume"":0},{""year"":2025,""month"":9,""searchVolume"":10},{""year"":2025,""month"":8,""searchVolume"":10}]"
neschopenka online,ideas,true,parazit cz online,10,0,,0.16,informational,"[{""year"":2026,""month"":7,""searchVolume"":10},{""year"":2026,""month"":6,""searchVolume"":10},{""year"":2026,""month"":5,""searchVolume"":10},{""year"":2026,""month"":4,""searchVolume"":10},{""year"":2026,""month"":3,""searchVolume"":10},{""year"":2026,""month"":2,""searchVolume"":10},{""year"":2026,""month"":1,""searchVolume"":20},{""year"":2025,""month"":12,""searchVolume"":10},{""year"":2025,""month"":11,""searchVolume"":10},{""year"":2025,""month"":10,""searchVolume"":10},{""year"":2025,""month"":9,""searchVolume"":10},{""year"":2025,""month"":8,""searchVolume"":10}]"
neschopenka online,ideas,true,terapie online csfd,10,,,,navigational,"[{""year"":2026,""month"":7,""searchVolume"":0},{""year"":2026,""month"":6,""searchVolume"":0},{""year"":2026,""month"":5,""searchVolume"":0},{""year"":2026,""month"":4,""searchVolume"":10},{""year"":2026,""month"":3,""searchVolume"":10},{""year"":2026,""month"":2,""searchVolume"":10},{""year"":2026,""month"":1,""searchVolume"":0},{""year"":2025,""month"":12,""searchVolume"":10},{""year"":2025,""month"":11,""searchVolume"":0},{""year"":2025,""month"":10,""searchVolume"":10},{""year"":2025,""month"":9,""searchVolume"":0},{""year"":2025,""month"":8,""searchVolume"":10}]"
neschopenka online,ideas,true,osobní rozvoj online,10,,,,informational,"[{""year"":2026,""month"":7,""searchVolume"":0},{""year"":2026,""month"":6,""searchVolume"":0},{""year"":2026,""month"":5,""searchVolume"":0},{""year"":2026,""month"":4,""searchVolume"":10},{""year"":2026,""month"":3,""searchVolume"":10},{""year"":2026,""month"":2,""searchVolume"":0},{""year"":2026,""month"":1,""searchVolume"":0},{""year"":2025,""month"":12,""searchVolume"":0},{""year"":2025,""month"":11,""searchVolume"":0},{""year"":2025,""month"":10,""searchVolume"":0},{""year"":2025,""month"":9,""searchVolume"":0},{""year"":2025,""month"":8,""searchVolume"":10}]"
neschopenka online,ideas,true,vlákna 1984 online,10,,,,informational,"[{""year"":2026,""month"":7,""searchVolume"":0},{""year"":2026,""month"":6,""searchVolume"":10},{""year"":2026,""month"":5,""searchVolume"":10},{""year"":2026,""month"":4,""searchVolume"":0},{""year"":2026,""month"":3,""searchVolume"":10},{""year"":2026,""month"":2,""searchVolume"":10},{""year"":2026,""month"":1,""searchVolume"":10},{""year"":2025,""month"":12,""searchVolume"":10},{""year"":2025,""month"":11,""searchVolume"":0},{""year"":2025,""month"":10,""searchVolume"":10},{""year"":2025,""month"":9,""searchVolume"":10},{""year"":2025,""month"":8,""searchVolume"":10}]"
neschopenka online,ideas,true,lékové skupiny online,10,,,,informational,"[{""year"":2026,""month"":7,""searchVolume"":0},{""year"":2026,""month"":6,""searchVolume"":0},{""year"":2026,""month"":5,""searchVolume"":0},{""year"":2026,""month"":4,""searchVolume"":0},{""year"":2026,""month"":3,""searchVolume"":0},{""year"":2026,""month"":2,""searchVolume"":0},{""year"":2026,""month"":1,""searchVolume"":10},{""year"":2025,""month"":12,""searchVolume"":0},{""year"":2025,""month"":11,""searchVolume"":10},{""year"":2025,""month"":10,""searchVolume"":0},{""year"":2025,""month"":9,""searchVolume"":0},{""year"":2025,""month"":8,""searchVolume"":0}]"
neschopenka online,ideas,true,kožní doktor online,10,,,,navigational,"[{""year"":2026,""month"":7,""searchVolume"":0},{""year"":2026,""month"":6,""searchVolume"":0},{""year"":2026,""month"":5,""searchVolume"":0},{""year"":2026,""month"":4,""searchVolume"":0},{""year"":2026,""month"":3,""searchVolume"":0},{""year"":2026,""month"":2,""searchVolume"":10},{""year"":2026,""month"":1,""searchVolume"":0},{""year"":2025,""month"":12,""searchVolume"":0},{""year"":2025,""month"":11,""searchVolume"":0},{""year"":2025,""month"":10,""searchVolume"":0},{""year"":2025,""month"":9,""searchVolume"":0},{""year"":2025,""month"":8,""searchVolume"":10}]"
neschopenka online,ideas,true,hypnotik online cz,10,,,0.07,informational,"[{""year"":2026,""month"":7,""searchVolume"":10},{""year"":2026,""month"":6,""searchVolume"":10},{""year"":2026,""month"":5,""searchVolume"":10},{""year"":2026,""month"":4,""searchVolume"":10},{""year"":2026,""month"":3,""searchVolume"":10},{""year"":2026,""month"":2,""searchVolume"":0},{""year"":2026,""month"":1,""searchVolume"":0},{""year"":2025,""month"":12,""searchVolume"":0},{""year"":2025,""month"":11,""searchVolume"":10},{""year"":2025,""month"":10,""searchVolume"":10},{""year"":2025,""month"":9,""searchVolume"":10},{""year"":2025,""month"":8,""searchVolume"":10}]"
neschopenka online,ideas,true,sledovat doktoři online,10,,,0,informational,"[{""year"":2026,""month"":7,""searchVolume"":10},{""year"":2026,""month"":6,""searchVolume"":10},{""year"":2026,""month"":5,""searchVolume"":10},{""year"":2026,""month"":4,""searchVolume"":10},{""year"":2026,""month"":3,""searchVolume"":10},{""year"":2026,""month"":2,""searchVolume"":10},{""year"":2026,""month"":1,""searchVolume"":10},{""year"":2025,""month"":12,""searchVolume"":10},{""year"":2025,""month"":11,""searchVolume"":10},{""year"":2025,""month"":10,""searchVolume"":10},{""year"":2025,""month"":9,""searchVolume"":10},{""year"":2025,""month"":8,""searchVolume"":10}]"
neschopenka online,ideas,true,medici online free,10,,,,informational,"[{""year"":2026,""month"":7,""searchVolume"":0},{""year"":2026,""month"":6,""searchVolume"":10},{""year"":2026,""month"":5,""searchVolume"":10},{""year"":2026,""month"":4,""searchVolume"":10},{""year"":2026,""month"":3,""searchVolume"":0},{""year"":2026,""month"":2,""searchVolume"":0},{""year"":2026,""month"":1,""searchVolume"":0},{""year"":2025,""month"":12,""searchVolume"":10},{""year"":2025,""month"":11,""searchVolume"":0},{""year"":2025,""month"":10,""searchVolume"":0},{""year"":2025,""month"":9,""searchVolume"":0},{""year"":2025,""month"":8,""searchVolume"":10}]"
neschopenka online,ideas,true,operace srdce online,10,,,,informational,"[{""year"":2026,""month"":7,""searchVolume"":0},{""year"":2026,""month"":6,""searchVolume"":0},{""year"":2026,""month"":5,""searchVolume"":0},{""year"":2026,""month"":4,""searchVolume"":0},{""year"":2026,""month"":3,""searchVolume"":0},{""year"":2026,""month"":2,""searchVolume"":0},{""year"":2026,""month"":1,""searchVolume"":10},{""year"":2025,""month"":12,""searchVolume"":0},{""year"":2025,""month"":11,""searchVolume"":0},{""year"":2025,""month"":10,""searchVolume"":0},{""year"":2025,""month"":9,""searchVolume"":0},{""year"":2025,""month"":8,""searchVolume"":0}]"
neschopenka online,ideas,true,online cviceni pady,10,,,,informational,"[{""year"":2026,""month"":7,""searchVolume"":0},{""year"":2026,""month"":6,""searchVolume"":10},{""year"":2026,""month"":5,""searchVolume"":10},{""year"":2026,""month"":4,""searchVolume"":10},{""year"":2026,""month"":3,""searchVolume"":10},{""year"":2026,""month"":2,""searchVolume"":10},{""year"":2026,""month"":1,""searchVolume"":10},{""year"":2025,""month"":12,""searchVolume"":10},{""year"":2025,""month"":11,""searchVolume"":10},{""year"":2025,""month"":10,""searchVolume"":0},{""year"":2025,""month"":9,""searchVolume"":10},{""year"":2025,""month"":8,""searchVolume"":10}]"
neschopenka online,ideas,true,containment online cz,10,40,,,navigational,"[{""year"":2026,""month"":7,""searchVolume"":0},{""year"":2026,""month"":6,""searchVolume"":10},{""year"":2026,""month"":5,""searchVolume"":0},{""year"":2026,""month"":4,""searchVolume"":0},{""year"":2026,""month"":3,""searchVolume"":10},{""year"":2026,""month"":2,""searchVolume"":20},{""year"":2026,""month"":1,""searchVolume"":10},{""year"":2025,""month"":12,""searchVolume"":10},{""year"":2025,""month"":11,""searchVolume"":10},{""year"":2025,""month"":10,""searchVolume"":10},{""year"":2025,""month"":9,""searchVolume"":10},{""year"":2025,""month"":8,""searchVolume"":10}]"
neschopenka online,ideas,true,nemocnica online cz,10,,,0,navigational,"[{""year"":2026,""month"":7,""searchVolume"":10},{""year"":2026,""month"":6,""searchVolume"":0},{""year"":2026,""month"":5,""searchVolume"":0},{""year"":2026,""month"":4,""searchVolume"":0},{""year"":2026,""month"":3,""searchVolume"":0},{""year"":2026,""month"":2,""searchVolume"":0},{""year"":2026,""month"":1,""searchVolume"":0},{""year"":2025,""month"":12,""searchVolume"":0},{""year"":2025,""month"":11,""searchVolume"":0},{""year"":2025,""month"":10,""searchVolume"":10},{""year"":2025,""month"":9,""searchVolume"":0},{""year"":2025,""month"":8,""searchVolume"":10}]"
neschopenka online,ideas,true,farma 2021 online,10,,,0.29,informational,"[{""year"":2026,""month"":7,""searchVolume"":10},{""year"":2026,""month"":6,""searchVolume"":0},{""year"":2026,""month"":5,""searchVolume"":0},{""year"":2026,""month"":4,""searchVolume"":0},{""year"":2026,""month"":3,""searchVolume"":0},{""year"":2026,""month"":2,""searchVolume"":0},{""year"":2026,""month"":1,""searchVolume"":0},{""year"":2025,""month"":12,""searchVolume"":0},{""year"":2025,""month"":11,""searchVolume"":0},{""year"":2025,""month"":10,""searchVolume"":0},{""year"":2025,""month"":9,""searchVolume"":10},{""year"":2025,""month"":8,""searchVolume"":0}]"
neschopenka online,ideas,true,přednášky online psychologie,10,,,,informational,"[{""year"":2026,""month"":7,""searchVolume"":0},{""year"":2026,""month"":6,""searchVolume"":0},{""year"":2026,""month"":5,""searchVolume"":0},{""year"":2026,""month"":4,""searchVolume"":10},{""year"":2026,""month"":3,""searchVolume"":0},{""year"":2026,""month"":2,""searchVolume"":0},{""year"":2026,""month"":1,""searchVolume"":10},{""year"":2025,""month"":12,""searchVolume"":10},{""year"":2025,""month"":11,""searchVolume"":0},{""year"":2025,""month"":10,""searchVolume"":0},{""year"":2025,""month"":9,""searchVolume"":0},{""year"":2025,""month"":8,""searchVolume"":0}]"
neschopenka online,ideas,true,matky 2020 online,10,20,,,informational,"[{""year"":2026,""month"":7,""searchVolume"":0},{""year"":2026,""month"":6,""searchVolume"":0},{""year"":2026,""month"":5,""searchVolume"":0},{""year"":2026,""month"":4,""searchVolume"":0},{""year"":2026,""month"":3,""searchVolume"":0},{""year"":2026,""month"":2,""searchVolume"":0},{""year"":2026,""month"":1,""searchVolume"":0},{""year"":2025,""month"":12,""searchVolume"":0},{""year"":2025,""month"":11,""searchVolume"":0},{""year"":2025,""month"":10,""searchVolume"":0},{""year"":2025,""month"":9,""searchVolume"":10},{""year"":2025,""month"":8,""searchVolume"":10}]"
neschopenka online,ideas,true,sluchové vnímání online,10,,,0.02,informational,"[{""year"":2026,""month"":7,""searchVolume"":10},{""year"":2026,""month"":6,""searchVolume"":10},{""year"":2026,""month"":5,""searchVolume"":10},{""year"":2026,""month"":4,""searchVolume"":10},{""year"":2026,""month"":3,""searchVolume"":20},{""year"":2026,""month"":2,""searchVolume"":10},{""year"":2026,""month"":1,""searchVolume"":10},{""year"":2025,""month"":12,""searchVolume"":10},{""year"":2025,""month"":11,""searchVolume"":30},{""year"":2025,""month"":10,""searchVolume"":20},{""year"":2025,""month"":9,""searchVolume"":20},{""year"":2025,""month"":8,""searchVolume"":10}]"
neschopenka online,ideas,true,nemocnice hope online,10,,,0.04,navigational,"[{""year"":2026,""month"":7,""searchVolume"":10},{""year"":2026,""month"":6,""searchVolume"":30},{""year"":2026,""month"":5,""searchVolume"":10},{""year"":2026,""month"":4,""searchVolume"":20},{""year"":2026,""month"":3,""searchVolume"":10},{""year"":2026,""month"":2,""searchVolume"":30},{""year"":2026,""month"":1,""searchVolume"":20},{""year"":2025,""month"":12,""searchVolume"":10},{""year"":2025,""month"":11,""searchVolume"":10},{""year"":2025,""month"":10,""searchVolume"":10},{""year"":2025,""month"":9,""searchVolume"":20},{""year"":2025,""month"":8,""searchVolume"":10}]"
neschopenka online,ideas,true,karlovarská pohotovost online,10,,,0,transactional,"[{""year"":2026,""month"":7,""searchVolume"":10},{""year"":2026,""month"":6,""searchVolume"":0},{""year"":2026,""month"":5,""searchVolume"":0},{""year"":2026,""month"":4,""searchVolume"":10},{""year"":2026,""month"":3,""searchVolume"":10},{""year"":2026,""month"":2,""searchVolume"":10},{""year"":2026,""month"":1,""searchVolume"":10},{""year"":2025,""month"":12,""searchVolume"":10},{""year"":2025,""month"":11,""searchVolume"":10},{""year"":2025,""month"":10,""searchVolume"":10},{""year"":2025,""month"":9,""searchVolume"":10},{""year"":2025,""month"":8,""searchVolume"":10}]"
neschopenka online,ideas,true,sobel filter online,10,,,,navigational,"[{""year"":2026,""month"":7,""searchVolume"":0},{""year"":2026,""month"":6,""searchVolume"":10},{""year"":2026,""month"":5,""searchVolume"":0},{""year"":2026,""month"":4,""searchVolume"":0},{""year"":2026,""month"":3,""searchVolume"":0},{""year"":2026,""month"":2,""searchVolume"":10},{""year"":2026,""month"":1,""searchVolume"":0},{""year"":2025,""month"":12,""searchVolume"":0},{""year"":2025,""month"":11,""searchVolume"":0},{""year"":2025,""month"":10,""searchVolume"":0},{""year"":2025,""month"":9,""searchVolume"":0},{""year"":2025,""month"":8,""searchVolume"":10}]"
neschopenka online,ideas,true,nemocnica sk online,10,18,,0,navigational,"[{""year"":2026,""month"":7,""searchVolume"":10},{""year"":2026,""month"":6,""searchVolume"":10},{""year"":2026,""month"":5,""searchVolume"":10},{""year"":2026,""month"":4,""searchVolume"":0},{""year"":2026,""month"":3,""searchVolume"":0},{""year"":2026,""month"":2,""searchVolume"":10},{""year"":2026,""month"":1,""searchVolume"":10},{""year"":2025,""month"":12,""searchVolume"":10},{""year"":2025,""month"":11,""searchVolume"":0},{""year"":2025,""month"":10,""searchVolume"":10},{""year"":2025,""month"":9,""searchVolume"":0},{""year"":2025,""month"":8,""searchVolume"":0}]"
neschopenka online,ideas,true,dr pol online,10,,,0,navigational,"[{""year"":2026,""month"":7,""searchVolume"":10},{""year"":2026,""month"":6,""searchVolume"":10},{""year"":2026,""month"":5,""searchVolume"":10},{""year"":2026,""month"":4,""searchVolume"":0},{""year"":2026,""month"":3,""searchVolume"":10},{""year"":2026,""month"":2,""searchVolume"":10},{""year"":2026,""month"":1,""searchVolume"":10},{""year"":2025,""month"":12,""searchVolume"":10},{""year"":2025,""month"":11,""searchVolume"":10},{""year"":2025,""month"":10,""searchVolume"":10},{""year"":2025,""month"":9,""searchVolume"":10},{""year"":2025,""month"":8,""searchVolume"":10}]"
neschopenka online,ideas,true,aponeo online apotheke,10,,,,navigational,"[{""year"":2026,""month"":7,""searchVolume"":0},{""year"":2026,""month"":6,""searchVolume"":10},{""year"":2026,""month"":5,""searchVolume"":10},{""year"":2026,""month"":4,""searchVolume"":0},{""year"":2026,""month"":3,""searchVolume"":10},{""year"":2026,""month"":2,""searchVolume"":10},{""year"":2026,""month"":1,""searchVolume"":10},{""year"":2025,""month"":12,""searchVolume"":0},{""year"":2025,""month"":11,""searchVolume"":10},{""year"":2025,""month"":10,""searchVolume"":10},{""year"":2025,""month"":9,""searchVolume"":10},{""year"":2025,""month"":8,""searchVolume"":0}]"
neschopenka online,ideas,true,farma 8 online,10,,,0,informational,"[{""year"":2026,""month"":7,""searchVolume"":10},{""year"":2026,""month"":6,""searchVolume"":10},{""year"":2026,""month"":5,""searchVolume"":10},{""year"":2026,""month"":4,""searchVolume"":10},{""year"":2026,""month"":3,""searchVolume"":10},{""year"":2026,""month"":2,""searchVolume"":10},{""year"":2026,""month"":1,""searchVolume"":10},{""year"":2025,""month"":12,""searchVolume"":10},{""year"":2025,""month"":11,""searchVolume"":30},{""year"":2025,""month"":10,""searchVolume"":10},{""year"":2025,""month"":9,""searchVolume"":20},{""year"":2025,""month"":8,""searchVolume"":30}]"
neschopenka online,ideas,true,prodloužení vzp online,10,,0.77,0.03,transactional,"[{""year"":2026,""month"":7,""searchVolume"":20},{""year"":2026,""month"":6,""searchVolume"":20},{""year"":2026,""month"":5,""searchVolume"":30},{""year"":2026,""month"":4,""searchVolume"":70},{""year"":2026,""month"":3,""searchVolume"":30},{""year"":2026,""month"":2,""searchVolume"":0},{""year"":2026,""month"":1,""searchVolume"":0},{""year"":2025,""month"":12,""searchVolume"":0},{""year"":2025,""month"":11,""searchVolume"":0},{""year"":2025,""month"":10,""searchVolume"":0},{""year"":2025,""month"":9,""searchVolume"":0},{""year"":2025,""month"":8,""searchVolume"":0}]"
neschopenka online,ideas,true,terapie s03 online,10,,,,informational,"[{""year"":2026,""month"":7,""searchVolume"":0},{""year"":2026,""month"":6,""searchVolume"":0},{""year"":2026,""month"":5,""searchVolume"":0},{""year"":2026,""month"":4,""searchVolume"":0},{""year"":2026,""month"":3,""searchVolume"":10},{""year"":2026,""month"":2,""searchVolume"":0},{""year"":2026,""month"":1,""searchVolume"":10},{""year"":2025,""month"":12,""searchVolume"":0},{""year"":2025,""month"":11,""searchVolume"":10},{""year"":2025,""month"":10,""searchVolume"":0},{""year"":2025,""month"":9,""searchVolume"":0},{""year"":2025,""month"":8,""searchVolume"":10}]"
neschopenka online,ideas,true,lékárna online recept,10,,1.14,0.43,transactional,"[{""year"":2026,""month"":7,""searchVolume"":10},{""year"":2026,""month"":6,""searchVolume"":10},{""year"":2026,""month"":5,""searchVolume"":0},{""year"":2026,""month"":4,""searchVolume"":10},{""year"":2026,""month"":3,""searchVolume"":0},{""year"":2026,""month"":2,""searchVolume"":10},{""year"":2026,""month"":1,""searchVolume"":10},{""year"":2025,""month"":12,""searchVolume"":0},{""year"":2025,""month"":11,""searchVolume"":0},{""year"":2025,""month"":10,""searchVolume"":10},{""year"":2025,""month"":9,""searchVolume"":0},{""year"":2025,""month"":8,""searchVolume"":0}]"
neschopenka online,ideas,true,novokain cz online,10,,,0,transactional,"[{""year"":2026,""month"":7,""searchVolume"":10},{""year"":2026,""month"":6,""searchVolume"":0},{""year"":2026,""month"":5,""searchVolume"":0},{""year"":2026,""month"":4,""searchVolume"":10},{""year"":2026,""month"":3,""searchVolume"":10},{""year"":2026,""month"":2,""searchVolume"":10},{""year"":2026,""month"":1,""searchVolume"":10},{""year"":2025,""month"":12,""searchVolume"":10},{""year"":2025,""month"":11,""searchVolume"":10},{""year"":2025,""month"":10,""searchVolume"":10},{""year"":2025,""month"":9,""searchVolume"":10},{""year"":2025,""month"":8,""searchVolume"":10}]"
neschopenka online,ideas,true,kapi hospital online,10,,,,navigational,"[{""year"":2026,""month"":7,""searchVolume"":0},{""year"":2026,""month"":6,""searchVolume"":10},{""year"":2026,""month"":5,""searchVolume"":0},{""year"":2026,""month"":4,""searchVolume"":10},{""year"":2026,""month"":3,""searchVolume"":10},{""year"":2026,""month"":2,""searchVolume"":10},{""year"":2026,""month"":1,""searchVolume"":0},{""year"":2025,""month"":12,""searchVolume"":0},{""year"":2025,""month"":11,""searchVolume"":0},{""year"":2025,""month"":10,""searchVolume"":10},{""year"":2025,""month"":9,""searchVolume"":0},{""year"":2025,""month"":8,""searchVolume"":0}]"
neschopenka online,ideas,true,test očí online,10,,,0.86,navigational,"[{""year"":2026,""month"":7,""searchVolume"":10},{""year"":2026,""month"":6,""searchVolume"":10},{""year"":2026,""month"":5,""searchVolume"":10},{""year"":2026,""month"":4,""searchVolume"":0},{""year"":2026,""month"":3,""searchVolume"":10},{""year"":2026,""month"":2,""searchVolume"":10},{""year"":2026,""month"":1,""searchVolume"":10},{""year"":2025,""month"":12,""searchVolume"":10},{""year"":2025,""month"":11,""searchVolume"":10},{""year"":2025,""month"":10,""searchVolume"":10},{""year"":2025,""month"":9,""searchVolume"":10},{""year"":2025,""month"":8,""searchVolume"":0}]"
neschopenka online,ideas,true,lékařské zprávy online,10,,,0,informational,"[{""year"":2026,""month"":7,""searchVolume"":20},{""year"":2026,""month"":6,""searchVolume"":30},{""year"":2026,""month"":5,""searchVolume"":20},{""year"":2026,""month"":4,""searchVolume"":20},{""year"":2026,""month"":3,""searchVolume"":30},{""year"":2026,""month"":2,""searchVolume"":20},{""year"":2026,""month"":1,""searchVolume"":0},{""year"":2025,""month"":12,""searchVolume"":0},{""year"":2025,""month"":11,""searchVolume"":0},{""year"":2025,""month"":10,""searchVolume"":0},{""year"":2025,""month"":9,""searchVolume"":0},{""year"":2025,""month"":8,""searchVolume"":0}]"
neschopenka online,ideas,true,chirurgové online 14,10,,,,navigational,"[{""year"":2026,""month"":7,""searchVolume"":0},{""year"":2026,""month"":6,""searchVolume"":0},{""year"":2026,""month"":5,""searchVolume"":0},{""year"":2026,""month"":4,""searchVolume"":0},{""year"":2026,""month"":3,""searchVolume"":10},{""year"":2026,""month"":2,""searchVolume"":10},{""year"":2026,""month"":1,""searchVolume"":10},{""year"":2025,""month"":12,""searchVolume"":10},{""year"":2025,""month"":11,""searchVolume"":10},{""year"":2025,""month"":10,""searchVolume"":0},{""year"":2025,""month"":9,""searchVolume"":0},{""year"":2025,""month"":8,""searchVolume"":0}]"
neschopenka online,ideas,true,zdravotnické noviny online,10,,,0,informational,"[{""year"":2026,""month"":7,""searchVolume"":10},{""year"":2026,""month"":6,""searchVolume"":20},{""year"":2026,""month"":5,""searchVolume"":10},{""year"":2026,""month"":4,""searchVolume"":10},{""year"":2026,""month"":3,""searchVolume"":20},{""year"":2026,""month"":2,""searchVolume"":20},{""year"":2026,""month"":1,""searchVolume"":20},{""year"":2025,""month"":12,""searchVolume"":20},{""year"":2025,""month"":11,""searchVolume"":10},{""year"":2025,""month"":10,""searchVolume"":10},{""year"":2025,""month"":9,""searchVolume"":10},{""year"":2025,""month"":8,""searchVolume"":10}]"
neschopenka online,ideas,true,aat psi online,10,,,,navigational,"[{""year"":2026,""month"":7,""searchVolume"":0},{""year"":2026,""month"":6,""searchVolume"":0},{""year"":2026,""month"":5,""searchVolume"":0},{""year"":2026,""month"":4,""searchVolume"":10},{""year"":2026,""month"":3,""searchVolume"":10},{""year"":2026,""month"":2,""searchVolume"":0},{""year"":2026,""month"":1,""searchVolume"":0},{""year"":2025,""month"":12,""searchVolume"":0},{""year"":2025,""month"":11,""searchVolume"":10},{""year"":2025,""month"":10,""searchVolume"":0},{""year"":2025,""month"":9,""searchVolume"":0},{""year"":2025,""month"":8,""searchVolume"":0}]"
neschopenka online,ideas,true,příznaky nemocí online,10,,,,informational,"[{""year"":2026,""month"":7,""searchVolume"":0},{""year"":2026,""month"":6,""searchVolume"":0},{""year"":2026,""month"":5,""searchVolume"":0},{""year"":2026,""month"":4,""searchVolume"":0},{""year"":2026,""month"":3,""searchVolume"":10},{""year"":2026,""month"":2,""searchVolume"":10},{""year"":2026,""month"":1,""searchVolume"":0},{""year"":2025,""month"":12,""searchVolume"":0},{""year"":2025,""month"":11,""searchVolume"":0},{""year"":2025,""month"":10,""searchVolume"":0},{""year"":2025,""month"":9,""searchVolume"":0},{""year"":2025,""month"":8,""searchVolume"":0}]"
neschopenka online,ideas,true,invalida cz online,10,,,0,navigational,"[{""year"":2026,""month"":7,""searchVolume"":10},{""year"":2026,""month"":6,""searchVolume"":0},{""year"":2026,""month"":5,""searchVolume"":10},{""year"":2026,""month"":4,""searchVolume"":10},{""year"":2026,""month"":3,""searchVolume"":10},{""year"":2026,""month"":2,""searchVolume"":0},{""year"":2026,""month"":1,""searchVolume"":10},{""year"":2025,""month"":12,""searchVolume"":10},{""year"":2025,""month"":11,""searchVolume"":0},{""year"":2025,""month"":10,""searchVolume"":10},{""year"":2025,""month"":9,""searchVolume"":10},{""year"":2025,""month"":8,""searchVolume"":10}]"
neschopenka online,ideas,true,úprava obličeje online,10,,,,transactional,"[{""year"":2026,""month"":7,""searchVolume"":0},{""year"":2026,""month"":6,""searchVolume"":10},{""year"":2026,""month"":5,""searchVolume"":0},{""year"":2026,""month"":4,""searchVolume"":10},{""year"":2026,""month"":3,""searchVolume"":10},{""year"":2026,""month"":2,""searchVolume"":10},{""year"":2026,""month"":1,""searchVolume"":10},{""year"":2025,""month"":12,""searchVolume"":10},{""year"":2025,""month"":11,""searchVolume"":10},{""year"":2025,""month"":10,""searchVolume"":10},{""year"":2025,""month"":9,""searchVolume"":0},{""year"":2025,""month"":8,""searchVolume"":10}]"
neschopenka online,ideas,true,apotheke online at,10,,,,navigational,"[{""year"":2026,""month"":7,""searchVolume"":0},{""year"":2026,""month"":6,""searchVolume"":10},{""year"":2026,""month"":5,""searchVolume"":0},{""year"":2026,""month"":4,""searchVolume"":0},{""year"":2026,""month"":3,""searchVolume"":10},{""year"":2026,""month"":2,""searchVolume"":0},{""year"":2026,""month"":1,""searchVolume"":10},{""year"":2025,""month"":12,""searchVolume"":0},{""year"":2025,""month"":11,""searchVolume"":10},{""year"":2025,""month"":10,""searchVolume"":0},{""year"":2025,""month"":9,""searchVolume"":10},{""year"":2025,""month"":8,""searchVolume"":10}]"
neschopenka online,ideas,true,farma online cz,10,43,,0,navigational,"[{""year"":2026,""month"":7,""searchVolume"":10},{""year"":2026,""month"":6,""searchVolume"":10},{""year"":2026,""month"":5,""searchVolume"":10},{""year"":2026,""month"":4,""searchVolume"":0},{""year"":2026,""month"":3,""searchVolume"":10},{""year"":2026,""month"":2,""searchVolume"":10},{""year"":2026,""month"":1,""searchVolume"":10},{""year"":2025,""month"":12,""searchVolume"":10},{""year"":2025,""month"":11,""searchVolume"":10},{""year"":2025,""month"":10,""searchVolume"":10},{""year"":2025,""month"":9,""searchVolume"":10},{""year"":2025,""month"":8,""searchVolume"":30}]"
neschopenka online,ideas,true,online výživový plán,10,,,,commercial,"[{""year"":2026,""month"":7,""searchVolume"":0},{""year"":2026,""month"":6,""searchVolume"":0},{""year"":2026,""month"":5,""searchVolume"":0},{""year"":2026,""month"":4,""searchVolume"":10},{""year"":2026,""month"":3,""searchVolume"":0},{""year"":2026,""month"":2,""searchVolume"":0},{""year"":2026,""month"":1,""searchVolume"":0},{""year"":2025,""month"":12,""searchVolume"":0},{""year"":2025,""month"":11,""searchVolume"":0},{""year"":2025,""month"":10,""searchVolume"":0},{""year"":2025,""month"":9,""searchVolume"":10},{""year"":2025,""month"":8,""searchVolume"":0}]"
neschopenka online,ideas,true,zdravotnické testy online,10,,,0,informational,"[{""year"":2026,""month"":7,""searchVolume"":10},{""year"":2026,""month"":6,""searchVolume"":0},{""year"":2026,""month"":5,""searchVolume"":10},{""year"":2026,""month"":4,""searchVolume"":10},{""year"":2026,""month"":3,""searchVolume"":10},{""year"":2026,""month"":2,""searchVolume"":10},{""year"":2026,""month"":1,""searchVolume"":10},{""year"":2025,""month"":12,""searchVolume"":10},{""year"":2025,""month"":11,""searchVolume"":10},{""year"":2025,""month"":10,""searchVolume"":10},{""year"":2025,""month"":9,""searchVolume"":10},{""year"":2025,""month"":8,""searchVolume"":10}]"
neschopenka online,ideas,true,hpi online cz,10,,,0,navigational,"[{""year"":2026,""month"":7,""searchVolume"":10},{""year"":2026,""month"":6,""searchVolume"":0},{""year"":2026,""month"":5,""searchVolume"":10},{""year"":2026,""month"":4,""searchVolume"":10},{""year"":2026,""month"":3,""searchVolume"":10},{""year"":2026,""month"":2,""searchVolume"":0},{""year"":2026,""month"":1,""searchVolume"":10},{""year"":2025,""month"":12,""searchVolume"":10},{""year"":2025,""month"":11,""searchVolume"":10},{""year"":2025,""month"":10,""searchVolume"":10},{""year"":2025,""month"":9,""searchVolume"":10},{""year"":2025,""month"":8,""searchVolume"":10}]"
neschopenka online,ideas,true,online testování covid,10,,,,informational,"[{""year"":2026,""month"":7,""searchVolume"":0},{""year"":2026,""month"":6,""searchVolume"":0},{""year"":2026,""month"":5,""searchVolume"":0},{""year"":2026,""month"":4,""searchVolume"":0},{""year"":2026,""month"":3,""searchVolume"":10},{""year"":2026,""month"":2,""searchVolume"":0},{""year"":2026,""month"":1,""searchVolume"":0},{""year"":2025,""month"":12,""searchVolume"":10},{""year"":2025,""month"":11,""searchVolume"":10},{""year"":2025,""month"":10,""searchVolume"":10},{""year"":2025,""month"":9,""searchVolume"":10},{""year"":2025,""month"":8,""searchVolume"":0}]"
neschopenka online,ideas,true,farma 7 online,10,,,0.01,informational,"[{""year"":2026,""month"":7,""searchVolume"":10},{""year"":2026,""month"":6,""searchVolume"":10},{""year"":2026,""month"":5,""searchVolume"":0},{""year"":2026,""month"":4,""searchVolume"":0},{""year"":2026,""month"":3,""searchVolume"":10},{""year"":2026,""month"":2,""searchVolume"":10},{""year"":2026,""month"":1,""searchVolume"":10},{""year"":2025,""month"":12,""searchVolume"":10},{""year"":2025,""month"":11,""searchVolume"":10},{""year"":2025,""month"":10,""searchVolume"":10},{""year"":2025,""month"":9,""searchVolume"":10},{""year"":2025,""month"":8,""searchVolume"":10}]"
neschopenka online,ideas,true,zdravý jídelníček online,10,,,,informational,"[{""year"":2026,""month"":7,""searchVolume"":0},{""year"":2026,""month"":6,""searchVolume"":10},{""year"":2026,""month"":5,""searchVolume"":0},{""year"":2026,""month"":4,""searchVolume"":0},{""year"":2026,""month"":3,""searchVolume"":0},{""year"":2026,""month"":2,""searchVolume"":0},{""year"":2026,""month"":1,""searchVolume"":10},{""year"":2025,""month"":12,""searchVolume"":0},{""year"":2025,""month"":11,""searchVolume"":0},{""year"":2025,""month"":10,""searchVolume"":0},{""year"":2025,""month"":9,""searchVolume"":10},{""year"":2025,""month"":8,""searchVolume"":0}]"
neschopenka online,ideas,true,deprese pomoc online,10,,,,informational,"[{""year"":2026,""month"":7,""searchVolume"":0},{""year"":2026,""month"":6,""searchVolume"":10},{""year"":2026,""month"":5,""searchVolume"":0},{""year"":2026,""month"":4,""searchVolume"":0},{""year"":2026,""month"":3,""searchVolume"":0},{""year"":2026,""month"":2,""searchVolume"":0},{""year"":2026,""month"":1,""searchVolume"":0},{""year"":2025,""month"":12,""searchVolume"":0},{""year"":2025,""month"":11,""searchVolume"":0},{""year"":2025,""month"":10,""searchVolume"":0},{""year"":2025,""month"":9,""searchVolume"":10},{""year"":2025,""month"":8,""searchVolume"":10}]"
neschopenka online,ideas,true,antikoncepce poradna online,10,,,,informational,"[{""year"":2026,""month"":7,""searchVolume"":0},{""year"":2026,""month"":6,""searchVolume"":0},{""year"":2026,""month"":5,""searchVolume"":10},{""year"":2026,""month"":4,""searchVolume"":10},{""year"":2026,""month"":3,""searchVolume"":10},{""year"":2026,""month"":2,""searchVolume"":0},{""year"":2026,""month"":1,""searchVolume"":10},{""year"":2025,""month"":12,""searchVolume"":0},{""year"":2025,""month"":11,""searchVolume"":0},{""year"":2025,""month"":10,""searchVolume"":0},{""year"":2025,""month"":9,""searchVolume"":0},{""year"":2025,""month"":8,""searchVolume"":0}]"
neschopenka online,ideas,true,terapie online 3,10,,,0,informational,"[{""year"":2026,""month"":7,""searchVolume"":10},{""year"":2026,""month"":6,""searchVolume"":0},{""year"":2026,""month"":5,""searchVolume"":0},{""year"":2026,""month"":4,""searchVolume"":0},{""year"":2026,""month"":3,""searchVolume"":0},{""year"":2026,""month"":2,""searchVolume"":0},{""year"":2026,""month"":1,""searchVolume"":0},{""year"":2025,""month"":12,""searchVolume"":0},{""year"":2025,""month"":11,""searchVolume"":0},{""year"":2025,""month"":10,""searchVolume"":10},{""year"":2025,""month"":9,""searchVolume"":0},{""year"":2025,""month"":8,""searchVolume"":0}]"
neschopenka online,ideas,true,versand apotheke online,10,,,,navigational,"[{""year"":2026,""month"":7,""searchVolume"":0},{""year"":2026,""month"":6,""searchVolume"":0},{""year"":2026,""month"":5,""searchVolume"":0},{""year"":2026,""month"":4,""searchVolume"":0},{""year"":2026,""month"":3,""searchVolume"":0},{""year"":2026,""month"":2,""searchVolume"":0},{""year"":2026,""month"":1,""searchVolume"":10},{""year"":2025,""month"":12,""searchVolume"":10},{""year"":2025,""month"":11,""searchVolume"":0},{""year"":2025,""month"":10,""searchVolume"":0},{""year"":2025,""month"":9,""searchVolume"":0},{""year"":2025,""month"":8,""searchVolume"":0}]"
neschopenka online,ideas,true,farma 5 online,10,,2.16,0.07,informational,"[{""year"":2026,""month"":7,""searchVolume"":10},{""year"":2026,""month"":6,""searchVolume"":10},{""year"":2026,""month"":5,""searchVolume"":10},{""year"":2026,""month"":4,""searchVolume"":10},{""year"":2026,""month"":3,""searchVolume"":10},{""year"":2026,""month"":2,""searchVolume"":10},{""year"":2026,""month"":1,""searchVolume"":0},{""year"":2025,""month"":12,""searchVolume"":10},{""year"":2025,""month"":11,""searchVolume"":10},{""year"":2025,""month"":10,""searchVolume"":10},{""year"":2025,""month"":9,""searchVolume"":10},{""year"":2025,""month"":8,""searchVolume"":10}]"
neschopenka online,ideas,true,výpočet asymptot online,10,,,,informational,"[{""year"":2026,""month"":7,""searchVolume"":0},{""year"":2026,""month"":6,""searchVolume"":0},{""year"":2026,""month"":5,""searchVolume"":0},{""year"":2026,""month"":4,""searchVolume"":0},{""year"":2026,""month"":3,""searchVolume"":0},{""year"":2026,""month"":2,""searchVolume"":0},{""year"":2026,""month"":1,""searchVolume"":0},{""year"":2025,""month"":12,""searchVolume"":0},{""year"":2025,""month"":11,""searchVolume"":0},{""year"":2025,""month"":10,""searchVolume"":0},{""year"":2025,""month"":9,""searchVolume"":0},{""year"":2025,""month"":8,""searchVolume"":10}]"
neschopenka online,ideas,true,ošetřovatelské diagnózy online,10,,,,informational,"[{""year"":2026,""month"":7,""searchVolume"":0},{""year"":2026,""month"":6,""searchVolume"":10},{""year"":2026,""month"":5,""searchVolume"":0},{""year"":2026,""month"":4,""searchVolume"":0},{""year"":2026,""month"":3,""searchVolume"":0},{""year"":2026,""month"":2,""searchVolume"":10},{""year"":2026,""month"":1,""searchVolume"":10},{""year"":2025,""month"":12,""searchVolume"":10},{""year"":2025,""month"":11,""searchVolume"":10},{""year"":2025,""month"":10,""searchVolume"":10},{""year"":2025,""month"":9,""searchVolume"":0},{""year"":2025,""month"":8,""searchVolume"":0}]"
neschopenka online,ideas,true,farma 6 online,10,,,0.02,informational,"[{""year"":2026,""month"":7,""searchVolume"":10},{""year"":2026,""month"":6,""searchVolume"":10},{""year"":2026,""month"":5,""searchVolume"":10},{""year"":2026,""month"":4,""searchVolume"":10},{""year"":2026,""month"":3,""searchVolume"":0},{""year"":2026,""month"":2,""searchVolume"":10},{""year"":2026,""month"":1,""searchVolume"":10},{""year"":2025,""month"":12,""searchVolume"":10},{""year"":2025,""month"":11,""searchVolume"":10},{""year"":2025,""month"":10,""searchVolume"":10},{""year"":2025,""month"":9,""searchVolume"":10},{""year"":2025,""month"":8,""searchVolume"":10}]"
neschopenka online,ideas,true,medici online cz,10,,,0,informational,"[{""year"":2026,""month"":7,""searchVolume"":10},{""year"":2026,""month"":6,""searchVolume"":10},{""year"":2026,""month"":5,""searchVolume"":10},{""year"":2026,""month"":4,""searchVolume"":10},{""year"":2026,""month"":3,""searchVolume"":10},{""year"":2026,""month"":2,""searchVolume"":0},{""year"":2026,""month"":1,""searchVolume"":10},{""year"":2025,""month"":12,""searchVolume"":10},{""year"":2025,""month"":11,""searchVolume"":10},{""year"":2025,""month"":10,""searchVolume"":10},{""year"":2025,""month"":9,""searchVolume"":10},{""year"":2025,""month"":8,""searchVolume"":10}]"
neschopenka online,ideas,true,ams termin online,10,,,,navigational,"[{""year"":2026,""month"":7,""searchVolume"":0},{""year"":2026,""month"":6,""searchVolume"":0},{""year"":2026,""month"":5,""searchVolume"":0},{""year"":2026,""month"":4,""searchVolume"":0},{""year"":2026,""month"":3,""searchVolume"":10},{""year"":2026,""month"":2,""searchVolume"":0},{""year"":2026,""month"":1,""searchVolume"":0},{""year"":2025,""month"":12,""searchVolume"":0},{""year"":2025,""month"":11,""searchVolume"":0},{""year"":2025,""month"":10,""searchVolume"":0},{""year"":2025,""month"":9,""searchVolume"":0},{""year"":2025,""month"":8,""searchVolume"":0}]"
neschopenka online,ideas,true,zbor md online,10,,,,navigational,"[{""year"":2026,""month"":7,""searchVolume"":0},{""year"":2026,""month"":6,""searchVolume"":10},{""year"":2026,""month"":5,""searchVolume"":0},{""year"":2026,""month"":4,""searchVolume"":0},{""year"":2026,""month"":3,""searchVolume"":0},{""year"":2026,""month"":2,""searchVolume"":0},{""year"":2026,""month"":1,""searchVolume"":0},{""year"":2025,""month"":12,""searchVolume"":0},{""year"":2025,""month"":11,""searchVolume"":0},{""year"":2025,""month"":10,""searchVolume"":10},{""year"":2025,""month"":9,""searchVolume"":0},{""year"":2025,""month"":8,""searchVolume"":0}]"
neschopenka online,ideas,true,online diagnostika nemoci,10,,,,informational,"[{""year"":2026,""month"":7,""searchVolume"":0},{""year"":2026,""month"":6,""searchVolume"":0},{""year"":2026,""month"":5,""searchVolume"":0},{""year"":2026,""month"":4,""searchVolume"":10},{""year"":2026,""month"":3,""searchVolume"":0},{""year"":2026,""month"":2,""searchVolume"":0},{""year"":2026,""month"":1,""searchVolume"":0},{""year"":2025,""month"":12,""searchVolume"":0},{""year"":2025,""month"":11,""searchVolume"":0},{""year"":2025,""month"":10,""searchVolume"":10},{""year"":2025,""month"":9,""searchVolume"":0},{""year"":2025,""month"":8,""searchVolume"":0}]"
neschopenka online,ideas,true,fir filter online,10,,,,informational,"[{""year"":2026,""month"":7,""searchVolume"":0},{""year"":2026,""month"":6,""searchVolume"":10},{""year"":2026,""month"":5,""searchVolume"":0},{""year"":2026,""month"":4,""searchVolume"":0},{""year"":2026,""month"":3,""searchVolume"":10},{""year"":2026,""month"":2,""searchVolume"":10},{""year"":2026,""month"":1,""searchVolume"":10},{""year"":2025,""month"":12,""searchVolume"":0},{""year"":2025,""month"":11,""searchVolume"":10},{""year"":2025,""month"":10,""searchVolume"":10},{""year"":2025,""month"":9,""searchVolume"":0},{""year"":2025,""month"":8,""searchVolume"":10}]"
neschopenka online,ideas,true,terapie ii online,10,,,,informational,"[{""year"":2026,""month"":7,""searchVolume"":0},{""year"":2026,""month"":6,""searchVolume"":0},{""year"":2026,""month"":5,""searchVolume"":0},{""year"":2026,""month"":4,""searchVolume"":10},{""year"":2026,""month"":3,""searchVolume"":10},{""year"":2026,""month"":2,""searchVolume"":10},{""year"":2026,""month"":1,""searchVolume"":10},{""year"":2025,""month"":12,""searchVolume"":0},{""year"":2025,""month"":11,""searchVolume"":0},{""year"":2025,""month"":10,""searchVolume"":0},{""year"":2025,""month"":9,""searchVolume"":0},{""year"":2025,""month"":8,""searchVolume"":0}]"
neschopenka online,ideas,true,medicejové online cz,10,,,0,navigational,"[{""year"":2026,""month"":7,""searchVolume"":10},{""year"":2026,""month"":6,""searchVolume"":10},{""year"":2026,""month"":5,""searchVolume"":0},{""year"":2026,""month"":4,""searchVolume"":0},{""year"":2026,""month"":3,""searchVolume"":0},{""year"":2026,""month"":2,""searchVolume"":10},{""year"":2026,""month"":1,""searchVolume"":0},{""year"":2025,""month"":12,""searchVolume"":0},{""year"":2025,""month"":11,""searchVolume"":10},{""year"":2025,""month"":10,""searchVolume"":10},{""year"":2025,""month"":9,""searchVolume"":10},{""year"":2025,""month"":8,""searchVolume"":0}]"
neschopenka online,ideas,true,těhotenská poradna online,10,,,0,informational,"[{""year"":2026,""month"":7,""searchVolume"":10},{""year"":2026,""month"":6,""searchVolume"":10},{""year"":2026,""month"":5,""searchVolume"":10},{""year"":2026,""month"":4,""searchVolume"":10},{""year"":2026,""month"":3,""searchVolume"":10},{""year"":2026,""month"":2,""searchVolume"":10},{""year"":2026,""month"":1,""searchVolume"":10},{""year"":2025,""month"":12,""searchVolume"":10},{""year"":2025,""month"":11,""searchVolume"":10},{""year"":2025,""month"":10,""searchVolume"":10},{""year"":2025,""month"":9,""searchVolume"":10},{""year"":2025,""month"":8,""searchVolume"":10}]"
neschopenka online,ideas,true,terapie 2011 online,10,,,0,informational,"[{""year"":2026,""month"":7,""searchVolume"":10},{""year"":2026,""month"":6,""searchVolume"":10},{""year"":2026,""month"":5,""searchVolume"":10},{""year"":2026,""month"":4,""searchVolume"":10},{""year"":2026,""month"":3,""searchVolume"":20},{""year"":2026,""month"":2,""searchVolume"":30},{""year"":2026,""month"":1,""searchVolume"":90},{""year"":2025,""month"":12,""searchVolume"":10},{""year"":2025,""month"":11,""searchVolume"":10},{""year"":2025,""month"":10,""searchVolume"":10},{""year"":2025,""month"":9,""searchVolume"":10},{""year"":2025,""month"":8,""searchVolume"":10}]"
neschopenka online,ideas,true,terapie hbo online,10,,,,informational,"[{""year"":2026,""month"":7,""searchVolume"":0},{""year"":2026,""month"":6,""searchVolume"":10},{""year"":2026,""month"":5,""searchVolume"":0},{""year"":2026,""month"":4,""searchVolume"":10},{""year"":2026,""month"":3,""searchVolume"":10},{""year"":2026,""month"":2,""searchVolume"":10},{""year"":2026,""month"":1,""searchVolume"":10},{""year"":2025,""month"":12,""searchVolume"":0},{""year"":2025,""month"":11,""searchVolume"":0},{""year"":2025,""month"":10,""searchVolume"":10},{""year"":2025,""month"":9,""searchVolume"":10},{""year"":2025,""month"":8,""searchVolume"":10}]"
neschopenka online,ideas,true,stav ohrožení online,10,,,,informational,"[{""year"":2026,""month"":7,""searchVolume"":0},{""year"":2026,""month"":6,""searchVolume"":0},{""year"":2026,""month"":5,""searchVolume"":0},{""year"":2026,""month"":4,""searchVolume"":10},{""year"":2026,""month"":3,""searchVolume"":0},{""year"":2026,""month"":2,""searchVolume"":0},{""year"":2026,""month"":1,""searchVolume"":10},{""year"":2025,""month"":12,""searchVolume"":0},{""year"":2025,""month"":11,""searchVolume"":10},{""year"":2025,""month"":10,""searchVolume"":10},{""year"":2025,""month"":9,""searchVolume"":0},{""year"":2025,""month"":8,""searchVolume"":10}]"
neschopenka online,ideas,true,vhk vsetín online,10,24,,,navigational,"[{""year"":2026,""month"":7,""searchVolume"":0},{""year"":2026,""month"":6,""searchVolume"":0},{""year"":2026,""month"":5,""searchVolume"":0},{""year"":2026,""month"":4,""searchVolume"":10},{""year"":2026,""month"":3,""searchVolume"":50},{""year"":2026,""month"":2,""searchVolume"":10},{""year"":2026,""month"":1,""searchVolume"":30},{""year"":2025,""month"":12,""searchVolume"":10},{""year"":2025,""month"":11,""searchVolume"":30},{""year"":2025,""month"":10,""searchVolume"":10},{""year"":2025,""month"":9,""searchVolume"":20},{""year"":2025,""month"":8,""searchVolume"":10}]"
neschopenka online,ideas,true,farma 2019 online,10,,,,navigational,"[{""year"":2026,""month"":7,""searchVolume"":0},{""year"":2026,""month"":6,""searchVolume"":0},{""year"":2026,""month"":5,""searchVolume"":0},{""year"":2026,""month"":4,""searchVolume"":0},{""year"":2026,""month"":3,""searchVolume"":0},{""year"":2026,""month"":2,""searchVolume"":0},{""year"":2026,""month"":1,""searchVolume"":0},{""year"":2025,""month"":12,""searchVolume"":0},{""year"":2025,""month"":11,""searchVolume"":0},{""year"":2025,""month"":10,""searchVolume"":0},{""year"":2025,""month"":9,""searchVolume"":10},{""year"":2025,""month"":8,""searchVolume"":0}]"
neschopenka online,ideas,true,farma 2022 online,10,,,,informational,"[{""year"":2026,""month"":7,""searchVolume"":0},{""year"":2026,""month"":6,""searchVolume"":0},{""year"":2026,""month"":5,""searchVolume"":0},{""year"":2026,""month"":4,""searchVolume"":0},{""year"":2026,""month"":3,""searchVolume"":10},{""year"":2026,""month"":2,""searchVolume"":0},{""year"":2026,""month"":1,""searchVolume"":0},{""year"":2025,""month"":12,""searchVolume"":0},{""year"":2025,""month"":11,""searchVolume"":0},{""year"":2025,""month"":10,""searchVolume"":0},{""year"":2025,""month"":9,""searchVolume"":10},{""year"":2025,""month"":8,""searchVolume"":0}]"
neschopenka online,ideas,true,terapie sdílením online,10,43,,,informational,"[{""year"":2026,""month"":7,""searchVolume"":0},{""year"":2026,""month"":6,""searchVolume"":10},{""year"":2026,""month"":5,""searchVolume"":10},{""year"":2026,""month"":4,""searchVolume"":0},{""year"":2026,""month"":3,""searchVolume"":0},{""year"":2026,""month"":2,""searchVolume"":10},{""year"":2026,""month"":1,""searchVolume"":10},{""year"":2025,""month"":12,""searchVolume"":10},{""year"":2025,""month"":11,""searchVolume"":10},{""year"":2025,""month"":10,""searchVolume"":10},{""year"":2025,""month"":9,""searchVolume"":10},{""year"":2025,""month"":8,""searchVolume"":10}]"
neschopenka online,ideas,true,transplant online cz,10,,,,informational,"[{""year"":2026,""month"":7,""searchVolume"":0},{""year"":2026,""month"":6,""searchVolume"":10},{""year"":2026,""month"":5,""searchVolume"":10},{""year"":2026,""month"":4,""searchVolume"":0},{""year"":2026,""month"":3,""searchVolume"":0},{""year"":2026,""month"":2,""searchVolume"":10},{""year"":2026,""month"":1,""searchVolume"":10},{""year"":2025,""month"":12,""searchVolume"":0},{""year"":2025,""month"":11,""searchVolume"":10},{""year"":2025,""month"":10,""searchVolume"":10},{""year"":2025,""month"":9,""searchVolume"":0},{""year"":2025,""month"":8,""searchVolume"":10}]"
neschopenka online,ideas,true,terapie 3 online,10,,,0,informational,"[{""year"":2026,""month"":7,""searchVolume"":10},{""year"":2026,""month"":6,""searchVolume"":0},{""year"":2026,""month"":5,""searchVolume"":0},{""year"":2026,""month"":4,""searchVolume"":0},{""year"":2026,""month"":3,""searchVolume"":0},{""year"":2026,""month"":2,""searchVolume"":0},{""year"":2026,""month"":1,""searchVolume"":0},{""year"":2025,""month"":12,""searchVolume"":10},{""year"":2025,""month"":11,""searchVolume"":0},{""year"":2025,""month"":10,""searchVolume"":0},{""year"":2025,""month"":9,""searchVolume"":0},{""year"":2025,""month"":8,""searchVolume"":10}]"
neschopenka online,ideas,true,lajna pacient online,10,,,,navigational,"[{""year"":2026,""month"":7,""searchVolume"":0},{""year"":2026,""month"":6,""searchVolume"":0},{""year"":2026,""month"":5,""searchVolume"":0},{""year"":2026,""month"":4,""searchVolume"":0},{""year"":2026,""month"":3,""searchVolume"":10},{""year"":2026,""month"":2,""searchVolume"":10},{""year"":2026,""month"":1,""searchVolume"":10},{""year"":2025,""month"":12,""searchVolume"":0},{""year"":2025,""month"":11,""searchVolume"":10},{""year"":2025,""month"":10,""searchVolume"":0},{""year"":2025,""month"":9,""searchVolume"":0},{""year"":2025,""month"":8,""searchVolume"":10}]"
neschopenka online,ideas,true,vlhová online prenos,10,,,,informational,"[{""year"":2026,""month"":7,""searchVolume"":0},{""year"":2026,""month"":6,""searchVolume"":0},{""year"":2026,""month"":5,""searchVolume"":0},{""year"":2026,""month"":4,""searchVolume"":0},{""year"":2026,""month"":3,""searchVolume"":0},{""year"":2026,""month"":2,""searchVolume"":10},{""year"":2026,""month"":1,""searchVolume"":0},{""year"":2025,""month"":12,""searchVolume"":0},{""year"":2025,""month"":11,""searchVolume"":0},{""year"":2025,""month"":10,""searchVolume"":0},{""year"":2025,""month"":9,""searchVolume"":0},{""year"":2025,""month"":8,""searchVolume"":0}]"
neschopenka online,ideas,true,měření tlaku online,10,,0.38,0.42,informational,"[{""year"":2026,""month"":7,""searchVolume"":10},{""year"":2026,""month"":6,""searchVolume"":10},{""year"":2026,""month"":5,""searchVolume"":10},{""year"":2026,""month"":4,""searchVolume"":10},{""year"":2026,""month"":3,""searchVolume"":10},{""year"":2026,""month"":2,""searchVolume"":10},{""year"":2026,""month"":1,""searchVolume"":10},{""year"":2025,""month"":12,""searchVolume"":10},{""year"":2025,""month"":11,""searchVolume"":10},{""year"":2025,""month"":10,""searchVolume"":20},{""year"":2025,""month"":9,""searchVolume"":10},{""year"":2025,""month"":8,""searchVolume"":10}]"
neschopenka online,ideas,true,ekg popis online,10,,,0,informational,"[{""year"":2026,""month"":7,""searchVolume"":10},{""year"":2026,""month"":6,""searchVolume"":10},{""year"":2026,""month"":5,""searchVolume"":0},{""year"":2026,""month"":4,""searchVolume"":10},{""year"":2026,""month"":3,""searchVolume"":10},{""year"":2026,""month"":2,""searchVolume"":10},{""year"":2026,""month"":1,""searchVolume"":10},{""year"":2025,""month"":12,""searchVolume"":0},{""year"":2025,""month"":11,""searchVolume"":0},{""year"":2025,""month"":10,""searchVolume"":10},{""year"":2025,""month"":9,""searchVolume"":10},{""year"":2025,""month"":8,""searchVolume"":10}]"
neschopenka online,ideas,true,dr ludsky online,10,,1.01,0.04,navigational,"[{""year"":2026,""month"":7,""searchVolume"":10},{""year"":2026,""month"":6,""searchVolume"":10},{""year"":2026,""month"":5,""searchVolume"":10},{""year"":2026,""month"":4,""searchVolume"":30},{""year"":2026,""month"":3,""searchVolume"":20},{""year"":2026,""month"":2,""searchVolume"":10},{""year"":2026,""month"":1,""searchVolume"":20},{""year"":2025,""month"":12,""searchVolume"":10},{""year"":2025,""month"":11,""searchVolume"":10},{""year"":2025,""month"":10,""searchVolume"":10},{""year"":2025,""month"":9,""searchVolume"":20},{""year"":2025,""month"":8,""searchVolume"":20}]"
neschopenka online,ideas,true,kauza theranos online,10,,,0,informational,"[{""year"":2026,""month"":7,""searchVolume"":10},{""year"":2026,""month"":6,""searchVolume"":10},{""year"":2026,""month"":5,""searchVolume"":10},{""year"":2026,""month"":4,""searchVolume"":10},{""year"":2026,""month"":3,""searchVolume"":10},{""year"":2026,""month"":2,""searchVolume"":10},{""year"":2026,""month"":1,""searchVolume"":30},{""year"":2025,""month"":12,""searchVolume"":10},{""year"":2025,""month"":11,""searchVolume"":10},{""year"":2025,""month"":10,""searchVolume"":10},{""year"":2025,""month"":9,""searchVolume"":10},{""year"":2025,""month"":8,""searchVolume"":10}]"
neschopenka online,ideas,true,nezvratná diagnóza online,10,,,0,informational,"[{""year"":2026,""month"":7,""searchVolume"":10},{""year"":2026,""month"":6,""searchVolume"":0},{""year"":2026,""month"":5,""searchVolume"":10},{""year"":2026,""month"":4,""searchVolume"":10},{""year"":2026,""month"":3,""searchVolume"":10},{""year"":2026,""month"":2,""searchVolume"":10},{""year"":2026,""month"":1,""searchVolume"":10},{""year"":2025,""month"":12,""searchVolume"":0},{""year"":2025,""month"":11,""searchVolume"":0},{""year"":2025,""month"":10,""searchVolume"":10},{""year"":2025,""month"":9,""searchVolume"":0},{""year"":2025,""month"":8,""searchVolume"":10}]"
neschopenka online,ideas,true,mentalista online kukaj,10,,,0,informational,"[{""year"":2026,""month"":7,""searchVolume"":10},{""year"":2026,""month"":6,""searchVolume"":0},{""year"":2026,""month"":5,""searchVolume"":10},{""year"":2026,""month"":4,""searchVolume"":10},{""year"":2026,""month"":3,""searchVolume"":30},{""year"":2026,""month"":2,""searchVolume"":30},{""year"":2026,""month"":1,""searchVolume"":10},{""year"":2025,""month"":12,""searchVolume"":10},{""year"":2025,""month"":11,""searchVolume"":0},{""year"":2025,""month"":10,""searchVolume"":0},{""year"":2025,""month"":9,""searchVolume"":10},{""year"":2025,""month"":8,""searchVolume"":10}]"
neschopenka online,ideas,true,online antigenní test,10,31,,,transactional,"[{""year"":2026,""month"":7,""searchVolume"":0},{""year"":2026,""month"":6,""searchVolume"":0},{""year"":2026,""month"":5,""searchVolume"":0},{""year"":2026,""month"":4,""searchVolume"":0},{""year"":2026,""month"":3,""searchVolume"":0},{""year"":2026,""month"":2,""searchVolume"":10},{""year"":2026,""month"":1,""searchVolume"":10},{""year"":2025,""month"":12,""searchVolume"":0},{""year"":2025,""month"":11,""searchVolume"":0},{""year"":2025,""month"":10,""searchVolume"":0},{""year"":2025,""month"":9,""searchVolume"":0},{""year"":2025,""month"":8,""searchVolume"":0}]"
neschopenka online,ideas,true,viagra online prodej,10,,,0,transactional,"[{""year"":2026,""month"":7,""searchVolume"":10},{""year"":2026,""month"":6,""searchVolume"":10},{""year"":2026,""month"":5,""searchVolume"":0},{""year"":2026,""month"":4,""searchVolume"":10},{""year"":2026,""month"":3,""searchVolume"":10},{""year"":2026,""month"":2,""searchVolume"":0},{""year"":2026,""month"":1,""searchVolume"":10},{""year"":2025,""month"":12,""searchVolume"":10},{""year"":2025,""month"":11,""searchVolume"":0},{""year"":2025,""month"":10,""searchVolume"":10},{""year"":2025,""month"":9,""searchVolume"":10},{""year"":2025,""month"":8,""searchVolume"":10}]"
neschopenka online,ideas,true,intimní past online,10,,,,transactional,"[{""year"":2026,""month"":7,""searchVolume"":0},{""year"":2026,""month"":6,""searchVolume"":10},{""year"":2026,""month"":5,""searchVolume"":0},{""year"":2026,""month"":4,""searchVolume"":10},{""year"":2026,""month"":3,""searchVolume"":0},{""year"":2026,""month"":2,""searchVolume"":0},{""year"":2026,""month"":1,""searchVolume"":10},{""year"":2025,""month"":12,""searchVolume"":10},{""year"":2025,""month"":11,""searchVolume"":10},{""year"":2025,""month"":10,""searchVolume"":10},{""year"":2025,""month"":9,""searchVolume"":10},{""year"":2025,""month"":8,""searchVolume"":10}]"
neschopenka online,ideas,true,zpravy online čt,10,36,,0,navigational,"[{""year"":2026,""month"":7,""searchVolume"":10},{""year"":2026,""month"":6,""searchVolume"":10},{""year"":2026,""month"":5,""searchVolume"":10},{""year"":2026,""month"":4,""searchVolume"":0},{""year"":2026,""month"":3,""searchVolume"":10},{""year"":2026,""month"":2,""searchVolume"":0},{""year"":2026,""month"":1,""searchVolume"":0},{""year"":2025,""month"":12,""searchVolume"":10},{""year"":2025,""month"":11,""searchVolume"":10},{""year"":2025,""month"":10,""searchVolume"":0},{""year"":2025,""month"":9,""searchVolume"":10},{""year"":2025,""month"":8,""searchVolume"":10}]"
neschopenka online,ideas,true,nerve online cz,10,,,0,navigational,"[{""year"":2026,""month"":7,""searchVolume"":10},{""year"":2026,""month"":6,""searchVolume"":10},{""year"":2026,""month"":5,""searchVolume"":20},{""year"":2026,""month"":4,""searchVolume"":10},{""year"":2026,""month"":3,""searchVolume"":10},{""year"":2026,""month"":2,""searchVolume"":10},{""year"":2026,""month"":1,""searchVolume"":20},{""year"":2025,""month"":12,""searchVolume"":10},{""year"":2025,""month"":11,""searchVolume"":10},{""year"":2025,""month"":10,""searchVolume"":10},{""year"":2025,""month"":9,""searchVolume"":10},{""year"":2025,""month"":8,""searchVolume"":10}]"
neschopenka online,ideas,true,farma rak online,10,43,,0,informational,"[{""year"":2026,""month"":7,""searchVolume"":10},{""year"":2026,""month"":6,""searchVolume"":10},{""year"":2026,""month"":5,""searchVolume"":10},{""year"":2026,""month"":4,""searchVolume"":10},{""year"":2026,""month"":3,""searchVolume"":10},{""year"":2026,""month"":2,""searchVolume"":10},{""year"":2026,""month"":1,""searchVolume"":10},{""year"":2025,""month"":12,""searchVolume"":10},{""year"":2025,""month"":11,""searchVolume"":10},{""year"":2025,""month"":10,""searchVolume"":20},{""year"":2025,""month"":9,""searchVolume"":10},{""year"":2025,""month"":8,""searchVolume"":10}]"
neschopenka online,ideas,true,serial medici online,10,,,,informational,"[{""year"":2026,""month"":7,""searchVolume"":0},{""year"":2026,""month"":6,""searchVolume"":0},{""year"":2026,""month"":5,""searchVolume"":0},{""year"":2026,""month"":4,""searchVolume"":0},{""year"":2026,""month"":3,""searchVolume"":10},{""year"":2026,""month"":2,""searchVolume"":0},{""year"":2026,""month"":1,""searchVolume"":0},{""year"":2025,""month"":12,""searchVolume"":10},{""year"":2025,""month"":11,""searchVolume"":10},{""year"":2025,""month"":10,""searchVolume"":10},{""year"":2025,""month"":9,""searchVolume"":10},{""year"":2025,""month"":8,""searchVolume"":10}]"
neschopenka online,ideas,true,výpočet tlaku online,10,36,,,informational,"[{""year"":2026,""month"":7,""searchVolume"":0},{""year"":2026,""month"":6,""searchVolume"":10},{""year"":2026,""month"":5,""searchVolume"":0},{""year"":2026,""month"":4,""searchVolume"":10},{""year"":2026,""month"":3,""searchVolume"":10},{""year"":2026,""month"":2,""searchVolume"":10},{""year"":2026,""month"":1,""searchVolume"":0},{""year"":2025,""month"":12,""searchVolume"":10},{""year"":2025,""month"":11,""searchVolume"":10},{""year"":2025,""month"":10,""searchVolume"":10},{""year"":2025,""month"":9,""searchVolume"":10},{""year"":2025,""month"":8,""searchVolume"":10}]"
neschopenka online,ideas,true,ordinace online zdarma,10,40,,0,informational,"[{""year"":2026,""month"":7,""searchVolume"":10},{""year"":2026,""month"":6,""searchVolume"":10},{""year"":2026,""month"":5,""searchVolume"":10},{""year"":2026,""month"":4,""searchVolume"":10},{""year"":2026,""month"":3,""searchVolume"":10},{""year"":2026,""month"":2,""searchVolume"":0},{""year"":2026,""month"":1,""searchVolume"":10},{""year"":2025,""month"":12,""searchVolume"":10},{""year"":2025,""month"":11,""searchVolume"":10},{""year"":2025,""month"":10,""searchVolume"":10},{""year"":2025,""month"":9,""searchVolume"":10},{""year"":2025,""month"":8,""searchVolume"":10}]"
neschopenka online,ideas,true,alter online učebnice,10,38,,,informational,"[{""year"":2026,""month"":7,""searchVolume"":0},{""year"":2026,""month"":6,""searchVolume"":10},{""year"":2026,""month"":5,""searchVolume"":10},{""year"":2026,""month"":4,""searchVolume"":0},{""year"":2026,""month"":3,""searchVolume"":10},{""year"":2026,""month"":2,""searchVolume"":10},{""year"":2026,""month"":1,""searchVolume"":10},{""year"":2025,""month"":12,""searchVolume"":0},{""year"":2025,""month"":11,""searchVolume"":10},{""year"":2025,""month"":10,""searchVolume"":10},{""year"":2025,""month"":9,""searchVolume"":10},{""year"":2025,""month"":8,""searchVolume"":0}]"
neschopenka online,ideas,true,test brýlí online,10,,0.9,0.17,informational,"[{""year"":2026,""month"":7,""searchVolume"":10},{""year"":2026,""month"":6,""searchVolume"":0},{""year"":2026,""month"":5,""searchVolume"":0},{""year"":2026,""month"":4,""searchVolume"":0},{""year"":2026,""month"":3,""searchVolume"":10},{""year"":2026,""month"":2,""searchVolume"":0},{""year"":2026,""month"":1,""searchVolume"":0},{""year"":2025,""month"":12,""searchVolume"":0},{""year"":2025,""month"":11,""searchVolume"":0},{""year"":2025,""month"":10,""searchVolume"":10},{""year"":2025,""month"":9,""searchVolume"":0},{""year"":2025,""month"":8,""searchVolume"":0}]"
neschopenka online,ideas,true,farma 2020 online,10,,,,informational,"[{""year"":2026,""month"":7,""searchVolume"":0},{""year"":2026,""month"":6,""searchVolume"":0},{""year"":2026,""month"":5,""searchVolume"":0},{""year"":2026,""month"":4,""searchVolume"":0},{""year"":2026,""month"":3,""searchVolume"":0},{""year"":2026,""month"":2,""searchVolume"":0},{""year"":2026,""month"":1,""searchVolume"":0},{""year"":2025,""month"":12,""searchVolume"":0},{""year"":2025,""month"":11,""searchVolume"":0},{""year"":2025,""month"":10,""searchVolume"":0},{""year"":2025,""month"":9,""searchVolume"":0},{""year"":2025,""month"":8,""searchVolume"":10}]"
neschopenka online,ideas,true,pidilidi online cz,10,,,0,informational,"[{""year"":2026,""month"":7,""searchVolume"":10},{""year"":2026,""month"":6,""searchVolume"":10},{""year"":2026,""month"":5,""searchVolume"":10},{""year"":2026,""month"":4,""searchVolume"":10},{""year"":2026,""month"":3,""searchVolume"":10},{""year"":2026,""month"":2,""searchVolume"":10},{""year"":2026,""month"":1,""searchVolume"":10},{""year"":2025,""month"":12,""searchVolume"":10},{""year"":2025,""month"":11,""searchVolume"":10},{""year"":2025,""month"":10,""searchVolume"":10},{""year"":2025,""month"":9,""searchVolume"":10},{""year"":2025,""month"":8,""searchVolume"":10}]"
neschopenka online,ideas,true,u lékaře online,10,,0.68,0.14,navigational,"[{""year"":2026,""month"":7,""searchVolume"":10},{""year"":2026,""month"":6,""searchVolume"":10},{""year"":2026,""month"":5,""searchVolume"":10},{""year"":2026,""month"":4,""searchVolume"":10},{""year"":2026,""month"":3,""searchVolume"":10},{""year"":2026,""month"":2,""searchVolume"":10},{""year"":2026,""month"":1,""searchVolume"":10},{""year"":2025,""month"":12,""searchVolume"":10},{""year"":2025,""month"":11,""searchVolume"":0},{""year"":2025,""month"":10,""searchVolume"":10},{""year"":2025,""month"":9,""searchVolume"":0},{""year"":2025,""month"":8,""searchVolume"":10}]"
neschopenka online,ideas,true,základy psychologie online,10,,,,informational,"[{""year"":2026,""month"":7,""searchVolume"":0},{""year"":2026,""month"":6,""searchVolume"":0},{""year"":2026,""month"":5,""searchVolume"":10},{""year"":2026,""month"":4,""searchVolume"":10},{""year"":2026,""month"":3,""searchVolume"":10},{""year"":2026,""month"":2,""searchVolume"":10},{""year"":2026,""month"":1,""searchVolume"":10},{""year"":2025,""month"":12,""searchVolume"":10},{""year"":2025,""month"":11,""searchVolume"":10},{""year"":2025,""month"":10,""searchVolume"":10},{""year"":2025,""month"":9,""searchVolume"":0},{""year"":2025,""month"":8,""searchVolume"":10}]"
neschopenka online,ideas,true,doplněk cvičení online,10,,,,transactional,"[{""year"":2026,""month"":7,""searchVolume"":0},{""year"":2026,""month"":6,""searchVolume"":10},{""year"":2026,""month"":5,""searchVolume"":0},{""year"":2026,""month"":4,""searchVolume"":10},{""year"":2026,""month"":3,""searchVolume"":10},{""year"":2026,""month"":2,""searchVolume"":10},{""year"":2026,""month"":1,""searchVolume"":10},{""year"":2025,""month"":12,""searchVolume"":10},{""year"":2025,""month"":11,""searchVolume"":10},{""year"":2025,""month"":10,""searchVolume"":0},{""year"":2025,""month"":9,""searchVolume"":0},{""year"":2025,""month"":8,""searchVolume"":0}]"
neschopenka online,ideas,true,farma 10 online,10,10,,0.04,informational,"[{""year"":2026,""month"":7,""searchVolume"":10},{""year"":2026,""month"":6,""searchVolume"":10},{""year"":2026,""month"":5,""searchVolume"":10},{""year"":2026,""month"":4,""searchVolume"":10},{""year"":2026,""month"":3,""searchVolume"":10},{""year"":2026,""month"":2,""searchVolume"":10},{""year"":2026,""month"":1,""searchVolume"":20},{""year"":2025,""month"":12,""searchVolume"":10},{""year"":2025,""month"":11,""searchVolume"":10},{""year"":2025,""month"":10,""searchVolume"":10},{""year"":2025,""month"":9,""searchVolume"":0},{""year"":2025,""month"":8,""searchVolume"":20}]"
neschopenka online,ideas,true,psychoterapie online pojišťovna,10,,2.13,0.52,informational,"[{""year"":2026,""month"":7,""searchVolume"":10},{""year"":2026,""month"":6,""searchVolume"":10},{""year"":2026,""month"":5,""searchVolume"":10},{""year"":2026,""month"":4,""searchVolume"":10},{""year"":2026,""month"":3,""searchVolume"":0},{""year"":2026,""month"":2,""searchVolume"":0},{""year"":2026,""month"":1,""searchVolume"":10},{""year"":2025,""month"":12,""searchVolume"":10},{""year"":2025,""month"":11,""searchVolume"":10},{""year"":2025,""month"":10,""searchVolume"":10},{""year"":2025,""month"":9,""searchVolume"":10},{""year"":2025,""month"":8,""searchVolume"":10}]"
neschopenka online,ideas,true,v bolestech online,10,,,0,informational,"[{""year"":2026,""month"":7,""searchVolume"":10},{""year"":2026,""month"":6,""searchVolume"":10},{""year"":2026,""month"":5,""searchVolume"":10},{""year"":2026,""month"":4,""searchVolume"":10},{""year"":2026,""month"":3,""searchVolume"":10},{""year"":2026,""month"":2,""searchVolume"":10},{""year"":2026,""month"":1,""searchVolume"":0},{""year"":2025,""month"":12,""searchVolume"":10},{""year"":2025,""month"":11,""searchVolume"":0},{""year"":2025,""month"":10,""searchVolume"":0},{""year"":2025,""month"":9,""searchVolume"":0},{""year"":2025,""month"":8,""searchVolume"":0}]"
neschopenka online,ideas,true,online přednášky psychologie,10,,,,informational,"[{""year"":2026,""month"":7,""searchVolume"":0},{""year"":2026,""month"":6,""searchVolume"":0},{""year"":2026,""month"":5,""searchVolume"":0},{""year"":2026,""month"":4,""searchVolume"":0},{""year"":2026,""month"":3,""searchVolume"":0},{""year"":2026,""month"":2,""searchVolume"":0},{""year"":2026,""month"":1,""searchVolume"":0},{""year"":2025,""month"":12,""searchVolume"":10},{""year"":2025,""month"":11,""searchVolume"":0},{""year"":2025,""month"":10,""searchVolume"":10},{""year"":2025,""month"":9,""searchVolume"":0},{""year"":2025,""month"":8,""searchVolume"":10}]"
neschopenka online,ideas,true,terapie iii online,10,,,,informational,"[{""year"":2026,""month"":7,""searchVolume"":0},{""year"":2026,""month"":6,""searchVolume"":10},{""year"":2026,""month"":5,""searchVolume"":10},{""year"":2026,""month"":4,""searchVolume"":10},{""year"":2026,""month"":3,""searchVolume"":0},{""year"":2026,""month"":2,""searchVolume"":10},{""year"":2026,""month"":1,""searchVolume"":0},{""year"":2025,""month"":12,""searchVolume"":0},{""year"":2025,""month"":11,""searchVolume"":0},{""year"":2025,""month"":10,""searchVolume"":0},{""year"":2025,""month"":9,""searchVolume"":0},{""year"":2025,""month"":8,""searchVolume"":0}]"
neschopenka online,ideas,true,doma program online,10,,,,informational,"[{""year"":2026,""month"":7,""searchVolume"":0},{""year"":2026,""month"":6,""searchVolume"":0},{""year"":2026,""month"":5,""searchVolume"":0},{""year"":2026,""month"":4,""searchVolume"":0},{""year"":2026,""month"":3,""searchVolume"":0},{""year"":2026,""month"":2,""searchVolume"":0},{""year"":2026,""month"":1,""searchVolume"":10},{""year"":2025,""month"":12,""searchVolume"":0},{""year"":2025,""month"":11,""searchVolume"":0},{""year"":2025,""month"":10,""searchVolume"":0},{""year"":2025,""month"":9,""searchVolume"":0},{""year"":2025,""month"":8,""searchVolume"":10}]"
neschopenka online,ideas,true,online zkoušečka brýlí,10,38,,0,informational,"[{""year"":2026,""month"":7,""searchVolume"":10},{""year"":2026,""month"":6,""searchVolume"":0},{""year"":2026,""month"":5,""searchVolume"":10},{""year"":2026,""month"":4,""searchVolume"":0},{""year"":2026,""month"":3,""searchVolume"":10},{""year"":2026,""month"":2,""searchVolume"":10},{""year"":2026,""month"":1,""searchVolume"":10},{""year"":2025,""month"":12,""searchVolume"":10},{""year"":2025,""month"":11,""searchVolume"":0},{""year"":2025,""month"":10,""searchVolume"":0},{""year"":2025,""month"":9,""searchVolume"":0},{""year"":2025,""month"":8,""searchVolume"":10}]"
neschopenka online,ideas,true,farma 9 online,10,42,,0,navigational,"[{""year"":2026,""month"":7,""searchVolume"":10},{""year"":2026,""month"":6,""searchVolume"":0},{""year"":2026,""month"":5,""searchVolume"":0},{""year"":2026,""month"":4,""searchVolume"":10},{""year"":2026,""month"":3,""searchVolume"":10},{""year"":2026,""month"":2,""searchVolume"":10},{""year"":2026,""month"":1,""searchVolume"":10},{""year"":2025,""month"":12,""searchVolume"":10},{""year"":2025,""month"":11,""searchVolume"":10},{""year"":2025,""month"":10,""searchVolume"":10},{""year"":2025,""month"":9,""searchVolume"":10},{""year"":2025,""month"":8,""searchVolume"":10}]"
neschopenka online,ideas,true,vzteklina online cz,10,,,0,navigational,"[{""year"":2026,""month"":7,""searchVolume"":10},{""year"":2026,""month"":6,""searchVolume"":10},{""year"":2026,""month"":5,""searchVolume"":10},{""year"":2026,""month"":4,""searchVolume"":10},{""year"":2026,""month"":3,""searchVolume"":10},{""year"":2026,""month"":2,""searchVolume"":10},{""year"":2026,""month"":1,""searchVolume"":10},{""year"":2025,""month"":12,""searchVolume"":10},{""year"":2025,""month"":11,""searchVolume"":10},{""year"":2025,""month"":10,""searchVolume"":10},{""year"":2025,""month"":9,""searchVolume"":10},{""year"":2025,""month"":8,""searchVolume"":10}]"
neschopenka online,ideas,true,farma x online,10,,,,navigational,"[{""year"":2026,""month"":7,""searchVolume"":0},{""year"":2026,""month"":6,""searchVolume"":0},{""year"":2026,""month"":5,""searchVolume"":0},{""year"":2026,""month"":4,""searchVolume"":0},{""year"":2026,""month"":3,""searchVolume"":0},{""year"":2026,""month"":2,""searchVolume"":0},{""year"":2026,""month"":1,""searchVolume"":0},{""year"":2025,""month"":12,""searchVolume"":0},{""year"":2025,""month"":11,""searchVolume"":10},{""year"":2025,""month"":10,""searchVolume"":0},{""year"":2025,""month"":9,""searchVolume"":10},{""year"":2025,""month"":8,""searchVolume"":10}]"
neschopenka online,ideas,true,výživová poradna online,10,,,,informational,"[{""year"":2026,""month"":7,""searchVolume"":0},{""year"":2026,""month"":6,""searchVolume"":0},{""year"":2026,""month"":5,""searchVolume"":0},{""year"":2026,""month"":4,""searchVolume"":0},{""year"":2026,""month"":3,""searchVolume"":10},{""year"":2026,""month"":2,""searchVolume"":10},{""year"":2026,""month"":1,""searchVolume"":10},{""year"":2025,""month"":12,""searchVolume"":0},{""year"":2025,""month"":11,""searchVolume"":10},{""year"":2025,""month"":10,""searchVolume"":0},{""year"":2025,""month"":9,""searchVolume"":0},{""year"":2025,""month"":8,""searchVolume"":10}]"
neschopenka online,ideas,true,cukrfree online kurz,10,,,0.71,informational,"[{""year"":2026,""month"":7,""searchVolume"":10},{""year"":2026,""month"":6,""searchVolume"":0},{""year"":2026,""month"":5,""searchVolume"":0},{""year"":2026,""month"":4,""searchVolume"":0},{""year"":2026,""month"":3,""searchVolume"":10},{""year"":2026,""month"":2,""searchVolume"":10},{""year"":2026,""month"":1,""searchVolume"":10},{""year"":2025,""month"":12,""searchVolume"":0},{""year"":2025,""month"":11,""searchVolume"":0},{""year"":2025,""month"":10,""searchVolume"":0},{""year"":2025,""month"":9,""searchVolume"":0},{""year"":2025,""month"":8,""searchVolume"":10}]"
neschopenka online,ideas,true,vzteklina ct online,10,,,,navigational,"[{""year"":2026,""month"":7,""searchVolume"":0},{""year"":2026,""month"":6,""searchVolume"":0},{""year"":2026,""month"":5,""searchVolume"":0},{""year"":2026,""month"":4,""searchVolume"":0},{""year"":2026,""month"":3,""searchVolume"":0},{""year"":2026,""month"":2,""searchVolume"":0},{""year"":2026,""month"":1,""searchVolume"":10},{""year"":2025,""month"":12,""searchVolume"":10},{""year"":2025,""month"":11,""searchVolume"":10},{""year"":2025,""month"":10,""searchVolume"":0},{""year"":2025,""month"":9,""searchVolume"":0},{""year"":2025,""month"":8,""searchVolume"":0}]"
neschopenka online,ideas,true,zpravy online ct,10,57,,0,informational,"[{""year"":2026,""month"":7,""searchVolume"":10},{""year"":2026,""month"":6,""searchVolume"":10},{""year"":2026,""month"":5,""searchVolume"":10},{""year"":2026,""month"":4,""searchVolume"":0},{""year"":2026,""month"":3,""searchVolume"":10},{""year"":2026,""month"":2,""searchVolume"":0},{""year"":2026,""month"":1,""searchVolume"":0},{""year"":2025,""month"":12,""searchVolume"":10},{""year"":2025,""month"":11,""searchVolume"":10},{""year"":2025,""month"":10,""searchVolume"":0},{""year"":2025,""month"":9,""searchVolume"":10},{""year"":2025,""month"":8,""searchVolume"":10}]"
neschopenka online,ideas,true,psi psycholog online,10,,,,informational,"[{""year"":2026,""month"":7,""searchVolume"":0},{""year"":2026,""month"":6,""searchVolume"":0},{""year"":2026,""month"":5,""searchVolume"":0},{""year"":2026,""month"":4,""searchVolume"":10},{""year"":2026,""month"":3,""searchVolume"":10},{""year"":2026,""month"":2,""searchVolume"":10},{""year"":2026,""month"":1,""searchVolume"":10},{""year"":2025,""month"":12,""searchVolume"":10},{""year"":2025,""month"":11,""searchVolume"":0},{""year"":2025,""month"":10,""searchVolume"":0},{""year"":2025,""month"":9,""searchVolume"":0},{""year"":2025,""month"":8,""searchVolume"":10}]"
neschopenka online,ideas,true,brevíř léků online,10,,,0,informational,"[{""year"":2026,""month"":7,""searchVolume"":10},{""year"":2026,""month"":6,""searchVolume"":0},{""year"":2026,""month"":5,""searchVolume"":0},{""year"":2026,""month"":4,""searchVolume"":0},{""year"":2026,""month"":3,""searchVolume"":0},{""year"":2026,""month"":2,""searchVolume"":10},{""year"":2026,""month"":1,""searchVolume"":0},{""year"":2025,""month"":12,""searchVolume"":0},{""year"":2025,""month"":11,""searchVolume"":0},{""year"":2025,""month"":10,""searchVolume"":0},{""year"":2025,""month"":9,""searchVolume"":10},{""year"":2025,""month"":8,""searchVolume"":0}]"
neschopenka online,ideas,true,magistra lekarna online,10,,,,navigational,"[{""year"":2026,""month"":7,""searchVolume"":0},{""year"":2026,""month"":6,""searchVolume"":10},{""year"":2026,""month"":5,""searchVolume"":10},{""year"":2026,""month"":4,""searchVolume"":10},{""year"":2026,""month"":3,""searchVolume"":10},{""year"":2026,""month"":2,""searchVolume"":10},{""year"":2026,""month"":1,""searchVolume"":10},{""year"":2025,""month"":12,""searchVolume"":0},{""year"":2025,""month"":11,""searchVolume"":0},{""year"":2025,""month"":10,""searchVolume"":10},{""year"":2025,""month"":9,""searchVolume"":10},{""year"":2025,""month"":8,""searchVolume"":10}]"
neschopenka online,ideas,true,sestavení rodokmenu online,10,,1,0.2,transactional,"[{""year"":2026,""month"":7,""searchVolume"":10},{""year"":2026,""month"":6,""searchVolume"":0},{""year"":2026,""month"":5,""searchVolume"":10},{""year"":2026,""month"":4,""searchVolume"":10},{""year"":2026,""month"":3,""searchVolume"":10},{""year"":2026,""month"":2,""searchVolume"":10},{""year"":2026,""month"":1,""searchVolume"":10},{""year"":2025,""month"":12,""searchVolume"":10},{""year"":2025,""month"":11,""searchVolume"":10},{""year"":2025,""month"":10,""searchVolume"":10},{""year"":2025,""month"":9,""searchVolume"":10},{""year"":2025,""month"":8,""searchVolume"":10}]"
neschopenka online,ideas,true,psych online cz,10,,,0,navigational,"[{""year"":2026,""month"":7,""searchVolume"":10},{""year"":2026,""month"":6,""searchVolume"":10},{""year"":2026,""month"":5,""searchVolume"":0},{""year"":2026,""month"":4,""searchVolume"":0},{""year"":2026,""month"":3,""searchVolume"":10},{""year"":2026,""month"":2,""searchVolume"":10},{""year"":2026,""month"":1,""searchVolume"":10},{""year"":2025,""month"":12,""searchVolume"":10},{""year"":2025,""month"":11,""searchVolume"":10},{""year"":2025,""month"":10,""searchVolume"":10},{""year"":2025,""month"":9,""searchVolume"":20},{""year"":2025,""month"":8,""searchVolume"":10}]"
neschopenka online,ideas,true,online roušky recenze,10,,,,informational,"[{""year"":2026,""month"":7,""searchVolume"":0},{""year"":2026,""month"":6,""searchVolume"":0},{""year"":2026,""month"":5,""searchVolume"":0},{""year"":2026,""month"":4,""searchVolume"":0},{""year"":2026,""month"":3,""searchVolume"":0},{""year"":2026,""month"":2,""searchVolume"":0},{""year"":2026,""month"":1,""searchVolume"":0},{""year"":2025,""month"":12,""searchVolume"":0},{""year"":2025,""month"":11,""searchVolume"":10},{""year"":2025,""month"":10,""searchVolume"":0},{""year"":2025,""month"":9,""searchVolume"":0},{""year"":2025,""month"":8,""searchVolume"":0}]"
neschopenka online,ideas,true,die hart online,10,,,0,informational,"[{""year"":2026,""month"":7,""searchVolume"":10},{""year"":2026,""month"":6,""searchVolume"":10},{""year"":2026,""month"":5,""searchVolume"":10},{""year"":2026,""month"":4,""searchVolume"":10},{""year"":2026,""month"":3,""searchVolume"":0},{""year"":2026,""month"":2,""searchVolume"":10},{""year"":2026,""month"":1,""searchVolume"":10},{""year"":2025,""month"":12,""searchVolume"":10},{""year"":2025,""month"":11,""searchVolume"":0},{""year"":2025,""month"":10,""searchVolume"":10},{""year"":2025,""month"":9,""searchVolume"":10},{""year"":2025,""month"":8,""searchVolume"":0}]"
neschopenka online,ideas,true,na krev online,10,,,,informational,"[{""year"":2026,""month"":7,""searchVolume"":0},{""year"":2026,""month"":6,""searchVolume"":0},{""year"":2026,""month"":5,""searchVolume"":0},{""year"":2026,""month"":4,""searchVolume"":10},{""year"":2026,""month"":3,""searchVolume"":10},{""year"":2026,""month"":2,""searchVolume"":0},{""year"":2026,""month"":1,""searchVolume"":10},{""year"":2025,""month"":12,""searchVolume"":10},{""year"":2025,""month"":11,""searchVolume"":10},{""year"":2025,""month"":10,""searchVolume"":0},{""year"":2025,""month"":9,""searchVolume"":0},{""year"":2025,""month"":8,""searchVolume"":0}]"
neschopenka online,ideas,true,nebezpečná metoda online cz,10,,,0,informational,"[{""year"":2026,""month"":7,""searchVolume"":10},{""year"":2026,""month"":6,""searchVolume"":0},{""year"":2026,""month"":5,""searchVolume"":0},{""year"":2026,""month"":4,""searchVolume"":10},{""year"":2026,""month"":3,""searchVolume"":0},{""year"":2026,""month"":2,""searchVolume"":0},{""year"":2026,""month"":1,""searchVolume"":0},{""year"":2025,""month"":12,""searchVolume"":10},{""year"":2025,""month"":11,""searchVolume"":10},{""year"":2025,""month"":10,""searchVolume"":0},{""year"":2025,""month"":9,""searchVolume"":0},{""year"":2025,""month"":8,""searchVolume"":10}]"
neschopenka online,ideas,true,výpočet metabolického věku online,10,40,,0,informational,"[{""year"":2026,""month"":7,""searchVolume"":10},{""year"":2026,""month"":6,""searchVolume"":0},{""year"":2026,""month"":5,""searchVolume"":0},{""year"":2026,""month"":4,""searchVolume"":10},{""year"":2026,""month"":3,""searchVolume"":10},{""year"":2026,""month"":2,""searchVolume"":0},{""year"":2026,""month"":1,""searchVolume"":0},{""year"":2025,""month"":12,""searchVolume"":0},{""year"":2025,""month"":11,""searchVolume"":0},{""year"":2025,""month"":10,""searchVolume"":0},{""year"":2025,""month"":9,""searchVolume"":0},{""year"":2025,""month"":8,""searchVolume"":10}]"
neschopenka online,ideas,true,doc martin online cz,10,,,,navigational,"[{""year"":2026,""month"":7,""searchVolume"":0},{""year"":2026,""month"":6,""searchVolume"":0},{""year"":2026,""month"":5,""searchVolume"":0},{""year"":2026,""month"":4,""searchVolume"":10},{""year"":2026,""month"":3,""searchVolume"":10},{""year"":2026,""month"":2,""searchVolume"":10},{""year"":2026,""month"":1,""searchVolume"":0},{""year"":2025,""month"":12,""searchVolume"":0},{""year"":2025,""month"":11,""searchVolume"":0},{""year"":2025,""month"":10,""searchVolume"":0},{""year"":2025,""month"":9,""searchVolume"":10},{""year"":2025,""month"":8,""searchVolume"":10}]"
neschopenka online,ideas,true,omámení a zmatení online,10,,,0,informational,"[{""year"":2026,""month"":7,""searchVolume"":10},{""year"":2026,""month"":6,""searchVolume"":20},{""year"":2026,""month"":5,""searchVolume"":10},{""year"":2026,""month"":4,""searchVolume"":0},{""year"":2026,""month"":3,""searchVolume"":10},{""year"":2026,""month"":2,""searchVolume"":10},{""year"":2026,""month"":1,""searchVolume"":10},{""year"":2025,""month"":12,""searchVolume"":10},{""year"":2025,""month"":11,""searchVolume"":10},{""year"":2025,""month"":10,""searchVolume"":10},{""year"":2025,""month"":9,""searchVolume"":10},{""year"":2025,""month"":8,""searchVolume"":10}]"
neschopenka online,ideas,true,mimořádná událost online cz,10,20,,,navigational,"[{""year"":2026,""month"":7,""searchVolume"":0},{""year"":2026,""month"":6,""searchVolume"":10},{""year"":2026,""month"":5,""searchVolume"":10},{""year"":2026,""month"":4,""searchVolume"":10},{""year"":2026,""month"":3,""searchVolume"":0},{""year"":2026,""month"":2,""searchVolume"":0},{""year"":2026,""month"":1,""searchVolume"":10},{""year"":2025,""month"":12,""searchVolume"":10},{""year"":2025,""month"":11,""searchVolume"":0},{""year"":2025,""month"":10,""searchVolume"":10},{""year"":2025,""month"":9,""searchVolume"":10},{""year"":2025,""month"":8,""searchVolume"":10}]"
neschopenka online,ideas,true,farma 12 2020 online,10,43,,,informational,"[{""year"":2026,""month"":7,""searchVolume"":0},{""year"":2026,""month"":6,""searchVolume"":0},{""year"":2026,""month"":5,""searchVolume"":0},{""year"":2026,""month"":4,""searchVolume"":0},{""year"":2026,""month"":3,""searchVolume"":0},{""year"":2026,""month"":2,""searchVolume"":10},{""year"":2026,""month"":1,""searchVolume"":0},{""year"":2025,""month"":12,""searchVolume"":0},{""year"":2025,""month"":11,""searchVolume"":0},{""year"":2025,""month"":10,""searchVolume"":0},{""year"":2025,""month"":9,""searchVolume"":0},{""year"":2025,""month"":8,""searchVolume"":0}]"
neschopenka online,ideas,true,sexuologicka poradna online zdarma,10,,,,transactional,"[{""year"":2026,""month"":7,""searchVolume"":0},{""year"":2026,""month"":6,""searchVolume"":0},{""year"":2026,""month"":5,""searchVolume"":0},{""year"":2026,""month"":4,""searchVolume"":10},{""year"":2026,""month"":3,""searchVolume"":10},{""year"":2026,""month"":2,""searchVolume"":0},{""year"":2026,""month"":1,""searchVolume"":10},{""year"":2025,""month"":12,""searchVolume"":0},{""year"":2025,""month"":11,""searchVolume"":10},{""year"":2025,""month"":10,""searchVolume"":0},{""year"":2025,""month"":9,""searchVolume"":0},{""year"":2025,""month"":8,""searchVolume"":10}]"
neschopenka online,ideas,true,doctor foster online cz,10,,,,navigational,"[{""year"":2026,""month"":7,""searchVolume"":0},{""year"":2026,""month"":6,""searchVolume"":0},{""year"":2026,""month"":5,""searchVolume"":10},{""year"":2026,""month"":4,""searchVolume"":10},{""year"":2026,""month"":3,""searchVolume"":0},{""year"":2026,""month"":2,""searchVolume"":0},{""year"":2026,""month"":1,""searchVolume"":0},{""year"":2025,""month"":12,""searchVolume"":0},{""year"":2025,""month"":11,""searchVolume"":0},{""year"":2025,""month"":10,""searchVolume"":10},{""year"":2025,""month"":9,""searchVolume"":10},{""year"":2025,""month"":8,""searchVolume"":10}]"
neschopenka online,ideas,true,poradna pro těhotné online,10,,,,informational,"[{""year"":2026,""month"":7,""searchVolume"":0},{""year"":2026,""month"":6,""searchVolume"":0},{""year"":2026,""month"":5,""searchVolume"":10},{""year"":2026,""month"":4,""searchVolume"":10},{""year"":2026,""month"":3,""searchVolume"":10},{""year"":2026,""month"":2,""searchVolume"":0},{""year"":2026,""month"":1,""searchVolume"":0},{""year"":2025,""month"":12,""searchVolume"":0},{""year"":2025,""month"":11,""searchVolume"":0},{""year"":2025,""month"":10,""searchVolume"":10},{""year"":2025,""month"":9,""searchVolume"":10},{""year"":2025,""month"":8,""searchVolume"":0}]"
neschopenka online,ideas,true,terapie láskou online zkouknito,10,,,,informational,"[{""year"":2026,""month"":7,""searchVolume"":0},{""year"":2026,""month"":6,""searchVolume"":0},{""year"":2026,""month"":5,""searchVolume"":0},{""year"":2026,""month"":4,""searchVolume"":0},{""year"":2026,""month"":3,""searchVolume"":10},{""year"":2026,""month"":2,""searchVolume"":10},{""year"":2026,""month"":1,""searchVolume"":10},{""year"":2025,""month"":12,""searchVolume"":0},{""year"":2025,""month"":11,""searchVolume"":0},{""year"":2025,""month"":10,""searchVolume"":0},{""year"":2025,""month"":9,""searchVolume"":0},{""year"":2025,""month"":8,""searchVolume"":10}]"
neschopenka online,ideas,true,drtivý dopad online cz,10,,,0,navigational,"[{""year"":2026,""month"":7,""searchVolume"":10},{""year"":2026,""month"":6,""searchVolume"":10},{""year"":2026,""month"":5,""searchVolume"":10},{""year"":2026,""month"":4,""searchVolume"":0},{""year"":2026,""month"":3,""searchVolume"":10},{""year"":2026,""month"":2,""searchVolume"":10},{""year"":2026,""month"":1,""searchVolume"":10},{""year"":2025,""month"":12,""searchVolume"":10},{""year"":2025,""month"":11,""searchVolume"":20},{""year"":2025,""month"":10,""searchVolume"":10},{""year"":2025,""month"":9,""searchVolume"":20},{""year"":2025,""month"":8,""searchVolume"":10}]"
neschopenka online,ideas,true,vzp online objednání brno,10,,,0,transactional,"[{""year"":2026,""month"":7,""searchVolume"":20},{""year"":2026,""month"":6,""searchVolume"":10},{""year"":2026,""month"":5,""searchVolume"":20},{""year"":2026,""month"":4,""searchVolume"":20},{""year"":2026,""month"":3,""searchVolume"":30},{""year"":2026,""month"":2,""searchVolume"":0},{""year"":2026,""month"":1,""searchVolume"":0},{""year"":2025,""month"":12,""searchVolume"":0},{""year"":2025,""month"":11,""searchVolume"":0},{""year"":2025,""month"":10,""searchVolume"":0},{""year"":2025,""month"":9,""searchVolume"":0},{""year"":2025,""month"":8,""searchVolume"":0}]"
neschopenka online,ideas,true,genetická metoda čtení online,10,43,,0,informational,"[{""year"":2026,""month"":7,""searchVolume"":10},{""year"":2026,""month"":6,""searchVolume"":10},{""year"":2026,""month"":5,""searchVolume"":0},{""year"":2026,""month"":4,""searchVolume"":10},{""year"":2026,""month"":3,""searchVolume"":10},{""year"":2026,""month"":2,""searchVolume"":10},{""year"":2026,""month"":1,""searchVolume"":10},{""year"":2025,""month"":12,""searchVolume"":10},{""year"":2025,""month"":11,""searchVolume"":20},{""year"":2025,""month"":10,""searchVolume"":10},{""year"":2025,""month"":9,""searchVolume"":0},{""year"":2025,""month"":8,""searchVolume"":10}]"
neschopenka online,ideas,true,časopis praktický lékař online,10,,,,informational,"[{""year"":2026,""month"":7,""searchVolume"":0},{""year"":2026,""month"":6,""searchVolume"":0},{""year"":2026,""month"":5,""searchVolume"":0},{""year"":2026,""month"":4,""searchVolume"":0},{""year"":2026,""month"":3,""searchVolume"":0},{""year"":2026,""month"":2,""searchVolume"":0},{""year"":2026,""month"":1,""searchVolume"":10},{""year"":2025,""month"":12,""searchVolume"":10},{""year"":2025,""month"":11,""searchVolume"":10},{""year"":2025,""month"":10,""searchVolume"":10},{""year"":2025,""month"":9,""searchVolume"":0},{""year"":2025,""month"":8,""searchVolume"":0}]"
neschopenka online,ideas,true,online recepty na léky,10,47,0.46,0.15,informational,"[{""year"":2026,""month"":7,""searchVolume"":20},{""year"":2026,""month"":6,""searchVolume"":10},{""year"":2026,""month"":5,""searchVolume"":10},{""year"":2026,""month"":4,""searchVolume"":10},{""year"":2026,""month"":3,""searchVolume"":10},{""year"":2026,""month"":2,""searchVolume"":10},{""year"":2026,""month"":1,""searchVolume"":10},{""year"":2025,""month"":12,""searchVolume"":10},{""year"":2025,""month"":11,""searchVolume"":10},{""year"":2025,""month"":10,""searchVolume"":10},{""year"":2025,""month"":9,""searchVolume"":10},{""year"":2025,""month"":8,""searchVolume"":10}]"
neschopenka online,ideas,true,trust 2021 online cz,10,,,,navigational,"[{""year"":2026,""month"":7,""searchVolume"":0},{""year"":2026,""month"":6,""searchVolume"":10},{""year"":2026,""month"":5,""searchVolume"":0},{""year"":2026,""month"":4,""searchVolume"":10},{""year"":2026,""month"":3,""searchVolume"":0},{""year"":2026,""month"":2,""searchVolume"":0},{""year"":2026,""month"":1,""searchVolume"":10},{""year"":2025,""month"":12,""searchVolume"":10},{""year"":2025,""month"":11,""searchVolume"":10},{""year"":2025,""month"":10,""searchVolume"":10},{""year"":2025,""month"":9,""searchVolume"":10},{""year"":2025,""month"":8,""searchVolume"":10}]"
neschopenka online,ideas,true,jonášova metoda početí online,10,,,,navigational,"[{""year"":2026,""month"":7,""searchVolume"":0},{""year"":2026,""month"":6,""searchVolume"":0},{""year"":2026,""month"":5,""searchVolume"":0},{""year"":2026,""month"":4,""searchVolume"":0},{""year"":2026,""month"":3,""searchVolume"":10},{""year"":2026,""month"":2,""searchVolume"":10},{""year"":2026,""month"":1,""searchVolume"":10},{""year"":2025,""month"":12,""searchVolume"":0},{""year"":2025,""month"":11,""searchVolume"":10},{""year"":2025,""month"":10,""searchVolume"":0},{""year"":2025,""month"":9,""searchVolume"":0},{""year"":2025,""month"":8,""searchVolume"":10}]"
neschopenka online,ideas,true,vyšetření průběhu funkce online,10,,,,informational,"[{""year"":2026,""month"":7,""searchVolume"":0},{""year"":2026,""month"":6,""searchVolume"":0},{""year"":2026,""month"":5,""searchVolume"":0},{""year"":2026,""month"":4,""searchVolume"":0},{""year"":2026,""month"":3,""searchVolume"":0},{""year"":2026,""month"":2,""searchVolume"":0},{""year"":2026,""month"":1,""searchVolume"":10},{""year"":2025,""month"":12,""searchVolume"":0},{""year"":2025,""month"":11,""searchVolume"":10},{""year"":2025,""month"":10,""searchVolume"":0},{""year"":2025,""month"":9,""searchVolume"":0},{""year"":2025,""month"":8,""searchVolume"":0}]"
neschopenka online,ideas,true,psychologie sériových vrahů online,10,,,,informational,"[{""year"":2026,""month"":7,""searchVolume"":0},{""year"":2026,""month"":6,""searchVolume"":0},{""year"":2026,""month"":5,""searchVolume"":0},{""year"":2026,""month"":4,""searchVolume"":0},{""year"":2026,""month"":3,""searchVolume"":0},{""year"":2026,""month"":2,""searchVolume"":0},{""year"":2026,""month"":1,""searchVolume"":0},{""year"":2025,""month"":12,""searchVolume"":0},{""year"":2025,""month"":11,""searchVolume"":10},{""year"":2025,""month"":10,""searchVolume"":0},{""year"":2025,""month"":9,""searchVolume"":10},{""year"":2025,""month"":8,""searchVolume"":0}]"
neschopenka online,ideas,true,aok terminvereinbarung online onlinetermine,10,,,,navigational,"[{""year"":2026,""month"":7,""searchVolume"":0},{""year"":2026,""month"":6,""searchVolume"":10},{""year"":2026,""month"":5,""searchVolume"":10},{""year"":2026,""month"":4,""searchVolume"":0},{""year"":2026,""month"":3,""searchVolume"":10},{""year"":2026,""month"":2,""searchVolume"":10},{""year"":2026,""month"":1,""searchVolume"":0},{""year"":2025,""month"":12,""searchVolume"":10},{""year"":2025,""month"":11,""searchVolume"":10},{""year"":2025,""month"":10,""searchVolume"":0},{""year"":2025,""month"":9,""searchVolume"":10},{""year"":2025,""month"":8,""searchVolume"":0}]"
neschopenka online,ideas,true,siccin 1 online cz,10,,,,navigational,"[{""year"":2026,""month"":7,""searchVolume"":0},{""year"":2026,""month"":6,""searchVolume"":10},{""year"":2026,""month"":5,""searchVolume"":10},{""year"":2026,""month"":4,""searchVolume"":10},{""year"":2026,""month"":3,""searchVolume"":10},{""year"":2026,""month"":2,""searchVolume"":0},{""year"":2026,""month"":1,""searchVolume"":0},{""year"":2025,""month"":12,""searchVolume"":0},{""year"":2025,""month"":11,""searchVolume"":10},{""year"":2025,""month"":10,""searchVolume"":10},{""year"":2025,""month"":9,""searchVolume"":20},{""year"":2025,""month"":8,""searchVolume"":10}]"
neschopenka online,ideas,true,graf bazální teploty online,10,,,,informational,"[{""year"":2026,""month"":7,""searchVolume"":0},{""year"":2026,""month"":6,""searchVolume"":10},{""year"":2026,""month"":5,""searchVolume"":10},{""year"":2026,""month"":4,""searchVolume"":10},{""year"":2026,""month"":3,""searchVolume"":10},{""year"":2026,""month"":2,""searchVolume"":10},{""year"":2026,""month"":1,""searchVolume"":10},{""year"":2025,""month"":12,""searchVolume"":10},{""year"":2025,""month"":11,""searchVolume"":10},{""year"":2025,""month"":10,""searchVolume"":10},{""year"":2025,""month"":9,""searchVolume"":10},{""year"":2025,""month"":8,""searchVolume"":10}]"
neschopenka online,ideas,true,online recepty na lieky,10,,,,informational,"[{""year"":2026,""month"":7,""searchVolume"":0},{""year"":2026,""month"":6,""searchVolume"":0},{""year"":2026,""month"":5,""searchVolume"":0},{""year"":2026,""month"":4,""searchVolume"":10},{""year"":2026,""month"":3,""searchVolume"":0},{""year"":2026,""month"":2,""searchVolume"":0},{""year"":2026,""month"":1,""searchVolume"":0},{""year"":2025,""month"":12,""searchVolume"":10},{""year"":2025,""month"":11,""searchVolume"":10},{""year"":2025,""month"":10,""searchVolume"":0},{""year"":2025,""month"":9,""searchVolume"":0},{""year"":2025,""month"":8,""searchVolume"":10}]"
neschopenka online,ideas,true,tísňová linka cz online,10,,,0,navigational,"[{""year"":2026,""month"":7,""searchVolume"":10},{""year"":2026,""month"":6,""searchVolume"":0},{""year"":2026,""month"":5,""searchVolume"":0},{""year"":2026,""month"":4,""searchVolume"":0},{""year"":2026,""month"":3,""searchVolume"":0},{""year"":2026,""month"":2,""searchVolume"":10},{""year"":2026,""month"":1,""searchVolume"":10},{""year"":2025,""month"":12,""searchVolume"":10},{""year"":2025,""month"":11,""searchVolume"":10},{""year"":2025,""month"":10,""searchVolume"":10},{""year"":2025,""month"":9,""searchVolume"":0},{""year"":2025,""month"":8,""searchVolume"":10}]"
neschopenka online,ideas,true,nový leták billa online,10,,0.08,0.06,transactional,"[{""year"":2026,""month"":7,""searchVolume"":40},{""year"":2026,""month"":6,""searchVolume"":20},{""year"":2026,""month"":5,""searchVolume"":20},{""year"":2026,""month"":4,""searchVolume"":10},{""year"":2026,""month"":3,""searchVolume"":10},{""year"":2026,""month"":2,""searchVolume"":10},{""year"":2026,""month"":1,""searchVolume"":10},{""year"":2025,""month"":12,""searchVolume"":10},{""year"":2025,""month"":11,""searchVolume"":10},{""year"":2025,""month"":10,""searchVolume"":10},{""year"":2025,""month"":9,""searchVolume"":10},{""year"":2025,""month"":8,""searchVolume"":10}]"
neschopenka online,ideas,true,výpočet nutričních hodnot online,10,,,,informational,"[{""year"":2026,""month"":7,""searchVolume"":0},{""year"":2026,""month"":6,""searchVolume"":0},{""year"":2026,""month"":5,""searchVolume"":0},{""year"":2026,""month"":4,""searchVolume"":0},{""year"":2026,""month"":3,""searchVolume"":0},{""year"":2026,""month"":2,""searchVolume"":0},{""year"":2026,""month"":1,""searchVolume"":10},{""year"":2025,""month"":12,""searchVolume"":0},{""year"":2025,""month"":11,""searchVolume"":0},{""year"":2025,""month"":10,""searchVolume"":0},{""year"":2025,""month"":9,""searchVolume"":0},{""year"":2025,""month"":8,""searchVolume"":10}]"
neschopenka online,ideas,true,andel smrti online cz,10,,,,informational,"[{""year"":2026,""month"":7,""searchVolume"":0},{""year"":2026,""month"":6,""searchVolume"":0},{""year"":2026,""month"":5,""searchVolume"":0},{""year"":2026,""month"":4,""searchVolume"":0},{""year"":2026,""month"":3,""searchVolume"":10},{""year"":2026,""month"":2,""searchVolume"":0},{""year"":2026,""month"":1,""searchVolume"":10},{""year"":2025,""month"":12,""searchVolume"":0},{""year"":2025,""month"":11,""searchVolume"":10},{""year"":2025,""month"":10,""searchVolume"":0},{""year"":2025,""month"":9,""searchVolume"":10},{""year"":2025,""month"":8,""searchVolume"":10}]"
neschopenka online,ideas,true,matrika liberec online objednání,10,,,0.01,transactional,"[{""year"":2026,""month"":7,""searchVolume"":30},{""year"":2026,""month"":6,""searchVolume"":20},{""year"":2026,""month"":5,""searchVolume"":30},{""year"":2026,""month"":4,""searchVolume"":0},{""year"":2026,""month"":3,""searchVolume"":0},{""year"":2026,""month"":2,""searchVolume"":0},{""year"":2026,""month"":1,""searchVolume"":0},{""year"":2025,""month"":12,""searchVolume"":0},{""year"":2025,""month"":11,""searchVolume"":0},{""year"":2025,""month"":10,""searchVolume"":0},{""year"":2025,""month"":9,""searchVolume"":0},{""year"":2025,""month"":8,""searchVolume"":0}]"
neschopenka online,ideas,true,gynekologicka poradna online zdarma,10,45,,,informational,"[{""year"":2026,""month"":7,""searchVolume"":0},{""year"":2026,""month"":6,""searchVolume"":0},{""year"":2026,""month"":5,""searchVolume"":0},{""year"":2026,""month"":4,""searchVolume"":0},{""year"":2026,""month"":3,""searchVolume"":0},{""year"":2026,""month"":2,""searchVolume"":10},{""year"":2026,""month"":1,""searchVolume"":0},{""year"":2025,""month"":12,""searchVolume"":0},{""year"":2025,""month"":11,""searchVolume"":0},{""year"":2025,""month"":10,""searchVolume"":0},{""year"":2025,""month"":9,""searchVolume"":10},{""year"":2025,""month"":8,""searchVolume"":0}]"
neschopenka online,ideas,true,terapie 3 série online,10,,,,informational,"[{""year"":2026,""month"":7,""searchVolume"":0},{""year"":2026,""month"":6,""searchVolume"":0},{""year"":2026,""month"":5,""searchVolume"":10},{""year"":2026,""month"":4,""searchVolume"":10},{""year"":2026,""month"":3,""searchVolume"":0},{""year"":2026,""month"":2,""searchVolume"":10},{""year"":2026,""month"":1,""searchVolume"":10},{""year"":2025,""month"":12,""searchVolume"":10},{""year"":2025,""month"":11,""searchVolume"":10},{""year"":2025,""month"":10,""searchVolume"":0},{""year"":2025,""month"":9,""searchVolume"":0},{""year"":2025,""month"":8,""searchVolume"":10}]"
neschopenka online,ideas,true,ne matky online cz,10,,,,navigational,"[{""year"":2026,""month"":7,""searchVolume"":0},{""year"":2026,""month"":6,""searchVolume"":0},{""year"":2026,""month"":5,""searchVolume"":0},{""year"":2026,""month"":4,""searchVolume"":10},{""year"":2026,""month"":3,""searchVolume"":10},{""year"":2026,""month"":2,""searchVolume"":0},{""year"":2026,""month"":1,""searchVolume"":0},{""year"":2025,""month"":12,""searchVolume"":0},{""year"":2025,""month"":11,""searchVolume"":10},{""year"":2025,""month"":10,""searchVolume"":10},{""year"":2025,""month"":9,""searchVolume"":10},{""year"":2025,""month"":8,""searchVolume"":10}]"
neschopenka online,ideas,true,psycholog online chat zdarma,10,47,,0,navigational,"[{""year"":2026,""month"":7,""searchVolume"":10},{""year"":2026,""month"":6,""searchVolume"":10},{""year"":2026,""month"":5,""searchVolume"":0},{""year"":2026,""month"":4,""searchVolume"":10},{""year"":2026,""month"":3,""searchVolume"":10},{""year"":2026,""month"":2,""searchVolume"":10},{""year"":2026,""month"":1,""searchVolume"":10},{""year"":2025,""month"":12,""searchVolume"":10},{""year"":2025,""month"":11,""searchVolume"":10},{""year"":2025,""month"":10,""searchVolume"":10},{""year"":2025,""month"":9,""searchVolume"":10},{""year"":2025,""month"":8,""searchVolume"":10}]"
neschopenka online,ideas,true,v odborné péči online,10,,,0,informational,"[{""year"":2026,""month"":7,""searchVolume"":10},{""year"":2026,""month"":6,""searchVolume"":10},{""year"":2026,""month"":5,""searchVolume"":10},{""year"":2026,""month"":4,""searchVolume"":0},{""year"":2026,""month"":3,""searchVolume"":10},{""year"":2026,""month"":2,""searchVolume"":10},{""year"":2026,""month"":1,""searchVolume"":10},{""year"":2025,""month"":12,""searchVolume"":10},{""year"":2025,""month"":11,""searchVolume"":10},{""year"":2025,""month"":10,""searchVolume"":10},{""year"":2025,""month"":9,""searchVolume"":10},{""year"":2025,""month"":8,""searchVolume"":10}]"
neschopenka online,ideas,true,online účet dr max,10,,,,navigational,"[{""year"":2026,""month"":7,""searchVolume"":0},{""year"":2026,""month"":6,""searchVolume"":0},{""year"":2026,""month"":5,""searchVolume"":0},{""year"":2026,""month"":4,""searchVolume"":10},{""year"":2026,""month"":3,""searchVolume"":0},{""year"":2026,""month"":2,""searchVolume"":0},{""year"":2026,""month"":1,""searchVolume"":10},{""year"":2025,""month"":12,""searchVolume"":0},{""year"":2025,""month"":11,""searchVolume"":0},{""year"":2025,""month"":10,""searchVolume"":0},{""year"":2025,""month"":9,""searchVolume"":0},{""year"":2025,""month"":8,""searchVolume"":10}]"
neschopenka online,ideas,true,online cvičení na hubnutí,10,,1.14,0.64,informational,"[{""year"":2026,""month"":7,""searchVolume"":10},{""year"":2026,""month"":6,""searchVolume"":10},{""year"":2026,""month"":5,""searchVolume"":10},{""year"":2026,""month"":4,""searchVolume"":10},{""year"":2026,""month"":3,""searchVolume"":0},{""year"":2026,""month"":2,""searchVolume"":10},{""year"":2026,""month"":1,""searchVolume"":10},{""year"":2025,""month"":12,""searchVolume"":10},{""year"":2025,""month"":11,""searchVolume"":0},{""year"":2025,""month"":10,""searchVolume"":10},{""year"":2025,""month"":9,""searchVolume"":0},{""year"":2025,""month"":8,""searchVolume"":10}]"
neschopenka online,ideas,true,de online drogist contact,10,,,,navigational,"[{""year"":2026,""month"":7,""searchVolume"":0},{""year"":2026,""month"":6,""searchVolume"":0},{""year"":2026,""month"":5,""searchVolume"":0},{""year"":2026,""month"":4,""searchVolume"":0},{""year"":2026,""month"":3,""searchVolume"":0},{""year"":2026,""month"":2,""searchVolume"":0},{""year"":2026,""month"":1,""searchVolume"":0},{""year"":2025,""month"":12,""searchVolume"":0},{""year"":2025,""month"":11,""searchVolume"":0},{""year"":2025,""month"":10,""searchVolume"":0},{""year"":2025,""month"":9,""searchVolume"":10},{""year"":2025,""month"":8,""searchVolume"":0}]"
neschopenka online,ideas,true,genové klíče výpočet online,10,,,0,transactional,"[{""year"":2026,""month"":7,""searchVolume"":30},{""year"":2026,""month"":6,""searchVolume"":10},{""year"":2026,""month"":5,""searchVolume"":20},{""year"":2026,""month"":4,""searchVolume"":20},{""year"":2026,""month"":3,""searchVolume"":20},{""year"":2026,""month"":2,""searchVolume"":40},{""year"":2026,""month"":1,""searchVolume"":0},{""year"":2025,""month"":12,""searchVolume"":0},{""year"":2025,""month"":11,""searchVolume"":0},{""year"":2025,""month"":10,""searchVolume"":0},{""year"":2025,""month"":9,""searchVolume"":0},{""year"":2025,""month"":8,""searchVolume"":0}]"
neschopenka online,ideas,true,doktoři bez hranic online,10,,,,informational,"[{""year"":2026,""month"":7,""searchVolume"":0},{""year"":2026,""month"":6,""searchVolume"":10},{""year"":2026,""month"":5,""searchVolume"":10},{""year"":2026,""month"":4,""searchVolume"":10},{""year"":2026,""month"":3,""searchVolume"":10},{""year"":2026,""month"":2,""searchVolume"":10},{""year"":2026,""month"":1,""searchVolume"":10},{""year"":2025,""month"":12,""searchVolume"":10},{""year"":2025,""month"":11,""searchVolume"":10},{""year"":2025,""month"":10,""searchVolume"":10},{""year"":2025,""month"":9,""searchVolume"":10},{""year"":2025,""month"":8,""searchVolume"":10}]"
neschopenka online,ideas,true,základ rodiny online cz,10,,,0,navigational,"[{""year"":2026,""month"":7,""searchVolume"":10},{""year"":2026,""month"":6,""searchVolume"":0},{""year"":2026,""month"":5,""searchVolume"":10},{""year"":2026,""month"":4,""searchVolume"":0},{""year"":2026,""month"":3,""searchVolume"":0},{""year"":2026,""month"":2,""searchVolume"":10},{""year"":2026,""month"":1,""searchVolume"":10},{""year"":2025,""month"":12,""searchVolume"":20},{""year"":2025,""month"":11,""searchVolume"":50},{""year"":2025,""month"":10,""searchVolume"":40},{""year"":2025,""month"":9,""searchVolume"":10},{""year"":2025,""month"":8,""searchVolume"":10}]"
neschopenka online,ideas,true,the eye online cz,10,,,0,navigational,"[{""year"":2026,""month"":7,""searchVolume"":10},{""year"":2026,""month"":6,""searchVolume"":10},{""year"":2026,""month"":5,""searchVolume"":10},{""year"":2026,""month"":4,""searchVolume"":10},{""year"":2026,""month"":3,""searchVolume"":10},{""year"":2026,""month"":2,""searchVolume"":10},{""year"":2026,""month"":1,""searchVolume"":10},{""year"":2025,""month"":12,""searchVolume"":10},{""year"":2025,""month"":11,""searchVolume"":10},{""year"":2025,""month"":10,""searchVolume"":10},{""year"":2025,""month"":9,""searchVolume"":10},{""year"":2025,""month"":8,""searchVolume"":10}]"
neschopenka online,ideas,true,poradna online zdarma doktor,10,39,,,transactional,"[{""year"":2026,""month"":7,""searchVolume"":0},{""year"":2026,""month"":6,""searchVolume"":0},{""year"":2026,""month"":5,""searchVolume"":0},{""year"":2026,""month"":4,""searchVolume"":0},{""year"":2026,""month"":3,""searchVolume"":10},{""year"":2026,""month"":2,""searchVolume"":10},{""year"":2026,""month"":1,""searchVolume"":10},{""year"":2025,""month"":12,""searchVolume"":0},{""year"":2025,""month"":11,""searchVolume"":0},{""year"":2025,""month"":10,""searchVolume"":0},{""year"":2025,""month"":9,""searchVolume"":0},{""year"":2025,""month"":8,""searchVolume"":10}]"
neschopenka online,ideas,true,dr no online cz,10,,,0,navigational,"[{""year"":2026,""month"":7,""searchVolume"":10},{""year"":2026,""month"":6,""searchVolume"":10},{""year"":2026,""month"":5,""searchVolume"":10},{""year"":2026,""month"":4,""searchVolume"":20},{""year"":2026,""month"":3,""searchVolume"":10},{""year"":2026,""month"":2,""searchVolume"":10},{""year"":2026,""month"":1,""searchVolume"":20},{""year"":2025,""month"":12,""searchVolume"":20},{""year"":2025,""month"":11,""searchVolume"":10},{""year"":2025,""month"":10,""searchVolume"":10},{""year"":2025,""month"":9,""searchVolume"":30},{""year"":2025,""month"":8,""searchVolume"":10}]"
neschopenka online,ideas,true,konzultace s psychologem online,10,39,,,transactional,"[{""year"":2026,""month"":7,""searchVolume"":0},{""year"":2026,""month"":6,""searchVolume"":10},{""year"":2026,""month"":5,""searchVolume"":0},{""year"":2026,""month"":4,""searchVolume"":10},{""year"":2026,""month"":3,""searchVolume"":10},{""year"":2026,""month"":2,""searchVolume"":0},{""year"":2026,""month"":1,""searchVolume"":0},{""year"":2025,""month"":12,""searchVolume"":10},{""year"":2025,""month"":11,""searchVolume"":10},{""year"":2025,""month"":10,""searchVolume"":0},{""year"":2025,""month"":9,""searchVolume"":10},{""year"":2025,""month"":8,""searchVolume"":10}]"
neschopenka online,ideas,true,nemocnica online ke shlédnutí,10,,,,navigational,"[{""year"":2026,""month"":7,""searchVolume"":0},{""year"":2026,""month"":6,""searchVolume"":0},{""year"":2026,""month"":5,""searchVolume"":0},{""year"":2026,""month"":4,""searchVolume"":10},{""year"":2026,""month"":3,""searchVolume"":10},{""year"":2026,""month"":2,""searchVolume"":0},{""year"":2026,""month"":1,""searchVolume"":0},{""year"":2025,""month"":12,""searchVolume"":10},{""year"":2025,""month"":11,""searchVolume"":10},{""year"":2025,""month"":10,""searchVolume"":0},{""year"":2025,""month"":9,""searchVolume"":0},{""year"":2025,""month"":8,""searchVolume"":0}]"
neschopenka online,ideas,true,www jurnal md online,10,,,0,navigational,"[{""year"":2026,""month"":7,""searchVolume"":10},{""year"":2026,""month"":6,""searchVolume"":10},{""year"":2026,""month"":5,""searchVolume"":0},{""year"":2026,""month"":4,""searchVolume"":0},{""year"":2026,""month"":3,""searchVolume"":0},{""year"":2026,""month"":2,""searchVolume"":0},{""year"":2026,""month"":1,""searchVolume"":10},{""year"":2025,""month"":12,""searchVolume"":0},{""year"":2025,""month"":11,""searchVolume"":0},{""year"":2025,""month"":10,""searchVolume"":0},{""year"":2025,""month"":9,""searchVolume"":0},{""year"":2025,""month"":8,""searchVolume"":0}]"
neschopenka online,ideas,true,plodné dny výpočet online,10,47,,,informational,"[{""year"":2026,""month"":7,""searchVolume"":0},{""year"":2026,""month"":6,""searchVolume"":0},{""year"":2026,""month"":5,""searchVolume"":0},{""year"":2026,""month"":4,""searchVolume"":0},{""year"":2026,""month"":3,""searchVolume"":0},{""year"":2026,""month"":2,""searchVolume"":10},{""year"":2026,""month"":1,""searchVolume"":10},{""year"":2025,""month"":12,""searchVolume"":0},{""year"":2025,""month"":11,""searchVolume"":0},{""year"":2025,""month"":10,""searchVolume"":0},{""year"":2025,""month"":9,""searchVolume"":0},{""year"":2025,""month"":8,""searchVolume"":10}]"
neschopenka online,ideas,true,farmasi katalog online cz,10,37,,,navigational,"[{""year"":2026,""month"":7,""searchVolume"":0},{""year"":2026,""month"":6,""searchVolume"":0},{""year"":2026,""month"":5,""searchVolume"":0},{""year"":2026,""month"":4,""searchVolume"":0},{""year"":2026,""month"":3,""searchVolume"":0},{""year"":2026,""month"":2,""searchVolume"":0},{""year"":2026,""month"":1,""searchVolume"":0},{""year"":2025,""month"":12,""searchVolume"":0},{""year"":2025,""month"":11,""searchVolume"":0},{""year"":2025,""month"":10,""searchVolume"":0},{""year"":2025,""month"":9,""searchVolume"":0},{""year"":2025,""month"":8,""searchVolume"":10}]"
neschopenka online,ideas,true,plastická chirurgie sro online,10,,,0,navigational,"[{""year"":2026,""month"":7,""searchVolume"":10},{""year"":2026,""month"":6,""searchVolume"":10},{""year"":2026,""month"":5,""searchVolume"":10},{""year"":2026,""month"":4,""searchVolume"":10},{""year"":2026,""month"":3,""searchVolume"":10},{""year"":2026,""month"":2,""searchVolume"":10},{""year"":2026,""month"":1,""searchVolume"":10},{""year"":2025,""month"":12,""searchVolume"":10},{""year"":2025,""month"":11,""searchVolume"":10},{""year"":2025,""month"":10,""searchVolume"":10},{""year"":2025,""month"":9,""searchVolume"":10},{""year"":2025,""month"":8,""searchVolume"":10}]"
neschopenka online,ideas,true,vymena manzelek 12.9 online,10,,,0,navigational,"[{""year"":2026,""month"":7,""searchVolume"":10},{""year"":2026,""month"":6,""searchVolume"":0},{""year"":2026,""month"":5,""searchVolume"":0},{""year"":2026,""month"":4,""searchVolume"":0},{""year"":2026,""month"":3,""searchVolume"":10},{""year"":2026,""month"":2,""searchVolume"":10},{""year"":2026,""month"":1,""searchVolume"":0},{""year"":2025,""month"":12,""searchVolume"":0},{""year"":2025,""month"":11,""searchVolume"":0},{""year"":2025,""month"":10,""searchVolume"":0},{""year"":2025,""month"":9,""searchVolume"":0},{""year"":2025,""month"":8,""searchVolume"":0}]"
neschopenka online,ideas,true,co je vam doktore online,10,,,0.05,informational,"[{""year"":2026,""month"":7,""searchVolume"":10},{""year"":2026,""month"":6,""searchVolume"":10},{""year"":2026,""month"":5,""searchVolume"":10},{""year"":2026,""month"":4,""searchVolume"":20},{""year"":2026,""month"":3,""searchVolume"":40},{""year"":2026,""month"":2,""searchVolume"":10},{""year"":2026,""month"":1,""searchVolume"":10},{""year"":2025,""month"":12,""searchVolume"":10},{""year"":2025,""month"":11,""searchVolume"":10},{""year"":2025,""month"":10,""searchVolume"":10},{""year"":2025,""month"":9,""searchVolume"":10},{""year"":2025,""month"":8,""searchVolume"":10}]"
neschopenka online,ideas,true,měření alkoholu v krvi online,10,,,0,transactional,"[{""year"":2026,""month"":7,""searchVolume"":10},{""year"":2026,""month"":6,""searchVolume"":10},{""year"":2026,""month"":5,""searchVolume"":10},{""year"":2026,""month"":4,""searchVolume"":10},{""year"":2026,""month"":3,""searchVolume"":0},{""year"":2026,""month"":2,""searchVolume"":0},{""year"":2026,""month"":1,""searchVolume"":0},{""year"":2025,""month"":12,""searchVolume"":0},{""year"":2025,""month"":11,""searchVolume"":0},{""year"":2025,""month"":10,""searchVolume"":10},{""year"":2025,""month"":9,""searchVolume"":0},{""year"":2025,""month"":8,""searchVolume"":0}]"
neschopenka online,ideas,true,vzp online objednání praha 8,10,,,0,transactional,"[{""year"":2026,""month"":7,""searchVolume"":40},{""year"":2026,""month"":6,""searchVolume"":20},{""year"":2026,""month"":5,""searchVolume"":20},{""year"":2026,""month"":4,""searchVolume"":40},{""year"":2026,""month"":3,""searchVolume"":20},{""year"":2026,""month"":2,""searchVolume"":20},{""year"":2026,""month"":1,""searchVolume"":0},{""year"":2025,""month"":12,""searchVolume"":0},{""year"":2025,""month"":11,""searchVolume"":0},{""year"":2025,""month"":10,""searchVolume"":0},{""year"":2025,""month"":9,""searchVolume"":0},{""year"":2025,""month"":8,""searchVolume"":0}]"
neschopenka online,ideas,true,eye contact bl online cz,10,,,,navigational,"[{""year"":2026,""month"":7,""searchVolume"":0},{""year"":2026,""month"":6,""searchVolume"":0},{""year"":2026,""month"":5,""searchVolume"":10},{""year"":2026,""month"":4,""searchVolume"":10},{""year"":2026,""month"":3,""searchVolume"":0},{""year"":2026,""month"":2,""searchVolume"":0},{""year"":2026,""month"":1,""searchVolume"":10},{""year"":2025,""month"":12,""searchVolume"":10},{""year"":2025,""month"":11,""searchVolume"":10},{""year"":2025,""month"":10,""searchVolume"":10},{""year"":2025,""month"":9,""searchVolume"":10},{""year"":2025,""month"":8,""searchVolume"":20}]"
neschopenka online,ideas,true,lajna 9 díl postup online,10,,,,informational,"[{""year"":2026,""month"":7,""searchVolume"":0},{""year"":2026,""month"":6,""searchVolume"":0},{""year"":2026,""month"":5,""searchVolume"":0},{""year"":2026,""month"":4,""searchVolume"":0},{""year"":2026,""month"":3,""searchVolume"":0},{""year"":2026,""month"":2,""searchVolume"":0},{""year"":2026,""month"":1,""searchVolume"":10},{""year"":2025,""month"":12,""searchVolume"":10},{""year"":2025,""month"":11,""searchVolume"":0},{""year"":2025,""month"":10,""searchVolume"":0},{""year"":2025,""month"":9,""searchVolume"":0},{""year"":2025,""month"":8,""searchVolume"":0}]"
neschopenka online,ideas,true,potraviny a výživa učebnice online,10,,,0.43,informational,"[{""year"":2026,""month"":7,""searchVolume"":10},{""year"":2026,""month"":6,""searchVolume"":10},{""year"":2026,""month"":5,""searchVolume"":10},{""year"":2026,""month"":4,""searchVolume"":10},{""year"":2026,""month"":3,""searchVolume"":10},{""year"":2026,""month"":2,""searchVolume"":10},{""year"":2026,""month"":1,""searchVolume"":10},{""year"":2025,""month"":12,""searchVolume"":10},{""year"":2025,""month"":11,""searchVolume"":10},{""year"":2025,""month"":10,""searchVolume"":10},{""year"":2025,""month"":9,""searchVolume"":20},{""year"":2025,""month"":8,""searchVolume"":10}]"
neschopenka online,ideas,true,zelená lékárna prima zoom online,10,,,,navigational,"[{""year"":2026,""month"":7,""searchVolume"":0},{""year"":2026,""month"":6,""searchVolume"":0},{""year"":2026,""month"":5,""searchVolume"":0},{""year"":2026,""month"":4,""searchVolume"":0},{""year"":2026,""month"":3,""searchVolume"":0},{""year"":2026,""month"":2,""searchVolume"":10},{""year"":2026,""month"":1,""searchVolume"":10},{""year"":2025,""month"":12,""searchVolume"":0},{""year"":2025,""month"":11,""searchVolume"":0},{""year"":2025,""month"":10,""searchVolume"":0},{""year"":2025,""month"":9,""searchVolume"":0},{""year"":2025,""month"":8,""searchVolume"":0}]"
neschopenka online,ideas,true,qi-na vše máme odpověď online,10,,,0,informational,"[{""year"":2026,""month"":7,""searchVolume"":10},{""year"":2026,""month"":6,""searchVolume"":10},{""year"":2026,""month"":5,""searchVolume"":10},{""year"":2026,""month"":4,""searchVolume"":10},{""year"":2026,""month"":3,""searchVolume"":10},{""year"":2026,""month"":2,""searchVolume"":10},{""year"":2026,""month"":1,""searchVolume"":10},{""year"":2025,""month"":12,""searchVolume"":90},{""year"":2025,""month"":11,""searchVolume"":10},{""year"":2025,""month"":10,""searchVolume"":10},{""year"":2025,""month"":9,""searchVolume"":10},{""year"":2025,""month"":8,""searchVolume"":10}]"
neschopenka online,ideas,true,datum narození z rodného čísla online,10,36,,0,informational,"[{""year"":2026,""month"":7,""searchVolume"":10},{""year"":2026,""month"":6,""searchVolume"":10},{""year"":2026,""month"":5,""searchVolume"":10},{""year"":2026,""month"":4,""searchVolume"":10},{""year"":2026,""month"":3,""searchVolume"":10},{""year"":2026,""month"":2,""searchVolume"":10},{""year"":2026,""month"":1,""searchVolume"":10},{""year"":2025,""month"":12,""searchVolume"":10},{""year"":2025,""month"":11,""searchVolume"":10},{""year"":2025,""month"":10,""searchVolume"":10},{""year"":2025,""month"":9,""searchVolume"":10},{""year"":2025,""month"":8,""searchVolume"":10}]"
neschopenka online,ideas,true,jak funguje neschopenka,210,18,,0.03,informational,"[{""year"":2026,""month"":7,""searchVolume"":140},{""year"":2026,""month"":6,""searchVolume"":140},{""year"":2026,""month"":5,""searchVolume"":140},{""year"":2026,""month"":4,""searchVolume"":170},{""year"":2026,""month"":3,""searchVolume"":260},{""year"":2026,""month"":2,""searchVolume"":260},{""year"":2026,""month"":1,""searchVolume"":320},{""year"":2025,""month"":12,""searchVolume"":210},{""year"":2025,""month"":11,""searchVolume"":210},{""year"":2025,""month"":10,""searchVolume"":320},{""year"":2025,""month"":9,""searchVolume"":260},{""year"":2025,""month"":8,""searchVolume"":140}]"
neschopenka online,ideas,true,borelióza neschopenka,90,0,,0,informational,"[{""year"":2026,""month"":7,""searchVolume"":140},{""year"":2026,""month"":6,""searchVolume"":110},{""year"":2026,""month"":5,""searchVolume"":70},{""year"":2026,""month"":4,""searchVolume"":50},{""year"":2026,""month"":3,""searchVolume"":70},{""year"":2026,""month"":2,""searchVolume"":30},{""year"":2026,""month"":1,""searchVolume"":50},{""year"":2025,""month"":12,""searchVolume"":40},{""year"":2025,""month"":11,""searchVolume"":70},{""year"":2025,""month"":10,""searchVolume"":90},{""year"":2025,""month"":9,""searchVolume"":140},{""year"":2025,""month"":8,""searchVolume"":170}]"
neschopenka online,ideas,true,dlouhodobá neschopenka,70,3,,0.04,informational,"[{""year"":2026,""month"":7,""searchVolume"":40},{""year"":2026,""month"":6,""searchVolume"":40},{""year"":2026,""month"":5,""searchVolume"":50},{""year"":2026,""month"":4,""searchVolume"":50},{""year"":2026,""month"":3,""searchVolume"":70},{""year"":2026,""month"":2,""searchVolume"":70},{""year"":2026,""month"":1,""searchVolume"":70},{""year"":2025,""month"":12,""searchVolume"":50},{""year"":2025,""month"":11,""searchVolume"":90},{""year"":2025,""month"":10,""searchVolume"":70},{""year"":2025,""month"":9,""searchVolume"":70},{""year"":2025,""month"":8,""searchVolume"":70}]"
neschopenka online,ideas,true,navazující neschopenka,20,,,0,informational,"[{""year"":2026,""month"":7,""searchVolume"":10},{""year"":2026,""month"":6,""searchVolume"":20},{""year"":2026,""month"":5,""searchVolume"":20},{""year"":2026,""month"":4,""searchVolume"":20},{""year"":2026,""month"":3,""searchVolume"":20},{""year"":2026,""month"":2,""searchVolume"":20},{""year"":2026,""month"":1,""searchVolume"":20},{""year"":2025,""month"":12,""searchVolume"":10},{""year"":2025,""month"":11,""searchVolume"":30},{""year"":2025,""month"":10,""searchVolume"":30},{""year"":2025,""month"":9,""searchVolume"":20},{""year"":2025,""month"":8,""searchVolume"":20}]"
neschopenka online,ideas,true,jednodenní neschopenka,,0,,,informational,"[{""year"":2026,""month"":6,""searchVolume"":0},{""year"":2026,""month"":5,""searchVolume"":0},{""year"":2026,""month"":4,""searchVolume"":0},{""year"":2026,""month"":3,""searchVolume"":0},{""year"":2026,""month"":2,""searchVolume"":0},{""year"":2026,""month"":1,""searchVolume"":0},{""year"":2025,""month"":12,""searchVolume"":0},{""year"":2025,""month"":11,""searchVolume"":0},{""year"":2025,""month"":10,""searchVolume"":0},{""year"":2025,""month"":9,""searchVolume"":0},{""year"":2025,""month"":8,""searchVolume"":0},{""year"":2025,""month"":7,""searchVolume"":0}]"
neschopenka online,ideas,true,chřipka neschopenka,10,,,,informational,"[{""year"":2026,""month"":7,""searchVolume"":0},{""year"":2026,""month"":6,""searchVolume"":10},{""year"":2026,""month"":5,""searchVolume"":10},{""year"":2026,""month"":4,""searchVolume"":10},{""year"":2026,""month"":3,""searchVolume"":20},{""year"":2026,""month"":2,""searchVolume"":10},{""year"":2026,""month"":1,""searchVolume"":30},{""year"":2025,""month"":12,""searchVolume"":20},{""year"":2025,""month"":11,""searchVolume"":10},{""year"":2025,""month"":10,""searchVolume"":10},{""year"":2025,""month"":9,""searchVolume"":10},{""year"":2025,""month"":8,""searchVolume"":10}]"
neschopenka online,ideas,true,neschopenka minimální doba,10,,,0,informational,"[{""year"":2026,""month"":7,""searchVolume"":10},{""year"":2026,""month"":6,""searchVolume"":10},{""year"":2026,""month"":5,""searchVolume"":10},{""year"":2026,""month"":4,""searchVolume"":10},{""year"":2026,""month"":3,""searchVolume"":10},{""year"":2026,""month"":2,""searchVolume"":10},{""year"":2026,""month"":1,""searchVolume"":20},{""year"":2025,""month"":12,""searchVolume"":10},{""year"":2025,""month"":11,""searchVolume"":10},{""year"":2025,""month"":10,""searchVolume"":20},{""year"":2025,""month"":9,""searchVolume"":20},{""year"":2025,""month"":8,""searchVolume"":10}]"
neschopenka online,ideas,true,trombóza a neschopenka,320,0,0.48,0,informational,"[{""year"":2026,""month"":7,""searchVolume"":210},{""year"":2026,""month"":6,""searchVolume"":260},{""year"":2026,""month"":5,""searchVolume"":260},{""year"":2026,""month"":4,""searchVolume"":320},{""year"":2026,""month"":3,""searchVolume"":390},{""year"":2026,""month"":2,""searchVolume"":320},{""year"":2026,""month"":1,""searchVolume"":390},{""year"":2025,""month"":12,""searchVolume"":320},{""year"":2025,""month"":11,""searchVolume"":390},{""year"":2025,""month"":10,""searchVolume"":320},{""year"":2025,""month"":9,""searchVolume"":210},{""year"":2025,""month"":8,""searchVolume"":210}]"
neschopenka online,ideas,true,tromboza a neschopenka,320,0,0.48,0,informational,"[{""year"":2026,""month"":7,""searchVolume"":210},{""year"":2026,""month"":6,""searchVolume"":260},{""year"":2026,""month"":5,""searchVolume"":260},{""year"":2026,""month"":4,""searchVolume"":320},{""year"":2026,""month"":3,""searchVolume"":390},{""year"":2026,""month"":2,""searchVolume"":320},{""year"":2026,""month"":1,""searchVolume"":390},{""year"":2025,""month"":12,""searchVolume"":320},{""year"":2025,""month"":11,""searchVolume"":390},{""year"":2025,""month"":10,""searchVolume"":320},{""year"":2025,""month"":9,""searchVolume"":210},{""year"":2025,""month"":8,""searchVolume"":210}]"
neschopenka online,ideas,true,jako jed online,20,43,,0.1,navigational,"[{""year"":2026,""month"":7,""searchVolume"":10},{""year"":2026,""month"":6,""searchVolume"":10},{""year"":2026,""month"":5,""searchVolume"":10},{""year"":2026,""month"":4,""searchVolume"":30},{""year"":2026,""month"":3,""searchVolume"":70},{""year"":2026,""month"":2,""searchVolume"":20},{""year"":2026,""month"":1,""searchVolume"":10},{""year"":2025,""month"":12,""searchVolume"":50},{""year"":2025,""month"":11,""searchVolume"":30},{""year"":2025,""month"":10,""searchVolume"":20},{""year"":2025,""month"":9,""searchVolume"":20},{""year"":2025,""month"":8,""searchVolume"":20}]"
neschopenka online,ideas,true,elektronická neschopenka 2020,0,44,,,informational,"[{""year"":2026,""month"":7,""searchVolume"":0},{""year"":2026,""month"":6,""searchVolume"":0},{""year"":2026,""month"":5,""searchVolume"":0},{""year"":2026,""month"":4,""searchVolume"":0},{""year"":2026,""month"":3,""searchVolume"":0},{""year"":2026,""month"":2,""searchVolume"":0},{""year"":2026,""month"":1,""searchVolume"":0},{""year"":2025,""month"":12,""searchVolume"":0},{""year"":2025,""month"":11,""searchVolume"":0},{""year"":2025,""month"":10,""searchVolume"":0},{""year"":2025,""month"":9,""searchVolume"":0},{""year"":2025,""month"":8,""searchVolume"":0}]"
neschopenka online,ideas,true,elektronická neschopenka covid,,,,,informational,"[{""year"":2026,""month"":5,""searchVolume"":0},{""year"":2026,""month"":4,""searchVolume"":0},{""year"":2026,""month"":3,""searchVolume"":0},{""year"":2026,""month"":2,""searchVolume"":0},{""year"":2026,""month"":1,""searchVolume"":0},{""year"":2025,""month"":12,""searchVolume"":0},{""year"":2025,""month"":11,""searchVolume"":0},{""year"":2025,""month"":10,""searchVolume"":0},{""year"":2025,""month"":9,""searchVolume"":0},{""year"":2025,""month"":8,""searchVolume"":0},{""year"":2025,""month"":7,""searchVolume"":0},{""year"":2025,""month"":6,""searchVolume"":0}]"
neschopenka online,ideas,true,elektronická neschopenka kontrola,,,,,navigational,"[{""year"":2026,""month"":5,""searchVolume"":0},{""year"":2026,""month"":4,""searchVolume"":0},{""year"":2026,""month"":3,""searchVolume"":0},{""year"":2026,""month"":2,""searchVolume"":0},{""year"":2026,""month"":1,""searchVolume"":0},{""year"":2025,""month"":12,""searchVolume"":0},{""year"":2025,""month"":11,""searchVolume"":0},{""year"":2025,""month"":10,""searchVolume"":0},{""year"":2025,""month"":9,""searchVolume"":0},{""year"":2025,""month"":8,""searchVolume"":0},{""year"":2025,""month"":7,""searchVolume"":0},{""year"":2025,""month"":6,""searchVolume"":0}]"
neschopenka online,ideas,true,elektronická neschopenka 2022,0,,,,informational,"[{""year"":2026,""month"":7,""searchVolume"":0},{""year"":2026,""month"":6,""searchVolume"":0},{""year"":2026,""month"":5,""searchVolume"":0},{""year"":2026,""month"":4,""searchVolume"":0},{""year"":2026,""month"":3,""searchVolume"":0},{""year"":2026,""month"":2,""searchVolume"":0},{""year"":2026,""month"":1,""searchVolume"":0},{""year"":2025,""month"":12,""searchVolume"":0},{""year"":2025,""month"":11,""searchVolume"":0},{""year"":2025,""month"":10,""searchVolume"":0},{""year"":2025,""month"":9,""searchVolume"":0},{""year"":2025,""month"":8,""searchVolume"":0}]"
neschopenka online,ideas,true,drogy as online cz,30,,,0,informational,"[{""year"":2026,""month"":7,""searchVolume"":40},{""year"":2026,""month"":6,""searchVolume"":30},{""year"":2026,""month"":5,""searchVolume"":10},{""year"":2026,""month"":4,""searchVolume"":30},{""year"":2026,""month"":3,""searchVolume"":50},{""year"":2026,""month"":2,""searchVolume"":10},{""year"":2026,""month"":1,""searchVolume"":30},{""year"":2025,""month"":12,""searchVolume"":30},{""year"":2025,""month"":11,""searchVolume"":40},{""year"":2025,""month"":10,""searchVolume"":40},{""year"":2025,""month"":9,""searchVolume"":20},{""year"":2025,""month"":8,""searchVolume"":20}]"
neschopenka online,ideas,true,bouřky online,170,80,,0,informational,"[{""year"":2026,""month"":7,""searchVolume"":480},{""year"":2026,""month"":6,""searchVolume"":720},{""year"":2026,""month"":5,""searchVolume"":390},{""year"":2026,""month"":4,""searchVolume"":40},{""year"":2026,""month"":3,""searchVolume"":20},{""year"":2026,""month"":2,""searchVolume"":20},{""year"":2026,""month"":1,""searchVolume"":20},{""year"":2025,""month"":12,""searchVolume"":10},{""year"":2025,""month"":11,""searchVolume"":20},{""year"":2025,""month"":10,""searchVolume"":20},{""year"":2025,""month"":9,""searchVolume"":110},{""year"":2025,""month"":8,""searchVolume"":320}]"
neschopenka online,ideas,true,vycházky neschopenka,70,0,,0.01,informational,"[{""year"":2026,""month"":7,""searchVolume"":40},{""year"":2026,""month"":6,""searchVolume"":70},{""year"":2026,""month"":5,""searchVolume"":40},{""year"":2026,""month"":4,""searchVolume"":70},{""year"":2026,""month"":3,""searchVolume"":70},{""year"":2026,""month"":2,""searchVolume"":50},{""year"":2026,""month"":1,""searchVolume"":70},{""year"":2025,""month"":12,""searchVolume"":50},{""year"":2025,""month"":11,""searchVolume"":40},{""year"":2025,""month"":10,""searchVolume"":70},{""year"":2025,""month"":9,""searchVolume"":140},{""year"":2025,""month"":8,""searchVolume"":110}]"
neschopenka online,ideas,true,doktor flastr online cz,20,,,0,navigational,"[{""year"":2026,""month"":7,""searchVolume"":10},{""year"":2026,""month"":6,""searchVolume"":10},{""year"":2026,""month"":5,""searchVolume"":10},{""year"":2026,""month"":4,""searchVolume"":10},{""year"":2026,""month"":3,""searchVolume"":10},{""year"":2026,""month"":2,""searchVolume"":0},{""year"":2026,""month"":1,""searchVolume"":10},{""year"":2025,""month"":12,""searchVolume"":10},{""year"":2025,""month"":11,""searchVolume"":30},{""year"":2025,""month"":10,""searchVolume"":50},{""year"":2025,""month"":9,""searchVolume"":90},{""year"":2025,""month"":8,""searchVolume"":20}]"
neschopenka online,ideas,true,faktor strachu online,50,0,,0,informational,"[{""year"":2026,""month"":7,""searchVolume"":40},{""year"":2026,""month"":6,""searchVolume"":50},{""year"":2026,""month"":5,""searchVolume"":50},{""year"":2026,""month"":4,""searchVolume"":70},{""year"":2026,""month"":3,""searchVolume"":110},{""year"":2026,""month"":2,""searchVolume"":90},{""year"":2026,""month"":1,""searchVolume"":40},{""year"":2025,""month"":12,""searchVolume"":90},{""year"":2025,""month"":11,""searchVolume"":20},{""year"":2025,""month"":10,""searchVolume"":10},{""year"":2025,""month"":9,""searchVolume"":50},{""year"":2025,""month"":8,""searchVolume"":20}]"
neschopenka online,ideas,true,výron kotníku neschopenka,90,0,,0,informational,"[{""year"":2026,""month"":7,""searchVolume"":90},{""year"":2026,""month"":6,""searchVolume"":70},{""year"":2026,""month"":5,""searchVolume"":70},{""year"":2026,""month"":4,""searchVolume"":110},{""year"":2026,""month"":3,""searchVolume"":90},{""year"":2026,""month"":2,""searchVolume"":90},{""year"":2026,""month"":1,""searchVolume"":90},{""year"":2025,""month"":12,""searchVolume"":70},{""year"":2025,""month"":11,""searchVolume"":90},{""year"":2025,""month"":10,""searchVolume"":90},{""year"":2025,""month"":9,""searchVolume"":90},{""year"":2025,""month"":8,""searchVolume"":110}]"
neschopenka online,ideas,true,nenavist online cz,10,,,0,navigational,"[{""year"":2026,""month"":7,""searchVolume"":10},{""year"":2026,""month"":6,""searchVolume"":10},{""year"":2026,""month"":5,""searchVolume"":10},{""year"":2026,""month"":4,""searchVolume"":10},{""year"":2026,""month"":3,""searchVolume"":10},{""year"":2026,""month"":2,""searchVolume"":10},{""year"":2026,""month"":1,""searchVolume"":10},{""year"":2025,""month"":12,""searchVolume"":10},{""year"":2025,""month"":11,""searchVolume"":10},{""year"":2025,""month"":10,""searchVolume"":10},{""year"":2025,""month"":9,""searchVolume"":10},{""year"":2025,""month"":8,""searchVolume"":10}]"
neschopenka online,ideas,true,faktor strachu online cz,50,0,,0,navigational,"[{""year"":2026,""month"":7,""searchVolume"":10},{""year"":2026,""month"":6,""searchVolume"":10},{""year"":2026,""month"":5,""searchVolume"":10},{""year"":2026,""month"":4,""searchVolume"":20},{""year"":2026,""month"":3,""searchVolume"":10},{""year"":2026,""month"":2,""searchVolume"":20},{""year"":2026,""month"":1,""searchVolume"":140},{""year"":2025,""month"":12,""searchVolume"":50},{""year"":2025,""month"":11,""searchVolume"":70},{""year"":2025,""month"":10,""searchVolume"":90},{""year"":2025,""month"":9,""searchVolume"":90},{""year"":2025,""month"":8,""searchVolume"":110}]"
neschopenka online,ideas,true,dech života online cz,,,,,informational,"[{""year"":2026,""month"":5,""searchVolume"":0},{""year"":2026,""month"":4,""searchVolume"":0},{""year"":2026,""month"":3,""searchVolume"":0},{""year"":2026,""month"":2,""searchVolume"":0},{""year"":2026,""month"":1,""searchVolume"":0},{""year"":2025,""month"":12,""searchVolume"":0},{""year"":2025,""month"":11,""searchVolume"":0},{""year"":2025,""month"":10,""searchVolume"":0},{""year"":2025,""month"":9,""searchVolume"":0},{""year"":2025,""month"":8,""searchVolume"":0},{""year"":2025,""month"":7,""searchVolume"":0},{""year"":2025,""month"":6,""searchVolume"":0}]"
neschopenka online,ideas,true,nachlazení neschopenka,30,,,0,informational,"[{""year"":2026,""month"":7,""searchVolume"":10},{""year"":2026,""month"":6,""searchVolume"":10},{""year"":2026,""month"":5,""searchVolume"":20},{""year"":2026,""month"":4,""searchVolume"":20},{""year"":2026,""month"":3,""searchVolume"":40},{""year"":2026,""month"":2,""searchVolume"":40},{""year"":2026,""month"":1,""searchVolume"":30},{""year"":2025,""month"":12,""searchVolume"":30},{""year"":2025,""month"":11,""searchVolume"":30},{""year"":2025,""month"":10,""searchVolume"":30},{""year"":2025,""month"":9,""searchVolume"":40},{""year"":2025,""month"":8,""searchVolume"":10}]"
neschopenka online,ideas,true,morke online cz,,,,,navigational,"[{""year"":2026,""month"":5,""searchVolume"":0},{""year"":2026,""month"":4,""searchVolume"":0},{""year"":2026,""month"":3,""searchVolume"":0},{""year"":2026,""month"":2,""searchVolume"":0},{""year"":2026,""month"":1,""searchVolume"":0},{""year"":2025,""month"":12,""searchVolume"":0},{""year"":2025,""month"":11,""searchVolume"":0},{""year"":2025,""month"":10,""searchVolume"":0},{""year"":2025,""month"":9,""searchVolume"":0},{""year"":2025,""month"":8,""searchVolume"":0},{""year"":2025,""month"":7,""searchVolume"":0},{""year"":2025,""month"":6,""searchVolume"":0}]"
neschopenka online,ideas,true,stav vyčerpání neschopenka,50,2,,0,informational,"[{""year"":2026,""month"":7,""searchVolume"":10},{""year"":2026,""month"":6,""searchVolume"":10},{""year"":2026,""month"":5,""searchVolume"":30},{""year"":2026,""month"":4,""searchVolume"":20},{""year"":2026,""month"":3,""searchVolume"":90},{""year"":2026,""month"":2,""searchVolume"":50},{""year"":2026,""month"":1,""searchVolume"":70},{""year"":2025,""month"":12,""searchVolume"":40},{""year"":2025,""month"":11,""searchVolume"":70},{""year"":2025,""month"":10,""searchVolume"":90},{""year"":2025,""month"":9,""searchVolume"":90},{""year"":2025,""month"":8,""searchVolume"":50}]"
neschopenka online,ideas,true,neschopenka na jeden den,70,0,,0,informational,"[{""year"":2026,""month"":7,""searchVolume"":50},{""year"":2026,""month"":6,""searchVolume"":90},{""year"":2026,""month"":5,""searchVolume"":90},{""year"":2026,""month"":4,""searchVolume"":110},{""year"":2026,""month"":3,""searchVolume"":70},{""year"":2026,""month"":2,""searchVolume"":70},{""year"":2026,""month"":1,""searchVolume"":50},{""year"":2025,""month"":12,""searchVolume"":90},{""year"":2025,""month"":11,""searchVolume"":70},{""year"":2025,""month"":10,""searchVolume"":110},{""year"":2025,""month"":9,""searchVolume"":70},{""year"":2025,""month"":8,""searchVolume"":70}]"
neschopenka online,ideas,true,neschopenka po hysterektomii,40,0,,0,informational,"[{""year"":2026,""month"":7,""searchVolume"":20},{""year"":2026,""month"":6,""searchVolume"":30},{""year"":2026,""month"":5,""searchVolume"":30},{""year"":2026,""month"":4,""searchVolume"":50},{""year"":2026,""month"":3,""searchVolume"":70},{""year"":2026,""month"":2,""searchVolume"":50},{""year"":2026,""month"":1,""searchVolume"":50},{""year"":2025,""month"":12,""searchVolume"":30},{""year"":2025,""month"":11,""searchVolume"":50},{""year"":2025,""month"":10,""searchVolume"":20},{""year"":2025,""month"":9,""searchVolume"":30},{""year"":2025,""month"":8,""searchVolume"":10}]"
neschopenka online,ideas,true,neschopenka ukončení,20,44,,0,informational,"[{""year"":2026,""month"":7,""searchVolume"":10},{""year"":2026,""month"":6,""searchVolume"":10},{""year"":2026,""month"":5,""searchVolume"":10},{""year"":2026,""month"":4,""searchVolume"":10},{""year"":2026,""month"":3,""searchVolume"":30},{""year"":2026,""month"":2,""searchVolume"":30},{""year"":2026,""month"":1,""searchVolume"":30},{""year"":2025,""month"":12,""searchVolume"":20},{""year"":2025,""month"":11,""searchVolume"":20},{""year"":2025,""month"":10,""searchVolume"":20},{""year"":2025,""month"":9,""searchVolume"":10},{""year"":2025,""month"":8,""searchVolume"":20}]"
neschopenka online,ideas,true,kontrola neschopenka,20,5,,0,informational,"[{""year"":2026,""month"":7,""searchVolume"":30},{""year"":2026,""month"":6,""searchVolume"":20},{""year"":2026,""month"":5,""searchVolume"":20},{""year"":2026,""month"":4,""searchVolume"":10},{""year"":2026,""month"":3,""searchVolume"":30},{""year"":2026,""month"":2,""searchVolume"":20},{""year"":2026,""month"":1,""searchVolume"":10},{""year"":2025,""month"":12,""searchVolume"":20},{""year"":2025,""month"":11,""searchVolume"":20},{""year"":2025,""month"":10,""searchVolume"":20},{""year"":2025,""month"":9,""searchVolume"":20},{""year"":2025,""month"":8,""searchVolume"":20}]"
neschopenka online,ideas,true,eportál neschopenka,20,,,0,navigational,"[{""year"":2026,""month"":7,""searchVolume"":10},{""year"":2026,""month"":6,""searchVolume"":10},{""year"":2026,""month"":5,""searchVolume"":10},{""year"":2026,""month"":4,""searchVolume"":10},{""year"":2026,""month"":3,""searchVolume"":10},{""year"":2026,""month"":2,""searchVolume"":20},{""year"":2026,""month"":1,""searchVolume"":20},{""year"":2025,""month"":12,""searchVolume"":20},{""year"":2025,""month"":11,""searchVolume"":10},{""year"":2025,""month"":10,""searchVolume"":30},{""year"":2025,""month"":9,""searchVolume"":30},{""year"":2025,""month"":8,""searchVolume"":20}]"
neschopenka online,ideas,true,péče o osobu blízkou a neschopenka,90,0,,0,informational,"[{""year"":2026,""month"":7,""searchVolume"":50},{""year"":2026,""month"":6,""searchVolume"":70},{""year"":2026,""month"":5,""searchVolume"":70},{""year"":2026,""month"":4,""searchVolume"":70},{""year"":2026,""month"":3,""searchVolume"":110},{""year"":2026,""month"":2,""searchVolume"":70},{""year"":2026,""month"":1,""searchVolume"":110},{""year"":2025,""month"":12,""searchVolume"":70},{""year"":2025,""month"":11,""searchVolume"":90},{""year"":2025,""month"":10,""searchVolume"":90},{""year"":2025,""month"":9,""searchVolume"":110},{""year"":2025,""month"":8,""searchVolume"":110}]"
neschopenka online,ideas,true,očr nebo neschopenka,30,0,,0,informational,"[{""year"":2026,""month"":7,""searchVolume"":10},{""year"":2026,""month"":6,""searchVolume"":10},{""year"":2026,""month"":5,""searchVolume"":20},{""year"":2026,""month"":4,""searchVolume"":30},{""year"":2026,""month"":3,""searchVolume"":30},{""year"":2026,""month"":2,""searchVolume"":40},{""year"":2026,""month"":1,""searchVolume"":50},{""year"":2025,""month"":12,""searchVolume"":50},{""year"":2025,""month"":11,""searchVolume"":40},{""year"":2025,""month"":10,""searchVolume"":40},{""year"":2025,""month"":9,""searchVolume"":10},{""year"":2025,""month"":8,""searchVolume"":10}]"
neschopenka online,ideas,true,bezmocná online,20,42,,0,informational,"[{""year"":2026,""month"":7,""searchVolume"":20},{""year"":2026,""month"":6,""searchVolume"":20},{""year"":2026,""month"":5,""searchVolume"":10},{""year"":2026,""month"":4,""searchVolume"":20},{""year"":2026,""month"":3,""searchVolume"":20},{""year"":2026,""month"":2,""searchVolume"":20},{""year"":2026,""month"":1,""searchVolume"":30},{""year"":2025,""month"":12,""searchVolume"":10},{""year"":2025,""month"":11,""searchVolume"":10},{""year"":2025,""month"":10,""searchVolume"":20},{""year"":2025,""month"":9,""searchVolume"":20},{""year"":2025,""month"":8,""searchVolume"":20}]"
neschopenka online,ideas,true,moudrost traumatu online,50,0,,0,informational,"[{""year"":2026,""month"":7,""searchVolume"":20},{""year"":2026,""month"":6,""searchVolume"":20},{""year"":2026,""month"":5,""searchVolume"":30},{""year"":2026,""month"":4,""searchVolume"":40},{""year"":2026,""month"":3,""searchVolume"":70},{""year"":2026,""month"":2,""searchVolume"":110},{""year"":2026,""month"":1,""searchVolume"":210},{""year"":2025,""month"":12,""searchVolume"":30},{""year"":2025,""month"":11,""searchVolume"":30},{""year"":2025,""month"":10,""searchVolume"":40},{""year"":2025,""month"":9,""searchVolume"":70},{""year"":2025,""month"":8,""searchVolume"":40}]"
neschopenka online,ideas,true,úzkost neschopenka,10,,,0.08,informational,"[{""year"":2026,""month"":7,""searchVolume"":10},{""year"":2026,""month"":6,""searchVolume"":10},{""year"":2026,""month"":5,""searchVolume"":20},{""year"":2026,""month"":4,""searchVolume"":10},{""year"":2026,""month"":3,""searchVolume"":10},{""year"":2026,""month"":2,""searchVolume"":10},{""year"":2026,""month"":1,""searchVolume"":20},{""year"":2025,""month"":12,""searchVolume"":10},{""year"":2025,""month"":11,""searchVolume"":20},{""year"":2025,""month"":10,""searchVolume"":0},{""year"":2025,""month"":9,""searchVolume"":0},{""year"":2025,""month"":8,""searchVolume"":0}]"
neschopenka online,ideas,true,neschopenka po potratu,20,,,0,informational,"[{""year"":2026,""month"":7,""searchVolume"":10},{""year"":2026,""month"":6,""searchVolume"":10},{""year"":2026,""month"":5,""searchVolume"":10},{""year"":2026,""month"":4,""searchVolume"":10},{""year"":2026,""month"":3,""searchVolume"":10},{""year"":2026,""month"":2,""searchVolume"":20},{""year"":2026,""month"":1,""searchVolume"":20},{""year"":2025,""month"":12,""searchVolume"":20},{""year"":2025,""month"":11,""searchVolume"":10},{""year"":2025,""month"":10,""searchVolume"":20},{""year"":2025,""month"":9,""searchVolume"":30},{""year"":2025,""month"":8,""searchVolume"":20}]"
neschopenka online,ideas,true,těhotenství neschopenka,10,0,,0,informational,"[{""year"":2026,""month"":7,""searchVolume"":10},{""year"":2026,""month"":6,""searchVolume"":10},{""year"":2026,""month"":5,""searchVolume"":10},{""year"":2026,""month"":4,""searchVolume"":10},{""year"":2026,""month"":3,""searchVolume"":10},{""year"":2026,""month"":2,""searchVolume"":10},{""year"":2026,""month"":1,""searchVolume"":10},{""year"":2025,""month"":12,""searchVolume"":10},{""year"":2025,""month"":11,""searchVolume"":10},{""year"":2025,""month"":10,""searchVolume"":10},{""year"":2025,""month"":9,""searchVolume"":10},{""year"":2025,""month"":8,""searchVolume"":10}]"
neschopenka online,ideas,true,psychiatr neschopenka,10,,,0,informational,"[{""year"":2026,""month"":7,""searchVolume"":10},{""year"":2026,""month"":6,""searchVolume"":10},{""year"":2026,""month"":5,""searchVolume"":10},{""year"":2026,""month"":4,""searchVolume"":10},{""year"":2026,""month"":3,""searchVolume"":10},{""year"":2026,""month"":2,""searchVolume"":10},{""year"":2026,""month"":1,""searchVolume"":10},{""year"":2025,""month"":12,""searchVolume"":10},{""year"":2025,""month"":11,""searchVolume"":20},{""year"":2025,""month"":10,""searchVolume"":20},{""year"":2025,""month"":9,""searchVolume"":30},{""year"":2025,""month"":8,""searchVolume"":10}]"
neschopenka online,ideas,true,neschopenka 2018,10,,,,informational,"[{""year"":2026,""month"":7,""searchVolume"":0},{""year"":2026,""month"":6,""searchVolume"":0},{""year"":2026,""month"":5,""searchVolume"":0},{""year"":2026,""month"":4,""searchVolume"":0},{""year"":2026,""month"":3,""searchVolume"":0},{""year"":2026,""month"":2,""searchVolume"":0},{""year"":2026,""month"":1,""searchVolume"":10},{""year"":2025,""month"":12,""searchVolume"":0},{""year"":2025,""month"":11,""searchVolume"":10},{""year"":2025,""month"":10,""searchVolume"":0},{""year"":2025,""month"":9,""searchVolume"":0},{""year"":2025,""month"":8,""searchVolume"":0}]"
neschopenka online,ideas,true,pohotovost neschopenka,10,,,0,informational,"[{""year"":2026,""month"":7,""searchVolume"":10},{""year"":2026,""month"":6,""searchVolume"":10},{""year"":2026,""month"":5,""searchVolume"":10},{""year"":2026,""month"":4,""searchVolume"":10},{""year"":2026,""month"":3,""searchVolume"":10},{""year"":2026,""month"":2,""searchVolume"":10},{""year"":2026,""month"":1,""searchVolume"":20},{""year"":2025,""month"":12,""searchVolume"":20},{""year"":2025,""month"":11,""searchVolume"":10},{""year"":2025,""month"":10,""searchVolume"":10},{""year"":2025,""month"":9,""searchVolume"":20},{""year"":2025,""month"":8,""searchVolume"":20}]"
neschopenka online,ideas,true,parasyte online cz,10,38,,0,informational,"[{""year"":2026,""month"":7,""searchVolume"":10},{""year"":2026,""month"":6,""searchVolume"":10},{""year"":2026,""month"":5,""searchVolume"":10},{""year"":2026,""month"":4,""searchVolume"":0},{""year"":2026,""month"":3,""searchVolume"":10},{""year"":2026,""month"":2,""searchVolume"":10},{""year"":2026,""month"":1,""searchVolume"":10},{""year"":2025,""month"":12,""searchVolume"":10},{""year"":2025,""month"":11,""searchVolume"":10},{""year"":2025,""month"":10,""searchVolume"":10},{""year"":2025,""month"":9,""searchVolume"":10},{""year"":2025,""month"":8,""searchVolume"":10}]"
neschopenka online,ideas,true,neschopenka 2019,10,,,0,informational,"[{""year"":2026,""month"":7,""searchVolume"":10},{""year"":2026,""month"":6,""searchVolume"":10},{""year"":2026,""month"":5,""searchVolume"":0},{""year"":2026,""month"":4,""searchVolume"":0},{""year"":2026,""month"":3,""searchVolume"":10},{""year"":2026,""month"":2,""searchVolume"":0},{""year"":2026,""month"":1,""searchVolume"":0},{""year"":2025,""month"":12,""searchVolume"":0},{""year"":2025,""month"":11,""searchVolume"":0},{""year"":2025,""month"":10,""searchVolume"":0},{""year"":2025,""month"":9,""searchVolume"":0},{""year"":2025,""month"":8,""searchVolume"":0}]"
neschopenka online,ideas,true,neschopenka na astma,20,,,0,informational,"[{""year"":2026,""month"":7,""searchVolume"":10},{""year"":2026,""month"":6,""searchVolume"":10},{""year"":2026,""month"":5,""searchVolume"":20},{""year"":2026,""month"":4,""searchVolume"":10},{""year"":2026,""month"":3,""searchVolume"":20},{""year"":2026,""month"":2,""searchVolume"":20},{""year"":2026,""month"":1,""searchVolume"":20},{""year"":2025,""month"":12,""searchVolume"":20},{""year"":2025,""month"":11,""searchVolume"":20},{""year"":2025,""month"":10,""searchVolume"":10},{""year"":2025,""month"":9,""searchVolume"":10},{""year"":2025,""month"":8,""searchVolume"":20}]"
neschopenka online,ideas,true,karanténa neschopenka,10,22,,,informational,"[{""year"":2026,""month"":7,""searchVolume"":0},{""year"":2026,""month"":6,""searchVolume"":0},{""year"":2026,""month"":5,""searchVolume"":0},{""year"":2026,""month"":4,""searchVolume"":10},{""year"":2026,""month"":3,""searchVolume"":0},{""year"":2026,""month"":2,""searchVolume"":0},{""year"":2026,""month"":1,""searchVolume"":0},{""year"":2025,""month"":12,""searchVolume"":0},{""year"":2025,""month"":11,""searchVolume"":10},{""year"":2025,""month"":10,""searchVolume"":10},{""year"":2025,""month"":9,""searchVolume"":10},{""year"":2025,""month"":8,""searchVolume"":10}]"
neschopenka online,ideas,true,neschopenka pohotovost,10,,,0,informational,"[{""year"":2026,""month"":7,""searchVolume"":10},{""year"":2026,""month"":6,""searchVolume"":10},{""year"":2026,""month"":5,""searchVolume"":10},{""year"":2026,""month"":4,""searchVolume"":10},{""year"":2026,""month"":3,""searchVolume"":10},{""year"":2026,""month"":2,""searchVolume"":10},{""year"":2026,""month"":1,""searchVolume"":10},{""year"":2025,""month"":12,""searchVolume"":30},{""year"":2025,""month"":11,""searchVolume"":10},{""year"":2025,""month"":10,""searchVolume"":10},{""year"":2025,""month"":9,""searchVolume"":10},{""year"":2025,""month"":8,""searchVolume"":10}]"
neschopenka online,ideas,true,epilepsie neschopenka,10,,,0,informational,"[{""year"":2026,""month"":7,""searchVolume"":10},{""year"":2026,""month"":6,""searchVolume"":10},{""year"":2026,""month"":5,""searchVolume"":10},{""year"":2026,""month"":4,""searchVolume"":10},{""year"":2026,""month"":3,""searchVolume"":10},{""year"":2026,""month"":2,""searchVolume"":20},{""year"":2026,""month"":1,""searchVolume"":10},{""year"":2025,""month"":12,""searchVolume"":20},{""year"":2025,""month"":11,""searchVolume"":10},{""year"":2025,""month"":10,""searchVolume"":20},{""year"":2025,""month"":9,""searchVolume"":10},{""year"":2025,""month"":8,""searchVolume"":10}]"
neschopenka online,ideas,true,neschopenka na dálku,20,,,0,informational,"[{""year"":2026,""month"":7,""searchVolume"":10},{""year"":2026,""month"":6,""searchVolume"":10},{""year"":2026,""month"":5,""searchVolume"":10},{""year"":2026,""month"":4,""searchVolume"":20},{""year"":2026,""month"":3,""searchVolume"":20},{""year"":2026,""month"":2,""searchVolume"":20},{""year"":2026,""month"":1,""searchVolume"":30},{""year"":2025,""month"":12,""searchVolume"":30},{""year"":2025,""month"":11,""searchVolume"":30},{""year"":2025,""month"":10,""searchVolume"":40},{""year"":2025,""month"":9,""searchVolume"":40},{""year"":2025,""month"":8,""searchVolume"":10}]"
neschopenka online,ideas,true,neukoncena neschopenka,10,,,0,informational,"[{""year"":2026,""month"":7,""searchVolume"":10},{""year"":2026,""month"":6,""searchVolume"":10},{""year"":2026,""month"":5,""searchVolume"":10},{""year"":2026,""month"":4,""searchVolume"":10},{""year"":2026,""month"":3,""searchVolume"":10},{""year"":2026,""month"":2,""searchVolume"":0},{""year"":2026,""month"":1,""searchVolume"":10},{""year"":2025,""month"":12,""searchVolume"":10},{""year"":2025,""month"":11,""searchVolume"":10},{""year"":2025,""month"":10,""searchVolume"":10},{""year"":2025,""month"":9,""searchVolume"":10},{""year"":2025,""month"":8,""searchVolume"":0}]"
neschopenka online,ideas,true,nevědomí cz online,10,,,,informational,"[{""year"":2026,""month"":7,""searchVolume"":0},{""year"":2026,""month"":6,""searchVolume"":10},{""year"":2026,""month"":5,""searchVolume"":10},{""year"":2026,""month"":4,""searchVolume"":10},{""year"":2026,""month"":3,""searchVolume"":10},{""year"":2026,""month"":2,""searchVolume"":0},{""year"":2026,""month"":1,""searchVolume"":10},{""year"":2025,""month"":12,""searchVolume"":10},{""year"":2025,""month"":11,""searchVolume"":10},{""year"":2025,""month"":10,""searchVolume"":10},{""year"":2025,""month"":9,""searchVolume"":0},{""year"":2025,""month"":8,""searchVolume"":10}]"
neschopenka online,ideas,true,zlá krev online,20,45,,0,informational,"[{""year"":2026,""month"":7,""searchVolume"":10},{""year"":2026,""month"":6,""searchVolume"":10},{""year"":2026,""month"":5,""searchVolume"":20},{""year"":2026,""month"":4,""searchVolume"":10},{""year"":2026,""month"":3,""searchVolume"":10},{""year"":2026,""month"":2,""searchVolume"":20},{""year"":2026,""month"":1,""searchVolume"":10},{""year"":2025,""month"":12,""searchVolume"":10},{""year"":2025,""month"":11,""searchVolume"":50},{""year"":2025,""month"":10,""searchVolume"":50},{""year"":2025,""month"":9,""searchVolume"":20},{""year"":2025,""month"":8,""searchVolume"":10}]"
neschopenka online,ideas,true,interrupce neschopenka,10,,,0,informational,"[{""year"":2026,""month"":7,""searchVolume"":10},{""year"":2026,""month"":6,""searchVolume"":10},{""year"":2026,""month"":5,""searchVolume"":10},{""year"":2026,""month"":4,""searchVolume"":10},{""year"":2026,""month"":3,""searchVolume"":10},{""year"":2026,""month"":2,""searchVolume"":0},{""year"":2026,""month"":1,""searchVolume"":10},{""year"":2025,""month"":12,""searchVolume"":10},{""year"":2025,""month"":11,""searchVolume"":10},{""year"":2025,""month"":10,""searchVolume"":10},{""year"":2025,""month"":9,""searchVolume"":10},{""year"":2025,""month"":8,""searchVolume"":10}]"
neschopenka online,ideas,true,neschopenka díly,10,,,0,informational,"[{""year"":2026,""month"":7,""searchVolume"":10},{""year"":2026,""month"":6,""searchVolume"":0},{""year"":2026,""month"":5,""searchVolume"":0},{""year"":2026,""month"":4,""searchVolume"":0},{""year"":2026,""month"":3,""searchVolume"":0},{""year"":2026,""month"":2,""searchVolume"":10},{""year"":2026,""month"":1,""searchVolume"":0},{""year"":2025,""month"":12,""searchVolume"":10},{""year"":2025,""month"":11,""searchVolume"":0},{""year"":2025,""month"":10,""searchVolume"":0},{""year"":2025,""month"":9,""searchVolume"":10},{""year"":2025,""month"":8,""searchVolume"":10}]"
neschopenka online,ideas,true,neschopenka 2021,10,83,,,informational,"[{""year"":2026,""month"":7,""searchVolume"":0},{""year"":2026,""month"":6,""searchVolume"":0},{""year"":2026,""month"":5,""searchVolume"":0},{""year"":2026,""month"":4,""searchVolume"":0},{""year"":2026,""month"":3,""searchVolume"":0},{""year"":2026,""month"":2,""searchVolume"":10},{""year"":2026,""month"":1,""searchVolume"":0},{""year"":2025,""month"":12,""searchVolume"":10},{""year"":2025,""month"":11,""searchVolume"":0},{""year"":2025,""month"":10,""searchVolume"":0},{""year"":2025,""month"":9,""searchVolume"":0},{""year"":2025,""month"":8,""searchVolume"":0}]"
neschopenka online,ideas,true,opravdová bolest online,10,,,0.01,informational,"[{""year"":2026,""month"":7,""searchVolume"":20},{""year"":2026,""month"":6,""searchVolume"":10},{""year"":2026,""month"":5,""searchVolume"":10},{""year"":2026,""month"":4,""searchVolume"":10},{""year"":2026,""month"":3,""searchVolume"":10},{""year"":2026,""month"":2,""searchVolume"":10},{""year"":2026,""month"":1,""searchVolume"":10},{""year"":2025,""month"":12,""searchVolume"":10},{""year"":2025,""month"":11,""searchVolume"":10},{""year"":2025,""month"":10,""searchVolume"":10},{""year"":2025,""month"":9,""searchVolume"":40},{""year"":2025,""month"":8,""searchVolume"":20}]"
neschopenka online,ideas,true,mononukleóza neschopenka,10,,,0,informational,"[{""year"":2026,""month"":7,""searchVolume"":10},{""year"":2026,""month"":6,""searchVolume"":10},{""year"":2026,""month"":5,""searchVolume"":10},{""year"":2026,""month"":4,""searchVolume"":10},{""year"":2026,""month"":3,""searchVolume"":10},{""year"":2026,""month"":2,""searchVolume"":10},{""year"":2026,""month"":1,""searchVolume"":10},{""year"":2025,""month"":12,""searchVolume"":10},{""year"":2025,""month"":11,""searchVolume"":10},{""year"":2025,""month"":10,""searchVolume"":10},{""year"":2025,""month"":9,""searchVolume"":10},{""year"":2025,""month"":8,""searchVolume"":10}]"
neschopenka online,ideas,true,vyčerpání neschopenka,10,,,0,informational,"[{""year"":2026,""month"":7,""searchVolume"":10},{""year"":2026,""month"":6,""searchVolume"":10},{""year"":2026,""month"":5,""searchVolume"":10},{""year"":2026,""month"":4,""searchVolume"":10},{""year"":2026,""month"":3,""searchVolume"":10},{""year"":2026,""month"":2,""searchVolume"":10},{""year"":2026,""month"":1,""searchVolume"":10},{""year"":2025,""month"":12,""searchVolume"":10},{""year"":2025,""month"":11,""searchVolume"":10},{""year"":2025,""month"":10,""searchVolume"":10},{""year"":2025,""month"":9,""searchVolume"":10},{""year"":2025,""month"":8,""searchVolume"":10}]"
neschopenka online,ideas,true,khs neschopenka,10,,,,informational,"[{""year"":2026,""month"":7,""searchVolume"":0},{""year"":2026,""month"":6,""searchVolume"":0},{""year"":2026,""month"":5,""searchVolume"":0},{""year"":2026,""month"":4,""searchVolume"":0},{""year"":2026,""month"":3,""searchVolume"":0},{""year"":2026,""month"":2,""searchVolume"":0},{""year"":2026,""month"":1,""searchVolume"":0},{""year"":2025,""month"":12,""searchVolume"":0},{""year"":2025,""month"":11,""searchVolume"":0},{""year"":2025,""month"":10,""searchVolume"":0},{""year"":2025,""month"":9,""searchVolume"":10},{""year"":2025,""month"":8,""searchVolume"":0}]"
neschopenka online,ideas,true,neschopenka 2022,10,26,,,informational,"[{""year"":2026,""month"":7,""searchVolume"":0},{""year"":2026,""month"":6,""searchVolume"":10},{""year"":2026,""month"":5,""searchVolume"":0},{""year"":2026,""month"":4,""searchVolume"":0},{""year"":2026,""month"":3,""searchVolume"":0},{""year"":2026,""month"":2,""searchVolume"":10},{""year"":2026,""month"":1,""searchVolume"":0},{""year"":2025,""month"":12,""searchVolume"":10},{""year"":2025,""month"":11,""searchVolume"":0},{""year"":2025,""month"":10,""searchVolume"":0},{""year"":2025,""month"":9,""searchVolume"":0},{""year"":2025,""month"":8,""searchVolume"":0}]"
neschopenka online,ideas,true,zrcadla online cz,10,,,0,navigational,"[{""year"":2026,""month"":7,""searchVolume"":10},{""year"":2026,""month"":6,""searchVolume"":10},{""year"":2026,""month"":5,""searchVolume"":10},{""year"":2026,""month"":4,""searchVolume"":10},{""year"":2026,""month"":3,""searchVolume"":10},{""year"":2026,""month"":2,""searchVolume"":0},{""year"":2026,""month"":1,""searchVolume"":10},{""year"":2025,""month"":12,""searchVolume"":10},{""year"":2025,""month"":11,""searchVolume"":10},{""year"":2025,""month"":10,""searchVolume"":10},{""year"":2025,""month"":9,""searchVolume"":10},{""year"":2025,""month"":8,""searchVolume"":20}]"
neschopenka online,ideas,true,neschopenka zubař,10,,,0,informational,"[{""year"":2026,""month"":7,""searchVolume"":10},{""year"":2026,""month"":6,""searchVolume"":10},{""year"":2026,""month"":5,""searchVolume"":10},{""year"":2026,""month"":4,""searchVolume"":10},{""year"":2026,""month"":3,""searchVolume"":10},{""year"":2026,""month"":2,""searchVolume"":10},{""year"":2026,""month"":1,""searchVolume"":10},{""year"":2025,""month"":12,""searchVolume"":10},{""year"":2025,""month"":11,""searchVolume"":10},{""year"":2025,""month"":10,""searchVolume"":10},{""year"":2025,""month"":9,""searchVolume"":10},{""year"":2025,""month"":8,""searchVolume"":10}]"
neschopenka online,ideas,true,malignant online cz,10,,,,informational,"[{""year"":2026,""month"":7,""searchVolume"":0},{""year"":2026,""month"":6,""searchVolume"":0},{""year"":2026,""month"":5,""searchVolume"":10},{""year"":2026,""month"":4,""searchVolume"":10},{""year"":2026,""month"":3,""searchVolume"":10},{""year"":2026,""month"":2,""searchVolume"":0},{""year"":2026,""month"":1,""searchVolume"":10},{""year"":2025,""month"":12,""searchVolume"":10},{""year"":2025,""month"":11,""searchVolume"":10},{""year"":2025,""month"":10,""searchVolume"":10},{""year"":2025,""month"":9,""searchVolume"":10},{""year"":2025,""month"":8,""searchVolume"":10}]"
neschopenka online,ideas,true,simulace neschopenka,10,,,0,informational,"[{""year"":2026,""month"":7,""searchVolume"":10},{""year"":2026,""month"":6,""searchVolume"":0},{""year"":2026,""month"":5,""searchVolume"":0},{""year"":2026,""month"":4,""searchVolume"":0},{""year"":2026,""month"":3,""searchVolume"":0},{""year"":2026,""month"":2,""searchVolume"":0},{""year"":2026,""month"":1,""searchVolume"":0},{""year"":2025,""month"":12,""searchVolume"":0},{""year"":2025,""month"":11,""searchVolume"":0},{""year"":2025,""month"":10,""searchVolume"":10},{""year"":2025,""month"":9,""searchVolume"":0},{""year"":2025,""month"":8,""searchVolume"":10}]"
neschopenka online,ideas,true,neschopenka covid,10,32,,,informational,"[{""year"":2026,""month"":7,""searchVolume"":0},{""year"":2026,""month"":6,""searchVolume"":0},{""year"":2026,""month"":5,""searchVolume"":0},{""year"":2026,""month"":4,""searchVolume"":10},{""year"":2026,""month"":3,""searchVolume"":0},{""year"":2026,""month"":2,""searchVolume"":0},{""year"":2026,""month"":1,""searchVolume"":10},{""year"":2025,""month"":12,""searchVolume"":10},{""year"":2025,""month"":11,""searchVolume"":10},{""year"":2025,""month"":10,""searchVolume"":30},{""year"":2025,""month"":9,""searchVolume"":20},{""year"":2025,""month"":8,""searchVolume"":10}]"
neschopenka online,ideas,true,hygiena neschopenka,10,18,,,informational,"[{""year"":2026,""month"":7,""searchVolume"":0},{""year"":2026,""month"":6,""searchVolume"":0},{""year"":2026,""month"":5,""searchVolume"":0},{""year"":2026,""month"":4,""searchVolume"":0},{""year"":2026,""month"":3,""searchVolume"":0},{""year"":2026,""month"":2,""searchVolume"":0},{""year"":2026,""month"":1,""searchVolume"":0},{""year"":2025,""month"":12,""searchVolume"":0},{""year"":2025,""month"":11,""searchVolume"":0},{""year"":2025,""month"":10,""searchVolume"":10},{""year"":2025,""month"":9,""searchVolume"":0},{""year"":2025,""month"":8,""searchVolume"":0}]"
neschopenka online,ideas,true,normálka online cz,10,,,0,navigational,"[{""year"":2026,""month"":7,""searchVolume"":10},{""year"":2026,""month"":6,""searchVolume"":10},{""year"":2026,""month"":5,""searchVolume"":10},{""year"":2026,""month"":4,""searchVolume"":10},{""year"":2026,""month"":3,""searchVolume"":10},{""year"":2026,""month"":2,""searchVolume"":10},{""year"":2026,""month"":1,""searchVolume"":10},{""year"":2025,""month"":12,""searchVolume"":10},{""year"":2025,""month"":11,""searchVolume"":10},{""year"":2025,""month"":10,""searchVolume"":10},{""year"":2025,""month"":9,""searchVolume"":10},{""year"":2025,""month"":8,""searchVolume"":10}]"
neschopenka online,ideas,true,psychologicka poradna online,,37,,,informational,"[{""year"":2026,""month"":6,""searchVolume"":0},{""year"":2026,""month"":5,""searchVolume"":0},{""year"":2026,""month"":4,""searchVolume"":0},{""year"":2026,""month"":3,""searchVolume"":0},{""year"":2026,""month"":2,""searchVolume"":0},{""year"":2026,""month"":1,""searchVolume"":0},{""year"":2025,""month"":12,""searchVolume"":0},{""year"":2025,""month"":11,""searchVolume"":0},{""year"":2025,""month"":10,""searchVolume"":0},{""year"":2025,""month"":9,""searchVolume"":0},{""year"":2025,""month"":8,""searchVolume"":0},{""year"":2025,""month"":7,""searchVolume"":0}]"
neschopenka online,ideas,true,scrubs: doktůrci online cz,40,0,,0.17,navigational,"[{""year"":2026,""month"":7,""searchVolume"":10},{""year"":2026,""month"":6,""searchVolume"":20},{""year"":2026,""month"":5,""searchVolume"":10},{""year"":2026,""month"":4,""searchVolume"":10},{""year"":2026,""month"":3,""searchVolume"":10},{""year"":2026,""month"":2,""searchVolume"":20},{""year"":2026,""month"":1,""searchVolume"":30},{""year"":2025,""month"":12,""searchVolume"":50},{""year"":2025,""month"":11,""searchVolume"":50},{""year"":2025,""month"":10,""searchVolume"":90},{""year"":2025,""month"":9,""searchVolume"":90},{""year"":2025,""month"":8,""searchVolume"":40}]"
neschopenka online,ideas,true,kniha krve online cz,10,,,0,informational,"[{""year"":2026,""month"":7,""searchVolume"":10},{""year"":2026,""month"":6,""searchVolume"":10},{""year"":2026,""month"":5,""searchVolume"":0},{""year"":2026,""month"":4,""searchVolume"":0},{""year"":2026,""month"":3,""searchVolume"":10},{""year"":2026,""month"":2,""searchVolume"":10},{""year"":2026,""month"":1,""searchVolume"":0},{""year"":2025,""month"":12,""searchVolume"":0},{""year"":2025,""month"":11,""searchVolume"":0},{""year"":2025,""month"":10,""searchVolume"":10},{""year"":2025,""month"":9,""searchVolume"":10},{""year"":2025,""month"":8,""searchVolume"":10}]"
neschopenka online,ideas,true,o malence online cz,20,,,0,informational,"[{""year"":2026,""month"":7,""searchVolume"":10},{""year"":2026,""month"":6,""searchVolume"":10},{""year"":2026,""month"":5,""searchVolume"":10},{""year"":2026,""month"":4,""searchVolume"":10},{""year"":2026,""month"":3,""searchVolume"":20},{""year"":2026,""month"":2,""searchVolume"":10},{""year"":2026,""month"":1,""searchVolume"":30},{""year"":2025,""month"":12,""searchVolume"":20},{""year"":2025,""month"":11,""searchVolume"":20},{""year"":2025,""month"":10,""searchVolume"":50},{""year"":2025,""month"":9,""searchVolume"":20},{""year"":2025,""month"":8,""searchVolume"":20}]"
neschopenka online,ideas,true,doktor spánek online cz,10,,,0,navigational,"[{""year"":2026,""month"":7,""searchVolume"":10},{""year"":2026,""month"":6,""searchVolume"":10},{""year"":2026,""month"":5,""searchVolume"":10},{""year"":2026,""month"":4,""searchVolume"":10},{""year"":2026,""month"":3,""searchVolume"":10},{""year"":2026,""month"":2,""searchVolume"":10},{""year"":2026,""month"":1,""searchVolume"":10},{""year"":2025,""month"":12,""searchVolume"":10},{""year"":2025,""month"":11,""searchVolume"":10},{""year"":2025,""month"":10,""searchVolume"":10},{""year"":2025,""month"":9,""searchVolume"":10},{""year"":2025,""month"":8,""searchVolume"":10}]"
neschopenka online,ideas,true,šepot srdce online cz,10,,,0,informational,"[{""year"":2026,""month"":7,""searchVolume"":10},{""year"":2026,""month"":6,""searchVolume"":10},{""year"":2026,""month"":5,""searchVolume"":10},{""year"":2026,""month"":4,""searchVolume"":10},{""year"":2026,""month"":3,""searchVolume"":10},{""year"":2026,""month"":2,""searchVolume"":10},{""year"":2026,""month"":1,""searchVolume"":10},{""year"":2025,""month"":12,""searchVolume"":10},{""year"":2025,""month"":11,""searchVolume"":20},{""year"":2025,""month"":10,""searchVolume"":20},{""year"":2025,""month"":9,""searchVolume"":20},{""year"":2025,""month"":8,""searchVolume"":20}]"
neschopenka online,ideas,true,moudrost traumatu online cz,10,0,,0,informational,"[{""year"":2026,""month"":7,""searchVolume"":10},{""year"":2026,""month"":6,""searchVolume"":10},{""year"":2026,""month"":5,""searchVolume"":10},{""year"":2026,""month"":4,""searchVolume"":10},{""year"":2026,""month"":3,""searchVolume"":10},{""year"":2026,""month"":2,""searchVolume"":10},{""year"":2026,""month"":1,""searchVolume"":20},{""year"":2025,""month"":12,""searchVolume"":10},{""year"":2025,""month"":11,""searchVolume"":10},{""year"":2025,""month"":10,""searchVolume"":10},{""year"":2025,""month"":9,""searchVolume"":10},{""year"":2025,""month"":8,""searchVolume"":10}]"
neschopenka online,ideas,true,smrtící epidemie online cz,20,,,0,informational,"[{""year"":2026,""month"":7,""searchVolume"":10},{""year"":2026,""month"":6,""searchVolume"":10},{""year"":2026,""month"":5,""searchVolume"":10},{""year"":2026,""month"":4,""searchVolume"":0},{""year"":2026,""month"":3,""searchVolume"":10},{""year"":2026,""month"":2,""searchVolume"":10},{""year"":2026,""month"":1,""searchVolume"":10},{""year"":2025,""month"":12,""searchVolume"":10},{""year"":2025,""month"":11,""searchVolume"":70},{""year"":2025,""month"":10,""searchVolume"":30},{""year"":2025,""month"":9,""searchVolume"":20},{""year"":2025,""month"":8,""searchVolume"":10}]"
neschopenka online,ideas,true,presumpce viny online cz,,,,,informational,"[{""year"":2026,""month"":5,""searchVolume"":0},{""year"":2026,""month"":4,""searchVolume"":0},{""year"":2026,""month"":3,""searchVolume"":0},{""year"":2026,""month"":2,""searchVolume"":0},{""year"":2026,""month"":1,""searchVolume"":0},{""year"":2025,""month"":12,""searchVolume"":0},{""year"":2025,""month"":11,""searchVolume"":0},{""year"":2025,""month"":10,""searchVolume"":0},{""year"":2025,""month"":9,""searchVolume"":0},{""year"":2025,""month"":8,""searchVolume"":0},{""year"":2025,""month"":7,""searchVolume"":0},{""year"":2025,""month"":6,""searchVolume"":0}]"
neschopenka online,ideas,true,fakta nebo fikce online cz,20,,,0,informational,"[{""year"":2026,""month"":7,""searchVolume"":30},{""year"":2026,""month"":6,""searchVolume"":20},{""year"":2026,""month"":5,""searchVolume"":10},{""year"":2026,""month"":4,""searchVolume"":10},{""year"":2026,""month"":3,""searchVolume"":10},{""year"":2026,""month"":2,""searchVolume"":20},{""year"":2026,""month"":1,""searchVolume"":20},{""year"":2025,""month"":12,""searchVolume"":10},{""year"":2025,""month"":11,""searchVolume"":20},{""year"":2025,""month"":10,""searchVolume"":20},{""year"":2025,""month"":9,""searchVolume"":30},{""year"":2025,""month"":8,""searchVolume"":30}]"
neschopenka online,ideas,true,anatomie lži cz online,10,,,0,informational,"[{""year"":2026,""month"":7,""searchVolume"":10},{""year"":2026,""month"":6,""searchVolume"":10},{""year"":2026,""month"":5,""searchVolume"":10},{""year"":2026,""month"":4,""searchVolume"":10},{""year"":2026,""month"":3,""searchVolume"":10},{""year"":2026,""month"":2,""searchVolume"":10},{""year"":2026,""month"":1,""searchVolume"":10},{""year"":2025,""month"":12,""searchVolume"":20},{""year"":2025,""month"":11,""searchVolume"":10},{""year"":2025,""month"":10,""searchVolume"":10},{""year"":2025,""month"":9,""searchVolume"":10},{""year"":2025,""month"":8,""searchVolume"":10}]"
neschopenka online,ideas,true,matky na tahu online cz,20,,,0,navigational,"[{""year"":2026,""month"":7,""searchVolume"":10},{""year"":2026,""month"":6,""searchVolume"":10},{""year"":2026,""month"":5,""searchVolume"":10},{""year"":2026,""month"":4,""searchVolume"":10},{""year"":2026,""month"":3,""searchVolume"":10},{""year"":2026,""month"":2,""searchVolume"":10},{""year"":2026,""month"":1,""searchVolume"":10},{""year"":2025,""month"":12,""searchVolume"":40},{""year"":2025,""month"":11,""searchVolume"":30},{""year"":2025,""month"":10,""searchVolume"":20},{""year"":2025,""month"":9,""searchVolume"":20},{""year"":2025,""month"":8,""searchVolume"":20}]"
neschopenka online,ideas,true,sklenice online,,,,,navigational,"[{""year"":2026,""month"":5,""searchVolume"":0},{""year"":2026,""month"":4,""searchVolume"":0},{""year"":2026,""month"":3,""searchVolume"":0},{""year"":2026,""month"":2,""searchVolume"":0},{""year"":2026,""month"":1,""searchVolume"":0},{""year"":2025,""month"":12,""searchVolume"":0},{""year"":2025,""month"":11,""searchVolume"":0},{""year"":2025,""month"":10,""searchVolume"":0},{""year"":2025,""month"":9,""searchVolume"":0},{""year"":2025,""month"":8,""searchVolume"":0},{""year"":2025,""month"":7,""searchVolume"":0},{""year"":2025,""month"":6,""searchVolume"":0}]"
neschopenka online,ideas,true,lekarna24 online,,,,,navigational,"[{""year"":2026,""month"":5,""searchVolume"":0},{""year"":2026,""month"":4,""searchVolume"":0},{""year"":2026,""month"":3,""searchVolume"":0},{""year"":2026,""month"":2,""searchVolume"":0},{""year"":2026,""month"":1,""searchVolume"":0},{""year"":2025,""month"":12,""searchVolume"":0},{""year"":2025,""month"":11,""searchVolume"":0},{""year"":2025,""month"":10,""searchVolume"":0},{""year"":2025,""month"":9,""searchVolume"":0},{""year"":2025,""month"":8,""searchVolume"":0},{""year"":2025,""month"":7,""searchVolume"":0},{""year"":2025,""month"":6,""searchVolume"":0}]"
neschopenka online,ideas,true,medičejové online,,,,,navigational,"[{""year"":2026,""month"":5,""searchVolume"":0},{""year"":2026,""month"":4,""searchVolume"":0},{""year"":2026,""month"":3,""searchVolume"":0},{""year"":2026,""month"":2,""searchVolume"":0},{""year"":2026,""month"":1,""searchVolume"":0},{""year"":2025,""month"":12,""searchVolume"":0},{""year"":2025,""month"":11,""searchVolume"":0},{""year"":2025,""month"":10,""searchVolume"":0},{""year"":2025,""month"":9,""searchVolume"":0},{""year"":2025,""month"":8,""searchVolume"":0},{""year"":2025,""month"":7,""searchVolume"":0},{""year"":2025,""month"":6,""searchVolume"":0}]"
neschopenka online,ideas,true,kapyderm online,,,,,navigational,"[{""year"":2026,""month"":5,""searchVolume"":0},{""year"":2026,""month"":4,""searchVolume"":0},{""year"":2026,""month"":3,""searchVolume"":0},{""year"":2026,""month"":2,""searchVolume"":0},{""year"":2026,""month"":1,""searchVolume"":0},{""year"":2025,""month"":12,""searchVolume"":0},{""year"":2025,""month"":11,""searchVolume"":0},{""year"":2025,""month"":10,""searchVolume"":0},{""year"":2025,""month"":9,""searchVolume"":0},{""year"":2025,""month"":8,""searchVolume"":0},{""year"":2025,""month"":7,""searchVolume"":0},{""year"":2025,""month"":6,""searchVolume"":0}]"
neschopenka online,ideas,true,ošetřovatelství online,,,,,informational,"[{""year"":2026,""month"":5,""searchVolume"":0},{""year"":2026,""month"":4,""searchVolume"":0},{""year"":2026,""month"":3,""searchVolume"":0},{""year"":2026,""month"":2,""searchVolume"":0},{""year"":2026,""month"":1,""searchVolume"":0},{""year"":2025,""month"":12,""searchVolume"":0},{""year"":2025,""month"":11,""searchVolume"":0},{""year"":2025,""month"":10,""searchVolume"":0},{""year"":2025,""month"":9,""searchVolume"":0},{""year"":2025,""month"":8,""searchVolume"":0},{""year"":2025,""month"":7,""searchVolume"":0},{""year"":2025,""month"":6,""searchVolume"":0}]"
neschopenka online,ideas,true,online lékárník,,,,,navigational,"[{""year"":2026,""month"":5,""searchVolume"":0},{""year"":2026,""month"":4,""searchVolume"":0},{""year"":2026,""month"":3,""searchVolume"":0},{""year"":2026,""month"":2,""searchVolume"":0},{""year"":2026,""month"":1,""searchVolume"":0},{""year"":2025,""month"":12,""searchVolume"":0},{""year"":2025,""month"":11,""searchVolume"":0},{""year"":2025,""month"":10,""searchVolume"":0},{""year"":2025,""month"":9,""searchVolume"":0},{""year"":2025,""month"":8,""searchVolume"":0},{""year"":2025,""month"":7,""searchVolume"":0},{""year"":2025,""month"":6,""searchVolume"":0}]"
neschopenka online,ideas,true,těhotná online,,,,,informational,"[{""year"":2026,""month"":5,""searchVolume"":0},{""year"":2026,""month"":4,""searchVolume"":0},{""year"":2026,""month"":3,""searchVolume"":0},{""year"":2026,""month"":2,""searchVolume"":0},{""year"":2026,""month"":1,""searchVolume"":0},{""year"":2025,""month"":12,""searchVolume"":0},{""year"":2025,""month"":11,""searchVolume"":0},{""year"":2025,""month"":10,""searchVolume"":0},{""year"":2025,""month"":9,""searchVolume"":0},{""year"":2025,""month"":8,""searchVolume"":0},{""year"":2025,""month"":7,""searchVolume"":0},{""year"":2025,""month"":6,""searchVolume"":0}]"
neschopenka online,ideas,true,zubaři online,,,,,navigational,"[{""year"":2026,""month"":5,""searchVolume"":0},{""year"":2026,""month"":4,""searchVolume"":0},{""year"":2026,""month"":3,""searchVolume"":0},{""year"":2026,""month"":2,""searchVolume"":0},{""year"":2026,""month"":1,""searchVolume"":0},{""year"":2025,""month"":12,""searchVolume"":0},{""year"":2025,""month"":11,""searchVolume"":0},{""year"":2025,""month"":10,""searchVolume"":0},{""year"":2025,""month"":9,""searchVolume"":0},{""year"":2025,""month"":8,""searchVolume"":0},{""year"":2025,""month"":7,""searchVolume"":0},{""year"":2025,""month"":6,""searchVolume"":0}]"
neschopenka online,ideas,true,online rehabilitace,,,,,informational,"[{""year"":2026,""month"":5,""searchVolume"":0},{""year"":2026,""month"":4,""searchVolume"":0},{""year"":2026,""month"":3,""searchVolume"":0},{""year"":2026,""month"":2,""searchVolume"":0},{""year"":2026,""month"":1,""searchVolume"":0},{""year"":2025,""month"":12,""searchVolume"":0},{""year"":2025,""month"":11,""searchVolume"":0},{""year"":2025,""month"":10,""searchVolume"":0},{""year"":2025,""month"":9,""searchVolume"":0},{""year"":2025,""month"":8,""searchVolume"":0},{""year"":2025,""month"":7,""searchVolume"":0},{""year"":2025,""month"":6,""searchVolume"":0}]"
neschopenka online,ideas,true,zvracení online,,,,,informational,"[{""year"":2026,""month"":5,""searchVolume"":0},{""year"":2026,""month"":4,""searchVolume"":0},{""year"":2026,""month"":3,""searchVolume"":0},{""year"":2026,""month"":2,""searchVolume"":0},{""year"":2026,""month"":1,""searchVolume"":0},{""year"":2025,""month"":12,""searchVolume"":0},{""year"":2025,""month"":11,""searchVolume"":0},{""year"":2025,""month"":10,""searchVolume"":0},{""year"":2025,""month"":9,""searchVolume"":0},{""year"":2025,""month"":8,""searchVolume"":0},{""year"":2025,""month"":7,""searchVolume"":0},{""year"":2025,""month"":6,""searchVolume"":0}]"
neschopenka online,ideas,true,netěhotná online,,,,,informational,"[{""year"":2026,""month"":5,""searchVolume"":0},{""year"":2026,""month"":4,""searchVolume"":0},{""year"":2026,""month"":3,""searchVolume"":0},{""year"":2026,""month"":2,""searchVolume"":0},{""year"":2026,""month"":1,""searchVolume"":0},{""year"":2025,""month"":12,""searchVolume"":0},{""year"":2025,""month"":11,""searchVolume"":0},{""year"":2025,""month"":10,""searchVolume"":0},{""year"":2025,""month"":9,""searchVolume"":0},{""year"":2025,""month"":8,""searchVolume"":0},{""year"":2025,""month"":7,""searchVolume"":0},{""year"":2025,""month"":6,""searchVolume"":0}]"
neschopenka online,ideas,true,autismus online,,,,,informational,"[{""year"":2026,""month"":6,""searchVolume"":0},{""year"":2026,""month"":5,""searchVolume"":0},{""year"":2026,""month"":4,""searchVolume"":0},{""year"":2026,""month"":3,""searchVolume"":0},{""year"":2026,""month"":2,""searchVolume"":0},{""year"":2026,""month"":1,""searchVolume"":0},{""year"":2025,""month"":12,""searchVolume"":0},{""year"":2025,""month"":11,""searchVolume"":0},{""year"":2025,""month"":10,""searchVolume"":0},{""year"":2025,""month"":9,""searchVolume"":0},{""year"":2025,""month"":8,""searchVolume"":0},{""year"":2025,""month"":7,""searchVolume"":0}]"
neschopenka online,ideas,true,patologie online,,,,,informational,"[{""year"":2026,""month"":5,""searchVolume"":0},{""year"":2026,""month"":4,""searchVolume"":0},{""year"":2026,""month"":3,""searchVolume"":0},{""year"":2026,""month"":2,""searchVolume"":0},{""year"":2026,""month"":1,""searchVolume"":0},{""year"":2025,""month"":12,""searchVolume"":0},{""year"":2025,""month"":11,""searchVolume"":0},{""year"":2025,""month"":10,""searchVolume"":0},{""year"":2025,""month"":9,""searchVolume"":0},{""year"":2025,""month"":8,""searchVolume"":0},{""year"":2025,""month"":7,""searchVolume"":0},{""year"":2025,""month"":6,""searchVolume"":0}]"
neschopenka online,ideas,true,benzac online,0,,,,transactional,"[{""year"":2026,""month"":7,""searchVolume"":0},{""year"":2026,""month"":6,""searchVolume"":0},{""year"":2026,""month"":5,""searchVolume"":0},{""year"":2026,""month"":4,""searchVolume"":0},{""year"":2026,""month"":3,""searchVolume"":0},{""year"":2026,""month"":2,""searchVolume"":0},{""year"":2026,""month"":1,""searchVolume"":0},{""year"":2025,""month"":12,""searchVolume"":0},{""year"":2025,""month"":11,""searchVolume"":0},{""year"":2025,""month"":10,""searchVolume"":0},{""year"":2025,""month"":9,""searchVolume"":0},{""year"":2025,""month"":8,""searchVolume"":0}]"
neschopenka online,ideas,true,masáže online,,,,,commercial,"[{""year"":2026,""month"":5,""searchVolume"":0},{""year"":2026,""month"":4,""searchVolume"":0},{""year"":2026,""month"":3,""searchVolume"":0},{""year"":2026,""month"":2,""searchVolume"":0},{""year"":2026,""month"":1,""searchVolume"":0},{""year"":2025,""month"":12,""searchVolume"":0},{""year"":2025,""month"":11,""searchVolume"":0},{""year"":2025,""month"":10,""searchVolume"":0},{""year"":2025,""month"":9,""searchVolume"":0},{""year"":2025,""month"":8,""searchVolume"":0},{""year"":2025,""month"":7,""searchVolume"":0},{""year"":2025,""month"":6,""searchVolume"":0}]"
neschopenka online,ideas,true,kardio online,,,,,informational,"[{""year"":2026,""month"":5,""searchVolume"":0},{""year"":2026,""month"":4,""searchVolume"":0},{""year"":2026,""month"":3,""searchVolume"":0},{""year"":2026,""month"":2,""searchVolume"":0},{""year"":2026,""month"":1,""searchVolume"":0},{""year"":2025,""month"":12,""searchVolume"":0},{""year"":2025,""month"":11,""searchVolume"":0},{""year"":2025,""month"":10,""searchVolume"":0},{""year"":2025,""month"":9,""searchVolume"":0},{""year"":2025,""month"":8,""searchVolume"":0},{""year"":2025,""month"":7,""searchVolume"":0},{""year"":2025,""month"":6,""searchVolume"":0}]"
neschopenka online,ideas,true,lékárník online,,,,,navigational,"[{""year"":2026,""month"":5,""searchVolume"":0},{""year"":2026,""month"":4,""searchVolume"":0},{""year"":2026,""month"":3,""searchVolume"":0},{""year"":2026,""month"":2,""searchVolume"":0},{""year"":2026,""month"":1,""searchVolume"":0},{""year"":2025,""month"":12,""searchVolume"":0},{""year"":2025,""month"":11,""searchVolume"":0},{""year"":2025,""month"":10,""searchVolume"":0},{""year"":2025,""month"":9,""searchVolume"":0},{""year"":2025,""month"":8,""searchVolume"":0},{""year"":2025,""month"":7,""searchVolume"":0},{""year"":2025,""month"":6,""searchVolume"":0}]"
neschopenka online,ideas,true,gravidometr online,,,,,transactional,"[{""year"":2026,""month"":5,""searchVolume"":0},{""year"":2026,""month"":4,""searchVolume"":0},{""year"":2026,""month"":3,""searchVolume"":0},{""year"":2026,""month"":2,""searchVolume"":0},{""year"":2026,""month"":1,""searchVolume"":0},{""year"":2025,""month"":12,""searchVolume"":0},{""year"":2025,""month"":11,""searchVolume"":0},{""year"":2025,""month"":10,""searchVolume"":0},{""year"":2025,""month"":9,""searchVolume"":0},{""year"":2025,""month"":8,""searchVolume"":0},{""year"":2025,""month"":7,""searchVolume"":0},{""year"":2025,""month"":6,""searchVolume"":0}]"
neschopenka online,ideas,true,online gynekologie,,0,,,informational,"[{""year"":2026,""month"":5,""searchVolume"":0},{""year"":2026,""month"":4,""searchVolume"":0},{""year"":2026,""month"":3,""searchVolume"":0},{""year"":2026,""month"":2,""searchVolume"":0},{""year"":2026,""month"":1,""searchVolume"":0},{""year"":2025,""month"":12,""searchVolume"":0},{""year"":2025,""month"":11,""searchVolume"":0},{""year"":2025,""month"":10,""searchVolume"":0},{""year"":2025,""month"":9,""searchVolume"":0},{""year"":2025,""month"":8,""searchVolume"":0},{""year"":2025,""month"":7,""searchVolume"":0},{""year"":2025,""month"":6,""searchVolume"":0}]"
neschopenka online,ideas,true,diabetologové online,,,,,navigational,"[{""year"":2026,""month"":5,""searchVolume"":0},{""year"":2026,""month"":4,""searchVolume"":0},{""year"":2026,""month"":3,""searchVolume"":0},{""year"":2026,""month"":2,""searchVolume"":0},{""year"":2026,""month"":1,""searchVolume"":0},{""year"":2025,""month"":12,""searchVolume"":0},{""year"":2025,""month"":11,""searchVolume"":0},{""year"":2025,""month"":10,""searchVolume"":0},{""year"":2025,""month"":9,""searchVolume"":0},{""year"":2025,""month"":8,""searchVolume"":0},{""year"":2025,""month"":7,""searchVolume"":0},{""year"":2025,""month"":6,""searchVolume"":0}]"
neschopenka online,ideas,true,panoptikum online,,,,,transactional,"[{""year"":2026,""month"":5,""searchVolume"":0},{""year"":2026,""month"":4,""searchVolume"":0},{""year"":2026,""month"":3,""searchVolume"":0},{""year"":2026,""month"":2,""searchVolume"":0},{""year"":2026,""month"":1,""searchVolume"":0},{""year"":2025,""month"":12,""searchVolume"":0},{""year"":2025,""month"":11,""searchVolume"":0},{""year"":2025,""month"":10,""searchVolume"":0},{""year"":2025,""month"":9,""searchVolume"":0},{""year"":2025,""month"":8,""searchVolume"":0},{""year"":2025,""month"":7,""searchVolume"":0},{""year"":2025,""month"":6,""searchVolume"":0}]"
neschopenka online,ideas,true,online léčení,,,,,informational,"[{""year"":2026,""month"":5,""searchVolume"":0},{""year"":2026,""month"":4,""searchVolume"":0},{""year"":2026,""month"":3,""searchVolume"":0},{""year"":2026,""month"":2,""searchVolume"":0},{""year"":2026,""month"":1,""searchVolume"":0},{""year"":2025,""month"":12,""searchVolume"":0},{""year"":2025,""month"":11,""searchVolume"":0},{""year"":2025,""month"":10,""searchVolume"":0},{""year"":2025,""month"":9,""searchVolume"":0},{""year"":2025,""month"":8,""searchVolume"":0},{""year"":2025,""month"":7,""searchVolume"":0},{""year"":2025,""month"":6,""searchVolume"":0}]"
neschopenka online,ideas,true,stomatolog online,,,,,informational,"[{""year"":2026,""month"":6,""searchVolume"":0},{""year"":2026,""month"":5,""searchVolume"":0},{""year"":2026,""month"":4,""searchVolume"":0},{""year"":2026,""month"":3,""searchVolume"":0},{""year"":2026,""month"":2,""searchVolume"":0},{""year"":2026,""month"":1,""searchVolume"":0},{""year"":2025,""month"":12,""searchVolume"":0},{""year"":2025,""month"":11,""searchVolume"":0},{""year"":2025,""month"":10,""searchVolume"":0},{""year"":2025,""month"":9,""searchVolume"":0},{""year"":2025,""month"":8,""searchVolume"":0},{""year"":2025,""month"":7,""searchVolume"":0}]"
neschopenka online,ideas,true,amputace online,,,,,informational,"[{""year"":2026,""month"":5,""searchVolume"":0},{""year"":2026,""month"":4,""searchVolume"":0},{""year"":2026,""month"":3,""searchVolume"":0},{""year"":2026,""month"":2,""searchVolume"":0},{""year"":2026,""month"":1,""searchVolume"":0},{""year"":2025,""month"":12,""searchVolume"":0},{""year"":2025,""month"":11,""searchVolume"":0},{""year"":2025,""month"":10,""searchVolume"":0},{""year"":2025,""month"":9,""searchVolume"":0},{""year"":2025,""month"":8,""searchVolume"":0},{""year"":2025,""month"":7,""searchVolume"":0},{""year"":2025,""month"":6,""searchVolume"":0}]"
neschopenka online,ideas,true,miralax online,0,,,,transactional,"[{""year"":2026,""month"":7,""searchVolume"":0},{""year"":2026,""month"":6,""searchVolume"":0},{""year"":2026,""month"":5,""searchVolume"":0},{""year"":2026,""month"":4,""searchVolume"":0},{""year"":2026,""month"":3,""searchVolume"":0},{""year"":2026,""month"":2,""searchVolume"":0},{""year"":2026,""month"":1,""searchVolume"":0},{""year"":2025,""month"":12,""searchVolume"":0},{""year"":2025,""month"":11,""searchVolume"":0},{""year"":2025,""month"":10,""searchVolume"":0},{""year"":2025,""month"":9,""searchVolume"":0},{""year"":2025,""month"":8,""searchVolume"":0}]"
neschopenka online,ideas,true,biohackeři online,,,,,informational,"[{""year"":2026,""month"":5,""searchVolume"":0},{""year"":2026,""month"":4,""searchVolume"":0},{""year"":2026,""month"":3,""searchVolume"":0},{""year"":2026,""month"":2,""searchVolume"":0},{""year"":2026,""month"":1,""searchVolume"":0},{""year"":2025,""month"":12,""searchVolume"":0},{""year"":2025,""month"":11,""searchVolume"":0},{""year"":2025,""month"":10,""searchVolume"":0},{""year"":2025,""month"":9,""searchVolume"":0},{""year"":2025,""month"":8,""searchVolume"":0},{""year"":2025,""month"":7,""searchVolume"":0},{""year"":2025,""month"":6,""searchVolume"":0}]"
neschopenka online,ideas,true,prénatal online,0,,,,informational,"[{""year"":2026,""month"":7,""searchVolume"":0},{""year"":2026,""month"":6,""searchVolume"":0},{""year"":2026,""month"":5,""searchVolume"":0},{""year"":2026,""month"":4,""searchVolume"":0},{""year"":2026,""month"":3,""searchVolume"":0},{""year"":2026,""month"":2,""searchVolume"":0},{""year"":2026,""month"":1,""searchVolume"":0},{""year"":2025,""month"":12,""searchVolume"":0},{""year"":2025,""month"":11,""searchVolume"":0},{""year"":2025,""month"":10,""searchVolume"":0},{""year"":2025,""month"":9,""searchVolume"":0},{""year"":2025,""month"":8,""searchVolume"":0}]"
neschopenka online,ideas,true,prevence online,,,,,informational,"[{""year"":2026,""month"":5,""searchVolume"":0},{""year"":2026,""month"":4,""searchVolume"":0},{""year"":2026,""month"":3,""searchVolume"":0},{""year"":2026,""month"":2,""searchVolume"":0},{""year"":2026,""month"":1,""searchVolume"":0},{""year"":2025,""month"":12,""searchVolume"":0},{""year"":2025,""month"":11,""searchVolume"":0},{""year"":2025,""month"":10,""searchVolume"":0},{""year"":2025,""month"":9,""searchVolume"":0},{""year"":2025,""month"":8,""searchVolume"":0},{""year"":2025,""month"":7,""searchVolume"":0},{""year"":2025,""month"":6,""searchVolume"":0}]"
neschopenka online,ideas,true,psychosomatika online,,,,,navigational,"[{""year"":2026,""month"":5,""searchVolume"":0},{""year"":2026,""month"":4,""searchVolume"":0},{""year"":2026,""month"":3,""searchVolume"":0},{""year"":2026,""month"":2,""searchVolume"":0},{""year"":2026,""month"":1,""searchVolume"":0},{""year"":2025,""month"":12,""searchVolume"":0},{""year"":2025,""month"":11,""searchVolume"":0},{""year"":2025,""month"":10,""searchVolume"":0},{""year"":2025,""month"":9,""searchVolume"":0},{""year"":2025,""month"":8,""searchVolume"":0},{""year"":2025,""month"":7,""searchVolume"":0},{""year"":2025,""month"":6,""searchVolume"":0}]"
neschopenka online,ideas,true,online psychodiagnostika,,,,,informational,"[{""year"":2026,""month"":5,""searchVolume"":0},{""year"":2026,""month"":4,""searchVolume"":0},{""year"":2026,""month"":3,""searchVolume"":0},{""year"":2026,""month"":2,""searchVolume"":0},{""year"":2026,""month"":1,""searchVolume"":0},{""year"":2025,""month"":12,""searchVolume"":0},{""year"":2025,""month"":11,""searchVolume"":0},{""year"":2025,""month"":10,""searchVolume"":0},{""year"":2025,""month"":9,""searchVolume"":0},{""year"":2025,""month"":8,""searchVolume"":0},{""year"":2025,""month"":7,""searchVolume"":0},{""year"":2025,""month"":6,""searchVolume"":0}]"
neschopenka online,ideas,true,ultrazvuk online,,,,,informational,"[{""year"":2026,""month"":5,""searchVolume"":0},{""year"":2026,""month"":4,""searchVolume"":0},{""year"":2026,""month"":3,""searchVolume"":0},{""year"":2026,""month"":2,""searchVolume"":0},{""year"":2026,""month"":1,""searchVolume"":0},{""year"":2025,""month"":12,""searchVolume"":0},{""year"":2025,""month"":11,""searchVolume"":0},{""year"":2025,""month"":10,""searchVolume"":0},{""year"":2025,""month"":9,""searchVolume"":0},{""year"":2025,""month"":8,""searchVolume"":0},{""year"":2025,""month"":7,""searchVolume"":0},{""year"":2025,""month"":6,""searchVolume"":0}]"
neschopenka online,ideas,true,žvýkačky online,,,,,informational,"[{""year"":2026,""month"":5,""searchVolume"":0},{""year"":2026,""month"":4,""searchVolume"":0},{""year"":2026,""month"":3,""searchVolume"":0},{""year"":2026,""month"":2,""searchVolume"":0},{""year"":2026,""month"":1,""searchVolume"":0},{""year"":2025,""month"":12,""searchVolume"":0},{""year"":2025,""month"":11,""searchVolume"":0},{""year"":2025,""month"":10,""searchVolume"":0},{""year"":2025,""month"":9,""searchVolume"":0},{""year"":2025,""month"":8,""searchVolume"":0},{""year"":2025,""month"":7,""searchVolume"":0},{""year"":2025,""month"":6,""searchVolume"":0}]"
neschopenka online,ideas,true,vyšetření online,,,,,informational,"[{""year"":2026,""month"":5,""searchVolume"":0},{""year"":2026,""month"":4,""searchVolume"":0},{""year"":2026,""month"":3,""searchVolume"":0},{""year"":2026,""month"":2,""searchVolume"":0},{""year"":2026,""month"":1,""searchVolume"":0},{""year"":2025,""month"":12,""searchVolume"":0},{""year"":2025,""month"":11,""searchVolume"":0},{""year"":2025,""month"":10,""searchVolume"":0},{""year"":2025,""month"":9,""searchVolume"":0},{""year"":2025,""month"":8,""searchVolume"":0},{""year"":2025,""month"":7,""searchVolume"":0},{""year"":2025,""month"":6,""searchVolume"":0}]"
neschopenka online,ideas,true,zshp online,,,,,navigational,"[{""year"":2026,""month"":5,""searchVolume"":0},{""year"":2026,""month"":4,""searchVolume"":0},{""year"":2026,""month"":3,""searchVolume"":0},{""year"":2026,""month"":2,""searchVolume"":0},{""year"":2026,""month"":1,""searchVolume"":0},{""year"":2025,""month"":12,""searchVolume"":0},{""year"":2025,""month"":11,""searchVolume"":0},{""year"":2025,""month"":10,""searchVolume"":0},{""year"":2025,""month"":9,""searchVolume"":0},{""year"":2025,""month"":8,""searchVolume"":0},{""year"":2025,""month"":7,""searchVolume"":0},{""year"":2025,""month"":6,""searchVolume"":0}]"
neschopenka online,ideas,true,xdent online,,,,,navigational,"[{""year"":2026,""month"":5,""searchVolume"":0},{""year"":2026,""month"":4,""searchVolume"":0},{""year"":2026,""month"":3,""searchVolume"":0},{""year"":2026,""month"":2,""searchVolume"":0},{""year"":2026,""month"":1,""searchVolume"":0},{""year"":2025,""month"":12,""searchVolume"":0},{""year"":2025,""month"":11,""searchVolume"":0},{""year"":2025,""month"":10,""searchVolume"":0},{""year"":2025,""month"":9,""searchVolume"":0},{""year"":2025,""month"":8,""searchVolume"":0},{""year"":2025,""month"":7,""searchVolume"":0},{""year"":2025,""month"":6,""searchVolume"":0}]"
neschopenka online,ideas,true,poruchy online,,,,,informational,"[{""year"":2026,""month"":5,""searchVolume"":0},{""year"":2026,""month"":4,""searchVolume"":0},{""year"":2026,""month"":3,""searchVolume"":0},{""year"":2026,""month"":2,""searchVolume"":0},{""year"":2026,""month"":1,""searchVolume"":0},{""year"":2025,""month"":12,""searchVolume"":0},{""year"":2025,""month"":11,""searchVolume"":0},{""year"":2025,""month"":10,""searchVolume"":0},{""year"":2025,""month"":9,""searchVolume"":0},{""year"":2025,""month"":8,""searchVolume"":0},{""year"":2025,""month"":7,""searchVolume"":0},{""year"":2025,""month"":6,""searchVolume"":0}]"
neschopenka online,ideas,true,isotonitazene online,0,,,,informational,"[{""year"":2026,""month"":7,""searchVolume"":0},{""year"":2026,""month"":6,""searchVolume"":0},{""year"":2026,""month"":5,""searchVolume"":0},{""year"":2026,""month"":4,""searchVolume"":0},{""year"":2026,""month"":3,""searchVolume"":0},{""year"":2026,""month"":2,""searchVolume"":0},{""year"":2026,""month"":1,""searchVolume"":0},{""year"":2025,""month"":12,""searchVolume"":0},{""year"":2025,""month"":11,""searchVolume"":0},{""year"":2025,""month"":10,""searchVolume"":0},{""year"":2025,""month"":9,""searchVolume"":0},{""year"":2025,""month"":8,""searchVolume"":0}]"
neschopenka online,ideas,true,prolékaře online,,,,,commercial,"[{""year"":2026,""month"":5,""searchVolume"":0},{""year"":2026,""month"":4,""searchVolume"":0},{""year"":2026,""month"":3,""searchVolume"":0},{""year"":2026,""month"":2,""searchVolume"":0},{""year"":2026,""month"":1,""searchVolume"":0},{""year"":2025,""month"":12,""searchVolume"":0},{""year"":2025,""month"":11,""searchVolume"":0},{""year"":2025,""month"":10,""searchVolume"":0},{""year"":2025,""month"":9,""searchVolume"":0},{""year"":2025,""month"":8,""searchVolume"":0},{""year"":2025,""month"":7,""searchVolume"":0},{""year"":2025,""month"":6,""searchVolume"":0}]"
neschopenka online,ideas,true,biosline online,,,,,navigational,"[{""year"":2026,""month"":5,""searchVolume"":0},{""year"":2026,""month"":4,""searchVolume"":0},{""year"":2026,""month"":3,""searchVolume"":0},{""year"":2026,""month"":2,""searchVolume"":0},{""year"":2026,""month"":1,""searchVolume"":0},{""year"":2025,""month"":12,""searchVolume"":0},{""year"":2025,""month"":11,""searchVolume"":0},{""year"":2025,""month"":10,""searchVolume"":0},{""year"":2025,""month"":9,""searchVolume"":0},{""year"":2025,""month"":8,""searchVolume"":0},{""year"":2025,""month"":7,""searchVolume"":0},{""year"":2025,""month"":6,""searchVolume"":0}]"
neschopenka online,ideas,true,čekárna online,,,,,navigational,"[{""year"":2026,""month"":5,""searchVolume"":0},{""year"":2026,""month"":4,""searchVolume"":0},{""year"":2026,""month"":3,""searchVolume"":0},{""year"":2026,""month"":2,""searchVolume"":0},{""year"":2026,""month"":1,""searchVolume"":0},{""year"":2025,""month"":12,""searchVolume"":0},{""year"":2025,""month"":11,""searchVolume"":0},{""year"":2025,""month"":10,""searchVolume"":0},{""year"":2025,""month"":9,""searchVolume"":0},{""year"":2025,""month"":8,""searchVolume"":0},{""year"":2025,""month"":7,""searchVolume"":0},{""year"":2025,""month"":6,""searchVolume"":0}]"
neschopenka online,ideas,true,psycholog online konzultace,,,,,informational,"[{""year"":2026,""month"":5,""searchVolume"":0},{""year"":2026,""month"":4,""searchVolume"":0},{""year"":2026,""month"":3,""searchVolume"":0},{""year"":2026,""month"":2,""searchVolume"":0},{""year"":2026,""month"":1,""searchVolume"":0},{""year"":2025,""month"":12,""searchVolume"":0},{""year"":2025,""month"":11,""searchVolume"":0},{""year"":2025,""month"":10,""searchVolume"":0},{""year"":2025,""month"":9,""searchVolume"":0},{""year"":2025,""month"":8,""searchVolume"":0},{""year"":2025,""month"":7,""searchVolume"":0},{""year"":2025,""month"":6,""searchVolume"":0}]"
neschopenka online,ideas,true,viagra prodej online,,,,,transactional,"[{""year"":2026,""month"":5,""searchVolume"":0},{""year"":2026,""month"":4,""searchVolume"":0},{""year"":2026,""month"":3,""searchVolume"":0},{""year"":2026,""month"":2,""searchVolume"":0},{""year"":2026,""month"":1,""searchVolume"":0},{""year"":2025,""month"":12,""searchVolume"":0},{""year"":2025,""month"":11,""searchVolume"":0},{""year"":2025,""month"":10,""searchVolume"":0},{""year"":2025,""month"":9,""searchVolume"":0},{""year"":2025,""month"":8,""searchVolume"":0},{""year"":2025,""month"":7,""searchVolume"":0},{""year"":2025,""month"":6,""searchVolume"":0}]"
žádanka online,ideas,true,stopky online,3600,0,1.25,0.01,navigational,"[{""year"":2026,""month"":7,""searchVolume"":2900},{""year"":2026,""month"":6,""searchVolume"":2900},{""year"":2026,""month"":5,""searchVolume"":2900},{""year"":2026,""month"":4,""searchVolume"":2900},{""year"":2026,""month"":3,""searchVolume"":4400},{""year"":2026,""month"":2,""searchVolume"":3600},{""year"":2026,""month"":1,""searchVolume"":5400},{""year"":2025,""month"":12,""searchVolume"":4400},{""year"":2025,""month"":11,""searchVolume"":5400},{""year"":2025,""month"":10,""searchVolume"":5400},{""year"":2025,""month"":9,""searchVolume"":4400},{""year"":2025,""month"":8,""searchVolume"":2900}]"
žádanka online,ideas,true,podání online,480,0,,0.02,informational,"[{""year"":2026,""month"":7,""searchVolume"":390},{""year"":2026,""month"":6,""searchVolume"":480},{""year"":2026,""month"":5,""searchVolume"":390},{""year"":2026,""month"":4,""searchVolume"":480},{""year"":2026,""month"":3,""searchVolume"":480},{""year"":2026,""month"":2,""searchVolume"":480},{""year"":2026,""month"":1,""searchVolume"":590},{""year"":2025,""month"":12,""searchVolume"":480},{""year"":2025,""month"":11,""searchVolume"":480},{""year"":2025,""month"":10,""searchVolume"":480},{""year"":2025,""month"":9,""searchVolume"":390},{""year"":2025,""month"":8,""searchVolume"":480}]"
žádanka online,ideas,true,ulice online,4400,16,0.67,0.02,informational,"[{""year"":2026,""month"":7,""searchVolume"":720},{""year"":2026,""month"":6,""searchVolume"":4400},{""year"":2026,""month"":5,""searchVolume"":5400},{""year"":2026,""month"":4,""searchVolume"":5400},{""year"":2026,""month"":3,""searchVolume"":5400},{""year"":2026,""month"":2,""searchVolume"":3600},{""year"":2026,""month"":1,""searchVolume"":4400},{""year"":2025,""month"":12,""searchVolume"":4400},{""year"":2025,""month"":11,""searchVolume"":5400},{""year"":2025,""month"":10,""searchVolume"":5400},{""year"":2025,""month"":9,""searchVolume"":6600},{""year"":2025,""month"":8,""searchVolume"":3600}]"
žádanka online,ideas,true,prostřeno online,1300,6,0.35,0.13,informational,"[{""year"":2026,""month"":7,""searchVolume"":390},{""year"":2026,""month"":6,""searchVolume"":720},{""year"":2026,""month"":5,""searchVolume"":880},{""year"":2026,""month"":4,""searchVolume"":1000},{""year"":2026,""month"":3,""searchVolume"":1300},{""year"":2026,""month"":2,""searchVolume"":1900},{""year"":2026,""month"":1,""searchVolume"":2900},{""year"":2025,""month"":12,""searchVolume"":1300},{""year"":2025,""month"":11,""searchVolume"":1600},{""year"":2025,""month"":10,""searchVolume"":1000},{""year"":2025,""month"":9,""searchVolume"":1000},{""year"":2025,""month"":8,""searchVolume"":590}]"
žádanka online,ideas,true,trojčlenka online,2400,0,,0,informational,"[{""year"":2026,""month"":7,""searchVolume"":1600},{""year"":2026,""month"":6,""searchVolume"":1600},{""year"":2026,""month"":5,""searchVolume"":1900},{""year"":2026,""month"":4,""searchVolume"":2400},{""year"":2026,""month"":3,""searchVolume"":2400},{""year"":2026,""month"":2,""searchVolume"":2400},{""year"":2026,""month"":1,""searchVolume"":2400},{""year"":2025,""month"":12,""searchVolume"":1900},{""year"":2025,""month"":11,""searchVolume"":2400},{""year"":2025,""month"":10,""searchVolume"":2400},{""year"":2025,""month"":9,""searchVolume"":2400},{""year"":2025,""month"":8,""searchVolume"":2400}]"
žádanka online,ideas,true,frekvence 1 online,4400,10,0.01,0.05,navigational,"[{""year"":2026,""month"":7,""searchVolume"":4400},{""year"":2026,""month"":6,""searchVolume"":4400},{""year"":2026,""month"":5,""searchVolume"":4400},{""year"":2026,""month"":4,""searchVolume"":4400},{""year"":2026,""month"":3,""searchVolume"":5400},{""year"":2026,""month"":2,""searchVolume"":3600},{""year"":2026,""month"":1,""searchVolume"":3600},{""year"":2025,""month"":12,""searchVolume"":3600},{""year"":2025,""month"":11,""searchVolume"":3600},{""year"":2025,""month"":10,""searchVolume"":4400},{""year"":2025,""month"":9,""searchVolume"":4400},{""year"":2025,""month"":8,""searchVolume"":5400}]"
žádanka online,ideas,true,bazeny online,2900,28,1.16,1,navigational,"[{""year"":2026,""month"":7,""searchVolume"":4400},{""year"":2026,""month"":6,""searchVolume"":8100},{""year"":2026,""month"":5,""searchVolume"":8100},{""year"":2026,""month"":4,""searchVolume"":4400},{""year"":2026,""month"":3,""searchVolume"":2400},{""year"":2026,""month"":2,""searchVolume"":1000},{""year"":2026,""month"":1,""searchVolume"":880},{""year"":2025,""month"":12,""searchVolume"":390},{""year"":2025,""month"":11,""searchVolume"":880},{""year"":2025,""month"":10,""searchVolume"":1300},{""year"":2025,""month"":9,""searchVolume"":1600},{""year"":2025,""month"":8,""searchVolume"":2900}]"
žádanka online,ideas,true,agentura jasno online,40,0,,0.01,navigational,"[{""year"":2026,""month"":7,""searchVolume"":20},{""year"":2026,""month"":6,""searchVolume"":30},{""year"":2026,""month"":5,""searchVolume"":20},{""year"":2026,""month"":4,""searchVolume"":30},{""year"":2026,""month"":3,""searchVolume"":70},{""year"":2026,""month"":2,""searchVolume"":40},{""year"":2026,""month"":1,""searchVolume"":40},{""year"":2025,""month"":12,""searchVolume"":30},{""year"":2025,""month"":11,""searchVolume"":20},{""year"":2025,""month"":10,""searchVolume"":50},{""year"":2025,""month"":9,""searchVolume"":50},{""year"":2025,""month"":8,""searchVolume"":70}]"
žádanka online,ideas,true,hitrádio online,720,68,0.01,0.04,informational,"[{""year"":2026,""month"":7,""searchVolume"":590},{""year"":2026,""month"":6,""searchVolume"":720},{""year"":2026,""month"":5,""searchVolume"":720},{""year"":2026,""month"":4,""searchVolume"":590},{""year"":2026,""month"":3,""searchVolume"":720},{""year"":2026,""month"":2,""searchVolume"":720},{""year"":2026,""month"":1,""searchVolume"":590},{""year"":2025,""month"":12,""searchVolume"":720},{""year"":2025,""month"":11,""searchVolume"":720},{""year"":2025,""month"":10,""searchVolume"":720},{""year"":2025,""month"":9,""searchVolume"":880},{""year"":2025,""month"":8,""searchVolume"":880}]"
žádanka online,ideas,true,pravítko online,2400,0,0.51,0.01,navigational,"[{""year"":2026,""month"":7,""searchVolume"":1900},{""year"":2026,""month"":6,""searchVolume"":2400},{""year"":2026,""month"":5,""searchVolume"":2400},{""year"":2026,""month"":4,""searchVolume"":2400},{""year"":2026,""month"":3,""searchVolume"":2900},{""year"":2026,""month"":2,""searchVolume"":2400},{""year"":2026,""month"":1,""searchVolume"":2900},{""year"":2025,""month"":12,""searchVolume"":2900},{""year"":2025,""month"":11,""searchVolume"":3600},{""year"":2025,""month"":10,""searchVolume"":2900},{""year"":2025,""month"":9,""searchVolume"":2900},{""year"":2025,""month"":8,""searchVolume"":2400}]"
žádanka online,ideas,true,vypravej online,2900,0,0.28,0.01,navigational,"[{""year"":2026,""month"":7,""searchVolume"":2400},{""year"":2026,""month"":6,""searchVolume"":2400},{""year"":2026,""month"":5,""searchVolume"":2400},{""year"":2026,""month"":4,""searchVolume"":2900},{""year"":2026,""month"":3,""searchVolume"":4400},{""year"":2026,""month"":2,""searchVolume"":3600},{""year"":2026,""month"":1,""searchVolume"":3600},{""year"":2025,""month"":12,""searchVolume"":1600},{""year"":2025,""month"":11,""searchVolume"":2400},{""year"":2025,""month"":10,""searchVolume"":1900},{""year"":2025,""month"":9,""searchVolume"":1900},{""year"":2025,""month"":8,""searchVolume"":1900}]"
žádanka online,ideas,true,online výsledky,8100,58,0.92,0,informational,"[{""year"":2026,""month"":7,""searchVolume"":6600},{""year"":2026,""month"":6,""searchVolume"":6600},{""year"":2026,""month"":5,""searchVolume"":9900},{""year"":2026,""month"":4,""searchVolume"":8100},{""year"":2026,""month"":3,""searchVolume"":9900},{""year"":2026,""month"":2,""searchVolume"":8100},{""year"":2026,""month"":1,""searchVolume"":8100},{""year"":2025,""month"":12,""searchVolume"":6600},{""year"":2025,""month"":11,""searchVolume"":8100},{""year"":2025,""month"":10,""searchVolume"":8100},{""year"":2025,""month"":9,""searchVolume"":8100},{""year"":2025,""month"":8,""searchVolume"":8100}]"
žádanka online,ideas,true,elektronická žádanka,30,42,,0,informational,"[{""year"":2026,""month"":7,""searchVolume"":20},{""year"":2026,""month"":6,""searchVolume"":40},{""year"":2026,""month"":5,""searchVolume"":30},{""year"":2026,""month"":4,""searchVolume"":30},{""year"":2026,""month"":3,""searchVolume"":40},{""year"":2026,""month"":2,""searchVolume"":30},{""year"":2026,""month"":1,""searchVolume"":110},{""year"":2025,""month"":12,""searchVolume"":20},{""year"":2025,""month"":11,""searchVolume"":10},{""year"":2025,""month"":10,""searchVolume"":20},{""year"":2025,""month"":9,""searchVolume"":40},{""year"":2025,""month"":8,""searchVolume"":30}]"
žádanka online,ideas,true,antikvariát online,1600,56,0.48,0.96,navigational,"[{""year"":2026,""month"":7,""searchVolume"":1000},{""year"":2026,""month"":6,""searchVolume"":1000},{""year"":2026,""month"":5,""searchVolume"":880},{""year"":2026,""month"":4,""searchVolume"":1300},{""year"":2026,""month"":3,""searchVolume"":1300},{""year"":2026,""month"":2,""searchVolume"":1600},{""year"":2026,""month"":1,""searchVolume"":1600},{""year"":2025,""month"":12,""searchVolume"":1600},{""year"":2025,""month"":11,""searchVolume"":1900},{""year"":2025,""month"":10,""searchVolume"":1900},{""year"":2025,""month"":9,""searchVolume"":1900},{""year"":2025,""month"":8,""searchVolume"":1600}]"
žádanka online,ideas,true,vizitky online,880,0,2.84,1,navigational,"[{""year"":2026,""month"":7,""searchVolume"":590},{""year"":2026,""month"":6,""searchVolume"":590},{""year"":2026,""month"":5,""searchVolume"":720},{""year"":2026,""month"":4,""searchVolume"":880},{""year"":2026,""month"":3,""searchVolume"":1000},{""year"":2026,""month"":2,""searchVolume"":880},{""year"":2026,""month"":1,""searchVolume"":1000},{""year"":2025,""month"":12,""searchVolume"":720},{""year"":2025,""month"":11,""searchVolume"":1000},{""year"":2025,""month"":10,""searchVolume"":1000},{""year"":2025,""month"":9,""searchVolume"":1000},{""year"":2025,""month"":8,""searchVolume"":880}]"
žádanka online,ideas,true,rodokmen online,1300,0,0.93,0.46,informational,"[{""year"":2026,""month"":7,""searchVolume"":880},{""year"":2026,""month"":6,""searchVolume"":880},{""year"":2026,""month"":5,""searchVolume"":1000},{""year"":2026,""month"":4,""searchVolume"":1300},{""year"":2026,""month"":3,""searchVolume"":1600},{""year"":2026,""month"":2,""searchVolume"":1600},{""year"":2026,""month"":1,""searchVolume"":1900},{""year"":2025,""month"":12,""searchVolume"":1300},{""year"":2025,""month"":11,""searchVolume"":1600},{""year"":2025,""month"":10,""searchVolume"":1600},{""year"":2025,""month"":9,""searchVolume"":1300},{""year"":2025,""month"":8,""searchVolume"":880}]"
žádanka online,ideas,true,srnky online,390,0,1.68,0.02,navigational,"[{""year"":2026,""month"":7,""searchVolume"":170},{""year"":2026,""month"":6,""searchVolume"":140},{""year"":2026,""month"":5,""searchVolume"":140},{""year"":2026,""month"":4,""searchVolume"":140},{""year"":2026,""month"":3,""searchVolume"":210},{""year"":2026,""month"":2,""searchVolume"":260},{""year"":2026,""month"":1,""searchVolume"":720},{""year"":2025,""month"":12,""searchVolume"":1000},{""year"":2025,""month"":11,""searchVolume"":720},{""year"":2025,""month"":10,""searchVolume"":720},{""year"":2025,""month"":9,""searchVolume"":720},{""year"":2025,""month"":8,""searchVolume"":90}]"
žádanka online,ideas,true,práce online,1000,37,0.63,0.56,informational,"[{""year"":2026,""month"":7,""searchVolume"":880},{""year"":2026,""month"":6,""searchVolume"":880},{""year"":2026,""month"":5,""searchVolume"":880},{""year"":2026,""month"":4,""searchVolume"":880},{""year"":2026,""month"":3,""searchVolume"":1000},{""year"":2026,""month"":2,""searchVolume"":1000},{""year"":2026,""month"":1,""searchVolume"":1600},{""year"":2025,""month"":12,""searchVolume"":880},{""year"":2025,""month"":11,""searchVolume"":1300},{""year"":2025,""month"":10,""searchVolume"":1300},{""year"":2025,""month"":9,""searchVolume"":1600},{""year"":2025,""month"":8,""searchVolume"":1300}]"
žádanka online,ideas,true,matriky online,1600,0,2.55,0.14,navigational,"[{""year"":2026,""month"":7,""searchVolume"":1600},{""year"":2026,""month"":6,""searchVolume"":1300},{""year"":2026,""month"":5,""searchVolume"":1300},{""year"":2026,""month"":4,""searchVolume"":1600},{""year"":2026,""month"":3,""searchVolume"":1600},{""year"":2026,""month"":2,""searchVolume"":2400},{""year"":2026,""month"":1,""searchVolume"":1900},{""year"":2025,""month"":12,""searchVolume"":1300},{""year"":2025,""month"":11,""searchVolume"":1600},{""year"":2025,""month"":10,""searchVolume"":1600},{""year"":2025,""month"":9,""searchVolume"":1300},{""year"":2025,""month"":8,""searchVolume"":1300}]"
žádanka online,ideas,true,pelíšky online,390,6,0.46,0.03,navigational,"[{""year"":2026,""month"":7,""searchVolume"":110},{""year"":2026,""month"":6,""searchVolume"":170},{""year"":2026,""month"":5,""searchVolume"":140},{""year"":2026,""month"":4,""searchVolume"":140},{""year"":2026,""month"":3,""searchVolume"":140},{""year"":2026,""month"":2,""searchVolume"":170},{""year"":2026,""month"":1,""searchVolume"":320},{""year"":2025,""month"":12,""searchVolume"":2900},{""year"":2025,""month"":11,""searchVolume"":390},{""year"":2025,""month"":10,""searchVolume"":260},{""year"":2025,""month"":9,""searchVolume"":170},{""year"":2025,""month"":8,""searchVolume"":210}]"
žádanka online,ideas,true,monyová online,480,19,0.76,0,informational,"[{""year"":2026,""month"":7,""searchVolume"":1300},{""year"":2026,""month"":6,""searchVolume"":2900},{""year"":2026,""month"":5,""searchVolume"":1600},{""year"":2026,""month"":4,""searchVolume"":30},{""year"":2026,""month"":3,""searchVolume"":0},{""year"":2026,""month"":2,""searchVolume"":0},{""year"":2026,""month"":1,""searchVolume"":0},{""year"":2025,""month"":12,""searchVolume"":0},{""year"":2025,""month"":11,""searchVolume"":0},{""year"":2025,""month"":10,""searchVolume"":0},{""year"":2025,""month"":9,""searchVolume"":0},{""year"":2025,""month"":8,""searchVolume"":0}]"
žádanka online,ideas,true,razítko online,590,11,2.27,1,navigational,"[{""year"":2026,""month"":7,""searchVolume"":390},{""year"":2026,""month"":6,""searchVolume"":390},{""year"":2026,""month"":5,""searchVolume"":390},{""year"":2026,""month"":4,""searchVolume"":480},{""year"":2026,""month"":3,""searchVolume"":590},{""year"":2026,""month"":2,""searchVolume"":590},{""year"":2026,""month"":1,""searchVolume"":720},{""year"":2025,""month"":12,""searchVolume"":480},{""year"":2025,""month"":11,""searchVolume"":720},{""year"":2025,""month"":10,""searchVolume"":720},{""year"":2025,""month"":9,""searchVolume"":1000},{""year"":2025,""month"":8,""searchVolume"":720}]"
žádanka online,ideas,true,online brigáda,1300,15,0.57,0.48,informational,"[{""year"":2026,""month"":7,""searchVolume"":1000},{""year"":2026,""month"":6,""searchVolume"":1300},{""year"":2026,""month"":5,""searchVolume"":1000},{""year"":2026,""month"":4,""searchVolume"":1000},{""year"":2026,""month"":3,""searchVolume"":1000},{""year"":2026,""month"":2,""searchVolume"":1300},{""year"":2026,""month"":1,""searchVolume"":1600},{""year"":2025,""month"":12,""searchVolume"":880},{""year"":2025,""month"":11,""searchVolume"":1300},{""year"":2025,""month"":10,""searchVolume"":1300},{""year"":2025,""month"":9,""searchVolume"":1600},{""year"":2025,""month"":8,""searchVolume"":1300}]"
žádanka online,ideas,true,uprava pdf online,590,8,2.29,0.73,navigational,"[{""year"":2026,""month"":7,""searchVolume"":480},{""year"":2026,""month"":6,""searchVolume"":590},{""year"":2026,""month"":5,""searchVolume"":590},{""year"":2026,""month"":4,""searchVolume"":590},{""year"":2026,""month"":3,""searchVolume"":720},{""year"":2026,""month"":2,""searchVolume"":720},{""year"":2026,""month"":1,""searchVolume"":720},{""year"":2025,""month"":12,""searchVolume"":480},{""year"":2025,""month"":11,""searchVolume"":590},{""year"":2025,""month"":10,""searchVolume"":590},{""year"":2025,""month"":9,""searchVolume"":590},{""year"":2025,""month"":8,""searchVolume"":480}]"
žádanka online,ideas,true,profesionáli online,140,0,,0.01,navigational,"[{""year"":2026,""month"":7,""searchVolume"":110},{""year"":2026,""month"":6,""searchVolume"":140},{""year"":2026,""month"":5,""searchVolume"":140},{""year"":2026,""month"":4,""searchVolume"":140},{""year"":2026,""month"":3,""searchVolume"":110},{""year"":2026,""month"":2,""searchVolume"":50},{""year"":2026,""month"":1,""searchVolume"":140},{""year"":2025,""month"":12,""searchVolume"":110},{""year"":2025,""month"":11,""searchVolume"":110},{""year"":2025,""month"":10,""searchVolume"":170},{""year"":2025,""month"":9,""searchVolume"":170},{""year"":2025,""month"":8,""searchVolume"":170}]"
žádanka online,ideas,true,kvaska online,140,0,0.96,0,navigational,"[{""year"":2026,""month"":7,""searchVolume"":110},{""year"":2026,""month"":6,""searchVolume"":140},{""year"":2026,""month"":5,""searchVolume"":140},{""year"":2026,""month"":4,""searchVolume"":170},{""year"":2026,""month"":3,""searchVolume"":170},{""year"":2026,""month"":2,""searchVolume"":110},{""year"":2026,""month"":1,""searchVolume"":140},{""year"":2025,""month"":12,""searchVolume"":110},{""year"":2025,""month"":11,""searchVolume"":110},{""year"":2025,""month"":10,""searchVolume"":140},{""year"":2025,""month"":9,""searchVolume"":140},{""year"":2025,""month"":8,""searchVolume"":170}]"
žádanka online,ideas,true,tabulky online,210,1,0.6,0.03,informational,"[{""year"":2026,""month"":7,""searchVolume"":110},{""year"":2026,""month"":6,""searchVolume"":170},{""year"":2026,""month"":5,""searchVolume"":170},{""year"":2026,""month"":4,""searchVolume"":210},{""year"":2026,""month"":3,""searchVolume"":210},{""year"":2026,""month"":2,""searchVolume"":170},{""year"":2026,""month"":1,""searchVolume"":260},{""year"":2025,""month"":12,""searchVolume"":170},{""year"":2025,""month"":11,""searchVolume"":210},{""year"":2025,""month"":10,""searchVolume"":210},{""year"":2025,""month"":9,""searchVolume"":170},{""year"":2025,""month"":8,""searchVolume"":170}]"
žádanka online,ideas,true,krtek online,170,2,0.92,0.03,navigational,"[{""year"":2026,""month"":7,""searchVolume"":210},{""year"":2026,""month"":6,""searchVolume"":210},{""year"":2026,""month"":5,""searchVolume"":210},{""year"":2026,""month"":4,""searchVolume"":210},{""year"":2026,""month"":3,""searchVolume"":260},{""year"":2026,""month"":2,""searchVolume"":210},{""year"":2026,""month"":1,""searchVolume"":170},{""year"":2025,""month"":12,""searchVolume"":140},{""year"":2025,""month"":11,""searchVolume"":170},{""year"":2025,""month"":10,""searchVolume"":140},{""year"":2025,""month"":9,""searchVolume"":110},{""year"":2025,""month"":8,""searchVolume"":140}]"
žádanka online,ideas,true,vratné lahve online,90,0,0.22,0.03,navigational,"[{""year"":2026,""month"":7,""searchVolume"":140},{""year"":2026,""month"":6,""searchVolume"":90},{""year"":2026,""month"":5,""searchVolume"":70},{""year"":2026,""month"":4,""searchVolume"":90},{""year"":2026,""month"":3,""searchVolume"":110},{""year"":2026,""month"":2,""searchVolume"":70},{""year"":2026,""month"":1,""searchVolume"":70},{""year"":2025,""month"":12,""searchVolume"":110},{""year"":2025,""month"":11,""searchVolume"":170},{""year"":2025,""month"":10,""searchVolume"":90},{""year"":2025,""month"":9,""searchVolume"":90},{""year"":2025,""month"":8,""searchVolume"":70}]"
žádanka online,ideas,true,bídníci online,70,0,,0.03,navigational,"[{""year"":2026,""month"":7,""searchVolume"":30},{""year"":2026,""month"":6,""searchVolume"":50},{""year"":2026,""month"":5,""searchVolume"":90},{""year"":2026,""month"":4,""searchVolume"":70},{""year"":2026,""month"":3,""searchVolume"":70},{""year"":2026,""month"":2,""searchVolume"":110},{""year"":2026,""month"":1,""searchVolume"":110},{""year"":2025,""month"":12,""searchVolume"":70},{""year"":2025,""month"":11,""searchVolume"":90},{""year"":2025,""month"":10,""searchVolume"":90},{""year"":2025,""month"":9,""searchVolume"":90},{""year"":2025,""month"":8,""searchVolume"":70}]"
žádanka online,ideas,true,online seznamka,,51,,,commercial,"[{""year"":2026,""month"":5,""searchVolume"":0},{""year"":2026,""month"":4,""searchVolume"":0},{""year"":2026,""month"":3,""searchVolume"":0},{""year"":2026,""month"":2,""searchVolume"":0},{""year"":2026,""month"":1,""searchVolume"":0},{""year"":2025,""month"":12,""searchVolume"":0},{""year"":2025,""month"":11,""searchVolume"":0},{""year"":2025,""month"":10,""searchVolume"":0},{""year"":2025,""month"":9,""searchVolume"":0},{""year"":2025,""month"":8,""searchVolume"":0},{""year"":2025,""month"":7,""searchVolume"":0},{""year"":2025,""month"":6,""searchVolume"":0}]"
žádanka online,ideas,true,sk online,720,0,0.48,0,navigational,"[{""year"":2026,""month"":7,""searchVolume"":720},{""year"":2026,""month"":6,""searchVolume"":880},{""year"":2026,""month"":5,""searchVolume"":720},{""year"":2026,""month"":4,""searchVolume"":590},{""year"":2026,""month"":3,""searchVolume"":590},{""year"":2026,""month"":2,""searchVolume"":590},{""year"":2026,""month"":1,""searchVolume"":720},{""year"":2025,""month"":12,""searchVolume"":720},{""year"":2025,""month"":11,""searchVolume"":880},{""year"":2025,""month"":10,""searchVolume"":880},{""year"":2025,""month"":9,""searchVolume"":590},{""year"":2025,""month"":8,""searchVolume"":390}]"
žádanka online,ideas,true,kytice online,390,23,3.96,0.99,navigational,"[{""year"":2026,""month"":7,""searchVolume"":260},{""year"":2026,""month"":6,""searchVolume"":390},{""year"":2026,""month"":5,""searchVolume"":590},{""year"":2026,""month"":4,""searchVolume"":480},{""year"":2026,""month"":3,""searchVolume"":480},{""year"":2026,""month"":2,""searchVolume"":590},{""year"":2026,""month"":1,""searchVolume"":480},{""year"":2025,""month"":12,""searchVolume"":320},{""year"":2025,""month"":11,""searchVolume"":390},{""year"":2025,""month"":10,""searchVolume"":390},{""year"":2025,""month"":9,""searchVolume"":480},{""year"":2025,""month"":8,""searchVolume"":320}]"
žádanka online,ideas,true,e-žádanka,140,0,,0,navigational,"[{""year"":2026,""month"":7,""searchVolume"":70},{""year"":2026,""month"":6,""searchVolume"":70},{""year"":2026,""month"":5,""searchVolume"":50},{""year"":2026,""month"":4,""searchVolume"":90},{""year"":2026,""month"":3,""searchVolume"":140},{""year"":2026,""month"":2,""searchVolume"":140},{""year"":2026,""month"":1,""searchVolume"":480},{""year"":2025,""month"":12,""searchVolume"":140},{""year"":2025,""month"":11,""searchVolume"":90},{""year"":2025,""month"":10,""searchVolume"":90},{""year"":2025,""month"":9,""searchVolume"":70},{""year"":2025,""month"":8,""searchVolume"":170}]"
žádanka online,ideas,true,rohlík online,1000,31,0.18,0.39,navigational,"[{""year"":2026,""month"":7,""searchVolume"":1000},{""year"":2026,""month"":6,""searchVolume"":1000},{""year"":2026,""month"":5,""searchVolume"":1000},{""year"":2026,""month"":4,""searchVolume"":1000},{""year"":2026,""month"":3,""searchVolume"":1300},{""year"":2026,""month"":2,""searchVolume"":1000},{""year"":2026,""month"":1,""searchVolume"":1300},{""year"":2025,""month"":12,""searchVolume"":1000},{""year"":2025,""month"":11,""searchVolume"":880},{""year"":2025,""month"":10,""searchVolume"":880},{""year"":2025,""month"":9,""searchVolume"":1000},{""year"":2025,""month"":8,""searchVolume"":1000}]"
žádanka online,ideas,true,markiza online,170,23,0.92,0.07,navigational,"[{""year"":2026,""month"":7,""searchVolume"":70},{""year"":2026,""month"":6,""searchVolume"":140},{""year"":2026,""month"":5,""searchVolume"":210},{""year"":2026,""month"":4,""searchVolume"":210},{""year"":2026,""month"":3,""searchVolume"":480},{""year"":2026,""month"":2,""searchVolume"":170},{""year"":2026,""month"":1,""searchVolume"":170},{""year"":2025,""month"":12,""searchVolume"":320},{""year"":2025,""month"":11,""searchVolume"":140},{""year"":2025,""month"":10,""searchVolume"":140},{""year"":2025,""month"":9,""searchVolume"":170},{""year"":2025,""month"":8,""searchVolume"":90}]"
žádanka online,ideas,true,generace v online,20,,,0,informational,"[{""year"":2026,""month"":7,""searchVolume"":10},{""year"":2026,""month"":6,""searchVolume"":20},{""year"":2026,""month"":5,""searchVolume"":40},{""year"":2026,""month"":4,""searchVolume"":50},{""year"":2026,""month"":3,""searchVolume"":10},{""year"":2026,""month"":2,""searchVolume"":10},{""year"":2026,""month"":1,""searchVolume"":10},{""year"":2025,""month"":12,""searchVolume"":30},{""year"":2025,""month"":11,""searchVolume"":20},{""year"":2025,""month"":10,""searchVolume"":70},{""year"":2025,""month"":9,""searchVolume"":30},{""year"":2025,""month"":8,""searchVolume"":0}]"
žádanka online,ideas,true,velké losiny online,10,,,0.02,informational,"[{""year"":2026,""month"":7,""searchVolume"":10},{""year"":2026,""month"":6,""searchVolume"":0},{""year"":2026,""month"":5,""searchVolume"":0},{""year"":2026,""month"":4,""searchVolume"":10},{""year"":2026,""month"":3,""searchVolume"":10},{""year"":2026,""month"":2,""searchVolume"":10},{""year"":2026,""month"":1,""searchVolume"":10},{""year"":2025,""month"":12,""searchVolume"":10},{""year"":2025,""month"":11,""searchVolume"":10},{""year"":2025,""month"":10,""searchVolume"":10},{""year"":2025,""month"":9,""searchVolume"":0},{""year"":2025,""month"":8,""searchVolume"":0}]"
žádanka online,ideas,true,uprava fotek online,320,3,0.64,0.21,navigational,"[{""year"":2026,""month"":7,""searchVolume"":210},{""year"":2026,""month"":6,""searchVolume"":210},{""year"":2026,""month"":5,""searchVolume"":260},{""year"":2026,""month"":4,""searchVolume"":210},{""year"":2026,""month"":3,""searchVolume"":210},{""year"":2026,""month"":2,""searchVolume"":170},{""year"":2026,""month"":1,""searchVolume"":260},{""year"":2025,""month"":12,""searchVolume"":480},{""year"":2025,""month"":11,""searchVolume"":390},{""year"":2025,""month"":10,""searchVolume"":320},{""year"":2025,""month"":9,""searchVolume"":320},{""year"":2025,""month"":8,""searchVolume"":320}]"
žádanka online,ideas,true,lítačka online,720,36,,0.02,informational,"[{""year"":2026,""month"":7,""searchVolume"":390},{""year"":2026,""month"":6,""searchVolume"":320},{""year"":2026,""month"":5,""searchVolume"":390},{""year"":2026,""month"":4,""searchVolume"":590},{""year"":2026,""month"":3,""searchVolume"":720},{""year"":2026,""month"":2,""searchVolume"":480},{""year"":2026,""month"":1,""searchVolume"":590},{""year"":2025,""month"":12,""searchVolume"":590},{""year"":2025,""month"":11,""searchVolume"":720},{""year"":2025,""month"":10,""searchVolume"":880},{""year"":2025,""month"":9,""searchVolume"":1300},{""year"":2025,""month"":8,""searchVolume"":1300}]"
žádanka online,ideas,true,vlaky online,720,48,0.35,0.03,informational,"[{""year"":2026,""month"":7,""searchVolume"":720},{""year"":2026,""month"":6,""searchVolume"":720},{""year"":2026,""month"":5,""searchVolume"":720},{""year"":2026,""month"":4,""searchVolume"":720},{""year"":2026,""month"":3,""searchVolume"":720},{""year"":2026,""month"":2,""searchVolume"":590},{""year"":2026,""month"":1,""searchVolume"":880},{""year"":2025,""month"":12,""searchVolume"":880},{""year"":2025,""month"":11,""searchVolume"":880},{""year"":2025,""month"":10,""searchVolume"":720},{""year"":2025,""month"":9,""searchVolume"":590},{""year"":2025,""month"":8,""searchVolume"":590}]"
žádanka online,ideas,true,attraction online cz,260,0,,0,informational,"[{""year"":2026,""month"":7,""searchVolume"":10},{""year"":2026,""month"":6,""searchVolume"":10},{""year"":2026,""month"":5,""searchVolume"":10},{""year"":2026,""month"":4,""searchVolume"":0},{""year"":2026,""month"":3,""searchVolume"":10},{""year"":2026,""month"":2,""searchVolume"":20},{""year"":2026,""month"":1,""searchVolume"":110},{""year"":2025,""month"":12,""searchVolume"":170},{""year"":2025,""month"":11,""searchVolume"":320},{""year"":2025,""month"":10,""searchVolume"":1600},{""year"":2025,""month"":9,""searchVolume"":390},{""year"":2025,""month"":8,""searchVolume"":390}]"
žádanka online,ideas,true,jihlava online,260,25,,0,navigational,"[{""year"":2026,""month"":7,""searchVolume"":20},{""year"":2026,""month"":6,""searchVolume"":50},{""year"":2026,""month"":5,""searchVolume"":20},{""year"":2026,""month"":4,""searchVolume"":40},{""year"":2026,""month"":3,""searchVolume"":30},{""year"":2026,""month"":2,""searchVolume"":40},{""year"":2026,""month"":1,""searchVolume"":70},{""year"":2025,""month"":12,""searchVolume"":90},{""year"":2025,""month"":11,""searchVolume"":2400},{""year"":2025,""month"":10,""searchVolume"":320},{""year"":2025,""month"":9,""searchVolume"":30},{""year"":2025,""month"":8,""searchVolume"":20}]"
žádanka online,ideas,true,tenet online,110,23,1,0.02,informational,"[{""year"":2026,""month"":7,""searchVolume"":170},{""year"":2026,""month"":6,""searchVolume"":110},{""year"":2026,""month"":5,""searchVolume"":70},{""year"":2026,""month"":4,""searchVolume"":70},{""year"":2026,""month"":3,""searchVolume"":90},{""year"":2026,""month"":2,""searchVolume"":70},{""year"":2026,""month"":1,""searchVolume"":110},{""year"":2025,""month"":12,""searchVolume"":110},{""year"":2025,""month"":11,""searchVolume"":140},{""year"":2025,""month"":10,""searchVolume"":210},{""year"":2025,""month"":9,""searchVolume"":140},{""year"":2025,""month"":8,""searchVolume"":110}]"
žádanka online,ideas,true,akcie online,1900,70,0.4,0.16,informational,"[{""year"":2026,""month"":7,""searchVolume"":1600},{""year"":2026,""month"":6,""searchVolume"":1900},{""year"":2026,""month"":5,""searchVolume"":1900},{""year"":2026,""month"":4,""searchVolume"":2400},{""year"":2026,""month"":3,""searchVolume"":2900},{""year"":2026,""month"":2,""searchVolume"":2900},{""year"":2026,""month"":1,""searchVolume"":2400},{""year"":2025,""month"":12,""searchVolume"":1900},{""year"":2025,""month"":11,""searchVolume"":1900},{""year"":2025,""month"":10,""searchVolume"":1900},{""year"":2025,""month"":9,""searchVolume"":1900},{""year"":2025,""month"":8,""searchVolume"":1600}]"
žádanka online,ideas,true,občanka online,390,22,0.69,0.02,navigational,"[{""year"":2026,""month"":7,""searchVolume"":320},{""year"":2026,""month"":6,""searchVolume"":390},{""year"":2026,""month"":5,""searchVolume"":390},{""year"":2026,""month"":4,""searchVolume"":320},{""year"":2026,""month"":3,""searchVolume"":390},{""year"":2026,""month"":2,""searchVolume"":390},{""year"":2026,""month"":1,""searchVolume"":480},{""year"":2025,""month"":12,""searchVolume"":260},{""year"":2025,""month"":11,""searchVolume"":260},{""year"":2025,""month"":10,""searchVolume"":320},{""year"":2025,""month"":9,""searchVolume"":390},{""year"":2025,""month"":8,""searchVolume"":320}]"
žádanka online,ideas,true,palubky online,320,9,0.64,0.96,informational,"[{""year"":2026,""month"":7,""searchVolume"":320},{""year"":2026,""month"":6,""searchVolume"":320},{""year"":2026,""month"":5,""searchVolume"":390},{""year"":2026,""month"":4,""searchVolume"":390},{""year"":2026,""month"":3,""searchVolume"":480},{""year"":2026,""month"":2,""searchVolume"":320},{""year"":2026,""month"":1,""searchVolume"":320},{""year"":2025,""month"":12,""searchVolume"":170},{""year"":2025,""month"":11,""searchVolume"":320},{""year"":2025,""month"":10,""searchVolume"":320},{""year"":2025,""month"":9,""searchVolume"":320},{""year"":2025,""month"":8,""searchVolume"":320}]"
žádanka online,ideas,true,ajtaci online,70,14,,0,navigational,"[{""year"":2026,""month"":7,""searchVolume"":40},{""year"":2026,""month"":6,""searchVolume"":50},{""year"":2026,""month"":5,""searchVolume"":40},{""year"":2026,""month"":4,""searchVolume"":50},{""year"":2026,""month"":3,""searchVolume"":50},{""year"":2026,""month"":2,""searchVolume"":70},{""year"":2026,""month"":1,""searchVolume"":90},{""year"":2025,""month"":12,""searchVolume"":70},{""year"":2025,""month"":11,""searchVolume"":90},{""year"":2025,""month"":10,""searchVolume"":90},{""year"":2025,""month"":9,""searchVolume"":70},{""year"":2025,""month"":8,""searchVolume"":90}]"
žádanka online,ideas,true,citová hodnota online,140,7,,0,informational,"[{""year"":2026,""month"":7,""searchVolume"":50},{""year"":2026,""month"":6,""searchVolume"":70},{""year"":2026,""month"":5,""searchVolume"":90},{""year"":2026,""month"":4,""searchVolume"":110},{""year"":2026,""month"":3,""searchVolume"":210},{""year"":2026,""month"":2,""searchVolume"":260},{""year"":2026,""month"":1,""searchVolume"":720},{""year"":2025,""month"":12,""searchVolume"":170},{""year"":2025,""month"":11,""searchVolume"":30},{""year"":2025,""month"":10,""searchVolume"":0},{""year"":2025,""month"":9,""searchVolume"":0},{""year"":2025,""month"":8,""searchVolume"":0}]"
žádanka online,ideas,true,pustevny online,260,5,,0,informational,"[{""year"":2026,""month"":7,""searchVolume"":90},{""year"":2026,""month"":6,""searchVolume"":40},{""year"":2026,""month"":5,""searchVolume"":70},{""year"":2026,""month"":4,""searchVolume"":170},{""year"":2026,""month"":3,""searchVolume"":320},{""year"":2026,""month"":2,""searchVolume"":390},{""year"":2026,""month"":1,""searchVolume"":480},{""year"":2025,""month"":12,""searchVolume"":590},{""year"":2025,""month"":11,""searchVolume"":390},{""year"":2025,""month"":10,""searchVolume"":260},{""year"":2025,""month"":9,""searchVolume"":90},{""year"":2025,""month"":8,""searchVolume"":90}]"
žádanka online,ideas,true,zmizení online,260,0,0.11,0.03,informational,"[{""year"":2026,""month"":7,""searchVolume"":170},{""year"":2026,""month"":6,""searchVolume"":210},{""year"":2026,""month"":5,""searchVolume"":210},{""year"":2026,""month"":4,""searchVolume"":210},{""year"":2026,""month"":3,""searchVolume"":210},{""year"":2026,""month"":2,""searchVolume"":210},{""year"":2026,""month"":1,""searchVolume"":260},{""year"":2025,""month"":12,""searchVolume"":210},{""year"":2025,""month"":11,""searchVolume"":260},{""year"":2025,""month"":10,""searchVolume"":390},{""year"":2025,""month"":9,""searchVolume"":260},{""year"":2025,""month"":8,""searchVolume"":260}]"
žádanka online,ideas,true,marťan online,210,0,1.59,0.03,navigational,"[{""year"":2026,""month"":7,""searchVolume"":140},{""year"":2026,""month"":6,""searchVolume"":170},{""year"":2026,""month"":5,""searchVolume"":260},{""year"":2026,""month"":4,""searchVolume"":320},{""year"":2026,""month"":3,""searchVolume"":210},{""year"":2026,""month"":2,""searchVolume"":140},{""year"":2026,""month"":1,""searchVolume"":210},{""year"":2025,""month"":12,""searchVolume"":140},{""year"":2025,""month"":11,""searchVolume"":140},{""year"":2025,""month"":10,""searchVolume"":210},{""year"":2025,""month"":9,""searchVolume"":210},{""year"":2025,""month"":8,""searchVolume"":170}]"
žádanka online,ideas,true,hledání min online,720,19,,0,informational,"[{""year"":2026,""month"":7,""searchVolume"":480},{""year"":2026,""month"":6,""searchVolume"":720},{""year"":2026,""month"":5,""searchVolume"":480},{""year"":2026,""month"":4,""searchVolume"":590},{""year"":2026,""month"":3,""searchVolume"":720},{""year"":2026,""month"":2,""searchVolume"":720},{""year"":2026,""month"":1,""searchVolume"":590},{""year"":2025,""month"":12,""searchVolume"":590},{""year"":2025,""month"":11,""searchVolume"":880},{""year"":2025,""month"":10,""searchVolume"":720},{""year"":2025,""month"":9,""searchVolume"":880},{""year"":2025,""month"":8,""searchVolume"":880}]"
žádanka online,ideas,true,prolog online,50,19,,0,navigational,"[{""year"":2026,""month"":7,""searchVolume"":10},{""year"":2026,""month"":6,""searchVolume"":20},{""year"":2026,""month"":5,""searchVolume"":40},{""year"":2026,""month"":4,""searchVolume"":70},{""year"":2026,""month"":3,""searchVolume"":70},{""year"":2026,""month"":2,""searchVolume"":50},{""year"":2026,""month"":1,""searchVolume"":50},{""year"":2025,""month"":12,""searchVolume"":110},{""year"":2025,""month"":11,""searchVolume"":90},{""year"":2025,""month"":10,""searchVolume"":50},{""year"":2025,""month"":9,""searchVolume"":40},{""year"":2025,""month"":8,""searchVolume"":10}]"
žádanka online,ideas,true,ztráty a nálezy online,390,20,,0,informational,"[{""year"":2026,""month"":7,""searchVolume"":320},{""year"":2026,""month"":6,""searchVolume"":320},{""year"":2026,""month"":5,""searchVolume"":320},{""year"":2026,""month"":4,""searchVolume"":320},{""year"":2026,""month"":3,""searchVolume"":390},{""year"":2026,""month"":2,""searchVolume"":320},{""year"":2026,""month"":1,""searchVolume"":480},{""year"":2025,""month"":12,""searchVolume"":390},{""year"":2025,""month"":11,""searchVolume"":390},{""year"":2025,""month"":10,""searchVolume"":390},{""year"":2025,""month"":9,""searchVolume"":390},{""year"":2025,""month"":8,""searchVolume"":390}]"
žádanka online,ideas,true,online ide,40,64,3.24,0.14,informational,"[{""year"":2026,""month"":7,""searchVolume"":10},{""year"":2026,""month"":6,""searchVolume"":40},{""year"":2026,""month"":5,""searchVolume"":140},{""year"":2026,""month"":4,""searchVolume"":30},{""year"":2026,""month"":3,""searchVolume"":50},{""year"":2026,""month"":2,""searchVolume"":50},{""year"":2026,""month"":1,""searchVolume"":40},{""year"":2025,""month"":12,""searchVolume"":30},{""year"":2025,""month"":11,""searchVolume"":40},{""year"":2025,""month"":10,""searchVolume"":40},{""year"":2025,""month"":9,""searchVolume"":30},{""year"":2025,""month"":8,""searchVolume"":30}]"
žádanka online,ideas,true,okna online,70,0,3.4,0.98,navigational,"[{""year"":2026,""month"":7,""searchVolume"":50},{""year"":2026,""month"":6,""searchVolume"":50},{""year"":2026,""month"":5,""searchVolume"":70},{""year"":2026,""month"":4,""searchVolume"":70},{""year"":2026,""month"":3,""searchVolume"":90},{""year"":2026,""month"":2,""searchVolume"":70},{""year"":2026,""month"":1,""searchVolume"":70},{""year"":2025,""month"":12,""searchVolume"":70},{""year"":2025,""month"":11,""searchVolume"":70},{""year"":2025,""month"":10,""searchVolume"":110},{""year"":2025,""month"":9,""searchVolume"":70},{""year"":2025,""month"":8,""searchVolume"":70}]"
žádanka online,ideas,true,online dotazník,390,16,1.46,0.58,informational,"[{""year"":2026,""month"":7,""searchVolume"":210},{""year"":2026,""month"":6,""searchVolume"":320},{""year"":2026,""month"":5,""searchVolume"":320},{""year"":2026,""month"":4,""searchVolume"":390},{""year"":2026,""month"":3,""searchVolume"":480},{""year"":2026,""month"":2,""searchVolume"":480},{""year"":2026,""month"":1,""searchVolume"":590},{""year"":2025,""month"":12,""searchVolume"":320},{""year"":2025,""month"":11,""searchVolume"":480},{""year"":2025,""month"":10,""searchVolume"":590},{""year"":2025,""month"":9,""searchVolume"":480},{""year"":2025,""month"":8,""searchVolume"":390}]"
žádanka online,ideas,true,pošetilost mocných online,140,0,,0,informational,"[{""year"":2026,""month"":7,""searchVolume"":110},{""year"":2026,""month"":6,""searchVolume"":110},{""year"":2026,""month"":5,""searchVolume"":90},{""year"":2026,""month"":4,""searchVolume"":140},{""year"":2026,""month"":3,""searchVolume"":90},{""year"":2026,""month"":2,""searchVolume"":110},{""year"":2026,""month"":1,""searchVolume"":210},{""year"":2025,""month"":12,""searchVolume"":210},{""year"":2025,""month"":11,""searchVolume"":170},{""year"":2025,""month"":10,""searchVolume"":170},{""year"":2025,""month"":9,""searchVolume"":90},{""year"":2025,""month"":8,""searchVolume"":110}]"
žádanka online,ideas,true,papirovy dum online,140,2,,0,navigational,"[{""year"":2026,""month"":7,""searchVolume"":110},{""year"":2026,""month"":6,""searchVolume"":260},{""year"":2026,""month"":5,""searchVolume"":170},{""year"":2026,""month"":4,""searchVolume"":110},{""year"":2026,""month"":3,""searchVolume"":110},{""year"":2026,""month"":2,""searchVolume"":110},{""year"":2026,""month"":1,""searchVolume"":90},{""year"":2025,""month"":12,""searchVolume"":110},{""year"":2025,""month"":11,""searchVolume"":140},{""year"":2025,""month"":10,""searchVolume"":110},{""year"":2025,""month"":9,""searchVolume"":140},{""year"":2025,""month"":8,""searchVolume"":110}]"
žádanka online,ideas,true,počátek online,320,0,,0,navigational,"[{""year"":2026,""month"":7,""searchVolume"":210},{""year"":2026,""month"":6,""searchVolume"":210},{""year"":2026,""month"":5,""searchVolume"":210},{""year"":2026,""month"":4,""searchVolume"":320},{""year"":2026,""month"":3,""searchVolume"":320},{""year"":2026,""month"":2,""searchVolume"":320},{""year"":2026,""month"":1,""searchVolume"":390},{""year"":2025,""month"":12,""searchVolume"":320},{""year"":2025,""month"":11,""searchVolume"":390},{""year"":2025,""month"":10,""searchVolume"":390},{""year"":2025,""month"":9,""searchVolume"":320},{""year"":2025,""month"":8,""searchVolume"":260}]"
žádanka online,ideas,true,velký flám online,110,0,0.14,0.02,informational,"[{""year"":2026,""month"":7,""searchVolume"":90},{""year"":2026,""month"":6,""searchVolume"":90},{""year"":2026,""month"":5,""searchVolume"":50},{""year"":2026,""month"":4,""searchVolume"":70},{""year"":2026,""month"":3,""searchVolume"":50},{""year"":2026,""month"":2,""searchVolume"":70},{""year"":2026,""month"":1,""searchVolume"":140},{""year"":2025,""month"":12,""searchVolume"":140},{""year"":2025,""month"":11,""searchVolume"":140},{""year"":2025,""month"":10,""searchVolume"":140},{""year"":2025,""month"":9,""searchVolume"":110},{""year"":2025,""month"":8,""searchVolume"":140}]"
žádanka online,ideas,true,krajní meze online,110,0,,0,navigational,"[{""year"":2026,""month"":7,""searchVolume"":90},{""year"":2026,""month"":6,""searchVolume"":140},{""year"":2026,""month"":5,""searchVolume"":170},{""year"":2026,""month"":4,""searchVolume"":110},{""year"":2026,""month"":3,""searchVolume"":110},{""year"":2026,""month"":2,""searchVolume"":90},{""year"":2026,""month"":1,""searchVolume"":110},{""year"":2025,""month"":12,""searchVolume"":90},{""year"":2025,""month"":11,""searchVolume"":110},{""year"":2025,""month"":10,""searchVolume"":90},{""year"":2025,""month"":9,""searchVolume"":90},{""year"":2025,""month"":8,""searchVolume"":110}]"
žádanka online,ideas,true,koláž online,260,0,0.37,0.21,informational,"[{""year"":2026,""month"":7,""searchVolume"":210},{""year"":2026,""month"":6,""searchVolume"":210},{""year"":2026,""month"":5,""searchVolume"":260},{""year"":2026,""month"":4,""searchVolume"":260},{""year"":2026,""month"":3,""searchVolume"":210},{""year"":2026,""month"":2,""searchVolume"":260},{""year"":2026,""month"":1,""searchVolume"":260},{""year"":2025,""month"":12,""searchVolume"":390},{""year"":2025,""month"":11,""searchVolume"":320},{""year"":2025,""month"":10,""searchVolume"":320},{""year"":2025,""month"":9,""searchVolume"":260},{""year"":2025,""month"":8,""searchVolume"":260}]"
žádanka online,ideas,true,sazeni online,260,98,31.87,0.44,navigational,"[{""year"":2026,""month"":7,""searchVolume"":210},{""year"":2026,""month"":6,""searchVolume"":210},{""year"":2026,""month"":5,""searchVolume"":260},{""year"":2026,""month"":4,""searchVolume"":260},{""year"":2026,""month"":3,""searchVolume"":320},{""year"":2026,""month"":2,""searchVolume"":320},{""year"":2026,""month"":1,""searchVolume"":260},{""year"":2025,""month"":12,""searchVolume"":210},{""year"":2025,""month"":11,""searchVolume"":170},{""year"":2025,""month"":10,""searchVolume"":320},{""year"":2025,""month"":9,""searchVolume"":210},{""year"":2025,""month"":8,""searchVolume"":210}]"
žádanka online,ideas,true,uprava textu online,30,42,0.58,0.3,informational,"[{""year"":2026,""month"":7,""searchVolume"":20},{""year"":2026,""month"":6,""searchVolume"":30},{""year"":2026,""month"":5,""searchVolume"":20},{""year"":2026,""month"":4,""searchVolume"":20},{""year"":2026,""month"":3,""searchVolume"":40},{""year"":2026,""month"":2,""searchVolume"":30},{""year"":2026,""month"":1,""searchVolume"":30},{""year"":2025,""month"":12,""searchVolume"":30},{""year"":2025,""month"":11,""searchVolume"":40},{""year"":2025,""month"":10,""searchVolume"":20},{""year"":2025,""month"":9,""searchVolume"":20},{""year"":2025,""month"":8,""searchVolume"":20}]"
žádanka online,ideas,true,základ rodiny online,40,40,,0,navigational,"[{""year"":2026,""month"":7,""searchVolume"":10},{""year"":2026,""month"":6,""searchVolume"":10},{""year"":2026,""month"":5,""searchVolume"":10},{""year"":2026,""month"":4,""searchVolume"":10},{""year"":2026,""month"":3,""searchVolume"":10},{""year"":2026,""month"":2,""searchVolume"":10},{""year"":2026,""month"":1,""searchVolume"":20},{""year"":2025,""month"":12,""searchVolume"":260},{""year"":2025,""month"":11,""searchVolume"":140},{""year"":2025,""month"":10,""searchVolume"":50},{""year"":2025,""month"":9,""searchVolume"":20},{""year"":2025,""month"":8,""searchVolume"":10}]"
žádanka online,ideas,true,matrix online zkouknito,10,,,,navigational,"[{""year"":2026,""month"":7,""searchVolume"":0},{""year"":2026,""month"":6,""searchVolume"":0},{""year"":2026,""month"":5,""searchVolume"":0},{""year"":2026,""month"":4,""searchVolume"":0},{""year"":2026,""month"":3,""searchVolume"":10},{""year"":2026,""month"":2,""searchVolume"":10},{""year"":2026,""month"":1,""searchVolume"":10},{""year"":2025,""month"":12,""searchVolume"":10},{""year"":2025,""month"":11,""searchVolume"":10},{""year"":2025,""month"":10,""searchVolume"":10},{""year"":2025,""month"":9,""searchVolume"":0},{""year"":2025,""month"":8,""searchVolume"":10}]"
žádanka online,ideas,true,ve službách fbi online,30,11,,0,navigational,"[{""year"":2026,""month"":7,""searchVolume"":10},{""year"":2026,""month"":6,""searchVolume"":20},{""year"":2026,""month"":5,""searchVolume"":30},{""year"":2026,""month"":4,""searchVolume"":30},{""year"":2026,""month"":3,""searchVolume"":20},{""year"":2026,""month"":2,""searchVolume"":20},{""year"":2026,""month"":1,""searchVolume"":30},{""year"":2025,""month"":12,""searchVolume"":10},{""year"":2025,""month"":11,""searchVolume"":30},{""year"":2025,""month"":10,""searchVolume"":50},{""year"":2025,""month"":9,""searchVolume"":70},{""year"":2025,""month"":8,""searchVolume"":40}]"
žádanka online,ideas,true,ajťáci online,140,11,,0,navigational,"[{""year"":2026,""month"":7,""searchVolume"":110},{""year"":2026,""month"":6,""searchVolume"":110},{""year"":2026,""month"":5,""searchVolume"":90},{""year"":2026,""month"":4,""searchVolume"":140},{""year"":2026,""month"":3,""searchVolume"":170},{""year"":2026,""month"":2,""searchVolume"":140},{""year"":2026,""month"":1,""searchVolume"":170},{""year"":2025,""month"":12,""searchVolume"":140},{""year"":2025,""month"":11,""searchVolume"":110},{""year"":2025,""month"":10,""searchVolume"":140},{""year"":2025,""month"":9,""searchVolume"":110},{""year"":2025,""month"":8,""searchVolume"":110}]"
žádanka online,ideas,true,věc online,50,0,,0,informational,"[{""year"":2026,""month"":7,""searchVolume"":110},{""year"":2026,""month"":6,""searchVolume"":40},{""year"":2026,""month"":5,""searchVolume"":20},{""year"":2026,""month"":4,""searchVolume"":70},{""year"":2026,""month"":3,""searchVolume"":40},{""year"":2026,""month"":2,""searchVolume"":40},{""year"":2026,""month"":1,""searchVolume"":50},{""year"":2025,""month"":12,""searchVolume"":50},{""year"":2025,""month"":11,""searchVolume"":50},{""year"":2025,""month"":10,""searchVolume"":40},{""year"":2025,""month"":9,""searchVolume"":30},{""year"":2025,""month"":8,""searchVolume"":30}]"
žádanka online,ideas,true,elektronický podpis online,170,28,5.05,0.73,navigational,"[{""year"":2026,""month"":7,""searchVolume"":110},{""year"":2026,""month"":6,""searchVolume"":170},{""year"":2026,""month"":5,""searchVolume"":140},{""year"":2026,""month"":4,""searchVolume"":170},{""year"":2026,""month"":3,""searchVolume"":210},{""year"":2026,""month"":2,""searchVolume"":210},{""year"":2026,""month"":1,""searchVolume"":210},{""year"":2025,""month"":12,""searchVolume"":170},{""year"":2025,""month"":11,""searchVolume"":170},{""year"":2025,""month"":10,""searchVolume"":170},{""year"":2025,""month"":9,""searchVolume"":170},{""year"":2025,""month"":8,""searchVolume"":140}]"
žádanka online,ideas,true,sázky online,390,86,9.84,0.36,commercial,"[{""year"":2026,""month"":7,""searchVolume"":320},{""year"":2026,""month"":6,""searchVolume"":320},{""year"":2026,""month"":5,""searchVolume"":320},{""year"":2026,""month"":4,""searchVolume"":320},{""year"":2026,""month"":3,""searchVolume"":480},{""year"":2026,""month"":2,""searchVolume"":390},{""year"":2026,""month"":1,""searchVolume"":390},{""year"":2025,""month"":12,""searchVolume"":480},{""year"":2025,""month"":11,""searchVolume"":320},{""year"":2025,""month"":10,""searchVolume"":320},{""year"":2025,""month"":9,""searchVolume"":320},{""year"":2025,""month"":8,""searchVolume"":320}]"
žádanka online,ideas,true,rámeček online,30,,,0,transactional,"[{""year"":2026,""month"":7,""searchVolume"":10},{""year"":2026,""month"":6,""searchVolume"":20},{""year"":2026,""month"":5,""searchVolume"":10},{""year"":2026,""month"":4,""searchVolume"":20},{""year"":2026,""month"":3,""searchVolume"":20},{""year"":2026,""month"":2,""searchVolume"":10},{""year"":2026,""month"":1,""searchVolume"":30},{""year"":2025,""month"":12,""searchVolume"":90},{""year"":2025,""month"":11,""searchVolume"":30},{""year"":2025,""month"":10,""searchVolume"":40},{""year"":2025,""month"":9,""searchVolume"":20},{""year"":2025,""month"":8,""searchVolume"":20}]"
žádanka online,ideas,true,evoluce online,30,,,0.01,informational,"[{""year"":2026,""month"":7,""searchVolume"":30},{""year"":2026,""month"":6,""searchVolume"":40},{""year"":2026,""month"":5,""searchVolume"":20},{""year"":2026,""month"":4,""searchVolume"":30},{""year"":2026,""month"":3,""searchVolume"":20},{""year"":2026,""month"":2,""searchVolume"":50},{""year"":2026,""month"":1,""searchVolume"":20},{""year"":2025,""month"":12,""searchVolume"":20},{""year"":2025,""month"":11,""searchVolume"":30},{""year"":2025,""month"":10,""searchVolume"":20},{""year"":2025,""month"":9,""searchVolume"":30},{""year"":2025,""month"":8,""searchVolume"":20}]"
žádanka online,ideas,true,zotero online,30,,,0.03,navigational,"[{""year"":2026,""month"":7,""searchVolume"":10},{""year"":2026,""month"":6,""searchVolume"":10},{""year"":2026,""month"":5,""searchVolume"":20},{""year"":2026,""month"":4,""searchVolume"":40},{""year"":2026,""month"":3,""searchVolume"":50},{""year"":2026,""month"":2,""searchVolume"":30},{""year"":2026,""month"":1,""searchVolume"":20},{""year"":2025,""month"":12,""searchVolume"":40},{""year"":2025,""month"":11,""searchVolume"":50},{""year"":2025,""month"":10,""searchVolume"":40},{""year"":2025,""month"":9,""searchVolume"":30},{""year"":2025,""month"":8,""searchVolume"":20}]"
žádanka online,ideas,true,sáblíková online,390,6,,,navigational,"[{""year"":2026,""month"":7,""searchVolume"":0},{""year"":2026,""month"":6,""searchVolume"":0},{""year"":2026,""month"":5,""searchVolume"":10},{""year"":2026,""month"":4,""searchVolume"":0},{""year"":2026,""month"":3,""searchVolume"":20},{""year"":2026,""month"":2,""searchVolume"":4400},{""year"":2026,""month"":1,""searchVolume"":10},{""year"":2025,""month"":12,""searchVolume"":0},{""year"":2025,""month"":11,""searchVolume"":10},{""year"":2025,""month"":10,""searchVolume"":0},{""year"":2025,""month"":9,""searchVolume"":0},{""year"":2025,""month"":8,""searchVolume"":0}]"
žádanka online,ideas,true,navigace online,720,50,0.24,0.17,informational,"[{""year"":2026,""month"":7,""searchVolume"":1000},{""year"":2026,""month"":6,""searchVolume"":720},{""year"":2026,""month"":5,""searchVolume"":720},{""year"":2026,""month"":4,""searchVolume"":590},{""year"":2026,""month"":3,""searchVolume"":590},{""year"":2026,""month"":2,""searchVolume"":480},{""year"":2026,""month"":1,""searchVolume"":390},{""year"":2025,""month"":12,""searchVolume"":480},{""year"":2025,""month"":11,""searchVolume"":480},{""year"":2025,""month"":10,""searchVolume"":880},{""year"":2025,""month"":9,""searchVolume"":1300},{""year"":2025,""month"":8,""searchVolume"":1600}]"
žádanka online,ideas,true,nahlížení do matriky online,590,0,1.3,0.14,navigational,"[{""year"":2026,""month"":7,""searchVolume"":590},{""year"":2026,""month"":6,""searchVolume"":480},{""year"":2026,""month"":5,""searchVolume"":590},{""year"":2026,""month"":4,""searchVolume"":590},{""year"":2026,""month"":3,""searchVolume"":720},{""year"":2026,""month"":2,""searchVolume"":880},{""year"":2026,""month"":1,""searchVolume"":880},{""year"":2025,""month"":12,""searchVolume"":590},{""year"":2025,""month"":11,""searchVolume"":590},{""year"":2025,""month"":10,""searchVolume"":590},{""year"":2025,""month"":9,""searchVolume"":480},{""year"":2025,""month"":8,""searchVolume"":480}]"
žádanka online,ideas,true,diktáty online,320,15,,0,informational,"[{""year"":2026,""month"":7,""searchVolume"":50},{""year"":2026,""month"":6,""searchVolume"":210},{""year"":2026,""month"":5,""searchVolume"":320},{""year"":2026,""month"":4,""searchVolume"":320},{""year"":2026,""month"":3,""searchVolume"":320},{""year"":2026,""month"":2,""searchVolume"":320},{""year"":2026,""month"":1,""searchVolume"":480},{""year"":2025,""month"":12,""searchVolume"":260},{""year"":2025,""month"":11,""searchVolume"":480},{""year"":2025,""month"":10,""searchVolume"":390},{""year"":2025,""month"":9,""searchVolume"":390},{""year"":2025,""month"":8,""searchVolume"":110}]"
žádanka online,ideas,true,nejšílenější závislosti online,90,0,,0,informational,"[{""year"":2026,""month"":7,""searchVolume"":70},{""year"":2026,""month"":6,""searchVolume"":20},{""year"":2026,""month"":5,""searchVolume"":40},{""year"":2026,""month"":4,""searchVolume"":40},{""year"":2026,""month"":3,""searchVolume"":70},{""year"":2026,""month"":2,""searchVolume"":40},{""year"":2026,""month"":1,""searchVolume"":40},{""year"":2025,""month"":12,""searchVolume"":50},{""year"":2025,""month"":11,""searchVolume"":70},{""year"":2025,""month"":10,""searchVolume"":110},{""year"":2025,""month"":9,""searchVolume"":70},{""year"":2025,""month"":8,""searchVolume"":320}]"
žádanka online,ideas,true,máte slovo online,110,3,0.54,0.01,informational,"[{""year"":2026,""month"":7,""searchVolume"":30},{""year"":2026,""month"":6,""searchVolume"":70},{""year"":2026,""month"":5,""searchVolume"":90},{""year"":2026,""month"":4,""searchVolume"":110},{""year"":2026,""month"":3,""searchVolume"":140},{""year"":2026,""month"":2,""searchVolume"":170},{""year"":2026,""month"":1,""searchVolume"":210},{""year"":2025,""month"":12,""searchVolume"":70},{""year"":2025,""month"":11,""searchVolume"":90},{""year"":2025,""month"":10,""searchVolume"":210},{""year"":2025,""month"":9,""searchVolume"":110},{""year"":2025,""month"":8,""searchVolume"":50}]"
žádanka online,ideas,true,strojnické tabulky online,110,3,,0.07,navigational,"[{""year"":2026,""month"":7,""searchVolume"":50},{""year"":2026,""month"":6,""searchVolume"":70},{""year"":2026,""month"":5,""searchVolume"":90},{""year"":2026,""month"":4,""searchVolume"":110},{""year"":2026,""month"":3,""searchVolume"":140},{""year"":2026,""month"":2,""searchVolume"":90},{""year"":2026,""month"":1,""searchVolume"":90},{""year"":2025,""month"":12,""searchVolume"":110},{""year"":2025,""month"":11,""searchVolume"":170},{""year"":2025,""month"":10,""searchVolume"":170},{""year"":2025,""month"":9,""searchVolume"":140},{""year"":2025,""month"":8,""searchVolume"":70}]"
žádanka online,ideas,true,horná dolná online,70,0,0.18,0.02,navigational,"[{""year"":2026,""month"":7,""searchVolume"":70},{""year"":2026,""month"":6,""searchVolume"":70},{""year"":2026,""month"":5,""searchVolume"":50},{""year"":2026,""month"":4,""searchVolume"":70},{""year"":2026,""month"":3,""searchVolume"":50},{""year"":2026,""month"":2,""searchVolume"":50},{""year"":2026,""month"":1,""searchVolume"":70},{""year"":2025,""month"":12,""searchVolume"":70},{""year"":2025,""month"":11,""searchVolume"":50},{""year"":2025,""month"":10,""searchVolume"":40},{""year"":2025,""month"":9,""searchVolume"":90},{""year"":2025,""month"":8,""searchVolume"":70}]"
žádanka online,ideas,true,inkoustové srdce online,30,,,0.01,informational,"[{""year"":2026,""month"":7,""searchVolume"":70},{""year"":2026,""month"":6,""searchVolume"":20},{""year"":2026,""month"":5,""searchVolume"":30},{""year"":2026,""month"":4,""searchVolume"":20},{""year"":2026,""month"":3,""searchVolume"":20},{""year"":2026,""month"":2,""searchVolume"":30},{""year"":2026,""month"":1,""searchVolume"":50},{""year"":2025,""month"":12,""searchVolume"":30},{""year"":2025,""month"":11,""searchVolume"":30},{""year"":2025,""month"":10,""searchVolume"":50},{""year"":2025,""month"":9,""searchVolume"":20},{""year"":2025,""month"":8,""searchVolume"":30}]"
žádanka online,ideas,true,dano drevo online,50,,,0,informational,"[{""year"":2026,""month"":7,""searchVolume"":30},{""year"":2026,""month"":6,""searchVolume"":40},{""year"":2026,""month"":5,""searchVolume"":50},{""year"":2026,""month"":4,""searchVolume"":50},{""year"":2026,""month"":3,""searchVolume"":50},{""year"":2026,""month"":2,""searchVolume"":70},{""year"":2026,""month"":1,""searchVolume"":50},{""year"":2025,""month"":12,""searchVolume"":50},{""year"":2025,""month"":11,""searchVolume"":50},{""year"":2025,""month"":10,""searchVolume"":110},{""year"":2025,""month"":9,""searchVolume"":70},{""year"":2025,""month"":8,""searchVolume"":30}]"
žádanka online,ideas,true,demoliční četa online,50,,,0.02,informational,"[{""year"":2026,""month"":7,""searchVolume"":50},{""year"":2026,""month"":6,""searchVolume"":40},{""year"":2026,""month"":5,""searchVolume"":50},{""year"":2026,""month"":4,""searchVolume"":50},{""year"":2026,""month"":3,""searchVolume"":90},{""year"":2026,""month"":2,""searchVolume"":170},{""year"":2026,""month"":1,""searchVolume"":110},{""year"":2025,""month"":12,""searchVolume"":10},{""year"":2025,""month"":11,""searchVolume"":10},{""year"":2025,""month"":10,""searchVolume"":10},{""year"":2025,""month"":9,""searchVolume"":10},{""year"":2025,""month"":8,""searchVolume"":10}]"
žádanka online,ideas,true,schumannova rezonance online,720,2,,0,navigational,"[{""year"":2026,""month"":7,""searchVolume"":720},{""year"":2026,""month"":6,""searchVolume"":720},{""year"":2026,""month"":5,""searchVolume"":720},{""year"":2026,""month"":4,""searchVolume"":590},{""year"":2026,""month"":3,""searchVolume"":390},{""year"":2026,""month"":2,""searchVolume"":480},{""year"":2026,""month"":1,""searchVolume"":210},{""year"":2025,""month"":12,""searchVolume"":260},{""year"":2025,""month"":11,""searchVolume"":480},{""year"":2025,""month"":10,""searchVolume"":480},{""year"":2025,""month"":9,""searchVolume"":1000},{""year"":2025,""month"":8,""searchVolume"":2400}]"
žádanka online,ideas,true,priatelia online sk,20,,,0.04,navigational,"[{""year"":2026,""month"":7,""searchVolume"":10},{""year"":2026,""month"":6,""searchVolume"":20},{""year"":2026,""month"":5,""searchVolume"":10},{""year"":2026,""month"":4,""searchVolume"":10},{""year"":2026,""month"":3,""searchVolume"":10},{""year"":2026,""month"":2,""searchVolume"":20},{""year"":2026,""month"":1,""searchVolume"":20},{""year"":2025,""month"":12,""searchVolume"":20},{""year"":2025,""month"":11,""searchVolume"":40},{""year"":2025,""month"":10,""searchVolume"":20},{""year"":2025,""month"":9,""searchVolume"":20},{""year"":2025,""month"":8,""searchVolume"":10}]"
žádanka online,ideas,true,noví mutanti online,20,43,,0,informational,"[{""year"":2026,""month"":7,""searchVolume"":20},{""year"":2026,""month"":6,""searchVolume"":10},{""year"":2026,""month"":5,""searchVolume"":10},{""year"":2026,""month"":4,""searchVolume"":10},{""year"":2026,""month"":3,""searchVolume"":20},{""year"":2026,""month"":2,""searchVolume"":10},{""year"":2026,""month"":1,""searchVolume"":30},{""year"":2025,""month"":12,""searchVolume"":20},{""year"":2025,""month"":11,""searchVolume"":40},{""year"":2025,""month"":10,""searchVolume"":20},{""year"":2025,""month"":9,""searchVolume"":30},{""year"":2025,""month"":8,""searchVolume"":10}]"
žádanka online,ideas,true,proximity online cz,20,0,,0,navigational,"[{""year"":2026,""month"":7,""searchVolume"":10},{""year"":2026,""month"":6,""searchVolume"":10},{""year"":2026,""month"":5,""searchVolume"":10},{""year"":2026,""month"":4,""searchVolume"":10},{""year"":2026,""month"":3,""searchVolume"":10},{""year"":2026,""month"":2,""searchVolume"":10},{""year"":2026,""month"":1,""searchVolume"":10},{""year"":2025,""month"":12,""searchVolume"":20},{""year"":2025,""month"":11,""searchVolume"":20},{""year"":2025,""month"":10,""searchVolume"":30},{""year"":2025,""month"":9,""searchVolume"":40},{""year"":2025,""month"":8,""searchVolume"":70}]"
žádanka online,ideas,true,rozpuštěný a vypuštěný online,110,0,,0.01,informational,"[{""year"":2026,""month"":7,""searchVolume"":70},{""year"":2026,""month"":6,""searchVolume"":90},{""year"":2026,""month"":5,""searchVolume"":90},{""year"":2026,""month"":4,""searchVolume"":90},{""year"":2026,""month"":3,""searchVolume"":90},{""year"":2026,""month"":2,""searchVolume"":90},{""year"":2026,""month"":1,""searchVolume"":170},{""year"":2025,""month"":12,""searchVolume"":210},{""year"":2025,""month"":11,""searchVolume"":110},{""year"":2025,""month"":10,""searchVolume"":110},{""year"":2025,""month"":9,""searchVolume"":90},{""year"":2025,""month"":8,""searchVolume"":70}]"
žádanka online,ideas,true,sekac online,590,0,0.45,0.99,navigational,"[{""year"":2026,""month"":7,""searchVolume"":390},{""year"":2026,""month"":6,""searchVolume"":480},{""year"":2026,""month"":5,""searchVolume"":480},{""year"":2026,""month"":4,""searchVolume"":480},{""year"":2026,""month"":3,""searchVolume"":590},{""year"":2026,""month"":2,""searchVolume"":720},{""year"":2026,""month"":1,""searchVolume"":590},{""year"":2025,""month"":12,""searchVolume"":390},{""year"":2025,""month"":11,""searchVolume"":480},{""year"":2025,""month"":10,""searchVolume"":720},{""year"":2025,""month"":9,""searchVolume"":590},{""year"":2025,""month"":8,""searchVolume"":590}]"
žádanka online,ideas,true,sekáč online,590,0,0.45,0.99,navigational,"[{""year"":2026,""month"":7,""searchVolume"":390},{""year"":2026,""month"":6,""searchVolume"":480},{""year"":2026,""month"":5,""searchVolume"":480},{""year"":2026,""month"":4,""searchVolume"":480},{""year"":2026,""month"":3,""searchVolume"":590},{""year"":2026,""month"":2,""searchVolume"":720},{""year"":2026,""month"":1,""searchVolume"":590},{""year"":2025,""month"":12,""searchVolume"":390},{""year"":2025,""month"":11,""searchVolume"":480},{""year"":2025,""month"":10,""searchVolume"":720},{""year"":2025,""month"":9,""searchVolume"":590},{""year"":2025,""month"":8,""searchVolume"":590}]"
žádanka online,ideas,true,možné je všetko online,50,0,,0,informational,"[{""year"":2026,""month"":7,""searchVolume"":20},{""year"":2026,""month"":6,""searchVolume"":30},{""year"":2026,""month"":5,""searchVolume"":10},{""year"":2026,""month"":4,""searchVolume"":10},{""year"":2026,""month"":3,""searchVolume"":70},{""year"":2026,""month"":2,""searchVolume"":10},{""year"":2026,""month"":1,""searchVolume"":70},{""year"":2025,""month"":12,""searchVolume"":30},{""year"":2025,""month"":11,""searchVolume"":70},{""year"":2025,""month"":10,""searchVolume"":210},{""year"":2025,""month"":9,""searchVolume"":50},{""year"":2025,""month"":8,""searchVolume"":10}]"
žádanka online,ideas,true,oggy a škodíci online,70,0,,0,informational,"[{""year"":2026,""month"":7,""searchVolume"":70},{""year"":2026,""month"":6,""searchVolume"":50},{""year"":2026,""month"":5,""searchVolume"":70},{""year"":2026,""month"":4,""searchVolume"":70},{""year"":2026,""month"":3,""searchVolume"":70},{""year"":2026,""month"":2,""searchVolume"":70},{""year"":2026,""month"":1,""searchVolume"":50},{""year"":2025,""month"":12,""searchVolume"":40},{""year"":2025,""month"":11,""searchVolume"":70},{""year"":2025,""month"":10,""searchVolume"":90},{""year"":2025,""month"":9,""searchVolume"":50},{""year"":2025,""month"":8,""searchVolume"":70}]"
žádanka online,ideas,true,hovory s tgm online,20,44,,0,navigational,"[{""year"":2026,""month"":7,""searchVolume"":10},{""year"":2026,""month"":6,""searchVolume"":10},{""year"":2026,""month"":5,""searchVolume"":10},{""year"":2026,""month"":4,""searchVolume"":20},{""year"":2026,""month"":3,""searchVolume"":10},{""year"":2026,""month"":2,""searchVolume"":40},{""year"":2026,""month"":1,""searchVolume"":10},{""year"":2025,""month"":12,""searchVolume"":10},{""year"":2025,""month"":11,""searchVolume"":20},{""year"":2025,""month"":10,""searchVolume"":20},{""year"":2025,""month"":9,""searchVolume"":40},{""year"":2025,""month"":8,""searchVolume"":20}]"
žádanka online,ideas,true,cmyk barvy vzorník online,40,0,0.21,0.14,informational,"[{""year"":2026,""month"":7,""searchVolume"":30},{""year"":2026,""month"":6,""searchVolume"":30},{""year"":2026,""month"":5,""searchVolume"":40},{""year"":2026,""month"":4,""searchVolume"":40},{""year"":2026,""month"":3,""searchVolume"":30},{""year"":2026,""month"":2,""searchVolume"":50},{""year"":2026,""month"":1,""searchVolume"":50},{""year"":2025,""month"":12,""searchVolume"":30},{""year"":2025,""month"":11,""searchVolume"":50},{""year"":2025,""month"":10,""searchVolume"":50},{""year"":2025,""month"":9,""searchVolume"":50},{""year"":2025,""month"":8,""searchVolume"":40}]"
žádanka online,ideas,true,otec online,140,0,,0,navigational,"[{""year"":2026,""month"":7,""searchVolume"":30},{""year"":2026,""month"":6,""searchVolume"":30},{""year"":2026,""month"":5,""searchVolume"":30},{""year"":2026,""month"":4,""searchVolume"":40},{""year"":2026,""month"":3,""searchVolume"":70},{""year"":2026,""month"":2,""searchVolume"":110},{""year"":2026,""month"":1,""searchVolume"":210},{""year"":2025,""month"":12,""searchVolume"":390},{""year"":2025,""month"":11,""searchVolume"":140},{""year"":2025,""month"":10,""searchVolume"":210},{""year"":2025,""month"":9,""searchVolume"":210},{""year"":2025,""month"":8,""searchVolume"":40}]"
žádanka online,ideas,true,terminál online,140,0,2.78,0.04,navigational,"[{""year"":2026,""month"":7,""searchVolume"":90},{""year"":2026,""month"":6,""searchVolume"":90},{""year"":2026,""month"":5,""searchVolume"":90},{""year"":2026,""month"":4,""searchVolume"":140},{""year"":2026,""month"":3,""searchVolume"":170},{""year"":2026,""month"":2,""searchVolume"":210},{""year"":2026,""month"":1,""searchVolume"":170},{""year"":2025,""month"":12,""searchVolume"":170},{""year"":2025,""month"":11,""searchVolume"":140},{""year"":2025,""month"":10,""searchVolume"":210},{""year"":2025,""month"":9,""searchVolume"":140},{""year"":2025,""month"":8,""searchVolume"":140}]"
žádanka online,ideas,true,ve službách fbi online cz,40,0,,0,navigational,"[{""year"":2026,""month"":7,""searchVolume"":20},{""year"":2026,""month"":6,""searchVolume"":50},{""year"":2026,""month"":5,""searchVolume"":30},{""year"":2026,""month"":4,""searchVolume"":30},{""year"":2026,""month"":3,""searchVolume"":40},{""year"":2026,""month"":2,""searchVolume"":50},{""year"":2026,""month"":1,""searchVolume"":40},{""year"":2025,""month"":12,""searchVolume"":40},{""year"":2025,""month"":11,""searchVolume"":40},{""year"":2025,""month"":10,""searchVolume"":40},{""year"":2025,""month"":9,""searchVolume"":50},{""year"":2025,""month"":8,""searchVolume"":50}]"
žádanka online,ideas,true,dopravní info online,590,22,,0,informational,"[{""year"":2026,""month"":7,""searchVolume"":390},{""year"":2026,""month"":6,""searchVolume"":320},{""year"":2026,""month"":5,""searchVolume"":260},{""year"":2026,""month"":4,""searchVolume"":260},{""year"":2026,""month"":3,""searchVolume"":140},{""year"":2026,""month"":2,""searchVolume"":260},{""year"":2026,""month"":1,""searchVolume"":2400},{""year"":2025,""month"":12,""searchVolume"":720},{""year"":2025,""month"":11,""searchVolume"":1000},{""year"":2025,""month"":10,""searchVolume"":880},{""year"":2025,""month"":9,""searchVolume"":320},{""year"":2025,""month"":8,""searchVolume"":480}]"
žádanka online,ideas,true,online poradna,110,39,0.72,0.33,informational,"[{""year"":2026,""month"":7,""searchVolume"":70},{""year"":2026,""month"":6,""searchVolume"":110},{""year"":2026,""month"":5,""searchVolume"":70},{""year"":2026,""month"":4,""searchVolume"":110},{""year"":2026,""month"":3,""searchVolume"":110},{""year"":2026,""month"":2,""searchVolume"":110},{""year"":2026,""month"":1,""searchVolume"":110},{""year"":2025,""month"":12,""searchVolume"":90},{""year"":2025,""month"":11,""searchVolume"":140},{""year"":2025,""month"":10,""searchVolume"":110},{""year"":2025,""month"":9,""searchVolume"":110},{""year"":2025,""month"":8,""searchVolume"":110}]"
žádanka online,ideas,true,poslat pohled online,210,15,0.72,0.03,transactional,"[{""year"":2026,""month"":7,""searchVolume"":1000},{""year"":2026,""month"":6,""searchVolume"":260},{""year"":2026,""month"":5,""searchVolume"":170},{""year"":2026,""month"":4,""searchVolume"":110},{""year"":2026,""month"":3,""searchVolume"":90},{""year"":2026,""month"":2,""searchVolume"":70},{""year"":2026,""month"":1,""searchVolume"":50},{""year"":2025,""month"":12,""searchVolume"":170},{""year"":2025,""month"":11,""searchVolume"":50},{""year"":2025,""month"":10,""searchVolume"":30},{""year"":2025,""month"":9,""searchVolume"":70},{""year"":2025,""month"":8,""searchVolume"":210}]"
žádanka online,ideas,true,poradna online,110,39,0.72,0.33,informational,"[{""year"":2026,""month"":7,""searchVolume"":70},{""year"":2026,""month"":6,""searchVolume"":110},{""year"":2026,""month"":5,""searchVolume"":70},{""year"":2026,""month"":4,""searchVolume"":110},{""year"":2026,""month"":3,""searchVolume"":110},{""year"":2026,""month"":2,""searchVolume"":110},{""year"":2026,""month"":1,""searchVolume"":110},{""year"":2025,""month"":12,""searchVolume"":90},{""year"":2025,""month"":11,""searchVolume"":140},{""year"":2025,""month"":10,""searchVolume"":110},{""year"":2025,""month"":9,""searchVolume"":110},{""year"":2025,""month"":8,""searchVolume"":110}]"
žádanka online,ideas,true,hlasování online,70,0,1.07,0.11,informational,"[{""year"":2026,""month"":7,""searchVolume"":30},{""year"":2026,""month"":6,""searchVolume"":30},{""year"":2026,""month"":5,""searchVolume"":40},{""year"":2026,""month"":4,""searchVolume"":50},{""year"":2026,""month"":3,""searchVolume"":50},{""year"":2026,""month"":2,""searchVolume"":70},{""year"":2026,""month"":1,""searchVolume"":70},{""year"":2025,""month"":12,""searchVolume"":50},{""year"":2025,""month"":11,""searchVolume"":70},{""year"":2025,""month"":10,""searchVolume"":110},{""year"":2025,""month"":9,""searchVolume"":90},{""year"":2025,""month"":8,""searchVolume"":40}]"
žádanka online,ideas,true,sanitka online,90,0,,0.05,navigational,"[{""year"":2026,""month"":7,""searchVolume"":70},{""year"":2026,""month"":6,""searchVolume"":70},{""year"":2026,""month"":5,""searchVolume"":110},{""year"":2026,""month"":4,""searchVolume"":170},{""year"":2026,""month"":3,""searchVolume"":70},{""year"":2026,""month"":2,""searchVolume"":70},{""year"":2026,""month"":1,""searchVolume"":40},{""year"":2025,""month"":12,""searchVolume"":30},{""year"":2025,""month"":11,""searchVolume"":110},{""year"":2025,""month"":10,""searchVolume"":170},{""year"":2025,""month"":9,""searchVolume"":90},{""year"":2025,""month"":8,""searchVolume"":70}]"
žádanka online,ideas,true,vizitka online,90,0,1.63,0.54,navigational,"[{""year"":2026,""month"":7,""searchVolume"":110},{""year"":2026,""month"":6,""searchVolume"":110},{""year"":2026,""month"":5,""searchVolume"":90},{""year"":2026,""month"":4,""searchVolume"":90},{""year"":2026,""month"":3,""searchVolume"":110},{""year"":2026,""month"":2,""searchVolume"":110},{""year"":2026,""month"":1,""searchVolume"":90},{""year"":2025,""month"":12,""searchVolume"":50},{""year"":2025,""month"":11,""searchVolume"":70},{""year"":2025,""month"":10,""searchVolume"":110},{""year"":2025,""month"":9,""searchVolume"":90},{""year"":2025,""month"":8,""searchVolume"":70}]"
žádanka online,ideas,true,želary online,70,0,0.74,0.05,navigational,"[{""year"":2026,""month"":7,""searchVolume"":70},{""year"":2026,""month"":6,""searchVolume"":70},{""year"":2026,""month"":5,""searchVolume"":70},{""year"":2026,""month"":4,""searchVolume"":70},{""year"":2026,""month"":3,""searchVolume"":50},{""year"":2026,""month"":2,""searchVolume"":70},{""year"":2026,""month"":1,""searchVolume"":50},{""year"":2025,""month"":12,""searchVolume"":70},{""year"":2025,""month"":11,""searchVolume"":90},{""year"":2025,""month"":10,""searchVolume"":70},{""year"":2025,""month"":9,""searchVolume"":50},{""year"":2025,""month"":8,""searchVolume"":70}]"
žádanka online,ideas,true,strlen online,90,0,,0,informational,"[{""year"":2026,""month"":7,""searchVolume"":50},{""year"":2026,""month"":6,""searchVolume"":70},{""year"":2026,""month"":5,""searchVolume"":50},{""year"":2026,""month"":4,""searchVolume"":70},{""year"":2026,""month"":3,""searchVolume"":70},{""year"":2026,""month"":2,""searchVolume"":110},{""year"":2026,""month"":1,""searchVolume"":70},{""year"":2025,""month"":12,""searchVolume"":90},{""year"":2025,""month"":11,""searchVolume"":110},{""year"":2025,""month"":10,""searchVolume"":110},{""year"":2025,""month"":9,""searchVolume"":170},{""year"":2025,""month"":8,""searchVolume"":90}]"
žádanka online,ideas,true,etka online vw,170,0,,0.01,navigational,"[{""year"":2026,""month"":7,""searchVolume"":110},{""year"":2026,""month"":6,""searchVolume"":170},{""year"":2026,""month"":5,""searchVolume"":170},{""year"":2026,""month"":4,""searchVolume"":170},{""year"":2026,""month"":3,""searchVolume"":140},{""year"":2026,""month"":2,""searchVolume"":170},{""year"":2026,""month"":1,""searchVolume"":170},{""year"":2025,""month"":12,""searchVolume"":170},{""year"":2025,""month"":11,""searchVolume"":210},{""year"":2025,""month"":10,""searchVolume"":170},{""year"":2025,""month"":9,""searchVolume"":170},{""year"":2025,""month"":8,""searchVolume"":170}]"
žádanka online,ideas,true,1.mise online,140,0,0.38,0.08,informational,"[{""year"":2026,""month"":7,""searchVolume"":90},{""year"":2026,""month"":6,""searchVolume"":90},{""year"":2026,""month"":5,""searchVolume"":90},{""year"":2026,""month"":4,""searchVolume"":70},{""year"":2026,""month"":3,""searchVolume"":110},{""year"":2026,""month"":2,""searchVolume"":90},{""year"":2026,""month"":1,""searchVolume"":590},{""year"":2025,""month"":12,""searchVolume"":170},{""year"":2025,""month"":11,""searchVolume"":90},{""year"":2025,""month"":10,""searchVolume"":110},{""year"":2025,""month"":9,""searchVolume"":110},{""year"":2025,""month"":8,""searchVolume"":170}]"
žádanka online,ideas,true,pocasi online morava,880,0,,0,navigational,"[{""year"":2026,""month"":7,""searchVolume"":2400},{""year"":2026,""month"":6,""searchVolume"":1900},{""year"":2026,""month"":5,""searchVolume"":1300},{""year"":2026,""month"":4,""searchVolume"":720},{""year"":2026,""month"":3,""searchVolume"":590},{""year"":2026,""month"":2,""searchVolume"":480},{""year"":2026,""month"":1,""searchVolume"":720},{""year"":2025,""month"":12,""searchVolume"":480},{""year"":2025,""month"":11,""searchVolume"":590},{""year"":2025,""month"":10,""searchVolume"":590},{""year"":2025,""month"":9,""searchVolume"":880},{""year"":2025,""month"":8,""searchVolume"":1000}]"
žádanka online,ideas,true,žurnál online,50,,0.06,0.04,informational,"[{""year"":2026,""month"":7,""searchVolume"":50},{""year"":2026,""month"":6,""searchVolume"":50},{""year"":2026,""month"":5,""searchVolume"":50},{""year"":2026,""month"":4,""searchVolume"":50},{""year"":2026,""month"":3,""searchVolume"":50},{""year"":2026,""month"":2,""searchVolume"":40},{""year"":2026,""month"":1,""searchVolume"":50},{""year"":2025,""month"":12,""searchVolume"":50},{""year"":2025,""month"":11,""searchVolume"":40},{""year"":2025,""month"":10,""searchVolume"":40},{""year"":2025,""month"":9,""searchVolume"":40},{""year"":2025,""month"":8,""searchVolume"":20}]"
žádanka online,ideas,true,písemky online,50,42,,,informational,"[{""year"":2026,""month"":7,""searchVolume"":0},{""year"":2026,""month"":6,""searchVolume"":30},{""year"":2026,""month"":5,""searchVolume"":30},{""year"":2026,""month"":4,""searchVolume"":50},{""year"":2026,""month"":3,""searchVolume"":70},{""year"":2026,""month"":2,""searchVolume"":50},{""year"":2026,""month"":1,""searchVolume"":90},{""year"":2025,""month"":12,""searchVolume"":50},{""year"":2025,""month"":11,""searchVolume"":50},{""year"":2025,""month"":10,""searchVolume"":90},{""year"":2025,""month"":9,""searchVolume"":30},{""year"":2025,""month"":8,""searchVolume"":10}]"
žádanka online,ideas,true,dvojníci online,50,15,,0,navigational,"[{""year"":2026,""month"":7,""searchVolume"":10},{""year"":2026,""month"":6,""searchVolume"":10},{""year"":2026,""month"":5,""searchVolume"":30},{""year"":2026,""month"":4,""searchVolume"":40},{""year"":2026,""month"":3,""searchVolume"":70},{""year"":2026,""month"":2,""searchVolume"":70},{""year"":2026,""month"":1,""searchVolume"":70},{""year"":2025,""month"":12,""searchVolume"":70},{""year"":2025,""month"":11,""searchVolume"":70},{""year"":2025,""month"":10,""searchVolume"":50},{""year"":2025,""month"":9,""searchVolume"":30},{""year"":2025,""month"":8,""searchVolume"":50}]"
žádanka online,ideas,true,divoke vlny online,170,0,1.62,0,informational,"[{""year"":2026,""month"":7,""searchVolume"":170},{""year"":2026,""month"":6,""searchVolume"":170},{""year"":2026,""month"":5,""searchVolume"":210},{""year"":2026,""month"":4,""searchVolume"":140},{""year"":2026,""month"":3,""searchVolume"":210},{""year"":2026,""month"":2,""searchVolume"":210},{""year"":2026,""month"":1,""searchVolume"":260},{""year"":2025,""month"":12,""searchVolume"":140},{""year"":2025,""month"":11,""searchVolume"":210},{""year"":2025,""month"":10,""searchVolume"":210},{""year"":2025,""month"":9,""searchVolume"":170},{""year"":2025,""month"":8,""searchVolume"":170}]"
žádanka online,ideas,true,smrtihlav online,40,42,,0,navigational,"[{""year"":2026,""month"":7,""searchVolume"":30},{""year"":2026,""month"":6,""searchVolume"":50},{""year"":2026,""month"":5,""searchVolume"":70},{""year"":2026,""month"":4,""searchVolume"":20},{""year"":2026,""month"":3,""searchVolume"":30},{""year"":2026,""month"":2,""searchVolume"":30},{""year"":2026,""month"":1,""searchVolume"":40},{""year"":2025,""month"":12,""searchVolume"":30},{""year"":2025,""month"":11,""searchVolume"":30},{""year"":2025,""month"":10,""searchVolume"":40},{""year"":2025,""month"":9,""searchVolume"":30},{""year"":2025,""month"":8,""searchVolume"":20}]"
žádanka online,ideas,true,mrňouskové online,30,,,0,navigational,"[{""year"":2026,""month"":7,""searchVolume"":20},{""year"":2026,""month"":6,""searchVolume"":30},{""year"":2026,""month"":5,""searchVolume"":30},{""year"":2026,""month"":4,""searchVolume"":20},{""year"":2026,""month"":3,""searchVolume"":30},{""year"":2026,""month"":2,""searchVolume"":20},{""year"":2026,""month"":1,""searchVolume"":30},{""year"":2025,""month"":12,""searchVolume"":20},{""year"":2025,""month"":11,""searchVolume"":20},{""year"":2025,""month"":10,""searchVolume"":30},{""year"":2025,""month"":9,""searchVolume"":40},{""year"":2025,""month"":8,""searchVolume"":30}]"
žádanka online,ideas,true,společník online,30,0,,0,transactional,"[{""year"":2026,""month"":7,""searchVolume"":10},{""year"":2026,""month"":6,""searchVolume"":20},{""year"":2026,""month"":5,""searchVolume"":10},{""year"":2026,""month"":4,""searchVolume"":20},{""year"":2026,""month"":3,""searchVolume"":10},{""year"":2026,""month"":2,""searchVolume"":20},{""year"":2026,""month"":1,""searchVolume"":70},{""year"":2025,""month"":12,""searchVolume"":50},{""year"":2025,""month"":11,""searchVolume"":70},{""year"":2025,""month"":10,""searchVolume"":40},{""year"":2025,""month"":9,""searchVolume"":50},{""year"":2025,""month"":8,""searchVolume"":40}]"
žádanka online,ideas,true,stvořitel online,30,0,,0,informational,"[{""year"":2026,""month"":7,""searchVolume"":10},{""year"":2026,""month"":6,""searchVolume"":20},{""year"":2026,""month"":5,""searchVolume"":20},{""year"":2026,""month"":4,""searchVolume"":30},{""year"":2026,""month"":3,""searchVolume"":20},{""year"":2026,""month"":2,""searchVolume"":20},{""year"":2026,""month"":1,""searchVolume"":40},{""year"":2025,""month"":12,""searchVolume"":50},{""year"":2025,""month"":11,""searchVolume"":20},{""year"":2025,""month"":10,""searchVolume"":30},{""year"":2025,""month"":9,""searchVolume"":20},{""year"":2025,""month"":8,""searchVolume"":20}]"
žádanka online,ideas,true,díra online,30,0,,0,navigational,"[{""year"":2026,""month"":7,""searchVolume"":30},{""year"":2026,""month"":6,""searchVolume"":30},{""year"":2026,""month"":5,""searchVolume"":40},{""year"":2026,""month"":4,""searchVolume"":30},{""year"":2026,""month"":3,""searchVolume"":30},{""year"":2026,""month"":2,""searchVolume"":40},{""year"":2026,""month"":1,""searchVolume"":30},{""year"":2025,""month"":12,""searchVolume"":30},{""year"":2025,""month"":11,""searchVolume"":20},{""year"":2025,""month"":10,""searchVolume"":30},{""year"":2025,""month"":9,""searchVolume"":40},{""year"":2025,""month"":8,""searchVolume"":50}]"
žádanka online,ideas,true,točka online,30,,,0.03,navigational,"[{""year"":2026,""month"":7,""searchVolume"":20},{""year"":2026,""month"":6,""searchVolume"":20},{""year"":2026,""month"":5,""searchVolume"":20},{""year"":2026,""month"":4,""searchVolume"":30},{""year"":2026,""month"":3,""searchVolume"":20},{""year"":2026,""month"":2,""searchVolume"":20},{""year"":2026,""month"":1,""searchVolume"":30},{""year"":2025,""month"":12,""searchVolume"":30},{""year"":2025,""month"":11,""searchVolume"":40},{""year"":2025,""month"":10,""searchVolume"":30},{""year"":2025,""month"":9,""searchVolume"":50},{""year"":2025,""month"":8,""searchVolume"":30}]"
žádanka online,ideas,true,velký techničák online,140,36,,0.01,navigational,"[{""year"":2026,""month"":7,""searchVolume"":140},{""year"":2026,""month"":6,""searchVolume"":170},{""year"":2026,""month"":5,""searchVolume"":210},{""year"":2026,""month"":4,""searchVolume"":210},{""year"":2026,""month"":3,""searchVolume"":170},{""year"":2026,""month"":2,""searchVolume"":170},{""year"":2026,""month"":1,""searchVolume"":170},{""year"":2025,""month"":12,""searchVolume"":70},{""year"":2025,""month"":11,""searchVolume"":90},{""year"":2025,""month"":10,""searchVolume"":70},{""year"":2025,""month"":9,""searchVolume"":70},{""year"":2025,""month"":8,""searchVolume"":90}]"
žádanka online,ideas,true,zlo online,20,,,0,informational,"[{""year"":2026,""month"":7,""searchVolume"":20},{""year"":2026,""month"":6,""searchVolume"":20},{""year"":2026,""month"":5,""searchVolume"":10},{""year"":2026,""month"":4,""searchVolume"":30},{""year"":2026,""month"":3,""searchVolume"":30},{""year"":2026,""month"":2,""searchVolume"":30},{""year"":2026,""month"":1,""searchVolume"":40},{""year"":2025,""month"":12,""searchVolume"":10},{""year"":2025,""month"":11,""searchVolume"":10},{""year"":2025,""month"":10,""searchVolume"":0},{""year"":2025,""month"":9,""searchVolume"":10},{""year"":2025,""month"":8,""searchVolume"":10}]"
žádanka online,ideas,true,hromkočky online,10,,,0,navigational,"[{""year"":2026,""month"":7,""searchVolume"":10},{""year"":2026,""month"":6,""searchVolume"":10},{""year"":2026,""month"":5,""searchVolume"":10},{""year"":2026,""month"":4,""searchVolume"":10},{""year"":2026,""month"":3,""searchVolume"":20},{""year"":2026,""month"":2,""searchVolume"":30},{""year"":2026,""month"":1,""searchVolume"":10},{""year"":2025,""month"":12,""searchVolume"":10},{""year"":2025,""month"":11,""searchVolume"":10},{""year"":2025,""month"":10,""searchVolume"":10},{""year"":2025,""month"":9,""searchVolume"":20},{""year"":2025,""month"":8,""searchVolume"":10}]"
žádanka online,ideas,true,vlákna online,10,,,0,informational,"[{""year"":2026,""month"":7,""searchVolume"":10},{""year"":2026,""month"":6,""searchVolume"":20},{""year"":2026,""month"":5,""searchVolume"":10},{""year"":2026,""month"":4,""searchVolume"":10},{""year"":2026,""month"":3,""searchVolume"":20},{""year"":2026,""month"":2,""searchVolume"":10},{""year"":2026,""month"":1,""searchVolume"":10},{""year"":2025,""month"":12,""searchVolume"":10},{""year"":2025,""month"":11,""searchVolume"":20},{""year"":2025,""month"":10,""searchVolume"":10},{""year"":2025,""month"":9,""searchVolume"":10},{""year"":2025,""month"":8,""searchVolume"":10}]"
žádanka online,ideas,true,zátah online,10,,,0,navigational,"[{""year"":2026,""month"":7,""searchVolume"":20},{""year"":2026,""month"":6,""searchVolume"":10},{""year"":2026,""month"":5,""searchVolume"":20},{""year"":2026,""month"":4,""searchVolume"":10},{""year"":2026,""month"":3,""searchVolume"":30},{""year"":2026,""month"":2,""searchVolume"":10},{""year"":2026,""month"":1,""searchVolume"":10},{""year"":2025,""month"":12,""searchVolume"":10},{""year"":2025,""month"":11,""searchVolume"":10},{""year"":2025,""month"":10,""searchVolume"":10},{""year"":2025,""month"":9,""searchVolume"":10},{""year"":2025,""month"":8,""searchVolume"":10}]"
žádanka online,ideas,true,dajto online,10,16,,0.04,informational,"[{""year"":2026,""month"":7,""searchVolume"":10},{""year"":2026,""month"":6,""searchVolume"":10},{""year"":2026,""month"":5,""searchVolume"":10},{""year"":2026,""month"":4,""searchVolume"":20},{""year"":2026,""month"":3,""searchVolume"":10},{""year"":2026,""month"":2,""searchVolume"":20},{""year"":2026,""month"":1,""searchVolume"":20},{""year"":2025,""month"":12,""searchVolume"":10},{""year"":2025,""month"":11,""searchVolume"":10},{""year"":2025,""month"":10,""searchVolume"":10},{""year"":2025,""month"":9,""searchVolume"":10},{""year"":2025,""month"":8,""searchVolume"":30}]"
žádanka online,ideas,true,matriční kniha online,110,13,1.11,0.16,navigational,"[{""year"":2026,""month"":7,""searchVolume"":90},{""year"":2026,""month"":6,""searchVolume"":70},{""year"":2026,""month"":5,""searchVolume"":50},{""year"":2026,""month"":4,""searchVolume"":140},{""year"":2026,""month"":3,""searchVolume"":210},{""year"":2026,""month"":2,""searchVolume"":170},{""year"":2026,""month"":1,""searchVolume"":110},{""year"":2025,""month"":12,""searchVolume"":70},{""year"":2025,""month"":11,""searchVolume"":110},{""year"":2025,""month"":10,""searchVolume"":110},{""year"":2025,""month"":9,""searchVolume"":110},{""year"":2025,""month"":8,""searchVolume"":110}]"
žádanka online,ideas,true,piklírna online,10,,,0,navigational,"[{""year"":2026,""month"":7,""searchVolume"":10},{""year"":2026,""month"":6,""searchVolume"":10},{""year"":2026,""month"":5,""searchVolume"":10},{""year"":2026,""month"":4,""searchVolume"":10},{""year"":2026,""month"":3,""searchVolume"":10},{""year"":2026,""month"":2,""searchVolume"":10},{""year"":2026,""month"":1,""searchVolume"":10},{""year"":2025,""month"":12,""searchVolume"":20},{""year"":2025,""month"":11,""searchVolume"":10},{""year"":2025,""month"":10,""searchVolume"":20},{""year"":2025,""month"":9,""searchVolume"":10},{""year"":2025,""month"":8,""searchVolume"":20}]"
žádanka online,ideas,true,zlom online,20,42,,0,informational,"[{""year"":2026,""month"":7,""searchVolume"":10},{""year"":2026,""month"":6,""searchVolume"":20},{""year"":2026,""month"":5,""searchVolume"":10},{""year"":2026,""month"":4,""searchVolume"":20},{""year"":2026,""month"":3,""searchVolume"":10},{""year"":2026,""month"":2,""searchVolume"":10},{""year"":2026,""month"":1,""searchVolume"":10},{""year"":2025,""month"":12,""searchVolume"":10},{""year"":2025,""month"":11,""searchVolume"":10},{""year"":2025,""month"":10,""searchVolume"":20},{""year"":2025,""month"":9,""searchVolume"":20},{""year"":2025,""month"":8,""searchVolume"":50}]"
žádanka online,ideas,true,priklady online,10,,,0.29,informational,"[{""year"":2026,""month"":7,""searchVolume"":10},{""year"":2026,""month"":6,""searchVolume"":10},{""year"":2026,""month"":5,""searchVolume"":10},{""year"":2026,""month"":4,""searchVolume"":10},{""year"":2026,""month"":3,""searchVolume"":10},{""year"":2026,""month"":2,""searchVolume"":10},{""year"":2026,""month"":1,""searchVolume"":10},{""year"":2025,""month"":12,""searchVolume"":10},{""year"":2025,""month"":11,""searchVolume"":10},{""year"":2025,""month"":10,""searchVolume"":10},{""year"":2025,""month"":9,""searchVolume"":10},{""year"":2025,""month"":8,""searchVolume"":10}]"
žádanka online,ideas,true,otčím online,10,,,0,navigational,"[{""year"":2026,""month"":7,""searchVolume"":10},{""year"":2026,""month"":6,""searchVolume"":10},{""year"":2026,""month"":5,""searchVolume"":10},{""year"":2026,""month"":4,""searchVolume"":10},{""year"":2026,""month"":3,""searchVolume"":10},{""year"":2026,""month"":2,""searchVolume"":10},{""year"":2026,""month"":1,""searchVolume"":20},{""year"":2025,""month"":12,""searchVolume"":10},{""year"":2025,""month"":11,""searchVolume"":10},{""year"":2025,""month"":10,""searchVolume"":10},{""year"":2025,""month"":9,""searchVolume"":10},{""year"":2025,""month"":8,""searchVolume"":10}]"
žádanka online,ideas,true,mechanický pomeranč online,90,0,,0,informational,"[{""year"":2026,""month"":7,""searchVolume"":40},{""year"":2026,""month"":6,""searchVolume"":70},{""year"":2026,""month"":5,""searchVolume"":90},{""year"":2026,""month"":4,""searchVolume"":70},{""year"":2026,""month"":3,""searchVolume"":90},{""year"":2026,""month"":2,""searchVolume"":90},{""year"":2026,""month"":1,""searchVolume"":70},{""year"":2025,""month"":12,""searchVolume"":70},{""year"":2025,""month"":11,""searchVolume"":110},{""year"":2025,""month"":10,""searchVolume"":90},{""year"":2025,""month"":9,""searchVolume"":70},{""year"":2025,""month"":8,""searchVolume"":50}]"
žádanka online,ideas,true,medvídek pú online,90,0,,0,transactional,"[{""year"":2026,""month"":7,""searchVolume"":90},{""year"":2026,""month"":6,""searchVolume"":70},{""year"":2026,""month"":5,""searchVolume"":90},{""year"":2026,""month"":4,""searchVolume"":70},{""year"":2026,""month"":3,""searchVolume"":90},{""year"":2026,""month"":2,""searchVolume"":110},{""year"":2026,""month"":1,""searchVolume"":110},{""year"":2025,""month"":12,""searchVolume"":90},{""year"":2025,""month"":11,""searchVolume"":70},{""year"":2025,""month"":10,""searchVolume"":90},{""year"":2025,""month"":9,""searchVolume"":70},{""year"":2025,""month"":8,""searchVolume"":50}]"
žádanka online,ideas,true,online navigace,720,51,0.24,0.17,informational,"[{""year"":2026,""month"":7,""searchVolume"":1000},{""year"":2026,""month"":6,""searchVolume"":720},{""year"":2026,""month"":5,""searchVolume"":720},{""year"":2026,""month"":4,""searchVolume"":590},{""year"":2026,""month"":3,""searchVolume"":590},{""year"":2026,""month"":2,""searchVolume"":480},{""year"":2026,""month"":1,""searchVolume"":390},{""year"":2025,""month"":12,""searchVolume"":480},{""year"":2025,""month"":11,""searchVolume"":480},{""year"":2025,""month"":10,""searchVolume"":880},{""year"":2025,""month"":9,""searchVolume"":1300},{""year"":2025,""month"":8,""searchVolume"":1600}]"
žádanka online,ideas,true,mládeži nepřístupno online,90,0,,0,navigational,"[{""year"":2026,""month"":7,""searchVolume"":50},{""year"":2026,""month"":6,""searchVolume"":110},{""year"":2026,""month"":5,""searchVolume"":40},{""year"":2026,""month"":4,""searchVolume"":40},{""year"":2026,""month"":3,""searchVolume"":90},{""year"":2026,""month"":2,""searchVolume"":70},{""year"":2026,""month"":1,""searchVolume"":140},{""year"":2025,""month"":12,""searchVolume"":110},{""year"":2025,""month"":11,""searchVolume"":110},{""year"":2025,""month"":10,""searchVolume"":70},{""year"":2025,""month"":9,""searchVolume"":90},{""year"":2025,""month"":8,""searchVolume"":90}]"
žádanka online,ideas,true,nová občanka online,90,42,,0.01,transactional,"[{""year"":2026,""month"":7,""searchVolume"":140},{""year"":2026,""month"":6,""searchVolume"":90},{""year"":2026,""month"":5,""searchVolume"":110},{""year"":2026,""month"":4,""searchVolume"":110},{""year"":2026,""month"":3,""searchVolume"":110},{""year"":2026,""month"":2,""searchVolume"":90},{""year"":2026,""month"":1,""searchVolume"":110},{""year"":2025,""month"":12,""searchVolume"":50},{""year"":2025,""month"":11,""searchVolume"":70},{""year"":2025,""month"":10,""searchVolume"":90},{""year"":2025,""month"":9,""searchVolume"":90},{""year"":2025,""month"":8,""searchVolume"":90}]"
žádanka online,ideas,true,obvyklí podezřelí online,70,0,,0,informational,"[{""year"":2026,""month"":7,""searchVolume"":40},{""year"":2026,""month"":6,""searchVolume"":70},{""year"":2026,""month"":5,""searchVolume"":40},{""year"":2026,""month"":4,""searchVolume"":40},{""year"":2026,""month"":3,""searchVolume"":50},{""year"":2026,""month"":2,""searchVolume"":50},{""year"":2026,""month"":1,""searchVolume"":90},{""year"":2025,""month"":12,""searchVolume"":50},{""year"":2025,""month"":11,""searchVolume"":110},{""year"":2025,""month"":10,""searchVolume"":110},{""year"":2025,""month"":9,""searchVolume"":90},{""year"":2025,""month"":8,""searchVolume"":110}]"
žádanka online,ideas,true,cesko svycarsko online,70,21,,0,navigational,"[{""year"":2026,""month"":7,""searchVolume"":10},{""year"":2026,""month"":6,""searchVolume"":10},{""year"":2026,""month"":5,""searchVolume"":40},{""year"":2026,""month"":4,""searchVolume"":10},{""year"":2026,""month"":3,""searchVolume"":20},{""year"":2026,""month"":2,""searchVolume"":590},{""year"":2026,""month"":1,""searchVolume"":70},{""year"":2025,""month"":12,""searchVolume"":40},{""year"":2025,""month"":11,""searchVolume"":20},{""year"":2025,""month"":10,""searchVolume"":0},{""year"":2025,""month"":9,""searchVolume"":0},{""year"":2025,""month"":8,""searchVolume"":10}]"
žádanka online,ideas,true,silo online cz,70,0,,0.01,navigational,"[{""year"":2026,""month"":7,""searchVolume"":210},{""year"":2026,""month"":6,""searchVolume"":70},{""year"":2026,""month"":5,""searchVolume"":40},{""year"":2026,""month"":4,""searchVolume"":50},{""year"":2026,""month"":3,""searchVolume"":20},{""year"":2026,""month"":2,""searchVolume"":30},{""year"":2026,""month"":1,""searchVolume"":90},{""year"":2025,""month"":12,""searchVolume"":70},{""year"":2025,""month"":11,""searchVolume"":30},{""year"":2025,""month"":10,""searchVolume"":50},{""year"":2025,""month"":9,""searchVolume"":50},{""year"":2025,""month"":8,""searchVolume"":30}]"
žádanka online,ideas,true,katastrální úřad online,40,55,,0,navigational,"[{""year"":2026,""month"":7,""searchVolume"":30},{""year"":2026,""month"":6,""searchVolume"":30},{""year"":2026,""month"":5,""searchVolume"":40},{""year"":2026,""month"":4,""searchVolume"":50},{""year"":2026,""month"":3,""searchVolume"":40},{""year"":2026,""month"":2,""searchVolume"":50},{""year"":2026,""month"":1,""searchVolume"":40},{""year"":2025,""month"":12,""searchVolume"":50},{""year"":2025,""month"":11,""searchVolume"":40},{""year"":2025,""month"":10,""searchVolume"":40},{""year"":2025,""month"":9,""searchVolume"":50},{""year"":2025,""month"":8,""searchVolume"":40}]"
žádanka online,ideas,true,počítadlo online,320,0,,0,informational,"[{""year"":2026,""month"":7,""searchVolume"":320},{""year"":2026,""month"":6,""searchVolume"":260},{""year"":2026,""month"":5,""searchVolume"":320},{""year"":2026,""month"":4,""searchVolume"":320},{""year"":2026,""month"":3,""searchVolume"":320},{""year"":2026,""month"":2,""searchVolume"":260},{""year"":2026,""month"":1,""searchVolume"":320},{""year"":2025,""month"":12,""searchVolume"":320},{""year"":2025,""month"":11,""searchVolume"":260},{""year"":2025,""month"":10,""searchVolume"":320},{""year"":2025,""month"":9,""searchVolume"":260},{""year"":2025,""month"":8,""searchVolume"":320}]"
žádanka online,ideas,true,šedá zóna online,50,0,,0,navigational,"[{""year"":2026,""month"":7,""searchVolume"":90},{""year"":2026,""month"":6,""searchVolume"":170},{""year"":2026,""month"":5,""searchVolume"":50},{""year"":2026,""month"":4,""searchVolume"":50},{""year"":2026,""month"":3,""searchVolume"":40},{""year"":2026,""month"":2,""searchVolume"":50},{""year"":2026,""month"":1,""searchVolume"":20},{""year"":2025,""month"":12,""searchVolume"":30},{""year"":2025,""month"":11,""searchVolume"":40},{""year"":2025,""month"":10,""searchVolume"":30},{""year"":2025,""month"":9,""searchVolume"":30},{""year"":2025,""month"":8,""searchVolume"":30}]"
žádanka online,ideas,true,velký šéf online,50,0,1.08,0.01,navigational,"[{""year"":2026,""month"":7,""searchVolume"":50},{""year"":2026,""month"":6,""searchVolume"":70},{""year"":2026,""month"":5,""searchVolume"":70},{""year"":2026,""month"":4,""searchVolume"":30},{""year"":2026,""month"":3,""searchVolume"":50},{""year"":2026,""month"":2,""searchVolume"":30},{""year"":2026,""month"":1,""searchVolume"":50},{""year"":2025,""month"":12,""searchVolume"":40},{""year"":2025,""month"":11,""searchVolume"":30},{""year"":2025,""month"":10,""searchVolume"":40},{""year"":2025,""month"":9,""searchVolume"":50},{""year"":2025,""month"":8,""searchVolume"":30}]"
žádanka online,ideas,true,moderní rodinka online,50,15,2.33,0.07,informational,"[{""year"":2026,""month"":7,""searchVolume"":40},{""year"":2026,""month"":6,""searchVolume"":40},{""year"":2026,""month"":5,""searchVolume"":40},{""year"":2026,""month"":4,""searchVolume"":110},{""year"":2026,""month"":3,""searchVolume"":50},{""year"":2026,""month"":2,""searchVolume"":40},{""year"":2026,""month"":1,""searchVolume"":110},{""year"":2025,""month"":12,""searchVolume"":40},{""year"":2025,""month"":11,""searchVolume"":70},{""year"":2025,""month"":10,""searchVolume"":40},{""year"":2025,""month"":9,""searchVolume"":70},{""year"":2025,""month"":8,""searchVolume"":50}]"
žádanka online,ideas,true,manželské etudy online,40,0,,0.01,informational,"[{""year"":2026,""month"":7,""searchVolume"":40},{""year"":2026,""month"":6,""searchVolume"":10},{""year"":2026,""month"":5,""searchVolume"":70},{""year"":2026,""month"":4,""searchVolume"":90},{""year"":2026,""month"":3,""searchVolume"":50},{""year"":2026,""month"":2,""searchVolume"":50},{""year"":2026,""month"":1,""searchVolume"":30},{""year"":2025,""month"":12,""searchVolume"":30},{""year"":2025,""month"":11,""searchVolume"":20},{""year"":2025,""month"":10,""searchVolume"":20},{""year"":2025,""month"":9,""searchVolume"":10},{""year"":2025,""month"":8,""searchVolume"":10}]"
žádanka online,ideas,true,čápi online,320,7,,0,informational,"[{""year"":2026,""month"":7,""searchVolume"":480},{""year"":2026,""month"":6,""searchVolume"":480},{""year"":2026,""month"":5,""searchVolume"":720},{""year"":2026,""month"":4,""searchVolume"":880},{""year"":2026,""month"":3,""searchVolume"":880},{""year"":2026,""month"":2,""searchVolume"":90},{""year"":2026,""month"":1,""searchVolume"":30},{""year"":2025,""month"":12,""searchVolume"":30},{""year"":2025,""month"":11,""searchVolume"":40},{""year"":2025,""month"":10,""searchVolume"":40},{""year"":2025,""month"":9,""searchVolume"":70},{""year"":2025,""month"":8,""searchVolume"":390}]"
žádanka online,ideas,true,v bruggách online,40,0,,0,navigational,"[{""year"":2026,""month"":7,""searchVolume"":30},{""year"":2026,""month"":6,""searchVolume"":40},{""year"":2026,""month"":5,""searchVolume"":20},{""year"":2026,""month"":4,""searchVolume"":30},{""year"":2026,""month"":3,""searchVolume"":40},{""year"":2026,""month"":2,""searchVolume"":20},{""year"":2026,""month"":1,""searchVolume"":50},{""year"":2025,""month"":12,""searchVolume"":50},{""year"":2025,""month"":11,""searchVolume"":50},{""year"":2025,""month"":10,""searchVolume"":50},{""year"":2025,""month"":9,""searchVolume"":50},{""year"":2025,""month"":8,""searchVolume"":50}]"
žádanka online,ideas,true,čr2 online,320,42,,0,navigational,"[{""year"":2026,""month"":7,""searchVolume"":480},{""year"":2026,""month"":6,""searchVolume"":390},{""year"":2026,""month"":5,""searchVolume"":260},{""year"":2026,""month"":4,""searchVolume"":260},{""year"":2026,""month"":3,""searchVolume"":390},{""year"":2026,""month"":2,""searchVolume"":260},{""year"":2026,""month"":1,""searchVolume"":320},{""year"":2025,""month"":12,""searchVolume"":320},{""year"":2025,""month"":11,""searchVolume"":480},{""year"":2025,""month"":10,""searchVolume"":390},{""year"":2025,""month"":9,""searchVolume"":390},{""year"":2025,""month"":8,""searchVolume"":320}]"
žádanka online,ideas,true,prohlášení vlastníka online,30,0,,0.01,navigational,"[{""year"":2026,""month"":7,""searchVolume"":10},{""year"":2026,""month"":6,""searchVolume"":20},{""year"":2026,""month"":5,""searchVolume"":20},{""year"":2026,""month"":4,""searchVolume"":30},{""year"":2026,""month"":3,""searchVolume"":20},{""year"":2026,""month"":2,""searchVolume"":40},{""year"":2026,""month"":1,""searchVolume"":40},{""year"":2025,""month"":12,""searchVolume"":30},{""year"":2025,""month"":11,""searchVolume"":20},{""year"":2025,""month"":10,""searchVolume"":20},{""year"":2025,""month"":9,""searchVolume"":30},{""year"":2025,""month"":8,""searchVolume"":20}]"
žádanka online,ideas,true,mimo kontrolu online,30,,0.38,0.01,navigational,"[{""year"":2026,""month"":7,""searchVolume"":20},{""year"":2026,""month"":6,""searchVolume"":10},{""year"":2026,""month"":5,""searchVolume"":10},{""year"":2026,""month"":4,""searchVolume"":20},{""year"":2026,""month"":3,""searchVolume"":20},{""year"":2026,""month"":2,""searchVolume"":30},{""year"":2026,""month"":1,""searchVolume"":40},{""year"":2025,""month"":12,""searchVolume"":20},{""year"":2025,""month"":11,""searchVolume"":20},{""year"":2025,""month"":10,""searchVolume"":90},{""year"":2025,""month"":9,""searchVolume"":50},{""year"":2025,""month"":8,""searchVolume"":40}]"
žádanka online,ideas,true,datová schránka online,30,,,0.15,informational,"[{""year"":2026,""month"":7,""searchVolume"":30},{""year"":2026,""month"":6,""searchVolume"":10},{""year"":2026,""month"":5,""searchVolume"":20},{""year"":2026,""month"":4,""searchVolume"":20},{""year"":2026,""month"":3,""searchVolume"":20},{""year"":2026,""month"":2,""searchVolume"":30},{""year"":2026,""month"":1,""searchVolume"":30},{""year"":2025,""month"":12,""searchVolume"":20},{""year"":2025,""month"":11,""searchVolume"":20},{""year"":2025,""month"":10,""searchVolume"":30},{""year"":2025,""month"":9,""searchVolume"":50},{""year"":2025,""month"":8,""searchVolume"":30}]"
žádanka online,ideas,true,pdf uprava online,30,8,1.83,0.53,informational,"[{""year"":2026,""month"":7,""searchVolume"":30},{""year"":2026,""month"":6,""searchVolume"":20},{""year"":2026,""month"":5,""searchVolume"":30},{""year"":2026,""month"":4,""searchVolume"":40},{""year"":2026,""month"":3,""searchVolume"":50},{""year"":2026,""month"":2,""searchVolume"":30},{""year"":2026,""month"":1,""searchVolume"":50},{""year"":2025,""month"":12,""searchVolume"":30},{""year"":2025,""month"":11,""searchVolume"":20},{""year"":2025,""month"":10,""searchVolume"":30},{""year"":2025,""month"":9,""searchVolume"":30},{""year"":2025,""month"":8,""searchVolume"":30}]"
žádanka online,ideas,true,soví dům online,30,10,,0.02,navigational,"[{""year"":2026,""month"":7,""searchVolume"":30},{""year"":2026,""month"":6,""searchVolume"":40},{""year"":2026,""month"":5,""searchVolume"":50},{""year"":2026,""month"":4,""searchVolume"":50},{""year"":2026,""month"":3,""searchVolume"":10},{""year"":2026,""month"":2,""searchVolume"":30},{""year"":2026,""month"":1,""searchVolume"":40},{""year"":2025,""month"":12,""searchVolume"":20},{""year"":2025,""month"":11,""searchVolume"":30},{""year"":2025,""month"":10,""searchVolume"":40},{""year"":2025,""month"":9,""searchVolume"":20},{""year"":2025,""month"":8,""searchVolume"":10}]"
žádanka online,ideas,true,poslední rok online,20,,,0,informational,"[{""year"":2026,""month"":7,""searchVolume"":20},{""year"":2026,""month"":6,""searchVolume"":10},{""year"":2026,""month"":5,""searchVolume"":30},{""year"":2026,""month"":4,""searchVolume"":20},{""year"":2026,""month"":3,""searchVolume"":20},{""year"":2026,""month"":2,""searchVolume"":40},{""year"":2026,""month"":1,""searchVolume"":20},{""year"":2025,""month"":12,""searchVolume"":20},{""year"":2025,""month"":11,""searchVolume"":40},{""year"":2025,""month"":10,""searchVolume"":20},{""year"":2025,""month"":9,""searchVolume"":30},{""year"":2025,""month"":8,""searchVolume"":10}]"
žádanka online,ideas,true,markéta lazarová online,30,,,0,navigational,"[{""year"":2026,""month"":7,""searchVolume"":20},{""year"":2026,""month"":6,""searchVolume"":10},{""year"":2026,""month"":5,""searchVolume"":30},{""year"":2026,""month"":4,""searchVolume"":50},{""year"":2026,""month"":3,""searchVolume"":30},{""year"":2026,""month"":2,""searchVolume"":30},{""year"":2026,""month"":1,""searchVolume"":30},{""year"":2025,""month"":12,""searchVolume"":40},{""year"":2025,""month"":11,""searchVolume"":20},{""year"":2025,""month"":10,""searchVolume"":30},{""year"":2025,""month"":9,""searchVolume"":20},{""year"":2025,""month"":8,""searchVolume"":10}]"
žádanka online,ideas,true,vlastníci online zdarma,30,0,,0,informational,"[{""year"":2026,""month"":7,""searchVolume"":10},{""year"":2026,""month"":6,""searchVolume"":10},{""year"":2026,""month"":5,""searchVolume"":10},{""year"":2026,""month"":4,""searchVolume"":10},{""year"":2026,""month"":3,""searchVolume"":10},{""year"":2026,""month"":2,""searchVolume"":10},{""year"":2026,""month"":1,""searchVolume"":10},{""year"":2025,""month"":12,""searchVolume"":20},{""year"":2025,""month"":11,""searchVolume"":140},{""year"":2025,""month"":10,""searchVolume"":90},{""year"":2025,""month"":9,""searchVolume"":70},{""year"":2025,""month"":8,""searchVolume"":30}]"
žádanka online,ideas,true,tereziánský katastr online,30,,,0,navigational,"[{""year"":2026,""month"":7,""searchVolume"":30},{""year"":2026,""month"":6,""searchVolume"":10},{""year"":2026,""month"":5,""searchVolume"":30},{""year"":2026,""month"":4,""searchVolume"":20},{""year"":2026,""month"":3,""searchVolume"":50},{""year"":2026,""month"":2,""searchVolume"":40},{""year"":2026,""month"":1,""searchVolume"":40},{""year"":2025,""month"":12,""searchVolume"":20},{""year"":2025,""month"":11,""searchVolume"":40},{""year"":2025,""month"":10,""searchVolume"":20},{""year"":2025,""month"":9,""searchVolume"":20},{""year"":2025,""month"":8,""searchVolume"":10}]"
žádanka online,ideas,true,dobití odisky online,390,5,,0,transactional,"[{""year"":2026,""month"":7,""searchVolume"":320},{""year"":2026,""month"":6,""searchVolume"":390},{""year"":2026,""month"":5,""searchVolume"":480},{""year"":2026,""month"":4,""searchVolume"":480},{""year"":2026,""month"":3,""searchVolume"":390},{""year"":2026,""month"":2,""searchVolume"":480},{""year"":2026,""month"":1,""searchVolume"":480},{""year"":2025,""month"":12,""searchVolume"":320},{""year"":2025,""month"":11,""searchVolume"":390},{""year"":2025,""month"":10,""searchVolume"":390},{""year"":2025,""month"":9,""searchVolume"":390},{""year"":2025,""month"":8,""searchVolume"":390}]"
žádanka online,ideas,true,síla psa online,10,,,,informational,"[{""year"":2026,""month"":7,""searchVolume"":0},{""year"":2026,""month"":6,""searchVolume"":0},{""year"":2026,""month"":5,""searchVolume"":0},{""year"":2026,""month"":4,""searchVolume"":10},{""year"":2026,""month"":3,""searchVolume"":10},{""year"":2026,""month"":2,""searchVolume"":0},{""year"":2026,""month"":1,""searchVolume"":0},{""year"":2025,""month"":12,""searchVolume"":10},{""year"":2025,""month"":11,""searchVolume"":10},{""year"":2025,""month"":10,""searchVolume"":0},{""year"":2025,""month"":9,""searchVolume"":0},{""year"":2025,""month"":8,""searchVolume"":10}]"
žádanka online,ideas,true,cibulkovy seznamy stb online,90,16,,0,informational,"[{""year"":2026,""month"":7,""searchVolume"":50},{""year"":2026,""month"":6,""searchVolume"":30},{""year"":2026,""month"":5,""searchVolume"":20},{""year"":2026,""month"":4,""searchVolume"":40},{""year"":2026,""month"":3,""searchVolume"":90},{""year"":2026,""month"":2,""searchVolume"":210},{""year"":2026,""month"":1,""searchVolume"":50},{""year"":2025,""month"":12,""searchVolume"":70},{""year"":2025,""month"":11,""searchVolume"":260},{""year"":2025,""month"":10,""searchVolume"":140},{""year"":2025,""month"":9,""searchVolume"":40},{""year"":2025,""month"":8,""searchVolume"":40}]"
žádanka online,ideas,true,vlákna online cz,10,,,0,navigational,"[{""year"":2026,""month"":7,""searchVolume"":10},{""year"":2026,""month"":6,""searchVolume"":10},{""year"":2026,""month"":5,""searchVolume"":10},{""year"":2026,""month"":4,""searchVolume"":10},{""year"":2026,""month"":3,""searchVolume"":10},{""year"":2026,""month"":2,""searchVolume"":10},{""year"":2026,""month"":1,""searchVolume"":10},{""year"":2025,""month"":12,""searchVolume"":10},{""year"":2025,""month"":11,""searchVolume"":10},{""year"":2025,""month"":10,""searchVolume"":10},{""year"":2025,""month"":9,""searchVolume"":10},{""year"":2025,""month"":8,""searchVolume"":20}]"
žádanka online,ideas,true,výsečový graf online,10,,,,informational,"[{""year"":2026,""month"":7,""searchVolume"":0},{""year"":2026,""month"":6,""searchVolume"":10},{""year"":2026,""month"":5,""searchVolume"":20},{""year"":2026,""month"":4,""searchVolume"":10},{""year"":2026,""month"":3,""searchVolume"":10},{""year"":2026,""month"":2,""searchVolume"":20},{""year"":2026,""month"":1,""searchVolume"":20},{""year"":2025,""month"":12,""searchVolume"":10},{""year"":2025,""month"":11,""searchVolume"":20},{""year"":2025,""month"":10,""searchVolume"":10},{""year"":2025,""month"":9,""searchVolume"":10},{""year"":2025,""month"":8,""searchVolume"":10}]"
žádanka online,ideas,true,stín kapradiny online,10,,,,navigational,"[{""year"":2026,""month"":7,""searchVolume"":0},{""year"":2026,""month"":6,""searchVolume"":10},{""year"":2026,""month"":5,""searchVolume"":10},{""year"":2026,""month"":4,""searchVolume"":10},{""year"":2026,""month"":3,""searchVolume"":10},{""year"":2026,""month"":2,""searchVolume"":0},{""year"":2026,""month"":1,""searchVolume"":10},{""year"":2025,""month"":12,""searchVolume"":10},{""year"":2025,""month"":11,""searchVolume"":10},{""year"":2025,""month"":10,""searchVolume"":10},{""year"":2025,""month"":9,""searchVolume"":0},{""year"":2025,""month"":8,""searchVolume"":10}]"
žádanka online,ideas,true,řezy těles online,,,,,transactional,"[{""year"":2026,""month"":5,""searchVolume"":0},{""year"":2026,""month"":4,""searchVolume"":0},{""year"":2026,""month"":3,""searchVolume"":0},{""year"":2026,""month"":2,""searchVolume"":0},{""year"":2026,""month"":1,""searchVolume"":0},{""year"":2025,""month"":12,""searchVolume"":0},{""year"":2025,""month"":11,""searchVolume"":0},{""year"":2025,""month"":10,""searchVolume"":0},{""year"":2025,""month"":9,""searchVolume"":0},{""year"":2025,""month"":8,""searchVolume"":0},{""year"":2025,""month"":7,""searchVolume"":0},{""year"":2025,""month"":6,""searchVolume"":0}]"
žádanka online,ideas,true,rodné číslo online,10,1,,0,navigational,"[{""year"":2026,""month"":7,""searchVolume"":10},{""year"":2026,""month"":6,""searchVolume"":10},{""year"":2026,""month"":5,""searchVolume"":10},{""year"":2026,""month"":4,""searchVolume"":10},{""year"":2026,""month"":3,""searchVolume"":10},{""year"":2026,""month"":2,""searchVolume"":10},{""year"":2026,""month"":1,""searchVolume"":20},{""year"":2025,""month"":12,""searchVolume"":20},{""year"":2025,""month"":11,""searchVolume"":10},{""year"":2025,""month"":10,""searchVolume"":10},{""year"":2025,""month"":9,""searchVolume"":10},{""year"":2025,""month"":8,""searchVolume"":10}]"
žádanka online,ideas,true,projekt power online,10,43,,,informational,"[{""year"":2026,""month"":7,""searchVolume"":0},{""year"":2026,""month"":6,""searchVolume"":10},{""year"":2026,""month"":5,""searchVolume"":10},{""year"":2026,""month"":4,""searchVolume"":10},{""year"":2026,""month"":3,""searchVolume"":0},{""year"":2026,""month"":2,""searchVolume"":10},{""year"":2026,""month"":1,""searchVolume"":10},{""year"":2025,""month"":12,""searchVolume"":10},{""year"":2025,""month"":11,""searchVolume"":0},{""year"":2025,""month"":10,""searchVolume"":10},{""year"":2025,""month"":9,""searchVolume"":10},{""year"":2025,""month"":8,""searchVolume"":10}]"
žádanka online,ideas,true,zemské desky online,10,,,0,informational,"[{""year"":2026,""month"":7,""searchVolume"":10},{""year"":2026,""month"":6,""searchVolume"":10},{""year"":2026,""month"":5,""searchVolume"":10},{""year"":2026,""month"":4,""searchVolume"":10},{""year"":2026,""month"":3,""searchVolume"":20},{""year"":2026,""month"":2,""searchVolume"":20},{""year"":2026,""month"":1,""searchVolume"":20},{""year"":2025,""month"":12,""searchVolume"":10},{""year"":2025,""month"":11,""searchVolume"":20},{""year"":2025,""month"":10,""searchVolume"":20},{""year"":2025,""month"":9,""searchVolume"":10},{""year"":2025,""month"":8,""searchVolume"":10}]"
žádanka online,ideas,true,verejne zakazky online,10,,,,navigational,"[{""year"":2026,""month"":7,""searchVolume"":0},{""year"":2026,""month"":6,""searchVolume"":10},{""year"":2026,""month"":5,""searchVolume"":10},{""year"":2026,""month"":4,""searchVolume"":10},{""year"":2026,""month"":3,""searchVolume"":10},{""year"":2026,""month"":2,""searchVolume"":10},{""year"":2026,""month"":1,""searchVolume"":10},{""year"":2025,""month"":12,""searchVolume"":10},{""year"":2025,""month"":11,""searchVolume"":10},{""year"":2025,""month"":10,""searchVolume"":10},{""year"":2025,""month"":9,""searchVolume"":10},{""year"":2025,""month"":8,""searchVolume"":10}]"
žádanka online,ideas,true,kontakt 1997 online,10,,,0,navigational,"[{""year"":2026,""month"":7,""searchVolume"":20},{""year"":2026,""month"":6,""searchVolume"":10},{""year"":2026,""month"":5,""searchVolume"":10},{""year"":2026,""month"":4,""searchVolume"":10},{""year"":2026,""month"":3,""searchVolume"":10},{""year"":2026,""month"":2,""searchVolume"":10},{""year"":2026,""month"":1,""searchVolume"":20},{""year"":2025,""month"":12,""searchVolume"":10},{""year"":2025,""month"":11,""searchVolume"":10},{""year"":2025,""month"":10,""searchVolume"":10},{""year"":2025,""month"":9,""searchVolume"":10},{""year"":2025,""month"":8,""searchVolume"":10}]"
žádanka online,ideas,true,zelená léta online,,,,,commercial,"[{""year"":2026,""month"":5,""searchVolume"":0},{""year"":2026,""month"":4,""searchVolume"":0},{""year"":2026,""month"":3,""searchVolume"":0},{""year"":2026,""month"":2,""searchVolume"":0},{""year"":2026,""month"":1,""searchVolume"":0},{""year"":2025,""month"":12,""searchVolume"":0},{""year"":2025,""month"":11,""searchVolume"":0},{""year"":2025,""month"":10,""searchVolume"":0},{""year"":2025,""month"":9,""searchVolume"":0},{""year"":2025,""month"":8,""searchVolume"":0},{""year"":2025,""month"":7,""searchVolume"":0},{""year"":2025,""month"":6,""searchVolume"":0}]"
žádanka online,ideas,true,města obce online,10,,,0,navigational,"[{""year"":2026,""month"":7,""searchVolume"":10},{""year"":2026,""month"":6,""searchVolume"":10},{""year"":2026,""month"":5,""searchVolume"":10},{""year"":2026,""month"":4,""searchVolume"":10},{""year"":2026,""month"":3,""searchVolume"":10},{""year"":2026,""month"":2,""searchVolume"":10},{""year"":2026,""month"":1,""searchVolume"":10},{""year"":2025,""month"":12,""searchVolume"":10},{""year"":2025,""month"":11,""searchVolume"":10},{""year"":2025,""month"":10,""searchVolume"":10},{""year"":2025,""month"":9,""searchVolume"":20},{""year"":2025,""month"":8,""searchVolume"":10}]"
žádanka online,ideas,true,určitě možná online,10,42,,0,informational,"[{""year"":2026,""month"":7,""searchVolume"":10},{""year"":2026,""month"":6,""searchVolume"":10},{""year"":2026,""month"":5,""searchVolume"":10},{""year"":2026,""month"":4,""searchVolume"":10},{""year"":2026,""month"":3,""searchVolume"":20},{""year"":2026,""month"":2,""searchVolume"":10},{""year"":2026,""month"":1,""searchVolume"":10},{""year"":2025,""month"":12,""searchVolume"":10},{""year"":2025,""month"":11,""searchVolume"":10},{""year"":2025,""month"":10,""searchVolume"":10},{""year"":2025,""month"":9,""searchVolume"":10},{""year"":2025,""month"":8,""searchVolume"":10}]"
žádanka online,ideas,true,bezva finta online,40,40,,0.01,informational,"[{""year"":2026,""month"":7,""searchVolume"":30},{""year"":2026,""month"":6,""searchVolume"":40},{""year"":2026,""month"":5,""searchVolume"":20},{""year"":2026,""month"":4,""searchVolume"":20},{""year"":2026,""month"":3,""searchVolume"":30},{""year"":2026,""month"":2,""searchVolume"":30},{""year"":2026,""month"":1,""searchVolume"":50},{""year"":2025,""month"":12,""searchVolume"":90},{""year"":2025,""month"":11,""searchVolume"":50},{""year"":2025,""month"":10,""searchVolume"":40},{""year"":2025,""month"":9,""searchVolume"":50},{""year"":2025,""month"":8,""searchVolume"":30}]"
žádanka online,ideas,true,soutěž online,260,16,3.5,0.17,informational,"[{""year"":2026,""month"":7,""searchVolume"":170},{""year"":2026,""month"":6,""searchVolume"":210},{""year"":2026,""month"":5,""searchVolume"":210},{""year"":2026,""month"":4,""searchVolume"":170},{""year"":2026,""month"":3,""searchVolume"":260},{""year"":2026,""month"":2,""searchVolume"":260},{""year"":2026,""month"":1,""searchVolume"":260},{""year"":2025,""month"":12,""searchVolume"":260},{""year"":2025,""month"":11,""searchVolume"":390},{""year"":2025,""month"":10,""searchVolume"":390},{""year"":2025,""month"":9,""searchVolume"":210},{""year"":2025,""month"":8,""searchVolume"":140}]"
žádanka online,ideas,true,interview s upírem online,50,0,,0,navigational,"[{""year"":2026,""month"":7,""searchVolume"":40},{""year"":2026,""month"":6,""searchVolume"":50},{""year"":2026,""month"":5,""searchVolume"":20},{""year"":2026,""month"":4,""searchVolume"":20},{""year"":2026,""month"":3,""searchVolume"":40},{""year"":2026,""month"":2,""searchVolume"":40},{""year"":2026,""month"":1,""searchVolume"":70},{""year"":2025,""month"":12,""searchVolume"":50},{""year"":2025,""month"":11,""searchVolume"":70},{""year"":2025,""month"":10,""searchVolume"":110},{""year"":2025,""month"":9,""searchVolume"":50},{""year"":2025,""month"":8,""searchVolume"":50}]"
žádanka online,ideas,true,musíme si pomáhat online,50,44,,0.07,informational,"[{""year"":2026,""month"":7,""searchVolume"":30},{""year"":2026,""month"":6,""searchVolume"":30},{""year"":2026,""month"":5,""searchVolume"":50},{""year"":2026,""month"":4,""searchVolume"":50},{""year"":2026,""month"":3,""searchVolume"":70},{""year"":2026,""month"":2,""searchVolume"":40},{""year"":2026,""month"":1,""searchVolume"":70},{""year"":2025,""month"":12,""searchVolume"":70},{""year"":2025,""month"":11,""searchVolume"":50},{""year"":2025,""month"":10,""searchVolume"":50},{""year"":2025,""month"":9,""searchVolume"":30},{""year"":2025,""month"":8,""searchVolume"":30}]"
žádanka online,ideas,true,příšerky sro online cz,40,0,,0,navigational,"[{""year"":2026,""month"":7,""searchVolume"":20},{""year"":2026,""month"":6,""searchVolume"":20},{""year"":2026,""month"":5,""searchVolume"":30},{""year"":2026,""month"":4,""searchVolume"":30},{""year"":2026,""month"":3,""searchVolume"":30},{""year"":2026,""month"":2,""searchVolume"":30},{""year"":2026,""month"":1,""searchVolume"":20},{""year"":2025,""month"":12,""searchVolume"":30},{""year"":2025,""month"":11,""searchVolume"":70},{""year"":2025,""month"":10,""searchVolume"":90},{""year"":2025,""month"":9,""searchVolume"":70},{""year"":2025,""month"":8,""searchVolume"":70}]"
žádanka online,ideas,true,úředně ověřený podpis online,10,,1.91,0.58,transactional,"[{""year"":2026,""month"":7,""searchVolume"":10},{""year"":2026,""month"":6,""searchVolume"":10},{""year"":2026,""month"":5,""searchVolume"":10},{""year"":2026,""month"":4,""searchVolume"":10},{""year"":2026,""month"":3,""searchVolume"":10},{""year"":2026,""month"":2,""searchVolume"":0},{""year"":2026,""month"":1,""searchVolume"":0},{""year"":2025,""month"":12,""searchVolume"":0},{""year"":2025,""month"":11,""searchVolume"":0},{""year"":2025,""month"":10,""searchVolume"":0},{""year"":2025,""month"":9,""searchVolume"":0},{""year"":2025,""month"":8,""searchVolume"":0}]"
žádanka online,ideas,true,v oku tornáda online,20,11,,0,informational,"[{""year"":2026,""month"":7,""searchVolume"":20},{""year"":2026,""month"":6,""searchVolume"":10},{""year"":2026,""month"":5,""searchVolume"":40},{""year"":2026,""month"":4,""searchVolume"":30},{""year"":2026,""month"":3,""searchVolume"":30},{""year"":2026,""month"":2,""searchVolume"":20},{""year"":2026,""month"":1,""searchVolume"":10},{""year"":2025,""month"":12,""searchVolume"":20},{""year"":2025,""month"":11,""searchVolume"":30},{""year"":2025,""month"":10,""searchVolume"":20},{""year"":2025,""month"":9,""searchVolume"":10},{""year"":2025,""month"":8,""searchVolume"":20}]"
žádanka online,ideas,true,uno online pro dva,10,,,,navigational,"[{""year"":2026,""month"":7,""searchVolume"":0},{""year"":2026,""month"":6,""searchVolume"":10},{""year"":2026,""month"":5,""searchVolume"":10},{""year"":2026,""month"":4,""searchVolume"":10},{""year"":2026,""month"":3,""searchVolume"":10},{""year"":2026,""month"":2,""searchVolume"":10},{""year"":2026,""month"":1,""searchVolume"":10},{""year"":2025,""month"":12,""searchVolume"":10},{""year"":2025,""month"":11,""searchVolume"":10},{""year"":2025,""month"":10,""searchVolume"":10},{""year"":2025,""month"":9,""searchVolume"":10},{""year"":2025,""month"":8,""searchVolume"":10}]"
žádanka online,ideas,true,online věštírna,590,21,1.48,0.19,informational,"[{""year"":2026,""month"":7,""searchVolume"":720},{""year"":2026,""month"":6,""searchVolume"":720},{""year"":2026,""month"":5,""searchVolume"":590},{""year"":2026,""month"":4,""searchVolume"":590},{""year"":2026,""month"":3,""searchVolume"":720},{""year"":2026,""month"":2,""searchVolume"":590},{""year"":2026,""month"":1,""searchVolume"":480},{""year"":2025,""month"":12,""searchVolume"":480},{""year"":2025,""month"":11,""searchVolume"":390},{""year"":2025,""month"":10,""searchVolume"":390},{""year"":2025,""month"":9,""searchVolume"":390},{""year"":2025,""month"":8,""searchVolume"":390}]"
žádanka online,ideas,true,social network online cz,10,,,0,navigational,"[{""year"":2026,""month"":7,""searchVolume"":10},{""year"":2026,""month"":6,""searchVolume"":10},{""year"":2026,""month"":5,""searchVolume"":10},{""year"":2026,""month"":4,""searchVolume"":10},{""year"":2026,""month"":3,""searchVolume"":10},{""year"":2026,""month"":2,""searchVolume"":10},{""year"":2026,""month"":1,""searchVolume"":10},{""year"":2025,""month"":12,""searchVolume"":10},{""year"":2025,""month"":11,""searchVolume"":10},{""year"":2025,""month"":10,""searchVolume"":10},{""year"":2025,""month"":9,""searchVolume"":10},{""year"":2025,""month"":8,""searchVolume"":10}]"
žádanka online,ideas,true,srážky online,590,96,,0,informational,"[{""year"":2026,""month"":7,""searchVolume"":1000},{""year"":2026,""month"":6,""searchVolume"":1300},{""year"":2026,""month"":5,""searchVolume"":880},{""year"":2026,""month"":4,""searchVolume"":390},{""year"":2026,""month"":3,""searchVolume"":210},{""year"":2026,""month"":2,""searchVolume"":260},{""year"":2026,""month"":1,""searchVolume"":320},{""year"":2025,""month"":12,""searchVolume"":170},{""year"":2025,""month"":11,""searchVolume"":260},{""year"":2025,""month"":10,""searchVolume"":390},{""year"":2025,""month"":9,""searchVolume"":590},{""year"":2025,""month"":8,""searchVolume"":720}]"
žádanka online,ideas,true,mistři aukcí online cz,10,,,,navigational,"[{""year"":2026,""month"":7,""searchVolume"":0},{""year"":2026,""month"":6,""searchVolume"":10},{""year"":2026,""month"":5,""searchVolume"":10},{""year"":2026,""month"":4,""searchVolume"":10},{""year"":2026,""month"":3,""searchVolume"":10},{""year"":2026,""month"":2,""searchVolume"":10},{""year"":2026,""month"":1,""searchVolume"":20},{""year"":2025,""month"":12,""searchVolume"":20},{""year"":2025,""month"":11,""searchVolume"":10},{""year"":2025,""month"":10,""searchVolume"":10},{""year"":2025,""month"":9,""searchVolume"":10},{""year"":2025,""month"":8,""searchVolume"":10}]"
žádanka online,ideas,true,hendl kvalitativní výzkum online,10,,0.46,0.3,informational,"[{""year"":2026,""month"":7,""searchVolume"":10},{""year"":2026,""month"":6,""searchVolume"":10},{""year"":2026,""month"":5,""searchVolume"":10},{""year"":2026,""month"":4,""searchVolume"":20},{""year"":2026,""month"":3,""searchVolume"":30},{""year"":2026,""month"":2,""searchVolume"":20},{""year"":2026,""month"":1,""searchVolume"":10},{""year"":2025,""month"":12,""searchVolume"":10},{""year"":2025,""month"":11,""searchVolume"":10},{""year"":2025,""month"":10,""searchVolume"":10},{""year"":2025,""month"":9,""searchVolume"":10},{""year"":2025,""month"":8,""searchVolume"":10}]"
žádanka online,ideas,true,projekt x cz online,20,0,,0,navigational,"[{""year"":2026,""month"":7,""searchVolume"":10},{""year"":2026,""month"":6,""searchVolume"":10},{""year"":2026,""month"":5,""searchVolume"":10},{""year"":2026,""month"":4,""searchVolume"":10},{""year"":2026,""month"":3,""searchVolume"":10},{""year"":2026,""month"":2,""searchVolume"":10},{""year"":2026,""month"":1,""searchVolume"":30},{""year"":2025,""month"":12,""searchVolume"":30},{""year"":2025,""month"":11,""searchVolume"":30},{""year"":2025,""month"":10,""searchVolume"":30},{""year"":2025,""month"":9,""searchVolume"":10},{""year"":2025,""month"":8,""searchVolume"":10}]"
žádanka online,ideas,true,kytky online,210,49,6.03,1,navigational,"[{""year"":2026,""month"":7,""searchVolume"":170},{""year"":2026,""month"":6,""searchVolume"":170},{""year"":2026,""month"":5,""searchVolume"":260},{""year"":2026,""month"":4,""searchVolume"":210},{""year"":2026,""month"":3,""searchVolume"":260},{""year"":2026,""month"":2,""searchVolume"":320},{""year"":2026,""month"":1,""searchVolume"":210},{""year"":2025,""month"":12,""searchVolume"":140},{""year"":2025,""month"":11,""searchVolume"":170},{""year"":2025,""month"":10,""searchVolume"":210},{""year"":2025,""month"":9,""searchVolume"":170},{""year"":2025,""month"":8,""searchVolume"":210}]"
žádanka online,ideas,true,online formulář,210,12,1.6,0.34,navigational,"[{""year"":2026,""month"":7,""searchVolume"":70},{""year"":2026,""month"":6,""searchVolume"":110},{""year"":2026,""month"":5,""searchVolume"":90},{""year"":2026,""month"":4,""searchVolume"":210},{""year"":2026,""month"":3,""searchVolume"":260},{""year"":2026,""month"":2,""searchVolume"":260},{""year"":2026,""month"":1,""searchVolume"":390},{""year"":2025,""month"":12,""searchVolume"":260},{""year"":2025,""month"":11,""searchVolume"":170},{""year"":2025,""month"":10,""searchVolume"":210},{""year"":2025,""month"":9,""searchVolume"":390},{""year"":2025,""month"":8,""searchVolume"":260}]"
žádanka online,ideas,true,formulář online,210,16,1.6,0.34,navigational,"[{""year"":2026,""month"":7,""searchVolume"":70},{""year"":2026,""month"":6,""searchVolume"":110},{""year"":2026,""month"":5,""searchVolume"":90},{""year"":2026,""month"":4,""searchVolume"":210},{""year"":2026,""month"":3,""searchVolume"":260},{""year"":2026,""month"":2,""searchVolume"":260},{""year"":2026,""month"":1,""searchVolume"":390},{""year"":2025,""month"":12,""searchVolume"":260},{""year"":2025,""month"":11,""searchVolume"":170},{""year"":2025,""month"":10,""searchVolume"":210},{""year"":2025,""month"":9,""searchVolume"":390},{""year"":2025,""month"":8,""searchVolume"":260}]"
žádanka online,ideas,true,az po usi online,50,12,,0,informational,"[{""year"":2026,""month"":7,""searchVolume"":90},{""year"":2026,""month"":6,""searchVolume"":20},{""year"":2026,""month"":5,""searchVolume"":30},{""year"":2026,""month"":4,""searchVolume"":40},{""year"":2026,""month"":3,""searchVolume"":70},{""year"":2026,""month"":2,""searchVolume"":50},{""year"":2026,""month"":1,""searchVolume"":50},{""year"":2025,""month"":12,""searchVolume"":70},{""year"":2025,""month"":11,""searchVolume"":40},{""year"":2025,""month"":10,""searchVolume"":40},{""year"":2025,""month"":9,""searchVolume"":70},{""year"":2025,""month"":8,""searchVolume"":40}]"
žádanka online,ideas,true,online kytky,210,29,6.03,1,navigational,"[{""year"":2026,""month"":7,""searchVolume"":170},{""year"":2026,""month"":6,""searchVolume"":170},{""year"":2026,""month"":5,""searchVolume"":260},{""year"":2026,""month"":4,""searchVolume"":210},{""year"":2026,""month"":3,""searchVolume"":260},{""year"":2026,""month"":2,""searchVolume"":320},{""year"":2026,""month"":1,""searchVolume"":210},{""year"":2025,""month"":12,""searchVolume"":140},{""year"":2025,""month"":11,""searchVolume"":170},{""year"":2025,""month"":10,""searchVolume"":210},{""year"":2025,""month"":9,""searchVolume"":170},{""year"":2025,""month"":8,""searchVolume"":210}]"
žádanka online,ideas,true,interview s upírem online cz,20,,,0,navigational,"[{""year"":2026,""month"":7,""searchVolume"":10},{""year"":2026,""month"":6,""searchVolume"":10},{""year"":2026,""month"":5,""searchVolume"":40},{""year"":2026,""month"":4,""searchVolume"":20},{""year"":2026,""month"":3,""searchVolume"":10},{""year"":2026,""month"":2,""searchVolume"":20},{""year"":2026,""month"":1,""searchVolume"":10},{""year"":2025,""month"":12,""searchVolume"":10},{""year"":2025,""month"":11,""searchVolume"":30},{""year"":2025,""month"":10,""searchVolume"":50},{""year"":2025,""month"":9,""searchVolume"":20},{""year"":2025,""month"":8,""searchVolume"":20}]"
žádanka online,ideas,true,cesta domů online,260,10,0.13,0.11,navigational,"[{""year"":2026,""month"":7,""searchVolume"":170},{""year"":2026,""month"":6,""searchVolume"":210},{""year"":2026,""month"":5,""searchVolume"":260},{""year"":2026,""month"":4,""searchVolume"":590},{""year"":2026,""month"":3,""searchVolume"":720},{""year"":2026,""month"":2,""searchVolume"":390},{""year"":2026,""month"":1,""searchVolume"":170},{""year"":2025,""month"":12,""searchVolume"":90},{""year"":2025,""month"":11,""searchVolume"":90},{""year"":2025,""month"":10,""searchVolume"":140},{""year"":2025,""month"":9,""searchVolume"":90},{""year"":2025,""month"":8,""searchVolume"":210}]"
žádanka online,ideas,true,pí a jeho život online,20,40,,0,informational,"[{""year"":2026,""month"":7,""searchVolume"":10},{""year"":2026,""month"":6,""searchVolume"":20},{""year"":2026,""month"":5,""searchVolume"":10},{""year"":2026,""month"":4,""searchVolume"":10},{""year"":2026,""month"":3,""searchVolume"":20},{""year"":2026,""month"":2,""searchVolume"":20},{""year"":2026,""month"":1,""searchVolume"":40},{""year"":2025,""month"":12,""searchVolume"":20},{""year"":2025,""month"":11,""searchVolume"":20},{""year"":2025,""month"":10,""searchVolume"":20},{""year"":2025,""month"":9,""searchVolume"":10},{""year"":2025,""month"":8,""searchVolume"":20}]"
žádanka online,ideas,true,lidice online,170,0,0.29,0.02,navigational,"[{""year"":2026,""month"":7,""searchVolume"":110},{""year"":2026,""month"":6,""searchVolume"":390},{""year"":2026,""month"":5,""searchVolume"":320},{""year"":2026,""month"":4,""searchVolume"":170},{""year"":2026,""month"":3,""searchVolume"":110},{""year"":2026,""month"":2,""searchVolume"":110},{""year"":2026,""month"":1,""searchVolume"":170},{""year"":2025,""month"":12,""searchVolume"":90},{""year"":2025,""month"":11,""searchVolume"":140},{""year"":2025,""month"":10,""searchVolume"":110},{""year"":2025,""month"":9,""searchVolume"":90},{""year"":2025,""month"":8,""searchVolume"":90}]"
žádanka online,ideas,true,čertoviny online,170,0,0.87,0.02,informational,"[{""year"":2026,""month"":7,""searchVolume"":320},{""year"":2026,""month"":6,""searchVolume"":170},{""year"":2026,""month"":5,""searchVolume"":210},{""year"":2026,""month"":4,""searchVolume"":170},{""year"":2026,""month"":3,""searchVolume"":170},{""year"":2026,""month"":2,""searchVolume"":140},{""year"":2026,""month"":1,""searchVolume"":260},{""year"":2025,""month"":12,""searchVolume"":480},{""year"":2025,""month"":11,""searchVolume"":70},{""year"":2025,""month"":10,""searchVolume"":40},{""year"":2025,""month"":9,""searchVolume"":50},{""year"":2025,""month"":8,""searchVolume"":70}]"
žádanka online,ideas,true,bold type online cz titulky,,,,,navigational,"[{""year"":2026,""month"":5,""searchVolume"":0},{""year"":2026,""month"":4,""searchVolume"":0},{""year"":2026,""month"":3,""searchVolume"":0},{""year"":2026,""month"":2,""searchVolume"":0},{""year"":2026,""month"":1,""searchVolume"":0},{""year"":2025,""month"":12,""searchVolume"":0},{""year"":2025,""month"":11,""searchVolume"":0},{""year"":2025,""month"":10,""searchVolume"":0},{""year"":2025,""month"":9,""searchVolume"":0},{""year"":2025,""month"":8,""searchVolume"":0},{""year"":2025,""month"":7,""searchVolume"":0},{""year"":2025,""month"":6,""searchVolume"":0}]"
žádanka online,ideas,true,děti online,140,0,,0,informational,"[{""year"":2026,""month"":7,""searchVolume"":90},{""year"":2026,""month"":6,""searchVolume"":140},{""year"":2026,""month"":5,""searchVolume"":170},{""year"":2026,""month"":4,""searchVolume"":170},{""year"":2026,""month"":3,""searchVolume"":110},{""year"":2026,""month"":2,""searchVolume"":90},{""year"":2026,""month"":1,""searchVolume"":110},{""year"":2025,""month"":12,""searchVolume"":170},{""year"":2025,""month"":11,""searchVolume"":170},{""year"":2025,""month"":10,""searchVolume"":140},{""year"":2025,""month"":9,""searchVolume"":110},{""year"":2025,""month"":8,""searchVolume"":110}]"
žádanka online,ideas,true,zmena doruceni online,210,13,3.08,0,navigational,"[{""year"":2026,""month"":7,""searchVolume"":170},{""year"":2026,""month"":6,""searchVolume"":170},{""year"":2026,""month"":5,""searchVolume"":170},{""year"":2026,""month"":4,""searchVolume"":210},{""year"":2026,""month"":3,""searchVolume"":210},{""year"":2026,""month"":2,""searchVolume"":210},{""year"":2026,""month"":1,""searchVolume"":210},{""year"":2025,""month"":12,""searchVolume"":170},{""year"":2025,""month"":11,""searchVolume"":170},{""year"":2025,""month"":10,""searchVolume"":210},{""year"":2025,""month"":9,""searchVolume"":170},{""year"":2025,""month"":8,""searchVolume"":210}]"
žádanka online,ideas,true,trafika online,140,16,0.78,0.05,informational,"[{""year"":2026,""month"":7,""searchVolume"":110},{""year"":2026,""month"":6,""searchVolume"":140},{""year"":2026,""month"":5,""searchVolume"":140},{""year"":2026,""month"":4,""searchVolume"":170},{""year"":2026,""month"":3,""searchVolume"":140},{""year"":2026,""month"":2,""searchVolume"":140},{""year"":2026,""month"":1,""searchVolume"":170},{""year"":2025,""month"":12,""searchVolume"":140},{""year"":2025,""month"":11,""searchVolume"":170},{""year"":2025,""month"":10,""searchVolume"":140},{""year"":2025,""month"":9,""searchVolume"":170},{""year"":2025,""month"":8,""searchVolume"":140}]"
žádanka online,ideas,true,stážista online,140,0,,0.02,informational,"[{""year"":2026,""month"":7,""searchVolume"":50},{""year"":2026,""month"":6,""searchVolume"":140},{""year"":2026,""month"":5,""searchVolume"":210},{""year"":2026,""month"":4,""searchVolume"":140},{""year"":2026,""month"":3,""searchVolume"":140},{""year"":2026,""month"":2,""searchVolume"":140},{""year"":2026,""month"":1,""searchVolume"":140},{""year"":2025,""month"":12,""searchVolume"":110},{""year"":2025,""month"":11,""searchVolume"":170},{""year"":2025,""month"":10,""searchVolume"":90},{""year"":2025,""month"":9,""searchVolume"":140},{""year"":2025,""month"":8,""searchVolume"":110}]"
žádanka online,ideas,true,čvut online,,,,,informational,"[{""year"":2026,""month"":5,""searchVolume"":0},{""year"":2026,""month"":4,""searchVolume"":0},{""year"":2026,""month"":3,""searchVolume"":0},{""year"":2026,""month"":2,""searchVolume"":0},{""year"":2026,""month"":1,""searchVolume"":0},{""year"":2025,""month"":12,""searchVolume"":0},{""year"":2025,""month"":11,""searchVolume"":0},{""year"":2025,""month"":10,""searchVolume"":0},{""year"":2025,""month"":9,""searchVolume"":0},{""year"":2025,""month"":8,""searchVolume"":0},{""year"":2025,""month"":7,""searchVolume"":0},{""year"":2025,""month"":6,""searchVolume"":0}]"
žádanka online,ideas,true,nasobilka online,110,7,,0.04,navigational,"[{""year"":2026,""month"":7,""searchVolume"":10},{""year"":2026,""month"":6,""searchVolume"":140},{""year"":2026,""month"":5,""searchVolume"":70},{""year"":2026,""month"":4,""searchVolume"":110},{""year"":2026,""month"":3,""searchVolume"":170},{""year"":2026,""month"":2,""searchVolume"":140},{""year"":2026,""month"":1,""searchVolume"":140},{""year"":2025,""month"":12,""searchVolume"":110},{""year"":2025,""month"":11,""searchVolume"":110},{""year"":2025,""month"":10,""searchVolume"":110},{""year"":2025,""month"":9,""searchVolume"":110},{""year"":2025,""month"":8,""searchVolume"":10}]"
žádanka online,ideas,true,online zastavárna,110,1,0.76,1,navigational,"[{""year"":2026,""month"":7,""searchVolume"":110},{""year"":2026,""month"":6,""searchVolume"":110},{""year"":2026,""month"":5,""searchVolume"":70},{""year"":2026,""month"":4,""searchVolume"":110},{""year"":2026,""month"":3,""searchVolume"":110},{""year"":2026,""month"":2,""searchVolume"":110},{""year"":2026,""month"":1,""searchVolume"":110},{""year"":2025,""month"":12,""searchVolume"":140},{""year"":2025,""month"":11,""searchVolume"":140},{""year"":2025,""month"":10,""searchVolume"":110},{""year"":2025,""month"":9,""searchVolume"":110},{""year"":2025,""month"":8,""searchVolume"":110}]"
žádanka online,ideas,true,ledovka online,110,45,,,informational,"[{""year"":2026,""month"":7,""searchVolume"":0},{""year"":2026,""month"":6,""searchVolume"":10},{""year"":2026,""month"":5,""searchVolume"":10},{""year"":2026,""month"":4,""searchVolume"":10},{""year"":2026,""month"":3,""searchVolume"":10},{""year"":2026,""month"":2,""searchVolume"":260},{""year"":2026,""month"":1,""searchVolume"":1000},{""year"":2025,""month"":12,""searchVolume"":0},{""year"":2025,""month"":11,""searchVolume"":0},{""year"":2025,""month"":10,""searchVolume"":0},{""year"":2025,""month"":9,""searchVolume"":0},{""year"":2025,""month"":8,""searchVolume"":0}]"
žádanka online,ideas,true,odkaz online,110,0,,0.02,navigational,"[{""year"":2026,""month"":7,""searchVolume"":110},{""year"":2026,""month"":6,""searchVolume"":110},{""year"":2026,""month"":5,""searchVolume"":110},{""year"":2026,""month"":4,""searchVolume"":70},{""year"":2026,""month"":3,""searchVolume"":110},{""year"":2026,""month"":2,""searchVolume"":110},{""year"":2026,""month"":1,""searchVolume"":110},{""year"":2025,""month"":12,""searchVolume"":70},{""year"":2025,""month"":11,""searchVolume"":170},{""year"":2025,""month"":10,""searchVolume"":110},{""year"":2025,""month"":9,""searchVolume"":170},{""year"":2025,""month"":8,""searchVolume"":110}]"
žádanka online,ideas,true,podnikani online,110,0,2.71,0.68,commercial,"[{""year"":2026,""month"":7,""searchVolume"":50},{""year"":2026,""month"":6,""searchVolume"":70},{""year"":2026,""month"":5,""searchVolume"":110},{""year"":2026,""month"":4,""searchVolume"":50},{""year"":2026,""month"":3,""searchVolume"":110},{""year"":2026,""month"":2,""searchVolume"":110},{""year"":2026,""month"":1,""searchVolume"":170},{""year"":2025,""month"":12,""searchVolume"":90},{""year"":2025,""month"":11,""searchVolume"":140},{""year"":2025,""month"":10,""searchVolume"":140},{""year"":2025,""month"":9,""searchVolume"":110},{""year"":2025,""month"":8,""searchVolume"":170}]"
žádanka online,ideas,true,morseovka online,110,0,,0,navigational,"[{""year"":2026,""month"":7,""searchVolume"":70},{""year"":2026,""month"":6,""searchVolume"":110},{""year"":2026,""month"":5,""searchVolume"":140},{""year"":2026,""month"":4,""searchVolume"":110},{""year"":2026,""month"":3,""searchVolume"":110},{""year"":2026,""month"":2,""searchVolume"":90},{""year"":2026,""month"":1,""searchVolume"":110},{""year"":2025,""month"":12,""searchVolume"":140},{""year"":2025,""month"":11,""searchVolume"":140},{""year"":2025,""month"":10,""searchVolume"":170},{""year"":2025,""month"":9,""searchVolume"":140},{""year"":2025,""month"":8,""searchVolume"":110}]"
žádanka online,ideas,true,bukanýrky online,90,0,,0.02,navigational,"[{""year"":2026,""month"":7,""searchVolume"":20},{""year"":2026,""month"":6,""searchVolume"":30},{""year"":2026,""month"":5,""searchVolume"":30},{""year"":2026,""month"":4,""searchVolume"":30},{""year"":2026,""month"":3,""searchVolume"":70},{""year"":2026,""month"":2,""searchVolume"":90},{""year"":2026,""month"":1,""searchVolume"":50},{""year"":2025,""month"":12,""searchVolume"":50},{""year"":2025,""month"":11,""searchVolume"":90},{""year"":2025,""month"":10,""searchVolume"":110},{""year"":2025,""month"":9,""searchVolume"":170},{""year"":2025,""month"":8,""searchVolume"":390}]"
žádanka online,ideas,true,online naradi,90,13,0.49,1,informational,"[{""year"":2026,""month"":7,""searchVolume"":90},{""year"":2026,""month"":6,""searchVolume"":90},{""year"":2026,""month"":5,""searchVolume"":90},{""year"":2026,""month"":4,""searchVolume"":90},{""year"":2026,""month"":3,""searchVolume"":110},{""year"":2026,""month"":2,""searchVolume"":90},{""year"":2026,""month"":1,""searchVolume"":70},{""year"":2025,""month"":12,""searchVolume"":70},{""year"":2025,""month"":11,""searchVolume"":90},{""year"":2025,""month"":10,""searchVolume"":90},{""year"":2025,""month"":9,""searchVolume"":70},{""year"":2025,""month"":8,""searchVolume"":70}]"
žádanka online,ideas,true,detektivka online,90,0,1.15,0.07,informational,"[{""year"":2026,""month"":7,""searchVolume"":90},{""year"":2026,""month"":6,""searchVolume"":70},{""year"":2026,""month"":5,""searchVolume"":90},{""year"":2026,""month"":4,""searchVolume"":110},{""year"":2026,""month"":3,""searchVolume"":170},{""year"":2026,""month"":2,""searchVolume"":140},{""year"":2026,""month"":1,""searchVolume"":90},{""year"":2025,""month"":12,""searchVolume"":50},{""year"":2025,""month"":11,""searchVolume"":40},{""year"":2025,""month"":10,""searchVolume"":40},{""year"":2025,""month"":9,""searchVolume"":30},{""year"":2025,""month"":8,""searchVolume"":30}]"
žádanka online,ideas,true,dotek medúzy online,10,,,0,navigational,"[{""year"":2026,""month"":7,""searchVolume"":10},{""year"":2026,""month"":6,""searchVolume"":10},{""year"":2026,""month"":5,""searchVolume"":0},{""year"":2026,""month"":4,""searchVolume"":0},{""year"":2026,""month"":3,""searchVolume"":10},{""year"":2026,""month"":2,""searchVolume"":10},{""year"":2026,""month"":1,""searchVolume"":10},{""year"":2025,""month"":12,""searchVolume"":10},{""year"":2025,""month"":11,""searchVolume"":50},{""year"":2025,""month"":10,""searchVolume"":10},{""year"":2025,""month"":9,""searchVolume"":10},{""year"":2025,""month"":8,""searchVolume"":10}]"
žádanka online,ideas,true,pohoda online,90,70,2.47,0.65,informational,"[{""year"":2026,""month"":7,""searchVolume"":70},{""year"":2026,""month"":6,""searchVolume"":70},{""year"":2026,""month"":5,""searchVolume"":70},{""year"":2026,""month"":4,""searchVolume"":110},{""year"":2026,""month"":3,""searchVolume"":90},{""year"":2026,""month"":2,""searchVolume"":110},{""year"":2026,""month"":1,""searchVolume"":90},{""year"":2025,""month"":12,""searchVolume"":110},{""year"":2025,""month"":11,""searchVolume"":110},{""year"":2025,""month"":10,""searchVolume"":90},{""year"":2025,""month"":9,""searchVolume"":70},{""year"":2025,""month"":8,""searchVolume"":70}]"
žádanka online,ideas,true,chrudim online,90,47,,0,informational,"[{""year"":2026,""month"":7,""searchVolume"":170},{""year"":2026,""month"":6,""searchVolume"":170},{""year"":2026,""month"":5,""searchVolume"":170},{""year"":2026,""month"":4,""searchVolume"":170},{""year"":2026,""month"":3,""searchVolume"":170},{""year"":2026,""month"":2,""searchVolume"":110},{""year"":2026,""month"":1,""searchVolume"":70},{""year"":2025,""month"":12,""searchVolume"":20},{""year"":2025,""month"":11,""searchVolume"":40},{""year"":2025,""month"":10,""searchVolume"":10},{""year"":2025,""month"":9,""searchVolume"":30},{""year"":2025,""month"":8,""searchVolume"":30}]"
žádanka online,ideas,true,online trojčlenka,90,0,,0,informational,"[{""year"":2026,""month"":7,""searchVolume"":50},{""year"":2026,""month"":6,""searchVolume"":70},{""year"":2026,""month"":5,""searchVolume"":90},{""year"":2026,""month"":4,""searchVolume"":70},{""year"":2026,""month"":3,""searchVolume"":90},{""year"":2026,""month"":2,""searchVolume"":90},{""year"":2026,""month"":1,""searchVolume"":110},{""year"":2025,""month"":12,""searchVolume"":90},{""year"":2025,""month"":11,""searchVolume"":90},{""year"":2025,""month"":10,""searchVolume"":90},{""year"":2025,""month"":9,""searchVolume"":110},{""year"":2025,""month"":8,""searchVolume"":90}]"
žádanka online,ideas,true,elektro online,90,91,1.12,1,informational,"[{""year"":2026,""month"":7,""searchVolume"":70},{""year"":2026,""month"":6,""searchVolume"":90},{""year"":2026,""month"":5,""searchVolume"":70},{""year"":2026,""month"":4,""searchVolume"":90},{""year"":2026,""month"":3,""searchVolume"":110},{""year"":2026,""month"":2,""searchVolume"":110},{""year"":2026,""month"":1,""searchVolume"":110},{""year"":2025,""month"":12,""searchVolume"":110},{""year"":2025,""month"":11,""searchVolume"":110},{""year"":2025,""month"":10,""searchVolume"":90},{""year"":2025,""month"":9,""searchVolume"":70},{""year"":2025,""month"":8,""searchVolume"":70}]"
žádanka online,ideas,true,vzp registrace online,140,26,3.29,0.05,navigational,"[{""year"":2026,""month"":7,""searchVolume"":90},{""year"":2026,""month"":6,""searchVolume"":110},{""year"":2026,""month"":5,""searchVolume"":110},{""year"":2026,""month"":4,""searchVolume"":110},{""year"":2026,""month"":3,""searchVolume"":390},{""year"":2026,""month"":2,""searchVolume"":140},{""year"":2026,""month"":1,""searchVolume"":90},{""year"":2025,""month"":12,""searchVolume"":170},{""year"":2025,""month"":11,""searchVolume"":140},{""year"":2025,""month"":10,""searchVolume"":110},{""year"":2025,""month"":9,""searchVolume"":170},{""year"":2025,""month"":8,""searchVolume"":40}]"
žádanka online,ideas,true,vina online,70,3,1.79,0.44,informational,"[{""year"":2026,""month"":7,""searchVolume"":50},{""year"":2026,""month"":6,""searchVolume"":50},{""year"":2026,""month"":5,""searchVolume"":70},{""year"":2026,""month"":4,""searchVolume"":70},{""year"":2026,""month"":3,""searchVolume"":70},{""year"":2026,""month"":2,""searchVolume"":70},{""year"":2026,""month"":1,""searchVolume"":140},{""year"":2025,""month"":12,""searchVolume"":40},{""year"":2025,""month"":11,""searchVolume"":40},{""year"":2025,""month"":10,""searchVolume"":70},{""year"":2025,""month"":9,""searchVolume"":50},{""year"":2025,""month"":8,""searchVolume"":90}]"
žádanka online,ideas,true,ten dvanáctý online,,,,,navigational,"[{""year"":2026,""month"":5,""searchVolume"":0},{""year"":2026,""month"":4,""searchVolume"":0},{""year"":2026,""month"":3,""searchVolume"":0},{""year"":2026,""month"":2,""searchVolume"":0},{""year"":2026,""month"":1,""searchVolume"":0},{""year"":2025,""month"":12,""searchVolume"":0},{""year"":2025,""month"":11,""searchVolume"":0},{""year"":2025,""month"":10,""searchVolume"":0},{""year"":2025,""month"":9,""searchVolume"":0},{""year"":2025,""month"":8,""searchVolume"":0},{""year"":2025,""month"":7,""searchVolume"":0},{""year"":2025,""month"":6,""searchVolume"":0}]"
žádanka online,ideas,true,leoš online,70,,,0.04,informational,"[{""year"":2026,""month"":7,""searchVolume"":40},{""year"":2026,""month"":6,""searchVolume"":140},{""year"":2026,""month"":5,""searchVolume"":480},{""year"":2026,""month"":4,""searchVolume"":110},{""year"":2026,""month"":3,""searchVolume"":0},{""year"":2026,""month"":2,""searchVolume"":0},{""year"":2026,""month"":1,""searchVolume"":0},{""year"":2025,""month"":12,""searchVolume"":0},{""year"":2025,""month"":11,""searchVolume"":0},{""year"":2025,""month"":10,""searchVolume"":0},{""year"":2025,""month"":9,""searchVolume"":0},{""year"":2025,""month"":8,""searchVolume"":0}]"
žádanka online,ideas,true,online skrine,70,5,0.92,0.9,informational,"[{""year"":2026,""month"":7,""searchVolume"":10},{""year"":2026,""month"":6,""searchVolume"":20},{""year"":2026,""month"":5,""searchVolume"":10},{""year"":2026,""month"":4,""searchVolume"":40},{""year"":2026,""month"":3,""searchVolume"":50},{""year"":2026,""month"":2,""searchVolume"":50},{""year"":2026,""month"":1,""searchVolume"":70},{""year"":2025,""month"":12,""searchVolume"":50},{""year"":2025,""month"":11,""searchVolume"":50},{""year"":2025,""month"":10,""searchVolume"":140},{""year"":2025,""month"":9,""searchVolume"":140},{""year"":2025,""month"":8,""searchVolume"":170}]"
žádanka online,ideas,true,mimořádná okamžitá pomoc online,170,12,,0,navigational,"[{""year"":2026,""month"":7,""searchVolume"":170},{""year"":2026,""month"":6,""searchVolume"":110},{""year"":2026,""month"":5,""searchVolume"":140},{""year"":2026,""month"":4,""searchVolume"":170},{""year"":2026,""month"":3,""searchVolume"":170},{""year"":2026,""month"":2,""searchVolume"":210},{""year"":2026,""month"":1,""searchVolume"":260},{""year"":2025,""month"":12,""searchVolume"":170},{""year"":2025,""month"":11,""searchVolume"":170},{""year"":2025,""month"":10,""searchVolume"":140},{""year"":2025,""month"":9,""searchVolume"":90},{""year"":2025,""month"":8,""searchVolume"":110}]"
žádanka online,ideas,true,návrh na vklad online,170,16,,0,transactional,"[{""year"":2026,""month"":7,""searchVolume"":170},{""year"":2026,""month"":6,""searchVolume"":170},{""year"":2026,""month"":5,""searchVolume"":170},{""year"":2026,""month"":4,""searchVolume"":140},{""year"":2026,""month"":3,""searchVolume"":210},{""year"":2026,""month"":2,""searchVolume"":170},{""year"":2026,""month"":1,""searchVolume"":170},{""year"":2025,""month"":12,""searchVolume"":110},{""year"":2025,""month"":11,""searchVolume"":170},{""year"":2025,""month"":10,""searchVolume"":140},{""year"":2025,""month"":9,""searchVolume"":140},{""year"":2025,""month"":8,""searchVolume"":170}]"
žádanka online,ideas,true,kleť online,50,,,0,navigational,"[{""year"":2026,""month"":7,""searchVolume"":10},{""year"":2026,""month"":6,""searchVolume"":90},{""year"":2026,""month"":5,""searchVolume"":20},{""year"":2026,""month"":4,""searchVolume"":40},{""year"":2026,""month"":3,""searchVolume"":30},{""year"":2026,""month"":2,""searchVolume"":30},{""year"":2026,""month"":1,""searchVolume"":50},{""year"":2025,""month"":12,""searchVolume"":260},{""year"":2025,""month"":11,""searchVolume"":110},{""year"":2025,""month"":10,""searchVolume"":20},{""year"":2025,""month"":9,""searchVolume"":10},{""year"":2025,""month"":8,""searchVolume"":10}]"
žádanka online,ideas,true,online lítačka,50,36,,0.02,informational,"[{""year"":2026,""month"":7,""searchVolume"":30},{""year"":2026,""month"":6,""searchVolume"":40},{""year"":2026,""month"":5,""searchVolume"":30},{""year"":2026,""month"":4,""searchVolume"":30},{""year"":2026,""month"":3,""searchVolume"":40},{""year"":2026,""month"":2,""searchVolume"":40},{""year"":2026,""month"":1,""searchVolume"":70},{""year"":2025,""month"":12,""searchVolume"":30},{""year"":2025,""month"":11,""searchVolume"":50},{""year"":2025,""month"":10,""searchVolume"":50},{""year"":2025,""month"":9,""searchVolume"":90},{""year"":2025,""month"":8,""searchVolume"":90}]"
žádanka online,ideas,true,moje vzp online,110,42,,0.01,navigational,"[{""year"":2026,""month"":7,""searchVolume"":90},{""year"":2026,""month"":6,""searchVolume"":170},{""year"":2026,""month"":5,""searchVolume"":170},{""year"":2026,""month"":4,""searchVolume"":260},{""year"":2026,""month"":3,""searchVolume"":170},{""year"":2026,""month"":2,""searchVolume"":90},{""year"":2026,""month"":1,""searchVolume"":170},{""year"":2025,""month"":12,""searchVolume"":110},{""year"":2025,""month"":11,""searchVolume"":110},{""year"":2025,""month"":10,""searchVolume"":50},{""year"":2025,""month"":9,""searchVolume"":20},{""year"":2025,""month"":8,""searchVolume"":30}]"
žádanka online,ideas,true,poloha vlaku online,110,76,,0,informational,"[{""year"":2026,""month"":7,""searchVolume"":140},{""year"":2026,""month"":6,""searchVolume"":170},{""year"":2026,""month"":5,""searchVolume"":110},{""year"":2026,""month"":4,""searchVolume"":90},{""year"":2026,""month"":3,""searchVolume"":110},{""year"":2026,""month"":2,""searchVolume"":70},{""year"":2026,""month"":1,""searchVolume"":140},{""year"":2025,""month"":12,""searchVolume"":110},{""year"":2025,""month"":11,""searchVolume"":170},{""year"":2025,""month"":10,""searchVolume"":110},{""year"":2025,""month"":9,""searchVolume"":90},{""year"":2025,""month"":8,""searchVolume"":110}]"
žádanka online,ideas,true,online videopůjčovna,50,18,1.15,0.39,commercial,"[{""year"":2026,""month"":7,""searchVolume"":50},{""year"":2026,""month"":6,""searchVolume"":20},{""year"":2026,""month"":5,""searchVolume"":30},{""year"":2026,""month"":4,""searchVolume"":30},{""year"":2026,""month"":3,""searchVolume"":50},{""year"":2026,""month"":2,""searchVolume"":50},{""year"":2026,""month"":1,""searchVolume"":70},{""year"":2025,""month"":12,""searchVolume"":50},{""year"":2025,""month"":11,""searchVolume"":50},{""year"":2025,""month"":10,""searchVolume"":50},{""year"":2025,""month"":9,""searchVolume"":70},{""year"":2025,""month"":8,""searchVolume"":70}]"
žádanka online,ideas,true,cez.cz online,50,32,2.96,0.15,navigational,"[{""year"":2026,""month"":7,""searchVolume"":40},{""year"":2026,""month"":6,""searchVolume"":50},{""year"":2026,""month"":5,""searchVolume"":50},{""year"":2026,""month"":4,""searchVolume"":30},{""year"":2026,""month"":3,""searchVolume"":40},{""year"":2026,""month"":2,""searchVolume"":70},{""year"":2026,""month"":1,""searchVolume"":50},{""year"":2025,""month"":12,""searchVolume"":40},{""year"":2025,""month"":11,""searchVolume"":90},{""year"":2025,""month"":10,""searchVolume"":70},{""year"":2025,""month"":9,""searchVolume"":70},{""year"":2025,""month"":8,""searchVolume"":90}]"
žádanka online,ideas,true,služka online,40,0,,0,informational,"[{""year"":2026,""month"":7,""searchVolume"":10},{""year"":2026,""month"":6,""searchVolume"":30},{""year"":2026,""month"":5,""searchVolume"":10},{""year"":2026,""month"":4,""searchVolume"":40},{""year"":2026,""month"":3,""searchVolume"":40},{""year"":2026,""month"":2,""searchVolume"":50},{""year"":2026,""month"":1,""searchVolume"":50},{""year"":2025,""month"":12,""searchVolume"":30},{""year"":2025,""month"":11,""searchVolume"":20},{""year"":2025,""month"":10,""searchVolume"":50},{""year"":2025,""month"":9,""searchVolume"":50},{""year"":2025,""month"":8,""searchVolume"":40}]"
žádanka online,ideas,true,demonstrace online,40,15,,,informational,"[{""year"":2026,""month"":7,""searchVolume"":0},{""year"":2026,""month"":6,""searchVolume"":10},{""year"":2026,""month"":5,""searchVolume"":10},{""year"":2026,""month"":4,""searchVolume"":10},{""year"":2026,""month"":3,""searchVolume"":90},{""year"":2026,""month"":2,""searchVolume"":390},{""year"":2026,""month"":1,""searchVolume"":10},{""year"":2025,""month"":12,""searchVolume"":10},{""year"":2025,""month"":11,""searchVolume"":10},{""year"":2025,""month"":10,""searchVolume"":10},{""year"":2025,""month"":9,""searchVolume"":10},{""year"":2025,""month"":8,""searchVolume"":10}]"
žádanka online,ideas,true,hořice online,40,2,,0,informational,"[{""year"":2026,""month"":7,""searchVolume"":50},{""year"":2026,""month"":6,""searchVolume"":40},{""year"":2026,""month"":5,""searchVolume"":110},{""year"":2026,""month"":4,""searchVolume"":30},{""year"":2026,""month"":3,""searchVolume"":10},{""year"":2026,""month"":2,""searchVolume"":40},{""year"":2026,""month"":1,""searchVolume"":20},{""year"":2025,""month"":12,""searchVolume"":30},{""year"":2025,""month"":11,""searchVolume"":20},{""year"":2025,""month"":10,""searchVolume"":30},{""year"":2025,""month"":9,""searchVolume"":30},{""year"":2025,""month"":8,""searchVolume"":90}]"
žádanka online,ideas,true,mechanicky pomeranc online,90,7,,0,navigational,"[{""year"":2026,""month"":7,""searchVolume"":40},{""year"":2026,""month"":6,""searchVolume"":70},{""year"":2026,""month"":5,""searchVolume"":90},{""year"":2026,""month"":4,""searchVolume"":70},{""year"":2026,""month"":3,""searchVolume"":90},{""year"":2026,""month"":2,""searchVolume"":90},{""year"":2026,""month"":1,""searchVolume"":70},{""year"":2025,""month"":12,""searchVolume"":70},{""year"":2025,""month"":11,""searchVolume"":110},{""year"":2025,""month"":10,""searchVolume"":90},{""year"":2025,""month"":9,""searchVolume"":70},{""year"":2025,""month"":8,""searchVolume"":50}]"
žádanka online,ideas,true,nevedomi online,40,,,0.03,informational,"[{""year"":2026,""month"":7,""searchVolume"":10},{""year"":2026,""month"":6,""searchVolume"":20},{""year"":2026,""month"":5,""searchVolume"":30},{""year"":2026,""month"":4,""searchVolume"":70},{""year"":2026,""month"":3,""searchVolume"":90},{""year"":2026,""month"":2,""searchVolume"":30},{""year"":2026,""month"":1,""searchVolume"":30},{""year"":2025,""month"":12,""searchVolume"":30},{""year"":2025,""month"":11,""searchVolume"":30},{""year"":2025,""month"":10,""searchVolume"":30},{""year"":2025,""month"":9,""searchVolume"":40},{""year"":2025,""month"":8,""searchVolume"":40}]"
žádanka online,ideas,true,ncs vzorník online,90,0,0.24,0.33,navigational,"[{""year"":2026,""month"":7,""searchVolume"":70},{""year"":2026,""month"":6,""searchVolume"":70},{""year"":2026,""month"":5,""searchVolume"":70},{""year"":2026,""month"":4,""searchVolume"":70},{""year"":2026,""month"":3,""searchVolume"":70},{""year"":2026,""month"":2,""searchVolume"":50},{""year"":2026,""month"":1,""searchVolume"":40},{""year"":2025,""month"":12,""searchVolume"":70},{""year"":2025,""month"":11,""searchVolume"":70},{""year"":2025,""month"":10,""searchVolume"":140},{""year"":2025,""month"":9,""searchVolume"":170},{""year"":2025,""month"":8,""searchVolume"":140}]"
žádanka online,ideas,true,vodováha online,390,0,0.13,0.18,navigational,"[{""year"":2026,""month"":7,""searchVolume"":390},{""year"":2026,""month"":6,""searchVolume"":390},{""year"":2026,""month"":5,""searchVolume"":390},{""year"":2026,""month"":4,""searchVolume"":390},{""year"":2026,""month"":3,""searchVolume"":390},{""year"":2026,""month"":2,""searchVolume"":390},{""year"":2026,""month"":1,""searchVolume"":480},{""year"":2025,""month"":12,""searchVolume"":390},{""year"":2025,""month"":11,""searchVolume"":390},{""year"":2025,""month"":10,""searchVolume"":390},{""year"":2025,""month"":9,""searchVolume"":320},{""year"":2025,""month"":8,""searchVolume"":390}]"
žádanka online,ideas,true,skrytá identita online,90,0,,0.01,informational,"[{""year"":2026,""month"":7,""searchVolume"":90},{""year"":2026,""month"":6,""searchVolume"":70},{""year"":2026,""month"":5,""searchVolume"":50},{""year"":2026,""month"":4,""searchVolume"":70},{""year"":2026,""month"":3,""searchVolume"":90},{""year"":2026,""month"":2,""searchVolume"":110},{""year"":2026,""month"":1,""searchVolume"":90},{""year"":2025,""month"":12,""searchVolume"":90},{""year"":2025,""month"":11,""searchVolume"":70},{""year"":2025,""month"":10,""searchVolume"":90},{""year"":2025,""month"":9,""searchVolume"":70},{""year"":2025,""month"":8,""searchVolume"":70}]"
žádanka online,ideas,true,sz online,390,0,0.37,0.03,navigational,"[{""year"":2026,""month"":7,""searchVolume"":320},{""year"":2026,""month"":6,""searchVolume"":210},{""year"":2026,""month"":5,""searchVolume"":320},{""year"":2026,""month"":4,""searchVolume"":320},{""year"":2026,""month"":3,""searchVolume"":480},{""year"":2026,""month"":2,""searchVolume"":480},{""year"":2026,""month"":1,""searchVolume"":480},{""year"":2025,""month"":12,""searchVolume"":390},{""year"":2025,""month"":11,""searchVolume"":480},{""year"":2025,""month"":10,""searchVolume"":590},{""year"":2025,""month"":9,""searchVolume"":480},{""year"":2025,""month"":8,""searchVolume"":480}]"
žádanka online,ideas,true,sofie prvni cz online,10,,,,navigational,"[{""year"":2026,""month"":7,""searchVolume"":0},{""year"":2026,""month"":6,""searchVolume"":10},{""year"":2026,""month"":5,""searchVolume"":10},{""year"":2026,""month"":4,""searchVolume"":10},{""year"":2026,""month"":3,""searchVolume"":0},{""year"":2026,""month"":2,""searchVolume"":0},{""year"":2026,""month"":1,""searchVolume"":0},{""year"":2025,""month"":12,""searchVolume"":10},{""year"":2025,""month"":11,""searchVolume"":0},{""year"":2025,""month"":10,""searchVolume"":0},{""year"":2025,""month"":9,""searchVolume"":0},{""year"":2025,""month"":8,""searchVolume"":0}]"
žádanka online,ideas,true,sablikova online,390,5,,,informational,"[{""year"":2026,""month"":7,""searchVolume"":0},{""year"":2026,""month"":6,""searchVolume"":0},{""year"":2026,""month"":5,""searchVolume"":10},{""year"":2026,""month"":4,""searchVolume"":0},{""year"":2026,""month"":3,""searchVolume"":20},{""year"":2026,""month"":2,""searchVolume"":4400},{""year"":2026,""month"":1,""searchVolume"":10},{""year"":2025,""month"":12,""searchVolume"":0},{""year"":2025,""month"":11,""searchVolume"":10},{""year"":2025,""month"":10,""searchVolume"":0},{""year"":2025,""month"":9,""searchVolume"":0},{""year"":2025,""month"":8,""searchVolume"":0}]"
žádanka online,ideas,true,kolaudace online,30,,,0.01,informational,"[{""year"":2026,""month"":7,""searchVolume"":20},{""year"":2026,""month"":6,""searchVolume"":20},{""year"":2026,""month"":5,""searchVolume"":20},{""year"":2026,""month"":4,""searchVolume"":20},{""year"":2026,""month"":3,""searchVolume"":50},{""year"":2026,""month"":2,""searchVolume"":20},{""year"":2026,""month"":1,""searchVolume"":30},{""year"":2025,""month"":12,""searchVolume"":20},{""year"":2025,""month"":11,""searchVolume"":20},{""year"":2025,""month"":10,""searchVolume"":20},{""year"":2025,""month"":9,""searchVolume"":40},{""year"":2025,""month"":8,""searchVolume"":30}]"
žádanka online,ideas,true,letec online,20,43,,0.01,navigational,"[{""year"":2026,""month"":7,""searchVolume"":20},{""year"":2026,""month"":6,""searchVolume"":20},{""year"":2026,""month"":5,""searchVolume"":10},{""year"":2026,""month"":4,""searchVolume"":10},{""year"":2026,""month"":3,""searchVolume"":10},{""year"":2026,""month"":2,""searchVolume"":30},{""year"":2026,""month"":1,""searchVolume"":20},{""year"":2025,""month"":12,""searchVolume"":10},{""year"":2025,""month"":11,""searchVolume"":10},{""year"":2025,""month"":10,""searchVolume"":30},{""year"":2025,""month"":9,""searchVolume"":20},{""year"":2025,""month"":8,""searchVolume"":30}]"
žádanka online,ideas,true,potopa online,30,,,0,informational,"[{""year"":2026,""month"":7,""searchVolume"":10},{""year"":2026,""month"":6,""searchVolume"":10},{""year"":2026,""month"":5,""searchVolume"":20},{""year"":2026,""month"":4,""searchVolume"":50},{""year"":2026,""month"":3,""searchVolume"":50},{""year"":2026,""month"":2,""searchVolume"":110},{""year"":2026,""month"":1,""searchVolume"":50},{""year"":2025,""month"":12,""searchVolume"":30},{""year"":2025,""month"":11,""searchVolume"":10},{""year"":2025,""month"":10,""searchVolume"":0},{""year"":2025,""month"":9,""searchVolume"":0},{""year"":2025,""month"":8,""searchVolume"":0}]"
žádanka online,ideas,true,normálka online,30,,,0.04,navigational,"[{""year"":2026,""month"":7,""searchVolume"":10},{""year"":2026,""month"":6,""searchVolume"":10},{""year"":2026,""month"":5,""searchVolume"":20},{""year"":2026,""month"":4,""searchVolume"":20},{""year"":2026,""month"":3,""searchVolume"":20},{""year"":2026,""month"":2,""searchVolume"":30},{""year"":2026,""month"":1,""searchVolume"":20},{""year"":2025,""month"":12,""searchVolume"":10},{""year"":2025,""month"":11,""searchVolume"":20},{""year"":2025,""month"":10,""searchVolume"":30},{""year"":2025,""month"":9,""searchVolume"":50},{""year"":2025,""month"":8,""searchVolume"":40}]"
žádanka online,ideas,true,online podpora,20,,,0.03,informational,"[{""year"":2026,""month"":7,""searchVolume"":10},{""year"":2026,""month"":6,""searchVolume"":20},{""year"":2026,""month"":5,""searchVolume"":10},{""year"":2026,""month"":4,""searchVolume"":10},{""year"":2026,""month"":3,""searchVolume"":20},{""year"":2026,""month"":2,""searchVolume"":20},{""year"":2026,""month"":1,""searchVolume"":20},{""year"":2025,""month"":12,""searchVolume"":20},{""year"":2025,""month"":11,""searchVolume"":20},{""year"":2025,""month"":10,""searchVolume"":20},{""year"":2025,""month"":9,""searchVolume"":50},{""year"":2025,""month"":8,""searchVolume"":10}]"
žádanka online,ideas,true,zbouchnutá online,30,0,,0,navigational,"[{""year"":2026,""month"":7,""searchVolume"":10},{""year"":2026,""month"":6,""searchVolume"":10},{""year"":2026,""month"":5,""searchVolume"":20},{""year"":2026,""month"":4,""searchVolume"":30},{""year"":2026,""month"":3,""searchVolume"":30},{""year"":2026,""month"":2,""searchVolume"":30},{""year"":2026,""month"":1,""searchVolume"":40},{""year"":2025,""month"":12,""searchVolume"":20},{""year"":2025,""month"":11,""searchVolume"":30},{""year"":2025,""month"":10,""searchVolume"":30},{""year"":2025,""month"":9,""searchVolume"":40},{""year"":2025,""month"":8,""searchVolume"":50}]"
žádanka online,ideas,true,leky online,30,,2.37,0.89,informational,"[{""year"":2026,""month"":7,""searchVolume"":20},{""year"":2026,""month"":6,""searchVolume"":20},{""year"":2026,""month"":5,""searchVolume"":20},{""year"":2026,""month"":4,""searchVolume"":20},{""year"":2026,""month"":3,""searchVolume"":20},{""year"":2026,""month"":2,""searchVolume"":30},{""year"":2026,""month"":1,""searchVolume"":30},{""year"":2025,""month"":12,""searchVolume"":40},{""year"":2025,""month"":11,""searchVolume"":30},{""year"":2025,""month"":10,""searchVolume"":20},{""year"":2025,""month"":9,""searchVolume"":20},{""year"":2025,""month"":8,""searchVolume"":30}]"
žádanka online,ideas,true,předtucha online,20,,,0,informational,"[{""year"":2026,""month"":7,""searchVolume"":10},{""year"":2026,""month"":6,""searchVolume"":10},{""year"":2026,""month"":5,""searchVolume"":10},{""year"":2026,""month"":4,""searchVolume"":20},{""year"":2026,""month"":3,""searchVolume"":30},{""year"":2026,""month"":2,""searchVolume"":10},{""year"":2026,""month"":1,""searchVolume"":30},{""year"":2025,""month"":12,""searchVolume"":10},{""year"":2025,""month"":11,""searchVolume"":40},{""year"":2025,""month"":10,""searchVolume"":40},{""year"":2025,""month"":9,""searchVolume"":40},{""year"":2025,""month"":8,""searchVolume"":30}]"
žádanka online,ideas,true,favoritka online,20,,,0,navigational,"[{""year"":2026,""month"":7,""searchVolume"":10},{""year"":2026,""month"":6,""searchVolume"":10},{""year"":2026,""month"":5,""searchVolume"":20},{""year"":2026,""month"":4,""searchVolume"":20},{""year"":2026,""month"":3,""searchVolume"":40},{""year"":2026,""month"":2,""searchVolume"":20},{""year"":2026,""month"":1,""searchVolume"":20},{""year"":2025,""month"":12,""searchVolume"":40},{""year"":2025,""month"":11,""searchVolume"":20},{""year"":2025,""month"":10,""searchVolume"":10},{""year"":2025,""month"":9,""searchVolume"":20},{""year"":2025,""month"":8,""searchVolume"":30}]"
žádanka online,ideas,true,zvětšenina online,20,,,0,informational,"[{""year"":2026,""month"":7,""searchVolume"":40},{""year"":2026,""month"":6,""searchVolume"":10},{""year"":2026,""month"":5,""searchVolume"":10},{""year"":2026,""month"":4,""searchVolume"":10},{""year"":2026,""month"":3,""searchVolume"":20},{""year"":2026,""month"":2,""searchVolume"":10},{""year"":2026,""month"":1,""searchVolume"":20},{""year"":2025,""month"":12,""searchVolume"":20},{""year"":2025,""month"":11,""searchVolume"":20},{""year"":2025,""month"":10,""searchVolume"":20},{""year"":2025,""month"":9,""searchVolume"":10},{""year"":2025,""month"":8,""searchVolume"":20}]"
žádanka online,ideas,true,online techničák,30,18,,0,navigational,"[{""year"":2026,""month"":7,""searchVolume"":30},{""year"":2026,""month"":6,""searchVolume"":30},{""year"":2026,""month"":5,""searchVolume"":30},{""year"":2026,""month"":4,""searchVolume"":20},{""year"":2026,""month"":3,""searchVolume"":30},{""year"":2026,""month"":2,""searchVolume"":20},{""year"":2026,""month"":1,""searchVolume"":20},{""year"":2025,""month"":12,""searchVolume"":20},{""year"":2025,""month"":11,""searchVolume"":40},{""year"":2025,""month"":10,""searchVolume"":40},{""year"":2025,""month"":9,""searchVolume"":30},{""year"":2025,""month"":8,""searchVolume"":30}]"
žádanka online,ideas,true,loveni online,30,20,,0.02,informational,"[{""year"":2026,""month"":7,""searchVolume"":20},{""year"":2026,""month"":6,""searchVolume"":40},{""year"":2026,""month"":5,""searchVolume"":20},{""year"":2026,""month"":4,""searchVolume"":20},{""year"":2026,""month"":3,""searchVolume"":20},{""year"":2026,""month"":2,""searchVolume"":40},{""year"":2026,""month"":1,""searchVolume"":30},{""year"":2025,""month"":12,""searchVolume"":20},{""year"":2025,""month"":11,""searchVolume"":50},{""year"":2025,""month"":10,""searchVolume"":30},{""year"":2025,""month"":9,""searchVolume"":50},{""year"":2025,""month"":8,""searchVolume"":50}]"
žádanka online,ideas,true,měřítko online,30,39,0.07,0.28,informational,"[{""year"":2026,""month"":7,""searchVolume"":20},{""year"":2026,""month"":6,""searchVolume"":20},{""year"":2026,""month"":5,""searchVolume"":20},{""year"":2026,""month"":4,""searchVolume"":40},{""year"":2026,""month"":3,""searchVolume"":10},{""year"":2026,""month"":2,""searchVolume"":20},{""year"":2026,""month"":1,""searchVolume"":40},{""year"":2025,""month"":12,""searchVolume"":30},{""year"":2025,""month"":11,""searchVolume"":40},{""year"":2025,""month"":10,""searchVolume"":40},{""year"":2025,""month"":9,""searchVolume"":20},{""year"":2025,""month"":8,""searchVolume"":20}]"
žádanka online,ideas,true,kočky online,20,,,0,informational,"[{""year"":2026,""month"":7,""searchVolume"":10},{""year"":2026,""month"":6,""searchVolume"":10},{""year"":2026,""month"":5,""searchVolume"":10},{""year"":2026,""month"":4,""searchVolume"":10},{""year"":2026,""month"":3,""searchVolume"":10},{""year"":2026,""month"":2,""searchVolume"":10},{""year"":2026,""month"":1,""searchVolume"":20},{""year"":2025,""month"":12,""searchVolume"":10},{""year"":2025,""month"":11,""searchVolume"":20},{""year"":2025,""month"":10,""searchVolume"":20},{""year"":2025,""month"":9,""searchVolume"":20},{""year"":2025,""month"":8,""searchVolume"":20}]"
žádanka online,ideas,true,svíčky online,20,,0.73,0.96,transactional,"[{""year"":2026,""month"":7,""searchVolume"":10},{""year"":2026,""month"":6,""searchVolume"":10},{""year"":2026,""month"":5,""searchVolume"":10},{""year"":2026,""month"":4,""searchVolume"":10},{""year"":2026,""month"":3,""searchVolume"":10},{""year"":2026,""month"":2,""searchVolume"":30},{""year"":2026,""month"":1,""searchVolume"":30},{""year"":2025,""month"":12,""searchVolume"":50},{""year"":2025,""month"":11,""searchVolume"":40},{""year"":2025,""month"":10,""searchVolume"":50},{""year"":2025,""month"":9,""searchVolume"":30},{""year"":2025,""month"":8,""searchVolume"":30}]"
žádanka online,ideas,true,hutník online,20,9,,0,navigational,"[{""year"":2026,""month"":7,""searchVolume"":10},{""year"":2026,""month"":6,""searchVolume"":10},{""year"":2026,""month"":5,""searchVolume"":10},{""year"":2026,""month"":4,""searchVolume"":10},{""year"":2026,""month"":3,""searchVolume"":20},{""year"":2026,""month"":2,""searchVolume"":20},{""year"":2026,""month"":1,""searchVolume"":20},{""year"":2025,""month"":12,""searchVolume"":20},{""year"":2025,""month"":11,""searchVolume"":30},{""year"":2025,""month"":10,""searchVolume"":40},{""year"":2025,""month"":9,""searchVolume"":40},{""year"":2025,""month"":8,""searchVolume"":50}]"
žádanka online,ideas,true,maj online,30,0,,0.01,informational,"[{""year"":2026,""month"":7,""searchVolume"":20},{""year"":2026,""month"":6,""searchVolume"":20},{""year"":2026,""month"":5,""searchVolume"":70},{""year"":2026,""month"":4,""searchVolume"":30},{""year"":2026,""month"":3,""searchVolume"":40},{""year"":2026,""month"":2,""searchVolume"":40},{""year"":2026,""month"":1,""searchVolume"":30},{""year"":2025,""month"":12,""searchVolume"":30},{""year"":2025,""month"":11,""searchVolume"":50},{""year"":2025,""month"":10,""searchVolume"":30},{""year"":2025,""month"":9,""searchVolume"":10},{""year"":2025,""month"":8,""searchVolume"":10}]"
žádanka online,ideas,true,nepolíbená online,20,,,0.01,informational,"[{""year"":2026,""month"":7,""searchVolume"":20},{""year"":2026,""month"":6,""searchVolume"":10},{""year"":2026,""month"":5,""searchVolume"":20},{""year"":2026,""month"":4,""searchVolume"":10},{""year"":2026,""month"":3,""searchVolume"":10},{""year"":2026,""month"":2,""searchVolume"":30},{""year"":2026,""month"":1,""searchVolume"":20},{""year"":2025,""month"":12,""searchVolume"":10},{""year"":2025,""month"":11,""searchVolume"":10},{""year"":2025,""month"":10,""searchVolume"":20},{""year"":2025,""month"":9,""searchVolume"":20},{""year"":2025,""month"":8,""searchVolume"":10}]"
žádanka online,ideas,true,cizinec online,30,,,0.01,navigational,"[{""year"":2026,""month"":7,""searchVolume"":20},{""year"":2026,""month"":6,""searchVolume"":10},{""year"":2026,""month"":5,""searchVolume"":30},{""year"":2026,""month"":4,""searchVolume"":50},{""year"":2026,""month"":3,""searchVolume"":20},{""year"":2026,""month"":2,""searchVolume"":40},{""year"":2026,""month"":1,""searchVolume"":40},{""year"":2025,""month"":12,""searchVolume"":30},{""year"":2025,""month"":11,""searchVolume"":50},{""year"":2025,""month"":10,""searchVolume"":20},{""year"":2025,""month"":9,""searchVolume"":20},{""year"":2025,""month"":8,""searchVolume"":30}]"
žádanka online,ideas,true,vymena online,30,11,,0.02,navigational,"[{""year"":2026,""month"":7,""searchVolume"":10},{""year"":2026,""month"":6,""searchVolume"":20},{""year"":2026,""month"":5,""searchVolume"":20},{""year"":2026,""month"":4,""searchVolume"":20},{""year"":2026,""month"":3,""searchVolume"":20},{""year"":2026,""month"":2,""searchVolume"":40},{""year"":2026,""month"":1,""searchVolume"":30},{""year"":2025,""month"":12,""searchVolume"":20},{""year"":2025,""month"":11,""searchVolume"":30},{""year"":2025,""month"":10,""searchVolume"":30},{""year"":2025,""month"":9,""searchVolume"":50},{""year"":2025,""month"":8,""searchVolume"":50}]"
žádanka online,ideas,true,trestanec online,20,0,,0.03,navigational,"[{""year"":2026,""month"":7,""searchVolume"":20},{""year"":2026,""month"":6,""searchVolume"":10},{""year"":2026,""month"":5,""searchVolume"":20},{""year"":2026,""month"":4,""searchVolume"":10},{""year"":2026,""month"":3,""searchVolume"":30},{""year"":2026,""month"":2,""searchVolume"":20},{""year"":2026,""month"":1,""searchVolume"":20},{""year"":2025,""month"":12,""searchVolume"":20},{""year"":2025,""month"":11,""searchVolume"":10},{""year"":2025,""month"":10,""searchVolume"":40},{""year"":2025,""month"":9,""searchVolume"":10},{""year"":2025,""month"":8,""searchVolume"":20}]"
žádanka online,ideas,true,čiara online,10,44,,0.03,informational,"[{""year"":2026,""month"":7,""searchVolume"":10},{""year"":2026,""month"":6,""searchVolume"":10},{""year"":2026,""month"":5,""searchVolume"":10},{""year"":2026,""month"":4,""searchVolume"":10},{""year"":2026,""month"":3,""searchVolume"":10},{""year"":2026,""month"":2,""searchVolume"":20},{""year"":2026,""month"":1,""searchVolume"":10},{""year"":2025,""month"":12,""searchVolume"":10},{""year"":2025,""month"":11,""searchVolume"":10},{""year"":2025,""month"":10,""searchVolume"":10},{""year"":2025,""month"":9,""searchVolume"":10},{""year"":2025,""month"":8,""searchVolume"":10}]"
žádanka online,ideas,true,etka online audi,70,0,,0,navigational,"[{""year"":2026,""month"":7,""searchVolume"":70},{""year"":2026,""month"":6,""searchVolume"":50},{""year"":2026,""month"":5,""searchVolume"":90},{""year"":2026,""month"":4,""searchVolume"":70},{""year"":2026,""month"":3,""searchVolume"":90},{""year"":2026,""month"":2,""searchVolume"":70},{""year"":2026,""month"":1,""searchVolume"":110},{""year"":2025,""month"":12,""searchVolume"":70},{""year"":2025,""month"":11,""searchVolume"":90},{""year"":2025,""month"":10,""searchVolume"":90},{""year"":2025,""month"":9,""searchVolume"":50},{""year"":2025,""month"":8,""searchVolume"":70}]"
žádanka online,ideas,true,odsouzená online,10,,,0,informational,"[{""year"":2026,""month"":7,""searchVolume"":10},{""year"":2026,""month"":6,""searchVolume"":10},{""year"":2026,""month"":5,""searchVolume"":10},{""year"":2026,""month"":4,""searchVolume"":10},{""year"":2026,""month"":3,""searchVolume"":10},{""year"":2026,""month"":2,""searchVolume"":10},{""year"":2026,""month"":1,""searchVolume"":10},{""year"":2025,""month"":12,""searchVolume"":10},{""year"":2025,""month"":11,""searchVolume"":10},{""year"":2025,""month"":10,""searchVolume"":10},{""year"":2025,""month"":9,""searchVolume"":10},{""year"":2025,""month"":8,""searchVolume"":10}]"
žádanka online,ideas,true,matriky online zámrsk,70,0,,0.04,navigational,"[{""year"":2026,""month"":7,""searchVolume"":70},{""year"":2026,""month"":6,""searchVolume"":70},{""year"":2026,""month"":5,""searchVolume"":40},{""year"":2026,""month"":4,""searchVolume"":70},{""year"":2026,""month"":3,""searchVolume"":70},{""year"":2026,""month"":2,""searchVolume"":90},{""year"":2026,""month"":1,""searchVolume"":90},{""year"":2025,""month"":12,""searchVolume"":40},{""year"":2025,""month"":11,""searchVolume"":50},{""year"":2025,""month"":10,""searchVolume"":50},{""year"":2025,""month"":9,""searchVolume"":70},{""year"":2025,""month"":8,""searchVolume"":50}]"
žádanka online,ideas,true,misie online,10,,,0,informational,"[{""year"":2026,""month"":7,""searchVolume"":10},{""year"":2026,""month"":6,""searchVolume"":10},{""year"":2026,""month"":5,""searchVolume"":10},{""year"":2026,""month"":4,""searchVolume"":10},{""year"":2026,""month"":3,""searchVolume"":10},{""year"":2026,""month"":2,""searchVolume"":10},{""year"":2026,""month"":1,""searchVolume"":10},{""year"":2025,""month"":12,""searchVolume"":10},{""year"":2025,""month"":11,""searchVolume"":10},{""year"":2025,""month"":10,""searchVolume"":10},{""year"":2025,""month"":9,""searchVolume"":10},{""year"":2025,""month"":8,""searchVolume"":10}]"
žádanka online,ideas,true,doktůrci online,10,,,0,informational,"[{""year"":2026,""month"":7,""searchVolume"":10},{""year"":2026,""month"":6,""searchVolume"":10},{""year"":2026,""month"":5,""searchVolume"":10},{""year"":2026,""month"":4,""searchVolume"":10},{""year"":2026,""month"":3,""searchVolume"":10},{""year"":2026,""month"":2,""searchVolume"":10},{""year"":2026,""month"":1,""searchVolume"":10},{""year"":2025,""month"":12,""searchVolume"":10},{""year"":2025,""month"":11,""searchVolume"":10},{""year"":2025,""month"":10,""searchVolume"":10},{""year"":2025,""month"":9,""searchVolume"":10},{""year"":2025,""month"":8,""searchVolume"":10}]"
žádanka online,ideas,true,desive dedictvi online,70,0,,0.03,informational,"[{""year"":2026,""month"":7,""searchVolume"":50},{""year"":2026,""month"":6,""searchVolume"":50},{""year"":2026,""month"":5,""searchVolume"":70},{""year"":2026,""month"":4,""searchVolume"":50},{""year"":2026,""month"":3,""searchVolume"":50},{""year"":2026,""month"":2,""searchVolume"":70},{""year"":2026,""month"":1,""searchVolume"":140},{""year"":2025,""month"":12,""searchVolume"":70},{""year"":2025,""month"":11,""searchVolume"":50},{""year"":2025,""month"":10,""searchVolume"":50},{""year"":2025,""month"":9,""searchVolume"":70},{""year"":2025,""month"":8,""searchVolume"":90}]"
žádanka online,ideas,true,diktátor online cz,70,0,1.7,0.01,navigational,"[{""year"":2026,""month"":7,""searchVolume"":50},{""year"":2026,""month"":6,""searchVolume"":70},{""year"":2026,""month"":5,""searchVolume"":70},{""year"":2026,""month"":4,""searchVolume"":50},{""year"":2026,""month"":3,""searchVolume"":70},{""year"":2026,""month"":2,""searchVolume"":70},{""year"":2026,""month"":1,""searchVolume"":70},{""year"":2025,""month"":12,""searchVolume"":70},{""year"":2025,""month"":11,""searchVolume"":110},{""year"":2025,""month"":10,""searchVolume"":110},{""year"":2025,""month"":9,""searchVolume"":90},{""year"":2025,""month"":8,""searchVolume"":40}]"
žádanka online,ideas,true,hlavně nezávazně online,70,0,,0,informational,"[{""year"":2026,""month"":7,""searchVolume"":50},{""year"":2026,""month"":6,""searchVolume"":50},{""year"":2026,""month"":5,""searchVolume"":90},{""year"":2026,""month"":4,""searchVolume"":70},{""year"":2026,""month"":3,""searchVolume"":90},{""year"":2026,""month"":2,""searchVolume"":90},{""year"":2026,""month"":1,""searchVolume"":140},{""year"":2025,""month"":12,""searchVolume"":90},{""year"":2025,""month"":11,""searchVolume"":90},{""year"":2025,""month"":10,""searchVolume"":70},{""year"":2025,""month"":9,""searchVolume"":70},{""year"":2025,""month"":8,""searchVolume"":50}]"
žádanka online,ideas,true,zeny v behu online,110,1,0.86,0,navigational,"[{""year"":2026,""month"":7,""searchVolume"":210},{""year"":2026,""month"":6,""searchVolume"":90},{""year"":2026,""month"":5,""searchVolume"":110},{""year"":2026,""month"":4,""searchVolume"":140},{""year"":2026,""month"":3,""searchVolume"":90},{""year"":2026,""month"":2,""searchVolume"":110},{""year"":2026,""month"":1,""searchVolume"":210},{""year"":2025,""month"":12,""searchVolume"":70},{""year"":2025,""month"":11,""searchVolume"":70},{""year"":2025,""month"":10,""searchVolume"":90},{""year"":2025,""month"":9,""searchVolume"":90},{""year"":2025,""month"":8,""searchVolume"":90}]"
žádanka online,ideas,true,ctihodný občan online,70,0,,0.03,navigational,"[{""year"":2026,""month"":7,""searchVolume"":20},{""year"":2026,""month"":6,""searchVolume"":30},{""year"":2026,""month"":5,""searchVolume"":70},{""year"":2026,""month"":4,""searchVolume"":70},{""year"":2026,""month"":3,""searchVolume"":50},{""year"":2026,""month"":2,""searchVolume"":70},{""year"":2026,""month"":1,""searchVolume"":90},{""year"":2025,""month"":12,""searchVolume"":70},{""year"":2025,""month"":11,""searchVolume"":70},{""year"":2025,""month"":10,""searchVolume"":70},{""year"":2025,""month"":9,""searchVolume"":70},{""year"":2025,""month"":8,""searchVolume"":90}]"
žádanka online,ideas,true,online konzultace,10,38,,0.05,informational,"[{""year"":2026,""month"":7,""searchVolume"":10},{""year"":2026,""month"":6,""searchVolume"":10},{""year"":2026,""month"":5,""searchVolume"":10},{""year"":2026,""month"":4,""searchVolume"":10},{""year"":2026,""month"":3,""searchVolume"":10},{""year"":2026,""month"":2,""searchVolume"":10},{""year"":2026,""month"":1,""searchVolume"":20},{""year"":2025,""month"":12,""searchVolume"":20},{""year"":2025,""month"":11,""searchVolume"":10},{""year"":2025,""month"":10,""searchVolume"":10},{""year"":2025,""month"":9,""searchVolume"":10},{""year"":2025,""month"":8,""searchVolume"":10}]"
žádanka online,ideas,true,online demonstrace,10,15,,,informational,"[{""year"":2026,""month"":7,""searchVolume"":0},{""year"":2026,""month"":6,""searchVolume"":0},{""year"":2026,""month"":5,""searchVolume"":10},{""year"":2026,""month"":4,""searchVolume"":0},{""year"":2026,""month"":3,""searchVolume"":20},{""year"":2026,""month"":2,""searchVolume"":90},{""year"":2026,""month"":1,""searchVolume"":10},{""year"":2025,""month"":12,""searchVolume"":10},{""year"":2025,""month"":11,""searchVolume"":0},{""year"":2025,""month"":10,""searchVolume"":0},{""year"":2025,""month"":9,""searchVolume"":10},{""year"":2025,""month"":8,""searchVolume"":0}]"
žádanka online,ideas,true,tiché místo online,70,0,0.29,0.02,informational,"[{""year"":2026,""month"":7,""searchVolume"":50},{""year"":2026,""month"":6,""searchVolume"":40},{""year"":2026,""month"":5,""searchVolume"":50},{""year"":2026,""month"":4,""searchVolume"":50},{""year"":2026,""month"":3,""searchVolume"":70},{""year"":2026,""month"":2,""searchVolume"":70},{""year"":2026,""month"":1,""searchVolume"":90},{""year"":2025,""month"":12,""searchVolume"":90},{""year"":2025,""month"":11,""searchVolume"":70},{""year"":2025,""month"":10,""searchVolume"":70},{""year"":2025,""month"":9,""searchVolume"":70},{""year"":2025,""month"":8,""searchVolume"":110}]"
žádanka online,ideas,true,svetla online,10,,3.2,1,navigational,"[{""year"":2026,""month"":7,""searchVolume"":10},{""year"":2026,""month"":6,""searchVolume"":10},{""year"":2026,""month"":5,""searchVolume"":10},{""year"":2026,""month"":4,""searchVolume"":10},{""year"":2026,""month"":3,""searchVolume"":10},{""year"":2026,""month"":2,""searchVolume"":10},{""year"":2026,""month"":1,""searchVolume"":10},{""year"":2025,""month"":12,""searchVolume"":10},{""year"":2025,""month"":11,""searchVolume"":20},{""year"":2025,""month"":10,""searchVolume"":20},{""year"":2025,""month"":9,""searchVolume"":20},{""year"":2025,""month"":8,""searchVolume"":10}]"
žádanka online,ideas,true,mazalové online,10,,,0,navigational,"[{""year"":2026,""month"":7,""searchVolume"":10},{""year"":2026,""month"":6,""searchVolume"":10},{""year"":2026,""month"":5,""searchVolume"":10},{""year"":2026,""month"":4,""searchVolume"":10},{""year"":2026,""month"":3,""searchVolume"":10},{""year"":2026,""month"":2,""searchVolume"":10},{""year"":2026,""month"":1,""searchVolume"":10},{""year"":2025,""month"":12,""searchVolume"":30},{""year"":2025,""month"":11,""searchVolume"":20},{""year"":2025,""month"":10,""searchVolume"":10},{""year"":2025,""month"":9,""searchVolume"":10},{""year"":2025,""month"":8,""searchVolume"":10}]"
žádanka online,ideas,true,oko online,10,,,0,navigational,"[{""year"":2026,""month"":7,""searchVolume"":10},{""year"":2026,""month"":6,""searchVolume"":10},{""year"":2026,""month"":5,""searchVolume"":10},{""year"":2026,""month"":4,""searchVolume"":10},{""year"":2026,""month"":3,""searchVolume"":10},{""year"":2026,""month"":2,""searchVolume"":10},{""year"":2026,""month"":1,""searchVolume"":10},{""year"":2025,""month"":12,""searchVolume"":10},{""year"":2025,""month"":11,""searchVolume"":10},{""year"":2025,""month"":10,""searchVolume"":10},{""year"":2025,""month"":9,""searchVolume"":10},{""year"":2025,""month"":8,""searchVolume"":10}]"
žádanka online,ideas,true,mládí online,10,,,0,informational,"[{""year"":2026,""month"":7,""searchVolume"":10},{""year"":2026,""month"":6,""searchVolume"":10},{""year"":2026,""month"":5,""searchVolume"":10},{""year"":2026,""month"":4,""searchVolume"":10},{""year"":2026,""month"":3,""searchVolume"":10},{""year"":2026,""month"":2,""searchVolume"":10},{""year"":2026,""month"":1,""searchVolume"":10},{""year"":2025,""month"":12,""searchVolume"":10},{""year"":2025,""month"":11,""searchVolume"":10},{""year"":2025,""month"":10,""searchVolume"":10},{""year"":2025,""month"":9,""searchVolume"":10},{""year"":2025,""month"":8,""searchVolume"":10}]"
žádanka online,ideas,true,václav online,10,45,,0,navigational,"[{""year"":2026,""month"":7,""searchVolume"":10},{""year"":2026,""month"":6,""searchVolume"":10},{""year"":2026,""month"":5,""searchVolume"":10},{""year"":2026,""month"":4,""searchVolume"":10},{""year"":2026,""month"":3,""searchVolume"":10},{""year"":2026,""month"":2,""searchVolume"":10},{""year"":2026,""month"":1,""searchVolume"":10},{""year"":2025,""month"":12,""searchVolume"":10},{""year"":2025,""month"":11,""searchVolume"":20},{""year"":2025,""month"":10,""searchVolume"":20},{""year"":2025,""month"":9,""searchVolume"":10},{""year"":2025,""month"":8,""searchVolume"":10}]"
žádanka online,ideas,true,taktik řešení online,70,5,,0,informational,"[{""year"":2026,""month"":7,""searchVolume"":10},{""year"":2026,""month"":6,""searchVolume"":20},{""year"":2026,""month"":5,""searchVolume"":30},{""year"":2026,""month"":4,""searchVolume"":70},{""year"":2026,""month"":3,""searchVolume"":70},{""year"":2026,""month"":2,""searchVolume"":50},{""year"":2026,""month"":1,""searchVolume"":70},{""year"":2025,""month"":12,""searchVolume"":40},{""year"":2025,""month"":11,""searchVolume"":90},{""year"":2025,""month"":10,""searchVolume"":140},{""year"":2025,""month"":9,""searchVolume"":210},{""year"":2025,""month"":8,""searchVolume"":20}]"
žádanka online,ideas,true,ovladače online,10,,,,informational,"[{""year"":2026,""month"":7,""searchVolume"":0},{""year"":2026,""month"":6,""searchVolume"":10},{""year"":2026,""month"":5,""searchVolume"":0},{""year"":2026,""month"":4,""searchVolume"":10},{""year"":2026,""month"":3,""searchVolume"":0},{""year"":2026,""month"":2,""searchVolume"":0},{""year"":2026,""month"":1,""searchVolume"":10},{""year"":2025,""month"":12,""searchVolume"":0},{""year"":2025,""month"":11,""searchVolume"":0},{""year"":2025,""month"":10,""searchVolume"":10},{""year"":2025,""month"":9,""searchVolume"":10},{""year"":2025,""month"":8,""searchVolume"":10}]"
žádanka online,ideas,true,šmoulové 1 online,70,0,,0.02,navigational,"[{""year"":2026,""month"":7,""searchVolume"":90},{""year"":2026,""month"":6,""searchVolume"":90},{""year"":2026,""month"":5,""searchVolume"":50},{""year"":2026,""month"":4,""searchVolume"":40},{""year"":2026,""month"":3,""searchVolume"":50},{""year"":2026,""month"":2,""searchVolume"":70},{""year"":2026,""month"":1,""searchVolume"":70},{""year"":2025,""month"":12,""searchVolume"":90},{""year"":2025,""month"":11,""searchVolume"":70},{""year"":2025,""month"":10,""searchVolume"":50},{""year"":2025,""month"":9,""searchVolume"":70},{""year"":2025,""month"":8,""searchVolume"":20}]"
žádanka online,ideas,true,dohola online,10,,,0,informational,"[{""year"":2026,""month"":7,""searchVolume"":10},{""year"":2026,""month"":6,""searchVolume"":10},{""year"":2026,""month"":5,""searchVolume"":10},{""year"":2026,""month"":4,""searchVolume"":10},{""year"":2026,""month"":3,""searchVolume"":20},{""year"":2026,""month"":2,""searchVolume"":10},{""year"":2026,""month"":1,""searchVolume"":10},{""year"":2025,""month"":12,""searchVolume"":20},{""year"":2025,""month"":11,""searchVolume"":10},{""year"":2025,""month"":10,""searchVolume"":10},{""year"":2025,""month"":9,""searchVolume"":10},{""year"":2025,""month"":8,""searchVolume"":10}]"
žádanka online,ideas,true,stazky online,10,,,0,informational,"[{""year"":2026,""month"":7,""searchVolume"":20},{""year"":2026,""month"":6,""searchVolume"":30},{""year"":2026,""month"":5,""searchVolume"":20},{""year"":2026,""month"":4,""searchVolume"":10},{""year"":2026,""month"":3,""searchVolume"":10},{""year"":2026,""month"":2,""searchVolume"":10},{""year"":2026,""month"":1,""searchVolume"":10},{""year"":2025,""month"":12,""searchVolume"":10},{""year"":2025,""month"":11,""searchVolume"":10},{""year"":2025,""month"":10,""searchVolume"":10},{""year"":2025,""month"":9,""searchVolume"":10},{""year"":2025,""month"":8,""searchVolume"":20}]"
žádanka online,ideas,true,hlad online,10,,,0,informational,"[{""year"":2026,""month"":7,""searchVolume"":10},{""year"":2026,""month"":6,""searchVolume"":0},{""year"":2026,""month"":5,""searchVolume"":10},{""year"":2026,""month"":4,""searchVolume"":0},{""year"":2026,""month"":3,""searchVolume"":10},{""year"":2026,""month"":2,""searchVolume"":0},{""year"":2026,""month"":1,""searchVolume"":10},{""year"":2025,""month"":12,""searchVolume"":10},{""year"":2025,""month"":11,""searchVolume"":10},{""year"":2025,""month"":10,""searchVolume"":10},{""year"":2025,""month"":9,""searchVolume"":10},{""year"":2025,""month"":8,""searchVolume"":10}]"
žádanka online,ideas,true,rohy online,10,42,,0,navigational,"[{""year"":2026,""month"":7,""searchVolume"":10},{""year"":2026,""month"":6,""searchVolume"":10},{""year"":2026,""month"":5,""searchVolume"":10},{""year"":2026,""month"":4,""searchVolume"":10},{""year"":2026,""month"":3,""searchVolume"":10},{""year"":2026,""month"":2,""searchVolume"":10},{""year"":2026,""month"":1,""searchVolume"":10},{""year"":2025,""month"":12,""searchVolume"":10},{""year"":2025,""month"":11,""searchVolume"":10},{""year"":2025,""month"":10,""searchVolume"":10},{""year"":2025,""month"":9,""searchVolume"":10},{""year"":2025,""month"":8,""searchVolume"":10}]"
žádanka online,ideas,true,základna online,10,,,0.01,navigational,"[{""year"":2026,""month"":7,""searchVolume"":10},{""year"":2026,""month"":6,""searchVolume"":10},{""year"":2026,""month"":5,""searchVolume"":10},{""year"":2026,""month"":4,""searchVolume"":10},{""year"":2026,""month"":3,""searchVolume"":10},{""year"":2026,""month"":2,""searchVolume"":10},{""year"":2026,""month"":1,""searchVolume"":20},{""year"":2025,""month"":12,""searchVolume"":10},{""year"":2025,""month"":11,""searchVolume"":10},{""year"":2025,""month"":10,""searchVolume"":10},{""year"":2025,""month"":9,""searchVolume"":10},{""year"":2025,""month"":8,""searchVolume"":10}]"
žádanka online,ideas,true,průsmyk online,10,,,0,informational,"[{""year"":2026,""month"":7,""searchVolume"":10},{""year"":2026,""month"":6,""searchVolume"":10},{""year"":2026,""month"":5,""searchVolume"":10},{""year"":2026,""month"":4,""searchVolume"":10},{""year"":2026,""month"":3,""searchVolume"":10},{""year"":2026,""month"":2,""searchVolume"":10},{""year"":2026,""month"":1,""searchVolume"":20},{""year"":2025,""month"":12,""searchVolume"":10},{""year"":2025,""month"":11,""searchVolume"":10},{""year"":2025,""month"":10,""searchVolume"":20},{""year"":2025,""month"":9,""searchVolume"":10},{""year"":2025,""month"":8,""searchVolume"":10}]"
žádanka online,ideas,true,přenašeči online,10,,,0,informational,"[{""year"":2026,""month"":7,""searchVolume"":10},{""year"":2026,""month"":6,""searchVolume"":10},{""year"":2026,""month"":5,""searchVolume"":10},{""year"":2026,""month"":4,""searchVolume"":10},{""year"":2026,""month"":3,""searchVolume"":10},{""year"":2026,""month"":2,""searchVolume"":10},{""year"":2026,""month"":1,""searchVolume"":10},{""year"":2025,""month"":12,""searchVolume"":10},{""year"":2025,""month"":11,""searchVolume"":10},{""year"":2025,""month"":10,""searchVolume"":10},{""year"":2025,""month"":9,""searchVolume"":10},{""year"":2025,""month"":8,""searchVolume"":10}]"
žádanka online,ideas,true,rok jedna online,70,0,,0,informational,"[{""year"":2026,""month"":7,""searchVolume"":50},{""year"":2026,""month"":6,""searchVolume"":40},{""year"":2026,""month"":5,""searchVolume"":70},{""year"":2026,""month"":4,""searchVolume"":20},{""year"":2026,""month"":3,""searchVolume"":50},{""year"":2026,""month"":2,""searchVolume"":90},{""year"":2026,""month"":1,""searchVolume"":170},{""year"":2025,""month"":12,""searchVolume"":140},{""year"":2025,""month"":11,""searchVolume"":50},{""year"":2025,""month"":10,""searchVolume"":40},{""year"":2025,""month"":9,""searchVolume"":50},{""year"":2025,""month"":8,""searchVolume"":70}]"
žádanka online,ideas,true,názvosloví online,10,,,,informational,"[{""year"":2026,""month"":7,""searchVolume"":0},{""year"":2026,""month"":6,""searchVolume"":10},{""year"":2026,""month"":5,""searchVolume"":10},{""year"":2026,""month"":4,""searchVolume"":10},{""year"":2026,""month"":3,""searchVolume"":10},{""year"":2026,""month"":2,""searchVolume"":10},{""year"":2026,""month"":1,""searchVolume"":10},{""year"":2025,""month"":12,""searchVolume"":10},{""year"":2025,""month"":11,""searchVolume"":10},{""year"":2025,""month"":10,""searchVolume"":20},{""year"":2025,""month"":9,""searchVolume"":30},{""year"":2025,""month"":8,""searchVolume"":0}]"
žádanka online,ideas,true,rana online,10,,,0,navigational,"[{""year"":2026,""month"":7,""searchVolume"":30},{""year"":2026,""month"":6,""searchVolume"":10},{""year"":2026,""month"":5,""searchVolume"":10},{""year"":2026,""month"":4,""searchVolume"":10},{""year"":2026,""month"":3,""searchVolume"":10},{""year"":2026,""month"":2,""searchVolume"":10},{""year"":2026,""month"":1,""searchVolume"":90},{""year"":2025,""month"":12,""searchVolume"":10},{""year"":2025,""month"":11,""searchVolume"":0},{""year"":2025,""month"":10,""searchVolume"":10},{""year"":2025,""month"":9,""searchVolume"":10},{""year"":2025,""month"":8,""searchVolume"":10}]"
žádanka online,ideas,true,česká soda online,70,0,,0,navigational,"[{""year"":2026,""month"":7,""searchVolume"":90},{""year"":2026,""month"":6,""searchVolume"":50},{""year"":2026,""month"":5,""searchVolume"":30},{""year"":2026,""month"":4,""searchVolume"":50},{""year"":2026,""month"":3,""searchVolume"":50},{""year"":2026,""month"":2,""searchVolume"":50},{""year"":2026,""month"":1,""searchVolume"":70},{""year"":2025,""month"":12,""searchVolume"":90},{""year"":2025,""month"":11,""searchVolume"":110},{""year"":2025,""month"":10,""searchVolume"":140},{""year"":2025,""month"":9,""searchVolume"":50},{""year"":2025,""month"":8,""searchVolume"":50}]"
žádanka online,ideas,true,unika online,10,,,0,navigational,"[{""year"":2026,""month"":7,""searchVolume"":10},{""year"":2026,""month"":6,""searchVolume"":10},{""year"":2026,""month"":5,""searchVolume"":10},{""year"":2026,""month"":4,""searchVolume"":10},{""year"":2026,""month"":3,""searchVolume"":10},{""year"":2026,""month"":2,""searchVolume"":10},{""year"":2026,""month"":1,""searchVolume"":10},{""year"":2025,""month"":12,""searchVolume"":10},{""year"":2025,""month"":11,""searchVolume"":10},{""year"":2025,""month"":10,""searchVolume"":10},{""year"":2025,""month"":9,""searchVolume"":20},{""year"":2025,""month"":8,""searchVolume"":10}]"
žádanka online,ideas,true,sviňák online,10,42,,0,navigational,"[{""year"":2026,""month"":7,""searchVolume"":10},{""year"":2026,""month"":6,""searchVolume"":10},{""year"":2026,""month"":5,""searchVolume"":10},{""year"":2026,""month"":4,""searchVolume"":20},{""year"":2026,""month"":3,""searchVolume"":20},{""year"":2026,""month"":2,""searchVolume"":20},{""year"":2026,""month"":1,""searchVolume"":20},{""year"":2025,""month"":12,""searchVolume"":20},{""year"":2025,""month"":11,""searchVolume"":10},{""year"":2025,""month"":10,""searchVolume"":10},{""year"":2025,""month"":9,""searchVolume"":20},{""year"":2025,""month"":8,""searchVolume"":10}]"
žádanka online,ideas,true,podezřelá online,10,,,0,informational,"[{""year"":2026,""month"":7,""searchVolume"":10},{""year"":2026,""month"":6,""searchVolume"":10},{""year"":2026,""month"":5,""searchVolume"":10},{""year"":2026,""month"":4,""searchVolume"":10},{""year"":2026,""month"":3,""searchVolume"":10},{""year"":2026,""month"":2,""searchVolume"":20},{""year"":2026,""month"":1,""searchVolume"":10},{""year"":2025,""month"":12,""searchVolume"":10},{""year"":2025,""month"":11,""searchVolume"":10},{""year"":2025,""month"":10,""searchVolume"":10},{""year"":2025,""month"":9,""searchVolume"":10},{""year"":2025,""month"":8,""searchVolume"":10}]"
žádanka online,ideas,true,sociogram online,10,,,,informational,"[{""year"":2026,""month"":7,""searchVolume"":0},{""year"":2026,""month"":6,""searchVolume"":10},{""year"":2026,""month"":5,""searchVolume"":10},{""year"":2026,""month"":4,""searchVolume"":20},{""year"":2026,""month"":3,""searchVolume"":10},{""year"":2026,""month"":2,""searchVolume"":10},{""year"":2026,""month"":1,""searchVolume"":10},{""year"":2025,""month"":12,""searchVolume"":10},{""year"":2025,""month"":11,""searchVolume"":10},{""year"":2025,""month"":10,""searchVolume"":10},{""year"":2025,""month"":9,""searchVolume"":10},{""year"":2025,""month"":8,""searchVolume"":10}]"
žádanka online,ideas,true,gumídci méďové online,70,0,,0.02,navigational,"[{""year"":2026,""month"":7,""searchVolume"":10},{""year"":2026,""month"":6,""searchVolume"":10},{""year"":2026,""month"":5,""searchVolume"":10},{""year"":2026,""month"":4,""searchVolume"":10},{""year"":2026,""month"":3,""searchVolume"":110},{""year"":2026,""month"":2,""searchVolume"":110},{""year"":2026,""month"":1,""searchVolume"":110},{""year"":2025,""month"":12,""searchVolume"":70},{""year"":2025,""month"":11,""searchVolume"":110},{""year"":2025,""month"":10,""searchVolume"":70},{""year"":2025,""month"":9,""searchVolume"":70},{""year"":2025,""month"":8,""searchVolume"":70}]"
žádanka online,ideas,true,ropáci online,10,,,0,informational,"[{""year"":2026,""month"":7,""searchVolume"":10},{""year"":2026,""month"":6,""searchVolume"":10},{""year"":2026,""month"":5,""searchVolume"":10},{""year"":2026,""month"":4,""searchVolume"":10},{""year"":2026,""month"":3,""searchVolume"":10},{""year"":2026,""month"":2,""searchVolume"":10},{""year"":2026,""month"":1,""searchVolume"":10},{""year"":2025,""month"":12,""searchVolume"":10},{""year"":2025,""month"":11,""searchVolume"":10},{""year"":2025,""month"":10,""searchVolume"":10},{""year"":2025,""month"":9,""searchVolume"":10},{""year"":2025,""month"":8,""searchVolume"":20}]"
žádanka online,ideas,true,rezidence online,10,,,0,navigational,"[{""year"":2026,""month"":7,""searchVolume"":10},{""year"":2026,""month"":6,""searchVolume"":10},{""year"":2026,""month"":5,""searchVolume"":10},{""year"":2026,""month"":4,""searchVolume"":10},{""year"":2026,""month"":3,""searchVolume"":10},{""year"":2026,""month"":2,""searchVolume"":10},{""year"":2026,""month"":1,""searchVolume"":10},{""year"":2025,""month"":12,""searchVolume"":10},{""year"":2025,""month"":11,""searchVolume"":10},{""year"":2025,""month"":10,""searchVolume"":10},{""year"":2025,""month"":9,""searchVolume"":10},{""year"":2025,""month"":8,""searchVolume"":10}]"
žádanka online,ideas,true,normostrana online,,,,,informational,"[{""year"":2026,""month"":5,""searchVolume"":0},{""year"":2026,""month"":4,""searchVolume"":0},{""year"":2026,""month"":3,""searchVolume"":0},{""year"":2026,""month"":2,""searchVolume"":0},{""year"":2026,""month"":1,""searchVolume"":0},{""year"":2025,""month"":12,""searchVolume"":0},{""year"":2025,""month"":11,""searchVolume"":0},{""year"":2025,""month"":10,""searchVolume"":0},{""year"":2025,""month"":9,""searchVolume"":0},{""year"":2025,""month"":8,""searchVolume"":0},{""year"":2025,""month"":7,""searchVolume"":0},{""year"":2025,""month"":6,""searchVolume"":0}]"
žádanka online,ideas,true,nový život online,50,0,,0.05,navigational,"[{""year"":2026,""month"":7,""searchVolume"":40},{""year"":2026,""month"":6,""searchVolume"":40},{""year"":2026,""month"":5,""searchVolume"":70},{""year"":2026,""month"":4,""searchVolume"":70},{""year"":2026,""month"":3,""searchVolume"":70},{""year"":2026,""month"":2,""searchVolume"":70},{""year"":2026,""month"":1,""searchVolume"":70},{""year"":2025,""month"":12,""searchVolume"":70},{""year"":2025,""month"":11,""searchVolume"":70},{""year"":2025,""month"":10,""searchVolume"":50},{""year"":2025,""month"":9,""searchVolume"":30},{""year"":2025,""month"":8,""searchVolume"":50}]"
žádanka online,ideas,true,macháček online,,,,,navigational,"[{""year"":2026,""month"":5,""searchVolume"":0},{""year"":2026,""month"":4,""searchVolume"":0},{""year"":2026,""month"":3,""searchVolume"":0},{""year"":2026,""month"":2,""searchVolume"":0},{""year"":2026,""month"":1,""searchVolume"":0},{""year"":2025,""month"":12,""searchVolume"":0},{""year"":2025,""month"":11,""searchVolume"":0},{""year"":2025,""month"":10,""searchVolume"":0},{""year"":2025,""month"":9,""searchVolume"":0},{""year"":2025,""month"":8,""searchVolume"":0},{""year"":2025,""month"":7,""searchVolume"":0},{""year"":2025,""month"":6,""searchVolume"":0}]"
žádanka online,ideas,true,dosílka online,,,,,navigational,"[{""year"":2026,""month"":5,""searchVolume"":0},{""year"":2026,""month"":4,""searchVolume"":0},{""year"":2026,""month"":3,""searchVolume"":0},{""year"":2026,""month"":2,""searchVolume"":0},{""year"":2026,""month"":1,""searchVolume"":0},{""year"":2025,""month"":12,""searchVolume"":0},{""year"":2025,""month"":11,""searchVolume"":0},{""year"":2025,""month"":10,""searchVolume"":0},{""year"":2025,""month"":9,""searchVolume"":0},{""year"":2025,""month"":8,""searchVolume"":0},{""year"":2025,""month"":7,""searchVolume"":0},{""year"":2025,""month"":6,""searchVolume"":0}]"
žádanka online,ideas,true,cigarety online,,,,,transactional,"[{""year"":2026,""month"":5,""searchVolume"":0},{""year"":2026,""month"":4,""searchVolume"":0},{""year"":2026,""month"":3,""searchVolume"":0},{""year"":2026,""month"":2,""searchVolume"":0},{""year"":2026,""month"":1,""searchVolume"":0},{""year"":2025,""month"":12,""searchVolume"":0},{""year"":2025,""month"":11,""searchVolume"":0},{""year"":2025,""month"":10,""searchVolume"":0},{""year"":2025,""month"":9,""searchVolume"":0},{""year"":2025,""month"":8,""searchVolume"":0},{""year"":2025,""month"":7,""searchVolume"":0},{""year"":2025,""month"":6,""searchVolume"":0}]"
žádanka online,ideas,true,náš vůdce online,50,0,,0,navigational,"[{""year"":2026,""month"":7,""searchVolume"":20},{""year"":2026,""month"":6,""searchVolume"":50},{""year"":2026,""month"":5,""searchVolume"":30},{""year"":2026,""month"":4,""searchVolume"":50},{""year"":2026,""month"":3,""searchVolume"":70},{""year"":2026,""month"":2,""searchVolume"":70},{""year"":2026,""month"":1,""searchVolume"":50},{""year"":2025,""month"":12,""searchVolume"":50},{""year"":2025,""month"":11,""searchVolume"":50},{""year"":2025,""month"":10,""searchVolume"":40},{""year"":2025,""month"":9,""searchVolume"":40},{""year"":2025,""month"":8,""searchVolume"":30}]"
žádanka online,ideas,true,budiž světlo online,50,43,,0,navigational,"[{""year"":2026,""month"":7,""searchVolume"":10},{""year"":2026,""month"":6,""searchVolume"":10},{""year"":2026,""month"":5,""searchVolume"":10},{""year"":2026,""month"":4,""searchVolume"":20},{""year"":2026,""month"":3,""searchVolume"":10},{""year"":2026,""month"":2,""searchVolume"":10},{""year"":2026,""month"":1,""searchVolume"":30},{""year"":2025,""month"":12,""searchVolume"":390},{""year"":2025,""month"":11,""searchVolume"":70},{""year"":2025,""month"":10,""searchVolume"":20},{""year"":2025,""month"":9,""searchVolume"":10},{""year"":2025,""month"":8,""searchVolume"":10}]"
žádanka online,ideas,true,online smlouva,,,,,informational,"[{""year"":2026,""month"":5,""searchVolume"":0},{""year"":2026,""month"":4,""searchVolume"":0},{""year"":2026,""month"":3,""searchVolume"":0},{""year"":2026,""month"":2,""searchVolume"":0},{""year"":2026,""month"":1,""searchVolume"":0},{""year"":2025,""month"":12,""searchVolume"":0},{""year"":2025,""month"":11,""searchVolume"":0},{""year"":2025,""month"":10,""searchVolume"":0},{""year"":2025,""month"":9,""searchVolume"":0},{""year"":2025,""month"":8,""searchVolume"":0},{""year"":2025,""month"":7,""searchVolume"":0},{""year"":2025,""month"":6,""searchVolume"":0}]"
žádanka online,ideas,true,bleší trh online,50,9,,0.01,navigational,"[{""year"":2026,""month"":7,""searchVolume"":40},{""year"":2026,""month"":6,""searchVolume"":30},{""year"":2026,""month"":5,""searchVolume"":30},{""year"":2026,""month"":4,""searchVolume"":50},{""year"":2026,""month"":3,""searchVolume"":70},{""year"":2026,""month"":2,""searchVolume"":30},{""year"":2026,""month"":1,""searchVolume"":50},{""year"":2025,""month"":12,""searchVolume"":40},{""year"":2025,""month"":11,""searchVolume"":40},{""year"":2025,""month"":10,""searchVolume"":50},{""year"":2025,""month"":9,""searchVolume"":70},{""year"":2025,""month"":8,""searchVolume"":50}]"
žádanka online,ideas,true,nespoutané django online,50,13,,0.02,informational,"[{""year"":2026,""month"":7,""searchVolume"":20},{""year"":2026,""month"":6,""searchVolume"":70},{""year"":2026,""month"":5,""searchVolume"":30},{""year"":2026,""month"":4,""searchVolume"":70},{""year"":2026,""month"":3,""searchVolume"":40},{""year"":2026,""month"":2,""searchVolume"":50},{""year"":2026,""month"":1,""searchVolume"":70},{""year"":2025,""month"":12,""searchVolume"":110},{""year"":2025,""month"":11,""searchVolume"":70},{""year"":2025,""month"":10,""searchVolume"":70},{""year"":2025,""month"":9,""searchVolume"":50},{""year"":2025,""month"":8,""searchVolume"":40}]"
žádanka online,ideas,true,nákladní vlaky online,50,17,,0.01,informational,"[{""year"":2026,""month"":7,""searchVolume"":50},{""year"":2026,""month"":6,""searchVolume"":50},{""year"":2026,""month"":5,""searchVolume"":50},{""year"":2026,""month"":4,""searchVolume"":50},{""year"":2026,""month"":3,""searchVolume"":50},{""year"":2026,""month"":2,""searchVolume"":40},{""year"":2026,""month"":1,""searchVolume"":20},{""year"":2025,""month"":12,""searchVolume"":20},{""year"":2025,""month"":11,""searchVolume"":30},{""year"":2025,""month"":10,""searchVolume"":90},{""year"":2025,""month"":9,""searchVolume"":50},{""year"":2025,""month"":8,""searchVolume"":90}]"
žádanka online,ideas,true,palivo online,,,,,informational,"[{""year"":2026,""month"":5,""searchVolume"":0},{""year"":2026,""month"":4,""searchVolume"":0},{""year"":2026,""month"":3,""searchVolume"":0},{""year"":2026,""month"":2,""searchVolume"":0},{""year"":2026,""month"":1,""searchVolume"":0},{""year"":2025,""month"":12,""searchVolume"":0},{""year"":2025,""month"":11,""searchVolume"":0},{""year"":2025,""month"":10,""searchVolume"":0},{""year"":2025,""month"":9,""searchVolume"":0},{""year"":2025,""month"":8,""searchVolume"":0},{""year"":2025,""month"":7,""searchVolume"":0},{""year"":2025,""month"":6,""searchVolume"":0}]"
žádanka online,ideas,true,centrální inteligence online,40,0,0.13,0.01,informational,"[{""year"":2026,""month"":7,""searchVolume"":40},{""year"":2026,""month"":6,""searchVolume"":30},{""year"":2026,""month"":5,""searchVolume"":20},{""year"":2026,""month"":4,""searchVolume"":20},{""year"":2026,""month"":3,""searchVolume"":20},{""year"":2026,""month"":2,""searchVolume"":30},{""year"":2026,""month"":1,""searchVolume"":40},{""year"":2025,""month"":12,""searchVolume"":50},{""year"":2025,""month"":11,""searchVolume"":70},{""year"":2025,""month"":10,""searchVolume"":90},{""year"":2025,""month"":9,""searchVolume"":50},{""year"":2025,""month"":8,""searchVolume"":30}]"
žádanka online,ideas,true,online marketing práce,40,0,0.11,0.66,informational,"[{""year"":2026,""month"":7,""searchVolume"":20},{""year"":2026,""month"":6,""searchVolume"":20},{""year"":2026,""month"":5,""searchVolume"":40},{""year"":2026,""month"":4,""searchVolume"":30},{""year"":2026,""month"":3,""searchVolume"":40},{""year"":2026,""month"":2,""searchVolume"":30},{""year"":2026,""month"":1,""searchVolume"":40},{""year"":2025,""month"":12,""searchVolume"":30},{""year"":2025,""month"":11,""searchVolume"":30},{""year"":2025,""month"":10,""searchVolume"":40},{""year"":2025,""month"":9,""searchVolume"":50},{""year"":2025,""month"":8,""searchVolume"":70}]"
žádanka online,ideas,true,trhni si online,40,42,,0,commercial,"[{""year"":2026,""month"":7,""searchVolume"":40},{""year"":2026,""month"":6,""searchVolume"":50},{""year"":2026,""month"":5,""searchVolume"":20},{""year"":2026,""month"":4,""searchVolume"":30},{""year"":2026,""month"":3,""searchVolume"":20},{""year"":2026,""month"":2,""searchVolume"":30},{""year"":2026,""month"":1,""searchVolume"":50},{""year"":2025,""month"":12,""searchVolume"":20},{""year"":2025,""month"":11,""searchVolume"":40},{""year"":2025,""month"":10,""searchVolume"":40},{""year"":2025,""month"":9,""searchVolume"":50},{""year"":2025,""month"":8,""searchVolume"":50}]"
žádanka online,ideas,true,představa o tobě online,90,0,,0,informational,"[{""year"":2026,""month"":7,""searchVolume"":40},{""year"":2026,""month"":6,""searchVolume"":70},{""year"":2026,""month"":5,""searchVolume"":70},{""year"":2026,""month"":4,""searchVolume"":50},{""year"":2026,""month"":3,""searchVolume"":70},{""year"":2026,""month"":2,""searchVolume"":70},{""year"":2026,""month"":1,""searchVolume"":90},{""year"":2025,""month"":12,""searchVolume"":110},{""year"":2025,""month"":11,""searchVolume"":210},{""year"":2025,""month"":10,""searchVolume"":110},{""year"":2025,""month"":9,""searchVolume"":110},{""year"":2025,""month"":8,""searchVolume"":110}]"
žádanka online,ideas,true,akolytka online,20,,,0,navigational,"[{""year"":2026,""month"":7,""searchVolume"":10},{""year"":2026,""month"":6,""searchVolume"":10},{""year"":2026,""month"":5,""searchVolume"":10},{""year"":2026,""month"":4,""searchVolume"":10},{""year"":2026,""month"":3,""searchVolume"":10},{""year"":2026,""month"":2,""searchVolume"":10},{""year"":2026,""month"":1,""searchVolume"":30},{""year"":2025,""month"":12,""searchVolume"":20},{""year"":2025,""month"":11,""searchVolume"":30},{""year"":2025,""month"":10,""searchVolume"":20},{""year"":2025,""month"":9,""searchVolume"":20},{""year"":2025,""month"":8,""searchVolume"":20}]"
žádanka online,ideas,true,ocko star online,40,47,,0.03,navigational,"[{""year"":2026,""month"":7,""searchVolume"":30},{""year"":2026,""month"":6,""searchVolume"":40},{""year"":2026,""month"":5,""searchVolume"":30},{""year"":2026,""month"":4,""searchVolume"":20},{""year"":2026,""month"":3,""searchVolume"":40},{""year"":2026,""month"":2,""searchVolume"":30},{""year"":2026,""month"":1,""searchVolume"":70},{""year"":2025,""month"":12,""searchVolume"":50},{""year"":2025,""month"":11,""searchVolume"":40},{""year"":2025,""month"":10,""searchVolume"":50},{""year"":2025,""month"":9,""searchVolume"":40},{""year"":2025,""month"":8,""searchVolume"":70}]"
žádanka online,ideas,true,přednosta stanice online,40,,0.14,0,commercial,"[{""year"":2026,""month"":7,""searchVolume"":30},{""year"":2026,""month"":6,""searchVolume"":50},{""year"":2026,""month"":5,""searchVolume"":40},{""year"":2026,""month"":4,""searchVolume"":50},{""year"":2026,""month"":3,""searchVolume"":40},{""year"":2026,""month"":2,""searchVolume"":30},{""year"":2026,""month"":1,""searchVolume"":70},{""year"":2025,""month"":12,""searchVolume"":40},{""year"":2025,""month"":11,""searchVolume"":40},{""year"":2025,""month"":10,""searchVolume"":20},{""year"":2025,""month"":9,""searchVolume"":20},{""year"":2025,""month"":8,""searchVolume"":20}]"
žádanka online,ideas,true,matky na tahu online,90,0,,0.03,informational,"[{""year"":2026,""month"":7,""searchVolume"":30},{""year"":2026,""month"":6,""searchVolume"":50},{""year"":2026,""month"":5,""searchVolume"":50},{""year"":2026,""month"":4,""searchVolume"":50},{""year"":2026,""month"":3,""searchVolume"":70},{""year"":2026,""month"":2,""searchVolume"":110},{""year"":2026,""month"":1,""searchVolume"":110},{""year"":2025,""month"":12,""searchVolume"":210},{""year"":2025,""month"":11,""searchVolume"":140},{""year"":2025,""month"":10,""searchVolume"":90},{""year"":2025,""month"":9,""searchVolume"":70},{""year"":2025,""month"":8,""searchVolume"":70}]"
žádanka online,ideas,true,zlouni 1 online,40,,,0.03,transactional,"[{""year"":2026,""month"":7,""searchVolume"":10},{""year"":2026,""month"":6,""searchVolume"":10},{""year"":2026,""month"":5,""searchVolume"":10},{""year"":2026,""month"":4,""searchVolume"":20},{""year"":2026,""month"":3,""searchVolume"":20},{""year"":2026,""month"":2,""searchVolume"":30},{""year"":2026,""month"":1,""searchVolume"":40},{""year"":2025,""month"":12,""searchVolume"":30},{""year"":2025,""month"":11,""searchVolume"":70},{""year"":2025,""month"":10,""searchVolume"":90},{""year"":2025,""month"":9,""searchVolume"":70},{""year"":2025,""month"":8,""searchVolume"":90}]"
žádanka online,ideas,true,hasičské testy online,40,38,,0,informational,"[{""year"":2026,""month"":7,""searchVolume"":10},{""year"":2026,""month"":6,""searchVolume"":10},{""year"":2026,""month"":5,""searchVolume"":20},{""year"":2026,""month"":4,""searchVolume"":30},{""year"":2026,""month"":3,""searchVolume"":40},{""year"":2026,""month"":2,""searchVolume"":50},{""year"":2026,""month"":1,""searchVolume"":70},{""year"":2025,""month"":12,""searchVolume"":30},{""year"":2025,""month"":11,""searchVolume"":70},{""year"":2025,""month"":10,""searchVolume"":70},{""year"":2025,""month"":9,""searchVolume"":20},{""year"":2025,""month"":8,""searchVolume"":10}]"
žádanka online,ideas,true,dospra domy online,40,,3.4,0.1,transactional,"[{""year"":2026,""month"":7,""searchVolume"":50},{""year"":2026,""month"":6,""searchVolume"":50},{""year"":2026,""month"":5,""searchVolume"":40},{""year"":2026,""month"":4,""searchVolume"":90},{""year"":2026,""month"":3,""searchVolume"":40},{""year"":2026,""month"":2,""searchVolume"":20},{""year"":2026,""month"":1,""searchVolume"":40},{""year"":2025,""month"":12,""searchVolume"":20},{""year"":2025,""month"":11,""searchVolume"":40},{""year"":2025,""month"":10,""searchVolume"":40},{""year"":2025,""month"":9,""searchVolume"":40},{""year"":2025,""month"":8,""searchVolume"":30}]"
žádanka online,ideas,true,pachová stopa online,40,0,,0,informational,"[{""year"":2026,""month"":7,""searchVolume"":10},{""year"":2026,""month"":6,""searchVolume"":20},{""year"":2026,""month"":5,""searchVolume"":20},{""year"":2026,""month"":4,""searchVolume"":20},{""year"":2026,""month"":3,""searchVolume"":30},{""year"":2026,""month"":2,""searchVolume"":30},{""year"":2026,""month"":1,""searchVolume"":90},{""year"":2025,""month"":12,""searchVolume"":40},{""year"":2025,""month"":11,""searchVolume"":70},{""year"":2025,""month"":10,""searchVolume"":70},{""year"":2025,""month"":9,""searchVolume"":30},{""year"":2025,""month"":8,""searchVolume"":40}]"
žádanka online,ideas,true,online dotazníky brigáda,30,0,0.5,0.7,navigational,"[{""year"":2026,""month"":7,""searchVolume"":10},{""year"":2026,""month"":6,""searchVolume"":10},{""year"":2026,""month"":5,""searchVolume"":20},{""year"":2026,""month"":4,""searchVolume"":20},{""year"":2026,""month"":3,""searchVolume"":70},{""year"":2026,""month"":2,""searchVolume"":30},{""year"":2026,""month"":1,""searchVolume"":30},{""year"":2025,""month"":12,""searchVolume"":20},{""year"":2025,""month"":11,""searchVolume"":40},{""year"":2025,""month"":10,""searchVolume"":20},{""year"":2025,""month"":9,""searchVolume"":20},{""year"":2025,""month"":8,""searchVolume"":20}]"
žádanka online,ideas,true,návštěvníci online cz,30,,,0.01,navigational,"[{""year"":2026,""month"":7,""searchVolume"":20},{""year"":2026,""month"":6,""searchVolume"":20},{""year"":2026,""month"":5,""searchVolume"":20},{""year"":2026,""month"":4,""searchVolume"":20},{""year"":2026,""month"":3,""searchVolume"":10},{""year"":2026,""month"":2,""searchVolume"":20},{""year"":2026,""month"":1,""searchVolume"":40},{""year"":2025,""month"":12,""searchVolume"":50},{""year"":2025,""month"":11,""searchVolume"":20},{""year"":2025,""month"":10,""searchVolume"":30},{""year"":2025,""month"":9,""searchVolume"":40},{""year"":2025,""month"":8,""searchVolume"":50}]"
žádanka online,ideas,true,tiché znamení online,30,0,1.52,0.02,informational,"[{""year"":2026,""month"":7,""searchVolume"":70},{""year"":2026,""month"":6,""searchVolume"":90},{""year"":2026,""month"":5,""searchVolume"":10},{""year"":2026,""month"":4,""searchVolume"":10},{""year"":2026,""month"":3,""searchVolume"":10},{""year"":2026,""month"":2,""searchVolume"":20},{""year"":2026,""month"":1,""searchVolume"":30},{""year"":2025,""month"":12,""searchVolume"":30},{""year"":2025,""month"":11,""searchVolume"":20},{""year"":2025,""month"":10,""searchVolume"":10},{""year"":2025,""month"":9,""searchVolume"":20},{""year"":2025,""month"":8,""searchVolume"":20}]"
žádanka online,ideas,true,mhd pardubice online,390,6,,0,navigational,"[{""year"":2026,""month"":7,""searchVolume"":140},{""year"":2026,""month"":6,""searchVolume"":320},{""year"":2026,""month"":5,""searchVolume"":390},{""year"":2026,""month"":4,""searchVolume"":390},{""year"":2026,""month"":3,""searchVolume"":480},{""year"":2026,""month"":2,""searchVolume"":390},{""year"":2026,""month"":1,""searchVolume"":390},{""year"":2025,""month"":12,""searchVolume"":390},{""year"":2025,""month"":11,""searchVolume"":480},{""year"":2025,""month"":10,""searchVolume"":480},{""year"":2025,""month"":9,""searchVolume"":480},{""year"":2025,""month"":8,""searchVolume"":210}]"
žádanka online,ideas,true,vestecka koule online,30,0,,0.1,navigational,"[{""year"":2026,""month"":7,""searchVolume"":20},{""year"":2026,""month"":6,""searchVolume"":30},{""year"":2026,""month"":5,""searchVolume"":30},{""year"":2026,""month"":4,""searchVolume"":30},{""year"":2026,""month"":3,""searchVolume"":40},{""year"":2026,""month"":2,""searchVolume"":30},{""year"":2026,""month"":1,""searchVolume"":30},{""year"":2025,""month"":12,""searchVolume"":40},{""year"":2025,""month"":11,""searchVolume"":40},{""year"":2025,""month"":10,""searchVolume"":30},{""year"":2025,""month"":9,""searchVolume"":30},{""year"":2025,""month"":8,""searchVolume"":30}]"
žádanka online,ideas,true,kamagra prodej online,30,,,0,transactional,"[{""year"":2026,""month"":7,""searchVolume"":110},{""year"":2026,""month"":6,""searchVolume"":70},{""year"":2026,""month"":5,""searchVolume"":90},{""year"":2026,""month"":4,""searchVolume"":20},{""year"":2026,""month"":3,""searchVolume"":10},{""year"":2026,""month"":2,""searchVolume"":10},{""year"":2026,""month"":1,""searchVolume"":10},{""year"":2025,""month"":12,""searchVolume"":10},{""year"":2025,""month"":11,""searchVolume"":10},{""year"":2025,""month"":10,""searchVolume"":10},{""year"":2025,""month"":9,""searchVolume"":10},{""year"":2025,""month"":8,""searchVolume"":10}]"
žádanka online,ideas,true,o myších a lidech online,110,0,,0,informational,"[{""year"":2026,""month"":7,""searchVolume"":30},{""year"":2026,""month"":6,""searchVolume"":70},{""year"":2026,""month"":5,""searchVolume"":320},{""year"":2026,""month"":4,""searchVolume"":140},{""year"":2026,""month"":3,""searchVolume"":170},{""year"":2026,""month"":2,""searchVolume"":170},{""year"":2026,""month"":1,""searchVolume"":140},{""year"":2025,""month"":12,""searchVolume"":70},{""year"":2025,""month"":11,""searchVolume"":110},{""year"":2025,""month"":10,""searchVolume"":70},{""year"":2025,""month"":9,""searchVolume"":70},{""year"":2025,""month"":8,""searchVolume"":40}]"
žádanka online,ideas,true,odbor dopravy online,30,,,0,navigational,"[{""year"":2026,""month"":7,""searchVolume"":50},{""year"":2026,""month"":6,""searchVolume"":20},{""year"":2026,""month"":5,""searchVolume"":40},{""year"":2026,""month"":4,""searchVolume"":40},{""year"":2026,""month"":3,""searchVolume"":40},{""year"":2026,""month"":2,""searchVolume"":30},{""year"":2026,""month"":1,""searchVolume"":30},{""year"":2025,""month"":12,""searchVolume"":20},{""year"":2025,""month"":11,""searchVolume"":20},{""year"":2025,""month"":10,""searchVolume"":20},{""year"":2025,""month"":9,""searchVolume"":40},{""year"":2025,""month"":8,""searchVolume"":30}]"
žádanka online,ideas,true,dotazníky online zdarma,30,20,2.24,0.44,informational,"[{""year"":2026,""month"":7,""searchVolume"":20},{""year"":2026,""month"":6,""searchVolume"":10},{""year"":2026,""month"":5,""searchVolume"":30},{""year"":2026,""month"":4,""searchVolume"":50},{""year"":2026,""month"":3,""searchVolume"":70},{""year"":2026,""month"":2,""searchVolume"":30},{""year"":2026,""month"":1,""searchVolume"":30},{""year"":2025,""month"":12,""searchVolume"":30},{""year"":2025,""month"":11,""searchVolume"":30},{""year"":2025,""month"":10,""searchVolume"":10},{""year"":2025,""month"":9,""searchVolume"":20},{""year"":2025,""month"":8,""searchVolume"":10}]"
žádanka online,ideas,true,dpmp online poloha,30,,,0,navigational,"[{""year"":2026,""month"":7,""searchVolume"":30},{""year"":2026,""month"":6,""searchVolume"":70},{""year"":2026,""month"":5,""searchVolume"":50},{""year"":2026,""month"":4,""searchVolume"":90},{""year"":2026,""month"":3,""searchVolume"":90},{""year"":2026,""month"":2,""searchVolume"":0},{""year"":2026,""month"":1,""searchVolume"":0},{""year"":2025,""month"":12,""searchVolume"":0},{""year"":2025,""month"":11,""searchVolume"":0},{""year"":2025,""month"":10,""searchVolume"":0},{""year"":2025,""month"":9,""searchVolume"":0},{""year"":2025,""month"":8,""searchVolume"":0}]"
žádanka online,ideas,true,proč právě on online,70,0,,0.01,informational,"[{""year"":2026,""month"":7,""searchVolume"":90},{""year"":2026,""month"":6,""searchVolume"":70},{""year"":2026,""month"":5,""searchVolume"":40},{""year"":2026,""month"":4,""searchVolume"":50},{""year"":2026,""month"":3,""searchVolume"":50},{""year"":2026,""month"":2,""searchVolume"":70},{""year"":2026,""month"":1,""searchVolume"":110},{""year"":2025,""month"":12,""searchVolume"":170},{""year"":2025,""month"":11,""searchVolume"":110},{""year"":2025,""month"":10,""searchVolume"":70},{""year"":2025,""month"":9,""searchVolume"":90},{""year"":2025,""month"":8,""searchVolume"":70}]"
žádanka online,ideas,true,generátor online citací,30,3,,0.05,informational,"[{""year"":2026,""month"":7,""searchVolume"":10},{""year"":2026,""month"":6,""searchVolume"":10},{""year"":2026,""month"":5,""searchVolume"":30},{""year"":2026,""month"":4,""searchVolume"":40},{""year"":2026,""month"":3,""searchVolume"":40},{""year"":2026,""month"":2,""searchVolume"":30},{""year"":2026,""month"":1,""searchVolume"":40},{""year"":2025,""month"":12,""searchVolume"":40},{""year"":2025,""month"":11,""searchVolume"":70},{""year"":2025,""month"":10,""searchVolume"":40},{""year"":2025,""month"":9,""searchVolume"":40},{""year"":2025,""month"":8,""searchVolume"":20}]"
žádanka online,ideas,true,mravenčí polepšovna online,30,40,,0.01,navigational,"[{""year"":2026,""month"":7,""searchVolume"":30},{""year"":2026,""month"":6,""searchVolume"":30},{""year"":2026,""month"":5,""searchVolume"":50},{""year"":2026,""month"":4,""searchVolume"":20},{""year"":2026,""month"":3,""searchVolume"":30},{""year"":2026,""month"":2,""searchVolume"":40},{""year"":2026,""month"":1,""searchVolume"":30},{""year"":2025,""month"":12,""searchVolume"":20},{""year"":2025,""month"":11,""searchVolume"":20},{""year"":2025,""month"":10,""searchVolume"":30},{""year"":2025,""month"":9,""searchVolume"":30},{""year"":2025,""month"":8,""searchVolume"":20}]"
žádanka online,ideas,true,čssz online služby,30,,,0,navigational,"[{""year"":2026,""month"":7,""searchVolume"":10},{""year"":2026,""month"":6,""searchVolume"":10},{""year"":2026,""month"":5,""searchVolume"":50},{""year"":2026,""month"":4,""searchVolume"":70},{""year"":2026,""month"":3,""searchVolume"":40},{""year"":2026,""month"":2,""searchVolume"":40},{""year"":2026,""month"":1,""searchVolume"":50},{""year"":2025,""month"":12,""searchVolume"":20},{""year"":2025,""month"":11,""searchVolume"":40},{""year"":2025,""month"":10,""searchVolume"":30},{""year"":2025,""month"":9,""searchVolume"":30},{""year"":2025,""month"":8,""searchVolume"":20}]"
žádanka online,ideas,true,číslo 23 online,20,0,,0,navigational,"[{""year"":2026,""month"":7,""searchVolume"":10},{""year"":2026,""month"":6,""searchVolume"":10},{""year"":2026,""month"":5,""searchVolume"":20},{""year"":2026,""month"":4,""searchVolume"":30},{""year"":2026,""month"":3,""searchVolume"":40},{""year"":2026,""month"":2,""searchVolume"":20},{""year"":2026,""month"":1,""searchVolume"":40},{""year"":2025,""month"":12,""searchVolume"":30},{""year"":2025,""month"":11,""searchVolume"":20},{""year"":2025,""month"":10,""searchVolume"":30},{""year"":2025,""month"":9,""searchVolume"":20},{""year"":2025,""month"":8,""searchVolume"":20}]"
žádanka online,ideas,true,lavi 2 online,20,,,0,navigational,"[{""year"":2026,""month"":7,""searchVolume"":10},{""year"":2026,""month"":6,""searchVolume"":10},{""year"":2026,""month"":5,""searchVolume"":10},{""year"":2026,""month"":4,""searchVolume"":10},{""year"":2026,""month"":3,""searchVolume"":10},{""year"":2026,""month"":2,""searchVolume"":10},{""year"":2026,""month"":1,""searchVolume"":10},{""year"":2025,""month"":12,""searchVolume"":10},{""year"":2025,""month"":11,""searchVolume"":10},{""year"":2025,""month"":10,""searchVolume"":20},{""year"":2025,""month"":9,""searchVolume"":30},{""year"":2025,""month"":8,""searchVolume"":140}]"
žádanka online,ideas,true,mlhy avalonu online,20,,,0.01,informational,"[{""year"":2026,""month"":7,""searchVolume"":10},{""year"":2026,""month"":6,""searchVolume"":20},{""year"":2026,""month"":5,""searchVolume"":10},{""year"":2026,""month"":4,""searchVolume"":10},{""year"":2026,""month"":3,""searchVolume"":20},{""year"":2026,""month"":2,""searchVolume"":30},{""year"":2026,""month"":1,""searchVolume"":30},{""year"":2025,""month"":12,""searchVolume"":20},{""year"":2025,""month"":11,""searchVolume"":30},{""year"":2025,""month"":10,""searchVolume"":30},{""year"":2025,""month"":9,""searchVolume"":30},{""year"":2025,""month"":8,""searchVolume"":40}]"
žádanka online,ideas,true,druhy zájmen online,20,,,,informational,"[{""year"":2026,""month"":7,""searchVolume"":0},{""year"":2026,""month"":6,""searchVolume"":10},{""year"":2026,""month"":5,""searchVolume"":20},{""year"":2026,""month"":4,""searchVolume"":30},{""year"":2026,""month"":3,""searchVolume"":30},{""year"":2026,""month"":2,""searchVolume"":20},{""year"":2026,""month"":1,""searchVolume"":30},{""year"":2025,""month"":12,""searchVolume"":10},{""year"":2025,""month"":11,""searchVolume"":10},{""year"":2025,""month"":10,""searchVolume"":10},{""year"":2025,""month"":9,""searchVolume"":10},{""year"":2025,""month"":8,""searchVolume"":10}]"
žádanka online,ideas,true,operace jauu online,20,,,0.01,informational,"[{""year"":2026,""month"":7,""searchVolume"":30},{""year"":2026,""month"":6,""searchVolume"":10},{""year"":2026,""month"":5,""searchVolume"":20},{""year"":2026,""month"":4,""searchVolume"":10},{""year"":2026,""month"":3,""searchVolume"":20},{""year"":2026,""month"":2,""searchVolume"":20},{""year"":2026,""month"":1,""searchVolume"":20},{""year"":2025,""month"":12,""searchVolume"":10},{""year"":2025,""month"":11,""searchVolume"":10},{""year"":2025,""month"":10,""searchVolume"":20},{""year"":2025,""month"":9,""searchVolume"":20},{""year"":2025,""month"":8,""searchVolume"":20}]"
žádanka online,ideas,true,tloskov fiction online,20,,,0,navigational,"[{""year"":2026,""month"":7,""searchVolume"":10},{""year"":2026,""month"":6,""searchVolume"":10},{""year"":2026,""month"":5,""searchVolume"":10},{""year"":2026,""month"":4,""searchVolume"":10},{""year"":2026,""month"":3,""searchVolume"":20},{""year"":2026,""month"":2,""searchVolume"":10},{""year"":2026,""month"":1,""searchVolume"":210},{""year"":2025,""month"":12,""searchVolume"":10},{""year"":2025,""month"":11,""searchVolume"":10},{""year"":2025,""month"":10,""searchVolume"":10},{""year"":2025,""month"":9,""searchVolume"":20},{""year"":2025,""month"":8,""searchVolume"":10}]"
žádanka online,ideas,true,bastardi reparát online,40,0,,0.01,informational,"[{""year"":2026,""month"":7,""searchVolume"":40},{""year"":2026,""month"":6,""searchVolume"":50},{""year"":2026,""month"":5,""searchVolume"":20},{""year"":2026,""month"":4,""searchVolume"":30},{""year"":2026,""month"":3,""searchVolume"":90},{""year"":2026,""month"":2,""searchVolume"":40},{""year"":2026,""month"":1,""searchVolume"":40},{""year"":2025,""month"":12,""searchVolume"":40},{""year"":2025,""month"":11,""searchVolume"":30},{""year"":2025,""month"":10,""searchVolume"":30},{""year"":2025,""month"":9,""searchVolume"":30},{""year"":2025,""month"":8,""searchVolume"":70}]"
žádanka online,ideas,true,nebezpecne vztahy online,20,0,0.18,0.13,informational,"[{""year"":2026,""month"":7,""searchVolume"":10},{""year"":2026,""month"":6,""searchVolume"":10},{""year"":2026,""month"":5,""searchVolume"":10},{""year"":2026,""month"":4,""searchVolume"":10},{""year"":2026,""month"":3,""searchVolume"":40},{""year"":2026,""month"":2,""searchVolume"":30},{""year"":2026,""month"":1,""searchVolume"":20},{""year"":2025,""month"":12,""searchVolume"":20},{""year"":2025,""month"":11,""searchVolume"":30},{""year"":2025,""month"":10,""searchVolume"":10},{""year"":2025,""month"":9,""searchVolume"":10},{""year"":2025,""month"":8,""searchVolume"":30}]"
žádanka online,ideas,true,mhd praha online,20,,,0,navigational,"[{""year"":2026,""month"":7,""searchVolume"":10},{""year"":2026,""month"":6,""searchVolume"":10},{""year"":2026,""month"":5,""searchVolume"":10},{""year"":2026,""month"":4,""searchVolume"":10},{""year"":2026,""month"":3,""searchVolume"":10},{""year"":2026,""month"":2,""searchVolume"":20},{""year"":2026,""month"":1,""searchVolume"":20},{""year"":2025,""month"":12,""searchVolume"":20},{""year"":2025,""month"":11,""searchVolume"":30},{""year"":2025,""month"":10,""searchVolume"":20},{""year"":2025,""month"":9,""searchVolume"":20},{""year"":2025,""month"":8,""searchVolume"":20}]"
žádanka online,ideas,true,univerzální voják online,20,0,,0,informational,"[{""year"":2026,""month"":7,""searchVolume"":10},{""year"":2026,""month"":6,""searchVolume"":10},{""year"":2026,""month"":5,""searchVolume"":10},{""year"":2026,""month"":4,""searchVolume"":10},{""year"":2026,""month"":3,""searchVolume"":10},{""year"":2026,""month"":2,""searchVolume"":20},{""year"":2026,""month"":1,""searchVolume"":20},{""year"":2025,""month"":12,""searchVolume"":20},{""year"":2025,""month"":11,""searchVolume"":20},{""year"":2025,""month"":10,""searchVolume"":20},{""year"":2025,""month"":9,""searchVolume"":20},{""year"":2025,""month"":8,""searchVolume"":20}]"
žádanka online,ideas,true,potomci lidí online,20,,,0,informational,"[{""year"":2026,""month"":7,""searchVolume"":20},{""year"":2026,""month"":6,""searchVolume"":10},{""year"":2026,""month"":5,""searchVolume"":10},{""year"":2026,""month"":4,""searchVolume"":10},{""year"":2026,""month"":3,""searchVolume"":20},{""year"":2026,""month"":2,""searchVolume"":30},{""year"":2026,""month"":1,""searchVolume"":30},{""year"":2025,""month"":12,""searchVolume"":30},{""year"":2025,""month"":11,""searchVolume"":20},{""year"":2025,""month"":10,""searchVolume"":20},{""year"":2025,""month"":9,""searchVolume"":20},{""year"":2025,""month"":8,""searchVolume"":30}]"
žádanka online,ideas,true,věc: počátek online,20,42,,0,navigational,"[{""year"":2026,""month"":7,""searchVolume"":20},{""year"":2026,""month"":6,""searchVolume"":20},{""year"":2026,""month"":5,""searchVolume"":20},{""year"":2026,""month"":4,""searchVolume"":10},{""year"":2026,""month"":3,""searchVolume"":30},{""year"":2026,""month"":2,""searchVolume"":40},{""year"":2026,""month"":1,""searchVolume"":20},{""year"":2025,""month"":12,""searchVolume"":30},{""year"":2025,""month"":11,""searchVolume"":30},{""year"":2025,""month"":10,""searchVolume"":20},{""year"":2025,""month"":9,""searchVolume"":20},{""year"":2025,""month"":8,""searchVolume"":20}]"
žádanka online,ideas,true,lemra líná online,20,40,,0,navigational,"[{""year"":2026,""month"":7,""searchVolume"":20},{""year"":2026,""month"":6,""searchVolume"":10},{""year"":2026,""month"":5,""searchVolume"":10},{""year"":2026,""month"":4,""searchVolume"":30},{""year"":2026,""month"":3,""searchVolume"":50},{""year"":2026,""month"":2,""searchVolume"":20},{""year"":2026,""month"":1,""searchVolume"":50},{""year"":2025,""month"":12,""searchVolume"":30},{""year"":2025,""month"":11,""searchVolume"":30},{""year"":2025,""month"":10,""searchVolume"":10},{""year"":2025,""month"":9,""searchVolume"":10},{""year"":2025,""month"":8,""searchVolume"":10}]"
žádanka online,ideas,true,nástroje online marketingu,20,9,,0.29,commercial,"[{""year"":2026,""month"":7,""searchVolume"":10},{""year"":2026,""month"":6,""searchVolume"":10},{""year"":2026,""month"":5,""searchVolume"":10},{""year"":2026,""month"":4,""searchVolume"":10},{""year"":2026,""month"":3,""searchVolume"":40},{""year"":2026,""month"":2,""searchVolume"":20},{""year"":2026,""month"":1,""searchVolume"":20},{""year"":2025,""month"":12,""searchVolume"":30},{""year"":2025,""month"":11,""searchVolume"":20},{""year"":2025,""month"":10,""searchVolume"":10},{""year"":2025,""month"":9,""searchVolume"":10},{""year"":2025,""month"":8,""searchVolume"":10}]"
žádanka online,ideas,true,etka online vin,20,,,0.06,informational,"[{""year"":2026,""month"":7,""searchVolume"":10},{""year"":2026,""month"":6,""searchVolume"":20},{""year"":2026,""month"":5,""searchVolume"":20},{""year"":2026,""month"":4,""searchVolume"":30},{""year"":2026,""month"":3,""searchVolume"":20},{""year"":2026,""month"":2,""searchVolume"":10},{""year"":2026,""month"":1,""searchVolume"":10},{""year"":2025,""month"":12,""searchVolume"":10},{""year"":2025,""month"":11,""searchVolume"":20},{""year"":2025,""month"":10,""searchVolume"":20},{""year"":2025,""month"":9,""searchVolume"":20},{""year"":2025,""month"":8,""searchVolume"":30}]"
žádanka online,ideas,true,oktagon výsledky online,20,,,0,navigational,"[{""year"":2026,""month"":7,""searchVolume"":10},{""year"":2026,""month"":6,""searchVolume"":20},{""year"":2026,""month"":5,""searchVolume"":10},{""year"":2026,""month"":4,""searchVolume"":50},{""year"":2026,""month"":3,""searchVolume"":10},{""year"":2026,""month"":2,""searchVolume"":20},{""year"":2026,""month"":1,""searchVolume"":20},{""year"":2025,""month"":12,""searchVolume"":70},{""year"":2025,""month"":11,""searchVolume"":0},{""year"":2025,""month"":10,""searchVolume"":0},{""year"":2025,""month"":9,""searchVolume"":0},{""year"":2025,""month"":8,""searchVolume"":0}]"
žádanka online,ideas,true,tvorba voucheru online,20,,,0,transactional,"[{""year"":2026,""month"":7,""searchVolume"":10},{""year"":2026,""month"":6,""searchVolume"":0},{""year"":2026,""month"":5,""searchVolume"":10},{""year"":2026,""month"":4,""searchVolume"":10},{""year"":2026,""month"":3,""searchVolume"":10},{""year"":2026,""month"":2,""searchVolume"":10},{""year"":2026,""month"":1,""searchVolume"":30},{""year"":2025,""month"":12,""searchVolume"":50},{""year"":2025,""month"":11,""searchVolume"":30},{""year"":2025,""month"":10,""searchVolume"":20},{""year"":2025,""month"":9,""searchVolume"":30},{""year"":2025,""month"":8,""searchVolume"":20}]"
žádanka online,ideas,true,drtivý dopad online,20,,,0,informational,"[{""year"":2026,""month"":7,""searchVolume"":20},{""year"":2026,""month"":6,""searchVolume"":10},{""year"":2026,""month"":5,""searchVolume"":10},{""year"":2026,""month"":4,""searchVolume"":10},{""year"":2026,""month"":3,""searchVolume"":40},{""year"":2026,""month"":2,""searchVolume"":20},{""year"":2026,""month"":1,""searchVolume"":40},{""year"":2025,""month"":12,""searchVolume"":20},{""year"":2025,""month"":11,""searchVolume"":10},{""year"":2025,""month"":10,""searchVolume"":20},{""year"":2025,""month"":9,""searchVolume"":20},{""year"":2025,""month"":8,""searchVolume"":20}]"
žádanka online,ideas,true,technický výkres online,20,,0.04,0.19,navigational,"[{""year"":2026,""month"":7,""searchVolume"":10},{""year"":2026,""month"":6,""searchVolume"":20},{""year"":2026,""month"":5,""searchVolume"":10},{""year"":2026,""month"":4,""searchVolume"":20},{""year"":2026,""month"":3,""searchVolume"":30},{""year"":2026,""month"":2,""searchVolume"":20},{""year"":2026,""month"":1,""searchVolume"":40},{""year"":2025,""month"":12,""searchVolume"":10},{""year"":2025,""month"":11,""searchVolume"":20},{""year"":2025,""month"":10,""searchVolume"":20},{""year"":2025,""month"":9,""searchVolume"":20},{""year"":2025,""month"":8,""searchVolume"":10}]"
žádanka online,ideas,true,identita online cz,10,,,0,navigational,"[{""year"":2026,""month"":7,""searchVolume"":10},{""year"":2026,""month"":6,""searchVolume"":10},{""year"":2026,""month"":5,""searchVolume"":20},{""year"":2026,""month"":4,""searchVolume"":10},{""year"":2026,""month"":3,""searchVolume"":10},{""year"":2026,""month"":2,""searchVolume"":10},{""year"":2026,""month"":1,""searchVolume"":10},{""year"":2025,""month"":12,""searchVolume"":10},{""year"":2025,""month"":11,""searchVolume"":10},{""year"":2025,""month"":10,""searchVolume"":10},{""year"":2025,""month"":9,""searchVolume"":10},{""year"":2025,""month"":8,""searchVolume"":10}]"
žádanka online,ideas,true,tísňové volání online,10,42,,0,informational,"[{""year"":2026,""month"":7,""searchVolume"":10},{""year"":2026,""month"":6,""searchVolume"":10},{""year"":2026,""month"":5,""searchVolume"":10},{""year"":2026,""month"":4,""searchVolume"":10},{""year"":2026,""month"":3,""searchVolume"":10},{""year"":2026,""month"":2,""searchVolume"":10},{""year"":2026,""month"":1,""searchVolume"":10},{""year"":2025,""month"":12,""searchVolume"":10},{""year"":2025,""month"":11,""searchVolume"":10},{""year"":2025,""month"":10,""searchVolume"":10},{""year"":2025,""month"":9,""searchVolume"":10},{""year"":2025,""month"":8,""searchVolume"":10}]"
žádanka online,ideas,true,mezi nimi online,10,,,0,informational,"[{""year"":2026,""month"":7,""searchVolume"":10},{""year"":2026,""month"":6,""searchVolume"":10},{""year"":2026,""month"":5,""searchVolume"":10},{""year"":2026,""month"":4,""searchVolume"":10},{""year"":2026,""month"":3,""searchVolume"":10},{""year"":2026,""month"":2,""searchVolume"":10},{""year"":2026,""month"":1,""searchVolume"":10},{""year"":2025,""month"":12,""searchVolume"":0},{""year"":2025,""month"":11,""searchVolume"":10},{""year"":2025,""month"":10,""searchVolume"":20},{""year"":2025,""month"":9,""searchVolume"":10},{""year"":2025,""month"":8,""searchVolume"":10}]"
žádanka online,ideas,true,život uprostřed online,10,,,0,informational,"[{""year"":2026,""month"":7,""searchVolume"":10},{""year"":2026,""month"":6,""searchVolume"":10},{""year"":2026,""month"":5,""searchVolume"":10},{""year"":2026,""month"":4,""searchVolume"":10},{""year"":2026,""month"":3,""searchVolume"":10},{""year"":2026,""month"":2,""searchVolume"":10},{""year"":2026,""month"":1,""searchVolume"":10},{""year"":2025,""month"":12,""searchVolume"":0},{""year"":2025,""month"":11,""searchVolume"":10},{""year"":2025,""month"":10,""searchVolume"":10},{""year"":2025,""month"":9,""searchVolume"":10},{""year"":2025,""month"":8,""searchVolume"":10}]"
žádanka online,ideas,true,erben kytice online,10,38,,0,transactional,"[{""year"":2026,""month"":7,""searchVolume"":10},{""year"":2026,""month"":6,""searchVolume"":10},{""year"":2026,""month"":5,""searchVolume"":10},{""year"":2026,""month"":4,""searchVolume"":10},{""year"":2026,""month"":3,""searchVolume"":10},{""year"":2026,""month"":2,""searchVolume"":10},{""year"":2026,""month"":1,""searchVolume"":10},{""year"":2025,""month"":12,""searchVolume"":10},{""year"":2025,""month"":11,""searchVolume"":10},{""year"":2025,""month"":10,""searchVolume"":10},{""year"":2025,""month"":9,""searchVolume"":10},{""year"":2025,""month"":8,""searchVolume"":10}]"
žádanka online,ideas,true,online podpora seznam,10,,,0,informational,"[{""year"":2026,""month"":7,""searchVolume"":10},{""year"":2026,""month"":6,""searchVolume"":10},{""year"":2026,""month"":5,""searchVolume"":10},{""year"":2026,""month"":4,""searchVolume"":10},{""year"":2026,""month"":3,""searchVolume"":10},{""year"":2026,""month"":2,""searchVolume"":10},{""year"":2026,""month"":1,""searchVolume"":10},{""year"":2025,""month"":12,""searchVolume"":10},{""year"":2025,""month"":11,""searchVolume"":10},{""year"":2025,""month"":10,""searchVolume"":0},{""year"":2025,""month"":9,""searchVolume"":0},{""year"":2025,""month"":8,""searchVolume"":10}]"
žádanka online,ideas,true,mlha 2007 online,10,,,0,informational,"[{""year"":2026,""month"":7,""searchVolume"":10},{""year"":2026,""month"":6,""searchVolume"":10},{""year"":2026,""month"":5,""searchVolume"":10},{""year"":2026,""month"":4,""searchVolume"":10},{""year"":2026,""month"":3,""searchVolume"":10},{""year"":2026,""month"":2,""searchVolume"":0},{""year"":2026,""month"":1,""searchVolume"":10},{""year"":2025,""month"":12,""searchVolume"":10},{""year"":2025,""month"":11,""searchVolume"":10},{""year"":2025,""month"":10,""searchVolume"":0},{""year"":2025,""month"":9,""searchVolume"":10},{""year"":2025,""month"":8,""searchVolume"":10}]"
žádanka online,ideas,true,sobibor online cz,10,,,0,navigational,"[{""year"":2026,""month"":7,""searchVolume"":10},{""year"":2026,""month"":6,""searchVolume"":10},{""year"":2026,""month"":5,""searchVolume"":10},{""year"":2026,""month"":4,""searchVolume"":10},{""year"":2026,""month"":3,""searchVolume"":10},{""year"":2026,""month"":2,""searchVolume"":10},{""year"":2026,""month"":1,""searchVolume"":0},{""year"":2025,""month"":12,""searchVolume"":10},{""year"":2025,""month"":11,""searchVolume"":10},{""year"":2025,""month"":10,""searchVolume"":10},{""year"":2025,""month"":9,""searchVolume"":10},{""year"":2025,""month"":8,""searchVolume"":20}]"
žádanka online,ideas,true,kantor ideál online,10,,,0.14,navigational,"[{""year"":2026,""month"":7,""searchVolume"":10},{""year"":2026,""month"":6,""searchVolume"":10},{""year"":2026,""month"":5,""searchVolume"":10},{""year"":2026,""month"":4,""searchVolume"":0},{""year"":2026,""month"":3,""searchVolume"":0},{""year"":2026,""month"":2,""searchVolume"":10},{""year"":2026,""month"":1,""searchVolume"":10},{""year"":2025,""month"":12,""searchVolume"":10},{""year"":2025,""month"":11,""searchVolume"":10},{""year"":2025,""month"":10,""searchVolume"":10},{""year"":2025,""month"":9,""searchVolume"":10},{""year"":2025,""month"":8,""searchVolume"":90}]"
žádanka online,ideas,true,persuasion online cz,10,,,,informational,"[{""year"":2026,""month"":7,""searchVolume"":0},{""year"":2026,""month"":6,""searchVolume"":10},{""year"":2026,""month"":5,""searchVolume"":0},{""year"":2026,""month"":4,""searchVolume"":10},{""year"":2026,""month"":3,""searchVolume"":10},{""year"":2026,""month"":2,""searchVolume"":0},{""year"":2026,""month"":1,""searchVolume"":0},{""year"":2025,""month"":12,""searchVolume"":10},{""year"":2025,""month"":11,""searchVolume"":10},{""year"":2025,""month"":10,""searchVolume"":10},{""year"":2025,""month"":9,""searchVolume"":10},{""year"":2025,""month"":8,""searchVolume"":10}]"
žádanka online,ideas,true,trojčlenka procenta online,10,,,,commercial,"[{""year"":2026,""month"":7,""searchVolume"":0},{""year"":2026,""month"":6,""searchVolume"":10},{""year"":2026,""month"":5,""searchVolume"":10},{""year"":2026,""month"":4,""searchVolume"":10},{""year"":2026,""month"":3,""searchVolume"":10},{""year"":2026,""month"":2,""searchVolume"":10},{""year"":2026,""month"":1,""searchVolume"":10},{""year"":2025,""month"":12,""searchVolume"":10},{""year"":2025,""month"":11,""searchVolume"":10},{""year"":2025,""month"":10,""searchVolume"":10},{""year"":2025,""month"":9,""searchVolume"":20},{""year"":2025,""month"":8,""searchVolume"":10}]"
žádanka online,ideas,true,speciální jednotka online,10,,,0,navigational,"[{""year"":2026,""month"":7,""searchVolume"":20},{""year"":2026,""month"":6,""searchVolume"":10},{""year"":2026,""month"":5,""searchVolume"":10},{""year"":2026,""month"":4,""searchVolume"":10},{""year"":2026,""month"":3,""searchVolume"":10},{""year"":2026,""month"":2,""searchVolume"":10},{""year"":2026,""month"":1,""searchVolume"":20},{""year"":2025,""month"":12,""searchVolume"":10},{""year"":2025,""month"":11,""searchVolume"":20},{""year"":2025,""month"":10,""searchVolume"":10},{""year"":2025,""month"":9,""searchVolume"":30},{""year"":2025,""month"":8,""searchVolume"":20}]"
žádanka online,ideas,true,kontakt online cz,10,,,0,navigational,"[{""year"":2026,""month"":7,""searchVolume"":10},{""year"":2026,""month"":6,""searchVolume"":10},{""year"":2026,""month"":5,""searchVolume"":10},{""year"":2026,""month"":4,""searchVolume"":10},{""year"":2026,""month"":3,""searchVolume"":20},{""year"":2026,""month"":2,""searchVolume"":10},{""year"":2026,""month"":1,""searchVolume"":10},{""year"":2025,""month"":12,""searchVolume"":10},{""year"":2025,""month"":11,""searchVolume"":10},{""year"":2025,""month"":10,""searchVolume"":20},{""year"":2025,""month"":9,""searchVolume"":10},{""year"":2025,""month"":8,""searchVolume"":30}]"
žádanka online,ideas,true,tvorba rodokmenu online,10,,1.2,0.36,informational,"[{""year"":2026,""month"":7,""searchVolume"":10},{""year"":2026,""month"":6,""searchVolume"":10},{""year"":2026,""month"":5,""searchVolume"":10},{""year"":2026,""month"":4,""searchVolume"":10},{""year"":2026,""month"":3,""searchVolume"":10},{""year"":2026,""month"":2,""searchVolume"":20},{""year"":2026,""month"":1,""searchVolume"":20},{""year"":2025,""month"":12,""searchVolume"":20},{""year"":2025,""month"":11,""searchVolume"":10},{""year"":2025,""month"":10,""searchVolume"":10},{""year"":2025,""month"":9,""searchVolume"":10},{""year"":2025,""month"":8,""searchVolume"":10}]"
žádanka online,ideas,true,přizdisráči online cz,10,,,0,navigational,"[{""year"":2026,""month"":7,""searchVolume"":10},{""year"":2026,""month"":6,""searchVolume"":10},{""year"":2026,""month"":5,""searchVolume"":0},{""year"":2026,""month"":4,""searchVolume"":10},{""year"":2026,""month"":3,""searchVolume"":10},{""year"":2026,""month"":2,""searchVolume"":10},{""year"":2026,""month"":1,""searchVolume"":10},{""year"":2025,""month"":12,""searchVolume"":10},{""year"":2025,""month"":11,""searchVolume"":10},{""year"":2025,""month"":10,""searchVolume"":10},{""year"":2025,""month"":9,""searchVolume"":10},{""year"":2025,""month"":8,""searchVolume"":10}]"
žádanka online,ideas,true,vítej doma online,10,42,,0.01,navigational,"[{""year"":2026,""month"":7,""searchVolume"":20},{""year"":2026,""month"":6,""searchVolume"":10},{""year"":2026,""month"":5,""searchVolume"":10},{""year"":2026,""month"":4,""searchVolume"":10},{""year"":2026,""month"":3,""searchVolume"":10},{""year"":2026,""month"":2,""searchVolume"":20},{""year"":2026,""month"":1,""searchVolume"":20},{""year"":2025,""month"":12,""searchVolume"":10},{""year"":2025,""month"":11,""searchVolume"":10},{""year"":2025,""month"":10,""searchVolume"":10},{""year"":2025,""month"":9,""searchVolume"":20},{""year"":2025,""month"":8,""searchVolume"":20}]"
žádanka online,ideas,true,online skrine recenze,10,,,,commercial,"[{""year"":2026,""month"":7,""searchVolume"":0},{""year"":2026,""month"":6,""searchVolume"":10},{""year"":2026,""month"":5,""searchVolume"":10},{""year"":2026,""month"":4,""searchVolume"":10},{""year"":2026,""month"":3,""searchVolume"":10},{""year"":2026,""month"":2,""searchVolume"":10},{""year"":2026,""month"":1,""searchVolume"":10},{""year"":2025,""month"":12,""searchVolume"":10},{""year"":2025,""month"":11,""searchVolume"":10},{""year"":2025,""month"":10,""searchVolume"":10},{""year"":2025,""month"":9,""searchVolume"":20},{""year"":2025,""month"":8,""searchVolume"":20}]"
žádanka online,ideas,true,díra 2 online,10,0,,0,informational,"[{""year"":2026,""month"":7,""searchVolume"":10},{""year"":2026,""month"":6,""searchVolume"":10},{""year"":2026,""month"":5,""searchVolume"":10},{""year"":2026,""month"":4,""searchVolume"":10},{""year"":2026,""month"":3,""searchVolume"":10},{""year"":2026,""month"":2,""searchVolume"":10},{""year"":2026,""month"":1,""searchVolume"":10},{""year"":2025,""month"":12,""searchVolume"":10},{""year"":2025,""month"":11,""searchVolume"":10},{""year"":2025,""month"":10,""searchVolume"":10},{""year"":2025,""month"":9,""searchVolume"":10},{""year"":2025,""month"":8,""searchVolume"":30}]"
žádanka online,ideas,true,odbavení online,320,0,0.73,0.11,informational,"[{""year"":2026,""month"":7,""searchVolume"":480},{""year"":2026,""month"":6,""searchVolume"":390},{""year"":2026,""month"":5,""searchVolume"":210},{""year"":2026,""month"":4,""searchVolume"":170},{""year"":2026,""month"":3,""searchVolume"":210},{""year"":2026,""month"":2,""searchVolume"":170},{""year"":2026,""month"":1,""searchVolume"":210},{""year"":2025,""month"":12,""searchVolume"":140},{""year"":2025,""month"":11,""searchVolume"":210},{""year"":2025,""month"":10,""searchVolume"":390},{""year"":2025,""month"":9,""searchVolume"":590},{""year"":2025,""month"":8,""searchVolume"":880}]"
žádanka online,ideas,true,online ocr czech,10,,,0.43,informational,"[{""year"":2026,""month"":7,""searchVolume"":10},{""year"":2026,""month"":6,""searchVolume"":10},{""year"":2026,""month"":5,""searchVolume"":10},{""year"":2026,""month"":4,""searchVolume"":10},{""year"":2026,""month"":3,""searchVolume"":0},{""year"":2026,""month"":2,""searchVolume"":10},{""year"":2026,""month"":1,""searchVolume"":10},{""year"":2025,""month"":12,""searchVolume"":10},{""year"":2025,""month"":11,""searchVolume"":10},{""year"":2025,""month"":10,""searchVolume"":10},{""year"":2025,""month"":9,""searchVolume"":10},{""year"":2025,""month"":8,""searchVolume"":10}]"
žádanka online,ideas,true,praha 1 online,10,,,0,navigational,"[{""year"":2026,""month"":7,""searchVolume"":20},{""year"":2026,""month"":6,""searchVolume"":20},{""year"":2026,""month"":5,""searchVolume"":10},{""year"":2026,""month"":4,""searchVolume"":20},{""year"":2026,""month"":3,""searchVolume"":30},{""year"":2026,""month"":2,""searchVolume"":10},{""year"":2026,""month"":1,""searchVolume"":20},{""year"":2025,""month"":12,""searchVolume"":0},{""year"":2025,""month"":11,""searchVolume"":0},{""year"":2025,""month"":10,""searchVolume"":0},{""year"":2025,""month"":9,""searchVolume"":0},{""year"":2025,""month"":8,""searchVolume"":0}]"
žádanka online,ideas,true,disclaimer online cz,10,,,,informational,"[{""year"":2026,""month"":7,""searchVolume"":0},{""year"":2026,""month"":6,""searchVolume"":10},{""year"":2026,""month"":5,""searchVolume"":10},{""year"":2026,""month"":4,""searchVolume"":10},{""year"":2026,""month"":3,""searchVolume"":10},{""year"":2026,""month"":2,""searchVolume"":10},{""year"":2026,""month"":1,""searchVolume"":0},{""year"":2025,""month"":12,""searchVolume"":10},{""year"":2025,""month"":11,""searchVolume"":10},{""year"":2025,""month"":10,""searchVolume"":10},{""year"":2025,""month"":9,""searchVolume"":10},{""year"":2025,""month"":8,""searchVolume"":10}]"
žádanka online,ideas,true,tvorba tajenky online,10,,,0,informational,"[{""year"":2026,""month"":7,""searchVolume"":10},{""year"":2026,""month"":6,""searchVolume"":10},{""year"":2026,""month"":5,""searchVolume"":10},{""year"":2026,""month"":4,""searchVolume"":10},{""year"":2026,""month"":3,""searchVolume"":10},{""year"":2026,""month"":2,""searchVolume"":10},{""year"":2026,""month"":1,""searchVolume"":10},{""year"":2025,""month"":12,""searchVolume"":10},{""year"":2025,""month"":11,""searchVolume"":10},{""year"":2025,""month"":10,""searchVolume"":20},{""year"":2025,""month"":9,""searchVolume"":20},{""year"":2025,""month"":8,""searchVolume"":10}]"
žádanka online,ideas,true,tanked online cz,10,43,,0,navigational,"[{""year"":2026,""month"":7,""searchVolume"":10},{""year"":2026,""month"":6,""searchVolume"":10},{""year"":2026,""month"":5,""searchVolume"":10},{""year"":2026,""month"":4,""searchVolume"":10},{""year"":2026,""month"":3,""searchVolume"":10},{""year"":2026,""month"":2,""searchVolume"":10},{""year"":2026,""month"":1,""searchVolume"":10},{""year"":2025,""month"":12,""searchVolume"":10},{""year"":2025,""month"":11,""searchVolume"":10},{""year"":2025,""month"":10,""searchVolume"":10},{""year"":2025,""month"":9,""searchVolume"":20},{""year"":2025,""month"":8,""searchVolume"":10}]"
žádanka online,ideas,true,v temnotách online,10,,,0,navigational,"[{""year"":2026,""month"":7,""searchVolume"":10},{""year"":2026,""month"":6,""searchVolume"":10},{""year"":2026,""month"":5,""searchVolume"":10},{""year"":2026,""month"":4,""searchVolume"":10},{""year"":2026,""month"":3,""searchVolume"":40},{""year"":2026,""month"":2,""searchVolume"":10},{""year"":2026,""month"":1,""searchVolume"":10},{""year"":2025,""month"":12,""searchVolume"":10},{""year"":2025,""month"":11,""searchVolume"":10},{""year"":2025,""month"":10,""searchVolume"":20},{""year"":2025,""month"":9,""searchVolume"":10},{""year"":2025,""month"":8,""searchVolume"":10}]"
žádanka online,ideas,true,online generátor citací,10,3,,,informational,"[{""year"":2026,""month"":7,""searchVolume"":0},{""year"":2026,""month"":6,""searchVolume"":10},{""year"":2026,""month"":5,""searchVolume"":10},{""year"":2026,""month"":4,""searchVolume"":20},{""year"":2026,""month"":3,""searchVolume"":20},{""year"":2026,""month"":2,""searchVolume"":10},{""year"":2026,""month"":1,""searchVolume"":10},{""year"":2025,""month"":12,""searchVolume"":20},{""year"":2025,""month"":11,""searchVolume"":30},{""year"":2025,""month"":10,""searchVolume"":10},{""year"":2025,""month"":9,""searchVolume"":10},{""year"":2025,""month"":8,""searchVolume"":10}]"
žádanka online,ideas,true,citace obrázku online,10,,,,informational,"[{""year"":2026,""month"":7,""searchVolume"":0},{""year"":2026,""month"":6,""searchVolume"":10},{""year"":2026,""month"":5,""searchVolume"":10},{""year"":2026,""month"":4,""searchVolume"":10},{""year"":2026,""month"":3,""searchVolume"":10},{""year"":2026,""month"":2,""searchVolume"":10},{""year"":2026,""month"":1,""searchVolume"":10},{""year"":2025,""month"":12,""searchVolume"":10},{""year"":2025,""month"":11,""searchVolume"":10},{""year"":2025,""month"":10,""searchVolume"":10},{""year"":2025,""month"":9,""searchVolume"":10},{""year"":2025,""month"":8,""searchVolume"":10}]"
žádanka online,ideas,true,svobodné slovo online,10,,,0,navigational,"[{""year"":2026,""month"":7,""searchVolume"":10},{""year"":2026,""month"":6,""searchVolume"":10},{""year"":2026,""month"":5,""searchVolume"":0},{""year"":2026,""month"":4,""searchVolume"":20},{""year"":2026,""month"":3,""searchVolume"":20},{""year"":2026,""month"":2,""searchVolume"":20},{""year"":2026,""month"":1,""searchVolume"":20},{""year"":2025,""month"":12,""searchVolume"":10},{""year"":2025,""month"":11,""searchVolume"":10},{""year"":2025,""month"":10,""searchVolume"":10},{""year"":2025,""month"":9,""searchVolume"":10},{""year"":2025,""month"":8,""searchVolume"":10}]"
žádanka online,ideas,true,mlada fronta dnes online,50,42,0.01,0.17,navigational,"[{""year"":2026,""month"":7,""searchVolume"":70},{""year"":2026,""month"":6,""searchVolume"":70},{""year"":2026,""month"":5,""searchVolume"":70},{""year"":2026,""month"":4,""searchVolume"":30},{""year"":2026,""month"":3,""searchVolume"":40},{""year"":2026,""month"":2,""searchVolume"":50},{""year"":2026,""month"":1,""searchVolume"":40},{""year"":2025,""month"":12,""searchVolume"":40},{""year"":2025,""month"":11,""searchVolume"":30},{""year"":2025,""month"":10,""searchVolume"":70},{""year"":2025,""month"":9,""searchVolume"":40},{""year"":2025,""month"":8,""searchVolume"":70}]"
žádanka online,ideas,true,portrét dámy online,10,,,,informational,"[{""year"":2026,""month"":7,""searchVolume"":0},{""year"":2026,""month"":6,""searchVolume"":10},{""year"":2026,""month"":5,""searchVolume"":10},{""year"":2026,""month"":4,""searchVolume"":10},{""year"":2026,""month"":3,""searchVolume"":10},{""year"":2026,""month"":2,""searchVolume"":10},{""year"":2026,""month"":1,""searchVolume"":0},{""year"":2025,""month"":12,""searchVolume"":10},{""year"":2025,""month"":11,""searchVolume"":10},{""year"":2025,""month"":10,""searchVolume"":10},{""year"":2025,""month"":9,""searchVolume"":0},{""year"":2025,""month"":8,""searchVolume"":10}]"
žádanka online,ideas,true,starý páky online,10,,,0.03,informational,"[{""year"":2026,""month"":7,""searchVolume"":30},{""year"":2026,""month"":6,""searchVolume"":10},{""year"":2026,""month"":5,""searchVolume"":10},{""year"":2026,""month"":4,""searchVolume"":10},{""year"":2026,""month"":3,""searchVolume"":10},{""year"":2026,""month"":2,""searchVolume"":10},{""year"":2026,""month"":1,""searchVolume"":10},{""year"":2025,""month"":12,""searchVolume"":10},{""year"":2025,""month"":11,""searchVolume"":10},{""year"":2025,""month"":10,""searchVolume"":10},{""year"":2025,""month"":9,""searchVolume"":10},{""year"":2025,""month"":8,""searchVolume"":10}]"
žádanka online,ideas,true,tvorba komiksu online,10,,,0,informational,"[{""year"":2026,""month"":7,""searchVolume"":10},{""year"":2026,""month"":6,""searchVolume"":10},{""year"":2026,""month"":5,""searchVolume"":10},{""year"":2026,""month"":4,""searchVolume"":20},{""year"":2026,""month"":3,""searchVolume"":10},{""year"":2026,""month"":2,""searchVolume"":10},{""year"":2026,""month"":1,""searchVolume"":20},{""year"":2025,""month"":12,""searchVolume"":10},{""year"":2025,""month"":11,""searchVolume"":10},{""year"":2025,""month"":10,""searchVolume"":10},{""year"":2025,""month"":9,""searchVolume"":10},{""year"":2025,""month"":8,""searchVolume"":10}]"
žádanka online,ideas,true,lidice 2011 online,10,,,0.02,informational,"[{""year"":2026,""month"":7,""searchVolume"":10},{""year"":2026,""month"":6,""searchVolume"":10},{""year"":2026,""month"":5,""searchVolume"":10},{""year"":2026,""month"":4,""searchVolume"":10},{""year"":2026,""month"":3,""searchVolume"":10},{""year"":2026,""month"":2,""searchVolume"":10},{""year"":2026,""month"":1,""searchVolume"":10},{""year"":2025,""month"":12,""searchVolume"":10},{""year"":2025,""month"":11,""searchVolume"":10},{""year"":2025,""month"":10,""searchVolume"":0},{""year"":2025,""month"":9,""searchVolume"":10},{""year"":2025,""month"":8,""searchVolume"":10}]"
žádanka online,ideas,true,sčítání lidu online,10,52,3.57,0.23,informational,"[{""year"":2026,""month"":7,""searchVolume"":10},{""year"":2026,""month"":6,""searchVolume"":10},{""year"":2026,""month"":5,""searchVolume"":10},{""year"":2026,""month"":4,""searchVolume"":10},{""year"":2026,""month"":3,""searchVolume"":10},{""year"":2026,""month"":2,""searchVolume"":20},{""year"":2026,""month"":1,""searchVolume"":20},{""year"":2025,""month"":12,""searchVolume"":10},{""year"":2025,""month"":11,""searchVolume"":10},{""year"":2025,""month"":10,""searchVolume"":10},{""year"":2025,""month"":9,""searchVolume"":10},{""year"":2025,""month"":8,""searchVolume"":10}]"
žádanka online,ideas,true,velký draft online,10,,,0,informational,"[{""year"":2026,""month"":7,""searchVolume"":10},{""year"":2026,""month"":6,""searchVolume"":10},{""year"":2026,""month"":5,""searchVolume"":0},{""year"":2026,""month"":4,""searchVolume"":10},{""year"":2026,""month"":3,""searchVolume"":10},{""year"":2026,""month"":2,""searchVolume"":10},{""year"":2026,""month"":1,""searchVolume"":20},{""year"":2025,""month"":12,""searchVolume"":10},{""year"":2025,""month"":11,""searchVolume"":10},{""year"":2025,""month"":10,""searchVolume"":10},{""year"":2025,""month"":9,""searchVolume"":10},{""year"":2025,""month"":8,""searchVolume"":10}]"
žádanka online,ideas,true,nejčtenější online média,10,,,0,informational,"[{""year"":2026,""month"":7,""searchVolume"":10},{""year"":2026,""month"":6,""searchVolume"":10},{""year"":2026,""month"":5,""searchVolume"":10},{""year"":2026,""month"":4,""searchVolume"":10},{""year"":2026,""month"":3,""searchVolume"":10},{""year"":2026,""month"":2,""searchVolume"":10},{""year"":2026,""month"":1,""searchVolume"":10},{""year"":2025,""month"":12,""searchVolume"":10},{""year"":2025,""month"":11,""searchVolume"":10},{""year"":2025,""month"":10,""searchVolume"":10},{""year"":2025,""month"":9,""searchVolume"":10},{""year"":2025,""month"":8,""searchVolume"":10}]"
žádanka online,ideas,true,zakladatel cz online,10,,,0.04,navigational,"[{""year"":2026,""month"":7,""searchVolume"":10},{""year"":2026,""month"":6,""searchVolume"":10},{""year"":2026,""month"":5,""searchVolume"":10},{""year"":2026,""month"":4,""searchVolume"":10},{""year"":2026,""month"":3,""searchVolume"":10},{""year"":2026,""month"":2,""searchVolume"":10},{""year"":2026,""month"":1,""searchVolume"":10},{""year"":2025,""month"":12,""searchVolume"":10},{""year"":2025,""month"":11,""searchVolume"":10},{""year"":2025,""month"":10,""searchVolume"":10},{""year"":2025,""month"":9,""searchVolume"":10},{""year"":2025,""month"":8,""searchVolume"":10}]"
žádanka online,ideas,true,profesionáli sk online,10,,6.75,0.13,navigational,"[{""year"":2026,""month"":7,""searchVolume"":10},{""year"":2026,""month"":6,""searchVolume"":10},{""year"":2026,""month"":5,""searchVolume"":10},{""year"":2026,""month"":4,""searchVolume"":0},{""year"":2026,""month"":3,""searchVolume"":10},{""year"":2026,""month"":2,""searchVolume"":70},{""year"":2026,""month"":1,""searchVolume"":0},{""year"":2025,""month"":12,""searchVolume"":0},{""year"":2025,""month"":11,""searchVolume"":0},{""year"":2025,""month"":10,""searchVolume"":0},{""year"":2025,""month"":9,""searchVolume"":0},{""year"":2025,""month"":8,""searchVolume"":0}]"
žádanka online,ideas,true,jako ulití online,10,,,0,informational,"[{""year"":2026,""month"":7,""searchVolume"":10},{""year"":2026,""month"":6,""searchVolume"":20},{""year"":2026,""month"":5,""searchVolume"":10},{""year"":2026,""month"":4,""searchVolume"":10},{""year"":2026,""month"":3,""searchVolume"":10},{""year"":2026,""month"":2,""searchVolume"":10},{""year"":2026,""month"":1,""searchVolume"":10},{""year"":2025,""month"":12,""searchVolume"":10},{""year"":2025,""month"":11,""searchVolume"":10},{""year"":2025,""month"":10,""searchVolume"":0},{""year"":2025,""month"":9,""searchVolume"":20},{""year"":2025,""month"":8,""searchVolume"":30}]"
žádanka online,ideas,true,vlastníci 2019 online,10,,,0,navigational,"[{""year"":2026,""month"":7,""searchVolume"":10},{""year"":2026,""month"":6,""searchVolume"":0},{""year"":2026,""month"":5,""searchVolume"":10},{""year"":2026,""month"":4,""searchVolume"":10},{""year"":2026,""month"":3,""searchVolume"":0},{""year"":2026,""month"":2,""searchVolume"":10},{""year"":2026,""month"":1,""searchVolume"":10},{""year"":2025,""month"":12,""searchVolume"":10},{""year"":2025,""month"":11,""searchVolume"":10},{""year"":2025,""month"":10,""searchVolume"":10},{""year"":2025,""month"":9,""searchVolume"":10},{""year"":2025,""month"":8,""searchVolume"":10}]"
žádanka online,ideas,true,oko 2008 online,10,,,0,informational,"[{""year"":2026,""month"":7,""searchVolume"":10},{""year"":2026,""month"":6,""searchVolume"":10},{""year"":2026,""month"":5,""searchVolume"":10},{""year"":2026,""month"":4,""searchVolume"":10},{""year"":2026,""month"":3,""searchVolume"":10},{""year"":2026,""month"":2,""searchVolume"":10},{""year"":2026,""month"":1,""searchVolume"":10},{""year"":2025,""month"":12,""searchVolume"":10},{""year"":2025,""month"":11,""searchVolume"":10},{""year"":2025,""month"":10,""searchVolume"":10},{""year"":2025,""month"":9,""searchVolume"":10},{""year"":2025,""month"":8,""searchVolume"":10}]"
žádanka online,ideas,true,odborný časopis online,10,,,0,navigational,"[{""year"":2026,""month"":7,""searchVolume"":10},{""year"":2026,""month"":6,""searchVolume"":10},{""year"":2026,""month"":5,""searchVolume"":10},{""year"":2026,""month"":4,""searchVolume"":10},{""year"":2026,""month"":3,""searchVolume"":10},{""year"":2026,""month"":2,""searchVolume"":10},{""year"":2026,""month"":1,""searchVolume"":10},{""year"":2025,""month"":12,""searchVolume"":20},{""year"":2025,""month"":11,""searchVolume"":20},{""year"":2025,""month"":10,""searchVolume"":20},{""year"":2025,""month"":9,""searchVolume"":20},{""year"":2025,""month"":8,""searchVolume"":10}]"
žádanka online,ideas,true,mezi coolky online,10,,,0.07,informational,"[{""year"":2026,""month"":7,""searchVolume"":10},{""year"":2026,""month"":6,""searchVolume"":0},{""year"":2026,""month"":5,""searchVolume"":0},{""year"":2026,""month"":4,""searchVolume"":10},{""year"":2026,""month"":3,""searchVolume"":10},{""year"":2026,""month"":2,""searchVolume"":0},{""year"":2026,""month"":1,""searchVolume"":0},{""year"":2025,""month"":12,""searchVolume"":0},{""year"":2025,""month"":11,""searchVolume"":10},{""year"":2025,""month"":10,""searchVolume"":0},{""year"":2025,""month"":9,""searchVolume"":10},{""year"":2025,""month"":8,""searchVolume"":10}]"
žádanka online,ideas,true,trojčlenka online procenta,10,,,0,commercial,"[{""year"":2026,""month"":7,""searchVolume"":10},{""year"":2026,""month"":6,""searchVolume"":10},{""year"":2026,""month"":5,""searchVolume"":10},{""year"":2026,""month"":4,""searchVolume"":10},{""year"":2026,""month"":3,""searchVolume"":10},{""year"":2026,""month"":2,""searchVolume"":10},{""year"":2026,""month"":1,""searchVolume"":10},{""year"":2025,""month"":12,""searchVolume"":10},{""year"":2025,""month"":11,""searchVolume"":20},{""year"":2025,""month"":10,""searchVolume"":10},{""year"":2025,""month"":9,""searchVolume"":10},{""year"":2025,""month"":8,""searchVolume"":10}]"
žádanka online,ideas,true,očista online cz,10,39,,0,informational,"[{""year"":2026,""month"":7,""searchVolume"":10},{""year"":2026,""month"":6,""searchVolume"":10},{""year"":2026,""month"":5,""searchVolume"":10},{""year"":2026,""month"":4,""searchVolume"":10},{""year"":2026,""month"":3,""searchVolume"":10},{""year"":2026,""month"":2,""searchVolume"":10},{""year"":2026,""month"":1,""searchVolume"":10},{""year"":2025,""month"":12,""searchVolume"":10},{""year"":2025,""month"":11,""searchVolume"":10},{""year"":2025,""month"":10,""searchVolume"":20},{""year"":2025,""month"":9,""searchVolume"":10},{""year"":2025,""month"":8,""searchVolume"":10}]"
žádanka online,ideas,true,mikro makro online,10,,,0.57,navigational,"[{""year"":2026,""month"":7,""searchVolume"":10},{""year"":2026,""month"":6,""searchVolume"":10},{""year"":2026,""month"":5,""searchVolume"":10},{""year"":2026,""month"":4,""searchVolume"":10},{""year"":2026,""month"":3,""searchVolume"":10},{""year"":2026,""month"":2,""searchVolume"":10},{""year"":2026,""month"":1,""searchVolume"":10},{""year"":2025,""month"":12,""searchVolume"":10},{""year"":2025,""month"":11,""searchVolume"":10},{""year"":2025,""month"":10,""searchVolume"":10},{""year"":2025,""month"":9,""searchVolume"":10},{""year"":2025,""month"":8,""searchVolume"":10}]"
žádanka online,ideas,true,časopis computer online,10,,,0,informational,"[{""year"":2026,""month"":7,""searchVolume"":10},{""year"":2026,""month"":6,""searchVolume"":0},{""year"":2026,""month"":5,""searchVolume"":10},{""year"":2026,""month"":4,""searchVolume"":0},{""year"":2026,""month"":3,""searchVolume"":10},{""year"":2026,""month"":2,""searchVolume"":10},{""year"":2026,""month"":1,""searchVolume"":10},{""year"":2025,""month"":12,""searchVolume"":10},{""year"":2025,""month"":11,""searchVolume"":10},{""year"":2025,""month"":10,""searchVolume"":10},{""year"":2025,""month"":9,""searchVolume"":10},{""year"":2025,""month"":8,""searchVolume"":10}]"
žádanka online,ideas,true,služebník lidu online,10,16,,,navigational,"[{""year"":2026,""month"":7,""searchVolume"":0},{""year"":2026,""month"":6,""searchVolume"":10},{""year"":2026,""month"":5,""searchVolume"":0},{""year"":2026,""month"":4,""searchVolume"":0},{""year"":2026,""month"":3,""searchVolume"":10},{""year"":2026,""month"":2,""searchVolume"":0},{""year"":2026,""month"":1,""searchVolume"":0},{""year"":2025,""month"":12,""searchVolume"":0},{""year"":2025,""month"":11,""searchVolume"":10},{""year"":2025,""month"":10,""searchVolume"":10},{""year"":2025,""month"":9,""searchVolume"":0},{""year"":2025,""month"":8,""searchVolume"":0}]"
žádanka online,ideas,true,negativ obrázku online,10,,,,informational,"[{""year"":2026,""month"":7,""searchVolume"":0},{""year"":2026,""month"":6,""searchVolume"":10},{""year"":2026,""month"":5,""searchVolume"":0},{""year"":2026,""month"":4,""searchVolume"":10},{""year"":2026,""month"":3,""searchVolume"":10},{""year"":2026,""month"":2,""searchVolume"":10},{""year"":2026,""month"":1,""searchVolume"":10},{""year"":2025,""month"":12,""searchVolume"":10},{""year"":2025,""month"":11,""searchVolume"":10},{""year"":2025,""month"":10,""searchVolume"":10},{""year"":2025,""month"":9,""searchVolume"":10},{""year"":2025,""month"":8,""searchVolume"":10}]"
žádanka online,ideas,true,čtenost online médií,10,,,0,informational,"[{""year"":2026,""month"":7,""searchVolume"":10},{""year"":2026,""month"":6,""searchVolume"":10},{""year"":2026,""month"":5,""searchVolume"":10},{""year"":2026,""month"":4,""searchVolume"":10},{""year"":2026,""month"":3,""searchVolume"":10},{""year"":2026,""month"":2,""searchVolume"":10},{""year"":2026,""month"":1,""searchVolume"":10},{""year"":2025,""month"":12,""searchVolume"":10},{""year"":2025,""month"":11,""searchVolume"":10},{""year"":2025,""month"":10,""searchVolume"":20},{""year"":2025,""month"":9,""searchVolume"":10},{""year"":2025,""month"":8,""searchVolume"":10}]"
žádanka online,ideas,true,rodokmen online tvorba,10,,,0.21,informational,"[{""year"":2026,""month"":7,""searchVolume"":10},{""year"":2026,""month"":6,""searchVolume"":0},{""year"":2026,""month"":5,""searchVolume"":10},{""year"":2026,""month"":4,""searchVolume"":0},{""year"":2026,""month"":3,""searchVolume"":10},{""year"":2026,""month"":2,""searchVolume"":10},{""year"":2026,""month"":1,""searchVolume"":10},{""year"":2025,""month"":12,""searchVolume"":10},{""year"":2025,""month"":11,""searchVolume"":10},{""year"":2025,""month"":10,""searchVolume"":20},{""year"":2025,""month"":9,""searchVolume"":10},{""year"":2025,""month"":8,""searchVolume"":10}]"
žádanka online,ideas,true,vytvoření petice online,10,,0.2,0.25,transactional,"[{""year"":2026,""month"":7,""searchVolume"":10},{""year"":2026,""month"":6,""searchVolume"":10},{""year"":2026,""month"":5,""searchVolume"":10},{""year"":2026,""month"":4,""searchVolume"":10},{""year"":2026,""month"":3,""searchVolume"":20},{""year"":2026,""month"":2,""searchVolume"":10},{""year"":2026,""month"":1,""searchVolume"":10},{""year"":2025,""month"":12,""searchVolume"":10},{""year"":2025,""month"":11,""searchVolume"":10},{""year"":2025,""month"":10,""searchVolume"":10},{""year"":2025,""month"":9,""searchVolume"":20},{""year"":2025,""month"":8,""searchVolume"":10}]"
žádanka online,ideas,true,rozhodčí řízení online,,,,,informational,"[{""year"":2026,""month"":5,""searchVolume"":0},{""year"":2026,""month"":4,""searchVolume"":0},{""year"":2026,""month"":3,""searchVolume"":0},{""year"":2026,""month"":2,""searchVolume"":0},{""year"":2026,""month"":1,""searchVolume"":0},{""year"":2025,""month"":12,""searchVolume"":0},{""year"":2025,""month"":11,""searchVolume"":0},{""year"":2025,""month"":10,""searchVolume"":0},{""year"":2025,""month"":9,""searchVolume"":0},{""year"":2025,""month"":8,""searchVolume"":0},{""year"":2025,""month"":7,""searchVolume"":0},{""year"":2025,""month"":6,""searchVolume"":0}]"
žádanka online,ideas,true,online cviceni mnohocleny,,,,,informational,"[{""year"":2026,""month"":5,""searchVolume"":0},{""year"":2026,""month"":4,""searchVolume"":0},{""year"":2026,""month"":3,""searchVolume"":0},{""year"":2026,""month"":2,""searchVolume"":0},{""year"":2026,""month"":1,""searchVolume"":0},{""year"":2025,""month"":12,""searchVolume"":0},{""year"":2025,""month"":11,""searchVolume"":0},{""year"":2025,""month"":10,""searchVolume"":0},{""year"":2025,""month"":9,""searchVolume"":0},{""year"":2025,""month"":8,""searchVolume"":0},{""year"":2025,""month"":7,""searchVolume"":0},{""year"":2025,""month"":6,""searchVolume"":0}]"
žádanka online,ideas,true,online tvorba letáků,,,,,commercial,"[{""year"":2026,""month"":5,""searchVolume"":0},{""year"":2026,""month"":4,""searchVolume"":0},{""year"":2026,""month"":3,""searchVolume"":0},{""year"":2026,""month"":2,""searchVolume"":0},{""year"":2026,""month"":1,""searchVolume"":0},{""year"":2025,""month"":12,""searchVolume"":0},{""year"":2025,""month"":11,""searchVolume"":0},{""year"":2025,""month"":10,""searchVolume"":0},{""year"":2025,""month"":9,""searchVolume"":0},{""year"":2025,""month"":8,""searchVolume"":0},{""year"":2025,""month"":7,""searchVolume"":0},{""year"":2025,""month"":6,""searchVolume"":0}]"
žádanka online,ideas,true,online rezervácia termínu na doklady,70,0,,0,transactional,"[{""year"":2026,""month"":7,""searchVolume"":110},{""year"":2026,""month"":6,""searchVolume"":70},{""year"":2026,""month"":5,""searchVolume"":90},{""year"":2026,""month"":4,""searchVolume"":90},{""year"":2026,""month"":3,""searchVolume"":90},{""year"":2026,""month"":2,""searchVolume"":70},{""year"":2026,""month"":1,""searchVolume"":50},{""year"":2025,""month"":12,""searchVolume"":40},{""year"":2025,""month"":11,""searchVolume"":40},{""year"":2025,""month"":10,""searchVolume"":50},{""year"":2025,""month"":9,""searchVolume"":70},{""year"":2025,""month"":8,""searchVolume"":50}]"
žádanka online,ideas,true,o nesytovi online,,,,,informational,"[{""year"":2026,""month"":5,""searchVolume"":0},{""year"":2026,""month"":4,""searchVolume"":0},{""year"":2026,""month"":3,""searchVolume"":0},{""year"":2026,""month"":2,""searchVolume"":0},{""year"":2026,""month"":1,""searchVolume"":0},{""year"":2025,""month"":12,""searchVolume"":0},{""year"":2025,""month"":11,""searchVolume"":0},{""year"":2025,""month"":10,""searchVolume"":0},{""year"":2025,""month"":9,""searchVolume"":0},{""year"":2025,""month"":8,""searchVolume"":0},{""year"":2025,""month"":7,""searchVolume"":0},{""year"":2025,""month"":6,""searchVolume"":0}]"
žádanka online,ideas,true,tisk online olomouc,,,,,navigational,"[{""year"":2026,""month"":5,""searchVolume"":0},{""year"":2026,""month"":4,""searchVolume"":0},{""year"":2026,""month"":3,""searchVolume"":0},{""year"":2026,""month"":2,""searchVolume"":0},{""year"":2026,""month"":1,""searchVolume"":0},{""year"":2025,""month"":12,""searchVolume"":0},{""year"":2025,""month"":11,""searchVolume"":0},{""year"":2025,""month"":10,""searchVolume"":0},{""year"":2025,""month"":9,""searchVolume"":0},{""year"":2025,""month"":8,""searchVolume"":0},{""year"":2025,""month"":7,""searchVolume"":0},{""year"":2025,""month"":6,""searchVolume"":0}]"
žádanka online,ideas,true,zaloz firmu online,,,,,navigational,"[{""year"":2026,""month"":5,""searchVolume"":0},{""year"":2026,""month"":4,""searchVolume"":0},{""year"":2026,""month"":3,""searchVolume"":0},{""year"":2026,""month"":2,""searchVolume"":0},{""year"":2026,""month"":1,""searchVolume"":0},{""year"":2025,""month"":12,""searchVolume"":0},{""year"":2025,""month"":11,""searchVolume"":0},{""year"":2025,""month"":10,""searchVolume"":0},{""year"":2025,""month"":9,""searchVolume"":0},{""year"":2025,""month"":8,""searchVolume"":0},{""year"":2025,""month"":7,""searchVolume"":0},{""year"":2025,""month"":6,""searchVolume"":0}]"
žádanka online,ideas,true,tátové na tahu online,40,0,0.39,0.01,informational,"[{""year"":2026,""month"":7,""searchVolume"":70},{""year"":2026,""month"":6,""searchVolume"":40},{""year"":2026,""month"":5,""searchVolume"":30},{""year"":2026,""month"":4,""searchVolume"":40},{""year"":2026,""month"":3,""searchVolume"":50},{""year"":2026,""month"":2,""searchVolume"":50},{""year"":2026,""month"":1,""searchVolume"":50},{""year"":2025,""month"":12,""searchVolume"":50},{""year"":2025,""month"":11,""searchVolume"":30},{""year"":2025,""month"":10,""searchVolume"":30},{""year"":2025,""month"":9,""searchVolume"":10},{""year"":2025,""month"":8,""searchVolume"":30}]"
žádanka online,ideas,true,kroužková vazba online,,,,,informational,"[{""year"":2026,""month"":5,""searchVolume"":0},{""year"":2026,""month"":4,""searchVolume"":0},{""year"":2026,""month"":3,""searchVolume"":0},{""year"":2026,""month"":2,""searchVolume"":0},{""year"":2026,""month"":1,""searchVolume"":0},{""year"":2025,""month"":12,""searchVolume"":0},{""year"":2025,""month"":11,""searchVolume"":0},{""year"":2025,""month"":10,""searchVolume"":0},{""year"":2025,""month"":9,""searchVolume"":0},{""year"":2025,""month"":8,""searchVolume"":0},{""year"":2025,""month"":7,""searchVolume"":0},{""year"":2025,""month"":6,""searchVolume"":0}]"
žádanka online,ideas,true,poloha slunce online,,,,,navigational,"[{""year"":2026,""month"":5,""searchVolume"":0},{""year"":2026,""month"":4,""searchVolume"":0},{""year"":2026,""month"":3,""searchVolume"":0},{""year"":2026,""month"":2,""searchVolume"":0},{""year"":2026,""month"":1,""searchVolume"":0},{""year"":2025,""month"":12,""searchVolume"":0},{""year"":2025,""month"":11,""searchVolume"":0},{""year"":2025,""month"":10,""searchVolume"":0},{""year"":2025,""month"":9,""searchVolume"":0},{""year"":2025,""month"":8,""searchVolume"":0},{""year"":2025,""month"":7,""searchVolume"":0},{""year"":2025,""month"":6,""searchVolume"":0}]"
žádanka online,ideas,true,časopis chip online,,,,,informational,"[{""year"":2026,""month"":5,""searchVolume"":0},{""year"":2026,""month"":4,""searchVolume"":0},{""year"":2026,""month"":3,""searchVolume"":0},{""year"":2026,""month"":2,""searchVolume"":0},{""year"":2026,""month"":1,""searchVolume"":0},{""year"":2025,""month"":12,""searchVolume"":0},{""year"":2025,""month"":11,""searchVolume"":0},{""year"":2025,""month"":10,""searchVolume"":0},{""year"":2025,""month"":9,""searchVolume"":0},{""year"":2025,""month"":8,""searchVolume"":0},{""year"":2025,""month"":7,""searchVolume"":0},{""year"":2025,""month"":6,""searchVolume"":0}]"
žádanka online,ideas,true,lajka 2017 online,,,,,informational,"[{""year"":2026,""month"":5,""searchVolume"":0},{""year"":2026,""month"":4,""searchVolume"":0},{""year"":2026,""month"":3,""searchVolume"":0},{""year"":2026,""month"":2,""searchVolume"":0},{""year"":2026,""month"":1,""searchVolume"":0},{""year"":2025,""month"":12,""searchVolume"":0},{""year"":2025,""month"":11,""searchVolume"":0},{""year"":2025,""month"":10,""searchVolume"":0},{""year"":2025,""month"":9,""searchVolume"":0},{""year"":2025,""month"":8,""searchVolume"":0},{""year"":2025,""month"":7,""searchVolume"":0},{""year"":2025,""month"":6,""searchVolume"":0}]"
žádanka online,ideas,true,evidence obyvatel online,,,,,navigational,"[{""year"":2026,""month"":5,""searchVolume"":0},{""year"":2026,""month"":4,""searchVolume"":0},{""year"":2026,""month"":3,""searchVolume"":0},{""year"":2026,""month"":2,""searchVolume"":0},{""year"":2026,""month"":1,""searchVolume"":0},{""year"":2025,""month"":12,""searchVolume"":0},{""year"":2025,""month"":11,""searchVolume"":0},{""year"":2025,""month"":10,""searchVolume"":0},{""year"":2025,""month"":9,""searchVolume"":0},{""year"":2025,""month"":8,""searchVolume"":0},{""year"":2025,""month"":7,""searchVolume"":0},{""year"":2025,""month"":6,""searchVolume"":0}]"
žádanka online,ideas,true,seznam agentů stb online,390,7,,0,navigational,"[{""year"":2026,""month"":7,""searchVolume"":480},{""year"":2026,""month"":6,""searchVolume"":390},{""year"":2026,""month"":5,""searchVolume"":390},{""year"":2026,""month"":4,""searchVolume"":480},{""year"":2026,""month"":3,""searchVolume"":590},{""year"":2026,""month"":2,""searchVolume"":880},{""year"":2026,""month"":1,""searchVolume"":210},{""year"":2025,""month"":12,""searchVolume"":90},{""year"":2025,""month"":11,""searchVolume"":140},{""year"":2025,""month"":10,""searchVolume"":170},{""year"":2025,""month"":9,""searchVolume"":390},{""year"":2025,""month"":8,""searchVolume"":390}]"
žádanka online,ideas,true,hrozba společnosti online cz,40,,,0,navigational,"[{""year"":2026,""month"":7,""searchVolume"":30},{""year"":2026,""month"":6,""searchVolume"":30},{""year"":2026,""month"":5,""searchVolume"":50},{""year"":2026,""month"":4,""searchVolume"":30},{""year"":2026,""month"":3,""searchVolume"":70},{""year"":2026,""month"":2,""searchVolume"":30},{""year"":2026,""month"":1,""searchVolume"":30},{""year"":2025,""month"":12,""searchVolume"":50},{""year"":2025,""month"":11,""searchVolume"":30},{""year"":2025,""month"":10,""searchVolume"":20},{""year"":2025,""month"":9,""searchVolume"":10},{""year"":2025,""month"":8,""searchVolume"":50}]"
žádanka online,ideas,true,roboti pohadka online,,,,,informational,"[{""year"":2026,""month"":5,""searchVolume"":0},{""year"":2026,""month"":4,""searchVolume"":0},{""year"":2026,""month"":3,""searchVolume"":0},{""year"":2026,""month"":2,""searchVolume"":0},{""year"":2026,""month"":1,""searchVolume"":0},{""year"":2025,""month"":12,""searchVolume"":0},{""year"":2025,""month"":11,""searchVolume"":0},{""year"":2025,""month"":10,""searchVolume"":0},{""year"":2025,""month"":9,""searchVolume"":0},{""year"":2025,""month"":8,""searchVolume"":0},{""year"":2025,""month"":7,""searchVolume"":0},{""year"":2025,""month"":6,""searchVolume"":0}]"
žádanka online,ideas,true,vytvoření letáků online,,,,,commercial,"[{""year"":2026,""month"":5,""searchVolume"":0},{""year"":2026,""month"":4,""searchVolume"":0},{""year"":2026,""month"":3,""searchVolume"":0},{""year"":2026,""month"":2,""searchVolume"":0},{""year"":2026,""month"":1,""searchVolume"":0},{""year"":2025,""month"":12,""searchVolume"":0},{""year"":2025,""month"":11,""searchVolume"":0},{""year"":2025,""month"":10,""searchVolume"":0},{""year"":2025,""month"":9,""searchVolume"":0},{""year"":2025,""month"":8,""searchVolume"":0},{""year"":2025,""month"":7,""searchVolume"":0},{""year"":2025,""month"":6,""searchVolume"":0}]"
žádanka online,ideas,true,uzemni plan online,,,,,commercial,"[{""year"":2026,""month"":5,""searchVolume"":0},{""year"":2026,""month"":4,""searchVolume"":0},{""year"":2026,""month"":3,""searchVolume"":0},{""year"":2026,""month"":2,""searchVolume"":0},{""year"":2026,""month"":1,""searchVolume"":0},{""year"":2025,""month"":12,""searchVolume"":0},{""year"":2025,""month"":11,""searchVolume"":0},{""year"":2025,""month"":10,""searchVolume"":0},{""year"":2025,""month"":9,""searchVolume"":0},{""year"":2025,""month"":8,""searchVolume"":0},{""year"":2025,""month"":7,""searchVolume"":0},{""year"":2025,""month"":6,""searchVolume"":0}]"
žádanka online,ideas,true,alza reklamace online,20,,,0.02,informational,"[{""year"":2026,""month"":7,""searchVolume"":10},{""year"":2026,""month"":6,""searchVolume"":20},{""year"":2026,""month"":5,""searchVolume"":10},{""year"":2026,""month"":4,""searchVolume"":10},{""year"":2026,""month"":3,""searchVolume"":20},{""year"":2026,""month"":2,""searchVolume"":30},{""year"":2026,""month"":1,""searchVolume"":20},{""year"":2025,""month"":12,""searchVolume"":20},{""year"":2025,""month"":11,""searchVolume"":30},{""year"":2025,""month"":10,""searchVolume"":20},{""year"":2025,""month"":9,""searchVolume"":20},{""year"":2025,""month"":8,""searchVolume"":20}]"
žádanka online,ideas,true,má to cenu online,40,,,0,informational,"[{""year"":2026,""month"":7,""searchVolume"":10},{""year"":2026,""month"":6,""searchVolume"":20},{""year"":2026,""month"":5,""searchVolume"":20},{""year"":2026,""month"":4,""searchVolume"":30},{""year"":2026,""month"":3,""searchVolume"":50},{""year"":2026,""month"":2,""searchVolume"":50},{""year"":2026,""month"":1,""searchVolume"":70},{""year"":2025,""month"":12,""searchVolume"":70},{""year"":2025,""month"":11,""searchVolume"":140},{""year"":2025,""month"":10,""searchVolume"":0},{""year"":2025,""month"":9,""searchVolume"":0},{""year"":2025,""month"":8,""searchVolume"":0}]"
žádanka online,ideas,true,krizová intervence online,,,,,informational,"[{""year"":2026,""month"":5,""searchVolume"":0},{""year"":2026,""month"":4,""searchVolume"":0},{""year"":2026,""month"":3,""searchVolume"":0},{""year"":2026,""month"":2,""searchVolume"":0},{""year"":2026,""month"":1,""searchVolume"":0},{""year"":2025,""month"":12,""searchVolume"":0},{""year"":2025,""month"":11,""searchVolume"":0},{""year"":2025,""month"":10,""searchVolume"":0},{""year"":2025,""month"":9,""searchVolume"":0},{""year"":2025,""month"":8,""searchVolume"":0},{""year"":2025,""month"":7,""searchVolume"":0},{""year"":2025,""month"":6,""searchVolume"":0}]"
žádanka online,ideas,true,ocko retro online,,,,,navigational,"[{""year"":2026,""month"":5,""searchVolume"":0},{""year"":2026,""month"":4,""searchVolume"":0},{""year"":2026,""month"":3,""searchVolume"":0},{""year"":2026,""month"":2,""searchVolume"":0},{""year"":2026,""month"":1,""searchVolume"":0},{""year"":2025,""month"":12,""searchVolume"":0},{""year"":2025,""month"":11,""searchVolume"":0},{""year"":2025,""month"":10,""searchVolume"":0},{""year"":2025,""month"":9,""searchVolume"":0},{""year"":2025,""month"":8,""searchVolume"":0},{""year"":2025,""month"":7,""searchVolume"":0},{""year"":2025,""month"":6,""searchVolume"":0}]"
žádanka online,ideas,true,osobní spravedlnost online,,,,,informational,"[{""year"":2026,""month"":5,""searchVolume"":0},{""year"":2026,""month"":4,""searchVolume"":0},{""year"":2026,""month"":3,""searchVolume"":0},{""year"":2026,""month"":2,""searchVolume"":0},{""year"":2026,""month"":1,""searchVolume"":0},{""year"":2025,""month"":12,""searchVolume"":0},{""year"":2025,""month"":11,""searchVolume"":0},{""year"":2025,""month"":10,""searchVolume"":0},{""year"":2025,""month"":9,""searchVolume"":0},{""year"":2025,""month"":8,""searchVolume"":0},{""year"":2025,""month"":7,""searchVolume"":0},{""year"":2025,""month"":6,""searchVolume"":0}]"
žádanka online,ideas,true,orl praha online,,,,,navigational,"[{""year"":2026,""month"":5,""searchVolume"":0},{""year"":2026,""month"":4,""searchVolume"":0},{""year"":2026,""month"":3,""searchVolume"":0},{""year"":2026,""month"":2,""searchVolume"":0},{""year"":2026,""month"":1,""searchVolume"":0},{""year"":2025,""month"":12,""searchVolume"":0},{""year"":2025,""month"":11,""searchVolume"":0},{""year"":2025,""month"":10,""searchVolume"":0},{""year"":2025,""month"":9,""searchVolume"":0},{""year"":2025,""month"":8,""searchVolume"":0},{""year"":2025,""month"":7,""searchVolume"":0},{""year"":2025,""month"":6,""searchVolume"":0}]"
žádanka online,ideas,true,kyvadlo ano/ne online,390,0,1.52,0.04,navigational,"[{""year"":2026,""month"":7,""searchVolume"":390},{""year"":2026,""month"":6,""searchVolume"":320},{""year"":2026,""month"":5,""searchVolume"":590},{""year"":2026,""month"":4,""searchVolume"":390},{""year"":2026,""month"":3,""searchVolume"":480},{""year"":2026,""month"":2,""searchVolume"":480},{""year"":2026,""month"":1,""searchVolume"":390},{""year"":2025,""month"":12,""searchVolume"":390},{""year"":2025,""month"":11,""searchVolume"":320},{""year"":2025,""month"":10,""searchVolume"":260},{""year"":2025,""month"":9,""searchVolume"":320},{""year"":2025,""month"":8,""searchVolume"":320}]"
žádanka online,ideas,true,všcht skripta online,,,,,informational,"[{""year"":2026,""month"":5,""searchVolume"":0},{""year"":2026,""month"":4,""searchVolume"":0},{""year"":2026,""month"":3,""searchVolume"":0},{""year"":2026,""month"":2,""searchVolume"":0},{""year"":2026,""month"":1,""searchVolume"":0},{""year"":2025,""month"":12,""searchVolume"":0},{""year"":2025,""month"":11,""searchVolume"":0},{""year"":2025,""month"":10,""searchVolume"":0},{""year"":2025,""month"":9,""searchVolume"":0},{""year"":2025,""month"":8,""searchVolume"":0},{""year"":2025,""month"":7,""searchVolume"":0},{""year"":2025,""month"":6,""searchVolume"":0}]"
žádanka online,ideas,true,uprava dokumentu online,,,,,informational,"[{""year"":2026,""month"":5,""searchVolume"":0},{""year"":2026,""month"":4,""searchVolume"":0},{""year"":2026,""month"":3,""searchVolume"":0},{""year"":2026,""month"":2,""searchVolume"":0},{""year"":2026,""month"":1,""searchVolume"":0},{""year"":2025,""month"":12,""searchVolume"":0},{""year"":2025,""month"":11,""searchVolume"":0},{""year"":2025,""month"":10,""searchVolume"":0},{""year"":2025,""month"":9,""searchVolume"":0},{""year"":2025,""month"":8,""searchVolume"":0},{""year"":2025,""month"":7,""searchVolume"":0},{""year"":2025,""month"":6,""searchVolume"":0}]"
žádanka online,ideas,true,fázorový diagram online,,,,,informational,"[{""year"":2026,""month"":5,""searchVolume"":0},{""year"":2026,""month"":4,""searchVolume"":0},{""year"":2026,""month"":3,""searchVolume"":0},{""year"":2026,""month"":2,""searchVolume"":0},{""year"":2026,""month"":1,""searchVolume"":0},{""year"":2025,""month"":12,""searchVolume"":0},{""year"":2025,""month"":11,""searchVolume"":0},{""year"":2025,""month"":10,""searchVolume"":0},{""year"":2025,""month"":9,""searchVolume"":0},{""year"":2025,""month"":8,""searchVolume"":0},{""year"":2025,""month"":7,""searchVolume"":0},{""year"":2025,""month"":6,""searchVolume"":0}]"
žádanka online,ideas,true,jsem agent online,,,,,navigational,"[{""year"":2026,""month"":5,""searchVolume"":0},{""year"":2026,""month"":4,""searchVolume"":0},{""year"":2026,""month"":3,""searchVolume"":0},{""year"":2026,""month"":2,""searchVolume"":0},{""year"":2026,""month"":1,""searchVolume"":0},{""year"":2025,""month"":12,""searchVolume"":0},{""year"":2025,""month"":11,""searchVolume"":0},{""year"":2025,""month"":10,""searchVolume"":0},{""year"":2025,""month"":9,""searchVolume"":0},{""year"":2025,""month"":8,""searchVolume"":0},{""year"":2025,""month"":7,""searchVolume"":0},{""year"":2025,""month"":6,""searchVolume"":0}]"
žádanka online,ideas,true,židovské matriky online,,,,,navigational,"[{""year"":2026,""month"":5,""searchVolume"":0},{""year"":2026,""month"":4,""searchVolume"":0},{""year"":2026,""month"":3,""searchVolume"":0},{""year"":2026,""month"":2,""searchVolume"":0},{""year"":2026,""month"":1,""searchVolume"":0},{""year"":2025,""month"":12,""searchVolume"":0},{""year"":2025,""month"":11,""searchVolume"":0},{""year"":2025,""month"":10,""searchVolume"":0},{""year"":2025,""month"":9,""searchVolume"":0},{""year"":2025,""month"":8,""searchVolume"":0},{""year"":2025,""month"":7,""searchVolume"":0},{""year"":2025,""month"":6,""searchVolume"":0}]"
žádanka online,ideas,true,bergerovy tabulky online,10,,,0,transactional,"[{""year"":2026,""month"":7,""searchVolume"":20},{""year"":2026,""month"":6,""searchVolume"":30},{""year"":2026,""month"":5,""searchVolume"":10},{""year"":2026,""month"":4,""searchVolume"":10},{""year"":2026,""month"":3,""searchVolume"":10},{""year"":2026,""month"":2,""searchVolume"":10},{""year"":2026,""month"":1,""searchVolume"":10},{""year"":2025,""month"":12,""searchVolume"":20},{""year"":2025,""month"":11,""searchVolume"":20},{""year"":2025,""month"":10,""searchVolume"":10},{""year"":2025,""month"":9,""searchVolume"":10},{""year"":2025,""month"":8,""searchVolume"":20}]"
žádanka online,ideas,true,banik teplice online,10,,,,navigational,"[{""year"":2026,""month"":7,""searchVolume"":0},{""year"":2026,""month"":6,""searchVolume"":0},{""year"":2026,""month"":5,""searchVolume"":10},{""year"":2026,""month"":4,""searchVolume"":0},{""year"":2026,""month"":3,""searchVolume"":10},{""year"":2026,""month"":2,""searchVolume"":0},{""year"":2026,""month"":1,""searchVolume"":10},{""year"":2025,""month"":12,""searchVolume"":0},{""year"":2025,""month"":11,""searchVolume"":10},{""year"":2025,""month"":10,""searchVolume"":0},{""year"":2025,""month"":9,""searchVolume"":20},{""year"":2025,""month"":8,""searchVolume"":10}]"
žádanka online,ideas,true,anonymní hlasování online,10,,,0.07,informational,"[{""year"":2026,""month"":7,""searchVolume"":10},{""year"":2026,""month"":6,""searchVolume"":10},{""year"":2026,""month"":5,""searchVolume"":10},{""year"":2026,""month"":4,""searchVolume"":10},{""year"":2026,""month"":3,""searchVolume"":10},{""year"":2026,""month"":2,""searchVolume"":10},{""year"":2026,""month"":1,""searchVolume"":10},{""year"":2025,""month"":12,""searchVolume"":10},{""year"":2025,""month"":11,""searchVolume"":10},{""year"":2025,""month"":10,""searchVolume"":10},{""year"":2025,""month"":9,""searchVolume"":10},{""year"":2025,""month"":8,""searchVolume"":10}]"
žádanka online,ideas,true,agrometal online zdarma,10,0,,0,navigational,"[{""year"":2026,""month"":7,""searchVolume"":10},{""year"":2026,""month"":6,""searchVolume"":10},{""year"":2026,""month"":5,""searchVolume"":0},{""year"":2026,""month"":4,""searchVolume"":10},{""year"":2026,""month"":3,""searchVolume"":10},{""year"":2026,""month"":2,""searchVolume"":10},{""year"":2026,""month"":1,""searchVolume"":10},{""year"":2025,""month"":12,""searchVolume"":10},{""year"":2025,""month"":11,""searchVolume"":10},{""year"":2025,""month"":10,""searchVolume"":20},{""year"":2025,""month"":9,""searchVolume"":10},{""year"":2025,""month"":8,""searchVolume"":20}]"
žádanka online,ideas,true,online firmy cz podvod,10,,,0,navigational,"[{""year"":2026,""month"":7,""searchVolume"":10},{""year"":2026,""month"":6,""searchVolume"":10},{""year"":2026,""month"":5,""searchVolume"":10},{""year"":2026,""month"":4,""searchVolume"":10},{""year"":2026,""month"":3,""searchVolume"":10},{""year"":2026,""month"":2,""searchVolume"":10},{""year"":2026,""month"":1,""searchVolume"":10},{""year"":2025,""month"":12,""searchVolume"":10},{""year"":2025,""month"":11,""searchVolume"":30},{""year"":2025,""month"":10,""searchVolume"":20},{""year"":2025,""month"":9,""searchVolume"":0},{""year"":2025,""month"":8,""searchVolume"":0}]"
žádanka online,ideas,true,farma 17 sk online,10,,,,transactional,"[{""year"":2026,""month"":7,""searchVolume"":0},{""year"":2026,""month"":6,""searchVolume"":0},{""year"":2026,""month"":5,""searchVolume"":0},{""year"":2026,""month"":4,""searchVolume"":0},{""year"":2026,""month"":3,""searchVolume"":10},{""year"":2026,""month"":2,""searchVolume"":10},{""year"":2026,""month"":1,""searchVolume"":10},{""year"":2025,""month"":12,""searchVolume"":20},{""year"":2025,""month"":11,""searchVolume"":20},{""year"":2025,""month"":10,""searchVolume"":20},{""year"":2025,""month"":9,""searchVolume"":50},{""year"":2025,""month"":8,""searchVolume"":0}]"
žádanka online,ideas,true,urad prace online objednani,20,,,0,navigational,"[{""year"":2026,""month"":7,""searchVolume"":10},{""year"":2026,""month"":6,""searchVolume"":10},{""year"":2026,""month"":5,""searchVolume"":20},{""year"":2026,""month"":4,""searchVolume"":10},{""year"":2026,""month"":3,""searchVolume"":20},{""year"":2026,""month"":2,""searchVolume"":10},{""year"":2026,""month"":1,""searchVolume"":20},{""year"":2025,""month"":12,""searchVolume"":20},{""year"":2025,""month"":11,""searchVolume"":10},{""year"":2025,""month"":10,""searchVolume"":30},{""year"":2025,""month"":9,""searchVolume"":30},{""year"":2025,""month"":8,""searchVolume"":20}]"
žádanka online,ideas,true,novinky v online marketingu,10,,1.46,0.57,informational,"[{""year"":2026,""month"":7,""searchVolume"":10},{""year"":2026,""month"":6,""searchVolume"":0},{""year"":2026,""month"":5,""searchVolume"":0},{""year"":2026,""month"":4,""searchVolume"":0},{""year"":2026,""month"":3,""searchVolume"":10},{""year"":2026,""month"":2,""searchVolume"":10},{""year"":2026,""month"":1,""searchVolume"":10},{""year"":2025,""month"":12,""searchVolume"":10},{""year"":2025,""month"":11,""searchVolume"":10},{""year"":2025,""month"":10,""searchVolume"":10},{""year"":2025,""month"":9,""searchVolume"":10},{""year"":2025,""month"":8,""searchVolume"":10}]"
žádanka online,ideas,true,expozitura online 1 díl,20,43,,0,informational,"[{""year"":2026,""month"":7,""searchVolume"":30},{""year"":2026,""month"":6,""searchVolume"":20},{""year"":2026,""month"":5,""searchVolume"":10},{""year"":2026,""month"":4,""searchVolume"":30},{""year"":2026,""month"":3,""searchVolume"":50},{""year"":2026,""month"":2,""searchVolume"":40},{""year"":2026,""month"":1,""searchVolume"":40},{""year"":2025,""month"":12,""searchVolume"":30},{""year"":2025,""month"":11,""searchVolume"":0},{""year"":2025,""month"":10,""searchVolume"":0},{""year"":2025,""month"":9,""searchVolume"":0},{""year"":2025,""month"":8,""searchVolume"":10}]"
žádanka online,ideas,true,v síti dokument online,10,63,,0.01,informational,"[{""year"":2026,""month"":7,""searchVolume"":20},{""year"":2026,""month"":6,""searchVolume"":10},{""year"":2026,""month"":5,""searchVolume"":10},{""year"":2026,""month"":4,""searchVolume"":10},{""year"":2026,""month"":3,""searchVolume"":10},{""year"":2026,""month"":2,""searchVolume"":10},{""year"":2026,""month"":1,""searchVolume"":10},{""year"":2025,""month"":12,""searchVolume"":10},{""year"":2025,""month"":11,""searchVolume"":10},{""year"":2025,""month"":10,""searchVolume"":10},{""year"":2025,""month"":9,""searchVolume"":10},{""year"":2025,""month"":8,""searchVolume"":10}]"
žádanka online,ideas,true,pravdivé příběhy ze života online,50,,,0,informational,"[{""year"":2026,""month"":7,""searchVolume"":110},{""year"":2026,""month"":6,""searchVolume"":90},{""year"":2026,""month"":5,""searchVolume"":70},{""year"":2026,""month"":4,""searchVolume"":70},{""year"":2026,""month"":3,""searchVolume"":90},{""year"":2026,""month"":2,""searchVolume"":70},{""year"":2026,""month"":1,""searchVolume"":70},{""year"":2025,""month"":12,""searchVolume"":70},{""year"":2025,""month"":11,""searchVolume"":50},{""year"":2025,""month"":10,""searchVolume"":0},{""year"":2025,""month"":9,""searchVolume"":0},{""year"":2025,""month"":8,""searchVolume"":0}]"
žádanka online,ideas,true,helena třeštíková dokumenty online,10,,,0,navigational,"[{""year"":2026,""month"":7,""searchVolume"":10},{""year"":2026,""month"":6,""searchVolume"":0},{""year"":2026,""month"":5,""searchVolume"":10},{""year"":2026,""month"":4,""searchVolume"":10},{""year"":2026,""month"":3,""searchVolume"":10},{""year"":2026,""month"":2,""searchVolume"":0},{""year"":2026,""month"":1,""searchVolume"":10},{""year"":2025,""month"":12,""searchVolume"":0},{""year"":2025,""month"":11,""searchVolume"":0},{""year"":2025,""month"":10,""searchVolume"":10},{""year"":2025,""month"":9,""searchVolume"":0},{""year"":2025,""month"":8,""searchVolume"":10}]"
žádanka online,ideas,true,investice do nemovitostí online,10,43,,0.14,commercial,"[{""year"":2026,""month"":7,""searchVolume"":10},{""year"":2026,""month"":6,""searchVolume"":10},{""year"":2026,""month"":5,""searchVolume"":10},{""year"":2026,""month"":4,""searchVolume"":10},{""year"":2026,""month"":3,""searchVolume"":10},{""year"":2026,""month"":2,""searchVolume"":10},{""year"":2026,""month"":1,""searchVolume"":10},{""year"":2025,""month"":12,""searchVolume"":10},{""year"":2025,""month"":11,""searchVolume"":0},{""year"":2025,""month"":10,""searchVolume"":10},{""year"":2025,""month"":9,""searchVolume"":10},{""year"":2025,""month"":8,""searchVolume"":10}]"
žádanka online,ideas,true,projekt x online cz,20,,,0,navigational,"[{""year"":2026,""month"":7,""searchVolume"":20},{""year"":2026,""month"":6,""searchVolume"":30},{""year"":2026,""month"":5,""searchVolume"":20},{""year"":2026,""month"":4,""searchVolume"":20},{""year"":2026,""month"":3,""searchVolume"":10},{""year"":2026,""month"":2,""searchVolume"":10},{""year"":2026,""month"":1,""searchVolume"":10},{""year"":2025,""month"":12,""searchVolume"":10},{""year"":2025,""month"":11,""searchVolume"":30},{""year"":2025,""month"":10,""searchVolume"":30},{""year"":2025,""month"":9,""searchVolume"":30},{""year"":2025,""month"":8,""searchVolume"":20}]"
žádanka online,ideas,true,výchozí bod online cz,10,,,0,navigational,"[{""year"":2026,""month"":7,""searchVolume"":10},{""year"":2026,""month"":6,""searchVolume"":10},{""year"":2026,""month"":5,""searchVolume"":10},{""year"":2026,""month"":4,""searchVolume"":10},{""year"":2026,""month"":3,""searchVolume"":10},{""year"":2026,""month"":2,""searchVolume"":10},{""year"":2026,""month"":1,""searchVolume"":20},{""year"":2025,""month"":12,""searchVolume"":10},{""year"":2025,""month"":11,""searchVolume"":20},{""year"":2025,""month"":10,""searchVolume"":10},{""year"":2025,""month"":9,""searchVolume"":20},{""year"":2025,""month"":8,""searchVolume"":20}]"
žádanka online,ideas,true,kooperativa hlášení škody online,10,,,0,transactional,"[{""year"":2026,""month"":7,""searchVolume"":20},{""year"":2026,""month"":6,""searchVolume"":10},{""year"":2026,""month"":5,""searchVolume"":10},{""year"":2026,""month"":4,""searchVolume"":10},{""year"":2026,""month"":3,""searchVolume"":10},{""year"":2026,""month"":2,""searchVolume"":10},{""year"":2026,""month"":1,""searchVolume"":10},{""year"":2025,""month"":12,""searchVolume"":10},{""year"":2025,""month"":11,""searchVolume"":20},{""year"":2025,""month"":10,""searchVolume"":10},{""year"":2025,""month"":9,""searchVolume"":20},{""year"":2025,""month"":8,""searchVolume"":10}]"
žádanka online,ideas,true,případ pro zvláštní skupinu online,50,,0.58,0.04,navigational,"[{""year"":2026,""month"":7,""searchVolume"":320},{""year"":2026,""month"":6,""searchVolume"":260},{""year"":2026,""month"":5,""searchVolume"":10},{""year"":2026,""month"":4,""searchVolume"":20},{""year"":2026,""month"":3,""searchVolume"":20},{""year"":2026,""month"":2,""searchVolume"":10},{""year"":2026,""month"":1,""searchVolume"":30},{""year"":2025,""month"":12,""searchVolume"":10},{""year"":2025,""month"":11,""searchVolume"":10},{""year"":2025,""month"":10,""searchVolume"":10},{""year"":2025,""month"":9,""searchVolume"":10},{""year"":2025,""month"":8,""searchVolume"":10}]"
žádanka online,ideas,true,porotce č 2 online,20,,,0,transactional,"[{""year"":2026,""month"":7,""searchVolume"":10},{""year"":2026,""month"":6,""searchVolume"":10},{""year"":2026,""month"":5,""searchVolume"":20},{""year"":2026,""month"":4,""searchVolume"":10},{""year"":2026,""month"":3,""searchVolume"":10},{""year"":2026,""month"":2,""searchVolume"":10},{""year"":2026,""month"":1,""searchVolume"":30},{""year"":2025,""month"":12,""searchVolume"":30},{""year"":2025,""month"":11,""searchVolume"":30},{""year"":2025,""month"":10,""searchVolume"":20},{""year"":2025,""month"":9,""searchVolume"":30},{""year"":2025,""month"":8,""searchVolume"":30}]"
žádanka online,ideas,true,online dostihy a sázky,10,0,,0.03,commercial,"[{""year"":2026,""month"":7,""searchVolume"":10},{""year"":2026,""month"":6,""searchVolume"":10},{""year"":2026,""month"":5,""searchVolume"":10},{""year"":2026,""month"":4,""searchVolume"":10},{""year"":2026,""month"":3,""searchVolume"":10},{""year"":2026,""month"":2,""searchVolume"":10},{""year"":2026,""month"":1,""searchVolume"":10},{""year"":2025,""month"":12,""searchVolume"":10},{""year"":2025,""month"":11,""searchVolume"":10},{""year"":2025,""month"":10,""searchVolume"":10},{""year"":2025,""month"":9,""searchVolume"":10},{""year"":2025,""month"":8,""searchVolume"":10}]"
žádanka online,ideas,true,největší společný dělitel online,10,39,,,informational,"[{""year"":2026,""month"":7,""searchVolume"":0},{""year"":2026,""month"":6,""searchVolume"":10},{""year"":2026,""month"":5,""searchVolume"":10},{""year"":2026,""month"":4,""searchVolume"":10},{""year"":2026,""month"":3,""searchVolume"":10},{""year"":2026,""month"":2,""searchVolume"":10},{""year"":2026,""month"":1,""searchVolume"":10},{""year"":2025,""month"":12,""searchVolume"":10},{""year"":2025,""month"":11,""searchVolume"":10},{""year"":2025,""month"":10,""searchVolume"":10},{""year"":2025,""month"":9,""searchVolume"":10},{""year"":2025,""month"":8,""searchVolume"":10}]"
žádanka online,ideas,true,o malých věcech online,10,,,0.04,informational,"[{""year"":2026,""month"":7,""searchVolume"":10},{""year"":2026,""month"":6,""searchVolume"":10},{""year"":2026,""month"":5,""searchVolume"":10},{""year"":2026,""month"":4,""searchVolume"":10},{""year"":2026,""month"":3,""searchVolume"":10},{""year"":2026,""month"":2,""searchVolume"":10},{""year"":2026,""month"":1,""searchVolume"":10},{""year"":2025,""month"":12,""searchVolume"":20},{""year"":2025,""month"":11,""searchVolume"":10},{""year"":2025,""month"":10,""searchVolume"":10},{""year"":2025,""month"":9,""searchVolume"":10},{""year"":2025,""month"":8,""searchVolume"":20}]"
žádanka online,ideas,true,odbor městské zeleně online,20,,,0,navigational,"[{""year"":2026,""month"":7,""searchVolume"":10},{""year"":2026,""month"":6,""searchVolume"":10},{""year"":2026,""month"":5,""searchVolume"":10},{""year"":2026,""month"":4,""searchVolume"":10},{""year"":2026,""month"":3,""searchVolume"":10},{""year"":2026,""month"":2,""searchVolume"":10},{""year"":2026,""month"":1,""searchVolume"":20},{""year"":2025,""month"":12,""searchVolume"":20},{""year"":2025,""month"":11,""searchVolume"":20},{""year"":2025,""month"":10,""searchVolume"":40},{""year"":2025,""month"":9,""searchVolume"":50},{""year"":2025,""month"":8,""searchVolume"":30}]"
žádanka online,ideas,true,v síti 18 online,20,,,0,navigational,"[{""year"":2026,""month"":7,""searchVolume"":10},{""year"":2026,""month"":6,""searchVolume"":10},{""year"":2026,""month"":5,""searchVolume"":10},{""year"":2026,""month"":4,""searchVolume"":10},{""year"":2026,""month"":3,""searchVolume"":40},{""year"":2026,""month"":2,""searchVolume"":20},{""year"":2026,""month"":1,""searchVolume"":20},{""year"":2025,""month"":12,""searchVolume"":30},{""year"":2025,""month"":11,""searchVolume"":20},{""year"":2025,""month"":10,""searchVolume"":30},{""year"":2025,""month"":9,""searchVolume"":20},{""year"":2025,""month"":8,""searchVolume"":20}]"
žádanka online,ideas,true,byt či nebýt online,10,,,0,informational,"[{""year"":2026,""month"":7,""searchVolume"":20},{""year"":2026,""month"":6,""searchVolume"":10},{""year"":2026,""month"":5,""searchVolume"":10},{""year"":2026,""month"":4,""searchVolume"":10},{""year"":2026,""month"":3,""searchVolume"":10},{""year"":2026,""month"":2,""searchVolume"":30},{""year"":2026,""month"":1,""searchVolume"":50},{""year"":2025,""month"":12,""searchVolume"":20},{""year"":2025,""month"":11,""searchVolume"":0},{""year"":2025,""month"":10,""searchVolume"":0},{""year"":2025,""month"":9,""searchVolume"":0},{""year"":2025,""month"":8,""searchVolume"":0}]"
žádanka online,ideas,true,na vlnách tsf online,20,,,0.02,informational,"[{""year"":2026,""month"":7,""searchVolume"":10},{""year"":2026,""month"":6,""searchVolume"":10},{""year"":2026,""month"":5,""searchVolume"":30},{""year"":2026,""month"":4,""searchVolume"":30},{""year"":2026,""month"":3,""searchVolume"":50},{""year"":2026,""month"":2,""searchVolume"":10},{""year"":2026,""month"":1,""searchVolume"":20},{""year"":2025,""month"":12,""searchVolume"":20},{""year"":2025,""month"":11,""searchVolume"":10},{""year"":2025,""month"":10,""searchVolume"":20},{""year"":2025,""month"":9,""searchVolume"":10},{""year"":2025,""month"":8,""searchVolume"":20}]"
žádanka online,ideas,true,nutné k přežití online,20,45,,0,informational,"[{""year"":2026,""month"":7,""searchVolume"":20},{""year"":2026,""month"":6,""searchVolume"":10},{""year"":2026,""month"":5,""searchVolume"":40},{""year"":2026,""month"":4,""searchVolume"":20},{""year"":2026,""month"":3,""searchVolume"":10},{""year"":2026,""month"":2,""searchVolume"":20},{""year"":2026,""month"":1,""searchVolume"":30},{""year"":2025,""month"":12,""searchVolume"":20},{""year"":2025,""month"":11,""searchVolume"":20},{""year"":2025,""month"":10,""searchVolume"":30},{""year"":2025,""month"":9,""searchVolume"":30},{""year"":2025,""month"":8,""searchVolume"":10}]"
žádanka online,ideas,true,odborné historické články online,,,,,informational,"[{""year"":2026,""month"":5,""searchVolume"":0},{""year"":2026,""month"":4,""searchVolume"":0},{""year"":2026,""month"":3,""searchVolume"":0},{""year"":2026,""month"":2,""searchVolume"":0},{""year"":2026,""month"":1,""searchVolume"":0},{""year"":2025,""month"":12,""searchVolume"":0},{""year"":2025,""month"":11,""searchVolume"":0},{""year"":2025,""month"":10,""searchVolume"":0},{""year"":2025,""month"":9,""searchVolume"":0},{""year"":2025,""month"":8,""searchVolume"":0},{""year"":2025,""month"":7,""searchVolume"":0},{""year"":2025,""month"":6,""searchVolume"":0}]"
žádanka online,ideas,true,exchange online plán 2,,,,,navigational,"[{""year"":2026,""month"":5,""searchVolume"":0},{""year"":2026,""month"":4,""searchVolume"":0},{""year"":2026,""month"":3,""searchVolume"":0},{""year"":2026,""month"":2,""searchVolume"":0},{""year"":2026,""month"":1,""searchVolume"":0},{""year"":2025,""month"":12,""searchVolume"":0},{""year"":2025,""month"":11,""searchVolume"":0},{""year"":2025,""month"":10,""searchVolume"":0},{""year"":2025,""month"":9,""searchVolume"":0},{""year"":2025,""month"":8,""searchVolume"":0},{""year"":2025,""month"":7,""searchVolume"":0},{""year"":2025,""month"":6,""searchVolume"":0}]"
žádanka online,ideas,true,ong bak 1 online cz,20,42,,0,navigational,"[{""year"":2026,""month"":7,""searchVolume"":10},{""year"":2026,""month"":6,""searchVolume"":20},{""year"":2026,""month"":5,""searchVolume"":20},{""year"":2026,""month"":4,""searchVolume"":30},{""year"":2026,""month"":3,""searchVolume"":40},{""year"":2026,""month"":2,""searchVolume"":20},{""year"":2026,""month"":1,""searchVolume"":20},{""year"":2025,""month"":12,""searchVolume"":10},{""year"":2025,""month"":11,""searchVolume"":20},{""year"":2025,""month"":10,""searchVolume"":20},{""year"":2025,""month"":9,""searchVolume"":20},{""year"":2025,""month"":8,""searchVolume"":10}]"
žádanka online,ideas,true,anny dokument online zdarma,10,,,,informational,"[{""year"":2026,""month"":7,""searchVolume"":0},{""year"":2026,""month"":6,""searchVolume"":0},{""year"":2026,""month"":5,""searchVolume"":0},{""year"":2026,""month"":4,""searchVolume"":10},{""year"":2026,""month"":3,""searchVolume"":0},{""year"":2026,""month"":2,""searchVolume"":0},{""year"":2026,""month"":1,""searchVolume"":0},{""year"":2025,""month"":12,""searchVolume"":10},{""year"":2025,""month"":11,""searchVolume"":10},{""year"":2025,""month"":10,""searchVolume"":0},{""year"":2025,""month"":9,""searchVolume"":0},{""year"":2025,""month"":8,""searchVolume"":10}]"
žádanka online,ideas,true,záhrada online,260,16,0.8,0.15,navigational,"[{""year"":2026,""month"":7,""searchVolume"":260},{""year"":2026,""month"":6,""searchVolume"":210},{""year"":2026,""month"":5,""searchVolume"":260},{""year"":2026,""month"":4,""searchVolume"":320},{""year"":2026,""month"":3,""searchVolume"":260},{""year"":2026,""month"":2,""searchVolume"":260},{""year"":2026,""month"":1,""searchVolume"":320},{""year"":2025,""month"":12,""searchVolume"":210},{""year"":2025,""month"":11,""searchVolume"":260},{""year"":2025,""month"":10,""searchVolume"":260},{""year"":2025,""month"":9,""searchVolume"":260},{""year"":2025,""month"":8,""searchVolume"":210}]"
žádanka online,ideas,true,archiv zamrsk matriky online,10,,,0.07,navigational,"[{""year"":2026,""month"":7,""searchVolume"":10},{""year"":2026,""month"":6,""searchVolume"":10},{""year"":2026,""month"":5,""searchVolume"":10},{""year"":2026,""month"":4,""searchVolume"":10},{""year"":2026,""month"":3,""searchVolume"":10},{""year"":2026,""month"":2,""searchVolume"":10},{""year"":2026,""month"":1,""searchVolume"":10},{""year"":2025,""month"":12,""searchVolume"":10},{""year"":2025,""month"":11,""searchVolume"":10},{""year"":2025,""month"":10,""searchVolume"":10},{""year"":2025,""month"":9,""searchVolume"":10},{""year"":2025,""month"":8,""searchVolume"":10}]"
žádanka online,ideas,true,a je to online,10,,,0,informational,"[{""year"":2026,""month"":7,""searchVolume"":10},{""year"":2026,""month"":6,""searchVolume"":10},{""year"":2026,""month"":5,""searchVolume"":10},{""year"":2026,""month"":4,""searchVolume"":10},{""year"":2026,""month"":3,""searchVolume"":10},{""year"":2026,""month"":2,""searchVolume"":10},{""year"":2026,""month"":1,""searchVolume"":10},{""year"":2025,""month"":12,""searchVolume"":10},{""year"":2025,""month"":11,""searchVolume"":10},{""year"":2025,""month"":10,""searchVolume"":10},{""year"":2025,""month"":9,""searchVolume"":10},{""year"":2025,""month"":8,""searchVolume"":0}]"
žádanka online,ideas,true,vklad do katastru nemovitostí online,10,,,0.01,transactional,"[{""year"":2026,""month"":7,""searchVolume"":10},{""year"":2026,""month"":6,""searchVolume"":20},{""year"":2026,""month"":5,""searchVolume"":20},{""year"":2026,""month"":4,""searchVolume"":10},{""year"":2026,""month"":3,""searchVolume"":10},{""year"":2026,""month"":2,""searchVolume"":20},{""year"":2026,""month"":1,""searchVolume"":10},{""year"":2025,""month"":12,""searchVolume"":10},{""year"":2025,""month"":11,""searchVolume"":10},{""year"":2025,""month"":10,""searchVolume"":10},{""year"":2025,""month"":9,""searchVolume"":10},{""year"":2025,""month"":8,""searchVolume"":20}]"
žádanka online,ideas,true,ji.hlava online,260,13,,0,navigational,"[{""year"":2026,""month"":7,""searchVolume"":20},{""year"":2026,""month"":6,""searchVolume"":50},{""year"":2026,""month"":5,""searchVolume"":20},{""year"":2026,""month"":4,""searchVolume"":40},{""year"":2026,""month"":3,""searchVolume"":30},{""year"":2026,""month"":2,""searchVolume"":40},{""year"":2026,""month"":1,""searchVolume"":70},{""year"":2025,""month"":12,""searchVolume"":90},{""year"":2025,""month"":11,""searchVolume"":2400},{""year"":2025,""month"":10,""searchVolume"":320},{""year"":2025,""month"":9,""searchVolume"":30},{""year"":2025,""month"":8,""searchVolume"":20}]"
žádanka online,ideas,true,vetrelci online,260,0,1.93,0.02,informational,"[{""year"":2026,""month"":7,""searchVolume"":320},{""year"":2026,""month"":6,""searchVolume"":170},{""year"":2026,""month"":5,""searchVolume"":210},{""year"":2026,""month"":4,""searchVolume"":140},{""year"":2026,""month"":3,""searchVolume"":170},{""year"":2026,""month"":2,""searchVolume"":210},{""year"":2026,""month"":1,""searchVolume"":260},{""year"":2025,""month"":12,""searchVolume"":260},{""year"":2025,""month"":11,""searchVolume"":260},{""year"":2025,""month"":10,""searchVolume"":320},{""year"":2025,""month"":9,""searchVolume"":390},{""year"":2025,""month"":8,""searchVolume"":320}]"
žádanka online,ideas,true,jen o rodinných záležitostech online,,,,,informational,"[{""year"":2026,""month"":5,""searchVolume"":0},{""year"":2026,""month"":4,""searchVolume"":0},{""year"":2026,""month"":3,""searchVolume"":0},{""year"":2026,""month"":2,""searchVolume"":0},{""year"":2026,""month"":1,""searchVolume"":0},{""year"":2025,""month"":12,""searchVolume"":0},{""year"":2025,""month"":11,""searchVolume"":0},{""year"":2025,""month"":10,""searchVolume"":0},{""year"":2025,""month"":9,""searchVolume"":0},{""year"":2025,""month"":8,""searchVolume"":0},{""year"":2025,""month"":7,""searchVolume"":0},{""year"":2025,""month"":6,""searchVolume"":0}]"
žádanka online,ideas,true,ano sefe na kacabce online,,,,,informational,"[{""year"":2026,""month"":5,""searchVolume"":0},{""year"":2026,""month"":4,""searchVolume"":0},{""year"":2026,""month"":3,""searchVolume"":0},{""year"":2026,""month"":2,""searchVolume"":0},{""year"":2026,""month"":1,""searchVolume"":0},{""year"":2025,""month"":12,""searchVolume"":0},{""year"":2025,""month"":11,""searchVolume"":0},{""year"":2025,""month"":10,""searchVolume"":0},{""year"":2025,""month"":9,""searchVolume"":0},{""year"":2025,""month"":8,""searchVolume"":0},{""year"":2025,""month"":7,""searchVolume"":0},{""year"":2025,""month"":6,""searchVolume"":0}]"
žádanka online,ideas,true,evidence koní online,260,0,,0,informational,"[{""year"":2026,""month"":7,""searchVolume"":210},{""year"":2026,""month"":6,""searchVolume"":170},{""year"":2026,""month"":5,""searchVolume"":260},{""year"":2026,""month"":4,""searchVolume"":260},{""year"":2026,""month"":3,""searchVolume"":260},{""year"":2026,""month"":2,""searchVolume"":210},{""year"":2026,""month"":1,""searchVolume"":260},{""year"":2025,""month"":12,""searchVolume"":210},{""year"":2025,""month"":11,""searchVolume"":390},{""year"":2025,""month"":10,""searchVolume"":320},{""year"":2025,""month"":9,""searchVolume"":390},{""year"":2025,""month"":8,""searchVolume"":390}]"
žádanka online,ideas,true,ji hlava online,260,13,,0,navigational,"[{""year"":2026,""month"":7,""searchVolume"":20},{""year"":2026,""month"":6,""searchVolume"":50},{""year"":2026,""month"":5,""searchVolume"":20},{""year"":2026,""month"":4,""searchVolume"":40},{""year"":2026,""month"":3,""searchVolume"":30},{""year"":2026,""month"":2,""searchVolume"":40},{""year"":2026,""month"":1,""searchVolume"":70},{""year"":2025,""month"":12,""searchVolume"":90},{""year"":2025,""month"":11,""searchVolume"":2400},{""year"":2025,""month"":10,""searchVolume"":320},{""year"":2025,""month"":9,""searchVolume"":30},{""year"":2025,""month"":8,""searchVolume"":20}]"
žádanka online,ideas,true,ano/ne online,260,0,1.36,0.14,navigational,"[{""year"":2026,""month"":7,""searchVolume"":170},{""year"":2026,""month"":6,""searchVolume"":260},{""year"":2026,""month"":5,""searchVolume"":320},{""year"":2026,""month"":4,""searchVolume"":210},{""year"":2026,""month"":3,""searchVolume"":210},{""year"":2026,""month"":2,""searchVolume"":260},{""year"":2026,""month"":1,""searchVolume"":260},{""year"":2025,""month"":12,""searchVolume"":320},{""year"":2025,""month"":11,""searchVolume"":320},{""year"":2025,""month"":10,""searchVolume"":260},{""year"":2025,""month"":9,""searchVolume"":320},{""year"":2025,""month"":8,""searchVolume"":210}]"
žádanka online,ideas,true,makov online,210,6,,0,navigational,"[{""year"":2026,""month"":7,""searchVolume"":70},{""year"":2026,""month"":6,""searchVolume"":110},{""year"":2026,""month"":5,""searchVolume"":110},{""year"":2026,""month"":4,""searchVolume"":110},{""year"":2026,""month"":3,""searchVolume"":210},{""year"":2026,""month"":2,""searchVolume"":210},{""year"":2026,""month"":1,""searchVolume"":320},{""year"":2025,""month"":12,""searchVolume"":320},{""year"":2025,""month"":11,""searchVolume"":260},{""year"":2025,""month"":10,""searchVolume"":110},{""year"":2025,""month"":9,""searchVolume"":140},{""year"":2025,""month"":8,""searchVolume"":320}]"
žádanka online,ideas,true,škoda online,210,75,0.87,0.21,navigational,"[{""year"":2026,""month"":7,""searchVolume"":90},{""year"":2026,""month"":6,""searchVolume"":140},{""year"":2026,""month"":5,""searchVolume"":140},{""year"":2026,""month"":4,""searchVolume"":140},{""year"":2026,""month"":3,""searchVolume"":170},{""year"":2026,""month"":2,""searchVolume"":170},{""year"":2026,""month"":1,""searchVolume"":260},{""year"":2025,""month"":12,""searchVolume"":210},{""year"":2025,""month"":11,""searchVolume"":260},{""year"":2025,""month"":10,""searchVolume"":260},{""year"":2025,""month"":9,""searchVolume"":320},{""year"":2025,""month"":8,""searchVolume"":260}]"
žádanka online,ideas,true,baník online,210,27,,0.03,navigational,"[{""year"":2026,""month"":7,""searchVolume"":40},{""year"":2026,""month"":6,""searchVolume"":20},{""year"":2026,""month"":5,""searchVolume"":480},{""year"":2026,""month"":4,""searchVolume"":210},{""year"":2026,""month"":3,""searchVolume"":170},{""year"":2026,""month"":2,""searchVolume"":210},{""year"":2026,""month"":1,""searchVolume"":20},{""year"":2025,""month"":12,""searchVolume"":90},{""year"":2025,""month"":11,""searchVolume"":110},{""year"":2025,""month"":10,""searchVolume"":90},{""year"":2025,""month"":9,""searchVolume"":210},{""year"":2025,""month"":8,""searchVolume"":880}]"
žádanka online,ideas,true,hasiči online,210,63,,0,navigational,"[{""year"":2026,""month"":7,""searchVolume"":320},{""year"":2026,""month"":6,""searchVolume"":260},{""year"":2026,""month"":5,""searchVolume"":260},{""year"":2026,""month"":4,""searchVolume"":260},{""year"":2026,""month"":3,""searchVolume"":210},{""year"":2026,""month"":2,""searchVolume"":210},{""year"":2026,""month"":1,""searchVolume"":210},{""year"":2025,""month"":12,""searchVolume"":110},{""year"":2025,""month"":11,""searchVolume"":140},{""year"":2025,""month"":10,""searchVolume"":140},{""year"":2025,""month"":9,""searchVolume"":170},{""year"":2025,""month"":8,""searchVolume"":260}]"
žádanka online,ideas,true,vzp nová kartička online,260,0,1.17,0.01,navigational,"[{""year"":2026,""month"":7,""searchVolume"":170},{""year"":2026,""month"":6,""searchVolume"":210},{""year"":2026,""month"":5,""searchVolume"":210},{""year"":2026,""month"":4,""searchVolume"":210},{""year"":2026,""month"":3,""searchVolume"":260},{""year"":2026,""month"":2,""searchVolume"":260},{""year"":2026,""month"":1,""searchVolume"":320},{""year"":2025,""month"":12,""searchVolume"":170},{""year"":2025,""month"":11,""searchVolume"":210},{""year"":2025,""month"":10,""searchVolume"":260},{""year"":2025,""month"":9,""searchVolume"":260},{""year"":2025,""month"":8,""searchVolume"":320}]"
žádanka online,ideas,true,plemenná kniha online,210,10,,0,informational,"[{""year"":2026,""month"":7,""searchVolume"":140},{""year"":2026,""month"":6,""searchVolume"":210},{""year"":2026,""month"":5,""searchVolume"":260},{""year"":2026,""month"":4,""searchVolume"":210},{""year"":2026,""month"":3,""searchVolume"":260},{""year"":2026,""month"":2,""searchVolume"":170},{""year"":2026,""month"":1,""searchVolume"":260},{""year"":2025,""month"":12,""searchVolume"":260},{""year"":2025,""month"":11,""searchVolume"":210},{""year"":2025,""month"":10,""searchVolume"":320},{""year"":2025,""month"":9,""searchVolume"":140},{""year"":2025,""month"":8,""searchVolume"":170}]"
žádanka online,ideas,true,online kartářka,170,2,2.24,0.7,commercial,"[{""year"":2026,""month"":7,""searchVolume"":210},{""year"":2026,""month"":6,""searchVolume"":170},{""year"":2026,""month"":5,""searchVolume"":210},{""year"":2026,""month"":4,""searchVolume"":210},{""year"":2026,""month"":3,""searchVolume"":210},{""year"":2026,""month"":2,""searchVolume"":140},{""year"":2026,""month"":1,""searchVolume"":170},{""year"":2025,""month"":12,""searchVolume"":170},{""year"":2025,""month"":11,""searchVolume"":170},{""year"":2025,""month"":10,""searchVolume"":140},{""year"":2025,""month"":9,""searchVolume"":140},{""year"":2025,""month"":8,""searchVolume"":140}]"
žádanka online,ideas,true,kartářka online,170,2,2.24,0.7,navigational,"[{""year"":2026,""month"":7,""searchVolume"":210},{""year"":2026,""month"":6,""searchVolume"":170},{""year"":2026,""month"":5,""searchVolume"":210},{""year"":2026,""month"":4,""searchVolume"":210},{""year"":2026,""month"":3,""searchVolume"":210},{""year"":2026,""month"":2,""searchVolume"":140},{""year"":2026,""month"":1,""searchVolume"":170},{""year"":2025,""month"":12,""searchVolume"":170},{""year"":2025,""month"":11,""searchVolume"":170},{""year"":2025,""month"":10,""searchVolume"":140},{""year"":2025,""month"":9,""searchVolume"":140},{""year"":2025,""month"":8,""searchVolume"":140}]"
žádanka online,ideas,true,online optika,170,43,1.47,1,navigational,"[{""year"":2026,""month"":7,""searchVolume"":140},{""year"":2026,""month"":6,""searchVolume"":140},{""year"":2026,""month"":5,""searchVolume"":170},{""year"":2026,""month"":4,""searchVolume"":170},{""year"":2026,""month"":3,""searchVolume"":210},{""year"":2026,""month"":2,""searchVolume"":170},{""year"":2026,""month"":1,""searchVolume"":210},{""year"":2025,""month"":12,""searchVolume"":170},{""year"":2025,""month"":11,""searchVolume"":170},{""year"":2025,""month"":10,""searchVolume"":170},{""year"":2025,""month"":9,""searchVolume"":170},{""year"":2025,""month"":8,""searchVolume"":170}]"
žádanka online,ideas,true,poloha iss online,170,4,0.01,0,navigational,"[{""year"":2026,""month"":7,""searchVolume"":390},{""year"":2026,""month"":6,""searchVolume"":170},{""year"":2026,""month"":5,""searchVolume"":210},{""year"":2026,""month"":4,""searchVolume"":140},{""year"":2026,""month"":3,""searchVolume"":140},{""year"":2026,""month"":2,""searchVolume"":70},{""year"":2026,""month"":1,""searchVolume"":170},{""year"":2025,""month"":12,""searchVolume"":70},{""year"":2025,""month"":11,""searchVolume"":170},{""year"":2025,""month"":10,""searchVolume"":90},{""year"":2025,""month"":9,""searchVolume"":320},{""year"":2025,""month"":8,""searchVolume"":260}]"
žádanka online,ideas,true,mhd jihlava online,170,0,,0,navigational,"[{""year"":2026,""month"":7,""searchVolume"":210},{""year"":2026,""month"":6,""searchVolume"":140},{""year"":2026,""month"":5,""searchVolume"":170},{""year"":2026,""month"":4,""searchVolume"":210},{""year"":2026,""month"":3,""searchVolume"":210},{""year"":2026,""month"":2,""searchVolume"":210},{""year"":2026,""month"":1,""searchVolume"":210},{""year"":2025,""month"":12,""searchVolume"":210},{""year"":2025,""month"":11,""searchVolume"":260},{""year"":2025,""month"":10,""searchVolume"":110},{""year"":2025,""month"":9,""searchVolume"":140},{""year"":2025,""month"":8,""searchVolume"":110}]"
žádanka online,ideas,true,vyrizeni obcanky online,170,2,,0,navigational,"[{""year"":2026,""month"":7,""searchVolume"":210},{""year"":2026,""month"":6,""searchVolume"":210},{""year"":2026,""month"":5,""searchVolume"":210},{""year"":2026,""month"":4,""searchVolume"":170},{""year"":2026,""month"":3,""searchVolume"":170},{""year"":2026,""month"":2,""searchVolume"":140},{""year"":2026,""month"":1,""searchVolume"":260},{""year"":2025,""month"":12,""searchVolume"":140},{""year"":2025,""month"":11,""searchVolume"":90},{""year"":2025,""month"":10,""searchVolume"":110},{""year"":2025,""month"":9,""searchVolume"":170},{""year"":2025,""month"":8,""searchVolume"":210}]"
žádanka online,ideas,true,atlas slepic online,170,0,0.06,0.67,informational,"[{""year"":2026,""month"":7,""searchVolume"":140},{""year"":2026,""month"":6,""searchVolume"":110},{""year"":2026,""month"":5,""searchVolume"":170},{""year"":2026,""month"":4,""searchVolume"":260},{""year"":2026,""month"":3,""searchVolume"":260},{""year"":2026,""month"":2,""searchVolume"":170},{""year"":2026,""month"":1,""searchVolume"":140},{""year"":2025,""month"":12,""searchVolume"":110},{""year"":2025,""month"":11,""searchVolume"":110},{""year"":2025,""month"":10,""searchVolume"":170},{""year"":2025,""month"":9,""searchVolume"":170},{""year"":2025,""month"":8,""searchVolume"":260}]"
žádanka online,ideas,true,čka online,140,34,,0,navigational,"[{""year"":2026,""month"":7,""searchVolume"":10},{""year"":2026,""month"":6,""searchVolume"":10},{""year"":2026,""month"":5,""searchVolume"":20},{""year"":2026,""month"":4,""searchVolume"":50},{""year"":2026,""month"":3,""searchVolume"":210},{""year"":2026,""month"":2,""searchVolume"":390},{""year"":2026,""month"":1,""searchVolume"":390},{""year"":2025,""month"":12,""searchVolume"":90},{""year"":2025,""month"":11,""searchVolume"":210},{""year"":2025,""month"":10,""searchVolume"":170},{""year"":2025,""month"":9,""searchVolume"":110},{""year"":2025,""month"":8,""searchVolume"":20}]"
žádanka online,ideas,true,kosovo online,140,25,,0,informational,"[{""year"":2026,""month"":7,""searchVolume"":140},{""year"":2026,""month"":6,""searchVolume"":170},{""year"":2026,""month"":5,""searchVolume"":90},{""year"":2026,""month"":4,""searchVolume"":170},{""year"":2026,""month"":3,""searchVolume"":210},{""year"":2026,""month"":2,""searchVolume"":170},{""year"":2026,""month"":1,""searchVolume"":90},{""year"":2025,""month"":12,""searchVolume"":110},{""year"":2025,""month"":11,""searchVolume"":110},{""year"":2025,""month"":10,""searchVolume"":170},{""year"":2025,""month"":9,""searchVolume"":70},{""year"":2025,""month"":8,""searchVolume"":140}]"
žádanka online,ideas,true,hitradiovysocina online,140,16,0.01,0.03,navigational,"[{""year"":2026,""month"":7,""searchVolume"":90},{""year"":2026,""month"":6,""searchVolume"":90},{""year"":2026,""month"":5,""searchVolume"":210},{""year"":2026,""month"":4,""searchVolume"":260},{""year"":2026,""month"":3,""searchVolume"":110},{""year"":2026,""month"":2,""searchVolume"":70},{""year"":2026,""month"":1,""searchVolume"":140},{""year"":2025,""month"":12,""searchVolume"":260},{""year"":2025,""month"":11,""searchVolume"":210},{""year"":2025,""month"":10,""searchVolume"":110},{""year"":2025,""month"":9,""searchVolume"":110},{""year"":2025,""month"":8,""searchVolume"":90}]"

