"url","locale","page_type","discovery","status","disposition","reason","keyword_evidence","current_clicks","current_impressions","existing_title","proposed_title","existing_description","proposed_description","existing_h1","proposed_h1","native_faqs","embedded_faq_sections","schema_faqs","source_fingerprint","review_status","implementation_status","canonical","robots"
"https://www.myglobalhealth.online/brazil/en","en","home","sitemap","200","verify further","Registados and specialist claim require exact homepage source revision","medical appointment (12 impressions) | doctor global (8 impressions) | most popular health websites brazil (7 impressions)","3","967","Online Doctor Brazil | Registered GPs & Specialists","Online Doctor Brazil | Registered GPs & Specialists","See a registered doctor online today — GP consultations, medical certificates, specialist referrals. Same-day video appointments in Brazil.","See a registered doctor online today — GP consultations, medical certificates, specialist referrals. Same-day video appointments in Brazil.","Online medical care in Brazil","Online medical care in Brazil","6","not separately parsed","5","fe06bc47251bf85d1bbbe6a3403aa0670c9095a2dc602e50e46806be204d18bd","not newly clinically verified","unchanged","https://www.myglobalhealth.online/brazil/en","index, follow"
"https://www.myglobalhealth.online/brazil/en/about","en","about","sitemap","200","retain with evidence","Observed live HTTP/canonical/metadata; no justified rewrite in focused commercial batch; body not newly verified","help global brazil (5 impressions) | help global brazil atestado (2 impressions) | clinic global health (1 impressions)","0","45","About Global Health Brazil | Online Doctors · Global Health","About Global Health Brazil | Online Doctors · Global Health","Global Health Brazil: online video consultations with doctors registered with Conselho Federal de Medicina, in Portuguese / English. What we offer and who we are.","Global Health Brazil: online video consultations with doctors registered with Conselho Federal de Medicina, in Portuguese / English. What we offer and who we are.","About Global Health Brazil","About Global Health Brazil","4","not separately parsed","4","bb0255ac1e9c7e787bc68413e5ef3f5fe9a12a7acb516f271a6bab864de0aa44","not newly clinically verified","unchanged","https://www.myglobalhealth.online/brazil/en/about","index, follow"
"https://www.myglobalhealth.online/brazil/en/blog","en","blog","sitemap","200","retain with evidence","Observed live HTTP/canonical/metadata; no justified rewrite in focused commercial batch; body not newly verified","medical appointment (2 impressions)","0","12","Health Guides from Registered Doctors in Brazil","Health Guides from Registered Doctors in Brazil","Evidence-based health guides for Brazil, written and reviewed by our medical team. No ads, no fluff.","Evidence-based health guides for Brazil, written and reviewed by our medical team. No ads, no fluff.","Health Guides from Registered Doctors.","Health Guides from Registered Doctors.","0","not separately parsed","0","e2716c86c64869986732df7215b1fcdecbf20f5476ca409cd586e61d186b0ee4","not newly clinically verified","unchanged","https://www.myglobalhealth.online/brazil/en/blog","index, follow"
"https://www.myglobalhealth.online/brazil/en/blog/diabetes-the-silent-disease","en","article","sitemap","200","hold","Existing publication retained; genuine clinical/native review or Brazilian legal approval needed for body changes","diabetes in brazil (1 impressions)","0","32","Diabetes in Brazil: Causes, Symptoms & Treatments 2026","Diabetes in Brazil: Causes, Symptoms & Treatments 2026","Complete guide to diabetes in Brazil: causes, symptoms, GLP-1 and SGLT2 treatments, and essential care tips. Written by a specialist physician.","Complete guide to diabetes in Brazil: causes, symptoms, GLP-1 and SGLT2 treatments, and essential care tips. Written by a specialist physician.","Diabetes: The Silent Disease","Diabetes: The Silent Disease","7","not separately parsed","7","5be50ae8aef978cd4efa508ef91052c490e5e5d10b38bed1c9c9f55c4a79aa16","not newly clinically verified","unchanged","https://www.myglobalhealth.online/brazil/en/blog/diabetes-the-silent-disease","index, follow"
"https://www.myglobalhealth.online/brazil/en/blog/does-an-attendance-certificate-excuse-an-absence-the-difference-from-a-medical-c","en","article","sitemap","200","hold","Existing publication retained; genuine clinical/native review or Brazilian legal approval needed for body changes","attendance medical certificate (2 impressions) | sim (2 impressions) | absence certificate (1 impressions)","2","753","Attendance Certificate and Absences: What the Law Says","Attendance Certificate and Absences: What the Law Says","The difference between an attendance certificate and a medical certificate, when the CLT guarantees an absence, what the certificate must include, and what a doctor can state.","The difference between an attendance certificate and a medical certificate, when the CLT guarantees an absence, what the certificate must include, and what a doctor can state.","Does an Attendance Certificate Excuse an Absence? The Difference from a Medical Certificate and What the CLT Guarantees","Does an Attendance Certificate Excuse an Absence? The Difference from a Medical Certificate and What the CLT Guarantees","4","not separately parsed","4","445b7f0e6b1f3b86dde2c325f3ccce241944ca7c448898b9b4a52ad04703e693","not newly clinically verified","unchanged","https://www.myglobalhealth.online/brazil/en/blog/does-an-attendance-certificate-excuse-an-absence-the-difference-from-a-medical-c","index, follow"
"https://www.myglobalhealth.online/brazil/en/blog/laboratory-test-request-brazil","en","article","sitemap","200","hold","Existing publication retained; genuine clinical/native review or Brazilian legal approval needed for body changes","da hapvida (1 impressions) | hemato (1 impressions) | request a test (1 impressions)","1","120","Laboratory test requests in Brazil: how they work","Laboratory test requests in Brazil: how they work","Requesting laboratory tests in Brazil: what the medical request must contain, how a digitally signed PDF works and when tests are done without a request.","Requesting laboratory tests in Brazil: what the medical request must contain, how a digitally signed PDF works and when tests are done without a request.","Requesting laboratory tests in Brazil: how the medical request works","Requesting laboratory tests in Brazil: how the medical request works","6","not separately parsed","6","a4a1ed462a451c673e35b589b34e9e9f690647a63a4e8ec5144eb8583879014c","not newly clinically verified","unchanged","https://www.myglobalhealth.online/brazil/en/blog/laboratory-test-request-brazil","index, follow"
"https://www.myglobalhealth.online/brazil/en/blog/medical-review-policy","en","article","sitemap","200","hold","Existing publication retained; genuine clinical/native review or Brazilian legal approval needed for body changes","","0","4","Medical Review Policy — Global Health Brazil","Medical Review Policy — Global Health Brazil","How Global Health writes, reviews and updates the health articles published for Brazil: who writes them, which registered physician signs them off, and the editorial standards we hold ourselves to.","How Global Health writes, reviews and updates the health articles published for Brazil: who writes them, which registered physician signs them off, and the editorial standards we hold ourselves to.","How we write and review medical content","How we write and review medical content","0","not separately parsed","0","b47429eb5cdfdb039cb272cb01177f5eadb954aff9e526ad2ebdac6c2c2ed0e2","not newly clinically verified","unchanged","https://www.myglobalhealth.online/brazil/en/blog/medical-review-policy","index, follow"
"https://www.myglobalhealth.online/brazil/en/blog/online-medical-certificate-brazil","en","article","sitemap","200","hold","Existing publication retained; genuine clinical/native review or Brazilian legal approval needed for body changes","posso pedir atestado (1 impressions)","0","15","Online medical certificate in Brazil: is it valid?","Online medical certificate in Brazil: is it valid?","Online medical certificate in Brazil: when it counts at work, what it must contain, how employers check the digital signature and when it does not apply.","Online medical certificate in Brazil: when it counts at work, what it must contain, how employers check the digital signature and when it does not apply.","Online medical certificate in Brazil: when it counts and what it must contain","Online medical certificate in Brazil: when it counts and what it must contain","6","not separately parsed","6","46dba0ead6ab832f292ad1c86f6607c2084ad609261e61733dde552e56af15b5","not newly clinically verified","unchanged","https://www.myglobalhealth.online/brazil/en/blog/online-medical-certificate-brazil","index, follow"
"https://www.myglobalhealth.online/brazil/en/book","en","book","sitemap","200","retain with evidence","Observed live HTTP/canonical/metadata; no justified rewrite in focused commercial batch; body not newly verified","","0","3","Book your consultation — Brazil · Global Health","Book your consultation — Brazil · Global Health","Brazil medical clinic. Choose a service, clinician, time, and patient details.","Brazil medical clinic. Choose a service, clinician, time, and patient details.","","","0","not separately parsed","0","f48f0df36d1c3b0db9f82765f096efcdd43b1875e4afd836d5a28e1cfbe958f2","not newly clinically verified","unchanged","https://www.myglobalhealth.online/brazil/en/book","index, follow"
"https://www.myglobalhealth.online/brazil/en/careers","en","careers","sitemap","200","retain with evidence","Observed live HTTP/canonical/metadata; no justified rewrite in focused commercial batch; body not newly verified","medical line (1 impressions)","2","19","Careers at Global Health Brazil","Careers at Global Health Brazil","Join Global Health in Brazil. We work with registered doctors, clinical support and technology teams across Europe and Brazil. See how to apply.","Join Global Health in Brazil. We work with registered doctors, clinical support and technology teams across Europe and Brazil. See how to apply.","Careers at Global Health","Careers at Global Health","0","not separately parsed","0","cfe47f6737fbdfae7a257240c348bfd52861bfffd627f64ae1f662904e059f46","not newly clinically verified","unchanged","https://www.myglobalhealth.online/brazil/en/careers","index, follow"
"https://www.myglobalhealth.online/brazil/en/contact","en","contact","sitemap","200","retain with evidence","Observed live HTTP/canonical/metadata; no justified rewrite in focused commercial batch; body not newly verified","help global brazil login (9 impressions) | clinic global health (3 impressions) | help global brazil (2 impressions)","0","84","Contact Global Health Brazil | Online Doctor · Global Health","Contact Global Health Brazil | Online Doctor · Global Health","Contact Global Health Brazil: info@myglobalhealth.online. Online video consultations with registered doctors, in Portuguese and English.","Contact Global Health Brazil: info@myglobalhealth.online. Online video consultations with registered doctors, in Portuguese and English.","Contact Global Health Brazil","Contact Global Health Brazil","4","not separately parsed","4","a62307b3b36e06f3061d3ae51b40da7422b8dad1d8087bb95fdc3f9170b6a31d","not newly clinically verified","unchanged","https://www.myglobalhealth.online/brazil/en/contact","index, follow"
"https://www.myglobalhealth.online/brazil/en/doctors","en","doctors","sitemap","200","retain with evidence","Observed live HTTP/canonical/metadata; no justified rewrite in focused commercial batch; body not newly verified","doctor visit crm pharma (3 impressions)","1","24","CRM-Registered Doctors | Online Consultations in Brazil","CRM-Registered Doctors | Online Consultations in Brazil","See CRM/CFM-registered doctors available online in Brazil. Family medicine, Palliative Care and telemedicine. Book same-day.","See CRM/CFM-registered doctors available online in Brazil. Family medicine, Palliative Care and telemedicine. Book same-day.","Doctors who actually pick up.","Doctors who actually pick up.","8","not separately parsed","8","2a7fba8dc004c2a4b7aa251d173a26e6867ee50ec428165e9243b06a406e51bb","not newly clinically verified","unchanged","https://www.myglobalhealth.online/brazil/en/doctors","index, follow"
"https://www.myglobalhealth.online/brazil/en/doctors/dr-renato-sarmento","en","doctor","sitemap","200","change","Remove unsupported availability/document promises; exact packet requires clinical review","","0","0","Dr. Renato Sarmento — Family and Community Medicine","Dr. Renato Sarmento — Family and Community Medicine","Dr. Renato Sarmento — Family and Community Medicine in Brazil. Book an online video consultation with Global Health.","Book a video consultation with Dr. Renato Sarmento in Portuguese, English or Spanish. Check available appointments before booking.","Dr. Renato Sarmento","Dr. Renato Sarmento","6","0","6","b8827b043102c52fcee67cba93ef8d778f9e82f9848baefe510a719c7ae16cb1","required; no approval","prepared locally; not applied","https://www.myglobalhealth.online/brazil/en/doctors/dr-renato-sarmento","index, follow"
"https://www.myglobalhealth.online/brazil/en/dr-renato","en","dr-renato","internal link","200","verify further","Dedicated clinician landing page requires separate storage ownership and content review","","0","0","Online consultation with a family doctor","Online consultation with a family doctor","A private video consultation with a Brazil-registered family doctor, for Brazilian patients anywhere in the world.","A private video consultation with a Brazil-registered family doctor, for Brazilian patients anywhere in the world.","Online consultation with your family doctor","Online consultation with your family doctor","6","not separately parsed","0","0cf130331ce9ce1723721f1f4da76058673eeb39160678cff605990287c5cfa6","not newly clinically verified","unchanged","https://www.myglobalhealth.online/brazil/en/dr-renato","noindex, nofollow"
"https://www.myglobalhealth.online/brazil/en/faq","en","faq","sitemap","200","verify further","Existing authored FAQ integration; document signing/Atesta operational fact unresolved","help global brazil (1 impressions)","0","17","Frequently asked questions — Brazil · Global Health","Frequently asked questions — Brazil · Global Health","Brazil — Booking, payment, consultations, privacy, and when online care is not the right route. Can't find what you need? Drop us a line.","Brazil — Booking, payment, consultations, privacy, and when online care is not the right route. Can't find what you need? Drop us a line.","Questions, answered without the marketing speak.","Questions, answered without the marketing speak.","code-owned country groups","0","18","5eca72642d73bedb8e3a98acc3f623dd37d57380d75170d2bcb8dc37af8c7510","not newly clinically verified","unchanged","https://www.myglobalhealth.online/brazil/en/faq","index, follow"
"https://www.myglobalhealth.online/brazil/en/gp-consultation-online","en","gp-consultation-online","sitemap","200","retain with evidence","Observed live HTTP/canonical/metadata; no justified rewrite in focused commercial batch; body not newly verified","","0","8","Online GP Consultation in Brasil | Global Health","Online GP Consultation in Brasil | Global Health","Online GP consultations with doctors registered with Conselho Federal de Medicina (CFM) / CRM.","Online GP consultations with doctors registered with Conselho Federal de Medicina (CFM) / CRM.","Online GP Consultation in Brasil","Online GP Consultation in Brasil","5","not separately parsed","5","d62ea38ad4eb0f4d5bfd3afd90f8a5d6da209080d94498eb98dfc049c5b9a3bb","not newly clinically verified","unchanged","https://www.myglobalhealth.online/brazil/en/gp-consultation-online","index, follow"
"https://www.myglobalhealth.online/brazil/en/legal","en","legal","sitemap","200","hold","Existing publication retained; genuine clinical/native review or Brazilian legal approval needed for body changes","","0","3","Legal information. · Brazil · Global Health","Legal information. · Brazil · Global Health","Legal documents, company registration and regulatory details for Global Health in Brazil.","Legal documents, company registration and regulatory details for Global Health in Brazil.","Legal information.","Legal information.","0","not separately parsed","0","41fa41ceff8d32b91de1ccf54e6992cd012955232c62f88992da16f1102e6944","not newly clinically verified","unchanged","https://www.myglobalhealth.online/brazil/en/legal","index, follow"
"https://www.myglobalhealth.online/brazil/en/legal/complaints-procedure","en","legal","sitemap","200","hold","Existing publication retained; genuine clinical/native review or Brazilian legal approval needed for body changes","","0","16","Complaints Procedure · Brazil · Global Health","Complaints Procedure · Brazil · Global Health","Complaints Procedure. Legal documents, company registration and regulatory details for Global Health in Brazil.","Complaints Procedure. Legal documents, company registration and regulatory details for Global Health in Brazil.","Complaints Procedure","Complaints Procedure","0","not separately parsed","0","ca8dedf325d19a9aa99051ba008da55f4482f2d3e2407a2d5210227bc7258c91","not newly clinically verified","unchanged","https://www.myglobalhealth.online/brazil/en/legal/complaints-procedure","index, follow"
"https://www.myglobalhealth.online/brazil/en/legal/cookie-policy","en","legal","sitemap","200","hold","Existing publication retained; genuine clinical/native review or Brazilian legal approval needed for body changes","","0","0","Cookie Policy · Brazil · Global Health","Cookie Policy · Brazil · Global Health","Cookie Policy. Legal documents, company registration and regulatory details for Global Health in Brazil.","Cookie Policy. Legal documents, company registration and regulatory details for Global Health in Brazil.","Cookie Policy","Cookie Policy","0","not separately parsed","0","084bd8c37000a3e13d10225e5a451fcec55557e7d2f2dd5997060fdb5ff74328","not newly clinically verified","unchanged","https://www.myglobalhealth.online/brazil/en/legal/cookie-policy","index, follow"
"https://www.myglobalhealth.online/brazil/en/legal/medical-disclaimer","en","legal","internal link","200","hold","Existing publication retained; genuine clinical/native review or Brazilian legal approval needed for body changes","","0","0","Aviso Médico · Brazil · Global Health","Aviso Médico · Brazil · Global Health","Aviso Médico. Legal documents, company registration and regulatory details for Global Health in Brazil.","Aviso Médico. Legal documents, company registration and regulatory details for Global Health in Brazil.","Aviso Médico","Aviso Médico","0","not separately parsed","0","6c1aedfd0218e0318deb2f73f562af25b8be41e8c16c931773a42ecaa9750414","not newly clinically verified","unchanged","https://www.myglobalhealth.online/brazil/en/legal/medical-disclaimer","noindex, follow"
"https://www.myglobalhealth.online/brazil/en/legal/privacy-policy","en","legal","sitemap","200","hold","Existing publication retained; genuine clinical/native review or Brazilian legal approval needed for body changes","","0","22","Privacy Policy · Brazil · Global Health","Privacy Policy · Brazil · Global Health","Privacy Policy. Legal documents, company registration and regulatory details for Global Health in Brazil.","Privacy Policy. Legal documents, company registration and regulatory details for Global Health in Brazil.","Privacy Policy","Privacy Policy","0","not separately parsed","0","27210c8ca99898921fd574fe3ee5bfaeddeb16788d98ddf1430357b95e9bee2a","not newly clinically verified","unchanged","https://www.myglobalhealth.online/brazil/en/legal/privacy-policy","index, follow"
"https://www.myglobalhealth.online/brazil/en/legal/refund-policy","en","legal","sitemap","200","hold","Existing publication retained; genuine clinical/native review or Brazilian legal approval needed for body changes","","0","5","Refund Policy · Brazil · Global Health","Refund Policy · Brazil · Global Health","Refund Policy. Legal documents, company registration and regulatory details for Global Health in Brazil.","Refund Policy. Legal documents, company registration and regulatory details for Global Health in Brazil.","Refund Policy","Refund Policy","0","not separately parsed","0","ba541fe92742fb7ac69fdbd7a41088e7beb6308b360e61fc15b2cf57042dcea6","not newly clinically verified","unchanged","https://www.myglobalhealth.online/brazil/en/legal/refund-policy","index, follow"
"https://www.myglobalhealth.online/brazil/en/legal/terms-of-service","en","legal","sitemap","200","hold","Existing publication retained; genuine clinical/native review or Brazilian legal approval needed for body changes","","0","0","Terms and Conditions · Brazil · Global Health","Terms and Conditions · Brazil · Global Health","Terms and Conditions. Legal documents, company registration and regulatory details for Global Health in Brazil.","Terms and Conditions. Legal documents, company registration and regulatory details for Global Health in Brazil.","Terms and Conditions","Terms and Conditions","0","not separately parsed","0","fc3a4a3b79ff119cbfae421b8406ee75cf67f850c1d6e5b2d1f3de7e9ad00a96","not newly clinically verified","unchanged","https://www.myglobalhealth.online/brazil/en/legal/terms-of-service","index, follow"
"https://www.myglobalhealth.online/brazil/en/press","en","press","sitemap","200","retain with evidence","Observed live HTTP/canonical/metadata; no justified rewrite in focused commercial batch; body not newly verified","global help (1 impressions)","0","15","Press & Media — Global Health Brazil","Press & Media — Global Health Brazil","Press information about Global Health in Brazil: who operates the service, how it is regulated, the markets we serve and how to reach our press contact.","Press information about Global Health in Brazil: who operates the service, how it is regulated, the markets we serve and how to reach our press contact.","Press & media","Press & media","0","not separately parsed","0","8068a951d1113bc2901704470aba882e1af751ae7ac4e7e9180937d1b4660cff","not newly clinically verified","unchanged","https://www.myglobalhealth.online/brazil/en/press","index, follow"
"https://www.myglobalhealth.online/brazil/en/pricing","en","pricing","sitemap","200","verify further","Plan offer and individual consultation pricing must be reconciled with business scope","","0","0","Choose your monthly plan · Brazil · Global Health","Choose your monthly plan · Brazil · Global Health","Monthly online GP care with consultation credits, specialist savings and wellness rewards, priced for Brazil.","Monthly online GP care with consultation credits, specialist savings and wellness rewards, priced for Brazil.","Care that renews with you","Care that renews with you","0","not separately parsed","0","74ccd3de8f0d8fad893ce636baa6a2ccfc69f2600d5f63006f8f28e464a864dd","not newly clinically verified","unchanged","https://www.myglobalhealth.online/brazil/en/pricing","index, follow"
"https://www.myglobalhealth.online/brazil/en/services/atestado-medico-online","en","service","sitemap","200","change","Remove unsupported availability/document promises; exact packet requires clinical review","ganho atestado (1 impressions)","2","32","Online Medical Certificate Brazil | Valid for Work and School | Same Day","Medical certificate assessment | Global Health Brazil","Medical certificate with legal validity issued by a general practitioner via teleconsultation. Accepted at work and at school according to CLT art. 473. Doctors with active CRM. Same day, from anywhere in Brazil.","Book a medical assessment by video. A medical certificate depends on the assessment; booking does not guarantee a document or its acceptance.","Online Medical Certificate — Valid for Work and School, Same Day","Medical certificate: video assessment","8","0","8","2553d6f8ceb3bca2d1e9e73a45f87bc6737c0812d330a8398013a262b5895f0f","required; no approval","prepared locally; not applied","https://www.myglobalhealth.online/brazil/en/services/atestado-medico-online","index, follow"
"https://www.myglobalhealth.online/brazil/en/services/consulta-clinica-online","en","service","sitemap","200","change","Remove unsupported availability/document promises; exact packet requires clinical review","","0","0","Online Medical Consultation Brazil | General Practitioner | Same Day","Online Medical Consultation Brazil | General Practitioner","Consultation with a general practitioner by video call, valid medical certificate and test request. No waiting line. Doctors with active CRM, available throughout Brazil. Same-day scheduling.","Discuss symptoms and general health with a doctor by video. Check appointment times and the price before booking.","Online Medical Consultation — General Practitioner by Video Call, Same Day","Online Medical Consultation — General Practitioner by Video Call","9","0","9","9b4258e7009fa2a0ee6bc17cd627283caed4160bf9ceeecdc0ae4e77f5d61cae","required; no approval","prepared locally; not applied","https://www.myglobalhealth.online/brazil/en/services/consulta-clinica-online","index, follow"
"https://www.myglobalhealth.online/brazil/en/services/consulta-pele-online","en","service","sitemap","200","change","Remove unsupported availability/document promises; exact packet requires clinical review","","0","19","Online Skin Consultation Brazil | General Practitioner | Same Day","Online Skin Consultation Brazil | General Practitioner","Skin consultation with a general practitioner by video call. Acne, eczema, spots, infections, and much more. Doctors with active CRM. Same day, from anywhere in Brazil.","Skin Consultation: video consultation with a family doctor. Check appointments, price and care limitations before booking.","Online Skin Consultation — Evaluation with a General Practitioner by Video Call","Online Skin Consultation — Evaluation with a General Practitioner by Video Call","7","0","7","dfd946d656fed58f5da7a37a6dec4297c4860647e1b109e84c2f83b8d32f732f","required; no approval","prepared locally; not applied","https://www.myglobalhealth.online/brazil/en/services/consulta-pele-online","index, follow"
"https://www.myglobalhealth.online/brazil/en/services/controle-peso-online","en","service","sitemap","200","change","Remove unsupported availability/document promises; exact packet requires clinical review","","0","3","Online Weight Management Brazil | Medical Evaluation | Same Day","Online Weight Management Brazil | Medical Evaluation","Weight control consultation with a general practitioner by video call. Medical evaluation, test requests and personalized guidance. Doctors with active CRM. Same day, from anywhere in Brazil.","Weight Control: video consultation with a family doctor. Check appointments, price and care limitations before booking.","Online Weight Management — Medical Evaluation by Video Call","Online Weight Management — Medical Evaluation by Video Call","8","0","8","73c80e3f3a58106403ece94e752651ee0fba02647e668a00e47619786677f6ac","required; no approval","prepared locally; not applied","https://www.myglobalhealth.online/brazil/en/services/controle-peso-online","index, follow"
"https://www.myglobalhealth.online/brazil/en/services/doencas-cronicas-online","en","service","sitemap","200","change","Remove unsupported availability/document promises; exact packet requires clinical review","","0","3","Chronic Diseases Online Brazil | Medical Follow-up | Same Day","Chronic Diseases Online Brazil | Medical Follow-up","Follow-up of chronic conditions with a general practitioner by video call. Hypertension, diabetes, hypothyroidism, and much more. Doctors with active CRM. Same day, from anywhere in Brazil.","Chronic Diseases: video consultation with a family doctor. Check appointments, price and care limitations before booking.","Chronic Diseases Online — Medical Follow-up by Video Call","Chronic Diseases Online — Medical Follow-up by Video Call","9","0","9","69daf928ee72ff58fedcffcf295c5f6aa34226413bbce2c3131ffd2fc4fb362e","required; no approval","prepared locally; not applied","https://www.myglobalhealth.online/brazil/en/services/doencas-cronicas-online","index, follow"
"https://www.myglobalhealth.online/brazil/en/services/musculoesqueletico-online","en","service","sitemap","200","change","Remove unsupported availability/document promises; exact packet requires clinical review","","0","1","Muscle and Joint Pain Online Brazil | General Practitioner | Same Day","Muscle and Joint Pain Online Brazil | General Practitioner","Consultation for back pain, joint pain, muscle injuries and other musculoskeletal complaints by video call. Doctors with active CRM. Same day, from anywhere in Brazil.","Musculoskeletal: video consultation with a family doctor. Check appointments, price and care limitations before booking.","Online Muscle and Joint Pain — Assessment with a General Practitioner by Video Call","Online Muscle and Joint Pain — Assessment with a General Practitioner by Video Call","8","0","8","b10af9e42722d592527f67162f32f6de8471a2ed8813cf1464972b88ebc6d125","required; no approval","prepared locally; not applied","https://www.myglobalhealth.online/brazil/en/services/musculoesqueletico-online","index, follow"
"https://www.myglobalhealth.online/brazil/en/services/parar-de-fumar-online","en","service","sitemap","200","change","Remove unsupported availability/document promises; exact packet requires clinical review","","0","9","Quit Smoking Online Brazil | Medical Support | Same Day","Quit Smoking Online Brazil | Medical Support","Consultation to quit smoking with a general practitioner by video call. Assessment of dependence, personalized plan, and guidance on treatment. Doctors with active CRM. Same day, from anywhere in Brazil.","Quit Smoking: video consultation with a family doctor. Check appointments, price and care limitations before booking.","Quit Smoking Online — Medical Evaluation and Personalized Plan via Video Call","Quit Smoking Online — Medical Evaluation and Personalized Plan via Video Call","9","0","9","e5a04c2fbea80b76b5670758f0badf84c62c5ad0f940e01a8436dd9be99c7268","required; no approval","prepared locally; not applied","https://www.myglobalhealth.online/brazil/en/services/parar-de-fumar-online","index, follow"
"https://www.myglobalhealth.online/brazil/en/services/pediatria-online","en","service","sitemap","200","change","Remove unsupported availability/document promises; exact packet requires clinical review","","0","6","Online Pediatrics Brazil | Pediatric Consultation | Same Day","Child health: family doctor online | Brazil","Pediatric consultation with a general practitioner by video call. Fever, infections, questions about development and much more. Doctors with active CRM. Same day, from anywhere in Brazil.","Video care for children and adolescents with a family doctor. Check times and price. This is not a specialist pediatric appointment.","Online Pediatrics — Pediatric Consultation by Video Call, Same Day","Child and adolescent health with a family doctor","8","0","8","42ac53189617a253bc552b2008bfaac7d8135cb4414770c6ade36ff775b0c3f7","required; no approval","prepared locally; not applied","https://www.myglobalhealth.online/brazil/en/services/pediatria-online","index, follow"
"https://www.myglobalhealth.online/brazil/en/services/queda-cabelo-online","en","service","sitemap","200","change","Remove unsupported availability/document promises; exact packet requires clinical review","","0","6","Hair Loss Online Brazil | Medical Evaluation | Same Day","Hair Loss Online Brazil | Medical Evaluation","Hair loss consultation with a general practitioner by video call. Evaluation of causes, ordering tests and guidance on treatment. Physicians with active CRM. Same day, from anywhere in Brazil.","Hair Loss: video consultation with a family doctor. Check appointments, price and care limitations before booking.","Online Hair Loss — Medical Evaluation by Video Call","Online Hair Loss — Medical Evaluation by Video Call","8","0","8","65015b46b0fb2b71733b151771f7351a33069aca6f51ab93c49511966179c152","required; no approval","prepared locally; not applied","https://www.myglobalhealth.online/brazil/en/services/queda-cabelo-online","index, follow"
"https://www.myglobalhealth.online/brazil/en/services/renovacao-receita-online","en","service","sitemap","200","change","Remove unsupported availability/document promises; exact packet requires clinical review","","0","3","Online Prescription Renewal Brazil | General Practitioner | Same Day","Online Prescription Renewal Brazil | General Practitioner","Renew your medical prescription by video call with a general practitioner. Electronic prescription valid at pharmacies throughout Brazil. No waiting line. Doctors with active CRM. Same-day scheduling.","Prescription Renewal: video consultation with a family doctor. Check appointments, price and care limitations before booking.","Online Prescription Renewal — Continuous Medication Without Leaving Home","Online Prescription Renewal — Continuous Medication Without Leaving Home","8","0","8","95ba0bde725f604c92dc7b5796e9f8885bc90e4b9605ac654e80e29f768ae2c1","required; no approval","prepared locally; not applied","https://www.myglobalhealth.online/brazil/en/services/renovacao-receita-online","index, follow"
"https://www.myglobalhealth.online/brazil/en/services/saude-da-mulher-online","en","service","sitemap","200","change","Remove unsupported availability/document promises; exact packet requires clinical review","","0","0","Women's Health Online Brazil | General Practitioner | Same Day","Women's Health Online Brazil | General Practitioner","Women's health consultation by video call with a general practitioner. Hormonal health, contraception, reproductive health and much more. Doctors with active CRM. Same day, from anywhere in Brazil.","Women's Health: video consultation with a family doctor. Check appointments, price and care limitations before booking.","Women's Health Online — Consultation with General Practitioner by Video Call","Women's Health Online — Consultation with General Practitioner by Video Call","8","0","8","48f81e01af8390772038c3b8baedc28aac45376adf279137833d711f9b48a088","required; no approval","prepared locally; not applied","https://www.myglobalhealth.online/brazil/en/services/saude-da-mulher-online","index, follow"
"https://www.myglobalhealth.online/brazil/en/services/saude-do-homem-online","en","service","sitemap","200","change","Remove unsupported availability/document promises; exact packet requires clinical review","","0","0","Men's Health Online Brazil | General Practitioner | Same Day","Men's Health Online Brazil | General Practitioner","Men’s health consultation by video call with a general practitioner. Sexual health, hair loss, check-up and much more. Doctors with active CRM. Same day, from anywhere in Brazil.","Men's Health: video consultation with a family doctor. Check appointments, price and care limitations before booking.","Men’s Health Online — Consultation with General Practitioner by Video Call","Men’s Health Online — Consultation with General Practitioner by Video Call","8","0","8","6b353602054a88309d2a7a3d8b3076af87a55a347a8c1d097e9fa1f3fe1b397d","required; no approval","prepared locally; not applied","https://www.myglobalhealth.online/brazil/en/services/saude-do-homem-online","index, follow"
"https://www.myglobalhealth.online/brazil/en/services/saude-idoso-online","en","service","sitemap","200","change","Remove unsupported availability/document promises; exact packet requires clinical review","","0","1","Senior Health Online Brazil | General Practitioner | Same Day","Senior Health Online Brazil | General Practitioner","Elderly health consultation with a general practitioner by video call. Medication review, cognitive assessment, fall prevention and much more. Doctors with an active CRM. Same day, from anywhere in Brazil.","Elderly Health: video consultation with a family doctor. Check appointments, price and care limitations before booking.","Senior Health Online — Consultation with a General Practitioner by Video Call","Senior Health Online — Consultation with a General Practitioner by Video Call","9","0","9","4067be0ac1ff939a61a8fdedb9d2249fca8985d9b9f72c8b79ce4c061a19e287","required; no approval","prepared locally; not applied","https://www.myglobalhealth.online/brazil/en/services/saude-idoso-online","index, follow"
"https://www.myglobalhealth.online/brazil/en/services/saude-mental-online","en","service","sitemap","200","change","Remove unsupported availability/document promises; exact packet requires clinical review","","0","0","Online Mental Health Brazil | Anxiety and Depression | General Practitioner","Online Mental Health Brazil | Anxiety and Depression | General Practitioner","Talk to a general practitioner about anxiety, depression, stress, or burnout by video call. Assessment, guidance, and referral when necessary. Doctors with active CRM. Same day, throughout Brazil.","Mental Health: video consultation with a family doctor. Check appointments, price and care limitations before booking.","Online Mental Health — Assessment with General Practitioner by Video Call","Online Mental Health — Assessment with General Practitioner by Video Call","9","0","9","d51cf052c45a3121a80572b311527be7cb5b02fef72e01769ccc3fc6ac647af9","required; no approval","prepared locally; not applied","https://www.myglobalhealth.online/brazil/en/services/saude-mental-online","index, follow"
"https://www.myglobalhealth.online/brazil/en/services/saude-sexual-ist-online","en","service","sitemap","200","change","Remove unsupported availability/document promises; exact packet requires clinical review","","0","44","Sexual Health and STIs Online Brazil | General Practitioner | Same Day","Sexual Health and STIs Online Brazil | General Practitioner","Sexual health consultation and STI screening with a general practitioner by video call. Syphilis, HIV, hepatitis, PrEP, and much more. Doctors with an active medical license. Same day, from anywhere in Brazil.","Sexual Health and STIs: video consultation with a family doctor. Check appointments, price and care limitations before booking.","Sexual Health and STIs Online — Assessment with General Practitioner by Video Call","Sexual Health and STIs Online — Assessment with General Practitioner by Video Call","10","0","10","34f0da50b2bdbc53f5cfe36a2e9cc770db31fa2ba004044c3ad458e6953e84ae","required; no approval","prepared locally; not applied","https://www.myglobalhealth.online/brazil/en/services/saude-sexual-ist-online","index, follow"
"https://www.myglobalhealth.online/brazil/en/services/saude-viagem-online","en","service","sitemap","200","change","Remove unsupported availability/document promises; exact packet requires clinical review","","0","23","Online Travel Health Brazil | Medical Consultation Before Traveling | Same Day","Online Travel Health Brazil | Medical Consultation Before Traveling","Travel health consultation with a general practitioner by video call. Guidance on vaccines, malaria prophylaxis, dengue, and much more. Doctors with an active medical license. Same day, from anywhere in Brazil.","Travel Health: video consultation with a family doctor. Check appointments, price and care limitations before booking.","Online Travel Health — Medical Guidance Before Traveling","Online Travel Health — Medical Guidance Before Traveling","8","0","8","69186de408ee651517e24bed877da43c895d785956b8f872ec17929fb505e7d0","required; no approval","prepared locally; not applied","https://www.myglobalhealth.online/brazil/en/services/saude-viagem-online","index, follow"
"https://www.myglobalhealth.online/brazil/en/services/segunda-opiniao-medica","en","service","sitemap","200","change","Remove unsupported availability/document promises; exact packet requires clinical review","","0","3","Online Medical Second Opinion Brazil | General Practitioner | Same Day","Online Medical Second Opinion Brazil | General Practitioner","Get an independent medical second opinion by video call. Review diagnoses, test results, and treatment plans with a general practitioner with an active medical registration. Same day, from anywhere in Brazil.","Second Medical Opinion: video consultation with a family doctor. Check appointments, price and care limitations before booking.","Online Second Medical Opinion — Independent Evaluation by Video Call","Online Second Medical Opinion — Independent Evaluation by Video Call","8","0","8","99f03e58fd05b2b60057f6013f34b48ee33076689c3b8cb74ac5d770949ce0ff","required; no approval","prepared locally; not applied","https://www.myglobalhealth.online/brazil/en/services/segunda-opiniao-medica","index, follow"
"https://www.myglobalhealth.online/brazil/en/services/solicitacao-exames-online","en","service","sitemap","200","change","Remove unsupported availability/document promises; exact packet requires clinical review","","2","4","Online Test Request Brazil | Same Day · Global Health","Online Test Request Brazil","Request blood tests, imaging and other laboratory tests via video call with a general practitioner. Test order valid at laboratories throughout Brazil. Doctors with active CRM. Same day.","Discuss whether you need tests with a doctor by video. Any test request depends on the clinical assessment. Check times and price.","Online Test Request — by Video Call, Same Day","Online Test Request — by Video Call","8","0","8","71d9dd4c07f4a6efe97058983f8533208f14a907bc68fbf5d33540980413d8d9","required; no approval","prepared locally; not applied","https://www.myglobalhealth.online/brazil/en/services/solicitacao-exames-online","index, follow"
"https://www.myglobalhealth.online/brazil/en/tools/adhd-test","en","tool","sitemap","200","retain with evidence","Observed live HTTP/canonical/metadata; no justified rewrite in focused commercial batch; body not newly verified","","0","3","ADHD Test Brazil | Free Adult ADHD Screening · Global Health","ADHD Test Brazil | Free Adult ADHD Screening · Global Health","Take the six-question adult ADHD screener (ASRS v1.1 Part A) and see what your answers mean. A screening result is not a diagnosis — only a psychiatrist or clinical psychologist can make one.","Take the six-question adult ADHD screener (ASRS v1.1 Part A) and see what your answers mean. A screening result is not a diagnosis — only a psychiatrist or clinical psychologist can make one.","ADHD test Brazil","ADHD test Brazil","8","not separately parsed","8","35d655792dc8c4ca4832879609f423a361acffdcfc2a6dc015af6acca0a4907d","not newly clinically verified","unchanged","https://www.myglobalhealth.online/brazil/en/tools/adhd-test","index, follow"
"https://www.myglobalhealth.online/brazil/en/tools/blood-pressure-chart","en","tool","sitemap","200","retain with evidence","Observed live HTTP/canonical/metadata; no justified rewrite in focused commercial batch; body not newly verified","bp rate in brazil (4 impressions)","0","29","Blood Pressure Chart Brazil | What Your Reading Means","Blood Pressure Chart Brazil | What Your Reading Means","Check your systolic and diastolic numbers against the European adult blood pressure chart. See the category, what it means, and which readings need medical care the same day.","Check your systolic and diastolic numbers against the European adult blood pressure chart. See the category, what it means, and which readings need medical care the same day.","Blood pressure chart Brazil","Blood pressure chart Brazil","8","not separately parsed","8","35eb9cb74329f54d7d3b75e7c784cefc693e987c216e617b61b00bc2e8cfe00b","not newly clinically verified","unchanged","https://www.myglobalhealth.online/brazil/en/tools/blood-pressure-chart","index, follow"
"https://www.myglobalhealth.online/brazil/en/tools/bmi-calculator","en","tool","sitemap","200","retain with evidence","Observed live HTTP/canonical/metadata; no justified rewrite in focused commercial batch; body not newly verified","","0","1","BMI Calculator Brazil | Free Body Mass Index Check","BMI Calculator Brazil | Free Body Mass Index Check","Work out your body mass index in seconds. Metric or imperial, WHO adult categories, and what your result actually means — with registered doctors if you want to go further.","Work out your body mass index in seconds. Metric or imperial, WHO adult categories, and what your result actually means — with registered doctors if you want to go further.","BMI calculator Brazil","BMI calculator Brazil","8","not separately parsed","8","937441c5c64bf4e3e0cdbb23a31fc835014709f1aab111cc1acdb852ebdc60af","not newly clinically verified","unchanged","https://www.myglobalhealth.online/brazil/en/tools/bmi-calculator","index, follow"
"https://www.myglobalhealth.online/brazil/en/tools/calorie-calculator","en","tool","sitemap","200","retain with evidence","Observed live HTTP/canonical/metadata; no justified rewrite in focused commercial batch; body not newly verified","","0","2","Calorie Calculator Brazil | Daily Calorie Needs","Calorie Calculator Brazil | Daily Calorie Needs","Work out how many calories you need a day to maintain, lose or gain weight. Mifflin-St Jeor equation, five activity levels, and what the numbers actually mean — with registered doctors if you want to go further.","Work out how many calories you need a day to maintain, lose or gain weight. Mifflin-St Jeor equation, five activity levels, and what the numbers actually mean — with registered doctors if you want to go further.","Calorie calculator Brazil","Calorie calculator Brazil","8","not separately parsed","8","e40a5b9a4cc2173c18cf399eea2fed6b569d722481ec1474cc0369921cc461ff","not newly clinically verified","unchanged","https://www.myglobalhealth.online/brazil/en/tools/calorie-calculator","index, follow"
"https://www.myglobalhealth.online/brazil/en/tools/due-date-calculator","en","tool","sitemap","200","retain with evidence","Observed live HTTP/canonical/metadata; no justified rewrite in focused commercial batch; body not newly verified","due pregnant (2 impressions) | calcular data do parto pela lua online (1 impressions) | due pregnancy (1 impressions)","0","18","Due Date Calculator Brazil | Pregnancy Week by Week","Due Date Calculator Brazil | Pregnancy Week by Week","Work out your estimated due date and how many weeks pregnant you are from the first day of your last period. Adjusts for your cycle length, with the full 40-week breakdown.","Work out your estimated due date and how many weeks pregnant you are from the first day of your last period. Adjusts for your cycle length, with the full 40-week breakdown.","Due date calculator Brazil","Due date calculator Brazil","8","not separately parsed","8","48b90a08dffbf307a8c7faeb32c72b1044904f5163b77161d3e200429341b31e","not newly clinically verified","unchanged","https://www.myglobalhealth.online/brazil/en/tools/due-date-calculator","index, follow"
"https://www.myglobalhealth.online/brazil/en/tools/osteoporosis-risk-checker","en","tool","sitemap","200","retain with evidence","Observed live HTTP/canonical/metadata; no justified rewrite in focused commercial batch; body not newly verified","","0","9","Osteoporosis Risk Checker Brazil | Should You Get a Bone Density Scan?","Osteoporosis Risk Checker Brazil | Should You Get a Bone Density Scan?","Check the published risk factors for osteoporosis and fragility fracture, and see whether guidelines recommend you be assessed. Not FRAX, not a diagnosis — a case-finding checklist you can bring to a doctor.","Check the published risk factors for osteoporosis and fragility fracture, and see whether guidelines recommend you be assessed. Not FRAX, not a diagnosis — a case-finding checklist you can bring to a doctor.","Osteoporosis risk checker Brazil","Osteoporosis risk checker Brazil","8","not separately parsed","8","99e03c52ee63c84d887215e97367a123585eee8e0af064334e80bf01b0561806","not newly clinically verified","unchanged","https://www.myglobalhealth.online/brazil/en/tools/osteoporosis-risk-checker","index, follow"
"https://www.myglobalhealth.online/brazil/en/tools/ovulation-calculator","en","tool","sitemap","200","retain with evidence","Observed live HTTP/canonical/metadata; no justified rewrite in focused commercial batch; body not newly verified","","0","4","Ovulation Calculator Brazil | Fertile Window Dates","Ovulation Calculator Brazil | Fertile Window Dates","Work out your fertile window and estimated ovulation day from the first day of your last period. Adjusts for your own cycle length, with the six most fertile days set out day by day.","Work out your fertile window and estimated ovulation day from the first day of your last period. Adjusts for your own cycle length, with the six most fertile days set out day by day.","Ovulation calculator Brazil","Ovulation calculator Brazil","8","not separately parsed","8","99128b5757074cfa217a1b8ba4ccc3730c138cb82e3fbd016c476b29b4628579","not newly clinically verified","unchanged","https://www.myglobalhealth.online/brazil/en/tools/ovulation-calculator","index, follow"
"https://www.myglobalhealth.online/brazil/en/tools/sore-throat-checker","en","tool","sitemap","200","retain with evidence","Observed live HTTP/canonical/metadata; no justified rewrite in focused commercial batch; body not newly verified","","0","0","Tonsillitis or Strep Throat? Checker Brazil · Global Health","Tonsillitis or Strep Throat? Checker Brazil · Global Health","Answer five questions about your sore throat and see how likely a bacterial cause is, using the McIsaac score clinicians use. Includes the warning signs that need urgent care. Not a diagnosis and not a strep test.","Answer five questions about your sore throat and see how likely a bacterial cause is, using the McIsaac score clinicians use. Includes the warning signs that need urgent care. Not a diagnosis and not a strep test.","Tonsillitis and strep throat checker Brazil","Tonsillitis and strep throat checker Brazil","8","not separately parsed","8","a9201b4c34b4787d5982d234252aaf58f6a0bfd2dbe23bc802cb80f8681f124d","not newly clinically verified","unchanged","https://www.myglobalhealth.online/brazil/en/tools/sore-throat-checker","index, follow"
"https://www.myglobalhealth.online/brazil/es","es","home","sitemap","200","verify further","Registados and specialist claim require exact homepage source revision","certificado médico online (2 impressions) | site:www.myglobalhealth.online (2 impressions) | medicina online brasil (1 impressions)","6","100","Médico Online Brasil | Médicos y Especialistas Colegiados","Médico Online Brasil | Médicos y Especialistas Colegiados","Consulte hoy con un médico colegiado por videollamada — consultas de medicina general, certificados médicos, derivaciones a especialistas. Citas el mismo día en Brasil.","Consulte hoy con un médico colegiado por videollamada — consultas de medicina general, certificados médicos, derivaciones a especialistas. Citas el mismo día en Brasil.","Atención médica online en Brasil","Atención médica online en Brasil","6","not separately parsed","5","6f182de99b38df6411a4cfb36fea0b31bb44b77dca2af02e00045987da55765f","not newly clinically verified","unchanged","https://www.myglobalhealth.online/brazil/es","index, follow"
"https://www.myglobalhealth.online/brazil/es/about","es","about","sitemap","200","retain with evidence","Observed live HTTP/canonical/metadata; no justified rewrite in focused commercial batch; body not newly verified","consulta online brasil (2 impressions) | global health (2 impressions) | help global brazil (2 impressions)","0","26","Sobre Global Health Brasil | Médicos online · Global Health","Sobre Global Health Brasil | Médicos online · Global Health","Global Health Brasil: consultas online por videollamada con médicos colegiados en Conselho Federal de Medicina, en Portugués / Inglés. Qué ofrecemos y quiénes somos.","Global Health Brasil: consultas online por videollamada con médicos colegiados en Conselho Federal de Medicina, en Portugués / Inglés. Qué ofrecemos y quiénes somos.","Sobre Global Health Brasil","Sobre Global Health Brasil","4","not separately parsed","4","19a7c1e6d3bd833b141c5b849559d45348425f894f02d9b2b86278b6b956bb97","not newly clinically verified","unchanged","https://www.myglobalhealth.online/brazil/es/about","index, follow"
"https://www.myglobalhealth.online/brazil/es/blog","es","blog","sitemap","200","retain with evidence","Observed live HTTP/canonical/metadata; no justified rewrite in focused commercial batch; body not newly verified","","0","0","Guías de salud de médicos colegiados en Brasil","Guías de salud de médicos colegiados en Brasil","Guías de salud basadas en evidencia para Brasil, escritas y revisadas por nuestro equipo médico. Sin anuncios.","Guías de salud basadas en evidencia para Brasil, escritas y revisadas por nuestro equipo médico. Sin anuncios.","Guías de salud de médicos colegiados.","Guías de salud de médicos colegiados.","0","not separately parsed","0","f07190329fc7a46d118e4d3d5d9a568e855de568f1188ffedb78f7cb7726d818","not newly clinically verified","unchanged","https://www.myglobalhealth.online/brazil/es/blog","index, follow"
"https://www.myglobalhealth.online/brazil/es/blog/certificado-medico-online-brasil","es","article","sitemap","200","hold","Existing publication retained; genuine clinical/native review or Brazilian legal approval needed for body changes","atestado medico brasil (3 impressions) | atestado virtual (1 impressions) | certificado médico mi licencia digital (1 impressions)","0","78","Certificado médico online en Brasil: ¿es válido?","Certificado médico online en Brasil: ¿es válido?","Certificado médico online en Brasil: cuándo vale ante la empresa, qué debe contener, cómo se comprueba la firma digital y cuándo no procede emitirlo.","Certificado médico online en Brasil: cuándo vale ante la empresa, qué debe contener, cómo se comprueba la firma digital y cuándo no procede emitirlo.","Certificado médico online en Brasil: cuándo vale y qué debe contener","Certificado médico online en Brasil: cuándo vale y qué debe contener","6","not separately parsed","6","9db580b18d328fbd8639ad0ca8eca8160634e90674c9644cca47eb339fce3b44","not newly clinically verified","unchanged","https://www.myglobalhealth.online/brazil/es/blog/certificado-medico-online-brasil","index, follow"
"https://www.myglobalhealth.online/brazil/es/blog/diabetes-la-enfermedad-silenciosa-3","es","article","sitemap","200","hold","Existing publication retained; genuine clinical/native review or Brazilian legal approval needed for body changes","","0","0","Diabetes en Brasil: Causas, Síntomas y Tratamientos","Diabetes en Brasil: Causas, Síntomas y Tratamientos","Guía completa sobre la diabetes en Brasil: causas, síntomas, tratamientos con GLP-1 y SGLT2, y cuidados esenciales. Escrito por un médico especialista.","Guía completa sobre la diabetes en Brasil: causas, síntomas, tratamientos con GLP-1 y SGLT2, y cuidados esenciales. Escrito por un médico especialista.","Diabetes: la enfermedad silenciosa","Diabetes: la enfermedad silenciosa","7","not separately parsed","7","a8c3d82a412f3ac0ddb8be0c6b2b00db726cfb979059c0bc09a4139c18147e75","not newly clinically verified","unchanged","https://www.myglobalhealth.online/brazil/es/blog/diabetes-la-enfermedad-silenciosa-3","index, follow"
"https://www.myglobalhealth.online/brazil/es/blog/el-certificado-de-asistencia-justifica-la-falta-la-diferencia-con-el-certificado","es","article","sitemap","200","hold","Existing publication retained; genuine clinical/native review or Brazilian legal approval needed for body changes","certificado de asistencia (1 impressions) | decreto 27.048/1949 art. 12 atestado médico falta justificada (1 impressions)","0","32","¿El certificado de asistencia justifica la falta? La ley","¿El certificado de asistencia justifica la falta? La ley","La diferencia entre el certificado de asistencia y el certificado médico, cuándo la CLT garantiza la ausencia, qué debe incluir el documento y qué puede indicar el médico.","La diferencia entre el certificado de asistencia y el certificado médico, cuándo la CLT garantiza la ausencia, qué debe incluir el documento y qué puede indicar el médico.","¿El certificado de asistencia justifica la falta? La diferencia con el certificado médico y qué garantiza la CLT","¿El certificado de asistencia justifica la falta? La diferencia con el certificado médico y qué garantiza la CLT","4","not separately parsed","4","78250741f08218274de8642c9b1b5150150415b12363678016001924f6495a04","not newly clinically verified","unchanged","https://www.myglobalhealth.online/brazil/es/blog/el-certificado-de-asistencia-justifica-la-falta-la-diferencia-con-el-certificado","index, follow"
"https://www.myglobalhealth.online/brazil/es/blog/medical-review-policy","es","article","sitemap","200","hold","Existing publication retained; genuine clinical/native review or Brazilian legal approval needed for body changes","","0","0","Política de Revisión Médica — Global Health Brasil","Política de Revisión Médica — Global Health Brasil","Cómo Global Health redacta, revisa y actualiza los artículos de salud publicados para Brasil: quién los escribe, qué médico colegiado los aprueba y las normas editoriales que aplicamos.","Cómo Global Health redacta, revisa y actualiza los artículos de salud publicados para Brasil: quién los escribe, qué médico colegiado los aprueba y las normas editoriales que aplicamos.","Cómo redactamos y revisamos el contenido médico","Cómo redactamos y revisamos el contenido médico","0","not separately parsed","0","752fd22d9a6bbf7b8a6ef2a26f181d39953a5c13248676ced61ec20d27c5bca8","not newly clinically verified","unchanged","https://www.myglobalhealth.online/brazil/es/blog/medical-review-policy","index, follow"
"https://www.myglobalhealth.online/brazil/es/blog/solicitud-analisis-laboratorio-brasil","es","article","sitemap","200","hold","Existing publication retained; genuine clinical/native review or Brazilian legal approval needed for body changes","","0","30","Solicitud de análisis en Brasil: cómo funciona","Solicitud de análisis en Brasil: cómo funciona","Solicitud de análisis de laboratorio en Brasil: qué debe contener el volante médico, cómo funciona en PDF firmado y cuándo se analiza sin solicitud.","Solicitud de análisis de laboratorio en Brasil: qué debe contener el volante médico, cómo funciona en PDF firmado y cuándo se analiza sin solicitud.","Solicitud de análisis de laboratorio en Brasil: cómo funciona el volante médico","Solicitud de análisis de laboratorio en Brasil: cómo funciona el volante médico","6","not separately parsed","6","7a1bf22ae477af38102d5044b8bf5fded3547fc6d09497598f65c007f9dd151b","not newly clinically verified","unchanged","https://www.myglobalhealth.online/brazil/es/blog/solicitud-analisis-laboratorio-brasil","index, follow"
"https://www.myglobalhealth.online/brazil/es/book","es","book","sitemap","200","retain with evidence","Observed live HTTP/canonical/metadata; no justified rewrite in focused commercial batch; body not newly verified","","0","0","Reserva tu consulta — Brasil · Global Health","Reserva tu consulta — Brasil · Global Health","Clínica médica de Brasil. Elige un servicio, profesional clínico, hora y datos del paciente.","Clínica médica de Brasil. Elige un servicio, profesional clínico, hora y datos del paciente.","","","0","not separately parsed","0","3035a5b8edf90eb1b570e83d6444bbf0137e86816d911ed17873d9870f48f91c","not newly clinically verified","unchanged","https://www.myglobalhealth.online/brazil/es/book","index, follow"
"https://www.myglobalhealth.online/brazil/es/careers","es","careers","sitemap","200","retain with evidence","Observed live HTTP/canonical/metadata; no justified rewrite in focused commercial batch; body not newly verified","","1","12","Empleo en Global Health Brasil","Empleo en Global Health Brasil","Únase a Global Health en Brasil. Trabajamos con médicos colegiados, equipos de apoyo clínico y tecnología en toda Europa y Brasil. Vea cómo presentar su candidatura.","Únase a Global Health en Brasil. Trabajamos con médicos colegiados, equipos de apoyo clínico y tecnología en toda Europa y Brasil. Vea cómo presentar su candidatura.","Empleo en Global Health","Empleo en Global Health","0","not separately parsed","0","c87070d1bfd2a961778075d5c694c28980df8e17243c84db663964d10e4d4162","not newly clinically verified","unchanged","https://www.myglobalhealth.online/brazil/es/careers","index, follow"
"https://www.myglobalhealth.online/brazil/es/contact","es","contact","sitemap","200","retain with evidence","Observed live HTTP/canonical/metadata; no justified rewrite in focused commercial batch; body not newly verified","","0","8","Contacto Global Health Brasil | Médico Online","Contacto Global Health Brasil | Médico Online","Contacta con Global Health Brasil: +353 89 471 5849, info@myglobalhealth.online. Consultas online por videollamada con médicos inscritos en Conselho Federal de Medicina.","Contacta con Global Health Brasil: +353 89 471 5849, info@myglobalhealth.online. Consultas online por videollamada con médicos inscritos en Conselho Federal de Medicina.","Contacto con Global Health Brasil","Contacto con Global Health Brasil","5","not separately parsed","5","905dea2747fedf04d2ebbd0a74715c9fefde7a1ab154289d56be557b58d97627","not newly clinically verified","unchanged","https://www.myglobalhealth.online/brazil/es/contact","index, follow"
"https://www.myglobalhealth.online/brazil/es/doctors","es","doctors","sitemap","200","retain with evidence","Observed live HTTP/canonical/metadata; no justified rewrite in focused commercial batch; body not newly verified","","0","25","Médicos registrados en el CRM | Consultas online en Brasil","Médicos registrados en el CRM | Consultas online en Brasil","Consulte con médicos registrados en el CRM/CFM disponibles online en Brasil. Medicina de familia, Cuidados Paliativos y telemedicina. Agende el mismo día.","Consulte con médicos registrados en el CRM/CFM disponibles online en Brasil. Medicina de familia, Cuidados Paliativos y telemedicina. Agende el mismo día.","Médicos que realmente responden.","Médicos que realmente responden.","8","not separately parsed","8","aafa8ec2356ad85142bd97da07d11b55180152545fd111e34f3f68f4afa464c4","not newly clinically verified","unchanged","https://www.myglobalhealth.online/brazil/es/doctors","index, follow"
"https://www.myglobalhealth.online/brazil/es/doctors/dr-renato-sarmento","es","doctor","sitemap","200","change","Remove unsupported availability/document promises; exact packet requires clinical review","","0","0","Dr. Renato Sarmento — Medicina de Familia y Comunidad","Dr. Renato Sarmento — Medicina de Familia y Comunidad","Dr. Renato Sarmento — Medicina de Familia y Comunidad en Brasil. Reserve una videoconsulta en línea con Global Health.","Reserva una consulta por vídeo con el Dr. Renato Sarmento en portugués, inglés o español. Consulta los horarios disponibles.","Dr. Renato Sarmento","Dr. Renato Sarmento","6","0","6","99c67942f0cc3d17b3f5ccfa87eb0b7c4b4d1ca906dae909882f0e9690a6394a","required; no approval","prepared locally; not applied","https://www.myglobalhealth.online/brazil/es/doctors/dr-renato-sarmento","index, follow"
"https://www.myglobalhealth.online/brazil/es/dr-renato","es","dr-renato","internal link","200","verify further","Dedicated clinician landing page requires separate storage ownership and content review","","0","0","Consulta en línea con un médico de familia","Consulta en línea con un médico de familia","Videoconsulta privada con un médico de familia colegiado en Brasil, para pacientes brasileños en cualquier parte del mundo.","Videoconsulta privada con un médico de familia colegiado en Brasil, para pacientes brasileños en cualquier parte del mundo.","Consulta en línea con tu médico de familia","Consulta en línea con tu médico de familia","6","not separately parsed","0","e3e11eb3f9985aa738573bc9a17bffa548348ecb7c56f7d7dc9693daac7821fe","not newly clinically verified","unchanged","https://www.myglobalhealth.online/brazil/es/dr-renato","noindex, nofollow"
"https://www.myglobalhealth.online/brazil/es/faq","es","faq","internal link","200","verify further","Existing authored FAQ integration; document signing/Atesta operational fact unresolved","","0","0","Preguntas frecuentes — Brasil · Global Health","Preguntas frecuentes — Brasil · Global Health","Brasil — Reservas, pagos, consultas, privacidad y cuándo la atención online no es la opción adecuada. ¿No encuentra lo que busca? Contáctenos.","Brasil — Reservas, pagos, consultas, privacidad y cuándo la atención online no es la opción adecuada. ¿No encuentra lo que busca? Contáctenos.","Respuestas, sin lenguaje de marketing.","Respuestas, sin lenguaje de marketing.","code-owned country groups","0","18","120357f00a9137ec107e75e02e02d50eadba536106cf8b2ebab2cdb3f375b651","not newly clinically verified","unchanged","https://www.myglobalhealth.online/brazil/es/faq","noindex, follow"
"https://www.myglobalhealth.online/brazil/es/gp-consultation-online","es","gp-consultation-online","sitemap","200","retain with evidence","Observed live HTTP/canonical/metadata; no justified rewrite in focused commercial batch; body not newly verified","","0","9","Consulta Médica Online en Brasil | Global Health","Consulta Médica Online en Brasil | Global Health","Consultas médicas online con médicos colegiados a través de Conselho Federal de Medicina (CFM) / CRM.","Consultas médicas online con médicos colegiados a través de Conselho Federal de Medicina (CFM) / CRM.","Consulta Médica Online en Brasil","Consulta Médica Online en Brasil","5","not separately parsed","5","7928d24fd2648c8e514ad28ecbf72562a271feef9c98e6097fe2df83424b053b","not newly clinically verified","unchanged","https://www.myglobalhealth.online/brazil/es/gp-consultation-online","index, follow"
"https://www.myglobalhealth.online/brazil/es/legal","es","legal","sitemap","200","hold","Existing publication retained; genuine clinical/native review or Brazilian legal approval needed for body changes","","0","0","Información legal. · Brasil · Global Health","Información legal. · Brasil · Global Health","Documentos legales, registro mercantil y datos regulatorios de Global Health en Brasil.","Documentos legales, registro mercantil y datos regulatorios de Global Health en Brasil.","Información legal.","Información legal.","0","not separately parsed","0","217ce2a3ae0dc0ce03f2c90beded451d21588c9981797f447a6544d95ffa115a","not newly clinically verified","unchanged","https://www.myglobalhealth.online/brazil/es/legal","index, follow"
"https://www.myglobalhealth.online/brazil/es/legal/complaints-procedure","es","legal","sitemap","200","hold","Existing publication retained; genuine clinical/native review or Brazilian legal approval needed for body changes","","0","2","Procedimiento de Reclamaciones · Brasil · Global Health","Procedimiento de Reclamaciones · Brasil · Global Health","Procedimiento de Reclamaciones. Documentos legales, registro mercantil y datos regulatorios de Global Health en Brasil.","Procedimiento de Reclamaciones. Documentos legales, registro mercantil y datos regulatorios de Global Health en Brasil.","Procedimiento de Reclamaciones","Procedimiento de Reclamaciones","0","not separately parsed","0","e26270d478958687231de4afe798a63793d9ab6554f835a8acb8f552ea9e7cc8","not newly clinically verified","unchanged","https://www.myglobalhealth.online/brazil/es/legal/complaints-procedure","index, follow"
"https://www.myglobalhealth.online/brazil/es/legal/cookie-policy","es","legal","internal link","200","hold","Existing publication retained; genuine clinical/native review or Brazilian legal approval needed for body changes","","0","0","Cookie Policy · Brasil · Global Health","Cookie Policy · Brasil · Global Health","Cookie Policy. Documentos legales, registro mercantil y datos regulatorios de Global Health en Brasil.","Cookie Policy. Documentos legales, registro mercantil y datos regulatorios de Global Health en Brasil.","Cookie Policy","Cookie Policy","0","not separately parsed","0","022b7d472eaa1e541df05fa4d2f7f18b5796c8c0a0a005c7b817ae85698570ae","not newly clinically verified","unchanged","https://www.myglobalhealth.online/brazil/es/legal/cookie-policy","noindex, follow"
"https://www.myglobalhealth.online/brazil/es/legal/medical-disclaimer","es","legal","internal link","200","hold","Existing publication retained; genuine clinical/native review or Brazilian legal approval needed for body changes","","0","0","Aviso Médico · Brasil · Global Health","Aviso Médico · Brasil · Global Health","Aviso Médico. Documentos legales, registro mercantil y datos regulatorios de Global Health en Brasil.","Aviso Médico. Documentos legales, registro mercantil y datos regulatorios de Global Health en Brasil.","Aviso Médico","Aviso Médico","0","not separately parsed","0","1c3bd6478d356a4aa07f59e9f7cf08abd16fa77322859be741dd974255fcac38","not newly clinically verified","unchanged","https://www.myglobalhealth.online/brazil/es/legal/medical-disclaimer","noindex, follow"
"https://www.myglobalhealth.online/brazil/es/legal/privacy-policy","es","legal","sitemap","200","hold","Existing publication retained; genuine clinical/native review or Brazilian legal approval needed for body changes","","0","1","Política de Privacidad · Brasil · Global Health","Política de Privacidad · Brasil · Global Health","Política de Privacidad. Documentos legales, registro mercantil y datos regulatorios de Global Health en Brasil.","Política de Privacidad. Documentos legales, registro mercantil y datos regulatorios de Global Health en Brasil.","Política de Privacidad","Política de Privacidad","0","not separately parsed","0","6a5a57fb67c8eee5077e98683fee6e5bb2d3f3fb9b5eba581d9cade8e23220ee","not newly clinically verified","unchanged","https://www.myglobalhealth.online/brazil/es/legal/privacy-policy","index, follow"
"https://www.myglobalhealth.online/brazil/es/legal/refund-policy","es","legal","sitemap","200","hold","Existing publication retained; genuine clinical/native review or Brazilian legal approval needed for body changes","","0","2","Política de Reembolso · Brasil · Global Health","Política de Reembolso · Brasil · Global Health","Política de Reembolso. Documentos legales, registro mercantil y datos regulatorios de Global Health en Brasil.","Política de Reembolso. Documentos legales, registro mercantil y datos regulatorios de Global Health en Brasil.","Política de Reembolso","Política de Reembolso","0","not separately parsed","0","c81091c6be60cae4fc5a03de873c025a61734f03e8766b9d0b4ce4fd51c91bb8","not newly clinically verified","unchanged","https://www.myglobalhealth.online/brazil/es/legal/refund-policy","index, follow"
"https://www.myglobalhealth.online/brazil/es/legal/terms-of-service","es","legal","sitemap","200","hold","Existing publication retained; genuine clinical/native review or Brazilian legal approval needed for body changes","","0","0","Términos y Condiciones · Brasil · Global Health","Términos y Condiciones · Brasil · Global Health","Términos y Condiciones. Documentos legales, registro mercantil y datos regulatorios de Global Health en Brasil.","Términos y Condiciones. Documentos legales, registro mercantil y datos regulatorios de Global Health en Brasil.","Términos y Condiciones","Términos y Condiciones","0","not separately parsed","0","bd78d7e310905c7709eb8235f8c880477f9872dbd2d5ae8e817f6d375f85c880","not newly clinically verified","unchanged","https://www.myglobalhealth.online/brazil/es/legal/terms-of-service","index, follow"
"https://www.myglobalhealth.online/brazil/es/press","es","press","sitemap","200","retain with evidence","Observed live HTTP/canonical/metadata; no justified rewrite in focused commercial batch; body not newly verified","","0","3","Prensa y medios — Global Health Brasil","Prensa y medios — Global Health Brasil","Información de prensa sobre Global Health en Brasil: quién opera el servicio, cómo está regulado, los mercados que atendemos y cómo contactar con nuestra área de prensa.","Información de prensa sobre Global Health en Brasil: quién opera el servicio, cómo está regulado, los mercados que atendemos y cómo contactar con nuestra área de prensa.","Prensa y medios","Prensa y medios","0","not separately parsed","0","887fea5a9a45210b8954dd3211816ad6faed15e5b89f7556f3b8974898e055e9","not newly clinically verified","unchanged","https://www.myglobalhealth.online/brazil/es/press","index, follow"
"https://www.myglobalhealth.online/brazil/es/pricing","es","pricing","sitemap","200","verify further","Plan offer and individual consultation pricing must be reconciled with business scope","","0","0","Elija su plan mensual · Brasil · Global Health","Elija su plan mensual · Brasil · Global Health","Atención mensual de medicina general online con créditos de consulta y ahorro en especialistas, con precios para Brasil.","Atención mensual de medicina general online con créditos de consulta y ahorro en especialistas, con precios para Brasil.","Atención que se renueva con usted","Atención que se renueva con usted","0","not separately parsed","0","33e44a2c372db7377a383ecaba21a1d5c667f70b29cf95783aeadfaeb095b45f","not newly clinically verified","unchanged","https://www.myglobalhealth.online/brazil/es/pricing","index, follow"
"https://www.myglobalhealth.online/brazil/es/services/atestado-medico-online","es","service","sitemap","200","change","Remove unsupported availability/document promises; exact packet requires clinical review","","0","21","Certificado Médico en Línea Brasil | Válido para Trabajo y Escuela | Mismo Día","Valoración para certificado médico | Global Health Brasil","Certificado médico con validez legal emitido por médico general vía teleconsulta. Aceptado en el trabajo y en la escuela conforme a la CLT art. 473. Médicos con CRM activo. El mismo día, desde cualquier lugar de Brasil.","Reserva una valoración médica por vídeo. La emisión de un certificado depende de la valoración; no se garantiza el documento ni su aceptación.","Certificado Médico Online — Válido para Trabajo y Escuela, el Mismo Día","Certificado médico: valoración por vídeo","8","0","8","44a563b0c5d7ce2b7a02f070a4fa42325cc07f4f23fdcf07cce729edd96593b0","required; no approval","prepared locally; not applied","https://www.myglobalhealth.online/brazil/es/services/atestado-medico-online","index, follow"
"https://www.myglobalhealth.online/brazil/es/services/consulta-clinica-online","es","service","sitemap","200","change","Remove unsupported availability/document promises; exact packet requires clinical review","","0","0","Consulta Médica Online Brasil | Médico General | Mismo Día","Consulta Médica Online Brasil | Médico General","Consulta con médico general por videollamada, certificado médico válido y solicitud de exámenes. Sin lista de espera. Médicos con CRM activo, atendiendo en todo Brasil. Programación en el mismo día.","Habla por vídeo con un médico general sobre síntomas y cuidados de salud. Consulta los horarios y el precio antes de reservar.","Consulta Médica Online — Clínico General por Videollamada, Mismo Día","Consulta Médica Online — Clínico General por Videollamada","9","0","9","b81210f66387f48b1a092a83c34e590ac0655937ff2c828f15802df7a4ca5fae","required; no approval","prepared locally; not applied","https://www.myglobalhealth.online/brazil/es/services/consulta-clinica-online","index, follow"
"https://www.myglobalhealth.online/brazil/es/services/consulta-pele-online","es","service","sitemap","200","change","Remove unsupported availability/document promises; exact packet requires clinical review","","0","0","Consulta de Piel Online Brasil | Médico General | Mismo Día","Consulta de Piel Online Brasil | Médico General","Consulta de piel con médico general por videollamada. Acné, eccema, manchas, infecciones y mucho más. Médicos con registro médico activo. El mismo día, desde cualquier lugar de Brasil.","Consulta de piel: consulta por vídeo con un médico de familia. Revisa la agenda, el precio y los límites de la atención antes de reservar.","Consulta de Piel Online — Evaluación con Médico General por Videollamada","Consulta de Piel Online — Evaluación con Médico General por Videollamada","7","0","7","b91af53a41edafaa89474fda7381e1c43a023d9f6e9f4efc66345a5c41ede93a","required; no approval","prepared locally; not applied","https://www.myglobalhealth.online/brazil/es/services/consulta-pele-online","index, follow"
"https://www.myglobalhealth.online/brazil/es/services/controle-peso-online","es","service","sitemap","200","change","Remove unsupported availability/document promises; exact packet requires clinical review","","0","0","Control de Peso Online Brasil | Evaluación Médica | Mismo Día","Control de Peso Online Brasil | Evaluación Médica","Consulta de control de peso con médico general por videollamada. Evaluación médica, solicitud de exámenes y orientación personalizada. Médicos con CRM activo. El mismo día, desde cualquier lugar de Brasil.","Control de Peso: consulta por vídeo con un médico de familia. Revisa la agenda, el precio y los límites de la atención antes de reservar.","Control de Peso en Línea — Evaluación Médica por Videollamada","Control de Peso en Línea — Evaluación Médica por Videollamada","8","0","8","bf447afe5a561ead74760f743e899872ef670f2bc3da08446269b32560d01462","required; no approval","prepared locally; not applied","https://www.myglobalhealth.online/brazil/es/services/controle-peso-online","index, follow"
"https://www.myglobalhealth.online/brazil/es/services/doencas-cronicas-online","es","service","sitemap","200","change","Remove unsupported availability/document promises; exact packet requires clinical review","","0","0","Enfermedades Crónicas Online Brasil | Seguimiento Médico | Mismo Día","Enfermedades Crónicas Online Brasil | Seguimiento Médico","Seguimiento de enfermedades crónicas con médico general por videollamada. Hipertensión, diabetes, hipotiroidismo y mucho más. Médicos con registro médico activo. El mismo día, desde cualquier lugar de Brasil.","Enfermedades Crónicas: consulta por vídeo con un médico de familia. Revisa la agenda, el precio y los límites de la atención antes de reservar.","Enfermedades Crónicas en Línea — Seguimiento Médico por Videollamada","Enfermedades Crónicas en Línea — Seguimiento Médico por Videollamada","9","0","9","dd2474d3e455c01c0a280b3574368aeb1f6b63dcd91247450b2735ad3145eca8","required; no approval","prepared locally; not applied","https://www.myglobalhealth.online/brazil/es/services/doencas-cronicas-online","index, follow"
"https://www.myglobalhealth.online/brazil/es/services/musculoesqueletico-online","es","service","sitemap","200","change","Remove unsupported availability/document promises; exact packet requires clinical review","","0","0","Dolor Muscular y Articular Online Brasil | Médico General | Mismo Día","Dolor Muscular y Articular Online Brasil | Médico General","Consulta por videollamada para dolor de espalda, articulaciones, lesiones musculares y otras quejas musculoesqueléticas. Médicos con CRM activo. El mismo día, desde cualquier lugar de Brasil.","Musculoesquelético: consulta por vídeo con un médico de familia. Revisa la agenda, el precio y los límites de la atención antes de reservar.","Dolor Muscular y Articular en Línea — Evaluación con Clínico General por Videollamada","Dolor Muscular y Articular en Línea — Evaluación con Clínico General por Videollamada","8","0","8","94a6f14bf14b0423650dc56fba2bd4a9f512338f0e4ad75f72dbe8a91503ed47","required; no approval","prepared locally; not applied","https://www.myglobalhealth.online/brazil/es/services/musculoesqueletico-online","index, follow"
"https://www.myglobalhealth.online/brazil/es/services/parar-de-fumar-online","es","service","sitemap","200","change","Remove unsupported availability/document promises; exact packet requires clinical review","","0","0","Dejar de Fumar Online Brasil | Apoyo Médico | Mismo Día","Dejar de Fumar Online Brasil | Apoyo Médico","Consulta para dejar de fumar con médico general por videollamada. Evaluación de la dependencia, plan personalizado y orientación sobre el tratamiento. Médicos con CRM activo. El mismo día, desde cualquier lugar de Brasil.","Dejar de fumar: consulta por vídeo con un médico de familia. Revisa la agenda, el precio y los límites de la atención antes de reservar.","Dejar de fumar en línea — Evaluación médica y plan personalizado por videollamada","Dejar de fumar en línea — Evaluación médica y plan personalizado por videollamada","9","0","9","926614eb4dd27c36139e847e601607908c3b9cdeaddcd4a1c7aee0ee4f289d65","required; no approval","prepared locally; not applied","https://www.myglobalhealth.online/brazil/es/services/parar-de-fumar-online","index, follow"
"https://www.myglobalhealth.online/brazil/es/services/pediatria-online","es","service","sitemap","200","change","Remove unsupported availability/document promises; exact packet requires clinical review","médico online para bebê (2 impressions) | pediatra online gratis (2 impressions) | consulta online pediatra (1 impressions)","0","22","Pediatría Online Brasil | Consulta Pediátrica | Mismo Día","Salud infantil: médico de familia online | Brasil","Consulta pediátrica con médico general por videollamada. Fiebre, infecciones, dudas sobre el desarrollo y mucho más. Médicos con CRM activo. El mismo día, desde cualquier lugar de Brasil.","Consulta por vídeo para niños y adolescentes con un médico de familia. Revisa horarios y precio. No es una consulta con un pediatra especialista.","Pediatría Online — Consulta Pediátrica por Videollamada, Mismo Día","Salud infantil y adolescente con un médico de familia","8","0","8","daa00fd857bf9ccd10804dcfb915a25fc4de7d114eca76760a836280f9948592","required; no approval","prepared locally; not applied","https://www.myglobalhealth.online/brazil/es/services/pediatria-online","index, follow"
"https://www.myglobalhealth.online/brazil/es/services/queda-cabelo-online","es","service","sitemap","200","change","Remove unsupported availability/document promises; exact packet requires clinical review","","0","0","Caída de Cabello Online Brasil | Evaluación Médica | Mismo Día","Caída de Cabello Online Brasil | Evaluación Médica","Consulta para caída de cabello con médico general por videollamada. Evaluación de causas, solicitud de exámenes y orientación sobre tratamiento. Médicos con CRM activo. El mismo día, desde cualquier lugar de Brasil.","Caída del cabello: consulta por vídeo con un médico de familia. Revisa la agenda, el precio y los límites de la atención antes de reservar.","Caída de Cabello Online — Evaluación Médica por Videollamada","Caída de Cabello Online — Evaluación Médica por Videollamada","8","0","8","e16ffd8c7a9d4fd9e76cf9a3b6c4553ae9f729f2c7c5a71f7ba0fda17511ece2","required; no approval","prepared locally; not applied","https://www.myglobalhealth.online/brazil/es/services/queda-cabelo-online","index, follow"
"https://www.myglobalhealth.online/brazil/es/services/renovacao-receita-online","es","service","sitemap","200","change","Remove unsupported availability/document promises; exact packet requires clinical review","","0","7","Renovación de Receta en Línea Brasil | Médico General | Mismo Día","Renovación de Receta en Línea Brasil | Médico General","Renueve su receta médica por videollamada con médico general. Receta electrónica válida en farmacias de todo Brasil. Sin fila de espera. Médicos con CRM activo. Cita el mismo día.","Renovación de receta: consulta por vídeo con un médico de familia. Revisa la agenda, el precio y los límites de la atención antes de reservar.","Renovación de receta online — medicación continua sin salir de casa","Renovación de receta online — medicación continua sin salir de casa","8","0","8","d8f4c6dd88aa6961faf263eaaf7d8529afb8d03f11b2d157e765002fddc38b2c","required; no approval","prepared locally; not applied","https://www.myglobalhealth.online/brazil/es/services/renovacao-receita-online","index, follow"
"https://www.myglobalhealth.online/brazil/es/services/saude-da-mulher-online","es","service","sitemap","200","change","Remove unsupported availability/document promises; exact packet requires clinical review","","0","0","Salud de la Mujer Online Brasil | Clínico General | Mismo Día","Salud de la Mujer Online Brasil | Clínico General","Consulta de salud femenina por videollamada con médico general. Salud hormonal, anticoncepción, salud reproductiva y mucho más. Médicos con CRM activo. El mismo día, desde cualquier lugar de Brasil.","Salud de la Mujer: consulta por vídeo con un médico de familia. Revisa la agenda, el precio y los límites de la atención antes de reservar.","Salud de la Mujer Online — Consulta con Médico General por Videollamada","Salud de la Mujer Online — Consulta con Médico General por Videollamada","8","0","8","727b6d9459958abc59fb74dbe8db2f8b454122e5f85f533678bdd10ec871d4b7","required; no approval","prepared locally; not applied","https://www.myglobalhealth.online/brazil/es/services/saude-da-mulher-online","index, follow"
"https://www.myglobalhealth.online/brazil/es/services/saude-do-homem-online","es","service","sitemap","200","change","Remove unsupported availability/document promises; exact packet requires clinical review","","0","0","Salud del Hombre en Línea Brasil | Médico General | Mismo Día","Salud del Hombre en Línea Brasil | Médico General","Consulta de salud masculina por videollamada con médico general. Salud sexual, caída de cabello, chequeo y mucho más. Médicos con CRM activo. El mismo día, desde cualquier lugar de Brasil.","Salud del Hombre: consulta por vídeo con un médico de familia. Revisa la agenda, el precio y los límites de la atención antes de reservar.","Salud del Hombre en Línea — Consulta con Médico General por Videollamada","Salud del Hombre en Línea — Consulta con Médico General por Videollamada","8","0","8","8a9987f6fe4048f9582f116565519f30ae8911e14986b95645e7879c393abc65","required; no approval","prepared locally; not applied","https://www.myglobalhealth.online/brazil/es/services/saude-do-homem-online","index, follow"
"https://www.myglobalhealth.online/brazil/es/services/saude-idoso-online","es","service","sitemap","200","change","Remove unsupported availability/document promises; exact packet requires clinical review","","0","1","Salud del Adulto Mayor Online Brasil | Médico General | Mismo Día","Salud del Adulto Mayor Online Brasil | Médico General","Consulta de salud del adulto mayor con médico general por videollamada. Revisión de medicamentos, evaluación cognitiva, prevención de caídas y mucho más. Médicos con CRM activo. El mismo día, desde cualquier lugar de Brasil.","Salud del adulto mayor: consulta por vídeo con un médico de familia. Revisa la agenda, el precio y los límites de la atención antes de reservar.","Salud del Adulto Mayor en línea — Consulta con Médico General por Videollamada","Salud del Adulto Mayor en línea — Consulta con Médico General por Videollamada","9","0","9","1214f112dbae6fdfdde200c3f5d206c9cb41f81700ac793854f35a9aa30cc493","required; no approval","prepared locally; not applied","https://www.myglobalhealth.online/brazil/es/services/saude-idoso-online","index, follow"
"https://www.myglobalhealth.online/brazil/es/services/saude-mental-online","es","service","sitemap","200","change","Remove unsupported availability/document promises; exact packet requires clinical review","","0","2","Salud Mental Online Brasil | Ansiedad y Depresión | Médico General","Salud Mental Online Brasil | Ansiedad y Depresión | Médico General","Habla con un médico general sobre ansiedad, depresión, estrés o burnout por videollamada. Evaluación, orientación y derivación cuando sea necesario. Médicos con CRM activo. El mismo día, en todo Brasil.","Salud Mental: consulta por vídeo con un médico de familia. Revisa la agenda, el precio y los límites de la atención antes de reservar.","Salud Mental en Línea — Evaluación con Clínico General por Videollamada","Salud Mental en Línea — Evaluación con Clínico General por Videollamada","9","0","9","4fac08c55d2dd9f0dc80684e0b6b1bc1718db7ef4b66f715e007533b21cb69d6","required; no approval","prepared locally; not applied","https://www.myglobalhealth.online/brazil/es/services/saude-mental-online","index, follow"
"https://www.myglobalhealth.online/brazil/es/services/saude-sexual-ist-online","es","service","sitemap","200","change","Remove unsupported availability/document promises; exact packet requires clinical review","","0","1","Salud Sexual e ITS Online Brasil | Médico General | Mismo Día","Salud Sexual e ITS Online Brasil | Médico General","Consulta de salud sexual y detección de ITS con médico general por videollamada. Sífilis, VIH, hepatitis, PrEP y mucho más. Médicos con CRM activo. El mismo día, desde cualquier lugar de Brasil.","Salud sexual e ITS: consulta por vídeo con un médico de familia. Revisa la agenda, el precio y los límites de la atención antes de reservar.","Salud Sexual e ITS en Línea — Evaluación con Médico General por Videollamada","Salud Sexual e ITS en Línea — Evaluación con Médico General por Videollamada","10","0","10","638e12563044c24478c5ae44625bd809ce8bb9b396810fcbbbf9de2e3fdd9587","required; no approval","prepared locally; not applied","https://www.myglobalhealth.online/brazil/es/services/saude-sexual-ist-online","index, follow"
"https://www.myglobalhealth.online/brazil/es/services/saude-viagem-online","es","service","sitemap","200","change","Remove unsupported availability/document promises; exact packet requires clinical review","","0","0","Salud de Viaje Online Brasil | Consulta Médica Antes de Viajar | Mismo Día","Salud de Viaje Online Brasil | Consulta Médica Antes de Viajar","Consulta de salud de viaje con médico general por videollamada. Orientación sobre vacunas, profilaxis de malaria, dengue y mucho más. Médicos con CRM activo. El mismo día, desde cualquier lugar de Brasil.","Salud de Viaje: consulta por vídeo con un médico de familia. Revisa la agenda, el precio y los límites de la atención antes de reservar.","Salud de Viaje Online — Orientación Médica Antes de Viajar","Salud de Viaje Online — Orientación Médica Antes de Viajar","8","0","8","ea7c710e6d9c382b3a5c80057532c4529a83029d4e5047985fba312e355f5dd3","required; no approval","prepared locally; not applied","https://www.myglobalhealth.online/brazil/es/services/saude-viagem-online","index, follow"
"https://www.myglobalhealth.online/brazil/es/services/segunda-opiniao-medica","es","service","sitemap","200","change","Remove unsupported availability/document promises; exact packet requires clinical review","","0","3","Segunda Opinión Médica Online Brasil | Clínico General | Mismo Día","Segunda Opinión Médica Online Brasil | Clínico General","Obtenga una segunda opinión médica independiente por videollamada. Revise diagnósticos, resultados de exámenes y planes de tratamiento con un médico general con CRM activo. El mismo día, desde cualquier lugar de Brasil.","Segunda Opinión Médica: consulta por vídeo con un médico de familia. Revisa la agenda, el precio y los límites de la atención antes de reservar.","Segunda Opinión Médica Online — Evaluación Independiente por Videollamada","Segunda Opinión Médica Online — Evaluación Independiente por Videollamada","8","0","8","7ee645511f6923900e1140f5a6c2cf8a85cbce013737c7d7dcecc9625baa0fdb","required; no approval","prepared locally; not applied","https://www.myglobalhealth.online/brazil/es/services/segunda-opiniao-medica","index, follow"
"https://www.myglobalhealth.online/brazil/es/services/solicitacao-exames-online","es","service","sitemap","200","change","Remove unsupported availability/document promises; exact packet requires clinical review","","0","5","Solicitud de Exámenes Online Brasil | Pedido de Exámenes | Mismo Día","Solicitud de Exámenes Online Brasil | Pedido de Exámenes","Solicita análisis de sangre, pruebas de imagen y otros exámenes de laboratorio por videollamada con médico general. Solicitud de exámenes válida en laboratorios de todo Brasil. Médicos con CRM activo. El mismo día.","Consulta por vídeo si necesitas pruebas médicas. La solicitud depende de la valoración clínica. Revisa los horarios y el precio.","Solicitud de Exámenes en Línea — Pedido de Exámenes por Videollamada, Mismo Día","Solicitud de Exámenes en Línea — Pedido de Exámenes por Videollamada","8","0","8","8581244368ca6f38f6d152efcdc89d78e9c5f9907408a61b3d3792169de9c0d6","required; no approval","prepared locally; not applied","https://www.myglobalhealth.online/brazil/es/services/solicitacao-exames-online","index, follow"
"https://www.myglobalhealth.online/brazil/es/tools/adhd-test","es","tool","sitemap","200","retain with evidence","Observed live HTTP/canonical/metadata; no justified rewrite in focused commercial batch; body not newly verified","test de tdah para adultos online (3 impressions) | teste tdah online (3 impressions) | diagnóstico tdah online (1 impressions)","0","27","Test de TDAH Brasil | Cribado Gratuito para Adultos","Test de TDAH Brasil | Cribado Gratuito para Adultos","Haz el cribado de TDAH en adultos de seis preguntas (ASRS v1.1, parte A) y descubre qué significan tus respuestas. Un cribado no es un diagnóstico: solo un psiquiatra o un psicólogo clínico puede hacerlo.","Haz el cribado de TDAH en adultos de seis preguntas (ASRS v1.1, parte A) y descubre qué significan tus respuestas. Un cribado no es un diagnóstico: solo un psiquiatra o un psicólogo clínico puede hacerlo.","Test de TDAH Brasil","Test de TDAH Brasil","6","not separately parsed","6","4120deba59a1e0297532a740c6f2f52329e835203a6547e4a2e97d9627b94ec1","not newly clinically verified","unchanged","https://www.myglobalhealth.online/brazil/es/tools/adhd-test","index, follow"
"https://www.myglobalhealth.online/brazil/es/tools/blood-pressure-chart","es","tool","sitemap","200","retain with evidence","Observed live HTTP/canonical/metadata; no justified rewrite in focused commercial batch; body not newly verified","","0","28","Baremos de Tensión Arterial Brasil | Tabla de Valores Normales","Baremos de Tensión Arterial Brasil | Tabla de Valores Normales","Introduce tu tensión sistólica y diastólica y consulta el baremo europeo para adultos: en qué categoría estás, qué significa y qué lecturas necesitan atención médica el mismo día.","Introduce tu tensión sistólica y diastólica y consulta el baremo europeo para adultos: en qué categoría estás, qué significa y qué lecturas necesitan atención médica el mismo día.","Tensión arterial normal Brasil","Tensión arterial normal Brasil","6","not separately parsed","6","fb9778c2846b3cc9e70f9fa01f607e2981ceedc1ca785ca7d796074291cb4eea","not newly clinically verified","unchanged","https://www.myglobalhealth.online/brazil/es/tools/blood-pressure-chart","index, follow"
"https://www.myglobalhealth.online/brazil/es/tools/bmi-calculator","es","tool","sitemap","200","retain with evidence","Observed live HTTP/canonical/metadata; no justified rewrite in focused commercial batch; body not newly verified","calculadora imc brasil (1 impressions) | imc calculadora brasil (1 impressions)","0","13","Calculadora IMC Brasil | Calcular tu Índice de Masa Corporal","Calculadora IMC Brasil | Calcular tu Índice de Masa Corporal","Calcula tu índice de masa corporal en segundos. Sistema métrico o imperial, categorías de la OMS para adultos y qué significa realmente tu resultado.","Calcula tu índice de masa corporal en segundos. Sistema métrico o imperial, categorías de la OMS para adultos y qué significa realmente tu resultado.","Calculadora IMC Brasil","Calculadora IMC Brasil","6","not separately parsed","6","568d4fc21ddf0dcb5bbe747e800d7d9fee1be325c50ce159bf654849383c046c","not newly clinically verified","unchanged","https://www.myglobalhealth.online/brazil/es/tools/bmi-calculator","index, follow"
"https://www.myglobalhealth.online/brazil/es/tools/calorie-calculator","es","tool","sitemap","200","retain with evidence","Observed live HTTP/canonical/metadata; no justified rewrite in focused commercial batch; body not newly verified","","0","11","Calculadora de Calorías Brasil | Calorías Diarias","Calculadora de Calorías Brasil | Calorías Diarias","Calcula cuántas calorías necesitas al día para mantener, perder o ganar peso. Ecuación de Mifflin-St Jeor, cinco niveles de actividad y qué significan de verdad las cifras.","Calcula cuántas calorías necesitas al día para mantener, perder o ganar peso. Ecuación de Mifflin-St Jeor, cinco niveles de actividad y qué significan de verdad las cifras.","Calculadora de calorías Brasil","Calculadora de calorías Brasil","6","not separately parsed","6","e26322d7597bfc2c28b6f77cdc8788c2b186a9f3ebc669357f3499da8ae1d589","not newly clinically verified","unchanged","https://www.myglobalhealth.online/brazil/es/tools/calorie-calculator","index, follow"
"https://www.myglobalhealth.online/brazil/es/tools/due-date-calculator","es","tool","sitemap","200","retain with evidence","Observed live HTTP/canonical/metadata; no justified rewrite in focused commercial batch; body not newly verified","","0","22","Calculadora de Embarazo Brasil | Fecha de Parto y Semanas","Calculadora de Embarazo Brasil | Fecha de Parto y Semanas","Calcula tu fecha probable de parto y de cuántas semanas estás a partir del primer día de tu última regla. Se ajusta a la duración de tu ciclo, con las 40 semanas al detalle.","Calcula tu fecha probable de parto y de cuántas semanas estás a partir del primer día de tu última regla. Se ajusta a la duración de tu ciclo, con las 40 semanas al detalle.","Calculadora de embarazo Brasil","Calculadora de embarazo Brasil","6","not separately parsed","6","26176ce4e4d58bf01e4b516523c87cf318a6ff4a40ec657e14e681684ac2ca86","not newly clinically verified","unchanged","https://www.myglobalhealth.online/brazil/es/tools/due-date-calculator","index, follow"
"https://www.myglobalhealth.online/brazil/es/tools/osteoporosis-risk-checker","es","tool","sitemap","200","retain with evidence","Observed live HTTP/canonical/metadata; no justified rewrite in focused commercial batch; body not newly verified","","0","0","Evaluación de Riesgo de Osteoporosis Brasil | ¿Necesito una Densitometría Ósea?","Evaluación de Riesgo de Osteoporosis Brasil | ¿Necesito una Densitometría Ósea?","Comprueba los factores de riesgo publicados de osteoporosis y fractura por fragilidad, y descubre si las guías clínicas recomiendan que te evalúen. No es el FRAX ni un diagnóstico — una lista de cribado para llevar al médico.","Comprueba los factores de riesgo publicados de osteoporosis y fractura por fragilidad, y descubre si las guías clínicas recomiendan que te evalúen. No es el FRAX ni un diagnóstico — una lista de cribado para llevar al médico.","Riesgo de osteoporosis Brasil","Riesgo de osteoporosis Brasil","6","not separately parsed","6","939bfbe9fa84856b89cab8eae994bfb4e88ca097fc0cc433d8e2b97e5ee99188","not newly clinically verified","unchanged","https://www.myglobalhealth.online/brazil/es/tools/osteoporosis-risk-checker","index, follow"
"https://www.myglobalhealth.online/brazil/es/tools/ovulation-calculator","es","tool","sitemap","200","retain with evidence","Observed live HTTP/canonical/metadata; no justified rewrite in focused commercial batch; body not newly verified","","0","1","Calculadora de Ovulación Brasil | Días Fértiles y Ovulación","Calculadora de Ovulación Brasil | Días Fértiles y Ovulación","Calcula tus días fértiles y el día estimado de ovulación a partir del primer día de tu última regla. Se ajusta a la duración de tu ciclo, con los seis días más fértiles al detalle.","Calcula tus días fértiles y el día estimado de ovulación a partir del primer día de tu última regla. Se ajusta a la duración de tu ciclo, con los seis días más fértiles al detalle.","Calculadora de ovulación Brasil","Calculadora de ovulación Brasil","6","not separately parsed","6","532f5c008968f9ac5c723de7fb2a1014b97d62cdec3b9d6713156cdbf5672a3f","not newly clinically verified","unchanged","https://www.myglobalhealth.online/brazil/es/tools/ovulation-calculator","index, follow"
"https://www.myglobalhealth.online/brazil/es/tools/sore-throat-checker","es","tool","sitemap","200","retain with evidence","Observed live HTTP/canonical/metadata; no justified rewrite in focused commercial batch; body not newly verified","","0","5","Test de Amigdalitis y Dolor de Garganta Brasil | Centor","Test de Amigdalitis y Dolor de Garganta Brasil | Centor","Responde cinco preguntas sobre tu dolor de garganta y descubre qué probabilidad hay de una causa bacteriana, con la escala de McIsaac que usan los médicos. Incluye las señales de alarma que necesitan atención urgente. No es un diagnóstico ni una prueba de estreptococo.","Responde cinco preguntas sobre tu dolor de garganta y descubre qué probabilidad hay de una causa bacteriana, con la escala de McIsaac que usan los médicos. Incluye las señales de alarma que necesitan atención urgente. No es un diagnóstico ni una prueba de estreptococo.","Test de amigdalitis y dolor de garganta Brasil","Test de amigdalitis y dolor de garganta Brasil","6","not separately parsed","6","b5df1184ce04847ada264534e4be5dcfca0ca28575cedbeabfd498ca1d8356d0","not newly clinically verified","unchanged","https://www.myglobalhealth.online/brazil/es/tools/sore-throat-checker","index, follow"
"https://www.myglobalhealth.online/brazil/pt","pt","home","sitemap","200","verify further","Registados and specialist claim require exact homepage source revision","minha clinica help global (22 impressions) | minha clinica.help global brazil (20 impressions) | eu moro no brasil. como lilly.com me ajuda a encontrar o profissional de saúde certo para minha condição médica específica? (3 impressions)","5","228","Médico Online Brasil | Clínicos e Especialistas Registados","Médico Online Brasil | Clínicos e Especialistas Registados","Consulte hoje um médico registrado por videochamada — clínica geral, atestados médicos, encaminhamentos para especialistas. Mesmo dia no Brasil.","Consulte hoje um médico registrado por videochamada — clínica geral, atestados médicos, encaminhamentos para especialistas. Mesmo dia no Brasil.","Cuidados médicos online no Brasil","Cuidados médicos online no Brasil","6","not separately parsed","5","34482b7809916400f0e08c81b1ff20cc6a2a3c701f8a4a4df7f38fda35b8d857","not newly clinically verified","unchanged","https://www.myglobalhealth.online/brazil/pt","index, follow"
"https://www.myglobalhealth.online/brazil/pt/about","pt","about","sitemap","200","retain with evidence","Observed live HTTP/canonical/metadata; no justified rewrite in focused commercial batch; body not newly verified","clinic.globalhealth (3 impressions) | clinic global health (2 impressions) | medicina online brasil (2 impressions)","0","10","Sobre a Global Health Brasil | Médicos online","Sobre a Global Health Brasil | Médicos online","Global Health Brasil: consultas online por videochamada com médicos inscritos na Conselho Federal de Medicina, em Português / Inglês. O que oferecemos e quem somos.","Global Health Brasil: consultas online por videochamada com médicos inscritos na Conselho Federal de Medicina, em Português / Inglês. O que oferecemos e quem somos.","Sobre a Global Health Brasil","Sobre a Global Health Brasil","4","not separately parsed","4","67829918b5ed691144aaf5a8a9a9b34d2ee807ae0434223bf93e5156fecce37e","not newly clinically verified","unchanged","https://www.myglobalhealth.online/brazil/pt/about","index, follow"
"https://www.myglobalhealth.online/brazil/pt/blog","pt","blog","sitemap","200","retain with evidence","Observed live HTTP/canonical/metadata; no justified rewrite in focused commercial batch; body not newly verified","","0","0","Guias de saúde de médicos registados em Brasil","Guias de saúde de médicos registados em Brasil","Guias de saúde baseados em evidências para Brasil, escritos e revistos pela nossa equipa médica. Sem anúncios.","Guias de saúde baseados em evidências para Brasil, escritos e revistos pela nossa equipa médica. Sem anúncios.","Guias de saúde de médicos registados.","Guias de saúde de médicos registados.","0","not separately parsed","0","90f6feaa5cc1ee4c21073bfc12284439fd8fcd4b47c08bfcf9961515a4d2d432","not newly clinically verified","unchanged","https://www.myglobalhealth.online/brazil/pt/blog","index, follow"
"https://www.myglobalhealth.online/brazil/pt/blog/atestado-de-comparecimento-abona-falta-diferenca-atestado-medico","pt","article","sitemap","200","hold","Existing publication retained; genuine clinical/native review or Brazilian legal approval needed for body changes","","0","0","Atestado de comparecimento abona falta? O que diz a CLT","Atestado de comparecimento abona falta? O que diz a CLT","A declaração de comparecimento abona falta ou serve como atestado? A diferença entre os dois, quando a CLT garante a ausência e o que o documento exige.","A declaração de comparecimento abona falta ou serve como atestado? A diferença entre os dois, quando a CLT garante a ausência e o que o documento exige.","Atestado de comparecimento abona falta? A diferença para o atestado médico e o que a CLT garante","Atestado de comparecimento abona falta? A diferença para o atestado médico e o que a CLT garante","4","not separately parsed","4","07be754d248534835cb9ec4378a345bbcfab7cefc01dd977354c9e30ea6054f5","not newly clinically verified","unchanged","https://www.myglobalhealth.online/brazil/pt/blog/atestado-de-comparecimento-abona-falta-diferenca-atestado-medico","index, follow"
"https://www.myglobalhealth.online/brazil/pt/blog/atestado-medico-online-validade","pt","article","sitemap","200","hold","Existing publication retained; genuine clinical/native review or Brazilian legal approval needed for body changes","","1","112","Atestado médico online: validade e o que deve conter","Atestado médico online: validade e o que deve conter","Atestado médico online no Brasil: quando vale para o trabalho, o que precisa conter, como a empresa confere a assinatura digital e quando não cabe.","Atestado médico online no Brasil: quando vale para o trabalho, o que precisa conter, como a empresa confere a assinatura digital e quando não cabe.","Atestado médico online: quando vale, o que precisa conter e como a empresa confere","Atestado médico online: quando vale, o que precisa conter e como a empresa confere","6","not separately parsed","6","e85b55a8dd4f11ac471a0566f79319578d8bfa138f9c7f6ae13694d64609a506","not newly clinically verified","unchanged","https://www.myglobalhealth.online/brazil/pt/blog/atestado-medico-online-validade","index, follow"
"https://www.myglobalhealth.online/brazil/pt/blog/diabetes-doenca-silenciosa","pt","article","sitemap","200","hold","Existing publication retained; genuine clinical/native review or Brazilian legal approval needed for body changes","","0","9","Diabetes no Brasil: Causas, Sintomas e Tratamentos 2026","Diabetes no Brasil: Causas, Sintomas e Tratamentos 2026","Guia completo sobre diabetes no Brasil: causas, sintomas, tratamentos com GLP-1 e SGLT2, e cuidados essenciais. Escrito por médico especialista.","Guia completo sobre diabetes no Brasil: causas, sintomas, tratamentos com GLP-1 e SGLT2, e cuidados essenciais. Escrito por médico especialista.","Diabetes a Doença Silenciosa","Diabetes a Doença Silenciosa","7","not separately parsed","7","0bfd807b0d4357e23bc3eb541aa45a3516b28e08717d4a3b5198c070c5a55f53","not newly clinically verified","unchanged","https://www.myglobalhealth.online/brazil/pt/blog/diabetes-doenca-silenciosa","index, follow"
"https://www.myglobalhealth.online/brazil/pt/blog/medical-review-policy","pt","article","sitemap","200","hold","Existing publication retained; genuine clinical/native review or Brazilian legal approval needed for body changes","","0","0","Política de Revisão Médica — Global Health Brasil","Política de Revisão Médica — Global Health Brasil","Como a Global Health escreve, revê e atualiza os artigos de saúde publicados para Brasil: quem os escreve, que médico registado os aprova e as normas editoriais que seguimos.","Como a Global Health escreve, revê e atualiza os artigos de saúde publicados para Brasil: quem os escreve, que médico registado os aprova e as normas editoriais que seguimos.","Como escrevemos e revemos conteúdos médicos","Como escrevemos e revemos conteúdos médicos","0","not separately parsed","0","71e94b357db1f903a4eebfdcdc8902ad029ae2f67d10c53c682b53e7614ffada","not newly clinically verified","unchanged","https://www.myglobalhealth.online/brazil/pt/blog/medical-review-policy","index, follow"
"https://www.myglobalhealth.online/brazil/pt/blog/solicitacao-de-exames-laboratoriais-online","pt","article","sitemap","200","hold","Existing publication retained; genuine clinical/native review or Brazilian legal approval needed for body changes","solicitação de exames laboratoriais (8 impressions) | o que é requisição médica (6 impressions) | pedido de exames laboratoriais (6 impressions)","2","629","Solicitação de exames laboratoriais: como funciona","Solicitação de exames laboratoriais: como funciona","Solicitação de exames laboratoriais: o que o pedido médico precisa conter, como funciona em PDF assinado digitalmente e quando o exame é feito sem pedido.","Solicitação de exames laboratoriais: o que o pedido médico precisa conter, como funciona em PDF assinado digitalmente e quando o exame é feito sem pedido.","Solicitação de exames laboratoriais: como funciona o pedido médico","Solicitação de exames laboratoriais: como funciona o pedido médico","6","not separately parsed","6","a39052b07bf17f6b8afd6bb1d9c30d5d6c31023c390d851f163cf79b71621d71","not newly clinically verified","unchanged","https://www.myglobalhealth.online/brazil/pt/blog/solicitacao-de-exames-laboratoriais-online","index, follow"
"https://www.myglobalhealth.online/brazil/pt/book","pt","book","sitemap","200","retain with evidence","Observed live HTTP/canonical/metadata; no justified rewrite in focused commercial batch; body not newly verified","","0","1","Marque a sua consulta — Brasil · Global Health","Marque a sua consulta — Brasil · Global Health","Clínica médica em Brasil. Escolha um serviço, clínico, hora e dados do doente.","Clínica médica em Brasil. Escolha um serviço, clínico, hora e dados do doente.","","","0","not separately parsed","0","c8332a7a3cc11dc022bc2c57afd65043aeef9a9431cc2dd164e75f50e40acab5","not newly clinically verified","unchanged","https://www.myglobalhealth.online/brazil/pt/book","index, follow"
"https://www.myglobalhealth.online/brazil/pt/careers","pt","careers","sitemap","200","retain with evidence","Observed live HTTP/canonical/metadata; no justified rewrite in focused commercial batch; body not newly verified","help global brazil trabalhe conosco (1 impressions)","0","7","Carreiras na Global Health Brasil","Carreiras na Global Health Brasil","Junte-se à Global Health em Brasil. Trabalhamos com médicos registados, equipas de apoio clínico e de tecnologia em toda a Europa e no Brasil. Veja como candidatar-se.","Junte-se à Global Health em Brasil. Trabalhamos com médicos registados, equipas de apoio clínico e de tecnologia em toda a Europa e no Brasil. Veja como candidatar-se.","Carreiras na Global Health","Carreiras na Global Health","0","not separately parsed","0","40af933cdd04308ce41b47f428b3615461cecfccaaba45d8403a7d07665a353b","not newly clinically verified","unchanged","https://www.myglobalhealth.online/brazil/pt/careers","index, follow"
"https://www.myglobalhealth.online/brazil/pt/contact","pt","contact","sitemap","200","retain with evidence","Observed live HTTP/canonical/metadata; no justified rewrite in focused commercial batch; body not newly verified","eu moro no brasil. que informações posso encontrar em lilly.com sobre como me conectar com profissionais de saúde? (4 impressions)","1","36","Contato | Médico Online Brasil | Global Health","Contato | Médico Online Brasil | Global Health","Fale com a Global Health Brasil: info@myglobalhealth.online. Consultas online por videochamada com médicos registrados. Atendimento em português e inglês.","Fale com a Global Health Brasil: info@myglobalhealth.online. Consultas online por videochamada com médicos registrados. Atendimento em português e inglês.","Contato — Global Health Brasil","Contato — Global Health Brasil","4","not separately parsed","4","70aea13881e8bc10a21f465c88ee101f913ee467a7f0163bc8d7bb5c1769cb8c","not newly clinically verified","unchanged","https://www.myglobalhealth.online/brazil/pt/contact","index, follow"
"https://www.myglobalhealth.online/brazil/pt/doctors","pt","doctors","sitemap","200","retain with evidence","Observed live HTTP/canonical/metadata; no justified rewrite in focused commercial batch; body not newly verified","","0","4","Médicos registrados no CRM | Consultas online no Brasil","Médicos registrados no CRM | Consultas online no Brasil","Consulte com médicos registrados no CRM/CFM disponíveis online no Brasil. Medicina de família, Cuidados Paliativos e telemedicina. Agende no mesmo dia.","Consulte com médicos registrados no CRM/CFM disponíveis online no Brasil. Medicina de família, Cuidados Paliativos e telemedicina. Agende no mesmo dia.","Médicos que realmente atendem.","Médicos que realmente atendem.","8","not separately parsed","8","d0bffb0d726fd8c41b03f8c2c58741dcad4268243444c95a82a6c75b3a41e83e","not newly clinically verified","unchanged","https://www.myglobalhealth.online/brazil/pt/doctors","index, follow"
"https://www.myglobalhealth.online/brazil/pt/doctors/dr-renato-sarmento","pt","doctor","sitemap","200","change","Remove unsupported availability/document promises; exact packet requires clinical review","","0","0","Dr. Renato Sarmento — Médico de Família | CRM-SP 170.837","Dr. Renato Sarmento — Médico de Família | CRM-SP 170.837","Agende uma videoconsulta com Dr. Renato Sarmento — médico de família registrado no CRM-SP (nº 170.837). Cuidados Paliativos · Telemedicina · Mestrado UPSA · Residência Casa de Saúde Santa Marcelina. Consulta no mesmo dia.","Agende uma consulta por vídeo com o Dr. Renato Sarmento. Atendimento em português, inglês ou espanhol. Confira os horários disponíveis.","Dr. Renato Sarmento","Dr. Renato Sarmento","6","0","6","f8ecb9dad8c3860828b7bcb20c0065dfb498914b3205d2919a105f013f8ec22d","required; no approval","prepared locally; not applied","https://www.myglobalhealth.online/brazil/pt/doctors/dr-renato-sarmento","index, follow"
"https://www.myglobalhealth.online/brazil/pt/dr-renato","pt","dr-renato","internal link","200","verify further","Dedicated clinician landing page requires separate storage ownership and content review","","0","0","Consulta online com médico de família · Global Health Brasil","Consulta online com médico de família · Global Health Brasil","Videoconsulta particular com médico de família registrado no CRM, para pacientes brasileiros em qualquer lugar do mundo.","Videoconsulta particular com médico de família registrado no CRM, para pacientes brasileiros em qualquer lugar do mundo.","Consulta online com seu médico de família","Consulta online com seu médico de família","6","not separately parsed","0","0c3c426c63a0525600b960be69dd9433df93a3ea517f024c2d31677840f7c8b7","not newly clinically verified","unchanged","https://www.myglobalhealth.online/brazil/pt/dr-renato","noindex, nofollow"
"https://www.myglobalhealth.online/brazil/pt/faq","pt","faq","sitemap","200","verify further","Existing authored FAQ integration; document signing/Atesta operational fact unresolved","clinic global health (26 impressions) | global health agendamento (7 impressions) | eu moro no brasil. que informações posso encontrar em lilly.com sobre como me conectar com profissionais de saúde? (1 impressions)","3","82","Perguntas frequentes — Brasil · Global Health","Perguntas frequentes — Brasil · Global Health","Brasil — Reservas, pagamentos, consultas, privacidade e quando os cuidados online não são a opção certa. Não encontrou o que precisa? Fale connosco.","Brasil — Reservas, pagamentos, consultas, privacidade e quando os cuidados online não são a opção certa. Não encontrou o que precisa? Fale connosco.","Respostas, sem linguagem de marketing.","Respostas, sem linguagem de marketing.","code-owned country groups","0","18","83b1f9ce5e0d5755717fac5c0445d670599ced16635730dae0a330abf534c9a6","not newly clinically verified","unchanged","https://www.myglobalhealth.online/brazil/pt/faq","index, follow"
"https://www.myglobalhealth.online/brazil/pt/gp-consultation-online","pt","gp-consultation-online","sitemap","200","retain with evidence","Observed live HTTP/canonical/metadata; no justified rewrite in focused commercial batch; body not newly verified","plataforma para consultas médicas (1 impressions)","1","42","Consulta Médica Online no Brasil | Global Health","Consulta Médica Online no Brasil | Global Health","Consultas médicas online com médicos inscritos no Conselho Federal de Medicina (CFM) / CRM.","Consultas médicas online com médicos inscritos no Conselho Federal de Medicina (CFM) / CRM.","Consulta Médica Online no Brasil","Consulta Médica Online no Brasil","5","not separately parsed","5","5583b10e78c53fe4a4747a36285e6a6cdb9c53e51a4c11ea691538f273558f66","not newly clinically verified","unchanged","https://www.myglobalhealth.online/brazil/pt/gp-consultation-online","index, follow"
"https://www.myglobalhealth.online/brazil/pt/legal","pt","legal","sitemap","200","hold","Existing publication retained; genuine clinical/native review or Brazilian legal approval needed for body changes","","0","0","Informação legal. · Brasil · Global Health","Informação legal. · Brasil · Global Health","Documentos legais, registo da empresa e detalhes regulamentares para Global Health em Brasil.","Documentos legais, registo da empresa e detalhes regulamentares para Global Health em Brasil.","Informação legal.","Informação legal.","0","not separately parsed","0","42167359e55214845ddeac06d85fd646188628a17e2f6e9d94f7efe436323462","not newly clinically verified","unchanged","https://www.myglobalhealth.online/brazil/pt/legal","index, follow"
"https://www.myglobalhealth.online/brazil/pt/legal/complaints-procedure","pt","legal","sitemap","200","hold","Existing publication retained; genuine clinical/native review or Brazilian legal approval needed for body changes","","0","8","Procedimento de Reclamações · Brasil · Global Health","Procedimento de Reclamações · Brasil · Global Health","Procedimento de Reclamações. Documentos legais, registo da empresa e detalhes regulamentares para Global Health em Brasil.","Procedimento de Reclamações. Documentos legais, registo da empresa e detalhes regulamentares para Global Health em Brasil.","Procedimento de Reclamações","Procedimento de Reclamações","0","not separately parsed","0","cc04ef6100826b3fbb68828c6835f7983292383ea1250bb0a0b95c777ee1911b","not newly clinically verified","unchanged","https://www.myglobalhealth.online/brazil/pt/legal/complaints-procedure","index, follow"
"https://www.myglobalhealth.online/brazil/pt/legal/cookie-policy","pt","legal","internal link","200","hold","Existing publication retained; genuine clinical/native review or Brazilian legal approval needed for body changes","","0","4","Cookie Policy · Brasil · Global Health","Cookie Policy · Brasil · Global Health","Cookie Policy. Documentos legais, registo da empresa e detalhes regulamentares para Global Health em Brasil.","Cookie Policy. Documentos legais, registo da empresa e detalhes regulamentares para Global Health em Brasil.","Cookie Policy","Cookie Policy","0","not separately parsed","0","699c7e68aea827e3c14af4402ca6f946eacfbb175616ba47cbee6ba9c8d4bf88","not newly clinically verified","unchanged","https://www.myglobalhealth.online/brazil/pt/legal/cookie-policy","noindex, follow"
"https://www.myglobalhealth.online/brazil/pt/legal/medical-disclaimer","pt","legal","sitemap","200","hold","Existing publication retained; genuine clinical/native review or Brazilian legal approval needed for body changes","","0","0","Aviso Médico · Brasil · Global Health","Aviso Médico · Brasil · Global Health","Aviso Médico. Documentos legais, registo da empresa e detalhes regulamentares para Global Health em Brasil.","Aviso Médico. Documentos legais, registo da empresa e detalhes regulamentares para Global Health em Brasil.","Aviso Médico","Aviso Médico","0","not separately parsed","0","3b713127b3e47919535998cf980aa84938473c49dca023f8b1d272c9b4a0b27a","not newly clinically verified","unchanged","https://www.myglobalhealth.online/brazil/pt/legal/medical-disclaimer","index, follow"
"https://www.myglobalhealth.online/brazil/pt/legal/privacy-policy","pt","legal","sitemap","200","hold","Existing publication retained; genuine clinical/native review or Brazilian legal approval needed for body changes","","0","0","Política de Privacidade · Brasil · Global Health","Política de Privacidade · Brasil · Global Health","Política de Privacidade. Documentos legais, registo da empresa e detalhes regulamentares para Global Health em Brasil.","Política de Privacidade. Documentos legais, registo da empresa e detalhes regulamentares para Global Health em Brasil.","Política de Privacidade","Política de Privacidade","0","not separately parsed","0","5bb1993e1435016bf0741f09967cc166e3c373ea7f5ad035890e03edfcc71369","not newly clinically verified","unchanged","https://www.myglobalhealth.online/brazil/pt/legal/privacy-policy","index, follow"
"https://www.myglobalhealth.online/brazil/pt/legal/refund-policy","pt","legal","sitemap","200","hold","Existing publication retained; genuine clinical/native review or Brazilian legal approval needed for body changes","","0","3","Política de Reembolso · Brasil · Global Health","Política de Reembolso · Brasil · Global Health","Política de Reembolso. Documentos legais, registo da empresa e detalhes regulamentares para Global Health em Brasil.","Política de Reembolso. Documentos legais, registo da empresa e detalhes regulamentares para Global Health em Brasil.","Política de Reembolso","Política de Reembolso","0","not separately parsed","0","377a14de04254c693251b0cdbed0ee142127b576166662caa713c6981e91058f","not newly clinically verified","unchanged","https://www.myglobalhealth.online/brazil/pt/legal/refund-policy","index, follow"
"https://www.myglobalhealth.online/brazil/pt/legal/terms-of-service","pt","legal","sitemap","200","hold","Existing publication retained; genuine clinical/native review or Brazilian legal approval needed for body changes","","0","2","Termos e Condições · Brasil · Global Health","Termos e Condições · Brasil · Global Health","Termos e Condições. Documentos legais, registo da empresa e detalhes regulamentares para Global Health em Brasil.","Termos e Condições. Documentos legais, registo da empresa e detalhes regulamentares para Global Health em Brasil.","Termos e Condições","Termos e Condições","0","not separately parsed","0","4f524aec1f2baf159f49f15060c46c0a7d29179cafe6e3df394a69381ee74658","not newly clinically verified","unchanged","https://www.myglobalhealth.online/brazil/pt/legal/terms-of-service","index, follow"
"https://www.myglobalhealth.online/brazil/pt/press","pt","press","sitemap","200","retain with evidence","Observed live HTTP/canonical/metadata; no justified rewrite in focused commercial batch; body not newly verified","","0","4","Imprensa e Media — Global Health Brasil","Imprensa e Media — Global Health Brasil","Informação para a imprensa sobre a Global Health em Brasil: quem opera o serviço, como é regulado, os mercados que servimos e como contactar a nossa área de imprensa.","Informação para a imprensa sobre a Global Health em Brasil: quem opera o serviço, como é regulado, os mercados que servimos e como contactar a nossa área de imprensa.","Imprensa e media","Imprensa e media","0","not separately parsed","0","121539dec891f6d76e315250f57d2d9b548428abd926dbed96cdcff993cccbeb","not newly clinically verified","unchanged","https://www.myglobalhealth.online/brazil/pt/press","index, follow"
"https://www.myglobalhealth.online/brazil/pt/pricing","pt","pricing","sitemap","200","verify further","Plan offer and individual consultation pricing must be reconciled with business scope","","0","3","Escolha o seu plano mensal · Brasil · Global Health","Escolha o seu plano mensal · Brasil · Global Health","Cuidados mensais de medicina geral online com créditos de consulta e poupança em especialistas, com preços para Brasil.","Cuidados mensais de medicina geral online com créditos de consulta e poupança em especialistas, com preços para Brasil.","Cuidados que se renovam consigo","Cuidados que se renovam consigo","0","not separately parsed","0","eb7bbfa81f3727ab33658b3d7db6b79c79c2f00eaa1d268e76652c6eb22e3f31","not newly clinically verified","unchanged","https://www.myglobalhealth.online/brazil/pt/pricing","index, follow"
"https://www.myglobalhealth.online/brazil/pt/services/atestado-medico-online","pt","service","sitemap","200","change","Remove unsupported availability/document promises; exact packet requires clinical review","","0","56","Atestado Médico Online Brasil | Válido para Trabalho e Escola | Mesmo Dia","Atestado médico: avaliação online | Global Health Brasil","Atestado médico com validade legal emitido por clínico geral via teleconsulta. Aceito no trabalho e na escola conforme CLT art. 473. Médicos com CRM ativo. Mesmo dia, de qualquer lugar do Brasil.","Agende uma avaliação médica por vídeo. A emissão de atestado depende da avaliação clínica; a consulta não garante um documento ou sua aceitação.","Atestado Médico Online — Válido para Trabalho e Escola, Mesmo Dia","Atestado médico: avaliação por vídeo","8","0","8","f81f8fcc2abff58e51e614a850456908d22c42b1de7b42035079917553d155c5","required; no approval","prepared locally; not applied","https://www.myglobalhealth.online/brazil/pt/services/atestado-medico-online","index, follow"
"https://www.myglobalhealth.online/brazil/pt/services/consulta-clinica-online","pt","service","sitemap","200","change","Remove unsupported availability/document promises; exact packet requires clinical review","consulta médico clínico geral online (2 impressions)","0","54","Consulta Médica Online Brasil | Clínico Geral | Mesmo Dia","Consulta Médica Online Brasil | Clínico Geral","Consulta com clínico geral por videochamada, atestado médico válido e pedido de exames. Sem fila de espera. Médicos com CRM ativo, atendendo em todo o Brasil. Agendamento no mesmo dia.","Converse com um clínico geral por vídeo sobre sintomas e cuidados de saúde. Consulte os horários e o preço antes de agendar.","Consulta Médica Online — Clínico Geral por Videochamada, Mesmo Dia","Consulta Médica Online — Clínico Geral por Videochamada","9","0","9","26f2ab0aa094aee86e46d69df46cf860ad685a7cc329bfc182e0e93648e8ea8d","required; no approval","prepared locally; not applied","https://www.myglobalhealth.online/brazil/pt/services/consulta-clinica-online","index, follow"
"https://www.myglobalhealth.online/brazil/pt/services/consulta-pele-online","pt","service","sitemap","200","change","Remove unsupported availability/document promises; exact packet requires clinical review","","0","1","Consulta de Pele Online Brasil | Clínico Geral | Mesmo Dia","Consulta de Pele Online Brasil | Clínico Geral","Consulta de pele com clínico geral por videochamada. Acne, eczema, manchas, infecções e muito mais. Médicos com CRM ativo. Mesmo dia, de qualquer lugar do Brasil.","Consulta de Pele: consulta por vídeo com médico de família. Confira a agenda, o preço e os limites do atendimento antes de reservar.","Consulta de Pele Online — Avaliação com Clínico Geral por Videochamada","Consulta de Pele Online — Avaliação com Clínico Geral por Videochamada","7","0","7","964be9c3eb5650558caf06997c686ad9cc811699fe1f101e71c88253807db1d1","required; no approval","prepared locally; not applied","https://www.myglobalhealth.online/brazil/pt/services/consulta-pele-online","index, follow"
"https://www.myglobalhealth.online/brazil/pt/services/controle-peso-online","pt","service","sitemap","200","change","Remove unsupported availability/document promises; exact packet requires clinical review","consulta online para obesidade (20 impressions) | médico para emagrecimento online (3 impressions) | consulta para emagrecer online (2 impressions)","0","37","Controle de Peso Online Brasil | Avaliação Médica | Mesmo Dia","Controle de Peso Online Brasil | Avaliação Médica","Consulta de controle de peso com clínico geral por videochamada. Avaliação médica, pedido de exames e orientação personalizada. Médicos com CRM ativo. Mesmo dia, de qualquer lugar do Brasil.","Controle de Peso: consulta por vídeo com médico de família. Confira a agenda, o preço e os limites do atendimento antes de reservar.","Controle de Peso Online — Avaliação Médica por Videochamada","Controle de Peso Online — Avaliação Médica por Videochamada","8","0","8","7e6ddc378510a7657d58b8058043263141cdee9b6b955894da8a1b80be3f577a","required; no approval","prepared locally; not applied","https://www.myglobalhealth.online/brazil/pt/services/controle-peso-online","index, follow"
"https://www.myglobalhealth.online/brazil/pt/services/doencas-cronicas-online","pt","service","sitemap","200","change","Remove unsupported availability/document promises; exact packet requires clinical review","","0","3","Doenças Crônicas Online Brasil | Acompanhamento Médico | Mesmo Dia","Doenças Crônicas Online Brasil | Acompanhamento Médico","Acompanhamento de doenças crônicas com clínico geral por videochamada. Hipertensão, diabetes, hipotireoidismo e muito mais. Médicos com CRM ativo. Mesmo dia, de qualquer lugar do Brasil.","Doenças Crônicas: consulta por vídeo com médico de família. Confira a agenda, o preço e os limites do atendimento antes de reservar.","Doenças Crônicas Online — Acompanhamento Médico por Videochamada","Doenças Crônicas Online — Acompanhamento Médico por Videochamada","9","0","9","08d4ffd815a75fa306a97d86c81002b34fce35a7c848aa4d0d5e96ccc21bb0fc","required; no approval","prepared locally; not applied","https://www.myglobalhealth.online/brazil/pt/services/doencas-cronicas-online","index, follow"
"https://www.myglobalhealth.online/brazil/pt/services/musculoesqueletico-online","pt","service","sitemap","200","change","Remove unsupported availability/document promises; exact packet requires clinical review","","0","0","Dor Muscular e Articular Online Brasil | Clínico Geral | Mesmo Dia","Dor Muscular e Articular Online Brasil | Clínico Geral","Consulta para dor nas costas, articulações, lesões musculares e outras queixas musculoesqueléticas por videochamada. Médicos com CRM ativo. Mesmo dia, de qualquer lugar do Brasil.","Musculoesquelético: consulta por vídeo com médico de família. Confira a agenda, o preço e os limites do atendimento antes de reservar.","Dor Muscular e Articular Online — Avaliação com Clínico Geral por Videochamada","Dor Muscular e Articular Online — Avaliação com Clínico Geral por Videochamada","8","0","8","00e2c8285adef1275ab10f979b424cf83d01921db9e5571aa67fec44799c0c65","required; no approval","prepared locally; not applied","https://www.myglobalhealth.online/brazil/pt/services/musculoesqueletico-online","index, follow"
"https://www.myglobalhealth.online/brazil/pt/services/parar-de-fumar-online","pt","service","sitemap","200","change","Remove unsupported availability/document promises; exact packet requires clinical review","","2","31","Parar de Fumar Online Brasil | Apoio Médico | Mesmo Dia","Parar de Fumar Online Brasil | Apoio Médico","Consulta para parar de fumar com clínico geral por videochamada. Avaliação da dependência, plano personalizado e orientação sobre tratamento. Médicos com CRM ativo. Mesmo dia, de qualquer lugar do Brasil.","Parar de Fumar: consulta por vídeo com médico de família. Confira a agenda, o preço e os limites do atendimento antes de reservar.","Parar de Fumar Online — Avaliação Médica e Plano Personalizado por Videochamada","Parar de Fumar Online — Avaliação Médica e Plano Personalizado por Videochamada","9","0","9","005dfbc303e0c07ff183d2d9162557cd176d0570e19f9b7eb5b2082375d48f52","required; no approval","prepared locally; not applied","https://www.myglobalhealth.online/brazil/pt/services/parar-de-fumar-online","index, follow"
"https://www.myglobalhealth.online/brazil/pt/services/pediatria-online","pt","service","sitemap","200","change","Remove unsupported availability/document promises; exact packet requires clinical review","","0","3","Pediatria Online Brasil | Consulta Pediátrica | Mesmo Dia","Saúde da criança: médico de família online | Brasil","Consulta pediátrica com clínico geral por videochamada. Febre, infecções, dúvidas sobre desenvolvimento e muito mais. Médicos com CRM ativo. Mesmo dia, de qualquer lugar do Brasil.","Consulta por vídeo para crianças e adolescentes com médico de família. Confira horários e preço. Não é uma consulta com pediatra especialista.","Pediatria Online — Consulta Pediátrica por Videochamada, Mesmo Dia","Saúde da criança e adolescente com médico de família","8","0","8","a8177834601a2350a85169ee610b07f376bcb8661689b8e49f16ece0d2d933ae","required; no approval","prepared locally; not applied","https://www.myglobalhealth.online/brazil/pt/services/pediatria-online","index, follow"
"https://www.myglobalhealth.online/brazil/pt/services/queda-cabelo-online","pt","service","sitemap","200","change","Remove unsupported availability/document promises; exact packet requires clinical review","","0","2","Queda de Cabelo Online Brasil | Avaliação Médica | Mesmo Dia","Queda de Cabelo Online Brasil | Avaliação Médica","Consulta para queda de cabelo com clínico geral por videochamada. Avaliação de causas, pedido de exames e orientação sobre tratamento. Médicos com CRM ativo. Mesmo dia, de qualquer lugar do Brasil.","Queda de Cabelo: consulta por vídeo com médico de família. Confira a agenda, o preço e os limites do atendimento antes de reservar.","Queda de Cabelo Online — Avaliação Médica por Videochamada","Queda de Cabelo Online — Avaliação Médica por Videochamada","8","0","8","3a36f7a8ec610e34d6106a24c507bc6ce7d11617497f50d927902c9c31d81e92","required; no approval","prepared locally; not applied","https://www.myglobalhealth.online/brazil/pt/services/queda-cabelo-online","index, follow"
"https://www.myglobalhealth.online/brazil/pt/services/renovacao-receita-online","pt","service","sitemap","200","change","Remove unsupported availability/document promises; exact packet requires clinical review","","0","10","Renovação de Receita Online Brasil | Clínico Geral | Mesmo Dia","Renovação de Receita Online Brasil | Clínico Geral","Renove sua receita médica por videochamada com clínico geral. Receituário eletrônico válido em farmácias de todo o Brasil. Sem fila de espera. Médicos com CRM ativo. Agendamento no mesmo dia.","Renovação de Receita: consulta por vídeo com médico de família. Confira a agenda, o preço e os limites do atendimento antes de reservar.","Renovação de Receita Online — Medicação Contínua sem Sair de Casa","Renovação de Receita Online — Medicação Contínua sem Sair de Casa","8","0","8","51bee62ac69f707f10f6e2aa12d0c5243fb61644c3b97d6f128545b6cb161e30","required; no approval","prepared locally; not applied","https://www.myglobalhealth.online/brazil/pt/services/renovacao-receita-online","index, follow"
"https://www.myglobalhealth.online/brazil/pt/services/saude-da-mulher-online","pt","service","sitemap","200","change","Remove unsupported availability/document promises; exact packet requires clinical review","","0","0","Saúde da Mulher Online Brasil | Clínico Geral | Mesmo Dia","Saúde da Mulher Online Brasil | Clínico Geral","Consulta de saúde feminina por videochamada com clínico geral. Saúde hormonal, anticoncepção, saúde reprodutiva e muito mais. Médicos com CRM ativo. Mesmo dia, de qualquer lugar do Brasil.","Saúde da Mulher: consulta por vídeo com médico de família. Confira a agenda, o preço e os limites do atendimento antes de reservar.","Saúde da Mulher Online — Consulta com Clínico Geral por Videochamada","Saúde da Mulher Online — Consulta com Clínico Geral por Videochamada","8","0","8","2fbb78f4801c0f5341d8e57addf51c8d8ba111a1b9c1fa1281257d3573d5f9ac","required; no approval","prepared locally; not applied","https://www.myglobalhealth.online/brazil/pt/services/saude-da-mulher-online","index, follow"
"https://www.myglobalhealth.online/brazil/pt/services/saude-do-homem-online","pt","service","sitemap","200","change","Remove unsupported availability/document promises; exact packet requires clinical review","consulta online saúde masculina (20 impressions)","0","30","Saúde do Homem Online Brasil | Clínico Geral | Mesmo Dia","Saúde do Homem Online Brasil | Clínico Geral","Consulta de saúde masculina por videochamada com clínico geral. Saúde sexual, queda de cabelo, check-up e muito mais. Médicos com CRM ativo. Mesmo dia, de qualquer lugar do Brasil.","Saúde do Homem: consulta por vídeo com médico de família. Confira a agenda, o preço e os limites do atendimento antes de reservar.","Saúde do Homem Online — Consulta com Clínico Geral por Videochamada","Saúde do Homem Online — Consulta com Clínico Geral por Videochamada","8","0","8","09b1859c2d829112c7109f3f8cbdc4cd7222c3b502a367ebc96b35940b0fbf6a","required; no approval","prepared locally; not applied","https://www.myglobalhealth.online/brazil/pt/services/saude-do-homem-online","index, follow"
"https://www.myglobalhealth.online/brazil/pt/services/saude-idoso-online","pt","service","sitemap","200","change","Remove unsupported availability/document promises; exact packet requires clinical review","","0","0","Saúde do Idoso Online Brasil | Clínico Geral | Mesmo Dia","Saúde do Idoso Online Brasil | Clínico Geral","Consulta de saúde do idoso com clínico geral por videochamada. Revisão de medicamentos, avaliação cognitiva, prevenção de quedas e muito mais. Médicos com CRM ativo. Mesmo dia, de qualquer lugar do Brasil.","Saúde do Idoso: consulta por vídeo com médico de família. Confira a agenda, o preço e os limites do atendimento antes de reservar.","Saúde do Idoso Online — Consulta com Clínico Geral por Videochamada","Saúde do Idoso Online — Consulta com Clínico Geral por Videochamada","9","0","9","ef6bb846a51a20752f354d5617f96377c2d24cd8eb407a3a7c33ee22a5436b0b","required; no approval","prepared locally; not applied","https://www.myglobalhealth.online/brazil/pt/services/saude-idoso-online","index, follow"
"https://www.myglobalhealth.online/brazil/pt/services/saude-mental-online","pt","service","sitemap","200","change","Remove unsupported availability/document promises; exact packet requires clinical review","","0","2","Saúde Mental Online Brasil | Ansiedade e Depressão | Clínico Geral","Saúde Mental Online Brasil | Ansiedade e Depressão | Clínico Geral","Converse com um clínico geral sobre ansiedade, depressão, estresse ou burnout por videochamada. Avaliação, orientação e encaminhamento quando necessário. Médicos com CRM ativo. Mesmo dia, em todo o Brasil.","Saúde Mental: consulta por vídeo com médico de família. Confira a agenda, o preço e os limites do atendimento antes de reservar.","Saúde Mental Online — Avaliação com Clínico Geral por Videochamada","Saúde Mental Online — Avaliação com Clínico Geral por Videochamada","9","0","9","9871f963e18231808423eb512d88cb6927276fd94bf1e9bc511d7937d5cc2a76","required; no approval","prepared locally; not applied","https://www.myglobalhealth.online/brazil/pt/services/saude-mental-online","index, follow"
"https://www.myglobalhealth.online/brazil/pt/services/saude-sexual-ist-online","pt","service","sitemap","200","change","Remove unsupported availability/document promises; exact packet requires clinical review","","2","4","Saúde Sexual e IST Online Brasil | Clínico Geral | Mesmo Dia","Saúde Sexual e IST Online Brasil | Clínico Geral","Consulta de saúde sexual e rastreamento de IST com clínico geral por videochamada. Sífilis, HIV, hepatites, PrEP e muito mais. Médicos com CRM ativo. Mesmo dia, de qualquer lugar do Brasil.","Saúde Sexual e IST: consulta por vídeo com médico de família. Confira a agenda, o preço e os limites do atendimento antes de reservar.","Saúde Sexual e IST Online — Avaliação com Clínico Geral por Videochamada","Saúde Sexual e IST Online — Avaliação com Clínico Geral por Videochamada","10","0","10","a3a7ef546f977456c92d050c5472f8dfbbddabb754d9bbb1dad7834cd21decb6","required; no approval","prepared locally; not applied","https://www.myglobalhealth.online/brazil/pt/services/saude-sexual-ist-online","index, follow"
"https://www.myglobalhealth.online/brazil/pt/services/saude-viagem-online","pt","service","sitemap","200","change","Remove unsupported availability/document promises; exact packet requires clinical review","","1","12","Saúde de Viagem Online Brasil | Consulta Médica Antes de Viajar | Mesmo Dia","Saúde de Viagem Online Brasil | Consulta Médica Antes de Viajar","Consulta de saúde de viagem com clínico geral por videochamada. Orientação sobre vacinas, profilaxia de malária, dengue e muito mais. Médicos com CRM ativo. Mesmo dia, de qualquer lugar do Brasil.","Saúde de Viagem: consulta por vídeo com médico de família. Confira a agenda, o preço e os limites do atendimento antes de reservar.","Saúde de Viagem Online — Orientação Médica Antes de Viajar","Saúde de Viagem Online — Orientação Médica Antes de Viajar","8","0","8","a55f916890ca302347f0b0a3f720f0ab2fc20fa1e4e65e81ac266c54e5155451","required; no approval","prepared locally; not applied","https://www.myglobalhealth.online/brazil/pt/services/saude-viagem-online","index, follow"
"https://www.myglobalhealth.online/brazil/pt/services/segunda-opiniao-medica","pt","service","sitemap","200","change","Remove unsupported availability/document promises; exact packet requires clinical review","","0","2","Segunda Opinião Médica Online Brasil | Clínico Geral | Mesmo Dia","Segunda Opinião Médica Online Brasil | Clínico Geral","Obtenha uma segunda opinião médica independente por videochamada. Revise diagnósticos, resultados de exames e planos de tratamento com um clínico geral com CRM ativo. Mesmo dia, de qualquer lugar do Brasil.","Segunda Opinião Médica: consulta por vídeo com médico de família. Confira a agenda, o preço e os limites do atendimento antes de reservar.","Segunda Opinião Médica Online — Avaliação Independente por Videochamada","Segunda Opinião Médica Online — Avaliação Independente por Videochamada","8","0","8","cbd46223a2e672db7314fb409124d6ac0606c5617db32054b02cd8406f481a7d","required; no approval","prepared locally; not applied","https://www.myglobalhealth.online/brazil/pt/services/segunda-opiniao-medica","index, follow"
"https://www.myglobalhealth.online/brazil/pt/services/solicitacao-exames-online","pt","service","sitemap","200","change","Remove unsupported availability/document promises; exact packet requires clinical review","","1","82","Solicitação de Exames Online Brasil | Pedido de Exames | Mesmo Dia","Solicitação de Exames Online Brasil | Pedido de Exames","Solicite exames de sangue, imagem e outros exames laboratoriais por videochamada com clínico geral. Pedido de exames válido em laboratórios de todo o Brasil. Médicos com CRM ativo. Mesmo dia.","Converse com um médico por vídeo sobre a necessidade de exames. A solicitação depende da avaliação clínica. Confira horários e preço.","Solicitação de Exames Online — Pedido de Exames por Videochamada, Mesmo Dia","Solicitação de Exames Online — Pedido de Exames por Videochamada","8","0","8","33bc4b3f177f412b68b8f61b6f0be3e6fed8600aa5b8e869b575fce605d43bd8","required; no approval","prepared locally; not applied","https://www.myglobalhealth.online/brazil/pt/services/solicitacao-exames-online","index, follow"
"https://www.myglobalhealth.online/brazil/pt/tools/adhd-test","pt","tool","sitemap","200","retain with evidence","Observed live HTTP/canonical/metadata; no justified rewrite in focused commercial batch; body not newly verified","","1","16","Teste de TDAH Brasil | Triagem Gratuita para Adultos","Teste de TDAH Brasil | Triagem Gratuita para Adultos","Faça a triagem de TDAH em adultos com seis perguntas (ASRS v1.1, parte A) e veja o que as suas respostas significam. Uma triagem não é diagnóstico — quem diagnostica é o psiquiatra ou o psicólogo clínico.","Faça a triagem de TDAH em adultos com seis perguntas (ASRS v1.1, parte A) e veja o que as suas respostas significam. Uma triagem não é diagnóstico — quem diagnostica é o psiquiatra ou o psicólogo clínico.","Teste de TDAH Brasil","Teste de TDAH Brasil","8","not separately parsed","8","4f7cce0625ceb428fe0fae1a34073c64311ea5c5af37e95de709f4a5d704b124","not newly clinically verified","unchanged","https://www.myglobalhealth.online/brazil/pt/tools/adhd-test","index, follow"
"https://www.myglobalhealth.online/brazil/pt/tools/blood-pressure-chart","pt","tool","sitemap","200","retain with evidence","Observed live HTTP/canonical/metadata; no justified rewrite in focused commercial batch; body not newly verified","tabela de pressão arterial (13 impressions) | tabela pressão arterial (11 impressions) | pressao normal tabela (9 impressions)","2","312","Pressão Arterial Normal Brasil | Tabela de Valores","Pressão Arterial Normal Brasil | Tabela de Valores","Compare sua pressão sistólica e diastólica com a tabela para adultos. Veja a categoria, o que ela significa e quais medidas exigem atendimento médico no mesmo dia.","Compare sua pressão sistólica e diastólica com a tabela para adultos. Veja a categoria, o que ela significa e quais medidas exigem atendimento médico no mesmo dia.","Pressão arterial normal Brasil","Pressão arterial normal Brasil","8","not separately parsed","8","42919474c377e92677a270ea3951a369f2ed7cb541e1c3ab094c808d036f5747","not newly clinically verified","unchanged","https://www.myglobalhealth.online/brazil/pt/tools/blood-pressure-chart","index, follow"
"https://www.myglobalhealth.online/brazil/pt/tools/bmi-calculator","pt","tool","sitemap","200","retain with evidence","Observed live HTTP/canonical/metadata; no justified rewrite in focused commercial batch; body not newly verified","gestгo de saъdebrl7200%-33%mйdio53 2,65 9,48 880720720880720720590480880590720590 (2 impressions)","0","4","Calculadora IMC Brasil | Calcular o IMC Online","Calculadora IMC Brasil | Calcular o IMC Online","Calcule seu índice de massa corporal em segundos. Sistema métrico ou imperial, categorias da OMS para adultos e o que o resultado significa na prática.","Calcule seu índice de massa corporal em segundos. Sistema métrico ou imperial, categorias da OMS para adultos e o que o resultado significa na prática.","Calculadora IMC Brasil","Calculadora IMC Brasil","8","not separately parsed","8","a8271e00d42e729b30165a3a7ff33ab59fe0c27408e64c767871423a56e05836","not newly clinically verified","unchanged","https://www.myglobalhealth.online/brazil/pt/tools/bmi-calculator","index, follow"
"https://www.myglobalhealth.online/brazil/pt/tools/calorie-calculator","pt","tool","sitemap","200","retain with evidence","Observed live HTTP/canonical/metadata; no justified rewrite in focused commercial batch; body not newly verified","calorias por dia (1 impressions)","7","2251","Calculadora Calorias Brasil | Calorias Diárias","Calculadora Calorias Brasil | Calorias Diárias","Calcule quantas calorias você precisa por dia para manter, perder ou ganhar peso. Equação de Mifflin-St Jeor, cinco níveis de atividade e o que os números significam na prática.","Calcule quantas calorias você precisa por dia para manter, perder ou ganhar peso. Equação de Mifflin-St Jeor, cinco níveis de atividade e o que os números significam na prática.","Calculadora de calorias Brasil","Calculadora de calorias Brasil","8","not separately parsed","8","a8dfd2cc9f461163d8daf03b8d07d9c62ab3b792afd5a8df2823331ad2db3d28","not newly clinically verified","unchanged","https://www.myglobalhealth.online/brazil/pt/tools/calorie-calculator","index, follow"
"https://www.myglobalhealth.online/brazil/pt/tools/due-date-calculator","pt","tool","sitemap","200","retain with evidence","Observed live HTTP/canonical/metadata; no justified rewrite in focused commercial batch; body not newly verified","calculadora gestacional (12 impressions) | calculadora de gravidez (8 impressions) | calculadora idade gestacional (8 impressions)","0","824","Calculadora Gestacional Brasil | Idade Gestacional e DPP","Calculadora Gestacional Brasil | Idade Gestacional e DPP","Calcule a idade gestacional e a data provável do parto (DPP) a partir do primeiro dia da última menstruação. Ajusta-se à duração do seu ciclo, com as 40 semanas detalhadas.","Calcule a idade gestacional e a data provável do parto (DPP) a partir do primeiro dia da última menstruação. Ajusta-se à duração do seu ciclo, com as 40 semanas detalhadas.","Calculadora gestacional Brasil","Calculadora gestacional Brasil","8","not separately parsed","8","2423eea3eaeb3a4624e90cb22662959c2f448160ac4f3c076d86343dc22f2040","not newly clinically verified","unchanged","https://www.myglobalhealth.online/brazil/pt/tools/due-date-calculator","index, follow"
"https://www.myglobalhealth.online/brazil/pt/tools/osteoporosis-risk-checker","pt","tool","sitemap","200","retain with evidence","Observed live HTTP/canonical/metadata; no justified rewrite in focused commercial batch; body not newly verified","","0","1","Avaliação de Risco de Osteoporose Brasil | Preciso de uma Densitometria Óssea?","Avaliação de Risco de Osteoporose Brasil | Preciso de uma Densitometria Óssea?","Verifique os fatores de risco publicados para osteoporose e fratura de fragilidade, e veja se as orientações clínicas recomendam que seja avaliado. Não é o FRAX nem um diagnóstico — uma lista de verificação para levar ao médico.","Verifique os fatores de risco publicados para osteoporose e fratura de fragilidade, e veja se as orientações clínicas recomendam que seja avaliado. Não é o FRAX nem um diagnóstico — uma lista de verificação para levar ao médico.","Risco de osteoporose Brasil","Risco de osteoporose Brasil","8","not separately parsed","8","8779e0a5337dc411c2cd96c582749d62aa925d08c0d42c3f0e245f9169e8d98a","not newly clinically verified","unchanged","https://www.myglobalhealth.online/brazil/pt/tools/osteoporosis-risk-checker","index, follow"
"https://www.myglobalhealth.online/brazil/pt/tools/ovulation-calculator","pt","tool","sitemap","200","retain with evidence","Observed live HTTP/canonical/metadata; no justified rewrite in focused commercial batch; body not newly verified","","0","21","Período Fértil Brasil | Calculadora de Ovulação","Período Fértil Brasil | Calculadora de Ovulação","Calcule seu período fértil e o dia previsto da ovulação a partir do primeiro dia da última menstruação. Ajusta-se à duração do seu ciclo, com os seis dias mais férteis detalhados.","Calcule seu período fértil e o dia previsto da ovulação a partir do primeiro dia da última menstruação. Ajusta-se à duração do seu ciclo, com os seis dias mais férteis detalhados.","Período fértil Brasil","Período fértil Brasil","8","not separately parsed","8","1f5038216324228b38ffc0233d8992a9362711e94feb686c370333ddcfced0c0","not newly clinically verified","unchanged","https://www.myglobalhealth.online/brazil/pt/tools/ovulation-calculator","index, follow"
"https://www.myglobalhealth.online/brazil/pt/tools/sore-throat-checker","pt","tool","sitemap","200","retain with evidence","Observed live HTTP/canonical/metadata; no justified rewrite in focused commercial batch; body not newly verified","","0","0","Garganta Inflamada ou Amigdalite? Teste Brasil","Garganta Inflamada ou Amigdalite? Teste Brasil","Responda a cinco perguntas sobre a sua dor de garganta e veja qual a chance de ser bacteriana, pelo escore de McIsaac usado na clínica. Inclui os sinais de alerta que pedem atendimento imediato. Não é diagnóstico nem teste de estreptococo.","Responda a cinco perguntas sobre a sua dor de garganta e veja qual a chance de ser bacteriana, pelo escore de McIsaac usado na clínica. Inclui os sinais de alerta que pedem atendimento imediato. Não é diagnóstico nem teste de estreptococo.","Garganta inflamada e amigdalite Brasil","Garganta inflamada e amigdalite Brasil","8","not separately parsed","8","343a64ac8a8127cd81812646d1151337eb62c7580d98e733816bf2e5ea244959","not newly clinically verified","unchanged","https://www.myglobalhealth.online/brazil/pt/tools/sore-throat-checker","index, follow"
