content_entity_id,entity_type,country,locale,slug,publication_state,first_published,source_endpoint,extra
service:ie:acute-medical-consultation,service,ie,en,acute-medical-consultation,isActive=True,,/api/countries/ie/services?locale=EN,kind=GENERAL
service:ie:sick-certificate-ireland,service,ie,en,sick-certificate-ireland,isActive=True,,/api/countries/ie/services?locale=EN,kind=GENERAL
service:ie:treatment-review,service,ie,en,treatment-review,isActive=True,,/api/countries/ie/services?locale=EN,kind=GENERAL
service:ie:chronic-disease-consultation,service,ie,en,chronic-disease-consultation,isActive=True,,/api/countries/ie/services?locale=EN,kind=GENERAL
service:ie:paediatric-consultation,service,ie,en,paediatric-consultation,isActive=True,,/api/countries/ie/services?locale=EN,kind=GENERAL
service:ie:weight-management-consultation,service,ie,en,weight-management-consultation,isActive=True,,/api/countries/ie/services?locale=EN,kind=GENERAL
service:ie:mens-health-consultation,service,ie,en,mens-health-consultation,isActive=True,,/api/countries/ie/services?locale=EN,kind=GENERAL
service:ie:skin-dermatology-consultation,service,ie,en,skin-dermatology-consultation,isActive=True,,/api/countries/ie/services?locale=EN,kind=GENERAL
service:ie:hair-loss-consultation,service,ie,en,hair-loss-consultation,isActive=True,,/api/countries/ie/services?locale=EN,kind=GENERAL
service:ie:musculoskeletal-pain-assessment,service,ie,en,musculoskeletal-pain-assessment,isActive=True,,/api/countries/ie/services?locale=EN,kind=GENERAL
service:ie:womens-health-consultation,service,ie,en,womens-health-consultation,isActive=True,,/api/countries/ie/services?locale=EN,kind=GENERAL
service:ie:mental-health-consultation,service,ie,en,mental-health-consultation,isActive=True,,/api/countries/ie/services?locale=EN,kind=GENERAL
service:ie:second-opinion-consultation,service,ie,en,second-opinion-consultation,isActive=True,,/api/countries/ie/services?locale=EN,kind=GENERAL
service:ie:travel-health-consultation,service,ie,en,travel-health-consultation,isActive=True,,/api/countries/ie/services?locale=EN,kind=GENERAL
service:ie:referral-and-investigations,service,ie,en,referral-and-investigations,isActive=True,,/api/countries/ie/services?locale=EN,kind=GENERAL
service:ie:aesthetic-medicine-consultation,service,ie,en,aesthetic-medicine-consultation,isActive=True,,/api/countries/ie/services?locale=EN,kind=GENERAL
service:ie:cardiology-specialist-consultation,service,ie,en,cardiology-specialist-consultation,isActive=True,,/api/countries/ie/services?locale=EN,kind=SPECIALIST
service:ie:neurology-specialist-consultation,service,ie,en,neurology-specialist-consultation,isActive=True,,/api/countries/ie/services?locale=EN,kind=SPECIALIST
service:ie:nutrition-specialist-consultation,service,ie,en,nutrition-specialist-consultation,isActive=True,,/api/countries/ie/services?locale=EN,kind=SPECIALIST
service:ie:paediatric-specialist-consultation,service,ie,en,paediatric-specialist-consultation,isActive=True,,/api/countries/ie/services?locale=EN,kind=SPECIALIST
service:ie:physiotherapy-specialist-consultation,service,ie,en,physiotherapy-specialist-consultation,isActive=True,,/api/countries/ie/services?locale=EN,kind=SPECIALIST
service:ie:psychiatry-specialist-consultation,service,ie,en,psychiatry-specialist-consultation,isActive=True,,/api/countries/ie/services?locale=EN,kind=SPECIALIST
service:ie:psychology-specialist-consultation,service,ie,en,psychology-specialist-consultation,isActive=True,,/api/countries/ie/services?locale=EN,kind=SPECIALIST
doctor:ie:dr-abdelrahman-mustafa,doctor,ie,en,dr-abdelrahman-mustafa,readyToIndex=True,,/api/countries/ie/doctors?locale=EN,
doctor:ie:dr-ahmed-maklad,doctor,ie,en,dr-ahmed-maklad,readyToIndex=True,,/api/countries/ie/doctors?locale=EN,
doctor:ie:dr-arooj-iqbal-lodhi,doctor,ie,en,dr-arooj-iqbal-lodhi,readyToIndex=True,,/api/countries/ie/doctors?locale=EN,
doctor:ie:dr-emmanuel-dabup,doctor,ie,en,dr-emmanuel-dabup,readyToIndex=True,,/api/countries/ie/doctors?locale=EN,
doctor:ie:dr-fahad-farooq,doctor,ie,en,dr-fahad-farooq,readyToIndex=True,,/api/countries/ie/doctors?locale=EN,
doctor:ie:dr-fatima-ali,doctor,ie,en,dr-fatima-ali,readyToIndex=True,,/api/countries/ie/doctors?locale=EN,
doctor:ie:dr-mariam-faiz,doctor,ie,en,dr-mariam-faiz,readyToIndex=True,,/api/countries/ie/doctors?locale=EN,
doctor:ie:dr-mohamed-fadzly-bin-mohamed,doctor,ie,en,dr-mohamed-fadzly-bin-mohamed,readyToIndex=True,,/api/countries/ie/doctors?locale=EN,
doctor:ie:dr-mohammed-omar,doctor,ie,en,dr-mohammed-omar,readyToIndex=True,,/api/countries/ie/doctors?locale=EN,
doctor:ie:dr-muhammad-mataro,doctor,ie,en,dr-muhammad-mataro,readyToIndex=True,,/api/countries/ie/doctors?locale=EN,
doctor:ie:dr-muhammad-tahir-arain,doctor,ie,en,dr-muhammad-tahir-arain,readyToIndex=True,,/api/countries/ie/doctors?locale=EN,
doctor:ie:dr-muhammad-usman-yoosuf,doctor,ie,en,dr-muhammad-usman-yoosuf,readyToIndex=True,,/api/countries/ie/doctors?locale=EN,
doctor:ie:dr-raafat-ibrahim,doctor,ie,en,dr-raafat-ibrahim,readyToIndex=True,,/api/countries/ie/doctors?locale=EN,
doctor:ie:dr-raza-khan,doctor,ie,en,dr-raza-khan,readyToIndex=True,,/api/countries/ie/doctors?locale=EN,
doctor:ie:dr-saadia-irfan,doctor,ie,en,dr-saadia-irfan,readyToIndex=True,,/api/countries/ie/doctors?locale=EN,
doctor:ie:dr-tiago-miguel-figueira,doctor,ie,en,dr-tiago-miguel-figueira,readyToIndex=True,,/api/countries/ie/doctors?locale=EN,
doctor:ie:dr-yousif-mohamed,doctor,ie,en,dr-yousif-mohamed,readyToIndex=True,,/api/countries/ie/doctors?locale=EN,
doctor:ie:maristela-ferro-nepomuceno,doctor,ie,en,maristela-ferro-nepomuceno,readyToIndex=True,,/api/countries/ie/doctors?locale=EN,
doctor:ie:khoiamul-islam,doctor,ie,en,khoiamul-islam,readyToIndex=True,,/api/countries/ie/doctors?locale=EN,
doctor:ie:priscila-figueiredo,doctor,ie,en,priscila-figueiredo,readyToIndex=True,,/api/countries/ie/doctors?locale=EN,
doctor:ie:roney-carli,doctor,ie,en,roney-carli,readyToIndex=True,,/api/countries/ie/doctors?locale=EN,
doctor:ie:silvia-alexandre-fernandes,doctor,ie,en,silvia-alexandre-fernandes,readyToIndex=True,,/api/countries/ie/doctors?locale=EN,
other:ie:general-health-test,other,ie,en,general-health-test,isActive=True,,/api/countries/ie/health-tests?locale=EN,subtype=health_test
other:ie:heart-health-cholesterol-test,other,ie,en,heart-health-cholesterol-test,isActive=True,,/api/countries/ie/health-tests?locale=EN,subtype=health_test
other:ie:female-hormone-test,other,ie,en,female-hormone-test,isActive=True,,/api/countries/ie/health-tests?locale=EN,subtype=health_test
other:ie:male-hormone-test,other,ie,en,male-hormone-test,isActive=True,,/api/countries/ie/health-tests?locale=EN,subtype=health_test
other:ie:psa-prostate-test,other,ie,en,psa-prostate-test,isActive=True,,/api/countries/ie/health-tests?locale=EN,subtype=health_test
other:ie:amh-fertility-test,other,ie,en,amh-fertility-test,isActive=True,,/api/countries/ie/health-tests?locale=EN,subtype=health_test
other:ie:vitamin-d-test,other,ie,en,vitamin-d-test,isActive=True,,/api/countries/ie/health-tests?locale=EN,subtype=health_test
other:ie:vitamin-b12-test,other,ie,en,vitamin-b12-test,isActive=True,,/api/countries/ie/health-tests?locale=EN,subtype=health_test
other:ie:gut-microbiome-test,other,ie,en,gut-microbiome-test,isActive=True,,/api/countries/ie/health-tests?locale=EN,subtype=health_test
other:ie:nutrition-lifestyle-dna-test,other,ie,en,nutrition-lifestyle-dna-test,isActive=True,,/api/countries/ie/health-tests?locale=EN,subtype=health_test
other:ie:genetic-haemochromatosis-test,other,ie,en,genetic-haemochromatosis-test,isActive=True,,/api/countries/ie/health-tests?locale=EN,subtype=health_test
other:ie:genetic-coeliac-disease-test,other,ie,en,genetic-coeliac-disease-test,isActive=True,,/api/countries/ie/health-tests?locale=EN,subtype=health_test
other:ie:genetic-lactose-intolerance-test,other,ie,en,genetic-lactose-intolerance-test,isActive=True,,/api/countries/ie/health-tests?locale=EN,subtype=health_test
other:ie:fracture-risk-assessment-test,other,ie,en,fracture-risk-assessment-test,isActive=True,,/api/countries/ie/health-tests?locale=EN,subtype=health_test
service:ie:acute-medical-consultation,service,ie,pt,acute-medical-consultation,isActive=True,,/api/countries/ie/services?locale=PT,kind=GENERAL
service:ie:sick-certificate-ireland,service,ie,pt,sick-certificate-ireland,isActive=True,,/api/countries/ie/services?locale=PT,kind=GENERAL
service:ie:treatment-review,service,ie,pt,treatment-review,isActive=True,,/api/countries/ie/services?locale=PT,kind=GENERAL
service:ie:chronic-disease-consultation,service,ie,pt,chronic-disease-consultation,isActive=True,,/api/countries/ie/services?locale=PT,kind=GENERAL
service:ie:paediatric-consultation,service,ie,pt,paediatric-consultation,isActive=True,,/api/countries/ie/services?locale=PT,kind=GENERAL
service:ie:weight-management-consultation,service,ie,pt,weight-management-consultation,isActive=True,,/api/countries/ie/services?locale=PT,kind=GENERAL
service:ie:mens-health-consultation,service,ie,pt,mens-health-consultation,isActive=True,,/api/countries/ie/services?locale=PT,kind=GENERAL
service:ie:skin-dermatology-consultation,service,ie,pt,skin-dermatology-consultation,isActive=True,,/api/countries/ie/services?locale=PT,kind=GENERAL
service:ie:hair-loss-consultation,service,ie,pt,hair-loss-consultation,isActive=True,,/api/countries/ie/services?locale=PT,kind=GENERAL
service:ie:musculoskeletal-pain-assessment,service,ie,pt,musculoskeletal-pain-assessment,isActive=True,,/api/countries/ie/services?locale=PT,kind=GENERAL
service:ie:womens-health-consultation,service,ie,pt,womens-health-consultation,isActive=True,,/api/countries/ie/services?locale=PT,kind=GENERAL
service:ie:mental-health-consultation,service,ie,pt,mental-health-consultation,isActive=True,,/api/countries/ie/services?locale=PT,kind=GENERAL
service:ie:second-opinion-consultation,service,ie,pt,second-opinion-consultation,isActive=True,,/api/countries/ie/services?locale=PT,kind=GENERAL
service:ie:travel-health-consultation,service,ie,pt,travel-health-consultation,isActive=True,,/api/countries/ie/services?locale=PT,kind=GENERAL
service:ie:referral-and-investigations,service,ie,pt,referral-and-investigations,isActive=True,,/api/countries/ie/services?locale=PT,kind=GENERAL
service:ie:aesthetic-medicine-consultation,service,ie,pt,aesthetic-medicine-consultation,isActive=True,,/api/countries/ie/services?locale=PT,kind=GENERAL
service:ie:cardiology-specialist-consultation,service,ie,pt,cardiology-specialist-consultation,isActive=True,,/api/countries/ie/services?locale=PT,kind=SPECIALIST
service:ie:neurology-specialist-consultation,service,ie,pt,neurology-specialist-consultation,isActive=True,,/api/countries/ie/services?locale=PT,kind=SPECIALIST
service:ie:nutrition-specialist-consultation,service,ie,pt,nutrition-specialist-consultation,isActive=True,,/api/countries/ie/services?locale=PT,kind=SPECIALIST
service:ie:paediatric-specialist-consultation,service,ie,pt,paediatric-specialist-consultation,isActive=True,,/api/countries/ie/services?locale=PT,kind=SPECIALIST
service:ie:physiotherapy-specialist-consultation,service,ie,pt,physiotherapy-specialist-consultation,isActive=True,,/api/countries/ie/services?locale=PT,kind=SPECIALIST
service:ie:psychiatry-specialist-consultation,service,ie,pt,psychiatry-specialist-consultation,isActive=True,,/api/countries/ie/services?locale=PT,kind=SPECIALIST
service:ie:psychology-specialist-consultation,service,ie,pt,psychology-specialist-consultation,isActive=True,,/api/countries/ie/services?locale=PT,kind=SPECIALIST
doctor:ie:dr-abdelrahman-mustafa,doctor,ie,pt,dr-abdelrahman-mustafa,readyToIndex=True,,/api/countries/ie/doctors?locale=PT,
doctor:ie:dr-ahmed-maklad,doctor,ie,pt,dr-ahmed-maklad,readyToIndex=True,,/api/countries/ie/doctors?locale=PT,
doctor:ie:dr-arooj-iqbal-lodhi,doctor,ie,pt,dr-arooj-iqbal-lodhi,readyToIndex=True,,/api/countries/ie/doctors?locale=PT,
doctor:ie:dr-emmanuel-dabup,doctor,ie,pt,dr-emmanuel-dabup,readyToIndex=True,,/api/countries/ie/doctors?locale=PT,
doctor:ie:dr-fahad-farooq,doctor,ie,pt,dr-fahad-farooq,readyToIndex=True,,/api/countries/ie/doctors?locale=PT,
doctor:ie:dr-fatima-ali,doctor,ie,pt,dr-fatima-ali,readyToIndex=True,,/api/countries/ie/doctors?locale=PT,
doctor:ie:dr-mariam-faiz,doctor,ie,pt,dr-mariam-faiz,readyToIndex=True,,/api/countries/ie/doctors?locale=PT,
doctor:ie:dr-mohamed-fadzly-bin-mohamed,doctor,ie,pt,dr-mohamed-fadzly-bin-mohamed,readyToIndex=True,,/api/countries/ie/doctors?locale=PT,
doctor:ie:dr-mohammed-omar,doctor,ie,pt,dr-mohammed-omar,readyToIndex=True,,/api/countries/ie/doctors?locale=PT,
doctor:ie:dr-muhammad-mataro,doctor,ie,pt,dr-muhammad-mataro,readyToIndex=True,,/api/countries/ie/doctors?locale=PT,
doctor:ie:dr-muhammad-tahir-arain,doctor,ie,pt,dr-muhammad-tahir-arain,readyToIndex=True,,/api/countries/ie/doctors?locale=PT,
doctor:ie:dr-muhammad-usman-yoosuf,doctor,ie,pt,dr-muhammad-usman-yoosuf,readyToIndex=True,,/api/countries/ie/doctors?locale=PT,
doctor:ie:dr-raafat-ibrahim,doctor,ie,pt,dr-raafat-ibrahim,readyToIndex=True,,/api/countries/ie/doctors?locale=PT,
doctor:ie:dr-raza-khan,doctor,ie,pt,dr-raza-khan,readyToIndex=True,,/api/countries/ie/doctors?locale=PT,
doctor:ie:dr-saadia-irfan,doctor,ie,pt,dr-saadia-irfan,readyToIndex=True,,/api/countries/ie/doctors?locale=PT,
doctor:ie:dr-tiago-miguel-figueira,doctor,ie,pt,dr-tiago-miguel-figueira,readyToIndex=True,,/api/countries/ie/doctors?locale=PT,
doctor:ie:dr-yousif-mohamed,doctor,ie,pt,dr-yousif-mohamed,readyToIndex=True,,/api/countries/ie/doctors?locale=PT,
doctor:ie:maristela-ferro-nepomuceno,doctor,ie,pt,maristela-ferro-nepomuceno,readyToIndex=True,,/api/countries/ie/doctors?locale=PT,
doctor:ie:khoiamul-islam,doctor,ie,pt,khoiamul-islam,readyToIndex=True,,/api/countries/ie/doctors?locale=PT,
doctor:ie:priscila-figueiredo,doctor,ie,pt,priscila-figueiredo,readyToIndex=True,,/api/countries/ie/doctors?locale=PT,
doctor:ie:roney-carli,doctor,ie,pt,roney-carli,readyToIndex=True,,/api/countries/ie/doctors?locale=PT,
doctor:ie:silvia-alexandre-fernandes,doctor,ie,pt,silvia-alexandre-fernandes,readyToIndex=True,,/api/countries/ie/doctors?locale=PT,
other:ie:general-health-test,other,ie,pt,general-health-test,isActive=True,,/api/countries/ie/health-tests?locale=PT,subtype=health_test
other:ie:heart-health-cholesterol-test,other,ie,pt,heart-health-cholesterol-test,isActive=True,,/api/countries/ie/health-tests?locale=PT,subtype=health_test
other:ie:female-hormone-test,other,ie,pt,female-hormone-test,isActive=True,,/api/countries/ie/health-tests?locale=PT,subtype=health_test
other:ie:male-hormone-test,other,ie,pt,male-hormone-test,isActive=True,,/api/countries/ie/health-tests?locale=PT,subtype=health_test
other:ie:psa-prostate-test,other,ie,pt,psa-prostate-test,isActive=True,,/api/countries/ie/health-tests?locale=PT,subtype=health_test
other:ie:amh-fertility-test,other,ie,pt,amh-fertility-test,isActive=True,,/api/countries/ie/health-tests?locale=PT,subtype=health_test
other:ie:vitamin-d-test,other,ie,pt,vitamin-d-test,isActive=True,,/api/countries/ie/health-tests?locale=PT,subtype=health_test
other:ie:vitamin-b12-test,other,ie,pt,vitamin-b12-test,isActive=True,,/api/countries/ie/health-tests?locale=PT,subtype=health_test
other:ie:gut-microbiome-test,other,ie,pt,gut-microbiome-test,isActive=True,,/api/countries/ie/health-tests?locale=PT,subtype=health_test
other:ie:nutrition-lifestyle-dna-test,other,ie,pt,nutrition-lifestyle-dna-test,isActive=True,,/api/countries/ie/health-tests?locale=PT,subtype=health_test
other:ie:genetic-haemochromatosis-test,other,ie,pt,genetic-haemochromatosis-test,isActive=True,,/api/countries/ie/health-tests?locale=PT,subtype=health_test
other:ie:genetic-coeliac-disease-test,other,ie,pt,genetic-coeliac-disease-test,isActive=True,,/api/countries/ie/health-tests?locale=PT,subtype=health_test
other:ie:genetic-lactose-intolerance-test,other,ie,pt,genetic-lactose-intolerance-test,isActive=True,,/api/countries/ie/health-tests?locale=PT,subtype=health_test
other:ie:fracture-risk-assessment-test,other,ie,pt,fracture-risk-assessment-test,isActive=True,,/api/countries/ie/health-tests?locale=PT,subtype=health_test
service:ie:acute-medical-consultation,service,ie,es,acute-medical-consultation,isActive=True,,/api/countries/ie/services?locale=ES,kind=GENERAL
service:ie:sick-certificate-ireland,service,ie,es,sick-certificate-ireland,isActive=True,,/api/countries/ie/services?locale=ES,kind=GENERAL
service:ie:treatment-review,service,ie,es,treatment-review,isActive=True,,/api/countries/ie/services?locale=ES,kind=GENERAL
service:ie:chronic-disease-consultation,service,ie,es,chronic-disease-consultation,isActive=True,,/api/countries/ie/services?locale=ES,kind=GENERAL
service:ie:paediatric-consultation,service,ie,es,paediatric-consultation,isActive=True,,/api/countries/ie/services?locale=ES,kind=GENERAL
service:ie:weight-management-consultation,service,ie,es,weight-management-consultation,isActive=True,,/api/countries/ie/services?locale=ES,kind=GENERAL
service:ie:mens-health-consultation,service,ie,es,mens-health-consultation,isActive=True,,/api/countries/ie/services?locale=ES,kind=GENERAL
service:ie:skin-dermatology-consultation,service,ie,es,skin-dermatology-consultation,isActive=True,,/api/countries/ie/services?locale=ES,kind=GENERAL
service:ie:hair-loss-consultation,service,ie,es,hair-loss-consultation,isActive=True,,/api/countries/ie/services?locale=ES,kind=GENERAL
service:ie:musculoskeletal-pain-assessment,service,ie,es,musculoskeletal-pain-assessment,isActive=True,,/api/countries/ie/services?locale=ES,kind=GENERAL
service:ie:womens-health-consultation,service,ie,es,womens-health-consultation,isActive=True,,/api/countries/ie/services?locale=ES,kind=GENERAL
service:ie:mental-health-consultation,service,ie,es,mental-health-consultation,isActive=True,,/api/countries/ie/services?locale=ES,kind=GENERAL
service:ie:second-opinion-consultation,service,ie,es,second-opinion-consultation,isActive=True,,/api/countries/ie/services?locale=ES,kind=GENERAL
service:ie:travel-health-consultation,service,ie,es,travel-health-consultation,isActive=True,,/api/countries/ie/services?locale=ES,kind=GENERAL
service:ie:referral-and-investigations,service,ie,es,referral-and-investigations,isActive=True,,/api/countries/ie/services?locale=ES,kind=GENERAL
service:ie:aesthetic-medicine-consultation,service,ie,es,aesthetic-medicine-consultation,isActive=True,,/api/countries/ie/services?locale=ES,kind=GENERAL
service:ie:cardiology-specialist-consultation,service,ie,es,cardiology-specialist-consultation,isActive=True,,/api/countries/ie/services?locale=ES,kind=SPECIALIST
service:ie:neurology-specialist-consultation,service,ie,es,neurology-specialist-consultation,isActive=True,,/api/countries/ie/services?locale=ES,kind=SPECIALIST
service:ie:nutrition-specialist-consultation,service,ie,es,nutrition-specialist-consultation,isActive=True,,/api/countries/ie/services?locale=ES,kind=SPECIALIST
service:ie:paediatric-specialist-consultation,service,ie,es,paediatric-specialist-consultation,isActive=True,,/api/countries/ie/services?locale=ES,kind=SPECIALIST
service:ie:physiotherapy-specialist-consultation,service,ie,es,physiotherapy-specialist-consultation,isActive=True,,/api/countries/ie/services?locale=ES,kind=SPECIALIST
service:ie:psychiatry-specialist-consultation,service,ie,es,psychiatry-specialist-consultation,isActive=True,,/api/countries/ie/services?locale=ES,kind=SPECIALIST
service:ie:psychology-specialist-consultation,service,ie,es,psychology-specialist-consultation,isActive=True,,/api/countries/ie/services?locale=ES,kind=SPECIALIST
doctor:ie:dr-abdelrahman-mustafa,doctor,ie,es,dr-abdelrahman-mustafa,readyToIndex=True,,/api/countries/ie/doctors?locale=ES,
doctor:ie:dr-ahmed-maklad,doctor,ie,es,dr-ahmed-maklad,readyToIndex=True,,/api/countries/ie/doctors?locale=ES,
doctor:ie:dr-arooj-iqbal-lodhi,doctor,ie,es,dr-arooj-iqbal-lodhi,readyToIndex=True,,/api/countries/ie/doctors?locale=ES,
doctor:ie:dr-emmanuel-dabup,doctor,ie,es,dr-emmanuel-dabup,readyToIndex=True,,/api/countries/ie/doctors?locale=ES,
doctor:ie:dr-fahad-farooq,doctor,ie,es,dr-fahad-farooq,readyToIndex=True,,/api/countries/ie/doctors?locale=ES,
doctor:ie:dr-fatima-ali,doctor,ie,es,dr-fatima-ali,readyToIndex=True,,/api/countries/ie/doctors?locale=ES,
doctor:ie:dr-mariam-faiz,doctor,ie,es,dr-mariam-faiz,readyToIndex=True,,/api/countries/ie/doctors?locale=ES,
doctor:ie:dr-mohamed-fadzly-bin-mohamed,doctor,ie,es,dr-mohamed-fadzly-bin-mohamed,readyToIndex=True,,/api/countries/ie/doctors?locale=ES,
doctor:ie:dr-mohammed-omar,doctor,ie,es,dr-mohammed-omar,readyToIndex=True,,/api/countries/ie/doctors?locale=ES,
doctor:ie:dr-muhammad-mataro,doctor,ie,es,dr-muhammad-mataro,readyToIndex=True,,/api/countries/ie/doctors?locale=ES,
doctor:ie:dr-muhammad-tahir-arain,doctor,ie,es,dr-muhammad-tahir-arain,readyToIndex=True,,/api/countries/ie/doctors?locale=ES,
doctor:ie:dr-muhammad-usman-yoosuf,doctor,ie,es,dr-muhammad-usman-yoosuf,readyToIndex=True,,/api/countries/ie/doctors?locale=ES,
doctor:ie:dr-raafat-ibrahim,doctor,ie,es,dr-raafat-ibrahim,readyToIndex=True,,/api/countries/ie/doctors?locale=ES,
doctor:ie:dr-raza-khan,doctor,ie,es,dr-raza-khan,readyToIndex=True,,/api/countries/ie/doctors?locale=ES,
doctor:ie:dr-saadia-irfan,doctor,ie,es,dr-saadia-irfan,readyToIndex=True,,/api/countries/ie/doctors?locale=ES,
doctor:ie:dr-tiago-miguel-figueira,doctor,ie,es,dr-tiago-miguel-figueira,readyToIndex=True,,/api/countries/ie/doctors?locale=ES,
doctor:ie:dr-yousif-mohamed,doctor,ie,es,dr-yousif-mohamed,readyToIndex=True,,/api/countries/ie/doctors?locale=ES,
doctor:ie:maristela-ferro-nepomuceno,doctor,ie,es,maristela-ferro-nepomuceno,readyToIndex=True,,/api/countries/ie/doctors?locale=ES,
doctor:ie:khoiamul-islam,doctor,ie,es,khoiamul-islam,readyToIndex=True,,/api/countries/ie/doctors?locale=ES,
doctor:ie:priscila-figueiredo,doctor,ie,es,priscila-figueiredo,readyToIndex=True,,/api/countries/ie/doctors?locale=ES,
doctor:ie:roney-carli,doctor,ie,es,roney-carli,readyToIndex=True,,/api/countries/ie/doctors?locale=ES,
doctor:ie:silvia-alexandre-fernandes,doctor,ie,es,silvia-alexandre-fernandes,readyToIndex=True,,/api/countries/ie/doctors?locale=ES,
other:ie:general-health-test,other,ie,es,general-health-test,isActive=True,,/api/countries/ie/health-tests?locale=ES,subtype=health_test
other:ie:heart-health-cholesterol-test,other,ie,es,heart-health-cholesterol-test,isActive=True,,/api/countries/ie/health-tests?locale=ES,subtype=health_test
other:ie:female-hormone-test,other,ie,es,female-hormone-test,isActive=True,,/api/countries/ie/health-tests?locale=ES,subtype=health_test
other:ie:male-hormone-test,other,ie,es,male-hormone-test,isActive=True,,/api/countries/ie/health-tests?locale=ES,subtype=health_test
other:ie:psa-prostate-test,other,ie,es,psa-prostate-test,isActive=True,,/api/countries/ie/health-tests?locale=ES,subtype=health_test
other:ie:amh-fertility-test,other,ie,es,amh-fertility-test,isActive=True,,/api/countries/ie/health-tests?locale=ES,subtype=health_test
other:ie:vitamin-d-test,other,ie,es,vitamin-d-test,isActive=True,,/api/countries/ie/health-tests?locale=ES,subtype=health_test
other:ie:vitamin-b12-test,other,ie,es,vitamin-b12-test,isActive=True,,/api/countries/ie/health-tests?locale=ES,subtype=health_test
other:ie:gut-microbiome-test,other,ie,es,gut-microbiome-test,isActive=True,,/api/countries/ie/health-tests?locale=ES,subtype=health_test
other:ie:nutrition-lifestyle-dna-test,other,ie,es,nutrition-lifestyle-dna-test,isActive=True,,/api/countries/ie/health-tests?locale=ES,subtype=health_test
other:ie:genetic-haemochromatosis-test,other,ie,es,genetic-haemochromatosis-test,isActive=True,,/api/countries/ie/health-tests?locale=ES,subtype=health_test
other:ie:genetic-coeliac-disease-test,other,ie,es,genetic-coeliac-disease-test,isActive=True,,/api/countries/ie/health-tests?locale=ES,subtype=health_test
other:ie:genetic-lactose-intolerance-test,other,ie,es,genetic-lactose-intolerance-test,isActive=True,,/api/countries/ie/health-tests?locale=ES,subtype=health_test
other:ie:fracture-risk-assessment-test,other,ie,es,fracture-risk-assessment-test,isActive=True,,/api/countries/ie/health-tests?locale=ES,subtype=health_test
service:ie:acute-medical-consultation,service,ie,cs,acute-medical-consultation,isActive=True,,/api/countries/ie/services?locale=CS,kind=GENERAL
service:ie:sick-certificate-ireland,service,ie,cs,sick-certificate-ireland,isActive=True,,/api/countries/ie/services?locale=CS,kind=GENERAL
service:ie:treatment-review,service,ie,cs,treatment-review,isActive=True,,/api/countries/ie/services?locale=CS,kind=GENERAL
service:ie:chronic-disease-consultation,service,ie,cs,chronic-disease-consultation,isActive=True,,/api/countries/ie/services?locale=CS,kind=GENERAL
service:ie:paediatric-consultation,service,ie,cs,paediatric-consultation,isActive=True,,/api/countries/ie/services?locale=CS,kind=GENERAL
service:ie:weight-management-consultation,service,ie,cs,weight-management-consultation,isActive=True,,/api/countries/ie/services?locale=CS,kind=GENERAL
service:ie:mens-health-consultation,service,ie,cs,mens-health-consultation,isActive=True,,/api/countries/ie/services?locale=CS,kind=GENERAL
service:ie:skin-dermatology-consultation,service,ie,cs,skin-dermatology-consultation,isActive=True,,/api/countries/ie/services?locale=CS,kind=GENERAL
service:ie:hair-loss-consultation,service,ie,cs,hair-loss-consultation,isActive=True,,/api/countries/ie/services?locale=CS,kind=GENERAL
service:ie:musculoskeletal-pain-assessment,service,ie,cs,musculoskeletal-pain-assessment,isActive=True,,/api/countries/ie/services?locale=CS,kind=GENERAL
service:ie:womens-health-consultation,service,ie,cs,womens-health-consultation,isActive=True,,/api/countries/ie/services?locale=CS,kind=GENERAL
service:ie:mental-health-consultation,service,ie,cs,mental-health-consultation,isActive=True,,/api/countries/ie/services?locale=CS,kind=GENERAL
service:ie:second-opinion-consultation,service,ie,cs,second-opinion-consultation,isActive=True,,/api/countries/ie/services?locale=CS,kind=GENERAL
service:ie:travel-health-consultation,service,ie,cs,travel-health-consultation,isActive=True,,/api/countries/ie/services?locale=CS,kind=GENERAL
service:ie:referral-and-investigations,service,ie,cs,referral-and-investigations,isActive=True,,/api/countries/ie/services?locale=CS,kind=GENERAL
service:ie:aesthetic-medicine-consultation,service,ie,cs,aesthetic-medicine-consultation,isActive=True,,/api/countries/ie/services?locale=CS,kind=GENERAL
service:ie:cardiology-specialist-consultation,service,ie,cs,cardiology-specialist-consultation,isActive=True,,/api/countries/ie/services?locale=CS,kind=SPECIALIST
service:ie:neurology-specialist-consultation,service,ie,cs,neurology-specialist-consultation,isActive=True,,/api/countries/ie/services?locale=CS,kind=SPECIALIST
service:ie:nutrition-specialist-consultation,service,ie,cs,nutrition-specialist-consultation,isActive=True,,/api/countries/ie/services?locale=CS,kind=SPECIALIST
service:ie:paediatric-specialist-consultation,service,ie,cs,paediatric-specialist-consultation,isActive=True,,/api/countries/ie/services?locale=CS,kind=SPECIALIST
service:ie:physiotherapy-specialist-consultation,service,ie,cs,physiotherapy-specialist-consultation,isActive=True,,/api/countries/ie/services?locale=CS,kind=SPECIALIST
service:ie:psychiatry-specialist-consultation,service,ie,cs,psychiatry-specialist-consultation,isActive=True,,/api/countries/ie/services?locale=CS,kind=SPECIALIST
service:ie:psychology-specialist-consultation,service,ie,cs,psychology-specialist-consultation,isActive=True,,/api/countries/ie/services?locale=CS,kind=SPECIALIST
doctor:ie:dr-abdelrahman-mustafa,doctor,ie,cs,dr-abdelrahman-mustafa,readyToIndex=True,,/api/countries/ie/doctors?locale=CS,
doctor:ie:dr-ahmed-maklad,doctor,ie,cs,dr-ahmed-maklad,readyToIndex=True,,/api/countries/ie/doctors?locale=CS,
doctor:ie:dr-arooj-iqbal-lodhi,doctor,ie,cs,dr-arooj-iqbal-lodhi,readyToIndex=True,,/api/countries/ie/doctors?locale=CS,
doctor:ie:dr-emmanuel-dabup,doctor,ie,cs,dr-emmanuel-dabup,readyToIndex=True,,/api/countries/ie/doctors?locale=CS,
doctor:ie:dr-fahad-farooq,doctor,ie,cs,dr-fahad-farooq,readyToIndex=True,,/api/countries/ie/doctors?locale=CS,
doctor:ie:dr-fatima-ali,doctor,ie,cs,dr-fatima-ali,readyToIndex=True,,/api/countries/ie/doctors?locale=CS,
doctor:ie:dr-mariam-faiz,doctor,ie,cs,dr-mariam-faiz,readyToIndex=True,,/api/countries/ie/doctors?locale=CS,
doctor:ie:dr-mohamed-fadzly-bin-mohamed,doctor,ie,cs,dr-mohamed-fadzly-bin-mohamed,readyToIndex=True,,/api/countries/ie/doctors?locale=CS,
doctor:ie:dr-mohammed-omar,doctor,ie,cs,dr-mohammed-omar,readyToIndex=True,,/api/countries/ie/doctors?locale=CS,
doctor:ie:dr-muhammad-mataro,doctor,ie,cs,dr-muhammad-mataro,readyToIndex=True,,/api/countries/ie/doctors?locale=CS,
doctor:ie:dr-muhammad-tahir-arain,doctor,ie,cs,dr-muhammad-tahir-arain,readyToIndex=True,,/api/countries/ie/doctors?locale=CS,
doctor:ie:dr-muhammad-usman-yoosuf,doctor,ie,cs,dr-muhammad-usman-yoosuf,readyToIndex=True,,/api/countries/ie/doctors?locale=CS,
doctor:ie:dr-raafat-ibrahim,doctor,ie,cs,dr-raafat-ibrahim,readyToIndex=True,,/api/countries/ie/doctors?locale=CS,
doctor:ie:dr-raza-khan,doctor,ie,cs,dr-raza-khan,readyToIndex=True,,/api/countries/ie/doctors?locale=CS,
doctor:ie:dr-saadia-irfan,doctor,ie,cs,dr-saadia-irfan,readyToIndex=True,,/api/countries/ie/doctors?locale=CS,
doctor:ie:dr-tiago-miguel-figueira,doctor,ie,cs,dr-tiago-miguel-figueira,readyToIndex=True,,/api/countries/ie/doctors?locale=CS,
doctor:ie:dr-yousif-mohamed,doctor,ie,cs,dr-yousif-mohamed,readyToIndex=True,,/api/countries/ie/doctors?locale=CS,
doctor:ie:maristela-ferro-nepomuceno,doctor,ie,cs,maristela-ferro-nepomuceno,readyToIndex=True,,/api/countries/ie/doctors?locale=CS,
doctor:ie:khoiamul-islam,doctor,ie,cs,khoiamul-islam,readyToIndex=True,,/api/countries/ie/doctors?locale=CS,
doctor:ie:priscila-figueiredo,doctor,ie,cs,priscila-figueiredo,readyToIndex=True,,/api/countries/ie/doctors?locale=CS,
doctor:ie:roney-carli,doctor,ie,cs,roney-carli,readyToIndex=True,,/api/countries/ie/doctors?locale=CS,
doctor:ie:silvia-alexandre-fernandes,doctor,ie,cs,silvia-alexandre-fernandes,readyToIndex=True,,/api/countries/ie/doctors?locale=CS,
other:ie:general-health-test,other,ie,cs,general-health-test,isActive=True,,/api/countries/ie/health-tests?locale=CS,subtype=health_test
other:ie:heart-health-cholesterol-test,other,ie,cs,heart-health-cholesterol-test,isActive=True,,/api/countries/ie/health-tests?locale=CS,subtype=health_test
other:ie:female-hormone-test,other,ie,cs,female-hormone-test,isActive=True,,/api/countries/ie/health-tests?locale=CS,subtype=health_test
other:ie:male-hormone-test,other,ie,cs,male-hormone-test,isActive=True,,/api/countries/ie/health-tests?locale=CS,subtype=health_test
other:ie:psa-prostate-test,other,ie,cs,psa-prostate-test,isActive=True,,/api/countries/ie/health-tests?locale=CS,subtype=health_test
other:ie:amh-fertility-test,other,ie,cs,amh-fertility-test,isActive=True,,/api/countries/ie/health-tests?locale=CS,subtype=health_test
other:ie:vitamin-d-test,other,ie,cs,vitamin-d-test,isActive=True,,/api/countries/ie/health-tests?locale=CS,subtype=health_test
other:ie:vitamin-b12-test,other,ie,cs,vitamin-b12-test,isActive=True,,/api/countries/ie/health-tests?locale=CS,subtype=health_test
other:ie:gut-microbiome-test,other,ie,cs,gut-microbiome-test,isActive=True,,/api/countries/ie/health-tests?locale=CS,subtype=health_test
other:ie:nutrition-lifestyle-dna-test,other,ie,cs,nutrition-lifestyle-dna-test,isActive=True,,/api/countries/ie/health-tests?locale=CS,subtype=health_test
other:ie:genetic-haemochromatosis-test,other,ie,cs,genetic-haemochromatosis-test,isActive=True,,/api/countries/ie/health-tests?locale=CS,subtype=health_test
other:ie:genetic-coeliac-disease-test,other,ie,cs,genetic-coeliac-disease-test,isActive=True,,/api/countries/ie/health-tests?locale=CS,subtype=health_test
other:ie:genetic-lactose-intolerance-test,other,ie,cs,genetic-lactose-intolerance-test,isActive=True,,/api/countries/ie/health-tests?locale=CS,subtype=health_test
other:ie:fracture-risk-assessment-test,other,ie,cs,fracture-risk-assessment-test,isActive=True,,/api/countries/ie/health-tests?locale=CS,subtype=health_test
service:ie:acute-medical-consultation,service,ie,ro,acute-medical-consultation,isActive=True,,/api/countries/ie/services?locale=RO,kind=GENERAL
service:ie:sick-certificate-ireland,service,ie,ro,sick-certificate-ireland,isActive=True,,/api/countries/ie/services?locale=RO,kind=GENERAL
service:ie:treatment-review,service,ie,ro,treatment-review,isActive=True,,/api/countries/ie/services?locale=RO,kind=GENERAL
service:ie:chronic-disease-consultation,service,ie,ro,chronic-disease-consultation,isActive=True,,/api/countries/ie/services?locale=RO,kind=GENERAL
service:ie:paediatric-consultation,service,ie,ro,paediatric-consultation,isActive=True,,/api/countries/ie/services?locale=RO,kind=GENERAL
service:ie:weight-management-consultation,service,ie,ro,weight-management-consultation,isActive=True,,/api/countries/ie/services?locale=RO,kind=GENERAL
service:ie:mens-health-consultation,service,ie,ro,mens-health-consultation,isActive=True,,/api/countries/ie/services?locale=RO,kind=GENERAL
service:ie:skin-dermatology-consultation,service,ie,ro,skin-dermatology-consultation,isActive=True,,/api/countries/ie/services?locale=RO,kind=GENERAL
service:ie:hair-loss-consultation,service,ie,ro,hair-loss-consultation,isActive=True,,/api/countries/ie/services?locale=RO,kind=GENERAL
service:ie:musculoskeletal-pain-assessment,service,ie,ro,musculoskeletal-pain-assessment,isActive=True,,/api/countries/ie/services?locale=RO,kind=GENERAL
service:ie:womens-health-consultation,service,ie,ro,womens-health-consultation,isActive=True,,/api/countries/ie/services?locale=RO,kind=GENERAL
service:ie:mental-health-consultation,service,ie,ro,mental-health-consultation,isActive=True,,/api/countries/ie/services?locale=RO,kind=GENERAL
service:ie:second-opinion-consultation,service,ie,ro,second-opinion-consultation,isActive=True,,/api/countries/ie/services?locale=RO,kind=GENERAL
service:ie:travel-health-consultation,service,ie,ro,travel-health-consultation,isActive=True,,/api/countries/ie/services?locale=RO,kind=GENERAL
service:ie:referral-and-investigations,service,ie,ro,referral-and-investigations,isActive=True,,/api/countries/ie/services?locale=RO,kind=GENERAL
service:ie:aesthetic-medicine-consultation,service,ie,ro,aesthetic-medicine-consultation,isActive=True,,/api/countries/ie/services?locale=RO,kind=GENERAL
service:ie:cardiology-specialist-consultation,service,ie,ro,cardiology-specialist-consultation,isActive=True,,/api/countries/ie/services?locale=RO,kind=SPECIALIST
service:ie:neurology-specialist-consultation,service,ie,ro,neurology-specialist-consultation,isActive=True,,/api/countries/ie/services?locale=RO,kind=SPECIALIST
service:ie:nutrition-specialist-consultation,service,ie,ro,nutrition-specialist-consultation,isActive=True,,/api/countries/ie/services?locale=RO,kind=SPECIALIST
service:ie:paediatric-specialist-consultation,service,ie,ro,paediatric-specialist-consultation,isActive=True,,/api/countries/ie/services?locale=RO,kind=SPECIALIST
service:ie:physiotherapy-specialist-consultation,service,ie,ro,physiotherapy-specialist-consultation,isActive=True,,/api/countries/ie/services?locale=RO,kind=SPECIALIST
service:ie:psychiatry-specialist-consultation,service,ie,ro,psychiatry-specialist-consultation,isActive=True,,/api/countries/ie/services?locale=RO,kind=SPECIALIST
service:ie:psychology-specialist-consultation,service,ie,ro,psychology-specialist-consultation,isActive=True,,/api/countries/ie/services?locale=RO,kind=SPECIALIST
doctor:ie:dr-abdelrahman-mustafa,doctor,ie,ro,dr-abdelrahman-mustafa,readyToIndex=True,,/api/countries/ie/doctors?locale=RO,
doctor:ie:dr-ahmed-maklad,doctor,ie,ro,dr-ahmed-maklad,readyToIndex=True,,/api/countries/ie/doctors?locale=RO,
doctor:ie:dr-arooj-iqbal-lodhi,doctor,ie,ro,dr-arooj-iqbal-lodhi,readyToIndex=True,,/api/countries/ie/doctors?locale=RO,
doctor:ie:dr-emmanuel-dabup,doctor,ie,ro,dr-emmanuel-dabup,readyToIndex=True,,/api/countries/ie/doctors?locale=RO,
doctor:ie:dr-fahad-farooq,doctor,ie,ro,dr-fahad-farooq,readyToIndex=True,,/api/countries/ie/doctors?locale=RO,
doctor:ie:dr-fatima-ali,doctor,ie,ro,dr-fatima-ali,readyToIndex=True,,/api/countries/ie/doctors?locale=RO,
doctor:ie:dr-mariam-faiz,doctor,ie,ro,dr-mariam-faiz,readyToIndex=True,,/api/countries/ie/doctors?locale=RO,
doctor:ie:dr-mohamed-fadzly-bin-mohamed,doctor,ie,ro,dr-mohamed-fadzly-bin-mohamed,readyToIndex=True,,/api/countries/ie/doctors?locale=RO,
doctor:ie:dr-mohammed-omar,doctor,ie,ro,dr-mohammed-omar,readyToIndex=True,,/api/countries/ie/doctors?locale=RO,
doctor:ie:dr-muhammad-mataro,doctor,ie,ro,dr-muhammad-mataro,readyToIndex=True,,/api/countries/ie/doctors?locale=RO,
doctor:ie:dr-muhammad-tahir-arain,doctor,ie,ro,dr-muhammad-tahir-arain,readyToIndex=True,,/api/countries/ie/doctors?locale=RO,
doctor:ie:dr-muhammad-usman-yoosuf,doctor,ie,ro,dr-muhammad-usman-yoosuf,readyToIndex=True,,/api/countries/ie/doctors?locale=RO,
doctor:ie:dr-raafat-ibrahim,doctor,ie,ro,dr-raafat-ibrahim,readyToIndex=True,,/api/countries/ie/doctors?locale=RO,
doctor:ie:dr-raza-khan,doctor,ie,ro,dr-raza-khan,readyToIndex=True,,/api/countries/ie/doctors?locale=RO,
doctor:ie:dr-saadia-irfan,doctor,ie,ro,dr-saadia-irfan,readyToIndex=True,,/api/countries/ie/doctors?locale=RO,
doctor:ie:dr-tiago-miguel-figueira,doctor,ie,ro,dr-tiago-miguel-figueira,readyToIndex=True,,/api/countries/ie/doctors?locale=RO,
doctor:ie:dr-yousif-mohamed,doctor,ie,ro,dr-yousif-mohamed,readyToIndex=True,,/api/countries/ie/doctors?locale=RO,
doctor:ie:maristela-ferro-nepomuceno,doctor,ie,ro,maristela-ferro-nepomuceno,readyToIndex=True,,/api/countries/ie/doctors?locale=RO,
doctor:ie:khoiamul-islam,doctor,ie,ro,khoiamul-islam,readyToIndex=True,,/api/countries/ie/doctors?locale=RO,
doctor:ie:priscila-figueiredo,doctor,ie,ro,priscila-figueiredo,readyToIndex=True,,/api/countries/ie/doctors?locale=RO,
doctor:ie:roney-carli,doctor,ie,ro,roney-carli,readyToIndex=True,,/api/countries/ie/doctors?locale=RO,
doctor:ie:silvia-alexandre-fernandes,doctor,ie,ro,silvia-alexandre-fernandes,readyToIndex=True,,/api/countries/ie/doctors?locale=RO,
other:ie:general-health-test,other,ie,ro,general-health-test,isActive=True,,/api/countries/ie/health-tests?locale=RO,subtype=health_test
other:ie:heart-health-cholesterol-test,other,ie,ro,heart-health-cholesterol-test,isActive=True,,/api/countries/ie/health-tests?locale=RO,subtype=health_test
other:ie:female-hormone-test,other,ie,ro,female-hormone-test,isActive=True,,/api/countries/ie/health-tests?locale=RO,subtype=health_test
other:ie:male-hormone-test,other,ie,ro,male-hormone-test,isActive=True,,/api/countries/ie/health-tests?locale=RO,subtype=health_test
other:ie:psa-prostate-test,other,ie,ro,psa-prostate-test,isActive=True,,/api/countries/ie/health-tests?locale=RO,subtype=health_test
other:ie:amh-fertility-test,other,ie,ro,amh-fertility-test,isActive=True,,/api/countries/ie/health-tests?locale=RO,subtype=health_test
other:ie:vitamin-d-test,other,ie,ro,vitamin-d-test,isActive=True,,/api/countries/ie/health-tests?locale=RO,subtype=health_test
other:ie:vitamin-b12-test,other,ie,ro,vitamin-b12-test,isActive=True,,/api/countries/ie/health-tests?locale=RO,subtype=health_test
other:ie:gut-microbiome-test,other,ie,ro,gut-microbiome-test,isActive=True,,/api/countries/ie/health-tests?locale=RO,subtype=health_test
other:ie:nutrition-lifestyle-dna-test,other,ie,ro,nutrition-lifestyle-dna-test,isActive=True,,/api/countries/ie/health-tests?locale=RO,subtype=health_test
other:ie:genetic-haemochromatosis-test,other,ie,ro,genetic-haemochromatosis-test,isActive=True,,/api/countries/ie/health-tests?locale=RO,subtype=health_test
other:ie:genetic-coeliac-disease-test,other,ie,ro,genetic-coeliac-disease-test,isActive=True,,/api/countries/ie/health-tests?locale=RO,subtype=health_test
other:ie:genetic-lactose-intolerance-test,other,ie,ro,genetic-lactose-intolerance-test,isActive=True,,/api/countries/ie/health-tests?locale=RO,subtype=health_test
other:ie:fracture-risk-assessment-test,other,ie,ro,fracture-risk-assessment-test,isActive=True,,/api/countries/ie/health-tests?locale=RO,subtype=health_test
service:ie:acute-medical-consultation,service,ie,de,acute-medical-consultation,isActive=True,,/api/countries/ie/services?locale=DE,kind=GENERAL
service:ie:sick-certificate-ireland,service,ie,de,sick-certificate-ireland,isActive=True,,/api/countries/ie/services?locale=DE,kind=GENERAL
service:ie:treatment-review,service,ie,de,treatment-review,isActive=True,,/api/countries/ie/services?locale=DE,kind=GENERAL
service:ie:chronic-disease-consultation,service,ie,de,chronic-disease-consultation,isActive=True,,/api/countries/ie/services?locale=DE,kind=GENERAL
service:ie:paediatric-consultation,service,ie,de,paediatric-consultation,isActive=True,,/api/countries/ie/services?locale=DE,kind=GENERAL
service:ie:weight-management-consultation,service,ie,de,weight-management-consultation,isActive=True,,/api/countries/ie/services?locale=DE,kind=GENERAL
service:ie:mens-health-consultation,service,ie,de,mens-health-consultation,isActive=True,,/api/countries/ie/services?locale=DE,kind=GENERAL
service:ie:skin-dermatology-consultation,service,ie,de,skin-dermatology-consultation,isActive=True,,/api/countries/ie/services?locale=DE,kind=GENERAL
service:ie:hair-loss-consultation,service,ie,de,hair-loss-consultation,isActive=True,,/api/countries/ie/services?locale=DE,kind=GENERAL
service:ie:musculoskeletal-pain-assessment,service,ie,de,musculoskeletal-pain-assessment,isActive=True,,/api/countries/ie/services?locale=DE,kind=GENERAL
service:ie:womens-health-consultation,service,ie,de,womens-health-consultation,isActive=True,,/api/countries/ie/services?locale=DE,kind=GENERAL
service:ie:mental-health-consultation,service,ie,de,mental-health-consultation,isActive=True,,/api/countries/ie/services?locale=DE,kind=GENERAL
service:ie:second-opinion-consultation,service,ie,de,second-opinion-consultation,isActive=True,,/api/countries/ie/services?locale=DE,kind=GENERAL
service:ie:travel-health-consultation,service,ie,de,travel-health-consultation,isActive=True,,/api/countries/ie/services?locale=DE,kind=GENERAL
service:ie:referral-and-investigations,service,ie,de,referral-and-investigations,isActive=True,,/api/countries/ie/services?locale=DE,kind=GENERAL
service:ie:aesthetic-medicine-consultation,service,ie,de,aesthetic-medicine-consultation,isActive=True,,/api/countries/ie/services?locale=DE,kind=GENERAL
service:ie:cardiology-specialist-consultation,service,ie,de,cardiology-specialist-consultation,isActive=True,,/api/countries/ie/services?locale=DE,kind=SPECIALIST
service:ie:neurology-specialist-consultation,service,ie,de,neurology-specialist-consultation,isActive=True,,/api/countries/ie/services?locale=DE,kind=SPECIALIST
service:ie:nutrition-specialist-consultation,service,ie,de,nutrition-specialist-consultation,isActive=True,,/api/countries/ie/services?locale=DE,kind=SPECIALIST
service:ie:paediatric-specialist-consultation,service,ie,de,paediatric-specialist-consultation,isActive=True,,/api/countries/ie/services?locale=DE,kind=SPECIALIST
service:ie:physiotherapy-specialist-consultation,service,ie,de,physiotherapy-specialist-consultation,isActive=True,,/api/countries/ie/services?locale=DE,kind=SPECIALIST
service:ie:psychiatry-specialist-consultation,service,ie,de,psychiatry-specialist-consultation,isActive=True,,/api/countries/ie/services?locale=DE,kind=SPECIALIST
service:ie:psychology-specialist-consultation,service,ie,de,psychology-specialist-consultation,isActive=True,,/api/countries/ie/services?locale=DE,kind=SPECIALIST
doctor:ie:dr-abdelrahman-mustafa,doctor,ie,de,dr-abdelrahman-mustafa,readyToIndex=True,,/api/countries/ie/doctors?locale=DE,
doctor:ie:dr-ahmed-maklad,doctor,ie,de,dr-ahmed-maklad,readyToIndex=True,,/api/countries/ie/doctors?locale=DE,
doctor:ie:dr-arooj-iqbal-lodhi,doctor,ie,de,dr-arooj-iqbal-lodhi,readyToIndex=True,,/api/countries/ie/doctors?locale=DE,
doctor:ie:dr-emmanuel-dabup,doctor,ie,de,dr-emmanuel-dabup,readyToIndex=True,,/api/countries/ie/doctors?locale=DE,
doctor:ie:dr-fahad-farooq,doctor,ie,de,dr-fahad-farooq,readyToIndex=True,,/api/countries/ie/doctors?locale=DE,
doctor:ie:dr-fatima-ali,doctor,ie,de,dr-fatima-ali,readyToIndex=True,,/api/countries/ie/doctors?locale=DE,
doctor:ie:dr-mariam-faiz,doctor,ie,de,dr-mariam-faiz,readyToIndex=True,,/api/countries/ie/doctors?locale=DE,
doctor:ie:dr-mohamed-fadzly-bin-mohamed,doctor,ie,de,dr-mohamed-fadzly-bin-mohamed,readyToIndex=True,,/api/countries/ie/doctors?locale=DE,
doctor:ie:dr-mohammed-omar,doctor,ie,de,dr-mohammed-omar,readyToIndex=True,,/api/countries/ie/doctors?locale=DE,
doctor:ie:dr-muhammad-mataro,doctor,ie,de,dr-muhammad-mataro,readyToIndex=True,,/api/countries/ie/doctors?locale=DE,
doctor:ie:dr-muhammad-tahir-arain,doctor,ie,de,dr-muhammad-tahir-arain,readyToIndex=True,,/api/countries/ie/doctors?locale=DE,
doctor:ie:dr-muhammad-usman-yoosuf,doctor,ie,de,dr-muhammad-usman-yoosuf,readyToIndex=True,,/api/countries/ie/doctors?locale=DE,
doctor:ie:dr-raafat-ibrahim,doctor,ie,de,dr-raafat-ibrahim,readyToIndex=True,,/api/countries/ie/doctors?locale=DE,
doctor:ie:dr-raza-khan,doctor,ie,de,dr-raza-khan,readyToIndex=True,,/api/countries/ie/doctors?locale=DE,
doctor:ie:dr-saadia-irfan,doctor,ie,de,dr-saadia-irfan,readyToIndex=True,,/api/countries/ie/doctors?locale=DE,
doctor:ie:dr-tiago-miguel-figueira,doctor,ie,de,dr-tiago-miguel-figueira,readyToIndex=True,,/api/countries/ie/doctors?locale=DE,
doctor:ie:dr-yousif-mohamed,doctor,ie,de,dr-yousif-mohamed,readyToIndex=True,,/api/countries/ie/doctors?locale=DE,
doctor:ie:maristela-ferro-nepomuceno,doctor,ie,de,maristela-ferro-nepomuceno,readyToIndex=True,,/api/countries/ie/doctors?locale=DE,
doctor:ie:khoiamul-islam,doctor,ie,de,khoiamul-islam,readyToIndex=True,,/api/countries/ie/doctors?locale=DE,
doctor:ie:priscila-figueiredo,doctor,ie,de,priscila-figueiredo,readyToIndex=True,,/api/countries/ie/doctors?locale=DE,
doctor:ie:roney-carli,doctor,ie,de,roney-carli,readyToIndex=True,,/api/countries/ie/doctors?locale=DE,
doctor:ie:silvia-alexandre-fernandes,doctor,ie,de,silvia-alexandre-fernandes,readyToIndex=True,,/api/countries/ie/doctors?locale=DE,
other:ie:general-health-test,other,ie,de,general-health-test,isActive=True,,/api/countries/ie/health-tests?locale=DE,subtype=health_test
other:ie:heart-health-cholesterol-test,other,ie,de,heart-health-cholesterol-test,isActive=True,,/api/countries/ie/health-tests?locale=DE,subtype=health_test
other:ie:female-hormone-test,other,ie,de,female-hormone-test,isActive=True,,/api/countries/ie/health-tests?locale=DE,subtype=health_test
other:ie:male-hormone-test,other,ie,de,male-hormone-test,isActive=True,,/api/countries/ie/health-tests?locale=DE,subtype=health_test
other:ie:psa-prostate-test,other,ie,de,psa-prostate-test,isActive=True,,/api/countries/ie/health-tests?locale=DE,subtype=health_test
other:ie:amh-fertility-test,other,ie,de,amh-fertility-test,isActive=True,,/api/countries/ie/health-tests?locale=DE,subtype=health_test
other:ie:vitamin-d-test,other,ie,de,vitamin-d-test,isActive=True,,/api/countries/ie/health-tests?locale=DE,subtype=health_test
other:ie:vitamin-b12-test,other,ie,de,vitamin-b12-test,isActive=True,,/api/countries/ie/health-tests?locale=DE,subtype=health_test
other:ie:gut-microbiome-test,other,ie,de,gut-microbiome-test,isActive=True,,/api/countries/ie/health-tests?locale=DE,subtype=health_test
other:ie:nutrition-lifestyle-dna-test,other,ie,de,nutrition-lifestyle-dna-test,isActive=True,,/api/countries/ie/health-tests?locale=DE,subtype=health_test
other:ie:genetic-haemochromatosis-test,other,ie,de,genetic-haemochromatosis-test,isActive=True,,/api/countries/ie/health-tests?locale=DE,subtype=health_test
other:ie:genetic-coeliac-disease-test,other,ie,de,genetic-coeliac-disease-test,isActive=True,,/api/countries/ie/health-tests?locale=DE,subtype=health_test
other:ie:genetic-lactose-intolerance-test,other,ie,de,genetic-lactose-intolerance-test,isActive=True,,/api/countries/ie/health-tests?locale=DE,subtype=health_test
other:ie:fracture-risk-assessment-test,other,ie,de,fracture-risk-assessment-test,isActive=True,,/api/countries/ie/health-tests?locale=DE,subtype=health_test
service:cz:lekar-online-praha,service,cz,cs,lekar-online-praha,isActive=True,,/api/countries/cz/services?locale=CS,kind=GENERAL
service:cz:neschopenka-online,service,cz,cs,neschopenka-online,isActive=True,,/api/countries/cz/services?locale=CS,kind=GENERAL
service:cz:obnoveni-lecby,service,cz,cs,obnoveni-lecby,isActive=True,,/api/countries/cz/services?locale=CS,kind=GENERAL
service:cz:detsky-lekar-online,service,cz,cs,detsky-lekar-online,isActive=True,,/api/countries/cz/services?locale=CS,kind=GENERAL
service:cz:kontrola-vahy-online,service,cz,cs,kontrola-vahy-online,isActive=True,,/api/countries/cz/services?locale=CS,kind=GENERAL
service:cz:dusevni-zdravi-online,service,cz,cs,dusevni-zdravi-online,isActive=True,,/api/countries/cz/services?locale=CS,kind=GENERAL
service:cz:cestovni-medicina-praha,service,cz,cs,cestovni-medicina-praha,isActive=True,,/api/countries/cz/services?locale=CS,kind=GENERAL
service:cz:doporuceni-a-vysetreni,service,cz,cs,doporuceni-a-vysetreni,isActive=True,,/api/countries/cz/services?locale=CS,kind=GENERAL
service:cz:kozni-konzultace-praha,service,cz,cs,kozni-konzultace-praha,isActive=True,,/api/countries/cz/services?locale=CS,kind=GENERAL
service:cz:bolesti-pohyboveho-aparatu,service,cz,cs,bolesti-pohyboveho-aparatu,isActive=True,,/api/countries/cz/services?locale=CS,kind=GENERAL
service:cz:druhy-nazor-praha,service,cz,cs,druhy-nazor-praha,isActive=True,,/api/countries/cz/services?locale=CS,kind=GENERAL
service:cz:chronicka-onemocneni,service,cz,cs,chronicka-onemocneni,isActive=True,,/api/countries/cz/services?locale=CS,kind=GENERAL
service:cz:vypadavani-vlasu-online,service,cz,cs,vypadavani-vlasu-online,isActive=True,,/api/countries/cz/services?locale=CS,kind=GENERAL
service:cz:zenske-zdravi-online,service,cz,cs,zenske-zdravi-online,isActive=True,,/api/countries/cz/services?locale=CS,kind=GENERAL
service:cz:muzske-zdravi-online,service,cz,cs,muzske-zdravi-online,isActive=True,,/api/countries/cz/services?locale=CS,kind=GENERAL
doctor:cz:dr-ahmed-maklad,doctor,cz,cs,dr-ahmed-maklad,readyToIndex=True,,/api/countries/cz/doctors?locale=CS,
doctor:cz:dr-gabriele-felici,doctor,cz,cs,dr-gabriele-felici,readyToIndex=True,,/api/countries/cz/doctors?locale=CS,
doctor:cz:dr-michael-nytra,doctor,cz,cs,dr-michael-nytra,readyToIndex=True,,/api/countries/cz/doctors?locale=CS,
doctor:cz:khoiamul-islam,doctor,cz,cs,khoiamul-islam,readyToIndex=True,,/api/countries/cz/doctors?locale=CS,
doctor:cz:mudr-nataliya-kharlamova,doctor,cz,cs,mudr-nataliya-kharlamova,readyToIndex=True,,/api/countries/cz/doctors?locale=CS,
doctor:cz:mudr-romana-pavlu,doctor,cz,cs,mudr-romana-pavlu,readyToIndex=True,,/api/countries/cz/doctors?locale=CS,
doctor:cz:mudr-vojtech-cerny,doctor,cz,cs,mudr-vojtech-cerny,readyToIndex=True,,/api/countries/cz/doctors?locale=CS,
doctor:cz:mudr-yasmin-holz,doctor,cz,cs,mudr-yasmin-holz,readyToIndex=True,,/api/countries/cz/doctors?locale=CS,
service:cz:lekar-online-praha,service,cz,en,lekar-online-praha,isActive=True,,/api/countries/cz/services?locale=EN,kind=GENERAL
service:cz:neschopenka-online,service,cz,en,neschopenka-online,isActive=True,,/api/countries/cz/services?locale=EN,kind=GENERAL
service:cz:obnoveni-lecby,service,cz,en,obnoveni-lecby,isActive=True,,/api/countries/cz/services?locale=EN,kind=GENERAL
service:cz:detsky-lekar-online,service,cz,en,detsky-lekar-online,isActive=True,,/api/countries/cz/services?locale=EN,kind=GENERAL
service:cz:kontrola-vahy-online,service,cz,en,kontrola-vahy-online,isActive=True,,/api/countries/cz/services?locale=EN,kind=GENERAL
service:cz:dusevni-zdravi-online,service,cz,en,dusevni-zdravi-online,isActive=True,,/api/countries/cz/services?locale=EN,kind=GENERAL
service:cz:cestovni-medicina-praha,service,cz,en,cestovni-medicina-praha,isActive=True,,/api/countries/cz/services?locale=EN,kind=GENERAL
service:cz:doporuceni-a-vysetreni,service,cz,en,doporuceni-a-vysetreni,isActive=True,,/api/countries/cz/services?locale=EN,kind=GENERAL
service:cz:kozni-konzultace-praha,service,cz,en,kozni-konzultace-praha,isActive=True,,/api/countries/cz/services?locale=EN,kind=GENERAL
service:cz:bolesti-pohyboveho-aparatu,service,cz,en,bolesti-pohyboveho-aparatu,isActive=True,,/api/countries/cz/services?locale=EN,kind=GENERAL
service:cz:druhy-nazor-praha,service,cz,en,druhy-nazor-praha,isActive=True,,/api/countries/cz/services?locale=EN,kind=GENERAL
service:cz:chronicka-onemocneni,service,cz,en,chronicka-onemocneni,isActive=True,,/api/countries/cz/services?locale=EN,kind=GENERAL
service:cz:vypadavani-vlasu-online,service,cz,en,vypadavani-vlasu-online,isActive=True,,/api/countries/cz/services?locale=EN,kind=GENERAL
service:cz:zenske-zdravi-online,service,cz,en,zenske-zdravi-online,isActive=True,,/api/countries/cz/services?locale=EN,kind=GENERAL
service:cz:muzske-zdravi-online,service,cz,en,muzske-zdravi-online,isActive=True,,/api/countries/cz/services?locale=EN,kind=GENERAL
doctor:cz:dr-ahmed-maklad,doctor,cz,en,dr-ahmed-maklad,readyToIndex=True,,/api/countries/cz/doctors?locale=EN,
doctor:cz:dr-gabriele-felici,doctor,cz,en,dr-gabriele-felici,readyToIndex=True,,/api/countries/cz/doctors?locale=EN,
doctor:cz:dr-michael-nytra,doctor,cz,en,dr-michael-nytra,readyToIndex=True,,/api/countries/cz/doctors?locale=EN,
doctor:cz:khoiamul-islam,doctor,cz,en,khoiamul-islam,readyToIndex=True,,/api/countries/cz/doctors?locale=EN,
doctor:cz:mudr-nataliya-kharlamova,doctor,cz,en,mudr-nataliya-kharlamova,readyToIndex=True,,/api/countries/cz/doctors?locale=EN,
doctor:cz:mudr-romana-pavlu,doctor,cz,en,mudr-romana-pavlu,readyToIndex=True,,/api/countries/cz/doctors?locale=EN,
doctor:cz:mudr-vojtech-cerny,doctor,cz,en,mudr-vojtech-cerny,readyToIndex=True,,/api/countries/cz/doctors?locale=EN,
doctor:cz:mudr-yasmin-holz,doctor,cz,en,mudr-yasmin-holz,readyToIndex=True,,/api/countries/cz/doctors?locale=EN,
service:cz:lekar-online-praha,service,cz,pt,lekar-online-praha,isActive=True,,/api/countries/cz/services?locale=PT,kind=GENERAL
service:cz:neschopenka-online,service,cz,pt,neschopenka-online,isActive=True,,/api/countries/cz/services?locale=PT,kind=GENERAL
service:cz:obnoveni-lecby,service,cz,pt,obnoveni-lecby,isActive=True,,/api/countries/cz/services?locale=PT,kind=GENERAL
service:cz:detsky-lekar-online,service,cz,pt,detsky-lekar-online,isActive=True,,/api/countries/cz/services?locale=PT,kind=GENERAL
service:cz:kontrola-vahy-online,service,cz,pt,kontrola-vahy-online,isActive=True,,/api/countries/cz/services?locale=PT,kind=GENERAL
service:cz:dusevni-zdravi-online,service,cz,pt,dusevni-zdravi-online,isActive=True,,/api/countries/cz/services?locale=PT,kind=GENERAL
service:cz:cestovni-medicina-praha,service,cz,pt,cestovni-medicina-praha,isActive=True,,/api/countries/cz/services?locale=PT,kind=GENERAL
service:cz:doporuceni-a-vysetreni,service,cz,pt,doporuceni-a-vysetreni,isActive=True,,/api/countries/cz/services?locale=PT,kind=GENERAL
service:cz:kozni-konzultace-praha,service,cz,pt,kozni-konzultace-praha,isActive=True,,/api/countries/cz/services?locale=PT,kind=GENERAL
service:cz:bolesti-pohyboveho-aparatu,service,cz,pt,bolesti-pohyboveho-aparatu,isActive=True,,/api/countries/cz/services?locale=PT,kind=GENERAL
service:cz:druhy-nazor-praha,service,cz,pt,druhy-nazor-praha,isActive=True,,/api/countries/cz/services?locale=PT,kind=GENERAL
service:cz:chronicka-onemocneni,service,cz,pt,chronicka-onemocneni,isActive=True,,/api/countries/cz/services?locale=PT,kind=GENERAL
service:cz:vypadavani-vlasu-online,service,cz,pt,vypadavani-vlasu-online,isActive=True,,/api/countries/cz/services?locale=PT,kind=GENERAL
service:cz:zenske-zdravi-online,service,cz,pt,zenske-zdravi-online,isActive=True,,/api/countries/cz/services?locale=PT,kind=GENERAL
service:cz:muzske-zdravi-online,service,cz,pt,muzske-zdravi-online,isActive=True,,/api/countries/cz/services?locale=PT,kind=GENERAL
doctor:cz:dr-ahmed-maklad,doctor,cz,pt,dr-ahmed-maklad,readyToIndex=True,,/api/countries/cz/doctors?locale=PT,
doctor:cz:dr-gabriele-felici,doctor,cz,pt,dr-gabriele-felici,readyToIndex=True,,/api/countries/cz/doctors?locale=PT,
doctor:cz:dr-michael-nytra,doctor,cz,pt,dr-michael-nytra,readyToIndex=True,,/api/countries/cz/doctors?locale=PT,
doctor:cz:khoiamul-islam,doctor,cz,pt,khoiamul-islam,readyToIndex=True,,/api/countries/cz/doctors?locale=PT,
doctor:cz:mudr-nataliya-kharlamova,doctor,cz,pt,mudr-nataliya-kharlamova,readyToIndex=True,,/api/countries/cz/doctors?locale=PT,
doctor:cz:mudr-romana-pavlu,doctor,cz,pt,mudr-romana-pavlu,readyToIndex=True,,/api/countries/cz/doctors?locale=PT,
doctor:cz:mudr-vojtech-cerny,doctor,cz,pt,mudr-vojtech-cerny,readyToIndex=True,,/api/countries/cz/doctors?locale=PT,
doctor:cz:mudr-yasmin-holz,doctor,cz,pt,mudr-yasmin-holz,readyToIndex=True,,/api/countries/cz/doctors?locale=PT,
service:cz:lekar-online-praha,service,cz,es,lekar-online-praha,isActive=True,,/api/countries/cz/services?locale=ES,kind=GENERAL
service:cz:neschopenka-online,service,cz,es,neschopenka-online,isActive=True,,/api/countries/cz/services?locale=ES,kind=GENERAL
service:cz:obnoveni-lecby,service,cz,es,obnoveni-lecby,isActive=True,,/api/countries/cz/services?locale=ES,kind=GENERAL
service:cz:detsky-lekar-online,service,cz,es,detsky-lekar-online,isActive=True,,/api/countries/cz/services?locale=ES,kind=GENERAL
service:cz:kontrola-vahy-online,service,cz,es,kontrola-vahy-online,isActive=True,,/api/countries/cz/services?locale=ES,kind=GENERAL
service:cz:dusevni-zdravi-online,service,cz,es,dusevni-zdravi-online,isActive=True,,/api/countries/cz/services?locale=ES,kind=GENERAL
service:cz:cestovni-medicina-praha,service,cz,es,cestovni-medicina-praha,isActive=True,,/api/countries/cz/services?locale=ES,kind=GENERAL
service:cz:doporuceni-a-vysetreni,service,cz,es,doporuceni-a-vysetreni,isActive=True,,/api/countries/cz/services?locale=ES,kind=GENERAL
service:cz:kozni-konzultace-praha,service,cz,es,kozni-konzultace-praha,isActive=True,,/api/countries/cz/services?locale=ES,kind=GENERAL
service:cz:bolesti-pohyboveho-aparatu,service,cz,es,bolesti-pohyboveho-aparatu,isActive=True,,/api/countries/cz/services?locale=ES,kind=GENERAL
service:cz:druhy-nazor-praha,service,cz,es,druhy-nazor-praha,isActive=True,,/api/countries/cz/services?locale=ES,kind=GENERAL
service:cz:chronicka-onemocneni,service,cz,es,chronicka-onemocneni,isActive=True,,/api/countries/cz/services?locale=ES,kind=GENERAL
service:cz:vypadavani-vlasu-online,service,cz,es,vypadavani-vlasu-online,isActive=True,,/api/countries/cz/services?locale=ES,kind=GENERAL
service:cz:zenske-zdravi-online,service,cz,es,zenske-zdravi-online,isActive=True,,/api/countries/cz/services?locale=ES,kind=GENERAL
service:cz:muzske-zdravi-online,service,cz,es,muzske-zdravi-online,isActive=True,,/api/countries/cz/services?locale=ES,kind=GENERAL
doctor:cz:dr-ahmed-maklad,doctor,cz,es,dr-ahmed-maklad,readyToIndex=True,,/api/countries/cz/doctors?locale=ES,
doctor:cz:dr-gabriele-felici,doctor,cz,es,dr-gabriele-felici,readyToIndex=True,,/api/countries/cz/doctors?locale=ES,
doctor:cz:dr-michael-nytra,doctor,cz,es,dr-michael-nytra,readyToIndex=True,,/api/countries/cz/doctors?locale=ES,
doctor:cz:khoiamul-islam,doctor,cz,es,khoiamul-islam,readyToIndex=True,,/api/countries/cz/doctors?locale=ES,
doctor:cz:mudr-nataliya-kharlamova,doctor,cz,es,mudr-nataliya-kharlamova,readyToIndex=True,,/api/countries/cz/doctors?locale=ES,
doctor:cz:mudr-romana-pavlu,doctor,cz,es,mudr-romana-pavlu,readyToIndex=True,,/api/countries/cz/doctors?locale=ES,
doctor:cz:mudr-vojtech-cerny,doctor,cz,es,mudr-vojtech-cerny,readyToIndex=True,,/api/countries/cz/doctors?locale=ES,
doctor:cz:mudr-yasmin-holz,doctor,cz,es,mudr-yasmin-holz,readyToIndex=True,,/api/countries/cz/doctors?locale=ES,
service:cz:lekar-online-praha,service,cz,ro,lekar-online-praha,isActive=True,,/api/countries/cz/services?locale=RO,kind=GENERAL
service:cz:neschopenka-online,service,cz,ro,neschopenka-online,isActive=True,,/api/countries/cz/services?locale=RO,kind=GENERAL
service:cz:obnoveni-lecby,service,cz,ro,obnoveni-lecby,isActive=True,,/api/countries/cz/services?locale=RO,kind=GENERAL
service:cz:detsky-lekar-online,service,cz,ro,detsky-lekar-online,isActive=True,,/api/countries/cz/services?locale=RO,kind=GENERAL
service:cz:kontrola-vahy-online,service,cz,ro,kontrola-vahy-online,isActive=True,,/api/countries/cz/services?locale=RO,kind=GENERAL
service:cz:dusevni-zdravi-online,service,cz,ro,dusevni-zdravi-online,isActive=True,,/api/countries/cz/services?locale=RO,kind=GENERAL
service:cz:cestovni-medicina-praha,service,cz,ro,cestovni-medicina-praha,isActive=True,,/api/countries/cz/services?locale=RO,kind=GENERAL
service:cz:doporuceni-a-vysetreni,service,cz,ro,doporuceni-a-vysetreni,isActive=True,,/api/countries/cz/services?locale=RO,kind=GENERAL
service:cz:kozni-konzultace-praha,service,cz,ro,kozni-konzultace-praha,isActive=True,,/api/countries/cz/services?locale=RO,kind=GENERAL
service:cz:bolesti-pohyboveho-aparatu,service,cz,ro,bolesti-pohyboveho-aparatu,isActive=True,,/api/countries/cz/services?locale=RO,kind=GENERAL
service:cz:druhy-nazor-praha,service,cz,ro,druhy-nazor-praha,isActive=True,,/api/countries/cz/services?locale=RO,kind=GENERAL
service:cz:chronicka-onemocneni,service,cz,ro,chronicka-onemocneni,isActive=True,,/api/countries/cz/services?locale=RO,kind=GENERAL
service:cz:vypadavani-vlasu-online,service,cz,ro,vypadavani-vlasu-online,isActive=True,,/api/countries/cz/services?locale=RO,kind=GENERAL
service:cz:zenske-zdravi-online,service,cz,ro,zenske-zdravi-online,isActive=True,,/api/countries/cz/services?locale=RO,kind=GENERAL
service:cz:muzske-zdravi-online,service,cz,ro,muzske-zdravi-online,isActive=True,,/api/countries/cz/services?locale=RO,kind=GENERAL
doctor:cz:dr-ahmed-maklad,doctor,cz,ro,dr-ahmed-maklad,readyToIndex=True,,/api/countries/cz/doctors?locale=RO,
doctor:cz:dr-gabriele-felici,doctor,cz,ro,dr-gabriele-felici,readyToIndex=True,,/api/countries/cz/doctors?locale=RO,
doctor:cz:dr-michael-nytra,doctor,cz,ro,dr-michael-nytra,readyToIndex=True,,/api/countries/cz/doctors?locale=RO,
doctor:cz:khoiamul-islam,doctor,cz,ro,khoiamul-islam,readyToIndex=True,,/api/countries/cz/doctors?locale=RO,
doctor:cz:mudr-nataliya-kharlamova,doctor,cz,ro,mudr-nataliya-kharlamova,readyToIndex=True,,/api/countries/cz/doctors?locale=RO,
doctor:cz:mudr-romana-pavlu,doctor,cz,ro,mudr-romana-pavlu,readyToIndex=True,,/api/countries/cz/doctors?locale=RO,
doctor:cz:mudr-vojtech-cerny,doctor,cz,ro,mudr-vojtech-cerny,readyToIndex=True,,/api/countries/cz/doctors?locale=RO,
doctor:cz:mudr-yasmin-holz,doctor,cz,ro,mudr-yasmin-holz,readyToIndex=True,,/api/countries/cz/doctors?locale=RO,
service:cz:lekar-online-praha,service,cz,de,lekar-online-praha,isActive=True,,/api/countries/cz/services?locale=DE,kind=GENERAL
service:cz:neschopenka-online,service,cz,de,neschopenka-online,isActive=True,,/api/countries/cz/services?locale=DE,kind=GENERAL
service:cz:obnoveni-lecby,service,cz,de,obnoveni-lecby,isActive=True,,/api/countries/cz/services?locale=DE,kind=GENERAL
service:cz:detsky-lekar-online,service,cz,de,detsky-lekar-online,isActive=True,,/api/countries/cz/services?locale=DE,kind=GENERAL
service:cz:kontrola-vahy-online,service,cz,de,kontrola-vahy-online,isActive=True,,/api/countries/cz/services?locale=DE,kind=GENERAL
service:cz:dusevni-zdravi-online,service,cz,de,dusevni-zdravi-online,isActive=True,,/api/countries/cz/services?locale=DE,kind=GENERAL
service:cz:cestovni-medicina-praha,service,cz,de,cestovni-medicina-praha,isActive=True,,/api/countries/cz/services?locale=DE,kind=GENERAL
service:cz:doporuceni-a-vysetreni,service,cz,de,doporuceni-a-vysetreni,isActive=True,,/api/countries/cz/services?locale=DE,kind=GENERAL
service:cz:kozni-konzultace-praha,service,cz,de,kozni-konzultace-praha,isActive=True,,/api/countries/cz/services?locale=DE,kind=GENERAL
service:cz:bolesti-pohyboveho-aparatu,service,cz,de,bolesti-pohyboveho-aparatu,isActive=True,,/api/countries/cz/services?locale=DE,kind=GENERAL
service:cz:druhy-nazor-praha,service,cz,de,druhy-nazor-praha,isActive=True,,/api/countries/cz/services?locale=DE,kind=GENERAL
service:cz:chronicka-onemocneni,service,cz,de,chronicka-onemocneni,isActive=True,,/api/countries/cz/services?locale=DE,kind=GENERAL
service:cz:vypadavani-vlasu-online,service,cz,de,vypadavani-vlasu-online,isActive=True,,/api/countries/cz/services?locale=DE,kind=GENERAL
service:cz:zenske-zdravi-online,service,cz,de,zenske-zdravi-online,isActive=True,,/api/countries/cz/services?locale=DE,kind=GENERAL
service:cz:muzske-zdravi-online,service,cz,de,muzske-zdravi-online,isActive=True,,/api/countries/cz/services?locale=DE,kind=GENERAL
doctor:cz:dr-ahmed-maklad,doctor,cz,de,dr-ahmed-maklad,readyToIndex=True,,/api/countries/cz/doctors?locale=DE,
doctor:cz:dr-gabriele-felici,doctor,cz,de,dr-gabriele-felici,readyToIndex=True,,/api/countries/cz/doctors?locale=DE,
doctor:cz:dr-michael-nytra,doctor,cz,de,dr-michael-nytra,readyToIndex=True,,/api/countries/cz/doctors?locale=DE,
doctor:cz:khoiamul-islam,doctor,cz,de,khoiamul-islam,readyToIndex=True,,/api/countries/cz/doctors?locale=DE,
doctor:cz:mudr-nataliya-kharlamova,doctor,cz,de,mudr-nataliya-kharlamova,readyToIndex=True,,/api/countries/cz/doctors?locale=DE,
doctor:cz:mudr-romana-pavlu,doctor,cz,de,mudr-romana-pavlu,readyToIndex=True,,/api/countries/cz/doctors?locale=DE,
doctor:cz:mudr-vojtech-cerny,doctor,cz,de,mudr-vojtech-cerny,readyToIndex=True,,/api/countries/cz/doctors?locale=DE,
doctor:cz:mudr-yasmin-holz,doctor,cz,de,mudr-yasmin-holz,readyToIndex=True,,/api/countries/cz/doctors?locale=DE,
service:pt:consulta-medica,service,pt,pt,consulta-medica,isActive=True,,/api/countries/pt/services?locale=PT,kind=GENERAL
service:pt:baixa-medica,service,pt,pt,baixa-medica,isActive=True,,/api/countries/pt/services?locale=PT,kind=GENERAL
service:pt:renovacao-de-tratamento,service,pt,pt,renovacao-de-tratamento,isActive=True,,/api/countries/pt/services?locale=PT,kind=GENERAL
service:pt:consulta-do-viajante,service,pt,pt,consulta-do-viajante,isActive=True,,/api/countries/pt/services?locale=PT,kind=GENERAL
service:pt:certificado-medico-carta-de-conducao,service,pt,pt,certificado-medico-carta-de-conducao,isActive=True,,/api/countries/pt/services?locale=PT,kind=GENERAL
service:pt:perda-de-peso,service,pt,pt,perda-de-peso,isActive=True,,/api/countries/pt/services?locale=PT,kind=GENERAL
service:pt:pediatria-geral,service,pt,pt,pediatria-geral,isActive=True,,/api/countries/pt/services?locale=PT,kind=GENERAL
service:pt:gestao-da-dor,service,pt,pt,gestao-da-dor,isActive=True,,/api/countries/pt/services?locale=PT,kind=GENERAL
service:pt:consulta-dermatologia,service,pt,pt,consulta-dermatologia,isActive=True,,/api/countries/pt/services?locale=PT,kind=GENERAL
service:pt:certificados-medicos,service,pt,pt,certificados-medicos,isActive=True,,/api/countries/pt/services?locale=PT,kind=GENERAL
service:pt:deixar-de-fumar,service,pt,pt,deixar-de-fumar,isActive=True,,/api/countries/pt/services?locale=PT,kind=GENERAL
service:pt:medicina-geral-e-familiar,service,pt,pt,medicina-geral-e-familiar,isActive=True,,/api/countries/pt/services?locale=PT,kind=GENERAL
service:pt:consulta-queda-de-cabelo,service,pt,pt,consulta-queda-de-cabelo,isActive=True,,/api/countries/pt/services?locale=PT,kind=GENERAL
service:pt:saude-da-mulher,service,pt,pt,saude-da-mulher,isActive=True,,/api/countries/pt/services?locale=PT,kind=GENERAL
service:pt:saude-do-homem,service,pt,pt,saude-do-homem,isActive=True,,/api/countries/pt/services?locale=PT,kind=GENERAL
service:pt:saude-mental,service,pt,pt,saude-mental,isActive=True,,/api/countries/pt/services?locale=PT,kind=GENERAL
service:pt:segunda-opiniao-medica,service,pt,pt,segunda-opiniao-medica,isActive=True,,/api/countries/pt/services?locale=PT,kind=GENERAL
service:pt:consulta-de-referenciacao,service,pt,pt,consulta-de-referenciacao,isActive=True,,/api/countries/pt/services?locale=PT,kind=GENERAL
service:pt:consulta-cardiologia,service,pt,pt,consulta-cardiologia,isActive=True,,/api/countries/pt/services?locale=PT,kind=SPECIALIST
service:pt:consulta-de-oncologia,service,pt,pt,consulta-de-oncologia,isActive=True,,/api/countries/pt/services?locale=PT,kind=SPECIALIST
service:pt:consulta-de-pediatria,service,pt,pt,consulta-de-pediatria,isActive=True,,/api/countries/pt/services?locale=PT,kind=SPECIALIST
service:pt:consulta-de-psicologia,service,pt,pt,consulta-de-psicologia,isActive=True,,/api/countries/pt/services?locale=PT,kind=SPECIALIST
service:pt:consulta-de-psiquiatria,service,pt,pt,consulta-de-psiquiatria,isActive=True,,/api/countries/pt/services?locale=PT,kind=SPECIALIST
doctor:pt:beatriz-carvalho,doctor,pt,pt,beatriz-carvalho,readyToIndex=True,,/api/countries/pt/doctors?locale=PT,
doctor:pt:dr-ana-leal-neto,doctor,pt,pt,dr-ana-leal-neto,readyToIndex=True,,/api/countries/pt/doctors?locale=PT,
doctor:pt:dra-ana-varges-gomes,doctor,pt,pt,dra-ana-varges-gomes,readyToIndex=True,,/api/countries/pt/doctors?locale=PT,
doctor:pt:dr-joana-branco-maia,doctor,pt,pt,dr-joana-branco-maia,readyToIndex=True,,/api/countries/pt/doctors?locale=PT,
doctor:pt:dr-margarida-andrade,doctor,pt,pt,dr-margarida-andrade,readyToIndex=True,,/api/countries/pt/doctors?locale=PT,
doctor:pt:dra-nadia-cavaco,doctor,pt,pt,dra-nadia-cavaco,readyToIndex=True,,/api/countries/pt/doctors?locale=PT,
doctor:pt:dr-egas-moura,doctor,pt,pt,dr-egas-moura,readyToIndex=True,,/api/countries/pt/doctors?locale=PT,
doctor:pt:dr-joao-de-oliveira-e-silva,doctor,pt,pt,dr-joao-de-oliveira-e-silva,readyToIndex=True,,/api/countries/pt/doctors?locale=PT,
doctor:pt:dr-lucas-alvarenga-berto,doctor,pt,pt,dr-lucas-alvarenga-berto,readyToIndex=True,,/api/countries/pt/doctors?locale=PT,
doctor:pt:dr-martim-delgado,doctor,pt,pt,dr-martim-delgado,readyToIndex=True,,/api/countries/pt/doctors?locale=PT,
doctor:pt:dr-pedro-santos,doctor,pt,pt,dr-pedro-santos,readyToIndex=True,,/api/countries/pt/doctors?locale=PT,
doctor:pt:dr-ruben-pereira,doctor,pt,pt,dr-ruben-pereira,readyToIndex=True,,/api/countries/pt/doctors?locale=PT,
doctor:pt:dr-telmo-coelho,doctor,pt,pt,dr-telmo-coelho,readyToIndex=True,,/api/countries/pt/doctors?locale=PT,
doctor:pt:dr-tiago-miguel-figueira,doctor,pt,pt,dr-tiago-miguel-figueira,readyToIndex=True,,/api/countries/pt/doctors?locale=PT,
doctor:pt:dr-vitor-hugo-de-matos-pais,doctor,pt,pt,dr-vitor-hugo-de-matos-pais,readyToIndex=True,,/api/countries/pt/doctors?locale=PT,
service:pt:consulta-medica,service,pt,en,consulta-medica,isActive=True,,/api/countries/pt/services?locale=EN,kind=GENERAL
service:pt:baixa-medica,service,pt,en,baixa-medica,isActive=True,,/api/countries/pt/services?locale=EN,kind=GENERAL
service:pt:renovacao-de-tratamento,service,pt,en,renovacao-de-tratamento,isActive=True,,/api/countries/pt/services?locale=EN,kind=GENERAL
service:pt:consulta-do-viajante,service,pt,en,consulta-do-viajante,isActive=True,,/api/countries/pt/services?locale=EN,kind=GENERAL
service:pt:certificado-medico-carta-de-conducao,service,pt,en,certificado-medico-carta-de-conducao,isActive=True,,/api/countries/pt/services?locale=EN,kind=GENERAL
service:pt:perda-de-peso,service,pt,en,perda-de-peso,isActive=True,,/api/countries/pt/services?locale=EN,kind=GENERAL
service:pt:pediatria-geral,service,pt,en,pediatria-geral,isActive=True,,/api/countries/pt/services?locale=EN,kind=GENERAL
service:pt:gestao-da-dor,service,pt,en,gestao-da-dor,isActive=True,,/api/countries/pt/services?locale=EN,kind=GENERAL
service:pt:consulta-dermatologia,service,pt,en,consulta-dermatologia,isActive=True,,/api/countries/pt/services?locale=EN,kind=GENERAL
service:pt:certificados-medicos,service,pt,en,certificados-medicos,isActive=True,,/api/countries/pt/services?locale=EN,kind=GENERAL
service:pt:deixar-de-fumar,service,pt,en,deixar-de-fumar,isActive=True,,/api/countries/pt/services?locale=EN,kind=GENERAL
service:pt:medicina-geral-e-familiar,service,pt,en,medicina-geral-e-familiar,isActive=True,,/api/countries/pt/services?locale=EN,kind=GENERAL
service:pt:consulta-queda-de-cabelo,service,pt,en,consulta-queda-de-cabelo,isActive=True,,/api/countries/pt/services?locale=EN,kind=GENERAL
service:pt:saude-da-mulher,service,pt,en,saude-da-mulher,isActive=True,,/api/countries/pt/services?locale=EN,kind=GENERAL
service:pt:saude-do-homem,service,pt,en,saude-do-homem,isActive=True,,/api/countries/pt/services?locale=EN,kind=GENERAL
service:pt:saude-mental,service,pt,en,saude-mental,isActive=True,,/api/countries/pt/services?locale=EN,kind=GENERAL
service:pt:segunda-opiniao-medica,service,pt,en,segunda-opiniao-medica,isActive=True,,/api/countries/pt/services?locale=EN,kind=GENERAL
service:pt:consulta-de-referenciacao,service,pt,en,consulta-de-referenciacao,isActive=True,,/api/countries/pt/services?locale=EN,kind=GENERAL
service:pt:consulta-cardiologia,service,pt,en,consulta-cardiologia,isActive=True,,/api/countries/pt/services?locale=EN,kind=SPECIALIST
service:pt:consulta-de-oncologia,service,pt,en,consulta-de-oncologia,isActive=True,,/api/countries/pt/services?locale=EN,kind=SPECIALIST
service:pt:consulta-de-pediatria,service,pt,en,consulta-de-pediatria,isActive=True,,/api/countries/pt/services?locale=EN,kind=SPECIALIST
service:pt:consulta-de-psicologia,service,pt,en,consulta-de-psicologia,isActive=True,,/api/countries/pt/services?locale=EN,kind=SPECIALIST
service:pt:consulta-de-psiquiatria,service,pt,en,consulta-de-psiquiatria,isActive=True,,/api/countries/pt/services?locale=EN,kind=SPECIALIST
doctor:pt:beatriz-carvalho,doctor,pt,en,beatriz-carvalho,readyToIndex=True,,/api/countries/pt/doctors?locale=EN,
doctor:pt:dr-ana-leal-neto,doctor,pt,en,dr-ana-leal-neto,readyToIndex=True,,/api/countries/pt/doctors?locale=EN,
doctor:pt:dra-ana-varges-gomes,doctor,pt,en,dra-ana-varges-gomes,readyToIndex=True,,/api/countries/pt/doctors?locale=EN,
doctor:pt:dr-joana-branco-maia,doctor,pt,en,dr-joana-branco-maia,readyToIndex=True,,/api/countries/pt/doctors?locale=EN,
doctor:pt:dr-margarida-andrade,doctor,pt,en,dr-margarida-andrade,readyToIndex=True,,/api/countries/pt/doctors?locale=EN,
doctor:pt:dra-nadia-cavaco,doctor,pt,en,dra-nadia-cavaco,readyToIndex=True,,/api/countries/pt/doctors?locale=EN,
doctor:pt:dr-egas-moura,doctor,pt,en,dr-egas-moura,readyToIndex=True,,/api/countries/pt/doctors?locale=EN,
doctor:pt:dr-joao-de-oliveira-e-silva,doctor,pt,en,dr-joao-de-oliveira-e-silva,readyToIndex=True,,/api/countries/pt/doctors?locale=EN,
doctor:pt:dr-lucas-alvarenga-berto,doctor,pt,en,dr-lucas-alvarenga-berto,readyToIndex=True,,/api/countries/pt/doctors?locale=EN,
doctor:pt:dr-martim-delgado,doctor,pt,en,dr-martim-delgado,readyToIndex=True,,/api/countries/pt/doctors?locale=EN,
doctor:pt:dr-pedro-santos,doctor,pt,en,dr-pedro-santos,readyToIndex=True,,/api/countries/pt/doctors?locale=EN,
doctor:pt:dr-ruben-pereira,doctor,pt,en,dr-ruben-pereira,readyToIndex=True,,/api/countries/pt/doctors?locale=EN,
doctor:pt:dr-telmo-coelho,doctor,pt,en,dr-telmo-coelho,readyToIndex=True,,/api/countries/pt/doctors?locale=EN,
doctor:pt:dr-tiago-miguel-figueira,doctor,pt,en,dr-tiago-miguel-figueira,readyToIndex=True,,/api/countries/pt/doctors?locale=EN,
doctor:pt:dr-vitor-hugo-de-matos-pais,doctor,pt,en,dr-vitor-hugo-de-matos-pais,readyToIndex=True,,/api/countries/pt/doctors?locale=EN,
service:pt:consulta-medica,service,pt,es,consulta-medica,isActive=True,,/api/countries/pt/services?locale=ES,kind=GENERAL
service:pt:baixa-medica,service,pt,es,baixa-medica,isActive=True,,/api/countries/pt/services?locale=ES,kind=GENERAL
service:pt:renovacao-de-tratamento,service,pt,es,renovacao-de-tratamento,isActive=True,,/api/countries/pt/services?locale=ES,kind=GENERAL
service:pt:consulta-do-viajante,service,pt,es,consulta-do-viajante,isActive=True,,/api/countries/pt/services?locale=ES,kind=GENERAL
service:pt:certificado-medico-carta-de-conducao,service,pt,es,certificado-medico-carta-de-conducao,isActive=True,,/api/countries/pt/services?locale=ES,kind=GENERAL
service:pt:perda-de-peso,service,pt,es,perda-de-peso,isActive=True,,/api/countries/pt/services?locale=ES,kind=GENERAL
service:pt:pediatria-geral,service,pt,es,pediatria-geral,isActive=True,,/api/countries/pt/services?locale=ES,kind=GENERAL
service:pt:gestao-da-dor,service,pt,es,gestao-da-dor,isActive=True,,/api/countries/pt/services?locale=ES,kind=GENERAL
service:pt:consulta-dermatologia,service,pt,es,consulta-dermatologia,isActive=True,,/api/countries/pt/services?locale=ES,kind=GENERAL
service:pt:certificados-medicos,service,pt,es,certificados-medicos,isActive=True,,/api/countries/pt/services?locale=ES,kind=GENERAL
service:pt:deixar-de-fumar,service,pt,es,deixar-de-fumar,isActive=True,,/api/countries/pt/services?locale=ES,kind=GENERAL
service:pt:medicina-geral-e-familiar,service,pt,es,medicina-geral-e-familiar,isActive=True,,/api/countries/pt/services?locale=ES,kind=GENERAL
service:pt:consulta-queda-de-cabelo,service,pt,es,consulta-queda-de-cabelo,isActive=True,,/api/countries/pt/services?locale=ES,kind=GENERAL
service:pt:saude-da-mulher,service,pt,es,saude-da-mulher,isActive=True,,/api/countries/pt/services?locale=ES,kind=GENERAL
service:pt:saude-do-homem,service,pt,es,saude-do-homem,isActive=True,,/api/countries/pt/services?locale=ES,kind=GENERAL
service:pt:saude-mental,service,pt,es,saude-mental,isActive=True,,/api/countries/pt/services?locale=ES,kind=GENERAL
service:pt:segunda-opiniao-medica,service,pt,es,segunda-opiniao-medica,isActive=True,,/api/countries/pt/services?locale=ES,kind=GENERAL
service:pt:consulta-de-referenciacao,service,pt,es,consulta-de-referenciacao,isActive=True,,/api/countries/pt/services?locale=ES,kind=GENERAL
service:pt:consulta-cardiologia,service,pt,es,consulta-cardiologia,isActive=True,,/api/countries/pt/services?locale=ES,kind=SPECIALIST
service:pt:consulta-de-oncologia,service,pt,es,consulta-de-oncologia,isActive=True,,/api/countries/pt/services?locale=ES,kind=SPECIALIST
service:pt:consulta-de-pediatria,service,pt,es,consulta-de-pediatria,isActive=True,,/api/countries/pt/services?locale=ES,kind=SPECIALIST
service:pt:consulta-de-psicologia,service,pt,es,consulta-de-psicologia,isActive=True,,/api/countries/pt/services?locale=ES,kind=SPECIALIST
service:pt:consulta-de-psiquiatria,service,pt,es,consulta-de-psiquiatria,isActive=True,,/api/countries/pt/services?locale=ES,kind=SPECIALIST
doctor:pt:beatriz-carvalho,doctor,pt,es,beatriz-carvalho,readyToIndex=True,,/api/countries/pt/doctors?locale=ES,
doctor:pt:dr-ana-leal-neto,doctor,pt,es,dr-ana-leal-neto,readyToIndex=True,,/api/countries/pt/doctors?locale=ES,
doctor:pt:dra-ana-varges-gomes,doctor,pt,es,dra-ana-varges-gomes,readyToIndex=True,,/api/countries/pt/doctors?locale=ES,
doctor:pt:dr-joana-branco-maia,doctor,pt,es,dr-joana-branco-maia,readyToIndex=True,,/api/countries/pt/doctors?locale=ES,
doctor:pt:dr-margarida-andrade,doctor,pt,es,dr-margarida-andrade,readyToIndex=True,,/api/countries/pt/doctors?locale=ES,
doctor:pt:dra-nadia-cavaco,doctor,pt,es,dra-nadia-cavaco,readyToIndex=True,,/api/countries/pt/doctors?locale=ES,
doctor:pt:dr-egas-moura,doctor,pt,es,dr-egas-moura,readyToIndex=True,,/api/countries/pt/doctors?locale=ES,
doctor:pt:dr-joao-de-oliveira-e-silva,doctor,pt,es,dr-joao-de-oliveira-e-silva,readyToIndex=True,,/api/countries/pt/doctors?locale=ES,
doctor:pt:dr-lucas-alvarenga-berto,doctor,pt,es,dr-lucas-alvarenga-berto,readyToIndex=True,,/api/countries/pt/doctors?locale=ES,
doctor:pt:dr-martim-delgado,doctor,pt,es,dr-martim-delgado,readyToIndex=True,,/api/countries/pt/doctors?locale=ES,
doctor:pt:dr-pedro-santos,doctor,pt,es,dr-pedro-santos,readyToIndex=True,,/api/countries/pt/doctors?locale=ES,
doctor:pt:dr-ruben-pereira,doctor,pt,es,dr-ruben-pereira,readyToIndex=True,,/api/countries/pt/doctors?locale=ES,
doctor:pt:dr-telmo-coelho,doctor,pt,es,dr-telmo-coelho,readyToIndex=True,,/api/countries/pt/doctors?locale=ES,
doctor:pt:dr-tiago-miguel-figueira,doctor,pt,es,dr-tiago-miguel-figueira,readyToIndex=True,,/api/countries/pt/doctors?locale=ES,
doctor:pt:dr-vitor-hugo-de-matos-pais,doctor,pt,es,dr-vitor-hugo-de-matos-pais,readyToIndex=True,,/api/countries/pt/doctors?locale=ES,
service:pt:consulta-medica,service,pt,cs,consulta-medica,isActive=True,,/api/countries/pt/services?locale=CS,kind=GENERAL
service:pt:baixa-medica,service,pt,cs,baixa-medica,isActive=True,,/api/countries/pt/services?locale=CS,kind=GENERAL
service:pt:renovacao-de-tratamento,service,pt,cs,renovacao-de-tratamento,isActive=True,,/api/countries/pt/services?locale=CS,kind=GENERAL
service:pt:consulta-do-viajante,service,pt,cs,consulta-do-viajante,isActive=True,,/api/countries/pt/services?locale=CS,kind=GENERAL
service:pt:certificado-medico-carta-de-conducao,service,pt,cs,certificado-medico-carta-de-conducao,isActive=True,,/api/countries/pt/services?locale=CS,kind=GENERAL
service:pt:perda-de-peso,service,pt,cs,perda-de-peso,isActive=True,,/api/countries/pt/services?locale=CS,kind=GENERAL
service:pt:pediatria-geral,service,pt,cs,pediatria-geral,isActive=True,,/api/countries/pt/services?locale=CS,kind=GENERAL
service:pt:gestao-da-dor,service,pt,cs,gestao-da-dor,isActive=True,,/api/countries/pt/services?locale=CS,kind=GENERAL
service:pt:consulta-dermatologia,service,pt,cs,consulta-dermatologia,isActive=True,,/api/countries/pt/services?locale=CS,kind=GENERAL
service:pt:certificados-medicos,service,pt,cs,certificados-medicos,isActive=True,,/api/countries/pt/services?locale=CS,kind=GENERAL
service:pt:deixar-de-fumar,service,pt,cs,deixar-de-fumar,isActive=True,,/api/countries/pt/services?locale=CS,kind=GENERAL
service:pt:medicina-geral-e-familiar,service,pt,cs,medicina-geral-e-familiar,isActive=True,,/api/countries/pt/services?locale=CS,kind=GENERAL
service:pt:consulta-queda-de-cabelo,service,pt,cs,consulta-queda-de-cabelo,isActive=True,,/api/countries/pt/services?locale=CS,kind=GENERAL
service:pt:saude-da-mulher,service,pt,cs,saude-da-mulher,isActive=True,,/api/countries/pt/services?locale=CS,kind=GENERAL
service:pt:saude-do-homem,service,pt,cs,saude-do-homem,isActive=True,,/api/countries/pt/services?locale=CS,kind=GENERAL
service:pt:saude-mental,service,pt,cs,saude-mental,isActive=True,,/api/countries/pt/services?locale=CS,kind=GENERAL
service:pt:segunda-opiniao-medica,service,pt,cs,segunda-opiniao-medica,isActive=True,,/api/countries/pt/services?locale=CS,kind=GENERAL
service:pt:consulta-de-referenciacao,service,pt,cs,consulta-de-referenciacao,isActive=True,,/api/countries/pt/services?locale=CS,kind=GENERAL
service:pt:consulta-cardiologia,service,pt,cs,consulta-cardiologia,isActive=True,,/api/countries/pt/services?locale=CS,kind=SPECIALIST
service:pt:consulta-de-oncologia,service,pt,cs,consulta-de-oncologia,isActive=True,,/api/countries/pt/services?locale=CS,kind=SPECIALIST
service:pt:consulta-de-pediatria,service,pt,cs,consulta-de-pediatria,isActive=True,,/api/countries/pt/services?locale=CS,kind=SPECIALIST
service:pt:consulta-de-psicologia,service,pt,cs,consulta-de-psicologia,isActive=True,,/api/countries/pt/services?locale=CS,kind=SPECIALIST
service:pt:consulta-de-psiquiatria,service,pt,cs,consulta-de-psiquiatria,isActive=True,,/api/countries/pt/services?locale=CS,kind=SPECIALIST
doctor:pt:beatriz-carvalho,doctor,pt,cs,beatriz-carvalho,readyToIndex=True,,/api/countries/pt/doctors?locale=CS,
doctor:pt:dr-ana-leal-neto,doctor,pt,cs,dr-ana-leal-neto,readyToIndex=True,,/api/countries/pt/doctors?locale=CS,
doctor:pt:dra-ana-varges-gomes,doctor,pt,cs,dra-ana-varges-gomes,readyToIndex=True,,/api/countries/pt/doctors?locale=CS,
doctor:pt:dr-joana-branco-maia,doctor,pt,cs,dr-joana-branco-maia,readyToIndex=True,,/api/countries/pt/doctors?locale=CS,
doctor:pt:dr-margarida-andrade,doctor,pt,cs,dr-margarida-andrade,readyToIndex=True,,/api/countries/pt/doctors?locale=CS,
doctor:pt:dra-nadia-cavaco,doctor,pt,cs,dra-nadia-cavaco,readyToIndex=True,,/api/countries/pt/doctors?locale=CS,
doctor:pt:dr-egas-moura,doctor,pt,cs,dr-egas-moura,readyToIndex=True,,/api/countries/pt/doctors?locale=CS,
doctor:pt:dr-joao-de-oliveira-e-silva,doctor,pt,cs,dr-joao-de-oliveira-e-silva,readyToIndex=True,,/api/countries/pt/doctors?locale=CS,
doctor:pt:dr-lucas-alvarenga-berto,doctor,pt,cs,dr-lucas-alvarenga-berto,readyToIndex=True,,/api/countries/pt/doctors?locale=CS,
doctor:pt:dr-martim-delgado,doctor,pt,cs,dr-martim-delgado,readyToIndex=True,,/api/countries/pt/doctors?locale=CS,
doctor:pt:dr-pedro-santos,doctor,pt,cs,dr-pedro-santos,readyToIndex=True,,/api/countries/pt/doctors?locale=CS,
doctor:pt:dr-ruben-pereira,doctor,pt,cs,dr-ruben-pereira,readyToIndex=True,,/api/countries/pt/doctors?locale=CS,
doctor:pt:dr-telmo-coelho,doctor,pt,cs,dr-telmo-coelho,readyToIndex=True,,/api/countries/pt/doctors?locale=CS,
doctor:pt:dr-tiago-miguel-figueira,doctor,pt,cs,dr-tiago-miguel-figueira,readyToIndex=True,,/api/countries/pt/doctors?locale=CS,
doctor:pt:dr-vitor-hugo-de-matos-pais,doctor,pt,cs,dr-vitor-hugo-de-matos-pais,readyToIndex=True,,/api/countries/pt/doctors?locale=CS,
service:pt:consulta-medica,service,pt,ro,consulta-medica,isActive=True,,/api/countries/pt/services?locale=RO,kind=GENERAL
service:pt:baixa-medica,service,pt,ro,baixa-medica,isActive=True,,/api/countries/pt/services?locale=RO,kind=GENERAL
service:pt:renovacao-de-tratamento,service,pt,ro,renovacao-de-tratamento,isActive=True,,/api/countries/pt/services?locale=RO,kind=GENERAL
service:pt:consulta-do-viajante,service,pt,ro,consulta-do-viajante,isActive=True,,/api/countries/pt/services?locale=RO,kind=GENERAL
service:pt:certificado-medico-carta-de-conducao,service,pt,ro,certificado-medico-carta-de-conducao,isActive=True,,/api/countries/pt/services?locale=RO,kind=GENERAL
service:pt:perda-de-peso,service,pt,ro,perda-de-peso,isActive=True,,/api/countries/pt/services?locale=RO,kind=GENERAL
service:pt:pediatria-geral,service,pt,ro,pediatria-geral,isActive=True,,/api/countries/pt/services?locale=RO,kind=GENERAL
service:pt:gestao-da-dor,service,pt,ro,gestao-da-dor,isActive=True,,/api/countries/pt/services?locale=RO,kind=GENERAL
service:pt:consulta-dermatologia,service,pt,ro,consulta-dermatologia,isActive=True,,/api/countries/pt/services?locale=RO,kind=GENERAL
service:pt:certificados-medicos,service,pt,ro,certificados-medicos,isActive=True,,/api/countries/pt/services?locale=RO,kind=GENERAL
service:pt:deixar-de-fumar,service,pt,ro,deixar-de-fumar,isActive=True,,/api/countries/pt/services?locale=RO,kind=GENERAL
service:pt:medicina-geral-e-familiar,service,pt,ro,medicina-geral-e-familiar,isActive=True,,/api/countries/pt/services?locale=RO,kind=GENERAL
service:pt:consulta-queda-de-cabelo,service,pt,ro,consulta-queda-de-cabelo,isActive=True,,/api/countries/pt/services?locale=RO,kind=GENERAL
service:pt:saude-da-mulher,service,pt,ro,saude-da-mulher,isActive=True,,/api/countries/pt/services?locale=RO,kind=GENERAL
service:pt:saude-do-homem,service,pt,ro,saude-do-homem,isActive=True,,/api/countries/pt/services?locale=RO,kind=GENERAL
service:pt:saude-mental,service,pt,ro,saude-mental,isActive=True,,/api/countries/pt/services?locale=RO,kind=GENERAL
service:pt:segunda-opiniao-medica,service,pt,ro,segunda-opiniao-medica,isActive=True,,/api/countries/pt/services?locale=RO,kind=GENERAL
service:pt:consulta-de-referenciacao,service,pt,ro,consulta-de-referenciacao,isActive=True,,/api/countries/pt/services?locale=RO,kind=GENERAL
service:pt:consulta-cardiologia,service,pt,ro,consulta-cardiologia,isActive=True,,/api/countries/pt/services?locale=RO,kind=SPECIALIST
service:pt:consulta-de-oncologia,service,pt,ro,consulta-de-oncologia,isActive=True,,/api/countries/pt/services?locale=RO,kind=SPECIALIST
service:pt:consulta-de-pediatria,service,pt,ro,consulta-de-pediatria,isActive=True,,/api/countries/pt/services?locale=RO,kind=SPECIALIST
service:pt:consulta-de-psicologia,service,pt,ro,consulta-de-psicologia,isActive=True,,/api/countries/pt/services?locale=RO,kind=SPECIALIST
service:pt:consulta-de-psiquiatria,service,pt,ro,consulta-de-psiquiatria,isActive=True,,/api/countries/pt/services?locale=RO,kind=SPECIALIST
doctor:pt:beatriz-carvalho,doctor,pt,ro,beatriz-carvalho,readyToIndex=True,,/api/countries/pt/doctors?locale=RO,
doctor:pt:dr-ana-leal-neto,doctor,pt,ro,dr-ana-leal-neto,readyToIndex=True,,/api/countries/pt/doctors?locale=RO,
doctor:pt:dra-ana-varges-gomes,doctor,pt,ro,dra-ana-varges-gomes,readyToIndex=True,,/api/countries/pt/doctors?locale=RO,
doctor:pt:dr-joana-branco-maia,doctor,pt,ro,dr-joana-branco-maia,readyToIndex=True,,/api/countries/pt/doctors?locale=RO,
doctor:pt:dr-margarida-andrade,doctor,pt,ro,dr-margarida-andrade,readyToIndex=True,,/api/countries/pt/doctors?locale=RO,
doctor:pt:dra-nadia-cavaco,doctor,pt,ro,dra-nadia-cavaco,readyToIndex=True,,/api/countries/pt/doctors?locale=RO,
doctor:pt:dr-egas-moura,doctor,pt,ro,dr-egas-moura,readyToIndex=True,,/api/countries/pt/doctors?locale=RO,
doctor:pt:dr-joao-de-oliveira-e-silva,doctor,pt,ro,dr-joao-de-oliveira-e-silva,readyToIndex=True,,/api/countries/pt/doctors?locale=RO,
doctor:pt:dr-lucas-alvarenga-berto,doctor,pt,ro,dr-lucas-alvarenga-berto,readyToIndex=True,,/api/countries/pt/doctors?locale=RO,
doctor:pt:dr-martim-delgado,doctor,pt,ro,dr-martim-delgado,readyToIndex=True,,/api/countries/pt/doctors?locale=RO,
doctor:pt:dr-pedro-santos,doctor,pt,ro,dr-pedro-santos,readyToIndex=True,,/api/countries/pt/doctors?locale=RO,
doctor:pt:dr-ruben-pereira,doctor,pt,ro,dr-ruben-pereira,readyToIndex=True,,/api/countries/pt/doctors?locale=RO,
doctor:pt:dr-telmo-coelho,doctor,pt,ro,dr-telmo-coelho,readyToIndex=True,,/api/countries/pt/doctors?locale=RO,
doctor:pt:dr-tiago-miguel-figueira,doctor,pt,ro,dr-tiago-miguel-figueira,readyToIndex=True,,/api/countries/pt/doctors?locale=RO,
doctor:pt:dr-vitor-hugo-de-matos-pais,doctor,pt,ro,dr-vitor-hugo-de-matos-pais,readyToIndex=True,,/api/countries/pt/doctors?locale=RO,
service:pt:consulta-medica,service,pt,de,consulta-medica,isActive=True,,/api/countries/pt/services?locale=DE,kind=GENERAL
service:pt:baixa-medica,service,pt,de,baixa-medica,isActive=True,,/api/countries/pt/services?locale=DE,kind=GENERAL
service:pt:renovacao-de-tratamento,service,pt,de,renovacao-de-tratamento,isActive=True,,/api/countries/pt/services?locale=DE,kind=GENERAL
service:pt:consulta-do-viajante,service,pt,de,consulta-do-viajante,isActive=True,,/api/countries/pt/services?locale=DE,kind=GENERAL
service:pt:certificado-medico-carta-de-conducao,service,pt,de,certificado-medico-carta-de-conducao,isActive=True,,/api/countries/pt/services?locale=DE,kind=GENERAL
service:pt:perda-de-peso,service,pt,de,perda-de-peso,isActive=True,,/api/countries/pt/services?locale=DE,kind=GENERAL
service:pt:pediatria-geral,service,pt,de,pediatria-geral,isActive=True,,/api/countries/pt/services?locale=DE,kind=GENERAL
service:pt:gestao-da-dor,service,pt,de,gestao-da-dor,isActive=True,,/api/countries/pt/services?locale=DE,kind=GENERAL
service:pt:consulta-dermatologia,service,pt,de,consulta-dermatologia,isActive=True,,/api/countries/pt/services?locale=DE,kind=GENERAL
service:pt:certificados-medicos,service,pt,de,certificados-medicos,isActive=True,,/api/countries/pt/services?locale=DE,kind=GENERAL
service:pt:deixar-de-fumar,service,pt,de,deixar-de-fumar,isActive=True,,/api/countries/pt/services?locale=DE,kind=GENERAL
service:pt:medicina-geral-e-familiar,service,pt,de,medicina-geral-e-familiar,isActive=True,,/api/countries/pt/services?locale=DE,kind=GENERAL
service:pt:consulta-queda-de-cabelo,service,pt,de,consulta-queda-de-cabelo,isActive=True,,/api/countries/pt/services?locale=DE,kind=GENERAL
service:pt:saude-da-mulher,service,pt,de,saude-da-mulher,isActive=True,,/api/countries/pt/services?locale=DE,kind=GENERAL
service:pt:saude-do-homem,service,pt,de,saude-do-homem,isActive=True,,/api/countries/pt/services?locale=DE,kind=GENERAL
service:pt:saude-mental,service,pt,de,saude-mental,isActive=True,,/api/countries/pt/services?locale=DE,kind=GENERAL
service:pt:segunda-opiniao-medica,service,pt,de,segunda-opiniao-medica,isActive=True,,/api/countries/pt/services?locale=DE,kind=GENERAL
service:pt:consulta-de-referenciacao,service,pt,de,consulta-de-referenciacao,isActive=True,,/api/countries/pt/services?locale=DE,kind=GENERAL
service:pt:consulta-cardiologia,service,pt,de,consulta-cardiologia,isActive=True,,/api/countries/pt/services?locale=DE,kind=SPECIALIST
service:pt:consulta-de-oncologia,service,pt,de,consulta-de-oncologia,isActive=True,,/api/countries/pt/services?locale=DE,kind=SPECIALIST
service:pt:consulta-de-pediatria,service,pt,de,consulta-de-pediatria,isActive=True,,/api/countries/pt/services?locale=DE,kind=SPECIALIST
service:pt:consulta-de-psicologia,service,pt,de,consulta-de-psicologia,isActive=True,,/api/countries/pt/services?locale=DE,kind=SPECIALIST
service:pt:consulta-de-psiquiatria,service,pt,de,consulta-de-psiquiatria,isActive=True,,/api/countries/pt/services?locale=DE,kind=SPECIALIST
doctor:pt:beatriz-carvalho,doctor,pt,de,beatriz-carvalho,readyToIndex=True,,/api/countries/pt/doctors?locale=DE,
doctor:pt:dr-ana-leal-neto,doctor,pt,de,dr-ana-leal-neto,readyToIndex=True,,/api/countries/pt/doctors?locale=DE,
doctor:pt:dra-ana-varges-gomes,doctor,pt,de,dra-ana-varges-gomes,readyToIndex=True,,/api/countries/pt/doctors?locale=DE,
doctor:pt:dr-joana-branco-maia,doctor,pt,de,dr-joana-branco-maia,readyToIndex=True,,/api/countries/pt/doctors?locale=DE,
doctor:pt:dr-margarida-andrade,doctor,pt,de,dr-margarida-andrade,readyToIndex=True,,/api/countries/pt/doctors?locale=DE,
doctor:pt:dra-nadia-cavaco,doctor,pt,de,dra-nadia-cavaco,readyToIndex=True,,/api/countries/pt/doctors?locale=DE,
doctor:pt:dr-egas-moura,doctor,pt,de,dr-egas-moura,readyToIndex=True,,/api/countries/pt/doctors?locale=DE,
doctor:pt:dr-joao-de-oliveira-e-silva,doctor,pt,de,dr-joao-de-oliveira-e-silva,readyToIndex=True,,/api/countries/pt/doctors?locale=DE,
doctor:pt:dr-lucas-alvarenga-berto,doctor,pt,de,dr-lucas-alvarenga-berto,readyToIndex=True,,/api/countries/pt/doctors?locale=DE,
doctor:pt:dr-martim-delgado,doctor,pt,de,dr-martim-delgado,readyToIndex=True,,/api/countries/pt/doctors?locale=DE,
doctor:pt:dr-pedro-santos,doctor,pt,de,dr-pedro-santos,readyToIndex=True,,/api/countries/pt/doctors?locale=DE,
doctor:pt:dr-ruben-pereira,doctor,pt,de,dr-ruben-pereira,readyToIndex=True,,/api/countries/pt/doctors?locale=DE,
doctor:pt:dr-telmo-coelho,doctor,pt,de,dr-telmo-coelho,readyToIndex=True,,/api/countries/pt/doctors?locale=DE,
doctor:pt:dr-tiago-miguel-figueira,doctor,pt,de,dr-tiago-miguel-figueira,readyToIndex=True,,/api/countries/pt/doctors?locale=DE,
doctor:pt:dr-vitor-hugo-de-matos-pais,doctor,pt,de,dr-vitor-hugo-de-matos-pais,readyToIndex=True,,/api/countries/pt/doctors?locale=DE,
service:es:consulta-medica-online,service,es,es,consulta-medica-online,isActive=True,,/api/countries/es/services?locale=ES,kind=GENERAL
service:es:justificante-medico-online,service,es,es,justificante-medico-online,isActive=True,,/api/countries/es/services?locale=ES,kind=GENERAL
service:es:renovacion-tratamiento-online,service,es,es,renovacion-tratamiento-online,isActive=True,,/api/countries/es/services?locale=ES,kind=GENERAL
service:es:pediatria-online,service,es,es,pediatria-online,isActive=True,,/api/countries/es/services?locale=ES,kind=GENERAL
service:es:caida-cabello-online,service,es,es,caida-cabello-online,isActive=True,,/api/countries/es/services?locale=ES,kind=GENERAL
service:es:consulta-piel-online,service,es,es,consulta-piel-online,isActive=True,,/api/countries/es/services?locale=ES,kind=GENERAL
service:es:consulta-online-medicina-estetica,service,es,es,consulta-online-medicina-estetica,isActive=True,,/api/countries/es/services?locale=ES,kind=GENERAL
service:es:consulta-salud-vascular-circulatoria,service,es,es,consulta-salud-vascular-circulatoria,isActive=True,,/api/countries/es/services?locale=ES,kind=GENERAL
service:es:control-peso-online,service,es,es,control-peso-online,isActive=True,,/api/countries/es/services?locale=ES,kind=GENERAL
service:es:dejar-de-fumar-online,service,es,es,dejar-de-fumar-online,isActive=True,,/api/countries/es/services?locale=ES,kind=GENERAL
service:es:derivaciones-pruebas-online,service,es,es,derivaciones-pruebas-online,isActive=True,,/api/countries/es/services?locale=ES,kind=GENERAL
service:es:enfermedades-cronicas-online,service,es,es,enfermedades-cronicas-online,isActive=True,,/api/countries/es/services?locale=ES,kind=GENERAL
service:es:medicina-viaje-online,service,es,es,medicina-viaje-online,isActive=True,,/api/countries/es/services?locale=ES,kind=GENERAL
service:es:musculoesqueletico-online,service,es,es,musculoesqueletico-online,isActive=True,,/api/countries/es/services?locale=ES,kind=GENERAL
service:es:salud-femenina-online,service,es,es,salud-femenina-online,isActive=True,,/api/countries/es/services?locale=ES,kind=GENERAL
service:es:salud-masculina-online,service,es,es,salud-masculina-online,isActive=True,,/api/countries/es/services?locale=ES,kind=GENERAL
service:es:salud-mental-online,service,es,es,salud-mental-online,isActive=True,,/api/countries/es/services?locale=ES,kind=GENERAL
service:es:segunda-opinion-medica,service,es,es,segunda-opinion-medica,isActive=True,,/api/countries/es/services?locale=ES,kind=GENERAL
service:es:cardiologo-online,service,es,es,cardiologo-online,isActive=True,,/api/countries/es/services?locale=ES,kind=SPECIALIST
service:es:dermatologia-especialista-online,service,es,es,dermatologia-especialista-online,isActive=True,,/api/countries/es/services?locale=ES,kind=SPECIALIST
service:es:consulta-diagnotico-vascular,service,es,es,consulta-diagnotico-vascular,isActive=True,,/api/countries/es/services?locale=ES,kind=SPECIALIST
service:es:consulta-flebologia-y-linfologia,service,es,es,consulta-flebologia-y-linfologia,isActive=True,,/api/countries/es/services?locale=ES,kind=SPECIALIST
service:es:psicologo-online,service,es,es,psicologo-online,isActive=True,,/api/countries/es/services?locale=ES,kind=SPECIALIST
service:es:psiquiatra-online,service,es,es,psiquiatra-online,isActive=True,,/api/countries/es/services?locale=ES,kind=SPECIALIST
doctor:es:dr-eszter-szilagyi,doctor,es,es,dr-eszter-szilagyi,readyToIndex=True,,/api/countries/es/doctors?locale=ES,
doctor:es:dr-alfredo-del-valle,doctor,es,es,dr-alfredo-del-valle,readyToIndex=True,,/api/countries/es/doctors?locale=ES,
doctor:es:dr-luz-marina-zuluaga-rios,doctor,es,es,dr-luz-marina-zuluaga-rios,readyToIndex=True,,/api/countries/es/doctors?locale=ES,
doctor:es:dr-maria-fernanda-ocampo-mora,doctor,es,es,dr-maria-fernanda-ocampo-mora,readyToIndex=True,,/api/countries/es/doctors?locale=ES,
doctor:es:dr-silvina-irale,doctor,es,es,dr-silvina-irale,readyToIndex=True,,/api/countries/es/doctors?locale=ES,
doctor:es:dr-fabiana-cornejo,doctor,es,es,dr-fabiana-cornejo,readyToIndex=True,,/api/countries/es/doctors?locale=ES,
doctor:es:dr-eduardo-olivas,doctor,es,es,dr-eduardo-olivas,readyToIndex=True,,/api/countries/es/doctors?locale=ES,
doctor:es:dr-fidel-mesa-prado,doctor,es,es,dr-fidel-mesa-prado,readyToIndex=True,,/api/countries/es/doctors?locale=ES,
doctor:es:dr-leandro-wang,doctor,es,es,dr-leandro-wang,readyToIndex=True,,/api/countries/es/doctors?locale=ES,
doctor:es:dr-romulo-brito,doctor,es,es,dr-romulo-brito,readyToIndex=True,,/api/countries/es/doctors?locale=ES,
doctor:es:dr-syed-tahir,doctor,es,es,dr-syed-tahir,readyToIndex=True,,/api/countries/es/doctors?locale=ES,
doctor:es:dr-javier-villarte-betancor,doctor,es,es,dr-javier-villarte-betancor,readyToIndex=True,,/api/countries/es/doctors?locale=ES,
doctor:es:dr-tomas-ruiz-palacios,doctor,es,es,dr-tomas-ruiz-palacios,readyToIndex=True,,/api/countries/es/doctors?locale=ES,
service:es:consulta-medica-online,service,es,en,consulta-medica-online,isActive=True,,/api/countries/es/services?locale=EN,kind=GENERAL
service:es:justificante-medico-online,service,es,en,justificante-medico-online,isActive=True,,/api/countries/es/services?locale=EN,kind=GENERAL
service:es:renovacion-tratamiento-online,service,es,en,renovacion-tratamiento-online,isActive=True,,/api/countries/es/services?locale=EN,kind=GENERAL
service:es:pediatria-online,service,es,en,pediatria-online,isActive=True,,/api/countries/es/services?locale=EN,kind=GENERAL
service:es:caida-cabello-online,service,es,en,caida-cabello-online,isActive=True,,/api/countries/es/services?locale=EN,kind=GENERAL
service:es:consulta-piel-online,service,es,en,consulta-piel-online,isActive=True,,/api/countries/es/services?locale=EN,kind=GENERAL
service:es:consulta-online-medicina-estetica,service,es,en,consulta-online-medicina-estetica,isActive=True,,/api/countries/es/services?locale=EN,kind=GENERAL
service:es:consulta-salud-vascular-circulatoria,service,es,en,consulta-salud-vascular-circulatoria,isActive=True,,/api/countries/es/services?locale=EN,kind=GENERAL
service:es:control-peso-online,service,es,en,control-peso-online,isActive=True,,/api/countries/es/services?locale=EN,kind=GENERAL
service:es:dejar-de-fumar-online,service,es,en,dejar-de-fumar-online,isActive=True,,/api/countries/es/services?locale=EN,kind=GENERAL
service:es:derivaciones-pruebas-online,service,es,en,derivaciones-pruebas-online,isActive=True,,/api/countries/es/services?locale=EN,kind=GENERAL
service:es:enfermedades-cronicas-online,service,es,en,enfermedades-cronicas-online,isActive=True,,/api/countries/es/services?locale=EN,kind=GENERAL
service:es:medicina-viaje-online,service,es,en,medicina-viaje-online,isActive=True,,/api/countries/es/services?locale=EN,kind=GENERAL
service:es:musculoesqueletico-online,service,es,en,musculoesqueletico-online,isActive=True,,/api/countries/es/services?locale=EN,kind=GENERAL
service:es:salud-femenina-online,service,es,en,salud-femenina-online,isActive=True,,/api/countries/es/services?locale=EN,kind=GENERAL
service:es:salud-masculina-online,service,es,en,salud-masculina-online,isActive=True,,/api/countries/es/services?locale=EN,kind=GENERAL
service:es:salud-mental-online,service,es,en,salud-mental-online,isActive=True,,/api/countries/es/services?locale=EN,kind=GENERAL
service:es:segunda-opinion-medica,service,es,en,segunda-opinion-medica,isActive=True,,/api/countries/es/services?locale=EN,kind=GENERAL
service:es:cardiologo-online,service,es,en,cardiologo-online,isActive=True,,/api/countries/es/services?locale=EN,kind=SPECIALIST
service:es:dermatologia-especialista-online,service,es,en,dermatologia-especialista-online,isActive=True,,/api/countries/es/services?locale=EN,kind=SPECIALIST
service:es:consulta-diagnotico-vascular,service,es,en,consulta-diagnotico-vascular,isActive=True,,/api/countries/es/services?locale=EN,kind=SPECIALIST
service:es:consulta-flebologia-y-linfologia,service,es,en,consulta-flebologia-y-linfologia,isActive=True,,/api/countries/es/services?locale=EN,kind=SPECIALIST
service:es:psicologo-online,service,es,en,psicologo-online,isActive=True,,/api/countries/es/services?locale=EN,kind=SPECIALIST
service:es:psiquiatra-online,service,es,en,psiquiatra-online,isActive=True,,/api/countries/es/services?locale=EN,kind=SPECIALIST
doctor:es:dr-eszter-szilagyi,doctor,es,en,dr-eszter-szilagyi,readyToIndex=True,,/api/countries/es/doctors?locale=EN,
doctor:es:dr-alfredo-del-valle,doctor,es,en,dr-alfredo-del-valle,readyToIndex=True,,/api/countries/es/doctors?locale=EN,
doctor:es:dr-luz-marina-zuluaga-rios,doctor,es,en,dr-luz-marina-zuluaga-rios,readyToIndex=True,,/api/countries/es/doctors?locale=EN,
doctor:es:dr-maria-fernanda-ocampo-mora,doctor,es,en,dr-maria-fernanda-ocampo-mora,readyToIndex=True,,/api/countries/es/doctors?locale=EN,
doctor:es:dr-silvina-irale,doctor,es,en,dr-silvina-irale,readyToIndex=True,,/api/countries/es/doctors?locale=EN,
doctor:es:dr-fabiana-cornejo,doctor,es,en,dr-fabiana-cornejo,readyToIndex=True,,/api/countries/es/doctors?locale=EN,
doctor:es:dr-eduardo-olivas,doctor,es,en,dr-eduardo-olivas,readyToIndex=True,,/api/countries/es/doctors?locale=EN,
doctor:es:dr-fidel-mesa-prado,doctor,es,en,dr-fidel-mesa-prado,readyToIndex=True,,/api/countries/es/doctors?locale=EN,
doctor:es:dr-leandro-wang,doctor,es,en,dr-leandro-wang,readyToIndex=True,,/api/countries/es/doctors?locale=EN,
doctor:es:dr-romulo-brito,doctor,es,en,dr-romulo-brito,readyToIndex=True,,/api/countries/es/doctors?locale=EN,
doctor:es:dr-syed-tahir,doctor,es,en,dr-syed-tahir,readyToIndex=True,,/api/countries/es/doctors?locale=EN,
doctor:es:dr-javier-villarte-betancor,doctor,es,en,dr-javier-villarte-betancor,readyToIndex=True,,/api/countries/es/doctors?locale=EN,
doctor:es:dr-tomas-ruiz-palacios,doctor,es,en,dr-tomas-ruiz-palacios,readyToIndex=True,,/api/countries/es/doctors?locale=EN,
service:es:consulta-medica-online,service,es,pt,consulta-medica-online,isActive=True,,/api/countries/es/services?locale=PT,kind=GENERAL
service:es:justificante-medico-online,service,es,pt,justificante-medico-online,isActive=True,,/api/countries/es/services?locale=PT,kind=GENERAL
service:es:renovacion-tratamiento-online,service,es,pt,renovacion-tratamiento-online,isActive=True,,/api/countries/es/services?locale=PT,kind=GENERAL
service:es:pediatria-online,service,es,pt,pediatria-online,isActive=True,,/api/countries/es/services?locale=PT,kind=GENERAL
service:es:caida-cabello-online,service,es,pt,caida-cabello-online,isActive=True,,/api/countries/es/services?locale=PT,kind=GENERAL
service:es:consulta-piel-online,service,es,pt,consulta-piel-online,isActive=True,,/api/countries/es/services?locale=PT,kind=GENERAL
service:es:consulta-online-medicina-estetica,service,es,pt,consulta-online-medicina-estetica,isActive=True,,/api/countries/es/services?locale=PT,kind=GENERAL
service:es:consulta-salud-vascular-circulatoria,service,es,pt,consulta-salud-vascular-circulatoria,isActive=True,,/api/countries/es/services?locale=PT,kind=GENERAL
service:es:control-peso-online,service,es,pt,control-peso-online,isActive=True,,/api/countries/es/services?locale=PT,kind=GENERAL
service:es:dejar-de-fumar-online,service,es,pt,dejar-de-fumar-online,isActive=True,,/api/countries/es/services?locale=PT,kind=GENERAL
service:es:derivaciones-pruebas-online,service,es,pt,derivaciones-pruebas-online,isActive=True,,/api/countries/es/services?locale=PT,kind=GENERAL
service:es:enfermedades-cronicas-online,service,es,pt,enfermedades-cronicas-online,isActive=True,,/api/countries/es/services?locale=PT,kind=GENERAL
service:es:medicina-viaje-online,service,es,pt,medicina-viaje-online,isActive=True,,/api/countries/es/services?locale=PT,kind=GENERAL
service:es:musculoesqueletico-online,service,es,pt,musculoesqueletico-online,isActive=True,,/api/countries/es/services?locale=PT,kind=GENERAL
service:es:salud-femenina-online,service,es,pt,salud-femenina-online,isActive=True,,/api/countries/es/services?locale=PT,kind=GENERAL
service:es:salud-masculina-online,service,es,pt,salud-masculina-online,isActive=True,,/api/countries/es/services?locale=PT,kind=GENERAL
service:es:salud-mental-online,service,es,pt,salud-mental-online,isActive=True,,/api/countries/es/services?locale=PT,kind=GENERAL
service:es:segunda-opinion-medica,service,es,pt,segunda-opinion-medica,isActive=True,,/api/countries/es/services?locale=PT,kind=GENERAL
service:es:cardiologo-online,service,es,pt,cardiologo-online,isActive=True,,/api/countries/es/services?locale=PT,kind=SPECIALIST
service:es:dermatologia-especialista-online,service,es,pt,dermatologia-especialista-online,isActive=True,,/api/countries/es/services?locale=PT,kind=SPECIALIST
service:es:consulta-diagnotico-vascular,service,es,pt,consulta-diagnotico-vascular,isActive=True,,/api/countries/es/services?locale=PT,kind=SPECIALIST
service:es:consulta-flebologia-y-linfologia,service,es,pt,consulta-flebologia-y-linfologia,isActive=True,,/api/countries/es/services?locale=PT,kind=SPECIALIST
service:es:psicologo-online,service,es,pt,psicologo-online,isActive=True,,/api/countries/es/services?locale=PT,kind=SPECIALIST
service:es:psiquiatra-online,service,es,pt,psiquiatra-online,isActive=True,,/api/countries/es/services?locale=PT,kind=SPECIALIST
doctor:es:dr-eszter-szilagyi,doctor,es,pt,dr-eszter-szilagyi,readyToIndex=True,,/api/countries/es/doctors?locale=PT,
doctor:es:dr-alfredo-del-valle,doctor,es,pt,dr-alfredo-del-valle,readyToIndex=True,,/api/countries/es/doctors?locale=PT,
doctor:es:dr-luz-marina-zuluaga-rios,doctor,es,pt,dr-luz-marina-zuluaga-rios,readyToIndex=True,,/api/countries/es/doctors?locale=PT,
doctor:es:dr-maria-fernanda-ocampo-mora,doctor,es,pt,dr-maria-fernanda-ocampo-mora,readyToIndex=True,,/api/countries/es/doctors?locale=PT,
doctor:es:dr-silvina-irale,doctor,es,pt,dr-silvina-irale,readyToIndex=True,,/api/countries/es/doctors?locale=PT,
doctor:es:dr-fabiana-cornejo,doctor,es,pt,dr-fabiana-cornejo,readyToIndex=True,,/api/countries/es/doctors?locale=PT,
doctor:es:dr-eduardo-olivas,doctor,es,pt,dr-eduardo-olivas,readyToIndex=True,,/api/countries/es/doctors?locale=PT,
doctor:es:dr-fidel-mesa-prado,doctor,es,pt,dr-fidel-mesa-prado,readyToIndex=True,,/api/countries/es/doctors?locale=PT,
doctor:es:dr-leandro-wang,doctor,es,pt,dr-leandro-wang,readyToIndex=True,,/api/countries/es/doctors?locale=PT,
doctor:es:dr-romulo-brito,doctor,es,pt,dr-romulo-brito,readyToIndex=True,,/api/countries/es/doctors?locale=PT,
doctor:es:dr-syed-tahir,doctor,es,pt,dr-syed-tahir,readyToIndex=True,,/api/countries/es/doctors?locale=PT,
doctor:es:dr-javier-villarte-betancor,doctor,es,pt,dr-javier-villarte-betancor,readyToIndex=True,,/api/countries/es/doctors?locale=PT,
doctor:es:dr-tomas-ruiz-palacios,doctor,es,pt,dr-tomas-ruiz-palacios,readyToIndex=True,,/api/countries/es/doctors?locale=PT,
service:es:consulta-medica-online,service,es,cs,consulta-medica-online,isActive=True,,/api/countries/es/services?locale=CS,kind=GENERAL
service:es:justificante-medico-online,service,es,cs,justificante-medico-online,isActive=True,,/api/countries/es/services?locale=CS,kind=GENERAL
service:es:renovacion-tratamiento-online,service,es,cs,renovacion-tratamiento-online,isActive=True,,/api/countries/es/services?locale=CS,kind=GENERAL
service:es:pediatria-online,service,es,cs,pediatria-online,isActive=True,,/api/countries/es/services?locale=CS,kind=GENERAL
service:es:caida-cabello-online,service,es,cs,caida-cabello-online,isActive=True,,/api/countries/es/services?locale=CS,kind=GENERAL
service:es:consulta-piel-online,service,es,cs,consulta-piel-online,isActive=True,,/api/countries/es/services?locale=CS,kind=GENERAL
service:es:consulta-online-medicina-estetica,service,es,cs,consulta-online-medicina-estetica,isActive=True,,/api/countries/es/services?locale=CS,kind=GENERAL
service:es:consulta-salud-vascular-circulatoria,service,es,cs,consulta-salud-vascular-circulatoria,isActive=True,,/api/countries/es/services?locale=CS,kind=GENERAL
service:es:control-peso-online,service,es,cs,control-peso-online,isActive=True,,/api/countries/es/services?locale=CS,kind=GENERAL
service:es:dejar-de-fumar-online,service,es,cs,dejar-de-fumar-online,isActive=True,,/api/countries/es/services?locale=CS,kind=GENERAL
service:es:derivaciones-pruebas-online,service,es,cs,derivaciones-pruebas-online,isActive=True,,/api/countries/es/services?locale=CS,kind=GENERAL
service:es:enfermedades-cronicas-online,service,es,cs,enfermedades-cronicas-online,isActive=True,,/api/countries/es/services?locale=CS,kind=GENERAL
service:es:medicina-viaje-online,service,es,cs,medicina-viaje-online,isActive=True,,/api/countries/es/services?locale=CS,kind=GENERAL
service:es:musculoesqueletico-online,service,es,cs,musculoesqueletico-online,isActive=True,,/api/countries/es/services?locale=CS,kind=GENERAL
service:es:salud-femenina-online,service,es,cs,salud-femenina-online,isActive=True,,/api/countries/es/services?locale=CS,kind=GENERAL
service:es:salud-masculina-online,service,es,cs,salud-masculina-online,isActive=True,,/api/countries/es/services?locale=CS,kind=GENERAL
service:es:salud-mental-online,service,es,cs,salud-mental-online,isActive=True,,/api/countries/es/services?locale=CS,kind=GENERAL
service:es:segunda-opinion-medica,service,es,cs,segunda-opinion-medica,isActive=True,,/api/countries/es/services?locale=CS,kind=GENERAL
service:es:cardiologo-online,service,es,cs,cardiologo-online,isActive=True,,/api/countries/es/services?locale=CS,kind=SPECIALIST
service:es:dermatologia-especialista-online,service,es,cs,dermatologia-especialista-online,isActive=True,,/api/countries/es/services?locale=CS,kind=SPECIALIST
service:es:consulta-diagnotico-vascular,service,es,cs,consulta-diagnotico-vascular,isActive=True,,/api/countries/es/services?locale=CS,kind=SPECIALIST
service:es:consulta-flebologia-y-linfologia,service,es,cs,consulta-flebologia-y-linfologia,isActive=True,,/api/countries/es/services?locale=CS,kind=SPECIALIST
service:es:psicologo-online,service,es,cs,psicologo-online,isActive=True,,/api/countries/es/services?locale=CS,kind=SPECIALIST
service:es:psiquiatra-online,service,es,cs,psiquiatra-online,isActive=True,,/api/countries/es/services?locale=CS,kind=SPECIALIST
doctor:es:dr-eszter-szilagyi,doctor,es,cs,dr-eszter-szilagyi,readyToIndex=True,,/api/countries/es/doctors?locale=CS,
doctor:es:dr-alfredo-del-valle,doctor,es,cs,dr-alfredo-del-valle,readyToIndex=True,,/api/countries/es/doctors?locale=CS,
doctor:es:dr-luz-marina-zuluaga-rios,doctor,es,cs,dr-luz-marina-zuluaga-rios,readyToIndex=True,,/api/countries/es/doctors?locale=CS,
doctor:es:dr-maria-fernanda-ocampo-mora,doctor,es,cs,dr-maria-fernanda-ocampo-mora,readyToIndex=True,,/api/countries/es/doctors?locale=CS,
doctor:es:dr-silvina-irale,doctor,es,cs,dr-silvina-irale,readyToIndex=True,,/api/countries/es/doctors?locale=CS,
doctor:es:dr-fabiana-cornejo,doctor,es,cs,dr-fabiana-cornejo,readyToIndex=True,,/api/countries/es/doctors?locale=CS,
doctor:es:dr-eduardo-olivas,doctor,es,cs,dr-eduardo-olivas,readyToIndex=True,,/api/countries/es/doctors?locale=CS,
doctor:es:dr-fidel-mesa-prado,doctor,es,cs,dr-fidel-mesa-prado,readyToIndex=True,,/api/countries/es/doctors?locale=CS,
doctor:es:dr-leandro-wang,doctor,es,cs,dr-leandro-wang,readyToIndex=True,,/api/countries/es/doctors?locale=CS,
doctor:es:dr-romulo-brito,doctor,es,cs,dr-romulo-brito,readyToIndex=True,,/api/countries/es/doctors?locale=CS,
doctor:es:dr-syed-tahir,doctor,es,cs,dr-syed-tahir,readyToIndex=True,,/api/countries/es/doctors?locale=CS,
doctor:es:dr-javier-villarte-betancor,doctor,es,cs,dr-javier-villarte-betancor,readyToIndex=True,,/api/countries/es/doctors?locale=CS,
doctor:es:dr-tomas-ruiz-palacios,doctor,es,cs,dr-tomas-ruiz-palacios,readyToIndex=True,,/api/countries/es/doctors?locale=CS,
service:es:consulta-medica-online,service,es,ro,consulta-medica-online,isActive=True,,/api/countries/es/services?locale=RO,kind=GENERAL
service:es:justificante-medico-online,service,es,ro,justificante-medico-online,isActive=True,,/api/countries/es/services?locale=RO,kind=GENERAL
service:es:renovacion-tratamiento-online,service,es,ro,renovacion-tratamiento-online,isActive=True,,/api/countries/es/services?locale=RO,kind=GENERAL
service:es:pediatria-online,service,es,ro,pediatria-online,isActive=True,,/api/countries/es/services?locale=RO,kind=GENERAL
service:es:caida-cabello-online,service,es,ro,caida-cabello-online,isActive=True,,/api/countries/es/services?locale=RO,kind=GENERAL
service:es:consulta-piel-online,service,es,ro,consulta-piel-online,isActive=True,,/api/countries/es/services?locale=RO,kind=GENERAL
service:es:consulta-online-medicina-estetica,service,es,ro,consulta-online-medicina-estetica,isActive=True,,/api/countries/es/services?locale=RO,kind=GENERAL
service:es:consulta-salud-vascular-circulatoria,service,es,ro,consulta-salud-vascular-circulatoria,isActive=True,,/api/countries/es/services?locale=RO,kind=GENERAL
service:es:control-peso-online,service,es,ro,control-peso-online,isActive=True,,/api/countries/es/services?locale=RO,kind=GENERAL
service:es:dejar-de-fumar-online,service,es,ro,dejar-de-fumar-online,isActive=True,,/api/countries/es/services?locale=RO,kind=GENERAL
service:es:derivaciones-pruebas-online,service,es,ro,derivaciones-pruebas-online,isActive=True,,/api/countries/es/services?locale=RO,kind=GENERAL
service:es:enfermedades-cronicas-online,service,es,ro,enfermedades-cronicas-online,isActive=True,,/api/countries/es/services?locale=RO,kind=GENERAL
service:es:medicina-viaje-online,service,es,ro,medicina-viaje-online,isActive=True,,/api/countries/es/services?locale=RO,kind=GENERAL
service:es:musculoesqueletico-online,service,es,ro,musculoesqueletico-online,isActive=True,,/api/countries/es/services?locale=RO,kind=GENERAL
service:es:salud-femenina-online,service,es,ro,salud-femenina-online,isActive=True,,/api/countries/es/services?locale=RO,kind=GENERAL
service:es:salud-masculina-online,service,es,ro,salud-masculina-online,isActive=True,,/api/countries/es/services?locale=RO,kind=GENERAL
service:es:salud-mental-online,service,es,ro,salud-mental-online,isActive=True,,/api/countries/es/services?locale=RO,kind=GENERAL
service:es:segunda-opinion-medica,service,es,ro,segunda-opinion-medica,isActive=True,,/api/countries/es/services?locale=RO,kind=GENERAL
service:es:cardiologo-online,service,es,ro,cardiologo-online,isActive=True,,/api/countries/es/services?locale=RO,kind=SPECIALIST
service:es:dermatologia-especialista-online,service,es,ro,dermatologia-especialista-online,isActive=True,,/api/countries/es/services?locale=RO,kind=SPECIALIST
service:es:consulta-diagnotico-vascular,service,es,ro,consulta-diagnotico-vascular,isActive=True,,/api/countries/es/services?locale=RO,kind=SPECIALIST
service:es:consulta-flebologia-y-linfologia,service,es,ro,consulta-flebologia-y-linfologia,isActive=True,,/api/countries/es/services?locale=RO,kind=SPECIALIST
service:es:psicologo-online,service,es,ro,psicologo-online,isActive=True,,/api/countries/es/services?locale=RO,kind=SPECIALIST
service:es:psiquiatra-online,service,es,ro,psiquiatra-online,isActive=True,,/api/countries/es/services?locale=RO,kind=SPECIALIST
doctor:es:dr-eszter-szilagyi,doctor,es,ro,dr-eszter-szilagyi,readyToIndex=True,,/api/countries/es/doctors?locale=RO,
doctor:es:dr-alfredo-del-valle,doctor,es,ro,dr-alfredo-del-valle,readyToIndex=True,,/api/countries/es/doctors?locale=RO,
doctor:es:dr-luz-marina-zuluaga-rios,doctor,es,ro,dr-luz-marina-zuluaga-rios,readyToIndex=True,,/api/countries/es/doctors?locale=RO,
doctor:es:dr-maria-fernanda-ocampo-mora,doctor,es,ro,dr-maria-fernanda-ocampo-mora,readyToIndex=True,,/api/countries/es/doctors?locale=RO,
doctor:es:dr-silvina-irale,doctor,es,ro,dr-silvina-irale,readyToIndex=True,,/api/countries/es/doctors?locale=RO,
doctor:es:dr-fabiana-cornejo,doctor,es,ro,dr-fabiana-cornejo,readyToIndex=True,,/api/countries/es/doctors?locale=RO,
doctor:es:dr-eduardo-olivas,doctor,es,ro,dr-eduardo-olivas,readyToIndex=True,,/api/countries/es/doctors?locale=RO,
doctor:es:dr-fidel-mesa-prado,doctor,es,ro,dr-fidel-mesa-prado,readyToIndex=True,,/api/countries/es/doctors?locale=RO,
doctor:es:dr-leandro-wang,doctor,es,ro,dr-leandro-wang,readyToIndex=True,,/api/countries/es/doctors?locale=RO,
doctor:es:dr-romulo-brito,doctor,es,ro,dr-romulo-brito,readyToIndex=True,,/api/countries/es/doctors?locale=RO,
doctor:es:dr-syed-tahir,doctor,es,ro,dr-syed-tahir,readyToIndex=True,,/api/countries/es/doctors?locale=RO,
doctor:es:dr-javier-villarte-betancor,doctor,es,ro,dr-javier-villarte-betancor,readyToIndex=True,,/api/countries/es/doctors?locale=RO,
doctor:es:dr-tomas-ruiz-palacios,doctor,es,ro,dr-tomas-ruiz-palacios,readyToIndex=True,,/api/countries/es/doctors?locale=RO,
service:es:consulta-medica-online,service,es,de,consulta-medica-online,isActive=True,,/api/countries/es/services?locale=DE,kind=GENERAL
service:es:justificante-medico-online,service,es,de,justificante-medico-online,isActive=True,,/api/countries/es/services?locale=DE,kind=GENERAL
service:es:renovacion-tratamiento-online,service,es,de,renovacion-tratamiento-online,isActive=True,,/api/countries/es/services?locale=DE,kind=GENERAL
service:es:pediatria-online,service,es,de,pediatria-online,isActive=True,,/api/countries/es/services?locale=DE,kind=GENERAL
service:es:caida-cabello-online,service,es,de,caida-cabello-online,isActive=True,,/api/countries/es/services?locale=DE,kind=GENERAL
service:es:consulta-piel-online,service,es,de,consulta-piel-online,isActive=True,,/api/countries/es/services?locale=DE,kind=GENERAL
service:es:consulta-online-medicina-estetica,service,es,de,consulta-online-medicina-estetica,isActive=True,,/api/countries/es/services?locale=DE,kind=GENERAL
service:es:consulta-salud-vascular-circulatoria,service,es,de,consulta-salud-vascular-circulatoria,isActive=True,,/api/countries/es/services?locale=DE,kind=GENERAL
service:es:control-peso-online,service,es,de,control-peso-online,isActive=True,,/api/countries/es/services?locale=DE,kind=GENERAL
service:es:dejar-de-fumar-online,service,es,de,dejar-de-fumar-online,isActive=True,,/api/countries/es/services?locale=DE,kind=GENERAL
service:es:derivaciones-pruebas-online,service,es,de,derivaciones-pruebas-online,isActive=True,,/api/countries/es/services?locale=DE,kind=GENERAL
service:es:enfermedades-cronicas-online,service,es,de,enfermedades-cronicas-online,isActive=True,,/api/countries/es/services?locale=DE,kind=GENERAL
service:es:medicina-viaje-online,service,es,de,medicina-viaje-online,isActive=True,,/api/countries/es/services?locale=DE,kind=GENERAL
service:es:musculoesqueletico-online,service,es,de,musculoesqueletico-online,isActive=True,,/api/countries/es/services?locale=DE,kind=GENERAL
service:es:salud-femenina-online,service,es,de,salud-femenina-online,isActive=True,,/api/countries/es/services?locale=DE,kind=GENERAL
service:es:salud-masculina-online,service,es,de,salud-masculina-online,isActive=True,,/api/countries/es/services?locale=DE,kind=GENERAL
service:es:salud-mental-online,service,es,de,salud-mental-online,isActive=True,,/api/countries/es/services?locale=DE,kind=GENERAL
service:es:segunda-opinion-medica,service,es,de,segunda-opinion-medica,isActive=True,,/api/countries/es/services?locale=DE,kind=GENERAL
service:es:cardiologo-online,service,es,de,cardiologo-online,isActive=True,,/api/countries/es/services?locale=DE,kind=SPECIALIST
service:es:dermatologia-especialista-online,service,es,de,dermatologia-especialista-online,isActive=True,,/api/countries/es/services?locale=DE,kind=SPECIALIST
service:es:consulta-diagnotico-vascular,service,es,de,consulta-diagnotico-vascular,isActive=True,,/api/countries/es/services?locale=DE,kind=SPECIALIST
service:es:consulta-flebologia-y-linfologia,service,es,de,consulta-flebologia-y-linfologia,isActive=True,,/api/countries/es/services?locale=DE,kind=SPECIALIST
service:es:psicologo-online,service,es,de,psicologo-online,isActive=True,,/api/countries/es/services?locale=DE,kind=SPECIALIST
service:es:psiquiatra-online,service,es,de,psiquiatra-online,isActive=True,,/api/countries/es/services?locale=DE,kind=SPECIALIST
doctor:es:dr-eszter-szilagyi,doctor,es,de,dr-eszter-szilagyi,readyToIndex=True,,/api/countries/es/doctors?locale=DE,
doctor:es:dr-alfredo-del-valle,doctor,es,de,dr-alfredo-del-valle,readyToIndex=True,,/api/countries/es/doctors?locale=DE,
doctor:es:dr-luz-marina-zuluaga-rios,doctor,es,de,dr-luz-marina-zuluaga-rios,readyToIndex=True,,/api/countries/es/doctors?locale=DE,
doctor:es:dr-maria-fernanda-ocampo-mora,doctor,es,de,dr-maria-fernanda-ocampo-mora,readyToIndex=True,,/api/countries/es/doctors?locale=DE,
doctor:es:dr-silvina-irale,doctor,es,de,dr-silvina-irale,readyToIndex=True,,/api/countries/es/doctors?locale=DE,
doctor:es:dr-fabiana-cornejo,doctor,es,de,dr-fabiana-cornejo,readyToIndex=True,,/api/countries/es/doctors?locale=DE,
doctor:es:dr-eduardo-olivas,doctor,es,de,dr-eduardo-olivas,readyToIndex=True,,/api/countries/es/doctors?locale=DE,
doctor:es:dr-fidel-mesa-prado,doctor,es,de,dr-fidel-mesa-prado,readyToIndex=True,,/api/countries/es/doctors?locale=DE,
doctor:es:dr-leandro-wang,doctor,es,de,dr-leandro-wang,readyToIndex=True,,/api/countries/es/doctors?locale=DE,
doctor:es:dr-romulo-brito,doctor,es,de,dr-romulo-brito,readyToIndex=True,,/api/countries/es/doctors?locale=DE,
doctor:es:dr-syed-tahir,doctor,es,de,dr-syed-tahir,readyToIndex=True,,/api/countries/es/doctors?locale=DE,
doctor:es:dr-javier-villarte-betancor,doctor,es,de,dr-javier-villarte-betancor,readyToIndex=True,,/api/countries/es/doctors?locale=DE,
doctor:es:dr-tomas-ruiz-palacios,doctor,es,de,dr-tomas-ruiz-palacios,readyToIndex=True,,/api/countries/es/doctors?locale=DE,
service:ro:medic-online-romania,service,ro,ro,medic-online-romania,isActive=True,,/api/countries/ro/services?locale=RO,kind=GENERAL
service:ro:reinnoire-tratament,service,ro,ro,reinnoire-tratament,isActive=True,,/api/countries/ro/services?locale=RO,kind=GENERAL
service:ro:medic-pediatru-online,service,ro,ro,medic-pediatru-online,isActive=True,,/api/countries/ro/services?locale=RO,kind=GENERAL
service:ro:a-doua-opinie-medicala,service,ro,ro,a-doua-opinie-medicala,isActive=True,,/api/countries/ro/services?locale=RO,kind=GENERAL
service:ro:medicina-calatoriei,service,ro,ro,medicina-calatoriei,isActive=True,,/api/countries/ro/services?locale=RO,kind=GENERAL
service:ro:consultatie-dermatologica,service,ro,ro,consultatie-dermatologica,isActive=True,,/api/countries/ro/services?locale=RO,kind=GENERAL
service:ro:caderea-parului-online,service,ro,ro,caderea-parului-online,isActive=True,,/api/countries/ro/services?locale=RO,kind=GENERAL
service:ro:dureri-musculo-scheletice,service,ro,ro,dureri-musculo-scheletice,isActive=True,,/api/countries/ro/services?locale=RO,kind=GENERAL
service:ro:sanatate-mintala-online,service,ro,ro,sanatate-mintala-online,isActive=True,,/api/countries/ro/services?locale=RO,kind=GENERAL
service:ro:boli-cronice-online,service,ro,ro,boli-cronice-online,isActive=True,,/api/countries/ro/services?locale=RO,kind=GENERAL
service:ro:controlul-greutatii,service,ro,ro,controlul-greutatii,isActive=True,,/api/countries/ro/services?locale=RO,kind=GENERAL
service:ro:sanatatea-barbatului-online,service,ro,ro,sanatatea-barbatului-online,isActive=True,,/api/countries/ro/services?locale=RO,kind=GENERAL
service:ro:sanatatea-femeii-online,service,ro,ro,sanatatea-femeii-online,isActive=True,,/api/countries/ro/services?locale=RO,kind=GENERAL
service:ro:trimiteri-si-investigatii,service,ro,ro,trimiteri-si-investigatii,isActive=True,,/api/countries/ro/services?locale=RO,kind=GENERAL
service:ro:consultatie-pediatrie,service,ro,ro,consultatie-pediatrie,isActive=True,,/api/countries/ro/services?locale=RO,kind=SPECIALIST
service:ro:consultatie-neurologie,service,ro,ro,consultatie-neurologie,isActive=True,,/api/countries/ro/services?locale=RO,kind=SPECIALIST
service:ro:evaluare-durere,service,ro,ro,evaluare-durere,isActive=True,,/api/countries/ro/services?locale=RO,kind=SPECIALIST
doctor:ro:dr-alexandra-palaga,doctor,ro,ro,dr-alexandra-palaga,readyToIndex=True,,/api/countries/ro/doctors?locale=RO,
doctor:ro:dr-andreea-lorena-bica,doctor,ro,ro,dr-andreea-lorena-bica,readyToIndex=True,,/api/countries/ro/doctors?locale=RO,
doctor:ro:dr-robert-gabriel-brindus,doctor,ro,ro,dr-robert-gabriel-brindus,readyToIndex=True,,/api/countries/ro/doctors?locale=RO,
service:ro:medic-online-romania,service,ro,en,medic-online-romania,isActive=True,,/api/countries/ro/services?locale=EN,kind=GENERAL
service:ro:reinnoire-tratament,service,ro,en,reinnoire-tratament,isActive=True,,/api/countries/ro/services?locale=EN,kind=GENERAL
service:ro:medic-pediatru-online,service,ro,en,medic-pediatru-online,isActive=True,,/api/countries/ro/services?locale=EN,kind=GENERAL
service:ro:a-doua-opinie-medicala,service,ro,en,a-doua-opinie-medicala,isActive=True,,/api/countries/ro/services?locale=EN,kind=GENERAL
service:ro:medicina-calatoriei,service,ro,en,medicina-calatoriei,isActive=True,,/api/countries/ro/services?locale=EN,kind=GENERAL
service:ro:consultatie-dermatologica,service,ro,en,consultatie-dermatologica,isActive=True,,/api/countries/ro/services?locale=EN,kind=GENERAL
service:ro:caderea-parului-online,service,ro,en,caderea-parului-online,isActive=True,,/api/countries/ro/services?locale=EN,kind=GENERAL
service:ro:dureri-musculo-scheletice,service,ro,en,dureri-musculo-scheletice,isActive=True,,/api/countries/ro/services?locale=EN,kind=GENERAL
service:ro:sanatate-mintala-online,service,ro,en,sanatate-mintala-online,isActive=True,,/api/countries/ro/services?locale=EN,kind=GENERAL
service:ro:boli-cronice-online,service,ro,en,boli-cronice-online,isActive=True,,/api/countries/ro/services?locale=EN,kind=GENERAL
service:ro:controlul-greutatii,service,ro,en,controlul-greutatii,isActive=True,,/api/countries/ro/services?locale=EN,kind=GENERAL
service:ro:sanatatea-barbatului-online,service,ro,en,sanatatea-barbatului-online,isActive=True,,/api/countries/ro/services?locale=EN,kind=GENERAL
service:ro:sanatatea-femeii-online,service,ro,en,sanatatea-femeii-online,isActive=True,,/api/countries/ro/services?locale=EN,kind=GENERAL
service:ro:trimiteri-si-investigatii,service,ro,en,trimiteri-si-investigatii,isActive=True,,/api/countries/ro/services?locale=EN,kind=GENERAL
service:ro:consultatie-pediatrie,service,ro,en,consultatie-pediatrie,isActive=True,,/api/countries/ro/services?locale=EN,kind=SPECIALIST
service:ro:consultatie-neurologie,service,ro,en,consultatie-neurologie,isActive=True,,/api/countries/ro/services?locale=EN,kind=SPECIALIST
service:ro:evaluare-durere,service,ro,en,evaluare-durere,isActive=True,,/api/countries/ro/services?locale=EN,kind=SPECIALIST
doctor:ro:dr-alexandra-palaga,doctor,ro,en,dr-alexandra-palaga,readyToIndex=True,,/api/countries/ro/doctors?locale=EN,
doctor:ro:dr-andreea-lorena-bica,doctor,ro,en,dr-andreea-lorena-bica,readyToIndex=True,,/api/countries/ro/doctors?locale=EN,
doctor:ro:dr-robert-gabriel-brindus,doctor,ro,en,dr-robert-gabriel-brindus,readyToIndex=True,,/api/countries/ro/doctors?locale=EN,
service:ro:medic-online-romania,service,ro,pt,medic-online-romania,isActive=True,,/api/countries/ro/services?locale=PT,kind=GENERAL
service:ro:reinnoire-tratament,service,ro,pt,reinnoire-tratament,isActive=True,,/api/countries/ro/services?locale=PT,kind=GENERAL
service:ro:medic-pediatru-online,service,ro,pt,medic-pediatru-online,isActive=True,,/api/countries/ro/services?locale=PT,kind=GENERAL
service:ro:a-doua-opinie-medicala,service,ro,pt,a-doua-opinie-medicala,isActive=True,,/api/countries/ro/services?locale=PT,kind=GENERAL
service:ro:medicina-calatoriei,service,ro,pt,medicina-calatoriei,isActive=True,,/api/countries/ro/services?locale=PT,kind=GENERAL
service:ro:consultatie-dermatologica,service,ro,pt,consultatie-dermatologica,isActive=True,,/api/countries/ro/services?locale=PT,kind=GENERAL
service:ro:caderea-parului-online,service,ro,pt,caderea-parului-online,isActive=True,,/api/countries/ro/services?locale=PT,kind=GENERAL
service:ro:dureri-musculo-scheletice,service,ro,pt,dureri-musculo-scheletice,isActive=True,,/api/countries/ro/services?locale=PT,kind=GENERAL
service:ro:sanatate-mintala-online,service,ro,pt,sanatate-mintala-online,isActive=True,,/api/countries/ro/services?locale=PT,kind=GENERAL
service:ro:boli-cronice-online,service,ro,pt,boli-cronice-online,isActive=True,,/api/countries/ro/services?locale=PT,kind=GENERAL
service:ro:controlul-greutatii,service,ro,pt,controlul-greutatii,isActive=True,,/api/countries/ro/services?locale=PT,kind=GENERAL
service:ro:sanatatea-barbatului-online,service,ro,pt,sanatatea-barbatului-online,isActive=True,,/api/countries/ro/services?locale=PT,kind=GENERAL
service:ro:sanatatea-femeii-online,service,ro,pt,sanatatea-femeii-online,isActive=True,,/api/countries/ro/services?locale=PT,kind=GENERAL
service:ro:trimiteri-si-investigatii,service,ro,pt,trimiteri-si-investigatii,isActive=True,,/api/countries/ro/services?locale=PT,kind=GENERAL
service:ro:consultatie-pediatrie,service,ro,pt,consultatie-pediatrie,isActive=True,,/api/countries/ro/services?locale=PT,kind=SPECIALIST
service:ro:consultatie-neurologie,service,ro,pt,consultatie-neurologie,isActive=True,,/api/countries/ro/services?locale=PT,kind=SPECIALIST
service:ro:evaluare-durere,service,ro,pt,evaluare-durere,isActive=True,,/api/countries/ro/services?locale=PT,kind=SPECIALIST
doctor:ro:dr-alexandra-palaga,doctor,ro,pt,dr-alexandra-palaga,readyToIndex=True,,/api/countries/ro/doctors?locale=PT,
doctor:ro:dr-andreea-lorena-bica,doctor,ro,pt,dr-andreea-lorena-bica,readyToIndex=True,,/api/countries/ro/doctors?locale=PT,
doctor:ro:dr-robert-gabriel-brindus,doctor,ro,pt,dr-robert-gabriel-brindus,readyToIndex=True,,/api/countries/ro/doctors?locale=PT,
service:ro:medic-online-romania,service,ro,es,medic-online-romania,isActive=True,,/api/countries/ro/services?locale=ES,kind=GENERAL
service:ro:reinnoire-tratament,service,ro,es,reinnoire-tratament,isActive=True,,/api/countries/ro/services?locale=ES,kind=GENERAL
service:ro:medic-pediatru-online,service,ro,es,medic-pediatru-online,isActive=True,,/api/countries/ro/services?locale=ES,kind=GENERAL
service:ro:a-doua-opinie-medicala,service,ro,es,a-doua-opinie-medicala,isActive=True,,/api/countries/ro/services?locale=ES,kind=GENERAL
service:ro:medicina-calatoriei,service,ro,es,medicina-calatoriei,isActive=True,,/api/countries/ro/services?locale=ES,kind=GENERAL
service:ro:consultatie-dermatologica,service,ro,es,consultatie-dermatologica,isActive=True,,/api/countries/ro/services?locale=ES,kind=GENERAL
service:ro:caderea-parului-online,service,ro,es,caderea-parului-online,isActive=True,,/api/countries/ro/services?locale=ES,kind=GENERAL
service:ro:dureri-musculo-scheletice,service,ro,es,dureri-musculo-scheletice,isActive=True,,/api/countries/ro/services?locale=ES,kind=GENERAL
service:ro:sanatate-mintala-online,service,ro,es,sanatate-mintala-online,isActive=True,,/api/countries/ro/services?locale=ES,kind=GENERAL
service:ro:boli-cronice-online,service,ro,es,boli-cronice-online,isActive=True,,/api/countries/ro/services?locale=ES,kind=GENERAL
service:ro:controlul-greutatii,service,ro,es,controlul-greutatii,isActive=True,,/api/countries/ro/services?locale=ES,kind=GENERAL
service:ro:sanatatea-barbatului-online,service,ro,es,sanatatea-barbatului-online,isActive=True,,/api/countries/ro/services?locale=ES,kind=GENERAL
service:ro:sanatatea-femeii-online,service,ro,es,sanatatea-femeii-online,isActive=True,,/api/countries/ro/services?locale=ES,kind=GENERAL
service:ro:trimiteri-si-investigatii,service,ro,es,trimiteri-si-investigatii,isActive=True,,/api/countries/ro/services?locale=ES,kind=GENERAL
service:ro:consultatie-pediatrie,service,ro,es,consultatie-pediatrie,isActive=True,,/api/countries/ro/services?locale=ES,kind=SPECIALIST
service:ro:consultatie-neurologie,service,ro,es,consultatie-neurologie,isActive=True,,/api/countries/ro/services?locale=ES,kind=SPECIALIST
service:ro:evaluare-durere,service,ro,es,evaluare-durere,isActive=True,,/api/countries/ro/services?locale=ES,kind=SPECIALIST
doctor:ro:dr-alexandra-palaga,doctor,ro,es,dr-alexandra-palaga,readyToIndex=True,,/api/countries/ro/doctors?locale=ES,
doctor:ro:dr-andreea-lorena-bica,doctor,ro,es,dr-andreea-lorena-bica,readyToIndex=True,,/api/countries/ro/doctors?locale=ES,
doctor:ro:dr-robert-gabriel-brindus,doctor,ro,es,dr-robert-gabriel-brindus,readyToIndex=True,,/api/countries/ro/doctors?locale=ES,
service:ro:medic-online-romania,service,ro,cs,medic-online-romania,isActive=True,,/api/countries/ro/services?locale=CS,kind=GENERAL
service:ro:reinnoire-tratament,service,ro,cs,reinnoire-tratament,isActive=True,,/api/countries/ro/services?locale=CS,kind=GENERAL
service:ro:medic-pediatru-online,service,ro,cs,medic-pediatru-online,isActive=True,,/api/countries/ro/services?locale=CS,kind=GENERAL
service:ro:a-doua-opinie-medicala,service,ro,cs,a-doua-opinie-medicala,isActive=True,,/api/countries/ro/services?locale=CS,kind=GENERAL
service:ro:medicina-calatoriei,service,ro,cs,medicina-calatoriei,isActive=True,,/api/countries/ro/services?locale=CS,kind=GENERAL
service:ro:consultatie-dermatologica,service,ro,cs,consultatie-dermatologica,isActive=True,,/api/countries/ro/services?locale=CS,kind=GENERAL
service:ro:caderea-parului-online,service,ro,cs,caderea-parului-online,isActive=True,,/api/countries/ro/services?locale=CS,kind=GENERAL
service:ro:dureri-musculo-scheletice,service,ro,cs,dureri-musculo-scheletice,isActive=True,,/api/countries/ro/services?locale=CS,kind=GENERAL
service:ro:sanatate-mintala-online,service,ro,cs,sanatate-mintala-online,isActive=True,,/api/countries/ro/services?locale=CS,kind=GENERAL
service:ro:boli-cronice-online,service,ro,cs,boli-cronice-online,isActive=True,,/api/countries/ro/services?locale=CS,kind=GENERAL
service:ro:controlul-greutatii,service,ro,cs,controlul-greutatii,isActive=True,,/api/countries/ro/services?locale=CS,kind=GENERAL
service:ro:sanatatea-barbatului-online,service,ro,cs,sanatatea-barbatului-online,isActive=True,,/api/countries/ro/services?locale=CS,kind=GENERAL
service:ro:sanatatea-femeii-online,service,ro,cs,sanatatea-femeii-online,isActive=True,,/api/countries/ro/services?locale=CS,kind=GENERAL
service:ro:trimiteri-si-investigatii,service,ro,cs,trimiteri-si-investigatii,isActive=True,,/api/countries/ro/services?locale=CS,kind=GENERAL
service:ro:consultatie-pediatrie,service,ro,cs,consultatie-pediatrie,isActive=True,,/api/countries/ro/services?locale=CS,kind=SPECIALIST
service:ro:consultatie-neurologie,service,ro,cs,consultatie-neurologie,isActive=True,,/api/countries/ro/services?locale=CS,kind=SPECIALIST
service:ro:evaluare-durere,service,ro,cs,evaluare-durere,isActive=True,,/api/countries/ro/services?locale=CS,kind=SPECIALIST
doctor:ro:dr-alexandra-palaga,doctor,ro,cs,dr-alexandra-palaga,readyToIndex=True,,/api/countries/ro/doctors?locale=CS,
doctor:ro:dr-andreea-lorena-bica,doctor,ro,cs,dr-andreea-lorena-bica,readyToIndex=True,,/api/countries/ro/doctors?locale=CS,
doctor:ro:dr-robert-gabriel-brindus,doctor,ro,cs,dr-robert-gabriel-brindus,readyToIndex=True,,/api/countries/ro/doctors?locale=CS,
service:ro:medic-online-romania,service,ro,de,medic-online-romania,isActive=True,,/api/countries/ro/services?locale=DE,kind=GENERAL
service:ro:reinnoire-tratament,service,ro,de,reinnoire-tratament,isActive=True,,/api/countries/ro/services?locale=DE,kind=GENERAL
service:ro:medic-pediatru-online,service,ro,de,medic-pediatru-online,isActive=True,,/api/countries/ro/services?locale=DE,kind=GENERAL
service:ro:a-doua-opinie-medicala,service,ro,de,a-doua-opinie-medicala,isActive=True,,/api/countries/ro/services?locale=DE,kind=GENERAL
service:ro:medicina-calatoriei,service,ro,de,medicina-calatoriei,isActive=True,,/api/countries/ro/services?locale=DE,kind=GENERAL
service:ro:consultatie-dermatologica,service,ro,de,consultatie-dermatologica,isActive=True,,/api/countries/ro/services?locale=DE,kind=GENERAL
service:ro:caderea-parului-online,service,ro,de,caderea-parului-online,isActive=True,,/api/countries/ro/services?locale=DE,kind=GENERAL
service:ro:dureri-musculo-scheletice,service,ro,de,dureri-musculo-scheletice,isActive=True,,/api/countries/ro/services?locale=DE,kind=GENERAL
service:ro:sanatate-mintala-online,service,ro,de,sanatate-mintala-online,isActive=True,,/api/countries/ro/services?locale=DE,kind=GENERAL
service:ro:boli-cronice-online,service,ro,de,boli-cronice-online,isActive=True,,/api/countries/ro/services?locale=DE,kind=GENERAL
service:ro:controlul-greutatii,service,ro,de,controlul-greutatii,isActive=True,,/api/countries/ro/services?locale=DE,kind=GENERAL
service:ro:sanatatea-barbatului-online,service,ro,de,sanatatea-barbatului-online,isActive=True,,/api/countries/ro/services?locale=DE,kind=GENERAL
service:ro:sanatatea-femeii-online,service,ro,de,sanatatea-femeii-online,isActive=True,,/api/countries/ro/services?locale=DE,kind=GENERAL
service:ro:trimiteri-si-investigatii,service,ro,de,trimiteri-si-investigatii,isActive=True,,/api/countries/ro/services?locale=DE,kind=GENERAL
service:ro:consultatie-pediatrie,service,ro,de,consultatie-pediatrie,isActive=True,,/api/countries/ro/services?locale=DE,kind=SPECIALIST
service:ro:consultatie-neurologie,service,ro,de,consultatie-neurologie,isActive=True,,/api/countries/ro/services?locale=DE,kind=SPECIALIST
service:ro:evaluare-durere,service,ro,de,evaluare-durere,isActive=True,,/api/countries/ro/services?locale=DE,kind=SPECIALIST
doctor:ro:dr-alexandra-palaga,doctor,ro,de,dr-alexandra-palaga,readyToIndex=True,,/api/countries/ro/doctors?locale=DE,
doctor:ro:dr-andreea-lorena-bica,doctor,ro,de,dr-andreea-lorena-bica,readyToIndex=True,,/api/countries/ro/doctors?locale=DE,
doctor:ro:dr-robert-gabriel-brindus,doctor,ro,de,dr-robert-gabriel-brindus,readyToIndex=True,,/api/countries/ro/doctors?locale=DE,
service:br:consulta-clinica-online,service,br,pt,consulta-clinica-online,isActive=True,,/api/countries/br/services?locale=PT,kind=GENERAL
service:br:atestado-medico-online,service,br,pt,atestado-medico-online,isActive=True,,/api/countries/br/services?locale=PT,kind=GENERAL
service:br:consulta-pele-online,service,br,pt,consulta-pele-online,isActive=True,,/api/countries/br/services?locale=PT,kind=GENERAL
service:br:pediatria-online,service,br,pt,pediatria-online,isActive=True,,/api/countries/br/services?locale=PT,kind=GENERAL
service:br:controle-peso-online,service,br,pt,controle-peso-online,isActive=True,,/api/countries/br/services?locale=PT,kind=GENERAL
service:br:doencas-cronicas-online,service,br,pt,doencas-cronicas-online,isActive=True,,/api/countries/br/services?locale=PT,kind=GENERAL
service:br:musculoesqueletico-online,service,br,pt,musculoesqueletico-online,isActive=True,,/api/countries/br/services?locale=PT,kind=GENERAL
service:br:parar-de-fumar-online,service,br,pt,parar-de-fumar-online,isActive=True,,/api/countries/br/services?locale=PT,kind=GENERAL
service:br:renovacao-receita-online,service,br,pt,renovacao-receita-online,isActive=True,,/api/countries/br/services?locale=PT,kind=GENERAL
service:br:queda-cabelo-online,service,br,pt,queda-cabelo-online,isActive=True,,/api/countries/br/services?locale=PT,kind=GENERAL
service:br:saude-da-mulher-online,service,br,pt,saude-da-mulher-online,isActive=True,,/api/countries/br/services?locale=PT,kind=GENERAL
service:br:saude-viagem-online,service,br,pt,saude-viagem-online,isActive=True,,/api/countries/br/services?locale=PT,kind=GENERAL
service:br:saude-do-homem-online,service,br,pt,saude-do-homem-online,isActive=True,,/api/countries/br/services?locale=PT,kind=GENERAL
service:br:saude-idoso-online,service,br,pt,saude-idoso-online,isActive=True,,/api/countries/br/services?locale=PT,kind=GENERAL
service:br:saude-mental-online,service,br,pt,saude-mental-online,isActive=True,,/api/countries/br/services?locale=PT,kind=GENERAL
service:br:saude-sexual-ist-online,service,br,pt,saude-sexual-ist-online,isActive=True,,/api/countries/br/services?locale=PT,kind=GENERAL
service:br:segunda-opiniao-medica,service,br,pt,segunda-opiniao-medica,isActive=True,,/api/countries/br/services?locale=PT,kind=GENERAL
service:br:solicitacao-exames-online,service,br,pt,solicitacao-exames-online,isActive=True,,/api/countries/br/services?locale=PT,kind=GENERAL
doctor:br:dr-renato-sarmento,doctor,br,pt,dr-renato-sarmento,readyToIndex=True,,/api/countries/br/doctors?locale=PT,
service:br:consulta-clinica-online,service,br,en,consulta-clinica-online,isActive=True,,/api/countries/br/services?locale=EN,kind=GENERAL
service:br:atestado-medico-online,service,br,en,atestado-medico-online,isActive=True,,/api/countries/br/services?locale=EN,kind=GENERAL
service:br:consulta-pele-online,service,br,en,consulta-pele-online,isActive=True,,/api/countries/br/services?locale=EN,kind=GENERAL
service:br:pediatria-online,service,br,en,pediatria-online,isActive=True,,/api/countries/br/services?locale=EN,kind=GENERAL
service:br:controle-peso-online,service,br,en,controle-peso-online,isActive=True,,/api/countries/br/services?locale=EN,kind=GENERAL
service:br:doencas-cronicas-online,service,br,en,doencas-cronicas-online,isActive=True,,/api/countries/br/services?locale=EN,kind=GENERAL
service:br:musculoesqueletico-online,service,br,en,musculoesqueletico-online,isActive=True,,/api/countries/br/services?locale=EN,kind=GENERAL
service:br:parar-de-fumar-online,service,br,en,parar-de-fumar-online,isActive=True,,/api/countries/br/services?locale=EN,kind=GENERAL
service:br:renovacao-receita-online,service,br,en,renovacao-receita-online,isActive=True,,/api/countries/br/services?locale=EN,kind=GENERAL
service:br:queda-cabelo-online,service,br,en,queda-cabelo-online,isActive=True,,/api/countries/br/services?locale=EN,kind=GENERAL
service:br:saude-da-mulher-online,service,br,en,saude-da-mulher-online,isActive=True,,/api/countries/br/services?locale=EN,kind=GENERAL
service:br:saude-viagem-online,service,br,en,saude-viagem-online,isActive=True,,/api/countries/br/services?locale=EN,kind=GENERAL
service:br:saude-do-homem-online,service,br,en,saude-do-homem-online,isActive=True,,/api/countries/br/services?locale=EN,kind=GENERAL
service:br:saude-idoso-online,service,br,en,saude-idoso-online,isActive=True,,/api/countries/br/services?locale=EN,kind=GENERAL
service:br:saude-mental-online,service,br,en,saude-mental-online,isActive=True,,/api/countries/br/services?locale=EN,kind=GENERAL
service:br:saude-sexual-ist-online,service,br,en,saude-sexual-ist-online,isActive=True,,/api/countries/br/services?locale=EN,kind=GENERAL
service:br:segunda-opiniao-medica,service,br,en,segunda-opiniao-medica,isActive=True,,/api/countries/br/services?locale=EN,kind=GENERAL
service:br:solicitacao-exames-online,service,br,en,solicitacao-exames-online,isActive=True,,/api/countries/br/services?locale=EN,kind=GENERAL
doctor:br:dr-renato-sarmento,doctor,br,en,dr-renato-sarmento,readyToIndex=True,,/api/countries/br/doctors?locale=EN,
service:br:consulta-clinica-online,service,br,es,consulta-clinica-online,isActive=True,,/api/countries/br/services?locale=ES,kind=GENERAL
service:br:atestado-medico-online,service,br,es,atestado-medico-online,isActive=True,,/api/countries/br/services?locale=ES,kind=GENERAL
service:br:consulta-pele-online,service,br,es,consulta-pele-online,isActive=True,,/api/countries/br/services?locale=ES,kind=GENERAL
service:br:pediatria-online,service,br,es,pediatria-online,isActive=True,,/api/countries/br/services?locale=ES,kind=GENERAL
service:br:controle-peso-online,service,br,es,controle-peso-online,isActive=True,,/api/countries/br/services?locale=ES,kind=GENERAL
service:br:doencas-cronicas-online,service,br,es,doencas-cronicas-online,isActive=True,,/api/countries/br/services?locale=ES,kind=GENERAL
service:br:musculoesqueletico-online,service,br,es,musculoesqueletico-online,isActive=True,,/api/countries/br/services?locale=ES,kind=GENERAL
service:br:parar-de-fumar-online,service,br,es,parar-de-fumar-online,isActive=True,,/api/countries/br/services?locale=ES,kind=GENERAL
service:br:renovacao-receita-online,service,br,es,renovacao-receita-online,isActive=True,,/api/countries/br/services?locale=ES,kind=GENERAL
service:br:queda-cabelo-online,service,br,es,queda-cabelo-online,isActive=True,,/api/countries/br/services?locale=ES,kind=GENERAL
service:br:saude-da-mulher-online,service,br,es,saude-da-mulher-online,isActive=True,,/api/countries/br/services?locale=ES,kind=GENERAL
service:br:saude-viagem-online,service,br,es,saude-viagem-online,isActive=True,,/api/countries/br/services?locale=ES,kind=GENERAL
service:br:saude-do-homem-online,service,br,es,saude-do-homem-online,isActive=True,,/api/countries/br/services?locale=ES,kind=GENERAL
service:br:saude-idoso-online,service,br,es,saude-idoso-online,isActive=True,,/api/countries/br/services?locale=ES,kind=GENERAL
service:br:saude-mental-online,service,br,es,saude-mental-online,isActive=True,,/api/countries/br/services?locale=ES,kind=GENERAL
service:br:saude-sexual-ist-online,service,br,es,saude-sexual-ist-online,isActive=True,,/api/countries/br/services?locale=ES,kind=GENERAL
service:br:segunda-opiniao-medica,service,br,es,segunda-opiniao-medica,isActive=True,,/api/countries/br/services?locale=ES,kind=GENERAL
service:br:solicitacao-exames-online,service,br,es,solicitacao-exames-online,isActive=True,,/api/countries/br/services?locale=ES,kind=GENERAL
doctor:br:dr-renato-sarmento,doctor,br,es,dr-renato-sarmento,readyToIndex=True,,/api/countries/br/doctors?locale=ES,
