"domain","url","title","ranking_keyword_count","best_position","estimated_traffic","keyword_search_volume_sum","top_keywords","source","collected_at"
"hospitaldaluz.pt","https://www.hospitaldaluz.pt/en/health-dictionary/fine-needle-aspiration-cytology","Fine needle aspiration cytology (FNAC)","1","2","204592","673000","fine-needle aspiration cytology","OpenSEO/DataForSEO ranked keywords; bounded portfolio sample","2026-08-31"
"hospitaldaluz.pt","https://www.hospitaldaluz.pt/pt/","Hospital da Luz: Consultas, Exames, Urgência, Cirurgia ...","4","2","60222.4","198100","hospital da luz | hospital | luz | hospital luz","OpenSEO/DataForSEO ranked keywords; bounded portfolio sample","2026-08-31"
"lusiadas.pt","https://www.lusiadas.pt/hospitais-clinicas/hospital-lusiadas-lisboa","Hospital Lusíadas Lisboa","6","1","49886.4","164100","hospital dos lusíadas lisboa | hospital dos lusiadas | hospital lusíadas | lusiadas hospital | lusíadas hospital | lusiadas lisboa","OpenSEO/DataForSEO ranked keywords; bounded portfolio sample","2026-08-31"
"lusiadas.pt","https://www.lusiadas.pt/","Lusíadas Saúde","5","1","48913.6","160900","lusiadas | lusíadas | lusiadas saude | my lusiadas | lusíadas saúde","OpenSEO/DataForSEO ranked keywords; bounded portfolio sample","2026-08-31"
"cuf.pt","https://www.cuf.pt/hospitais-e-clinicas/hospital-cuf-descobertas-lisboa","Hospital CUF Descobertas - Lisboa","4","1","33110.15","156300","cuf descobertas | descobertas cuf | hospital cuf descobertas | hospital","OpenSEO/DataForSEO ranked keywords; bounded portfolio sample","2026-08-31"
"lusiadas.pt","https://www.lusiadas.pt/hospitais-clinicas/hospital-lusiadas-porto","Hospital Lusíadas Porto","2","1","30096","99000","lusiadas porto | lusíadas porto","OpenSEO/DataForSEO ranked keywords; bounded portfolio sample","2026-08-31"
"medis.pt","https://www.medis.pt/","Médis | Sistema de Saúde para Todos","14","1","26995.54","116700","medis | seguros de saude | seguros saúde | médis | seguro de saude | saude medis | seguro saude | medis portugal | médis portugal | plano de saude portugal | plano de saúde portugal | planos de saude portugal | seguros de saúde | seguros de sáude","OpenSEO/DataForSEO ranked keywords; bounded portfolio sample","2026-08-31"
"cuf.pt","https://www.cuf.pt/hospitais-e-clinicas/hospital-cuf-tejo","Hospital CUF Tejo - Lisboa","2","1","25110.4","82600","cuf tejo | hospital cuf tejo","OpenSEO/DataForSEO ranked keywords; bounded portfolio sample","2026-08-31"
"cuf.pt","https://www.cuf.pt/","CUF | Unidades de saúde: Hospitais, Clínicas e Centros de ...","2","1","24502.4","80600","cuf | hospital cuf","OpenSEO/DataForSEO ranked keywords; bounded portfolio sample","2026-08-31"
"cuf.pt","https://www.cuf.pt/hospitais-e-clinicas/hospital-cuf-porto","Hospital CUF Porto","1","1","18392","60500","hospital cuf porto","OpenSEO/DataForSEO ranked keywords; bounded portfolio sample","2026-08-31"
"hospitaldaluz.pt","https://www.hospitaldaluz.pt/lisboa/pt/","Hospital da Luz Lisboa","1","1","18392","60500","hospital luz lisboa","OpenSEO/DataForSEO ranked keywords; bounded portfolio sample","2026-08-31"
"hospitaldaluz.pt","https://www.hospitaldaluz.pt/en/health-dictionary/intense-pulsed-light","Intense pulsed light: what is it?","1","4","18392","60500","intense pulsed light","OpenSEO/DataForSEO ranked keywords; bounded portfolio sample","2026-08-31"
"cuf.pt","https://www.cuf.pt/mycuf/login","My CUF Login","2","1","18300.8","60200","mycuf | my cuf","OpenSEO/DataForSEO ranked keywords; bounded portfolio sample","2026-08-31"
"cuf.pt","https://www.cuf.pt/mais-saude/o-que-e-o-hantavirus-e-como-se-transmite","O que é o hantavírus e como se transmite","2","3","16038","99000","hantavirus | hantaviruses","OpenSEO/DataForSEO ranked keywords; bounded portfolio sample","2026-08-31"
"hospitaldaluz.pt","https://www.hospitaldaluz.pt/pt/dicionario-de-saude/disfuncao-da-articulacao-temporo-mandibular","Disfunção da articulação temporo-mandibular","1","6","14661","90500","atm","OpenSEO/DataForSEO ranked keywords; bounded portfolio sample","2026-08-31"
"cuf.pt","https://www.cuf.pt/hospitais-e-clinicas/hospital-cuf-cascais","Hospital CUF Cascais","3","1","13497.6","44400","cuf cascais | cuf de cascais | hospital cuf cascais","OpenSEO/DataForSEO ranked keywords; bounded portfolio sample","2026-08-31"
"cuf.pt","https://www.cuf.pt/mais-saude/gripeA-sintomas-e-cuidados-ter","Gripe A: sintomas e cuidados a ter","4","2","13436.8","44200","gripe a | sintomas gripe a | gripe a sintomas | gripe a: sintomas","OpenSEO/DataForSEO ranked keywords; bounded portfolio sample","2026-08-31"
"cuf.pt","https://www.cuf.pt/mais-saude/creatina-quais-os-riscos-e-beneficios","Creatina: quais os riscos e benefícios?","1","1","12312","40500","creatina","OpenSEO/DataForSEO ranked keywords; bounded portfolio sample","2026-08-31"
"hospitaldaluz.pt","https://www.hospitaldaluz.pt/pt/para-clientes/my-luz","MY LUZ: área pessoal online | Hospital da Luz","1","1","12312","40500","my luz","OpenSEO/DataForSEO ranked keywords; bounded portfolio sample","2026-08-31"
"lusiadas.pt","https://www.lusiadas.pt/blog/criancas/idade-escolar/pistas-que-crianca-quando-precisa-atencao","As pistas que a criança dá quando precisa de atenção","2","4","11281.05","99000","criança | crianças","OpenSEO/DataForSEO ranked keywords; bounded portfolio sample","2026-08-31"
"cuf.pt","https://www.cuf.pt/hospitais-e-clinicas/clinica-cuf-estadio-jose-alvalade-lisboa","Clínica CUF Estádio José Alvalade - Lisboa","3","1","11035.2","36300","clínica cuf alvalade | cuf alvalade | cuf alvalade clínica","OpenSEO/DataForSEO ranked keywords; bounded portfolio sample","2026-08-31"
"cuf.pt","https://www.cuf.pt/hospitais-e-clinicas/clinica-cuf-belem","Clínica CUF Belém - Lisboa","2","1","8998.4","29600","clínica cuf belém | cuf belem","OpenSEO/DataForSEO ranked keywords; bounded portfolio sample","2026-08-31"
"cuf.pt","https://www.cuf.pt/hospitais-e-clinicas/hospital-cuf-torres-vedras","Hospital CUF Torres Vedras","2","1","8998.4","29600","cuf torres | torres vedras cuf","OpenSEO/DataForSEO ranked keywords; bounded portfolio sample","2026-08-31"
"hospitaldaluz.pt","https://www.hospitaldaluz.pt/pt/especialidades/psicologia","Psicologia: consultas","2","2","8998.4","29600","psicologias | psicologo","OpenSEO/DataForSEO ranked keywords; bounded portfolio sample","2026-08-31"
"cuf.pt","https://www.cuf.pt/hospitais-e-clinicas/hospital-cuf-sintra","Hospital CUF Sintra","2","1","8177.6","26900","cuf sintra | hospital cuf sintra","OpenSEO/DataForSEO ranked keywords; bounded portfolio sample","2026-08-31"
"hospitaldaluz.pt","https://www.hospitaldaluz.pt/guimaraes/pt/","Hospital da Luz Guimarães","3","1","7210","26800","hospital da luz guimarães | hospitais em guimarães | hospital guimaraes","OpenSEO/DataForSEO ranked keywords; bounded portfolio sample","2026-08-31"
"hospitaldaluz.pt","https://www.hospitaldaluz.pt/pt/saude-e-bem-estar/percevejos-conheca-os-e-previna-infestacoes","Percevejos: conheça-os e previna infestações","2","4","7192.8","44400","percevejo | percevejos","OpenSEO/DataForSEO ranked keywords; bounded portfolio sample","2026-08-31"
"hospitaldaluz.pt","https://www.hospitaldaluz.pt/arrabida/pt/","Hospital da Luz Arrábida","2","1","7144","23500","hospital da luz arrabida | hospital da arrabida","OpenSEO/DataForSEO ranked keywords; bounded portfolio sample","2026-08-31"
"medis.pt","https://www.medis.pt/login/","Login na área de cliente","4","1","6779.2","22300","medis login | medis seguro | médis seguros | médis login","OpenSEO/DataForSEO ranked keywords; bounded portfolio sample","2026-08-31"
"cuf.pt","https://www.cuf.pt/saude-a-z/hemorroidas","Hemorroidas: o que é, sintomas e tratamento","1","2","6748.8","22200","hemorroidas","OpenSEO/DataForSEO ranked keywords; bounded portfolio sample","2026-08-31"
"hospitaldaluz.pt","https://www.hospitaldaluz.pt/coimbra/pt/","Hospital da Luz Coimbra","1","1","6748.8","22200","hospital da luz coimbra","OpenSEO/DataForSEO ranked keywords; bounded portfolio sample","2026-08-31"
"lusiadas.pt","https://www.lusiadas.pt/blog/nutricao-dieta/magnesio-para-que-serve-onde-obter","Magnésio: para que serve e onde obter","1","2","6748.8","22200","magnesio","OpenSEO/DataForSEO ranked keywords; bounded portfolio sample","2026-08-31"
"cuf.pt","https://www.cuf.pt/mais-saude/o-que-e-zona-e-quais-os-sintomas","O que é Zona e quais os sintomas?","2","2","6688","22000","doença da zona | zona","OpenSEO/DataForSEO ranked keywords; bounded portfolio sample","2026-08-31"
"lusiadas.pt","https://www.lusiadas.pt/hospitais-clinicas/hospital-lusiadas-braga","Hospital Lusíadas Braga","3","1","6532.16","51800","hospital lusíadas braga | lusiadas braga | hospital de braga","OpenSEO/DataForSEO ranked keywords; bounded portfolio sample","2026-08-31"
"hospitaldaluz.pt","https://www.hospitaldaluz.pt/setubal/pt/","Hospital da Luz Setúbal","2","1","6019.2","19800","hospital da luz setubal | hospital luz setubal","OpenSEO/DataForSEO ranked keywords; bounded portfolio sample","2026-08-31"
"lusiadas.pt","https://www.lusiadas.pt/blog/saude-familia/doencas/proteina-c-reativa-que-que-significa","Proteína C Reativa: O Que É e O Que Significa.","5","2","5958.4","19600","pcr proteina c reativa | proteina c reativa | pcr proteína c reativa | proteína c reativa | proteína c reativa pcr","OpenSEO/DataForSEO ranked keywords; bounded portfolio sample","2026-08-31"
"hospitaldaluz.pt","https://www.hospitaldaluz.pt/pt/dicionario-de-saude/hemorroidas-precisa-saber","Hemorroidas","2","2","5602.8","28800","hemorroidas | hemorroida externa","OpenSEO/DataForSEO ranked keywords; bounded portfolio sample","2026-08-31"
"cuf.pt","https://www.cuf.pt/mais-saude/bullying-aprenda-atuar-perante-este-comportamento","Bullying: aprenda a atuar perante este comportamento","1","5","5502.4","18100","bullying bully","OpenSEO/DataForSEO ranked keywords; bounded portfolio sample","2026-08-31"
"cuf.pt","https://www.cuf.pt/mais-saude/piolhos-aprenda-combate-los","Piolhos: aprenda a combatê-los","1","2","5502.4","18100","piolhos","OpenSEO/DataForSEO ranked keywords; bounded portfolio sample","2026-08-31"
"cuf.pt","https://www.cuf.pt/mais-saude/vitamina-b12","O que é a Vitamina B12 e para que serve","1","2","5502.4","18100","vitamina b12","OpenSEO/DataForSEO ranked keywords; bounded portfolio sample","2026-08-31"
"hospitaldaluz.pt","https://www.hospitaldaluz.pt/oeiras/pt/especialidades","Especialidades - Oeiras","1","1","5502.4","18100","hospital da luz em oeiras","OpenSEO/DataForSEO ranked keywords; bounded portfolio sample","2026-08-31"
"hospitaldaluz.pt","https://www.hospitaldaluz.pt/oeiras/pt/","Hospital da Luz Oeiras","1","1","5502.4","18100","hospital da luz oeiras","OpenSEO/DataForSEO ranked keywords; bounded portfolio sample","2026-08-31"
"hospitaldaluz.pt","https://www.hospitaldaluz.pt/torres-de-lisboa/pt/","Hospital da Luz Torres de Lisboa","1","1","5502.4","18100","hospital da luz torres de lisboa","OpenSEO/DataForSEO ranked keywords; bounded portfolio sample","2026-08-31"
"hospitaldaluz.pt","https://www.hospitaldaluz.pt/aveiro/pt/","Hospital da Luz Aveiro","2","3","5282.2","22000","hospital da luz aveiro | hospital aveiro","OpenSEO/DataForSEO ranked keywords; bounded portfolio sample","2026-08-31"
"hospitaldaluz.pt","https://www.hospitaldaluz.pt/pt/dicionario-de-saude/sistema-cardiovascular-como-atua","Sistema cardiovascular: como funciona?","2","5","5059.38","44400","coracao | coração","OpenSEO/DataForSEO ranked keywords; bounded portfolio sample","2026-08-31"
"cuf.pt","https://www.cuf.pt/saude-a-z/furunculo","Furúnculo: o que é, sintomas e tratamento","2","2","4924.8","16200","furunculo | furúnculos","OpenSEO/DataForSEO ranked keywords; bounded portfolio sample","2026-08-31"
"dronline.pt","https://dronline.pt/","Tem de ir ao médico? Vá ao Dr.Online!","110","1","4643.99","156010","dr online | medico | dronline | medicos online | consulta | dr online portugal | doutor online | dre | consulta | medico online | médico online | consulta online | dronline.pt | médico na net | médico online","OpenSEO/DataForSEO ranked keywords; bounded portfolio sample","2026-08-31"
"cuf.pt","https://www.cuf.pt/mais-saude/tudo-o-que-precisa-de-saber-sobre-o-fungo-candida-auris","Tudo o que precisa de saber sobre o fungo Candida auris","1","2","4499.2","14800","c auris","OpenSEO/DataForSEO ranked keywords; bounded portfolio sample","2026-08-31"
"cuf.pt","https://www.cuf.pt/mais-saude/cortisol-conhece-hormona-que-gere-o-stress","Cortisol: conhece a hormona que gere o stress?","1","2","4499.2","14800","cortisol","OpenSEO/DataForSEO ranked keywords; bounded portfolio sample","2026-08-31"
"cuf.pt","https://www.cuf.pt/saude-a-z/figado-gordo","Fígado gordo: o que é, sintomas e tratamento","1","2","4499.2","14800","fígado gordo","OpenSEO/DataForSEO ranked keywords; bounded portfolio sample","2026-08-31"
"cuf.pt","https://www.cuf.pt/saude-a-z/gastroenterite","Gastroenterite: o que é, sintomas e tratamento","1","2","4499.2","14800","gastroenterite","OpenSEO/DataForSEO ranked keywords; bounded portfolio sample","2026-08-31"
"cuf.pt","https://www.cuf.pt/saude-a-z/impetigo","Impetigo: o que é, sintomas e tratamento","1","2","4499.2","14800","impetigo","OpenSEO/DataForSEO ranked keywords; bounded portfolio sample","2026-08-31"
"cuf.pt","https://www.cuf.pt/mais-saude/melatonina-para-que-serve-e-em-que-casos-tomar","Melatonina: para que serve e em que casos tomar","1","1","4499.2","14800","melatonina","OpenSEO/DataForSEO ranked keywords; bounded portfolio sample","2026-08-31"
"cuf.pt","https://www.cuf.pt/mais-saude/o-que-e-ressonancia-magnetica","O que é a Ressonância Magnética?","1","4","4499.2","14800","ressonâncias magnéticas","OpenSEO/DataForSEO ranked keywords; bounded portfolio sample","2026-08-31"
"hospitaldaluz.pt","https://www.hospitaldaluz.pt/pt/dicionario-de-saude/norovirus-e-gastroenterite-aguda","Norovírus e gastroenterite aguda - Lisboa","1","2","4499.2","14800","norovirus","OpenSEO/DataForSEO ranked keywords; bounded portfolio sample","2026-08-31"
"medis.pt","https://www.medis.pt/mais-medis/bem-estar-e-desporto/beneficios-pilates/","Pilates Benefícios: Saúde, Bem-Estar e Postura","1","8","4390.2","27100","pilates","OpenSEO/DataForSEO ranked keywords; bounded portfolio sample","2026-08-31"
"lusiadas.pt","https://www.lusiadas.pt/hospitais-clinicas/clinica-lusiadas-oriente","Clínica Lusíadas Oriente","2","1","4347.2","14300","clínica lusíadas oriente | lusiadas oriente","OpenSEO/DataForSEO ranked keywords; bounded portfolio sample","2026-08-31"
"cuf.pt","https://www.cuf.pt/mais-saude/picadas-de-percevejo-como-prevenir-e-tratar","Picadas de percevejo: como prevenir e tratar","2","5","4320.12","44400","percevejo | percevejos","OpenSEO/DataForSEO ranked keywords; bounded portfolio sample","2026-08-31"
"hospitaldaluz.pt","https://www.hospitaldaluz.pt/vilafrancaxira/pt/","Hospital da Luz Clínica Vila Franca de Xira","2","2","4124.99","36200","hospital vila franca | hospital vila franca xira","OpenSEO/DataForSEO ranked keywords; bounded portfolio sample","2026-08-31"
"hospitaldaluz.pt","https://www.hospitaldaluz.pt/pt/saude-e-bem-estar/atencao-as-carracas","Atenção às carraças","2","2","4012.8","13200","carracas | carraça","OpenSEO/DataForSEO ranked keywords; bounded portfolio sample","2026-08-31"
"hospitaldaluz.pt","https://www.hospitaldaluz.pt/porto/pt/","Hospital da Luz Clínica do Porto","2","1","4012.8","13200","hospital da luz clinica do porto | hospital da luz clínica do porto","OpenSEO/DataForSEO ranked keywords; bounded portfolio sample","2026-08-31"
"cuf.pt","https://www.cuf.pt/hospitais-e-clinicas/hospital-cuf-viseu","Hospital CUF Viseu","1","1","3678.4","12100","cuf viseu","OpenSEO/DataForSEO ranked keywords; bounded portfolio sample","2026-08-31"
"cuf.pt","https://www.cuf.pt/mais-saude/diospiro-saiba-por-que-e-bom-comer-este-fruto","Dióspiro: saiba por que é bom comer este fruto","1","3","3678.4","12100","diospiro","OpenSEO/DataForSEO ranked keywords; bounded portfolio sample","2026-08-31"
"cuf.pt","https://www.cuf.pt/saude-a-z/eczema","Eczema: o que é, sintomas e tratamento","1","2","3678.4","12100","eczemas","OpenSEO/DataForSEO ranked keywords; bounded portfolio sample","2026-08-31"
"cuf.pt","https://www.cuf.pt/mais-saude/linfoma-e-agora","Linfoma: e agora?","1","2","3678.4","12100","linfoma","OpenSEO/DataForSEO ranked keywords; bounded portfolio sample","2026-08-31"
"cuf.pt","https://www.cuf.pt/mais-saude/conhece-os-beneficios-da-quinoa","Conhece os benefícios da quinoa?","1","4","3678.4","12100","quinoa quinoa","OpenSEO/DataForSEO ranked keywords; bounded portfolio sample","2026-08-31"
"cuf.pt","https://www.cuf.pt/saude-a-z/tercolho","Terçolho: o que é, sintomas e tratamento","1","2","3678.4","12100","terçolho","OpenSEO/DataForSEO ranked keywords; bounded portfolio sample","2026-08-31"
"medis.pt","https://www.medis.pt/seguros-de-saude/saude-medis/","Seguro de Saúde Médis: proteção para toda a família","4","1","3598.14","12700","medis seguro de saude | seguro saúde médis | medis seguro saude | seguro médis","OpenSEO/DataForSEO ranked keywords; bounded portfolio sample","2026-08-31"
"cuf.pt","https://www.cuf.pt/mais-saude/em-que-casos-pode-ser-necessario-tomar-magnesio","Em que casos pode ser necessário tomar magnésio?","1","4","3596.4","22200","magnesio","OpenSEO/DataForSEO ranked keywords; bounded portfolio sample","2026-08-31"
"cuf.pt","https://www.cuf.pt/mais-saude/como-manter-niveis-adequados-de-vitamina-d","Como manter níveis adequados de vitamina D","1","4","3596.4","22200","vitamina d","OpenSEO/DataForSEO ranked keywords; bounded portfolio sample","2026-08-31"
"lusiadas.pt","https://www.lusiadas.pt/hospitais-clinicas/hospital-lusiadas-albufeira","Hospital Lusíadas Albufeira","2","1","3556.8","11700","hospital lusíadas albufeira | lusiadas albufeira","OpenSEO/DataForSEO ranked keywords; bounded portfolio sample","2026-08-31"
"lusiadas.pt","https://www.lusiadas.pt/blog/prevencao-estilo-vida/saude-familia/7-ideias-para-um-lanche-saudavel","7 ideias para um lanche saudável","4","1","3526.4","11600","lanche saudaveis | lanche saudáveis | lanches saudaveis | lanches saudáveis","OpenSEO/DataForSEO ranked keywords; bounded portfolio sample","2026-08-31"
"hospitaldaluz.pt","https://www.hospitaldaluz.pt/pt/comunicacao/noticias/ja-abriu-hospital-luz-clinica-vila-franca-xira","Já abriu o Hospital da Luz Clínica Vila Franca de Xira","2","3","3522.26","36200","hospital de vila franca de xira | hospital vila franca de xira","OpenSEO/DataForSEO ranked keywords; bounded portfolio sample","2026-08-31"
"hospitaldaluz.pt","https://www.hospitaldaluz.pt/pt/saude-e-bem-estar/que-e-caibra-como-aliviar-dor","O que é uma cãibra e como aliviar a dor?","2","2","3283.2","10800","caibrãs | cãibra","OpenSEO/DataForSEO ranked keywords; bounded portfolio sample","2026-08-31"
"hospitaldaluz.pt","https://www.hospitaldaluz.pt/odivelas/pt/","Hospital da Luz Clínica de Odivelas","2","1","3283.2","10800","hospital da luz clinica de odivelas | hospital da luz clínica de odivelas","OpenSEO/DataForSEO ranked keywords; bounded portfolio sample","2026-08-31"
"hospitaldaluz.pt","https://www.hospitaldaluz.pt/pt/dicionario-de-saude/infecao-virus-nipah","Infeção pelo vírus Nipah","2","1","3283.2","10800","virus nipah | vírus nipah","OpenSEO/DataForSEO ranked keywords; bounded portfolio sample","2026-08-31"
"hospitaldaluz.pt","https://www.hospitaldaluz.pt/pt/sobre/contactos-hospitais-e-clinicas","Contactos dos hospitais e clínicas - Lisboa","3","5","3283.2","10800","contactos do hospital da luz | hospital da luz contacto | hospital da luz contactos","OpenSEO/DataForSEO ranked keywords; bounded portfolio sample","2026-08-31"
"hospitaldaluz.pt","https://www.hospitaldaluz.pt/pt/dicionario-de-saude/tipos-sangue-caracteristicas-regras","Tipos de sangue: características e regras","3","2","3283.2","10800","tipo de sangue | tipo.de sangue | tipos de sangue","OpenSEO/DataForSEO ranked keywords; bounded portfolio sample","2026-08-31"
"medis.pt","https://www.medis.pt/informacao-util/contactos/","Contactos Médis: fale connosco sempre que precisar de nós","2","1","3283.2","10800","medis contactos | médis contactos","OpenSEO/DataForSEO ranked keywords; bounded portfolio sample","2026-08-31"
"dronline.pt","https://dronline.pt/atestados-medicos/","Atestados Médicos","9","1","3236.93","11360","atestado medico | atestado médico | atestados medicos | atestado médico portugal | atestado | atestado.medico online | atestado médico portugal | atestado medico online | pedir atestado médico online sns","OpenSEO/DataForSEO ranked keywords; bounded portfolio sample","2026-08-31"
"cuf.pt","https://www.cuf.pt/saude-a-z/alzheimer","Alzheimer: o que é, sintomas e tratamento","1","2","3009.6","9900","alzheimer","OpenSEO/DataForSEO ranked keywords; bounded portfolio sample","2026-08-31"
"cuf.pt","https://www.cuf.pt/saude-a-z/amigdalite","Amigdalite: o que é, sintomas e tratamento","1","2","3009.6","9900","amigdalite","OpenSEO/DataForSEO ranked keywords; bounded portfolio sample","2026-08-31"
"cuf.pt","https://www.cuf.pt/mais-saude/stress-cronico-sindrome-de-burnout","Stress crónico: síndrome de burnout","1","2","3009.6","9900","burnout","OpenSEO/DataForSEO ranked keywords; bounded portfolio sample","2026-08-31"
"cuf.pt","https://www.cuf.pt/saude-a-z/conjuntivite","Conjuntivite: o que é, sintomas e tratamento","1","2","3009.6","9900","conjuntivite","OpenSEO/DataForSEO ranked keywords; bounded portfolio sample","2026-08-31"
"cuf.pt","https://www.cuf.pt/hospitais-e-clinicas/hospital-cuf-leiria","Hospital CUF Leiria","1","1","3009.6","9900","cuf leiria","OpenSEO/DataForSEO ranked keywords; bounded portfolio sample","2026-08-31"
"cuf.pt","https://www.cuf.pt/hospitais-e-clinicas/hospital-cuf-santarem","Hospital CUF Santarém","1","1","3009.6","9900","cuf santarem","OpenSEO/DataForSEO ranked keywords; bounded portfolio sample","2026-08-31"
"cuf.pt","https://www.cuf.pt/mais-saude/ebola-tudo-o-que-deve-saber","Ébola: tudo o que deve saber","1","2","3009.6","9900","ebola","OpenSEO/DataForSEO ranked keywords; bounded portfolio sample","2026-08-31"
"cuf.pt","https://www.cuf.pt/saude-a-z/meningite","Meningite: o que é, sintomas e tratamento","1","2","3009.6","9900","meningite","OpenSEO/DataForSEO ranked keywords; bounded portfolio sample","2026-08-31"
"cuf.pt","https://www.cuf.pt/mais-saude/mononucleose-causas-tratamento-e-cuidados","Mononucleose: causas, tratamento e cuidados","1","2","3009.6","9900","mononucleose","OpenSEO/DataForSEO ranked keywords; bounded portfolio sample","2026-08-31"
"cuf.pt","https://www.cuf.pt/mais-saude/como-se-trata-e-previne-o-pe-de-atleta","Como se trata e previne o pé de atleta?","1","2","3009.6","9900","pe de atleta","OpenSEO/DataForSEO ranked keywords; bounded portfolio sample","2026-08-31"
"hospitaldaluz.pt","https://www.hospitaldaluz.pt/pt/saude-e-bem-estar/afinal-o-que-e-o-core","Afinal o que é o core?","1","1","3009.6","9900","core","OpenSEO/DataForSEO ranked keywords; bounded portfolio sample","2026-08-31"
"lusiadas.pt","https://www.lusiadas.pt/blog/sintomas-tratamentos/doencas/dst-conheca-doencas-sexualmente-transmissiveis","DST: conheça as doenças sexualmente transmissíveis","1","2","3009.6","9900","dsts","OpenSEO/DataForSEO ranked keywords; bounded portfolio sample","2026-08-31"
"lusiadas.pt","https://www.lusiadas.pt/blog/prevencao-estilo-vida/fui-picado-por-um-peixe-aranha-que-devo-fazer","Fui picado por um peixe-aranha: o que devo fazer?","1","3","3009.6","9900","peixe aranha","OpenSEO/DataForSEO ranked keywords; bounded portfolio sample","2026-08-31"
"cuf.pt","https://www.cuf.pt/mais-saude/escarlatina-conheca-os-sintomas-e-saiba-como-se-transmite","Escarlatina: conheça os sintomas e saiba como se transmite","1","4","2932.2","18100","escarlatina","OpenSEO/DataForSEO ranked keywords; bounded portfolio sample","2026-08-31"
"hospitaldaluz.pt","https://www.hospitaldaluz.pt/pt/dicionario-de-saude/doencas-figado-causas-fatores-risco-vigilancia","Doenças do fígado: causas, fatores de risco e vigilância","1","4","2932.2","18100","figado","OpenSEO/DataForSEO ranked keywords; bounded portfolio sample","2026-08-31"
"medis.pt","https://www.medis.pt/mais-medis/dieta-e-nutricao/diospiro-para-um-outono-mais-saudavel/","Dióspiro: fique a conhecer os benefícios para a saúde ...","5","4","2835.72","14980","diospiro | calorias diospiro | diospiro calorias | dióspiro calorias | dióspiros calorias","OpenSEO/DataForSEO ranked keywords; bounded portfolio sample","2026-08-31"
"hospitaldaluz.pt","https://www.hospitaldaluz.pt/en/health-and-wellness/bedbugs-learn-about-them-and-prevent-infestations","Bedbugs: Learn about them and prevent infestations","2","2","2675.2","8800","bed bug | bed bugs","OpenSEO/DataForSEO ranked keywords; bounded portfolio sample","2026-08-31"
"lusiadas.pt","https://www.lusiadas.pt/blog/sintomas-tratamentos/lipoma-que-causas-tratamento","Lipoma: o que é, causas e tratamento","2","2","2675.2","8800","lipoma lipoma | lipomas","OpenSEO/DataForSEO ranked keywords; bounded portfolio sample","2026-08-31"
"lusiadas.pt","https://www.lusiadas.pt/blog/nutricao-dieta/exercicio/creatina-que-quais-beneficios","Creatina: O Que É e Quais os Benefícios","1","6","2668.95","40500","creatina","OpenSEO/DataForSEO ranked keywords; bounded portfolio sample","2026-08-31"
"hospitaldaluz.pt","https://www.hospitaldaluz.pt/pt/encontre-um-medico/749/filipa-rocha-paris","Filipa Rocha Páris - Médicos","1","5","2636.83","27100","páris","OpenSEO/DataForSEO ranked keywords; bounded portfolio sample","2026-08-31"
"lusiadas.pt","https://www.lusiadas.pt/blog/prevencao-estilo-vida/pilates-clinico-para-que-serve-quais-vantagens","Pilates clínico: para que serve e quais as vantagens?","1","9","2636.83","27100","pilates","OpenSEO/DataForSEO ranked keywords; bounded portfolio sample","2026-08-31"
"lusiadas.pt","https://www.lusiadas.pt/blog/prevencao-estilo-vida/bem-estar/que-deja-vu","O que é o déjà vu?","3","3","2624.4","16200","deja vu | deja vus | dejavu","OpenSEO/DataForSEO ranked keywords; bounded portfolio sample","2026-08-31"
"cuf.pt","https://www.cuf.pt/saude-a-z/clamidia-genital","Clamídia genital: o que é, sintomas e tratamento","1","2","2462.4","8100","clamídia","OpenSEO/DataForSEO ranked keywords; bounded portfolio sample","2026-08-31"
"cuf.pt","https://www.cuf.pt/hospitais-e-clinicas/hospital-cuf-coimbra","Hospital CUF Coimbra","1","1","2462.4","8100","cuf coimbra","OpenSEO/DataForSEO ranked keywords; bounded portfolio sample","2026-08-31"
"cuf.pt","https://www.cuf.pt/mais-saude/depilacao-laser-e-segura","A depilação a laser é segura?","1","5","2462.4","8100","depilação a laser","OpenSEO/DataForSEO ranked keywords; bounded portfolio sample","2026-08-31"
"cuf.pt","https://www.cuf.pt/saude-a-z","Saúde A-Z: Doenças, Sintomas e Tratamentos","1","2","2462.4","8100","doenças","OpenSEO/DataForSEO ranked keywords; bounded portfolio sample","2026-08-31"
"cuf.pt","https://www.cuf.pt/saude-a-z/foliculite","Foliculite: o que é, sintomas e tratamento","1","2","2462.4","8100","foliculite","OpenSEO/DataForSEO ranked keywords; bounded portfolio sample","2026-08-31"
"cuf.pt","https://www.cuf.pt/saude-a-z/sarampo","Sarampo: o que é, sintomas e tratamento","1","2","2462.4","8100","sarampo","OpenSEO/DataForSEO ranked keywords; bounded portfolio sample","2026-08-31"
"cuf.pt","https://www.cuf.pt/saude-a-z/tac-tomografia-computorizada","TAC (Tomografia Computorizada)","1","2","2462.4","8100","tac","OpenSEO/DataForSEO ranked keywords; bounded portfolio sample","2026-08-31"
"cuf.pt","https://www.cuf.pt/saude-a-z/doencas-da-tiroide","Doenças da tiroide: o que é, sintomas e tratamento","1","2","2462.4","8100","tiroide","OpenSEO/DataForSEO ranked keywords; bounded portfolio sample","2026-08-31"
"hospitaldaluz.pt","https://www.hospitaldaluz.pt/pt/especialidades/endocrinologia","Endocrinologia: consultas, tratamentos","1","1","2462.4","8100","endocrinologia","OpenSEO/DataForSEO ranked keywords; bounded portfolio sample","2026-08-31"
"hospitaldaluz.pt","https://www.hospitaldaluz.pt/pt/saude-e-bem-estar/gripe-saiba-o-que-e-como-se-previne-e-se-trata","Gripe: Saiba o que é, como se previne e se trata","1","1","2462.4","8100","gripe","OpenSEO/DataForSEO ranked keywords; bounded portfolio sample","2026-08-31"
"hospitaldaluz.pt","https://www.hospitaldaluz.pt/loule/pt/","Hospital de Loulé","1","1","2462.4","8100","hospital de loulé","OpenSEO/DataForSEO ranked keywords; bounded portfolio sample","2026-08-31"
"hospitaldaluz.pt","https://www.hospitaldaluz.pt/lisboa/en/services/urgent-care-24-hours","Urgent Care 24h: health emergencies - Lisboa","1","4","2462.4","8100","hospital near me","OpenSEO/DataForSEO ranked keywords; bounded portfolio sample","2026-08-31"
"hospitaldaluz.pt","https://www.hospitaldaluz.pt/pt/especialidades/oftalmologia","Oftalmologia: consultas, exames","1","6","2462.4","8100","oftalmologista","OpenSEO/DataForSEO ranked keywords; bounded portfolio sample","2026-08-31"
"hospitaldaluz.pt","https://www.hospitaldaluz.pt/pt/dicionario-de-saude/hiperatividade-defice-atencao","Hiperatividade e défice de atenção - Lisboa","1","2","2462.4","8100","phda","OpenSEO/DataForSEO ranked keywords; bounded portfolio sample","2026-08-31"
"lusiadas.pt","https://www.lusiadas.pt/blog/nutricao-dieta/anona-conhece-vantagens-nutricionais-deste-fruto","Anona: conhece as vantagens nutricionais deste fruto?","1","3","2462.4","8100","anona","OpenSEO/DataForSEO ranked keywords; bounded portfolio sample","2026-08-31"
"lusiadas.pt","https://www.lusiadas.pt/blog/prevencao-estilo-vida/saude-familia/8-factos-mitos-sobre-dentes-siso","8 factos e mitos sobre os dentes do siso","1","2","2462.4","8100","sisos","OpenSEO/DataForSEO ranked keywords; bounded portfolio sample","2026-08-31"
"medis.pt","https://prestadores.medis.pt/","Médis > Prestadores","1","1","2462.4","8100","medis prestadores","OpenSEO/DataForSEO ranked keywords; bounded portfolio sample","2026-08-31"
"medis.pt","https://clientes.medis.pt/site/ctt/pt-pt/Pages/default.aspx","medis ctt - Médis","3","1","2456.32","8080","ctt medis | medis ctt | médis ctt login","OpenSEO/DataForSEO ranked keywords; bounded portfolio sample","2026-08-31"
"hospitaldaluz.pt","https://www.hospitaldaluz.pt/pt/dicionario-de-saude/apendicite-sintomas-tratamento","Apendicite: sintomas e tratamento","2","2","2432","8000","apendicite sintomas | apendicite: sintomas","OpenSEO/DataForSEO ranked keywords; bounded portfolio sample","2026-08-31"
"cuf.pt","https://www.cuf.pt/mais-saude/norovirus-causa-mais-comum-de-gastroenterite","Norovírus: a causa mais comum de gastroenterite","1","4","2397.6","14800","norovirus","OpenSEO/DataForSEO ranked keywords; bounded portfolio sample","2026-08-31"
"cuf.pt","https://www.cuf.pt/saude-a-z/varicela","Varicela: o que é, sintomas e tratamento","1","4","2397.6","14800","varicela","OpenSEO/DataForSEO ranked keywords; bounded portfolio sample","2026-08-31"
"hospitaldaluz.pt","https://www.hospitaldaluz.pt/pt/saude-e-bem-estar/paracetamol-para-que-serve-como-tomar-cuidados","Paracetamol: para que serve, como tomar e cuidados a ter","1","5","2397.6","14800","paracetamol","OpenSEO/DataForSEO ranked keywords; bounded portfolio sample","2026-08-31"
"lusiadas.pt","https://www.lusiadas.pt/blog/doencas/sintomas-tratamentos/gastroenterite-infeciosa-aguda-sintomas-prevencao","Gastroenterite infeciosa aguda: sintomas e prevenção","1","4","2397.6","14800","gastroenterite","OpenSEO/DataForSEO ranked keywords; bounded portfolio sample","2026-08-31"
"lusiadas.pt","https://www.lusiadas.pt/blog/nutricao-dieta/acido-folico-que-quais-seus-beneficios","Ácido Fólico: o que é e quais os seus benefícios?","2","6","2385.58","36200","acido folico | ácido folico","OpenSEO/DataForSEO ranked keywords; bounded portfolio sample","2026-08-31"
"hospitaldaluz.pt","https://www.hospitaldaluz.pt/pt/saude-e-bem-estar/arroz-vermelho-e-colesterol","Arroz vermelho e colesterol","2","1","2188.8","7200","arroz vermelha | arroz vermelho","OpenSEO/DataForSEO ranked keywords; bounded portfolio sample","2026-08-31"
"lusiadas.pt","https://www.lusiadas.pt/blog/prevencao-estilo-vida/nutricao-dieta/imc-que","IMC: o que é?","1","5","2160.06","22200","imc","OpenSEO/DataForSEO ranked keywords; bounded portfolio sample","2026-08-31"
"lusiadas.pt","https://www.lusiadas.pt/blog/prevencao-estilo-vida/nutricao-dieta/alimentos-ricos-em-ferro-quais-sao","Alimentos ricos em ferro: quais são?","2","4","2138.4","13200","alimento rico em ferro | alimentos ricos em ferro","OpenSEO/DataForSEO ranked keywords; bounded portfolio sample","2026-08-31"
"medis.pt","https://marketplace.medis.pt/","Marketplace Médis - Produtos de saúde e bem-estar","3","1","2067.2","6800","médis marketplace | marketplace medis | marketplace médis","OpenSEO/DataForSEO ranked keywords; bounded portfolio sample","2026-08-31"
"cuf.pt","https://www.cuf.pt/saude-a-z/acupuntura-medica","Acupuntura Médica: o que é e a quem se destina","1","1","2006.4","6600","acupuntura","OpenSEO/DataForSEO ranked keywords; bounded portfolio sample","2026-08-31"
"cuf.pt","https://www.cuf.pt/saude-a-z/alopecia","Alopecia: o que é, sintomas e tratamento","1","2","2006.4","6600","alopecia","OpenSEO/DataForSEO ranked keywords; bounded portfolio sample","2026-08-31"
"cuf.pt","https://www.cuf.pt/saude-a-z/apneia-do-sono","Apneia do sono: o que é, sintomas e tratamento","1","2","2006.4","6600","apneia sono","OpenSEO/DataForSEO ranked keywords; bounded portfolio sample","2026-08-31"
"cuf.pt","https://www.cuf.pt/saude-a-z/astigmatismo","Astigmatismo: o que é, sintomas e tratamento","1","2","2006.4","6600","astigmatismo","OpenSEO/DataForSEO ranked keywords; bounded portfolio sample","2026-08-31"
"cuf.pt","https://www.cuf.pt/saude-a-z/avc-acidente-vascular-cerebral","AVC - Acidente Vascular Cerebral: o que é, sintomas ...","1","2","2006.4","6600","avc","OpenSEO/DataForSEO ranked keywords; bounded portfolio sample","2026-08-31"
"cuf.pt","https://www.cuf.pt/mais-saude/dores-nas-costas-como-prevenir-e-tratar","Dores nas costas: como prevenir e tratar","1","4","2006.4","6600","costas","OpenSEO/DataForSEO ranked keywords; bounded portfolio sample","2026-08-31"
"cuf.pt","https://www.cuf.pt/hospitais-e-clinicas/hospital-cuf-acores","Hospital CUF Açores","1","1","2006.4","6600","cuf açores","OpenSEO/DataForSEO ranked keywords; bounded portfolio sample","2026-08-31"
"cuf.pt","https://www.cuf.pt/hospitais-e-clinicas/clinica-cuf-quinta-da-lomba-barreiro","Clínica CUF Quinta da Lomba - Barreiro","1","1","2006.4","6600","cuf barreiro","OpenSEO/DataForSEO ranked keywords; bounded portfolio sample","2026-08-31"
"cuf.pt","https://www.cuf.pt/hospitais-e-clinicas/clinica-cuf-penafiel","Clínica CUF Penafiel","1","3","2006.4","6600","cuf penafiel","OpenSEO/DataForSEO ranked keywords; bounded portfolio sample","2026-08-31"
"cuf.pt","https://www.cuf.pt/saude-a-z/diabetes","Diabetes: o que é, sintomas e tratamento","1","2","2006.4","6600","diabetes","OpenSEO/DataForSEO ranked keywords; bounded portfolio sample","2026-08-31"
"cuf.pt","https://www.cuf.pt/mais-saude/drenagem-linfatica-em-que-casos-esta-indicada","Drenagem linfática: em que casos está indicada?","1","1","2006.4","6600","drenagem linfatica","OpenSEO/DataForSEO ranked keywords; bounded portfolio sample","2026-08-31"
"cuf.pt","https://www.cuf.pt/mais-saude/quais-os-perigos-da-lagarta-do-pinheiro","Quais os perigos da lagarta do pinheiro?","1","2","2006.4","6600","lagarta do pinheiro","OpenSEO/DataForSEO ranked keywords; bounded portfolio sample","2026-08-31"
"cuf.pt","https://www.cuf.pt/mais-saude/leucocitos-o-que-sao-e-para-que-servem","Leucócitos: o que são e para que servem","1","2","2006.4","6600","leucocitos","OpenSEO/DataForSEO ranked keywords; bounded portfolio sample","2026-08-31"
"cuf.pt","https://www.cuf.pt/saude-a-z/molusco-contagioso","Molusco contagioso: o que é, sintomas e tratamento","1","2","2006.4","6600","molusco contagioso","OpenSEO/DataForSEO ranked keywords; bounded portfolio sample","2026-08-31"
"cuf.pt","https://www.cuf.pt/saude-a-z/pneumonia","Pneumonia: o que é, sintomas e tratamento","1","2","2006.4","6600","pneumonia","OpenSEO/DataForSEO ranked keywords; bounded portfolio sample","2026-08-31"
"cuf.pt","https://www.cuf.pt/saude-a-z/psoriase","Psoríase: o que é, sintomas e tratamento","1","2","2006.4","6600","psoríase","OpenSEO/DataForSEO ranked keywords; bounded portfolio sample","2026-08-31"
"cuf.pt","https://www.cuf.pt/saude-a-z/rosacea","Rosácea: o que é, sintomas e tratamento","1","2","2006.4","6600","rosacea","OpenSEO/DataForSEO ranked keywords; bounded portfolio sample","2026-08-31"
"cuf.pt","https://www.cuf.pt/saude-a-z/infecoes-por-salmonella","Infeções por Salmonella: o que é, sintomas e tratamento","1","2","2006.4","6600","salmonella","OpenSEO/DataForSEO ranked keywords; bounded portfolio sample","2026-08-31"
"cuf.pt","https://www.cuf.pt/saude-a-z/urticaria","Urticária: o que é, sintomas e tratamento","1","2","2006.4","6600","urticaria","OpenSEO/DataForSEO ranked keywords; bounded portfolio sample","2026-08-31"
"cuf.pt","https://www.cuf.pt/saude-a-z/litiase-da-vesicula-biliar","Litíase da vesícula biliar: o que é, sintomas e tratamento","1","3","2006.4","6600","vesícula","OpenSEO/DataForSEO ranked keywords; bounded portfolio sample","2026-08-31"
"hospitaldaluz.pt","https://www.hospitaldaluz.pt/pt/especialidades/estomatologia","Estomatologia","1","1","2006.4","6600","estomatologia","OpenSEO/DataForSEO ranked keywords; bounded portfolio sample","2026-08-31"
"hospitaldaluz.pt","https://www.hospitaldaluz.pt/pt/especialidades/ginecologia-obstetricia","Ginecologia-Obstetrícia: consultas","1","4","2006.4","6600","ginecologistas","OpenSEO/DataForSEO ranked keywords; bounded portfolio sample","2026-08-31"
"hospitaldaluz.pt","https://www.hospitaldaluz.pt/povoa-de-varzim/pt/","Hospital da Luz Póvoa de Varzim","1","1","2006.4","6600","hospital da luz póvoa de varzim","OpenSEO/DataForSEO ranked keywords; bounded portfolio sample","2026-08-31"
"hospitaldaluz.pt","https://www.hospitaldaluz.pt/vila-real/pt/","Hospital da Luz Vila Real","1","1","2006.4","6600","hospital da luz vila real","OpenSEO/DataForSEO ranked keywords; bounded portfolio sample","2026-08-31"
"lusiadas.pt","https://www.lusiadas.pt/hospitais-clinicas","Hospitais e Clínicas","1","4","2006.4","6600","clinicas","OpenSEO/DataForSEO ranked keywords; bounded portfolio sample","2026-08-31"
"lusiadas.pt","https://www.lusiadas.pt/hospitais-clinicas/hospital-lusiadas-alfragide/corpo-clinico","Corpo clínico - Hospital Lusíadas Alfragide","1","1","2006.4","6600","hospital lusíadas alfragide","OpenSEO/DataForSEO ranked keywords; bounded portfolio sample","2026-08-31"
"lusiadas.pt","https://www.lusiadas.pt/hospitais-clinicas/clinica-lusiadas-almada","Clínica Lusíadas Almada","1","1","2006.4","6600","lusiadas almada","OpenSEO/DataForSEO ranked keywords; bounded portfolio sample","2026-08-31"
"lusiadas.pt","https://www.lusiadas.pt/blog/sintomas-tratamentos/tensao-arterial-sinais-alarme","Tensão arterial: sinais de alarme","1","2","2006.4","6600","tensao arterial","OpenSEO/DataForSEO ranked keywords; bounded portfolio sample","2026-08-31"
"cuf.pt","https://www.cuf.pt/saude-a-z/colesterol","Colesterol: o que é, sintomas e tratamento","1","5","1960.2","12100","colesterol","OpenSEO/DataForSEO ranked keywords; bounded portfolio sample","2026-08-31"
"cuf.pt","https://www.cuf.pt/mais-saude/kefir-um-probiotico-feito-de-leite-fermentado","Kefir: um probiótico feito de leite fermentado","1","4","1960.2","12100","kefir","OpenSEO/DataForSEO ranked keywords; bounded portfolio sample","2026-08-31"
"cuf.pt","https://www.cuf.pt/mais-saude/prebioticos-probioticos-alimentos-fermentados","Prebióticos, probióticos, alimentos fermentados","1","3","1960.2","12100","probioticos","OpenSEO/DataForSEO ranked keywords; bounded portfolio sample","2026-08-31"
"cuf.pt","https://www.cuf.pt/mais-saude/sarna-humana-como-diagnosticar","Sarna humana: como diagnosticar?","1","4","1960.2","12100","sarna","OpenSEO/DataForSEO ranked keywords; bounded portfolio sample","2026-08-31"
"lusiadas.pt","https://www.lusiadas.pt/blog/prevencao-estilo-vida/saude-familia/analises-clinicas-glossario","Análises clínicas: o glossário","1","6","1960.2","12100","análise clínica","OpenSEO/DataForSEO ranked keywords; bounded portfolio sample","2026-08-31"
"lusiadas.pt","https://www.lusiadas.pt/blog/doencas-cronicas/que-zona-ou-herpes-zoster","O que é a zona ou herpes-zóster?","1","4","1960.2","12100","doença da zona","OpenSEO/DataForSEO ranked keywords; bounded portfolio sample","2026-08-31"
"lusiadas.pt","https://www.lusiadas.pt/blog/sintomas-tratamentos/passar-uma-alianca-olho-faz-desaparecer-um-tercolho","Passar uma aliança no olho faz desaparecer um terçolho?","1","4","1960.2","12100","terçolho","OpenSEO/DataForSEO ranked keywords; bounded portfolio sample","2026-08-31"
"lusiadas.pt","https://www.lusiadas.pt/blog/prevencao-estilo-vida/saude-mulher/rejuvenescimento-vulva-vagina","Rejuvenescimento da vulva e da vagina","1","4","1960.2","12100","vaginal","OpenSEO/DataForSEO ranked keywords; bounded portfolio sample","2026-08-31"
"dronline.pt","https://dronline.pt/baixa-medica-como-pedir-quais-os-meus-direitos-e-valores-de-pagamento/","Baixa médica: como pedir, quais os meus direitos e ...","122","1","1945.09","43750","baixa medica | atestados medicos | quanto se recebe de baixa | baixa médica pagamento | baixa medica | segurança social baixa médica pagamentos | baixa por internamento é paga a 100 | quem pode passar baixa médica | quem pode passar baixa médica | baixa médica pagamento | pedir baixa online | baixa medica valores | baixa médica valores | segurança social baixa medica pagamentos | baixa médica adse pagamento","OpenSEO/DataForSEO ranked keywords; bounded portfolio sample","2026-08-31"
"hospitaldaluz.pt","https://www.hospitaldaluz.pt/en/health-dictionary/c-reactive-protein","C-reactive protein","2","5","1926.54","19800","c reactive protein | c-reactive protein","OpenSEO/DataForSEO ranked keywords; bounded portfolio sample","2026-08-31"
"lusiadas.pt","https://www.lusiadas.pt/blog/prevencao-estilo-vida/nutricao-dieta/acucar-mascavado-preferivel-ao-acucar-branco","O açúcar mascavado é preferível ao açúcar branco?","2","2","1763.2","5800","açucar mascavado | açúcar mascavado","OpenSEO/DataForSEO ranked keywords; bounded portfolio sample","2026-08-31"
"lusiadas.pt","https://www.lusiadas.pt/blog/criancas/idade-escolar/escarlatina-que","Escarlatina: o que é?","1","5","1761.13","18100","escarlatina","OpenSEO/DataForSEO ranked keywords; bounded portfolio sample","2026-08-31"
"medis.pt","https://www.medis.pt/mais-medis/saude-e-medicina/dor-nas-costas/","Dor nas costas e na Lombar: Como prevenir e Aliviar ...","2","5","1652.4","10200","costas | dor fundo das costas","OpenSEO/DataForSEO ranked keywords; bounded portfolio sample","2026-08-31"
"hospitaldaluz.pt","https://www.hospitaldaluz.pt/pt/saude-e-bem-estar/alforrecas-caravelas-portuguesas-distinguir-proteger","Alforrecas e caravelas-portuguesas: distinga-as e proteja-se!","1","2","1641.6","5400","alforreca","OpenSEO/DataForSEO ranked keywords; bounded portfolio sample","2026-08-31"
"hospitaldaluz.pt","https://www.hospitaldaluz.pt/pt/dicionario-de-saude/infecoes-sexualmentre-transmissiveis-ists","Infeções sexualmente transmissíveis (ISTs)","1","4","1603.8","9900","dsts","OpenSEO/DataForSEO ranked keywords; bounded portfolio sample","2026-08-31"
"hospitaldaluz.pt","https://www.hospitaldaluz.pt/pt/saude-e-bem-estar/picada-peixe-aranha-que-fazer","Picada de peixe-aranha: o que fazer?","1","5","1603.8","9900","peixe aranha","OpenSEO/DataForSEO ranked keywords; bounded portfolio sample","2026-08-31"
"hospitaldaluz.pt","https://www.hospitaldaluz.pt/torres-de-lisboa/pt/no-hospital/mapa-do-hospital","localizações e pisos | Hospital da Luz Torres de Lisboa","1","2","1603.8","9900","torres de lisboa edifício e","OpenSEO/DataForSEO ranked keywords; bounded portfolio sample","2026-08-31"
"lusiadas.pt","https://www.lusiadas.pt/blog/doencas/sintomas-tratamentos/pe-atleta-que-como-tratar","Pé de atleta: o que é e como tratar","1","4","1603.8","9900","pe de atleta","OpenSEO/DataForSEO ranked keywords; bounded portfolio sample","2026-08-31"
"lusiadas.pt","https://www.lusiadas.pt/blog/nutricao-dieta/tremocos-serao-um-snack-saudavel","Tremoços: serão um snack saudável?","1","5","1603.8","9900","tremoços","OpenSEO/DataForSEO ranked keywords; bounded portfolio sample","2026-08-31"
"hospitaldaluz.pt","https://www.hospitaldaluz.pt/pt/saude-e-bem-estar/como-e-quando-fazer-teste-gravidez","Como e quando fazer um teste de gravidez?","1","4","1440.04","14800","teste de gravidez","OpenSEO/DataForSEO ranked keywords; bounded portfolio sample","2026-08-31"
"lusiadas.pt","https://www.lusiadas.pt/blog/doencas/doencas-cronicas/esteatose-hepatica-ou-figado-gordo-que","Esteatose hepática ou fígado gordo: o que é","1","5","1440.04","14800","fígado gordo","OpenSEO/DataForSEO ranked keywords; bounded portfolio sample","2026-08-31"
"lusiadas.pt","https://www.lusiadas.pt/blog/doencas/sintomas-tratamentos/varicela-ou-sarampo","Varicela ou sarampo?","1","6","1440.04","14800","varicela","OpenSEO/DataForSEO ranked keywords; bounded portfolio sample","2026-08-31"
"lusiadas.pt","https://www.lusiadas.pt/blog/prevencao-estilo-vida/nutricao-dieta/como-ser-vegan-saudavel","Como ser vegan e saudável","1","4","1440.04","14800","vegan","OpenSEO/DataForSEO ranked keywords; bounded portfolio sample","2026-08-31"
"medis.pt","https://www.medis.pt/mais-medis/dieta-e-nutricao/beneficios-da-beterraba-para-a-sua-saude/","Conheça os benefícios da beterraba para o seu bem-estar","3","4","1409.4","8700","benefícios beterraba | beterraba beneficios | beterraba benefícios","OpenSEO/DataForSEO ranked keywords; bounded portfolio sample","2026-08-31"
"dronline.pt","https://dronline.pt/gripe-h3n2/","H3N2: Quais os sintomas desta nova variante da gripe","24","1","1344.92","20600","sintomas gripe k | gripe k | gripe h3n2 sintomas | h3n2 | gripe h3n2 | gripe nova | nova gripe | sintomas gripe k | gripe a: sintomas | nova gripe em portugal | h3n2 sintomas | nova gripe sintomas | sintomas da nova gripe | gripe h3n2 | h3n2 sintomas","OpenSEO/DataForSEO ranked keywords; bounded portfolio sample","2026-08-31"
"hospitaldaluz.pt","https://www.hospitaldaluz.pt/pt/dicionario-de-saude/brazilian-butt-lift-bbl","Brazilian butt lift (BBL): o que é | Hospital da ...","1","1","1337.6","4400","bbl","OpenSEO/DataForSEO ranked keywords; bounded portfolio sample","2026-08-31"
"hospitaldaluz.pt","https://www.hospitaldaluz.pt/pt/dicionario-de-saude/mononucleose-doenca-do-beijo","Mononucleose infecciosa ou doença do beijo","1","2","1337.6","4400","doença do beijinho","OpenSEO/DataForSEO ranked keywords; bounded portfolio sample","2026-08-31"
"hospitaldaluz.pt","https://www.hospitaldaluz.pt/funchal/pt/encontre-um-medico","Médicos e outros profissionais | Hospital da Luz Funchal","1","1","1337.6","4400","hospital da luz funchal","OpenSEO/DataForSEO ranked keywords; bounded portfolio sample","2026-08-31"
"hospitaldaluz.pt","https://www.hospitaldaluz.pt/pt/saude-e-bem-estar/o-jejum-intermitente","O jejum intermitente é a melhor dieta?","1","2","1337.6","4400","jejum intermitente","OpenSEO/DataForSEO ranked keywords; bounded portfolio sample","2026-08-31"
"hospitaldaluz.pt","https://www.hospitaldaluz.pt/lisboa/pt/especialidades/ortopedia","Ortopedia: consultas, tratamentos | Hospital da Luz Lisboa","1","6","1337.6","4400","ortopedistas","OpenSEO/DataForSEO ranked keywords; bounded portfolio sample","2026-08-31"
"lusiadas.pt","https://www.lusiadas.pt/blog/prevencao-estilo-vida/saude-familia/jet-lag-porque-acontece-que-faz-ao-seu-corpo","Jet Lag: porque acontece e o que faz ao seu corpo","1","2","1337.6","4400","jet lag","OpenSEO/DataForSEO ranked keywords; bounded portfolio sample","2026-08-31"
"lusiadas.pt","https://www.lusiadas.pt/blog/doencas/sintomas-tratamentos/tromboflebite-que-diagnostico-tratamento","Tromboflebite: o que é; diagnóstico e tratamento","1","2","1337.6","4400","tromboflebite","OpenSEO/DataForSEO ranked keywords; bounded portfolio sample","2026-08-31"
"medis.pt","https://www.medis.pt/seguros-de-saude/medis-dental/","Seguro Médis Dental: proteção completa para a sua ...","1","1","1337.6","4400","medis dental","OpenSEO/DataForSEO ranked keywords; bounded portfolio sample","2026-08-31"
"hospitaldaluz.pt","https://www.hospitaldaluz.pt/pt/dicionario-de-saude/sifilis","Sífilis","1","4","1312.2","8100","syphilis","OpenSEO/DataForSEO ranked keywords; bounded portfolio sample","2026-08-31"
"lusiadas.pt","https://www.lusiadas.pt/blog/doencas/sintomas-tratamentos/que-furunculo","O que é o furúnculo?","1","4","1312.2","8100","furúnculos","OpenSEO/DataForSEO ranked keywords; bounded portfolio sample","2026-08-31"
"lusiadas.pt","https://www.lusiadas.pt/en/urgent-care-and-walk-in-consultations","Urgent Care and Walk-in Consultations","1","5","1312.2","8100","hospital near me","OpenSEO/DataForSEO ranked keywords; bounded portfolio sample","2026-08-31"
"medis.pt","https://www.medis.pt/mais-medis/saude-e-medicina/doencas-da-tiroide-prevencao-sintomas-e-tratamento/","Doenças da tiroide: prevenção, sintomas e tratamento","1","4","1312.2","8100","tiroide","OpenSEO/DataForSEO ranked keywords; bounded portfolio sample","2026-08-31"
"medis.pt","https://www.medis.pt/guia-medis/","Guia Médis uma rede de prestadores de cuidados de saúde","4","1","1260.2","5500","clinica medis | rede medis | médis clínicas com acordo | guia medis","OpenSEO/DataForSEO ranked keywords; bounded portfolio sample","2026-08-31"
"medis.pt","https://www.medis.pt/simulador/","Simulador de seguro saúde","4","1","1234.24","4060","seguro medis | seguro saude simulador | simulador seguro saude | simulador seguro saúde","OpenSEO/DataForSEO ranked keywords; bounded portfolio sample","2026-08-31"
"lusiadas.pt","https://www.lusiadas.pt/blog/prevencao-estilo-vida/bem-estar/conselhos-para-se-livrar-piolhos","Conselhos para se livrar dos piolhos","1","6","1192.79","18100","piolhos","OpenSEO/DataForSEO ranked keywords; bounded portfolio sample","2026-08-31"
"mediconanet.pt","https://www.mediconanet.pt/atestados/","Atestados Online - Consulta para atestado por 29€","6","1","1178.97","10830","atestados medicos | atestado médico | atestado medico | atestado medico online | atestado.medico online | atestado","OpenSEO/DataForSEO ranked keywords; bounded portfolio sample","2026-08-31"
"hospitaldaluz.pt","https://www.hospitaldaluz.pt/lisboa/pt/servicos/analises-clinicas","Análises clínicas - Lisboa","1","8","1177.33","12100","analises clinicas","OpenSEO/DataForSEO ranked keywords; bounded portfolio sample","2026-08-31"
"hospitaldaluz.pt","https://www.hospitaldaluz.pt/pt/saude-e-bem-estar/secura-vaginal-fale-com-ginecologista","Secura vaginal? Fale com o seu ginecologista","1","5","1177.33","12100","vaginal","OpenSEO/DataForSEO ranked keywords; bounded portfolio sample","2026-08-31"
"lusiadas.pt","https://www.lusiadas.pt/blog/prevencao-estilo-vida/bem-estar/como-preservar-memoria","Como preservar a memória","1","5","1177.33","12100","memória","OpenSEO/DataForSEO ranked keywords; bounded portfolio sample","2026-08-31"
"lusiadas.pt","https://www.lusiadas.pt/blog/prevencao-estilo-vida/nutricao-dieta/um-dia-cumprir-roda-alimentos","Um dia a cumprir a Roda dos Alimentos","1","5","1177.33","12100","roda dos alimentos","OpenSEO/DataForSEO ranked keywords; bounded portfolio sample","2026-08-31"
"lusiadas.pt","https://www.lusiadas.pt/blog/doencas/sintomas-tratamentos/sarna-humana-ou-escabiose-conheca-esta-doenca-pele","Sarna humana ou escabiose: conheça esta doença de pele","1","5","1177.33","12100","sarna","OpenSEO/DataForSEO ranked keywords; bounded portfolio sample","2026-08-31"
"hospitaldaluz.pt","https://www.hospitaldaluz.pt/pt/dicionario-de-saude/balanite-postite-balanopostite","Balanite, postite e balanopostite: o que são","1","2","1094.4","3600","balanite","OpenSEO/DataForSEO ranked keywords; bounded portfolio sample","2026-08-31"
"hospitaldaluz.pt","https://www.hospitaldaluz.pt/pt/saude-e-bem-estar/receitas-bowls-nossas-nutricionistas","6 receitas de bowls das nossas nutricionistas","1","1","1094.4","3600","bowl","OpenSEO/DataForSEO ranked keywords; bounded portfolio sample","2026-08-31"
"hospitaldaluz.pt","https://www.hospitaldaluz.pt/pt/dicionario-de-saude/tratamento-atrofia-vaginal-com-estrogenios","Tratamento da atrofia vaginal com estrogénios","1","4","1094.4","3600","estrogenios","OpenSEO/DataForSEO ranked keywords; bounded portfolio sample","2026-08-31"
"hospitaldaluz.pt","https://www.hospitaldaluz.pt/pt/saude-e-bem-estar/como-prevenir-tratar-frieiras","Como prevenir e tratar frieiras","1","2","1094.4","3600","frieiras","OpenSEO/DataForSEO ranked keywords; bounded portfolio sample","2026-08-31"
"hospitaldaluz.pt","https://www.hospitaldaluz.pt/pt/saude-e-bem-estar/dieta-sem-gluten","Dieta sem glúten é sempre uma boa opção?","1","2","1094.4","3600","gluten","OpenSEO/DataForSEO ranked keywords; bounded portfolio sample","2026-08-31"
"hospitaldaluz.pt","https://www.hospitaldaluz.pt/pt/dicionario-de-saude/gravidez-ectopica","Gravidez ectópica","1","2","1094.4","3600","gravidez ectópica","OpenSEO/DataForSEO ranked keywords; bounded portfolio sample","2026-08-31"
"hospitaldaluz.pt","https://www.hospitaldaluz.pt/pt/dicionario-de-saude/sarna-escabiose-humana","Sarna ou escabiose humana","1","2","1094.4","3600","sarna humana","OpenSEO/DataForSEO ranked keywords; bounded portfolio sample","2026-08-31"
"hospitaldaluz.pt","https://www.hospitaldaluz.pt/pt/saude-e-bem-estar/quando-a-urina-fica-diferente","Quando a urina fica diferente","1","4","1094.4","3600","urina","OpenSEO/DataForSEO ranked keywords; bounded portfolio sample","2026-08-31"
"lusiadas.pt","https://www.lusiadas.pt/blog/prevencao-estilo-vida/nutricao-dieta/3-factos-que-deve-conhecer-sobre-acucar","3 factos que deve conhecer sobre o açúcar","1","3","1094.4","3600","açúcar","OpenSEO/DataForSEO ranked keywords; bounded portfolio sample","2026-08-31"
"lusiadas.pt","https://www.lusiadas.pt/blog/bem-estar/prevencao-estilo-vida/toxina-botulinica-botox-que-quais-vantagens-desvantagens","Toxina Botulínica (Botox): O Que É, Quais as Vantagens e ...","1","3","1094.4","3600","botox","OpenSEO/DataForSEO ranked keywords; bounded portfolio sample","2026-08-31"
"lusiadas.pt","https://www.lusiadas.pt/blog/doencas/cancro/cancro-pele-conheca-diferentes-tipos","Cancro da pele: conheça os diferentes tipos","1","2","1094.4","3600","cancros de pele","OpenSEO/DataForSEO ranked keywords; bounded portfolio sample","2026-08-31"
"lusiadas.pt","https://www.lusiadas.pt/blog/prevencao-estilo-vida/saude-familia/calvicie-por-que-ha-homens-carecas-outros-nao","Calvície: por que há homens carecas e outros não?","1","4","1094.4","3600","carecas","OpenSEO/DataForSEO ranked keywords; bounded portfolio sample","2026-08-31"
"lusiadas.pt","https://www.lusiadas.pt/blog/prevencao-estilo-vida/nutricao-dieta/importancia-coenzima-q10","A importância da coenzima Q10","1","1","1094.4","3600","coenzima q10","OpenSEO/DataForSEO ranked keywords; bounded portfolio sample","2026-08-31"
"lusiadas.pt","https://www.lusiadas.pt/blog/bem-estar/devo-tomar-comprimidos-para-dormir","Devo tomar comprimidos para dormir?","1","3","1094.4","3600","comprimidos para dormir","OpenSEO/DataForSEO ranked keywords; bounded portfolio sample","2026-08-31"
"lusiadas.pt","https://www.lusiadas.pt/blog/prevencao-estilo-vida/saude-mulher/copo-menstrual-melhor-que-um-penso-ou-tampao","O copo menstrual é melhor do que um penso ou tampão?","1","1","1094.4","3600","copo menstrual","OpenSEO/DataForSEO ranked keywords; bounded portfolio sample","2026-08-31"
"lusiadas.pt","https://www.lusiadas.pt/hospitais-clinicas/clinica-lusiadas-faro","Clínica Lusíadas Faro","1","1","1094.4","3600","lusiadas faro","OpenSEO/DataForSEO ranked keywords; bounded portfolio sample","2026-08-31"
"lusiadas.pt","https://www.lusiadas.pt/blog/doencas/sintomas-tratamentos/teste-papanicolau-que-citologia","Teste de Papanicolau: o que é a citologia?","1","2","1094.4","3600","papa nicolau","OpenSEO/DataForSEO ranked keywords; bounded portfolio sample","2026-08-31"
"lusiadas.pt","https://www.lusiadas.pt/blog/saude-mental/paralisia-sono-que-porque-acontece","Paralisia do Sono: O Que É e Porque Acontece","1","2","1094.4","3600","paralisia do sono","OpenSEO/DataForSEO ranked keywords; bounded portfolio sample","2026-08-31"
"hospitaldaluz.pt","https://www.hospitaldaluz.pt/pt/especialidades/acupuntura-medica","Acupuntura: consultas e terapias","1","3","1069.2","6600","acupuntura","OpenSEO/DataForSEO ranked keywords; bounded portfolio sample","2026-08-31"
"hospitaldaluz.pt","https://www.hospitaldaluz.pt/pt/dicionario-de-saude/acidente-vascular-cerebral-o-que-fazer-","Acidente vascular cerebral (AVC)","1","4","1069.2","6600","avc","OpenSEO/DataForSEO ranked keywords; bounded portfolio sample","2026-08-31"
"hospitaldaluz.pt","https://www.hospitaldaluz.pt/pt/especialidades/clinica-geral","Clínica Geral: consultas","1","6","1069.2","6600","clínico","OpenSEO/DataForSEO ranked keywords; bounded portfolio sample","2026-08-31"
"hospitaldaluz.pt","https://www.hospitaldaluz.pt/pt/dicionario-de-saude/suplementos-alimentares","Suplementos alimentares","1","4","1069.2","6600","suplemento alimentar","OpenSEO/DataForSEO ranked keywords; bounded portfolio sample","2026-08-31"
"hospitaldaluz.pt","https://www.hospitaldaluz.pt/pt/dicionario-de-saude/litiase-das-vias-biliares-pedra-na-vesicula","Litíase vesicular ou pedra na vesícula","1","4","1069.2","6600","vesícula","OpenSEO/DataForSEO ranked keywords; bounded portfolio sample","2026-08-31"
"lusiadas.pt","https://www.lusiadas.pt/blog/prevencao-estilo-vida/bem-estar/drenagem-linfatica-factos-mitos","Drenagem linfática: factos e mitos","1","6","1069.2","6600","drenagem linfatica","OpenSEO/DataForSEO ranked keywords; bounded portfolio sample","2026-08-31"
"lusiadas.pt","https://www.lusiadas.pt/blog/doencas/sintomas-tratamentos/como-superar-luto","Como superar o luto","1","3","1069.2","6600","luto","OpenSEO/DataForSEO ranked keywords; bounded portfolio sample","2026-08-31"
"medis.pt","https://www.medis.pt/mais-medis/bem-estar-e-desporto/10-exercicios-para-perder-peso-e-barriga/","10 exercícios para perder peso e barriga","4","6","1037.62","11600","exercício para perder barriga | exercícios para perder barriga | exercícios perder barriga | exercicios para perder barriga","OpenSEO/DataForSEO ranked keywords; bounded portfolio sample","2026-08-31"
"mediconanet.pt","https://www.mediconanet.pt/","Médico na Net - Serviços de Saúde Online","8","1","1005.05","28960","médico na net | medico | medico online | medicos online | medicos | médicos | consulta online | médico online","OpenSEO/DataForSEO ranked keywords; bounded portfolio sample","2026-08-31"
"dronline.pt","https://dronline.pt/peixe-aranha-o-que-fazer-quando-sentir-uma-picada/","Peixe-aranha: o que fazer quando sentir uma picada?","22","1","983.18","23620","peixe aranha | peixe aranha picada | peixe aranha picada | picada peixe-aranha | picada de peixe aranha | peixe-aranha portugal | picada de peixe-aranha | picadas de peixe aranha | picadas de peixe-aranha | peixe-aranha portugal | picada de peixe aranha | picadas de peixe aranha | picadas de peixe-aranha | picada peixe-aranha | picada de peixe-aranha","OpenSEO/DataForSEO ranked keywords; bounded portfolio sample","2026-08-31"
"hospitaldaluz.pt","https://www.hospitaldaluz.pt/pt/saude-e-bem-estar/receitas-bolos-caneca-saudaveis","9 receitas de bolos de caneca saudáveis","1","6","975.32","14800","bolo de caneca","OpenSEO/DataForSEO ranked keywords; bounded portfolio sample","2026-08-31"
"lusiadas.pt","https://www.lusiadas.pt/blog/sintomas-tratamentos/ibuprofeno-vs-paracetamol-tudo-que-precisa-saber","Ibuprofeno vs. Paracetamol: tudo o que precisa de saber","1","6","975.32","14800","ibuprofeno","OpenSEO/DataForSEO ranked keywords; bounded portfolio sample","2026-08-31"
"lusiadas.pt","https://www.lusiadas.pt/blog/prevencao-estilo-vida/nutricao-dieta/vitaminas-que-sao-para-que-servem","Vitaminas: o que são e para que servem?","1","7","975.32","14800","vitamina","OpenSEO/DataForSEO ranked keywords; bounded portfolio sample","2026-08-31"
"lusiadas.pt","https://www.lusiadas.pt/blog/sintomas-tratamentos/que-tem-saber-sobre-amigdalite","O que tem de saber sobre amigdalite","1","5","963.27","9900","amigdalite","OpenSEO/DataForSEO ranked keywords; bounded portfolio sample","2026-08-31"
"lusiadas.pt","https://www.lusiadas.pt/blog/doencas/sintomas-tratamentos/conjuntivite-bacteriana-virica-ou-alergica","Conjuntivite: bacteriana, vírica ou alérgica?","1","6","963.27","9900","conjuntivite","OpenSEO/DataForSEO ranked keywords; bounded portfolio sample","2026-08-31"
"lusiadas.pt","https://www.lusiadas.pt/blog/sintomas-tratamentos/enxaqueca-com-aura-que-sintomas-tratamentos","Enxaqueca com Aura: o que é, sintomas e tratamentos","1","2","881.6","2900","enxaqueca com auras","OpenSEO/DataForSEO ranked keywords; bounded portfolio sample","2026-08-31"
"lusiadas.pt","https://www.lusiadas.pt/blog/prevencao-estilo-vida/exercicio/exercicios-para-perder-barriga","Exercícios para perder barriga","1","4","881.6","2900","exercícios para perder barriga","OpenSEO/DataForSEO ranked keywords; bounded portfolio sample","2026-08-31"
"lusiadas.pt","https://www.lusiadas.pt/hospitais-clinicas/hospital-lusiadas-lisboa/informacao-util","Informação útil | Hospital Lusíadas Lisboa","1","1","881.6","2900","hospital lusíadas lisboa edifício 1","OpenSEO/DataForSEO ranked keywords; bounded portfolio sample","2026-08-31"
"lusiadas.pt","https://www.lusiadas.pt/hospitais-clinicas/hospital-lusiadas-pacos-ferreira","Hospital Lusíadas Paços de Ferreira","1","1","881.6","2900","hospital lusíadas paços de ferreira","OpenSEO/DataForSEO ranked keywords; bounded portfolio sample","2026-08-31"
"lusiadas.pt","https://www.lusiadas.pt/hospitais-clinicas/hospital-lusiadas-santa-maria-feira","Hospital Lusíadas Santa Maria da Feira","1","1","881.6","2900","hospital lusíadas santa maria da feira","OpenSEO/DataForSEO ranked keywords; bounded portfolio sample","2026-08-31"
"lusiadas.pt","https://www.lusiadas.pt/hospitais-clinicas/hospital-lusiadas-vilamoura","Hospital Lusíadas Vilamoura","1","1","881.6","2900","hospital lusíadas vilamoura","OpenSEO/DataForSEO ranked keywords; bounded portfolio sample","2026-08-31"
"lusiadas.pt","https://www.lusiadas.pt/blog/sintomas-tratamentos/sopro-coracao-que","Sopro no coração: o que é","1","3","881.6","2900","sopro no coração","OpenSEO/DataForSEO ranked keywords; bounded portfolio sample","2026-08-31"
"lusiadas.pt","https://www.lusiadas.pt/blog/antes-engravidar/gravidez-maternidade/teste-gravidez-ou-ovulacao-qual-mais-indicado-para-si","Teste de gravidez ou ovulação: qual o mais indicado para si?","1","1","881.6","2900","testes de ovulação","OpenSEO/DataForSEO ranked keywords; bounded portfolio sample","2026-08-31"
"lusiadas.pt","https://www.lusiadas.pt/blog/bem-estar/doencas/doencas-sono-quais-sao-como-tratar","Doenças do sono: quais são e como tratar","1","7","848.89","18100","sono","OpenSEO/DataForSEO ranked keywords; bounded portfolio sample","2026-08-31"
"lusiadas.pt","https://www.lusiadas.pt/blog/prevencao-estilo-vida/nutricao-dieta/vitamina-b12-para-que-serve","Vitamina B12: para que serve?","1","8","848.89","18100","vitamina b12","OpenSEO/DataForSEO ranked keywords; bounded portfolio sample","2026-08-31"
"lusiadas.pt","https://www.lusiadas.pt/blog/prevencao-estilo-vida/nutricao-dieta/kombucha-que-quais-seus-beneficios","Kombucha: o que é e quais os seus benefícios","1","9","797.39","12100","kombucha","OpenSEO/DataForSEO ranked keywords; bounded portfolio sample","2026-08-31"
"medis.pt","https://marketplace.medis.pt/memorium-neuro-ampolas-x30-15281/p","Memorium Neuro Ampolas x30","1","4","797.39","12100","memorium","OpenSEO/DataForSEO ranked keywords; bounded portfolio sample","2026-08-31"
"medis.pt","https://www.medis.pt/mais-medis/saude-e-medicina/candidiase-vaginal-a-infecao-que-pode-prevenir/","Candidíase vaginal: o que é, as causas e como prevenir","1","6","797.39","12100","vaginal","OpenSEO/DataForSEO ranked keywords; bounded portfolio sample","2026-08-31"
"medis.pt","https://www.medis.pt/mais-medis/bem-estar-e-desporto/caibras-o-que-sao-como-evitar/","Cãibras: o que são, como evitar e aliviar as dores","3","7","791.64","16200","caibrãs | cãibras | cãibra","OpenSEO/DataForSEO ranked keywords; bounded portfolio sample","2026-08-31"
"medis.pt","https://www.medis.pt/mais-medis/dieta-e-nutricao/beneficios-dos-mirtilos-na-saude/","Descubra os benefícios dos mirtilos para a sua saúde","2","2","745.6","3200","mirtilos benefícios | benefícios do mirtilo","OpenSEO/DataForSEO ranked keywords; bounded portfolio sample","2026-08-31"
"medis.pt","https://www.medis.pt/mais-medis/saude-e-medicina/jejum-intermitente-pros-e-contras/","Jejum intermitente: prós e contras","2","4","678.76","6800","jejum | jejum intermitente","OpenSEO/DataForSEO ranked keywords; bounded portfolio sample","2026-08-31"
"medis.pt","https://marketplace.medis.pt/biogaia-gotas-5ml-1086/p","Biogaia Probiótico em Gotas Flora Intestinal Infantil 5ml","1","4","642.18","6600","biogaia","OpenSEO/DataForSEO ranked keywords; bounded portfolio sample","2026-08-31"
"knok.pt","https://knok.pt/","knok","33","1","639.28","50790","knok | knok healthcare | nfk | knok portugal | cogno | kmed | knout | healthcare | medico online | médico online | nook | k-med xxi | kmed xxi | kmed europa | nok","OpenSEO/DataForSEO ranked keywords; bounded portfolio sample","2026-08-31"
"medis.pt","https://www.medis.pt/mais-medis/saude-e-medicina/glicemia-valores-normais-como-controlar/","Medir a glicemia para controlar a diabetes","1","4","583.2","3600","glicemia","OpenSEO/DataForSEO ranked keywords; bounded portfolio sample","2026-08-31"
"medis.pt","https://www.medis.pt/mais-medis/saude-mental/mindfulness-o-que-e-e-quais-os-beneficios/","Mindfulness: O que é e quais os benefícios?","1","4","583.2","3600","mindfulness","OpenSEO/DataForSEO ranked keywords; bounded portfolio sample","2026-08-31"
"mediconanet.pt","https://www.mediconanet.pt/produto/receitas-medicas-online/","Receitas médicas online: Trate aqui","13","2","554.53","5020","receita medica | receita online | receitas medicas | pedir receita medica online | receita médica online | receitas online | pedir receitas online | pedir receitas medicas online | pedir receitas médicas online | receita medica online | receitas medicas online | como consultar receitas médicas online | pedir receita online","OpenSEO/DataForSEO ranked keywords; bounded portfolio sample","2026-08-31"
"medis.pt","https://www.medis.pt/vantagens/app-medis/","App Médis: aceda aos seus Serviços de Saúde facilmente","2","1","535.04","1760","app medis | medis app","OpenSEO/DataForSEO ranked keywords; bounded portfolio sample","2026-08-31"
"medis.pt","https://www.medis.pt/vantagens/medico-online/","Médico Online Médis: Consultas práticas através da App ...","2","2","535.04","1760","medico online | médico online","OpenSEO/DataForSEO ranked keywords; bounded portfolio sample","2026-08-31"
"dronline.pt","https://dronline.pt/en/","Do you need a doctor? Go to Dr.Online! - DrOnline.pt","2","1","501.36","4800","doctor | doctor","OpenSEO/DataForSEO ranked keywords; bounded portfolio sample","2026-08-31"
"medis.pt","https://www.medis.pt/mais-medis-20/saude-a-z/doencas/amigdalite-aguda/","Amigdalite aguda","1","9","464.31","9900","amigdalite","OpenSEO/DataForSEO ranked keywords; bounded portfolio sample","2026-08-31"
"medis.pt","https://marketplace.medis.pt/gestacare-gestacao-caps-30-426/p","Gestacare Gestação com Ácido Fólico e Ómega 3 30 cápsulas","1","6","434.94","6600","gestacare","OpenSEO/DataForSEO ranked keywords; bounded portfolio sample","2026-08-31"
"dronline.pt","https://dronline.pt/virose-sintomas/","Virose: sintomas e os vários tipos de infeção","28","1","433.07","9370","virose | o que virose | o que é virose | o'que e virose | o'que é virose | sintomas virose | virose intestinal | viroses | virose em portugal hoje | virose em portugal hoje | nova virose em portugal sintomas | viroses atuais | viroses gastrointestinais | viroses | sintomas virose gastrointestinal","OpenSEO/DataForSEO ranked keywords; bounded portfolio sample","2026-08-31"
"medis.pt","https://marketplace.medis.pt/fisiogen-ferro-forte-caps-30-410/p","Fisiogen Ferro Forte 30 cápsulas - Marketplace Médis - Medis","1","4","428.12","4400","fisiogen ferro forte","OpenSEO/DataForSEO ranked keywords; bounded portfolio sample","2026-08-31"
"teleconsultaportugal.com","https://teleconsultaportugal.com/consultas-online/","Consultas Online","11","1","407.22","4700","consultas online | medico online consulta | medico online | médico online | consulta online portugal | consulta médica | medicos online | consulta médica online | consulta médico | consulta médico online | medicina online","OpenSEO/DataForSEO ranked keywords; bounded portfolio sample","2026-08-31"
"mediconanet.pt","https://www.mediconanet.pt/atestado-medico-carta-de-conducao/","Atestado Médico para a Carta de Condução: Guia para 2026","9","5","390.95","8090","atestado medico para carta de condução | atestado médico para carta de condução | atestado médico carta de condução | atestado medico carta condução | atestado para carta de condução | atestado médico para renovar carta de condução | exame médico para carta de condução | onde obter atestado médico para carta de condução | atestado carta de condução","OpenSEO/DataForSEO ranked keywords; bounded portfolio sample","2026-08-31"
"medis.pt","https://marketplace.medis.pt/magnesium-citrate--citrato-de-magnesio--7523/p","Citrato de Magnésio Now Função Nervosa e Muscular","1","4","388.8","2400","magnésio citrato","OpenSEO/DataForSEO ranked keywords; bounded portfolio sample","2026-08-31"
"mediconanet.pt","https://www.mediconanet.pt/glp-1-vs-gip-glp-1-diferencas-eficacia/","GLP-1 vs GIP/GLP-1: Diferenças e Qual é Mais Eficaz","3","8","376.48","14800","glp 1 | glp-1 | glp","OpenSEO/DataForSEO ranked keywords; bounded portfolio sample","2026-08-31"
"dronline.pt","https://dronline.pt/produto/atestado-de-conducao-apoio-imtonline/","Atestado Médico Carta de Condução","67","1","368.71","61600","atestado médico carta de condução | atestado medico para carta de condução | atestado medico para carta de condução | a minha carta de condução | atestado médico online para carta de condução | atestado médico online para carta de condução | atestado médico para carta de condução | imt carta de condução | renovar carta de condução online | exame médico para carta de condução | atestado médico imt | atestado médico carta de condução | tirar a carta de condução online | atestado medico carta condução | consulta carta de condução","OpenSEO/DataForSEO ranked keywords; bounded portfolio sample","2026-08-31"
"dronline.pt","https://dronline.pt/simulador-baixa-medica/","Simulador Baixa Médica","10","1","359.51","2690","simulador baixa médica | calculadora baixa medica | calculadora baixa médica | calcular baixa médica | simulador de baixa médica | calcular baixa médica | calculo baixa medica | simulador baixa médica 2025 | cálculo baixa médica segurança social | cálculo subsídio natal baixa médica","OpenSEO/DataForSEO ranked keywords; bounded portfolio sample","2026-08-31"
"medis.pt","https://www.medis.pt/mais-medis/saude-e-medicina/o-que-fazer-em-caso-de-hipoglicemia/","O que fazer em caso de hipoglicémia","1","7","355.86","5400","hipoglicemia","OpenSEO/DataForSEO ranked keywords; bounded portfolio sample","2026-08-31"
"medicinaonline.multicare.pt","https://medicinaonline.multicare.pt/agendar-consulta","Agendar Consulta | Medicina Online Multicare","19","4","342.86","8160","médico online | consulta online | consultas online | marcar consultas | consulta médico | consulta médica | marcação consulta online | marcação consultas online | consulta médica online | medico online consulta | consulta online portugal | marcação de consulta online | marcação online de consultas | marcação de consulta | marcação de consultas online","OpenSEO/DataForSEO ranked keywords; bounded portfolio sample","2026-08-31"
"medis.pt","https://www.medis.pt/mais-medis/saude-e-medicina/sindrome-de-asperger-os-primeiros-sinais-de-alerta/","Síndrome de Asperger: os primeiros sinais de alerta","1","4","307.8","1900","asperger","OpenSEO/DataForSEO ranked keywords; bounded portfolio sample","2026-08-31"
"medis.pt","https://www.medis.pt/mais-medis/dieta-e-nutricao/calcio-o-equilibrio-do-que-nos-sustenta/","Cálcio: uma questão de equilíbrio com a vitamina D","1","2","307.8","1900","cálcio a","OpenSEO/DataForSEO ranked keywords; bounded portfolio sample","2026-08-31"
"medis.pt","https://www.medis.pt/seguros-de-saude/medis-light/","Seguro Médis Light: Soluções de Saúde acessíveis para si","1","1","304","1000","medis light","OpenSEO/DataForSEO ranked keywords; bounded portfolio sample","2026-08-31"
"teleconsultaportugal.com","https://teleconsultaportugal.com/","Teleconsulta Portugal - Vive. Nós cuidamos.","4","1","295.96","1450","teleconsulta | teleconsulta portugal | telemedicina portugal | consultas online portugal","OpenSEO/DataForSEO ranked keywords; bounded portfolio sample","2026-08-31"
"medis.pt","https://www.medis.pt/mais-medis/bem-estar-e-desporto/por-que-tem-dores-musculares/","Por que tem dores musculares?","1","5","282.17","2900","dores","OpenSEO/DataForSEO ranked keywords; bounded portfolio sample","2026-08-31"
"medis.pt","https://www.medis.pt/mais-medis/saude-mental/sorriso-o-lado-mais-saudavel-da-vida/","Sorriso: o lado mais saudável da vida","1","7","282.17","2900","sorriso","OpenSEO/DataForSEO ranked keywords; bounded portfolio sample","2026-08-31"
"medis.pt","https://www.medis.pt/mais-medis/bem-estar-e-desporto/stress-como-assumir-o-controlo-da-sua-vida/","Stress: o que é, como o reconhecer e como gerir?","1","5","282.17","2900","stress","OpenSEO/DataForSEO ranked keywords; bounded portfolio sample","2026-08-31"
"teleconsultaportugal.com","https://teleconsultaportugal.com/gripes-e-constipacoes/sintomas-e-tratamentos-gripe-sazonal-vs-gripe-a-vs-covid-19/","Sintomas e tratamentos: Gripe Sazonal vs Gripe A vs Covid ...","5","15","279.87","45200","gripe a | sintomas gripe a | gripe a sintomas | gripe a: sintomas | sintomas de gripe a","OpenSEO/DataForSEO ranked keywords; bounded portfolio sample","2026-08-31"
"medis.pt","https://www.medis.pt/mais-medis/saude-e-medicina/sintomas-gripe-a/","Sintomas da Gripe A: quais os mais comuns?","1","8","273.78","8100","gripe a: sintomas","OpenSEO/DataForSEO ranked keywords; bounded portfolio sample","2026-08-31"
"medis.pt","https://www.medis.pt/mais-medis/saude-mental/autismo-nivel-1/","Autismo Nível 1: Sintomas, Diagnóstico e Suporte no TEA ...","1","2","267.52","880","autista nivel 1","OpenSEO/DataForSEO ranked keywords; bounded portfolio sample","2026-08-31"
"medis.pt","https://www.medis.pt/mais-medis/saude-e-medicina/sos-diarreia-o-que-fazer-quando-aparece/","SOS diarreia: por que acontece e o que fazer para a travar?","1","5","259.2","1600","como parar a diarreia rapidamente","OpenSEO/DataForSEO ranked keywords; bounded portfolio sample","2026-08-31"
"medis.pt","https://marketplace.medis.pt/magnesium-inositol-relax-powder--magnesio---inositol--7493/p","Magnésio + Inositol em Pó Now Sistema Nervoso 453g","1","2","259.2","1600","magnésio inositol","OpenSEO/DataForSEO ranked keywords; bounded portfolio sample","2026-08-31"
"medis.pt","https://marketplace.medis.pt/structomax-po-saq-28-6305/p","Structomax Ossos e Articulações 28 Saquetas","1","7","253.26","5400","structomax","OpenSEO/DataForSEO ranked keywords; bounded portfolio sample","2026-08-31"
"medis.pt","https://www.medis.pt/media/6675/guia-de-sau-de-sau-de-mental.pdf","SAÚDE MENTAL","1","6","237.24","3600","saude mental definição","OpenSEO/DataForSEO ranked keywords; bounded portfolio sample","2026-08-31"
"medis.pt","https://marketplace.medis.pt/gestacare-preconceptivo-caps-30-744/p","Gestacare Preconceptivo Saúde Reprodutiva e Fertilidade","1","5","233.52","2400","gestacare preconceptivo","OpenSEO/DataForSEO ranked keywords; bounded portfolio sample","2026-08-31"
"medis.pt","https://marketplace.medis.pt/zumub","Zumub | Médis - Marketplace Médis - Produtos de saúde e ...","1","24","217.2","90500","zumub","OpenSEO/DataForSEO ranked keywords; bounded portfolio sample","2026-08-31"
"medis.pt","https://marketplace.medis.pt/inocare-caps-60-1119/p","Inocare Saúde Hormonal Feminina 60 cápsulas","1","3","210.6","1300","inocare","OpenSEO/DataForSEO ranked keywords; bounded portfolio sample","2026-08-31"
"medis.pt","https://www.medis.pt/mais-medis/saude-e-medicina/e-o-fim-da-picada-6-medidas-para-as-picadas-de-insetos/","6 medidas para as picadas de insetos","1","4","210.6","1300","picadas de melgas","OpenSEO/DataForSEO ranked keywords; bounded portfolio sample","2026-08-31"
"medis.pt","https://www.medis.pt/mais-medis/bem-estar-e-desporto/5-tecnicas-infaliveis-para-relaxar/","5 técnicas infalíveis para relaxar","1","3","210.6","1300","relaxar","OpenSEO/DataForSEO ranked keywords; bounded portfolio sample","2026-08-31"
"medis.pt","https://www.medis.pt/mais-medis/bem-estar-e-desporto/8-potenciais-consequencias-do-sedentarismo/","As consequências do sedentarismo","1","4","210.6","1300","sedentarismo","OpenSEO/DataForSEO ranked keywords; bounded portfolio sample","2026-08-31"
"dronline.pt","https://dronline.pt/produto/atestado-de-conducao-e-exame-psicotecnico-presencial-apoio-imtonline-n/","Exame psicotécnico e atestado médico","13","1","210.02","4410","exame psicotecnico | exame psicotécnico | exame psicotecnico | onde fazer testes psicotecnicos para carta de condução | psicotécnico | teste psicotecnico | teste psicotécnico | testes psicotécnicos para carta de condução grátis | exame psicotécnico | onde fazer testes psicotécnicos para carta de condução | onde fazer testes psicotécnicos para carta de condução | testes psicotécnicos online função pública | exames psicotécnicos","OpenSEO/DataForSEO ranked keywords; bounded portfolio sample","2026-08-31"
"medis.pt","https://www.medis.pt/mais-medis/saude-e-medicina/pe-de-atleta-o-que-e-e-como-prevenir/","Pé de atleta: o que é e como prevenir?","1","14","195.03","9900","pe de atleta","OpenSEO/DataForSEO ranked keywords; bounded portfolio sample","2026-08-31"
"medis.pt","https://marketplace.medis.pt/magnesium-malate--malato-de-magnesio--7490/p","Malato de Magnésio Now Fadiga Muscular 180 comprimidos","1","4","184.87","1900","magnésio malate","OpenSEO/DataForSEO ranked keywords; bounded portfolio sample","2026-08-31"
"medis.pt","https://www.medis.pt/mais-medis-20/covid-19/prevencao-da-covid-19/covid-19-a-importancia-de-prevenir-esclarecer-e-apoiar/","COVID-19: A importância de prevenir, esclarecer e apoiar","1","7","182.52","5400","covid 19","OpenSEO/DataForSEO ranked keywords; bounded portfolio sample","2026-08-31"
"medis.pt","https://www.medis.pt/mais-medis/saude-e-medicina/doenca-cronica-o-que-e/","Doença Crónica: O Que É, Como Prevenir e Viver Melhor","1","8","182.52","5400","doencas","OpenSEO/DataForSEO ranked keywords; bounded portfolio sample","2026-08-31"
"medis.pt","https://www.medis.pt/mais-medis/dieta-e-nutricao/conheca-os-beneficios-dos-figos/","Figos: alimento do mês para disfrutar em várias receitas","1","13","181.5","12100","figos","OpenSEO/DataForSEO ranked keywords; bounded portfolio sample","2026-08-31"
"mediconanet.pt","https://www.mediconanet.pt/injecoes-para-emagrecer-como-funcionam/","Injeções para Emagrecer Online em Portugal","3","8","171.15","9060","injeções para emagrecer | injeção para emagrecer | injeção para emagrecer portugal","OpenSEO/DataForSEO ranked keywords; bounded portfolio sample","2026-08-31"
"dronline.pt","https://dronline.pt/en/peixe-aranha-o-que-fazer-quando-sentir-uma-picada/","Spiderfish: what to do when you feel a sting? - DrOnline.pt","4","1","144.71","1060","spider fish | spider fish | spider fish portugal | spider fish portugal","OpenSEO/DataForSEO ranked keywords; bounded portfolio sample","2026-08-31"
"teleconsultaportugal.com","https://teleconsultaportugal.com/consulta/consulta-de-atestados/","Atestado de Carta de Condução","12","5","136.65","12700","atestado medico | atestado para carta de condução | atestado médico carta de condução | atestado medico online | atestado.medico online | atestado médico online para carta de condução | atestado médico para carta de condução sns | atestado médico para carta de condução | sns atestado médico para carta de condução | atestado carta de condução | atestados medicos | atestado medico carta condução","OpenSEO/DataForSEO ranked keywords; bounded portfolio sample","2026-08-31"
"dronline.pt","https://dronline.pt/produto/baixa-medica-online-certificado-de-incapacidade-temporaria/","Baixa Médica Online (Certificado de Incapacidade ...","10","4","129.77","4160","pedir baixa médica online | baixa médica online | baixa psicológica | como pedir baixa psicologica | auto baixa medica | baixa por burnout | afastamento | autodeclaração de baixa | serviço de verificação de incapacidade temporária | trust baixa","OpenSEO/DataForSEO ranked keywords; bounded portfolio sample","2026-08-31"
"mediconanet.pt","https://www.mediconanet.pt/o-que-e-e-como-funciona-o-cit-ou-baixa-medica-em-portugal/","O que é e como funciona o CIT ou Baixa Médica em ...","1","7","112.56","2400","cit","OpenSEO/DataForSEO ranked keywords; bounded portfolio sample","2026-08-31"
"medicinaonline.multicare.pt","https://medicinaonline.multicare.pt/","Medicina Online Multicare","4","5","111.97","2070","medico online | medicos online | consulta médico online | consultas online portugal","OpenSEO/DataForSEO ranked keywords; bounded portfolio sample","2026-08-31"
"dronline.pt","https://dronline.pt/phda-o-que-e-e-quais-os-sintomas/","PHDA: O que é e quais os seus sintomas","6","9","105.26","20570","phda o que é | phda | phda significado | phda o que e | phda o'que e | o que é phda","OpenSEO/DataForSEO ranked keywords; bounded portfolio sample","2026-08-31"
"mediconanet.pt","https://www.mediconanet.pt/jet-lag-e-adaptacao-ao-fuso-guia-2026/","Jet Lag e Adaptação ao Fuso: Guia 2026","2","10","99.88","5280","jet lag | jet lag o que é","OpenSEO/DataForSEO ranked keywords; bounded portfolio sample","2026-08-31"
"dronline.pt","https://dronline.pt/pneumonia/","Pneumonia: Saiba os sintomas e se é contagiosa","7","1","97.94","4000","pneumonia contagiosa | pneumonia contagiosa | a pneumonia e contagiosa | infecção respiratória pega se | pulmão com pneumonia | quais os sintomas de pneumonia | pneumonia pega se","OpenSEO/DataForSEO ranked keywords; bounded portfolio sample","2026-08-31"
"mediconanet.pt","https://www.mediconanet.pt/produto/baixa-medica/","Baixa Médica e CIT - Certificado de Incapacidade ...","5","5","84.69","1500","pedir baixa médica online | pedir baixa online | baixa médica online | como pedir baixa médica | como pedir baixa online","OpenSEO/DataForSEO ranked keywords; bounded portfolio sample","2026-08-31"
"mediconanet.pt","https://www.mediconanet.pt/regresso-ao-trabalho-apos-baixa-medica/","Regresso ao trabalho após baixa médica: direitos e passos","2","4","73.03","600","regresso ao trabalho após baixa prolongada | regresso antecipado ao trabalho","OpenSEO/DataForSEO ranked keywords; bounded portfolio sample","2026-08-31"
"teleconsultaportugal.com","https://teleconsultaportugal.com/saude-mental/auto-teste-avaliacao-do-risco-de-phda/","Auto-teste: Avaliação do Risco de PHDA","2","1","65.94","1210","phda teste | phda adulto","OpenSEO/DataForSEO ranked keywords; bounded portfolio sample","2026-08-31"
"mediconanet.pt","https://www.mediconanet.pt/certificado-de-incapacidade-temporaria-o-que-e/","O que é certificado de incapacidade temporária","4","5","64.32","1470","certificado de incapacidade temporária para o trabalho | certificado de incapacidade temporária | modelo de certificado de incapacidade temporária para o trabalho | certificado incapacidade temporária","OpenSEO/DataForSEO ranked keywords; bounded portfolio sample","2026-08-31"
"dronline.pt","https://dronline.pt/en/baixa-medica-como-pedir-quais-os-meus-direitos-e-valores-de-pagamento/","Sick leave: how to apply, what are my rights and payment ...","3","1","63.24","480","sick leave | sick leave | baixa médica em inglês","OpenSEO/DataForSEO ranked keywords; bounded portfolio sample","2026-08-31"
"dronline.pt","https://dronline.pt/guia/saude/hidrocelo/","Hidrocelo - Guia de Saúde Dr.Online","1","8","60.97","1300","hidrocelo","OpenSEO/DataForSEO ranked keywords; bounded portfolio sample","2026-08-31"
"teleconsultaportugal.com","https://teleconsultaportugal.com/definicao/miocardite/","Informações sobre Miocardite","2","9","48.29","1620","miocardite | miocardite sintomas","OpenSEO/DataForSEO ranked keywords; bounded portfolio sample","2026-08-31"
"dronline.pt","https://dronline.pt/produto/nutricionista-online/","Nutricionista Online - Consulta de Nutrição","16","1","46.53","4080","nutricionista online | nutricionista online | consulta de nutrição | consulta ao nutricionista | consulta de nutriçao | consultas de nutricao | consultas de nutrição | consulta nutriçao | consulta nutrição | consultas nutricao | consultas nutricionista | nutricionista consulta | consulta nutricionista | nutricionista consultas | medicos nutricionistas","OpenSEO/DataForSEO ranked keywords; bounded portfolio sample","2026-08-31"
"dronline.pt","https://www.dronline.pt/en/perturbacao-de-hiperatividade-e-defice-de-atencao-os-seus-subtipos-e-caracteristicas/","Attention Deficit Hyperactivity Disorder: its subtypes and ...","1","18","45.36","8100","hyperactivity disorder","OpenSEO/DataForSEO ranked keywords; bounded portfolio sample","2026-08-31"
"teleconsultaportugal.com","https://teleconsultaportugal.com/saude-mental/auto-teste-burnout/","Auto-teste: estarei em Burnout?","1","3","42.12","260","burnout teste","OpenSEO/DataForSEO ranked keywords; bounded portfolio sample","2026-08-31"
"dronline.pt","https://dronline.pt/phda-sintomas-adultos/","PHDA no Adulto: Sinais e Sintomas","7","1","41.5","3200","phda em adulto | phda sintomas adulto | deficit de atenção adulto | déficit de atenção em adulto | phda sintomas adulto | phda adulto | phda no adulto","OpenSEO/DataForSEO ranked keywords; bounded portfolio sample","2026-08-31"
"dronline.pt","https://dronline.pt/gripe-a-e-covid-19-fique-atento-aos-sintomas/","Gripe A e COVID-19: fique atento aos sintomas","3","37","40.78","19420","gripe a | sintomas de gripe a | gripe a sintomas crianças","OpenSEO/DataForSEO ranked keywords; bounded portfolio sample","2026-08-31"
"dronline.pt","https://dronline.pt/doutor-familia/","Junte um médico à sua família - Doutor Família®","2","10","40.71","1890","médico de família | medico de familia","OpenSEO/DataForSEO ranked keywords; bounded portfolio sample","2026-08-31"
"mediconanet.pt","https://www.mediconanet.pt/ureaplasma-vs-mycoplasma-genitalium-diagnostico/","Mycoplasma genitalium vs Ureaplasma: diferença e ...","1","7","38.88","590","ureaplasma","OpenSEO/DataForSEO ranked keywords; bounded portfolio sample","2026-08-31"
"teleconsultaportugal.com","https://teleconsultaportugal.com/definicao/ulcera-da-pele/","Úlcera da pele","6","6","38.75","840","ulcera na pele | ulcera pele | úlceras na pele | úlcera na pele | ulceração na pele | úlcera pele","OpenSEO/DataForSEO ranked keywords; bounded portfolio sample","2026-08-31"
"teleconsultaportugal.com","https://teleconsultaportugal.com/definicao/impetigo/","Impetigo","3","9","38.67","15850","impetigo | pomada para impetigo | impetigo o que e","OpenSEO/DataForSEO ranked keywords; bounded portfolio sample","2026-08-31"
"mediconanet.pt","https://www.mediconanet.pt/hidratacao-e-perda-de-peso-agua-emagrecer/","Hidratação e perda de peso: a água pode ajudar ...","4","6","36.95","650","emagrecer bebendo agua | emagrecer bebendo água | beber agua para emagrecer | beber água para emagrecer","OpenSEO/DataForSEO ranked keywords; bounded portfolio sample","2026-08-31"
"mediconanet.pt","https://www.mediconanet.pt/tdah-definicao-sintomas-e-impacto-na-vida/","TDAH: definição, sintomas e impacto na vida diária","2","47","36.75","17500","tdah | tdah o q é","OpenSEO/DataForSEO ranked keywords; bounded portfolio sample","2026-08-31"
"dronline.pt","https://www.dronline.pt/en/alergia-ao-sol-os-varios-tipos-sintomas-e-tratamento/","Sun allergy: the different types, symptoms and treatment","5","1","36.47","1010","sunlight allergy | sunlight allergy | sun allergy | sun allergy | sun rash","OpenSEO/DataForSEO ranked keywords; bounded portfolio sample","2026-08-31"
"mediconanet.pt","https://www.mediconanet.pt/produto/contracepcao/","Pílula Contraceptiva - Consulta médica online","3","8","36.29","4450","anticoncepcional em portugal | pilula contraceptiva | pilula","OpenSEO/DataForSEO ranked keywords; bounded portfolio sample","2026-08-31"
"mediconanet.pt","https://www.mediconanet.pt/produto/atestado-medico-de-doenca/","Atestado Médico de Doença Online: Marque aqui","1","4","34.02","210","atestado médico portugal","OpenSEO/DataForSEO ranked keywords; bounded portfolio sample","2026-08-31"
"mediconanet.pt","https://www.mediconanet.pt/picada-de-peixe-aranha/","Picada de Peixe-Aranha: Causas e Tratamento Adequado","2","19","29.75","11500","peixe aranha | picada peixe-aranha","OpenSEO/DataForSEO ranked keywords; bounded portfolio sample","2026-08-31"
"mediconanet.pt","https://www.mediconanet.pt/teleconsulta-como-funciona-e-quando-utilizar/","Consulta Médica Online: Como Funciona e Quando Utilizar","1","8","29.74","880","teleconsulta","OpenSEO/DataForSEO ranked keywords; bounded portfolio sample","2026-08-31"
"mediconanet.pt","https://www.mediconanet.pt/pilula-contracetiva-tipos-mecanismo/","Pílula Contracetiva: Tipos e Como Funciona","3","5","29.58","2120","pilula progestativa | pílula progestativa | pílulas","OpenSEO/DataForSEO ranked keywords; bounded portfolio sample","2026-08-31"
"dronline.pt","https://dronline.pt/produto/renovar-receita-medica/","Renovar Receita Médica - Agendar consulta","10","9","29.52","3120","receita medica online | receita online | receita médica online | pedir receitas médicas online | pedir receitas online | pedir receita medica online | receitas online | receitas medicas online | pedir receita online | pedir receitas medicas online","OpenSEO/DataForSEO ranked keywords; bounded portfolio sample","2026-08-31"
"teleconsultaportugal.com","https://teleconsultaportugal.com/definicao/otite/","Otite","4","46","29.4","14000","otite | otites | otite sintomas | sintomas otite","OpenSEO/DataForSEO ranked keywords; bounded portfolio sample","2026-08-31"
"mediconanet.pt","https://www.mediconanet.pt/produto/atestado-para-carta-de-conducao/","Consulta Médica Online para Atestado Carta de Condução","2","7","28.87","6920","atestado médico imt | imt carta de condução","OpenSEO/DataForSEO ranked keywords; bounded portfolio sample","2026-08-31"
"dronline.pt","https://dronline.pt/produto/atestado-doenca/","Atestado Médico Online de Doença - Prático e Conveniente - DrOnline.pt","1","1","27.54","170","atestado medico online","OpenSEO/DataForSEO ranked keywords; bounded portfolio sample","2026-08-31"
"mediconanet.pt","https://www.mediconanet.pt/baixa-medica-ferias-e-subsidio-de-ferias/","Baixa médica, férias e subsídio de férias: o que diz a lei","1","4","27.54","170","perda de férias por baixa médica","OpenSEO/DataForSEO ranked keywords; bounded portfolio sample","2026-08-31"
"mediconanet.pt","https://www.mediconanet.pt/autodeclaracao-de-doenca-como-funciona/","Autodeclaração de doença: como funciona e quando usar","1","29","25.41","12100","autodeclaração de doença","OpenSEO/DataForSEO ranked keywords; bounded portfolio sample","2026-08-31"
"teleconsultaportugal.com","https://teleconsultaportugal.com/definicao/clamidia/","Clamídia","5","40","25.28","12040","clamídia | chlamydia | clamídia o que e | clamídia o que é | clamídia o'que é","OpenSEO/DataForSEO ranked keywords; bounded portfolio sample","2026-08-31"
"mediconanet.pt","https://www.mediconanet.pt/saude-mental-baixa-medica-direitos/","Saúde Mental: Baixa Médica e Direitos do Trabalhador","3","8","24.72","2590","baixa psiquiatrica | baixa psicológica | baixa por burnout","OpenSEO/DataForSEO ranked keywords; bounded portfolio sample","2026-08-31"
"teleconsultaportugal.com","https://teleconsultaportugal.com/prevencao-e-bem-estar/lagarta-do-pinheiro-o-que-fazer-em-caso-de-contacto/","Lagarta do Pinheiro: o que fazer em caso de contacto?","4","9","24.7","7790","lagarta do pinheiro | reação alérgica lagarta do pinheiro efeitos | lagarta do pinheiro sintomas | bicho do pinheiro","OpenSEO/DataForSEO ranked keywords; bounded portfolio sample","2026-08-31"
"mediconanet.pt","https://www.mediconanet.pt/receita-eletronica-prescricao-online-portugal/","Receita Eletrónica: Como Funciona a Prescrição Online","1","11","24","1600","prescrição","OpenSEO/DataForSEO ranked keywords; bounded portfolio sample","2026-08-31"
"dronline.pt","https://dronline.pt/perturbacao-de-hiperatividade-e-defice-de-atencao-os-seus-subtipos-e-caracteristicas/","Perturbação de Hiperatividade e Défice de Atenção: os seus subtipos e características","2","1","22.88","1050","hiperatividade e défice de atenção | perturbação de hiperatividade e défice de atenção","OpenSEO/DataForSEO ranked keywords; bounded portfolio sample","2026-08-31"
"mediconanet.pt","https://www.mediconanet.pt/produto/atestado-de-assistencia-familia/","Atestado de Assistência à Família Online: Consulta Médica ...","1","4","22.68","140","como pedir baixa por assistência a família online","OpenSEO/DataForSEO ranked keywords; bounded portfolio sample","2026-08-31"
"teleconsultaportugal.com","https://teleconsultaportugal.com/saude-mental/os-melhores-psiquiatras-em-portugal-como-escolher/","Os melhores psiquiatras em Portugal – Como Escolher","1","4","22.68","140","psiquiatras portugueses famosos","OpenSEO/DataForSEO ranked keywords; bounded portfolio sample","2026-08-31"
"teleconsultaportugal.com","https://teleconsultaportugal.com/consulta/atestado-de-amamentacao/","Atestado de Amamentação","2","4","22.68","140","atestado amamentação | atestado para amamentação","OpenSEO/DataForSEO ranked keywords; bounded portfolio sample","2026-08-31"
"teleconsultaportugal.com","https://teleconsultaportugal.com/definicao/dermatite/","Dermatite","2","66","22.68","10800","dermatite | dermatites","OpenSEO/DataForSEO ranked keywords; bounded portfolio sample","2026-08-31"
"teleconsultaportugal.com","https://teleconsultaportugal.com/definicao/verrugas/","Verrugas","2","48","22.68","10800","verruga | verrugas","OpenSEO/DataForSEO ranked keywords; bounded portfolio sample","2026-08-31"
"teleconsultaportugal.com","https://teleconsultaportugal.com/saude-mental/autismo-nivel-1-sinais-diagnostico-e-o-papel-da-telemedicina-no-acompanhamento/","Autismo nível 1: sinais, diagnóstico e o papel da ...","1","11","22.53","880","autista nivel 1","OpenSEO/DataForSEO ranked keywords; bounded portfolio sample","2026-08-31"
"dronline.pt","https://kits.dronline.pt/product/teste-testosterona/","Teste Testosterona - DrOnline","9","1","21.86","1920","testar testosterona | testosterona injetavel | testar testosterona | níveis de testosterona por idade tabela | testosterona livre | testosterona comprar | testosterona em comprimido | testosterona em comprimidos | testosterona livre e total","OpenSEO/DataForSEO ranked keywords; bounded portfolio sample","2026-08-31"
"dronline.pt","https://dronline.pt/en/atestado-de-conducao-apoio-imtonline-test/","Driving Certificate (IMTOnline support)","9","9","20.81","3610","imt driving licence tracking | imt online in english | imt portugal online appointment | imt online check status | imtonline login | imt portugal driving licence tracking | imt appointment | driving licence status | serviços online imt","OpenSEO/DataForSEO ranked keywords; bounded portfolio sample","2026-08-31"
"mediconanet.pt","https://www.mediconanet.pt/en/sintomas-da-gonorreia-diagnostico-fatores-risco/","Sintomas da Gonorreia: Diagnóstico e Fatores de Risco","1","59","20.79","9900","gonorreia","OpenSEO/DataForSEO ranked keywords; bounded portfolio sample","2026-08-31"
"dronline.pt","https://dronline.pt/alergia-ao-sol-os-varios-tipos-sintomas-e-tratamento/","Alergia ao sol: os vários tipos, sintomas e tratamento","10","21","19.5","9050","alergia ao sol | alergias ao sol | alergias do sol | alergias ao sol sintomas | alergia sol | alergia solar | alergia ao sol fotos | alergia ao sol sintomas | alergia ao sol: sintomas | alergia ao sol tratamento caseiro","OpenSEO/DataForSEO ranked keywords; bounded portfolio sample","2026-08-31"
"mediconanet.pt","https://www.mediconanet.pt/prevencao-do-vih-prep-pep/","Prevenção do VIH: PrEP, PEP, Preservativo e Estratégias","1","14","18.08","1600","pep","OpenSEO/DataForSEO ranked keywords; bounded portfolio sample","2026-08-31"
"dronline.pt","https://dronline.pt/en/kit-de-emergencia/","Emergency and First Aid Kit","4","7","18","1300","kit emergency | first aid kit | emergency kits | emergency kit","OpenSEO/DataForSEO ranked keywords; bounded portfolio sample","2026-08-31"
"teleconsultaportugal.com","https://teleconsultaportugal.com/definicao/gastrite/","Gastrite","2","66","17.43","8300","gastrite | gastrite cronica","OpenSEO/DataForSEO ranked keywords; bounded portfolio sample","2026-08-31"
"mediconanet.pt","https://www.mediconanet.pt/sintomas-da-clamidia-diagnostico-testes/","Sintomas da Clamídia: Diagnóstico, Testes e Complicações","1","32","17.01","8100","clamídia","OpenSEO/DataForSEO ranked keywords; bounded portfolio sample","2026-08-31"
"mediconanet.pt","https://www.mediconanet.pt/sobre-nos/","Sobre Nós - Medico na Net","1","76","17.01","8100","médico","OpenSEO/DataForSEO ranked keywords; bounded portfolio sample","2026-08-31"
"mediconanet.pt","https://www.mediconanet.pt/tratamento-da-perturbacao-por-consumo-de-alcool/","Tratamento da Perturbação por Consumo de Álcool: Opções","1","5","16.54","170","medicamento para enjoar o álcool portugal","OpenSEO/DataForSEO ranked keywords; bounded portfolio sample","2026-08-31"
"consultas-online.pt","https://www.consultas-online.pt/artigos/faltas-escola","Faltas à Escola por Doença: Como Justificar | ConsultasOnline","3","1","16.39","390","quantas faltas injustificadas posso dar na escola | justificação de faltas escola | justificação de faltas escolares exemplo","OpenSEO/DataForSEO ranked keywords; bounded portfolio sample","2026-08-31"
"teleconsultaportugal.com","https://teleconsultaportugal.com/definicao/dor-de-garganta/","Dor de garganta","3","53","16.17","7700","dor de garganta | dor.de garganta | dor de garganta o'que tomar","OpenSEO/DataForSEO ranked keywords; bounded portfolio sample","2026-08-31"
"dronline.pt","https://dronline.pt/en/produto/medico-para-ouvido/","Ear, Nose and Throat Doctor - Otolaryngologist","3","9","15.95","510","otolaryngologist | otorhinolaryngologist | otorhinolaryngology","OpenSEO/DataForSEO ranked keywords; bounded portfolio sample","2026-08-31"
"dronline.pt","https://dronline.pt/produto/videoconsulta-terapia-casal/","Terapia de Casal e Familiar - Dr.Online","6","6","15.53","3770","terapia de casal online | terapia de casal | terapeuta casal | terapia de casal gratuita | terapia de casal gratuito | preço terapia de casal","OpenSEO/DataForSEO ranked keywords; bounded portfolio sample","2026-08-31"
"teleconsultaportugal.com","https://teleconsultaportugal.com/prevencao-e-bem-estar/novas-regras-para-as-baixas-e-juntas-medicas-em-2024/","Novas regras para as baixas e juntas médicas em 2024","3","9","15.44","2990","nova baixa após junta médica | junta medica | junta médica","OpenSEO/DataForSEO ranked keywords; bounded portfolio sample","2026-08-31"
"dronline.pt","https://dronline.pt/fr/","Avez-vous besoin d'aller chez le médecin ? Aller à Dr.Online!","1","8","15.01","320","médecin","OpenSEO/DataForSEO ranked keywords; bounded portfolio sample","2026-08-31"
"consultas-online.pt","https://www.consultas-online.pt/artigos/baixa-medica","Baixa Médica Online em Portugal: Como Funciona","7","17","14.53","3850","cit | pedir baixa médica online sns | pedir baixa online | como pedir baixa online | como pedir baixa medica | baixa médica online | pedir baixa médica","OpenSEO/DataForSEO ranked keywords; bounded portfolio sample","2026-08-31"
"mediconanet.pt","https://www.mediconanet.pt/en/sintomas-de-tricomoniase-diagnostico/","Sintomas de Tricomoníase: Diagnóstico e Complicações","1","16","14.25","1900","tricomoníase","OpenSEO/DataForSEO ranked keywords; bounded portfolio sample","2026-08-31"
"teleconsultaportugal.com","https://teleconsultaportugal.com/definicao/congestao-nasal/","Congestão nasal","2","11","13.9","1440","congestão nasal | congestionamento nasal","OpenSEO/DataForSEO ranked keywords; bounded portfolio sample","2026-08-31"
"mediconanet.pt","https://www.mediconanet.pt/urticaria-cronica-guia-completo-2026/","Urticária Crónica: Guia Completo 2026","1","29","13.86","6600","urticaria","OpenSEO/DataForSEO ranked keywords; bounded portfolio sample","2026-08-31"
"teleconsultaportugal.com","https://teleconsultaportugal.com/definicao/urticaria/","Urticária","1","81","13.86","6600","urticaria","OpenSEO/DataForSEO ranked keywords; bounded portfolio sample","2026-08-31"
"mediconanet.pt","https://www.mediconanet.pt/en/medical-examinations-and-driving-licence-certificates/","Medical Exams for Driving Licences in Portugal","1","5","13.62","140","medical examination","OpenSEO/DataForSEO ranked keywords; bounded portfolio sample","2026-08-31"
"teleconsultaportugal.com","https://teleconsultaportugal.com/prevencao-e-bem-estar/atestado-medico-para-a-carta-de-conducao/","Passo-a-passo: Atestado para a Carta de Condução","2","14","13.55","2220","atestado medico para carta de condução | atestado médico imt","OpenSEO/DataForSEO ranked keywords; bounded portfolio sample","2026-08-31"
"teleconsultaportugal.com","https://teleconsultaportugal.com/definicao/micose/","Micose","3","43","13.44","6400","micoses | micose pele | micoses na pele","OpenSEO/DataForSEO ranked keywords; bounded portfolio sample","2026-08-31"
"mediconanet.pt","https://www.mediconanet.pt/en/spider-fish-bite/","Spiderfish Sting: Causes and Appropriate Treatment","1","9","13.18","390","spider fish","OpenSEO/DataForSEO ranked keywords; bounded portfolio sample","2026-08-31"
"mediconanet.pt","https://www.mediconanet.pt/como-solicitar-a-baixa-medica-passo-a-passo/","Como solicitar a baixa médica em Portugal: Guia completo","1","7","12.19","260","prazo para renovar baixa médica","OpenSEO/DataForSEO ranked keywords; bounded portfolio sample","2026-08-31"
"dronline.pt","https://dronline.pt/gripe-b/","Gripe B: Conheça os sintomas, e saiba se é contagiosa.","3","1","12.18","1550","gripe b | gripe b | vírus influenza gripe","OpenSEO/DataForSEO ranked keywords; bounded portfolio sample","2026-08-31"
"teleconsultaportugal.com","https://teleconsultaportugal.com/definicao/faringite/","Faringite","2","44","11.97","5700","faringite | faringite sintomas","OpenSEO/DataForSEO ranked keywords; bounded portfolio sample","2026-08-31"
"dronline.pt","https://dronline.pt/hormonas-femininas-impacto-na-saude-da-mulher/","Hormonas Femininas: Impacto na Saúde da Mulher","7","12","11.78","3250","hormona feminina | femeninas | hormonal | hormonio feminino | hormonios femininos | hormônio feminino | hormônios femininos","OpenSEO/DataForSEO ranked keywords; bounded portfolio sample","2026-08-31"
"dronline.pt","https://dronline.pt/produto/renovacao-receita-medica/","Renovação de Tratamento Médico","1","11","11.62","590","receita medica","OpenSEO/DataForSEO ranked keywords; bounded portfolio sample","2026-08-31"
"dronline.pt","https://dronline.pt/produto/consulta-das-alergias/","Consulta das Alergias","7","8","11.32","2030","teste de alergias preço portugal | teste de alergologia | teste alergias | teste de alergias | testes de alergias | testes alergias | teste alergia","OpenSEO/DataForSEO ranked keywords; bounded portfolio sample","2026-08-31"
"mediconanet.pt","https://www.mediconanet.pt/malaria-prevencao-viagem-tropical/","Prevenção da Malária e Cuidados em Viagens","1","16","11.21","1900","malaria","OpenSEO/DataForSEO ranked keywords; bounded portfolio sample","2026-08-31"
"mediconanet.pt","https://www.mediconanet.pt/mycoplasma-genitalium/","Mycoplasma genitalium: Sintomas, Diagnóstico e ...","1","8","10.82","320","mycoplasma genitalium","OpenSEO/DataForSEO ranked keywords; bounded portfolio sample","2026-08-31"
"teleconsultaportugal.com","https://teleconsultaportugal.com/definicao/ulcera-gastrica/","Úlcera gástrica","2","47","10.29","4900","úlcera | úlcera estômago","OpenSEO/DataForSEO ranked keywords; bounded portfolio sample","2026-08-31"
"dronline.pt","https://dronline.pt/produto/requisicao-de-exames/","Requisição de Exames e Análises Clínicas","3","14","10.26","1320","exames médicos | exames medicos | preço analises clinicas","OpenSEO/DataForSEO ranked keywords; bounded portfolio sample","2026-08-31"
"mediconanet.pt","https://www.mediconanet.pt/baixa-medica-direitos-deveres-como-funciona/","Direitos e Como Funciona a Baixa Médica","1","26","10.12","4400","baixa medica","OpenSEO/DataForSEO ranked keywords; bounded portfolio sample","2026-08-31"
"dronline.pt","https://dronline.pt/vitamina-d/","Vitamina D: Alimentação e Suplementos","2","13","9.75","620","vitamina d alimentos | o'que é vitamina d","OpenSEO/DataForSEO ranked keywords; bounded portfolio sample","2026-08-31"
"teleconsultaportugal.com","https://teleconsultaportugal.com/consulta/consulta-de-atestado-de-doenca/","Consulta de Atestado de Doença","1","25","9.72","3600","atestado médico","OpenSEO/DataForSEO ranked keywords; bounded portfolio sample","2026-08-31"
"mediconanet.pt","https://www.mediconanet.pt/en/product/analyses/","Laboratory Analyses","1","19","9.69","1900","analyses","OpenSEO/DataForSEO ranked keywords; bounded portfolio sample","2026-08-31"
"teleconsultaportugal.com","https://teleconsultaportugal.com/definicao/ictericia/","Icterícia","2","30","9.45","4500","icterícia | ictericia","OpenSEO/DataForSEO ranked keywords; bounded portfolio sample","2026-08-31"
"mediconanet.pt","https://www.mediconanet.pt/vacinacao-contra-o-hpv-eficacia-impacto/","Vacinação contra o HPV: Eficácia e Impacto na saúde ...","1","27","9.24","4400","vacina hpv","OpenSEO/DataForSEO ranked keywords; bounded portfolio sample","2026-08-31"
"dronline.pt","https://dronline.pt/guia/saude/conjuntivite/","Conjuntivite - Guia de Saúde Dr.Online","6","44","9.07","4320","conjuntivite tratamento | tratamento conjuntivite | tratamento da conjuntivite | tratamento para conjuntivite | tratamentos para conjuntivite | tratar conjuntivite","OpenSEO/DataForSEO ranked keywords; bounded portfolio sample","2026-08-31"
"mediconanet.pt","https://www.mediconanet.pt/pilula-contracetiva-efeitos-secundarios-riscos/","Pílula Contracetiva: Efeitos Secundários e Riscos","1","9","8.79","260","efeitos secundários da pilula","OpenSEO/DataForSEO ranked keywords; bounded portfolio sample","2026-08-31"
"dronline.pt","https://dronline.pt/produto/consulta-do-viajante/","Consulta do Viajante - Marque agora no Dr.Online","4","10","8.74","1610","consulta viajante online | consulta viajante | marcar consulta do viajante online | marcar consulta viajante","OpenSEO/DataForSEO ranked keywords; bounded portfolio sample","2026-08-31"
"dronline.pt","https://dronline.pt/en/produto/atestado-de-conducao-apoio-imtonline/","Medical Certificate Driving License","5","11","8.64","2080","imt online driving licence exchange | driving licence | imt portugal driving licence exchange | imt driving licence exchange | licence check online","OpenSEO/DataForSEO ranked keywords; bounded portfolio sample","2026-08-31"
"dronline.pt","https://dronline.pt/guia/saude/pneumotorax/","Pneumotórax - Guia de Saúde Dr.Online","6","22","8.52","3940","pneumotórax | pneumotorax | pneumotórax espontâneo | pneumotorax espontâneo | pneumotorax raio x | pneumotórax raio x","OpenSEO/DataForSEO ranked keywords; bounded portfolio sample","2026-08-31"
"teleconsultaportugal.com","https://teleconsultaportugal.com/definicao/papeira/","Papeira","2","24","8.47","3780","papeira | papeira sintomas","OpenSEO/DataForSEO ranked keywords; bounded portfolio sample","2026-08-31"
"mediconanet.pt","https://www.mediconanet.pt/sintomas-para-justificar-baixa-medica-online/","Sintomas Comuns que Podem Justificar a Baixa Médica ...","1","13","7.2","480","justificação medica","OpenSEO/DataForSEO ranked keywords; bounded portfolio sample","2026-08-31"
"mediconanet.pt","https://www.mediconanet.pt/produto/atestado-para-carta-de-conducao/?gad_source=1&gbraid=0AAAAAqsLK1YhbeNujnR61Lx2EnSPj6rqy&fbclid=PAQ0xDSwLAD2hleHRuA2FlbQIxMAABp9UtIFIhKYekhSzfyNz47-iuSZAM5a9U4xdIcsLRYFzm9HSBC-s1PJWAeWNq_aem_I2yrDpfdLqkKE-pdD_n8LQ","Consulta Médica Online para Atestado Carta de Condução","1","7","7.1","210","exame médico imt","OpenSEO/DataForSEO ranked keywords; bounded portfolio sample","2026-08-31"
"dronline.pt","https://dronline.pt/en/produto/consulta-do-viajante/","Travel Consultation - Book now at Dr.Online","1","9","6.66","260","travelling doctor","OpenSEO/DataForSEO ranked keywords; bounded portfolio sample","2026-08-31"
"dronline.pt","https://dronline.pt/produto/atestado-medico-online-para-creche-escola-ou-universidade/","Atestado Médico Online para Creche e Escola","2","1","6.51","420","declaração médica | evicção escolar","OpenSEO/DataForSEO ranked keywords; bounded portfolio sample","2026-08-31"
"dronline.pt","https://dronline.pt/produto/medico-para-ouvido/","Médico para Ouvido, Nariz e Garganta","3","15","6.1","1130","médico do ouvido | médico da garganta | médico do nariz","OpenSEO/DataForSEO ranked keywords; bounded portfolio sample","2026-08-31"
"teleconsultaportugal.com","https://teleconsultaportugal.com/definicao/perturbacao-obsessivo-compulsiva/","Perturbação obsessivo-compulsiva","1","46","6.09","2900","poc","OpenSEO/DataForSEO ranked keywords; bounded portfolio sample","2026-08-31"
"teleconsultaportugal.com","https://teleconsultaportugal.com/definicao/sida/","SIDA","1","44","6.09","2900","sida","OpenSEO/DataForSEO ranked keywords; bounded portfolio sample","2026-08-31"
"teleconsultaportugal.com","https://teleconsultaportugal.com/definicao/sindrome-do-ovario-poliquistico/","Síndrome do Ovário Poliquístico","1","57","6.09","2900","sop","OpenSEO/DataForSEO ranked keywords; bounded portfolio sample","2026-08-31"
"dronline.pt","https://dronline.pt/produto/endocrinologista/","Consulta de Endocrinologia no Dr.Online","2","17","6.04","910","endocrinologia consulta | o'que é endocrinologia","OpenSEO/DataForSEO ranked keywords; bounded portfolio sample","2026-08-31"
"dronline.pt","https://kits.dronline.pt/product/teste-intolerancia-alimentar/","Teste Intolerâncias Alimentares - DrOnline","15","25","5.95","2820","teste intolerância alimentar wells preço | teste intolerância alimentar | testes alergia alimentar | teste de intolerância alimentar | intolerancia alimentar testes | intolerancias alimentares teste | intolerância alimentar teste | teste intolerancia alimentar | teste intolerancias alimentares | teste intolerâncias alimentares | teste a200 | intolerância alimentar teste preço | preço teste intolerância alimentar | teste intolerancia alimentar preço | testes intolerância alimentar preço","OpenSEO/DataForSEO ranked keywords; bounded portfolio sample","2026-08-31"
"dronline.pt","https://dronline.pt/produto/videoconsulta-do-viajante/","Videoconsulta do Viajante - Marque agora no Dr.Online","1","16","5.6","1000","consulta do viajante online","OpenSEO/DataForSEO ranked keywords; bounded portfolio sample","2026-08-31"
"dronline.pt","https://dronline.pt/produto/transtorno-de-deficit-de-atencao-e-hiperatividade/","Perturbação de Hiperatividade e Défice de Atenção (PHDA) Adultos - DrOnline.pt","1","1","5.42","480","o que é phda","OpenSEO/DataForSEO ranked keywords; bounded portfolio sample","2026-08-31"
"teleconsultaportugal.com","https://teleconsultaportugal.com/marcar-consulta-online/","Marcar Consulta Online","1","18","5.1","1000","marcação consultas online","OpenSEO/DataForSEO ranked keywords; bounded portfolio sample","2026-08-31"
"teleconsultaportugal.com","https://teleconsultaportugal.com/definicao/artrite/","Artrite","1","71","5.04","2400","artrites","OpenSEO/DataForSEO ranked keywords; bounded portfolio sample","2026-08-31"
"dronline.pt","https://dronline.pt/guia/saude/fissura-anal/","Fissura anal - Guia de Saúde Dr.Online","2","52","4.83","2300","fissuras anais | fissura","OpenSEO/DataForSEO ranked keywords; bounded portfolio sample","2026-08-31"
"consultas-online.pt","https://www.consultas-online.pt/artigos/faltas-trabalho","Faltas ao Trabalho por Doença: Como Justificar","5","14","4.43","1630","justificação de faltas | declaração para justificar falta ao trabalho | faltas ao trabalho | faltas trabalho | faltas justificadas no trabalho","OpenSEO/DataForSEO ranked keywords; bounded portfolio sample","2026-08-31"
"dronline.pt","https://dronline.pt/produto/nutricao-desportiva/","Consulta de Nutrição Desportiva | Nutricionistas Online","5","54","4.03","1920","nutrição desportiva | nutrição desporto | nutricionista desportivo | nutricionista desporto | nutricionistas desportivos","OpenSEO/DataForSEO ranked keywords; bounded portfolio sample","2026-08-31"
"dronline.pt","https://dronline.pt/guia/saude/mioma/","Mioma - Guia de Saúde Dr.Online","2","36","3.74","1780","o que é um mioma | leiomioma","OpenSEO/DataForSEO ranked keywords; bounded portfolio sample","2026-08-31"
"dronline.pt","https://kits.dronline.pt/product/teste-prostata-psa/","Teste Próstata - DrOnline","3","76","3.63","1730","exame prostata | exame de próstata | analise psa","OpenSEO/DataForSEO ranked keywords; bounded portfolio sample","2026-08-31"
"dronline.pt","https://dronline.pt/atestado-de-conducao-apoio-imtonline-test/","Atestado de Condução (apoio IMTOnline)","1","1","3.55","390","atestado para carta de condução","OpenSEO/DataForSEO ranked keywords; bounded portfolio sample","2026-08-31"
"dronline.pt","https://dronline.pt/produto/videoconsulta-para-ansiedade-e-depressao/","Videoconsulta de Psicologia Clínica - Dr.Online","3","40","3.55","1690","psicologia online | consulta online psicología | psicologia online portugal","OpenSEO/DataForSEO ranked keywords; bounded portfolio sample","2026-08-31"
"dronline.pt","https://dronline.pt/evite-as-vendas-suspensas-em-farmacias/","Evite as Vendas Suspensas em Farmácias","3","50","3.47","1650","prescrição médica | prescrições médicas | prescrição medica","OpenSEO/DataForSEO ranked keywords; bounded portfolio sample","2026-08-31"
"teleconsultaportugal.com","https://teleconsultaportugal.com/definicao/nutricao/","Nutrição","1","26","3.36","1600","nutrição","OpenSEO/DataForSEO ranked keywords; bounded portfolio sample","2026-08-31"
"dronline.pt","https://dronline.pt/avaliador-de-sintomas/","Avaliador de Sintomas Online","1","8","3.35","170","avaliador de sintomas","OpenSEO/DataForSEO ranked keywords; bounded portfolio sample","2026-08-31"
"dronline.pt","https://dronline.pt/en/produto/consulta-medica/","Medical Check-up Consultation","1","12","3.35","170","medical appointment","OpenSEO/DataForSEO ranked keywords; bounded portfolio sample","2026-08-31"
"dronline.pt","https://kits.dronline.pt/product/teste-da-tiroide-tsh/","Teste da Tiroide (TSH)","5","33","3.3","1570","tireoestimulina | análises tiroide | exame tsh | exames tsh | hormona tsh","OpenSEO/DataForSEO ranked keywords; bounded portfolio sample","2026-08-31"
"dronline.pt","https://dronline.pt/kit-de-emergencia/","Kit de Emergência e Primeiros Socorros","3","22","3","1210","kit de primeiros socorros | kit de emergência | lista kit primeiros socorros completo","OpenSEO/DataForSEO ranked keywords; bounded portfolio sample","2026-08-31"
"dronline.pt","https://dronline.pt/guia/saude/esofagite/","Esofagite - Guia de Saúde Dr.Online","1","50","2.73","1300","esofagite","OpenSEO/DataForSEO ranked keywords; bounded portfolio sample","2026-08-31"
"teleconsultaportugal.com","https://teleconsultaportugal.com/definicao/amigdalite/","Amigdalite","1","49","2.73","1300","amigdalites virais","OpenSEO/DataForSEO ranked keywords; bounded portfolio sample","2026-08-31"
"teleconsultaportugal.com","https://teleconsultaportugal.com/definicao/sindrome-do-intestino-irritavel/","Síndrome do Intestino Irritável","1","46","2.73","1300","intestino irritavel","OpenSEO/DataForSEO ranked keywords; bounded portfolio sample","2026-08-31"
"dronline.pt","https://dronline.pt/produto/atestado-medico-carta-conducao/","Atestado Médico Carta Condução - Videoconsulta para ...","2","14","2.72","430","onde obter atestado médico para carta de condução | sns atestado médico para carta de condução","OpenSEO/DataForSEO ranked keywords; bounded portfolio sample","2026-08-31"
"consultas-online.pt","https://www.consultas-online.pt/artigos/atestado-carta-conducao","Atestado Médico para Carta de Condução Online","4","37","2.58","1230","atestado medico carta condução | atestado médico imt | exame médico imt | imt atestado médico","OpenSEO/DataForSEO ranked keywords; bounded portfolio sample","2026-08-31"
"dronline.pt","https://dronline.pt/produto/videoconsulta-de-disfuncoes-erectil/","Consulta de Sexologia - Ajuda médica discreta e ...","1","12","2.37","210","fazer sexologia online","OpenSEO/DataForSEO ranked keywords; bounded portfolio sample","2026-08-31"
"dronline.pt","https://dronline.pt/en/gripe-b/","Flu B: Know the symptoms and find out if it is contagious.","1","15","2.37","210","flu b","OpenSEO/DataForSEO ranked keywords; bounded portfolio sample","2026-08-31"
"dronline.pt","https://dronline.pt/produto/neurologia/","Neurologia - Marque videoconsulta no Dr.Online","2","24","2.33","530","consultas neurologia | neuroconsultas","OpenSEO/DataForSEO ranked keywords; bounded portfolio sample","2026-08-31"
"consultas-online.pt","https://www.consultas-online.pt/","Consulta e Consultas Médicas Online em Portugal ...","4","14","2.27","650","consulta online portugal | atestado medico online | atestado.medico online | consulta médico online","OpenSEO/DataForSEO ranked keywords; bounded portfolio sample","2026-08-31"
"dronline.pt","https://dronline.pt/guia/saude/lesoes-musculares-e-tendoes/","Lesões musculares e dos tendões - Guia de Saúde ...","5","33","2.2","1050","contusões musculares | tendao | tendões da perna | lesão muscular | tendoes perna","OpenSEO/DataForSEO ranked keywords; bounded portfolio sample","2026-08-31"
"dronline.pt","https://dronline.pt/diminuir-sintomas-ansiedade/","Ansiedade: 7 estratégias para diminuir os sintomas - DrOnline.pt","1","1","2.17","110","ansiedade e estresse","OpenSEO/DataForSEO ranked keywords; bounded portfolio sample","2026-08-31"
"dronline.pt","https://dronline.pt/dr-online-montepio/","Plano Dr.Online® / Montepio Associação Mutualista","2","19","2.11","490","montepio saúde acordos | montepio saúde clínicas","OpenSEO/DataForSEO ranked keywords; bounded portfolio sample","2026-08-31"
"dronline.pt","https://dronline.pt/produto/consulta-saude-homem/","Saúde do Homem","1","64","2.1","1000","andrologista","OpenSEO/DataForSEO ranked keywords; bounded portfolio sample","2026-08-31"
"dronline.pt","https://dronline.pt/en/produto/pediatra/","Online Pediatrician - Pediatrics Consultation","1","12","2.1","140","pediatric near me","OpenSEO/DataForSEO ranked keywords; bounded portfolio sample","2026-08-31"
"dronline.pt","https://dronline.pt/dr-miguel-cunha/","Dr. Miguel Cunha","1","13","1.92","170","miguel cunha","OpenSEO/DataForSEO ranked keywords; bounded portfolio sample","2026-08-31"
"consultas-online.pt","https://www.consultas-online.pt/artigos/atestado-amamentacao","Atestado de Amamentação Online em Portugal","2","60","1.83","870","licença de amamentação | amamentação licença","OpenSEO/DataForSEO ranked keywords; bounded portfolio sample","2026-08-31"
"dronline.pt","https://dronline.pt/dra-raquel-rodrigues/","Dra. Raquel Rodrigues","1","15","1.58","210","raquel rodrigues","OpenSEO/DataForSEO ranked keywords; bounded portfolio sample","2026-08-31"
"dronline.pt","https://dronline.pt/dr-a-raquel-varela/","Dra. Raquel Varela","1","32","1.51","720","raquel varela marido","OpenSEO/DataForSEO ranked keywords; bounded portfolio sample","2026-08-31"
"dronline.pt","https://dronline.pt/guia/saude/phda/","O que é. Quais os sintomas da PHDA","2","54","1.37","650","pdah | phda crianças","OpenSEO/DataForSEO ranked keywords; bounded portfolio sample","2026-08-31"
"dronline.pt","https://dronline.pt/produto/video-consulta-de-queda-de-cabelo/","Consulta de Queda de Cabelo","4","27","1.35","620","médico cabelo | medico do cabelo | médico do cabelo | consulta cabelo","OpenSEO/DataForSEO ranked keywords; bounded portfolio sample","2026-08-31"
"dronline.pt","https://kits.dronline.pt/product/painel-de-colesterol/","Teste Colesterol","2","39","1.3","620","colesterol ldl calculado | teste colesterol farmácia preço","OpenSEO/DataForSEO ranked keywords; bounded portfolio sample","2026-08-31"
"dronline.pt","https://dronline.pt/guia/saude/ectropiopalpebra-evertida/","Ectrópio (Pálpebra evertida) - Guia de Saúde Dr.Online","1","43","1.24","590","ectropio","OpenSEO/DataForSEO ranked keywords; bounded portfolio sample","2026-08-31"
"dronline.pt","https://dronline.pt/guia/saude/hernia-do-hiato/","Hérnia do hiato - Guia de Saúde Dr.Online","1","74","1.24","590","hernia de hiato pode virar cancer","OpenSEO/DataForSEO ranked keywords; bounded portfolio sample","2026-08-31"
"dronline.pt","https://dronline.pt/en/produto/videoconsulta-de-disfuncoes-erectil/","Sexology Consultation - Discreet and confidential medical ...","1","37","1.24","590","sexologist","OpenSEO/DataForSEO ranked keywords; bounded portfolio sample","2026-08-31"
"dronline.pt","https://dronline.pt/en/produto/videoconsulta-de-urgencia/","Urgent Medical Video Consultation - Book at Dr.Online","1","47","1.24","590","urgent care","OpenSEO/DataForSEO ranked keywords; bounded portfolio sample","2026-08-31"
"dronline.pt","https://dronline.pt/manuel-pinto-coelho/","Manuel Pinto Coelho: Vacinas e a controvérsia da pandemia","1","17","1.07","210","manuel pinto","OpenSEO/DataForSEO ranked keywords; bounded portfolio sample","2026-08-31"
"dronline.pt","https://dronline.pt/guia/saude/doencas-do-disco-intervertebral/","Doenças do disco intervertebral - Guia de Saúde ...","2","22","0.96","280","disco intervertebral | discos intervertebrais","OpenSEO/DataForSEO ranked keywords; bounded portfolio sample","2026-08-31"
"dronline.pt","https://dronline.pt/guia/saude/fratura-pertrocanterica-intertrocanterica/","Fratura Pertrocantérica / Intertrocantérica - Guia de Saúde ...","1","22","0.9","210","fratura trocantérica","OpenSEO/DataForSEO ranked keywords; bounded portfolio sample","2026-08-31"
"dronline.pt","https://dronline.pt/produto/atestado-profissional/","Atestado de Atividade Profissional - Obtenha Online","2","48","0.88","420","ficha de aptidão medica | ficha de aptidão médica","OpenSEO/DataForSEO ranked keywords; bounded portfolio sample","2026-08-31"
"dronline.pt","https://dronline.pt/guia/saude/hemovitreo/","Hemovítreo - Guia de Saúde Dr.Online","2","58","0.74","350","vitreo | humor vitreo","OpenSEO/DataForSEO ranked keywords; bounded portfolio sample","2026-08-31"
"dronline.pt","https://dronline.pt/dr-online-edp/","Plano Dr.Online® / EDP- sem mensalidades nem vínculos","1","32","0.67","320","plano edp saúde","OpenSEO/DataForSEO ranked keywords; bounded portfolio sample","2026-08-31"
"dronline.pt","https://kits.dronline.pt/product/teste-fertilidade/","Teste Hormonas Femininas","2","46","0.65","310","testes de fertilidade | testes de fertilidade feminina","OpenSEO/DataForSEO ranked keywords; bounded portfolio sample","2026-08-31"
"dronline.pt","https://kits.dronline.pt/product/teste-perimenopausa/","Teste Perimenopausa","2","42","0.59","280","teste menopausa | teste para menopausa","OpenSEO/DataForSEO ranked keywords; bounded portfolio sample","2026-08-31"
"dronline.pt","https://dronline.pt/produto/videoconsulta-de-clinica-geral/","Videoconsulta Médica de Clínica Geral","1","94","0.55","260","médica clinica geral","OpenSEO/DataForSEO ranked keywords; bounded portfolio sample","2026-08-31"
"dronline.pt","https://dronline.pt/produto/exame-psicotecnico-presencial-n/","Exame Psicotécnico Presencial de Condução","2","62","0.53","250","centros de exames de condução | centro de exames de condução imt-leiria","OpenSEO/DataForSEO ranked keywords; bounded portfolio sample","2026-08-31"
"dronline.pt","https://dronline.pt/guia/saude/degenerescencia-macular-da-idade/","Degenerescência Macular da Idade (DMI) - Guia de Saúde ...","1","90","0.44","210","degeneração","OpenSEO/DataForSEO ranked keywords; bounded portfolio sample","2026-08-31"
"dronline.pt","https://www.dronline.pt/es/produto/consulta-de-amamentacao/","Consulta sobre lactancia materna - Pediatra en línea","1","26","0.44","210","lactancia portugal","OpenSEO/DataForSEO ranked keywords; bounded portfolio sample","2026-08-31"
"dronline.pt","https://www.dronline.pt/es/produto/pediatra/","Pediatra en línea - Consulta pediátrica","1","85","0.44","210","pediatra consulta","OpenSEO/DataForSEO ranked keywords; bounded portfolio sample","2026-08-31"
"dronline.pt","https://dronline.pt/dra-diana-mortagua/","Dra. Diana Mortágua","1","47","0.44","210","policlinica mortagua","OpenSEO/DataForSEO ranked keywords; bounded portfolio sample","2026-08-31"
"dronline.pt","https://dronline.pt/produto/videoconsulta-psicologia-infantil-juvenil/","Psicologia Infantil e Juvenil - Consulta Online","1","78","0.44","210","psicologia crianças","OpenSEO/DataForSEO ranked keywords; bounded portfolio sample","2026-08-31"
"dronline.pt","https://dronline.pt/autismo-sinais-e-sintomas/","Autismo: sinais e sintomas em crianças e adultos","1","57","0.36","170","autista características","OpenSEO/DataForSEO ranked keywords; bounded portfolio sample","2026-08-31"
"dronline.pt","https://kits.dronline.pt/product/teste-diabetes/","Teste Diabetes - DrOnline","1","96","0.36","170","exame glicose","OpenSEO/DataForSEO ranked keywords; bounded portfolio sample","2026-08-31"
"dronline.pt","https://dronline.pt/dra-mafalda-delgado-soares/","Dra. Mafalda Delgado Soares","1","25","0.36","170","maria mafalda soares","OpenSEO/DataForSEO ranked keywords; bounded portfolio sample","2026-08-31"
"dronline.pt","https://dronline.pt/contactos/","Contactos","1","46","0.36","170","número de telefone do","OpenSEO/DataForSEO ranked keywords; bounded portfolio sample","2026-08-31"
"dronline.pt","https://dronline.pt/en/phda-o-que-e-e-quais-os-sintomas/","ADHD: What it is and what are its symptoms","1","80","0.29","140","adhd o'que e","OpenSEO/DataForSEO ranked keywords; bounded portfolio sample","2026-08-31"
"dronline.pt","https://dronline.pt/en/consultas-urgencias/","General and emergency clinic video consultations, without ...","1","43","0.29","140","clinic walk in","OpenSEO/DataForSEO ranked keywords; bounded portfolio sample","2026-08-31"
"dronline.pt","https://dronline.pt/produto/consulta-da-menopausa/","Consulta da Menopausa - Dr.Online","1","41","0.29","140","consulta menopausa","OpenSEO/DataForSEO ranked keywords; bounded portfolio sample","2026-08-31"
"dronline.pt","https://dronline.pt/guia/saude/refluxo-laringo-faringeo/","Refluxo laringo-faringeo - Guia de Saúde Dr.Online","1","80","0.29","140","garganta queimando","OpenSEO/DataForSEO ranked keywords; bounded portfolio sample","2026-08-31"
"dronline.pt","https://dronline.pt/en/produto/atestado-de-conducao-e-exame-psicotecnico-presencial-apoio-imtonline-n/","Psychometric examination and medical certificate - DrOnline","1","28","0.29","140","medical exams","OpenSEO/DataForSEO ranked keywords; bounded portfolio sample","2026-08-31"
"dronline.pt","https://dronline.pt/formulario-consulta-para-certificado-de-incapacidade-temporaria/","Consulta para Certificado de Incapacidade Temporária","1","30","0.23","110","modelo de certificado de incapacidade temporária para o trabalho","OpenSEO/DataForSEO ranked keywords; bounded portfolio sample","2026-08-31"
"dronline.pt","https://kits.dronline.pt/product/teste-vitamina-b12/","Teste Vitamina B12","1","57","0.23","110","vitamina b12 valores normais","OpenSEO/DataForSEO ranked keywords; bounded portfolio sample","2026-08-31"
