"url","page_type","topic","title","meta_description","h1","subheadings","content_length","primary_cta","secondary_cta","trust_signals","safety_content","faq_count","schema_types","indexable","canonical","internal_links","ranking_keyword_count","estimated_traffic","referring_domains","observed_at","notes"
"https://www.webdoctor.ie/","homepage","online healthcare","Webdoctor.ie: Ireland's Leading Online Doctor Service ...","","Ireland's leading online doctor service","services|how it works|popular treatments|patient trust","","Book Now","Browse treatments","Trustpilot|press logos|Irish-registered doctors|visible prices","Service limitations presented in downstream templates","","Organization|WebSite|WebPage|AggregateRating|SearchAction|EntryPoint|ImageObject|PostalAddress","true","self","Megamenu|service cards|footer popular searches","","","","2026-08-25","Observed live"
"https://www.webdoctor.ie/about/","trust","company and clinicians","","","About Webdoctor.ie","history|clinicians|governance|media","","Learn more","Contact","Named clinicians|registration numbers|media|accreditation|corporate details","","","Organization|WebPage|BreadcrumbList|AggregateRating","true","self","Policy and clinician links","","","","2026-08-25","Some public claims must not be copied"
"https://www.webdoctor.ie/acne-treatment/","commercial or topic page","","","","","","","","","","","","","Not page-checked","Unavailable","","","","","2026-08-25","Sitemap-discovered inventory row from https://www.webdoctor.ie/page-sitemap.xml; lastmod 2026-05-03T11:15:50+00:00. Not part of the 20-page deep template sample; page-level fields and OpenSEO URL metrics unavailable."
"https://www.webdoctor.ie/adhd-assessment-adults-ireland/","commercial or topic page","","","","","","","","","","","","","Not page-checked","Unavailable","","","","","2026-08-25","Sitemap-discovered inventory row from https://www.webdoctor.ie/page-sitemap.xml; lastmod 2026-07-23T16:51:47+00:00. Not part of the 20-page deep template sample; page-level fields and OpenSEO URL metrics unavailable."
"https://www.webdoctor.ie/adhd-quiz/","commercial or topic page","","","","","","","","","","","","","Not page-checked","Unavailable","","","","","2026-08-25","Sitemap-discovered inventory row from https://www.webdoctor.ie/page-sitemap.xml; lastmod 2026-05-03T11:16:30+00:00. Not part of the 20-page deep template sample; page-level fields and OpenSEO URL metrics unavailable."
"https://www.webdoctor.ie/adhd-quiz/start/","commercial or topic page","","","","","","","","","","","","","Not page-checked","Unavailable","","","","","2026-08-25","Sitemap-discovered inventory row from https://www.webdoctor.ie/page-sitemap.xml; lastmod 2025-10-23T07:46:58+00:00. Not part of the 20-page deep template sample; page-level fields and OpenSEO URL metrics unavailable."
"https://www.webdoctor.ie/anaphylaxis-treatment/","commercial or topic page","","","","","","","","","","","","","Not page-checked","Unavailable","","","","","2026-08-25","Sitemap-discovered inventory row from https://www.webdoctor.ie/page-sitemap.xml; lastmod 2026-05-03T11:17:19+00:00. Not part of the 20-page deep template sample; page-level fields and OpenSEO URL metrics unavailable."
"https://www.webdoctor.ie/anaphylaxis-treatment/injectable-anaphlyaxis-treatment/","commercial or topic page","","","","","","","","","","","","","Not page-checked","Unavailable","","","","","2026-08-25","Sitemap-discovered inventory row from https://www.webdoctor.ie/page-sitemap.xml; lastmod 2026-05-03T11:11:12+00:00. Not part of the 20-page deep template sample; page-level fields and OpenSEO URL metrics unavailable."
"https://www.webdoctor.ie/asthma-treatment/","commercial or topic page","","","","","","","","","","","","","Not page-checked","Unavailable","","","","","2026-08-25","Sitemap-discovered inventory row from https://www.webdoctor.ie/page-sitemap.xml; lastmod 2026-05-03T11:18:50+00:00. Not part of the 20-page deep template sample; page-level fields and OpenSEO URL metrics unavailable."
"https://www.webdoctor.ie/asthma-treatment/asthma-attacks/","commercial or topic page","","","","","","","","","","","","","Not page-checked","Unavailable","","","","","2026-08-25","Sitemap-discovered inventory row from https://www.webdoctor.ie/page-sitemap.xml; lastmod 2024-05-03T08:07:59+00:00. Not part of the 20-page deep template sample; page-level fields and OpenSEO URL metrics unavailable."
"https://www.webdoctor.ie/asthma-treatment/asthma-symptoms/","supporting_article","asthma symptoms","","","Asthma symptoms","symptoms|when to seek help","","Read guidance","Treatment link","Commercial hub association","Urgent-care guidance","","WebPage|BreadcrumbList","true","self","Asthma hub","","","","2026-08-25","Observed cluster example"
"https://www.webdoctor.ie/asthma-treatment/what-is-asthma/","commercial or topic page","","","","","","","","","","","","","Not page-checked","Unavailable","","","","","2026-08-25","Sitemap-discovered inventory row from https://www.webdoctor.ie/page-sitemap.xml; lastmod 2024-05-03T08:08:02+00:00. Not part of the 20-page deep template sample; page-level fields and OpenSEO URL metrics unavailable."
"https://www.webdoctor.ie/avoid-yo-yo-dieting-ireland/","editorial/supporting","","","","","","","","","","","","","Not page-checked","Unavailable","","","","","2026-08-25","Sitemap-discovered inventory row from https://www.webdoctor.ie/post-sitemap.xml; lastmod 2026-08-03T19:18:48+00:00. Not part of the 20-page deep template sample; page-level fields and OpenSEO URL metrics unavailable."
"https://www.webdoctor.ie/bacterial-vaginosis-treatment/","commercial or topic page","","","","","","","","","","","","","Not page-checked","Unavailable","","","","","2026-08-25","Sitemap-discovered inventory row from https://www.webdoctor.ie/page-sitemap.xml; lastmod 2026-05-03T11:19:31+00:00. Not part of the 20-page deep template sample; page-level fields and OpenSEO URL metrics unavailable."
"https://www.webdoctor.ie/bariatric-surgery-nutrition-long-term-success-tips-in-ireland/","editorial/supporting","","","","","","","","","","","","","Not page-checked","Unavailable","","","","","2026-08-25","Sitemap-discovered inventory row from https://www.webdoctor.ie/post-sitemap.xml; lastmod 2026-08-03T19:18:49+00:00. Not part of the 20-page deep template sample; page-level fields and OpenSEO URL metrics unavailable."
"https://www.webdoctor.ie/beat-the-clock-tips-to-avoid-jet-lag-this-summer/","editorial/supporting","","","","","","","","","","","","","Not page-checked","Unavailable","","","","","2026-08-25","Sitemap-discovered inventory row from https://www.webdoctor.ie/post-sitemap.xml; lastmod 2026-08-03T19:18:49+00:00. Not part of the 20-page deep template sample; page-level fields and OpenSEO URL metrics unavailable."
"https://www.webdoctor.ie/bmi-calculator/","commercial or topic page","","","","","","","","","","","","","Not page-checked","Unavailable","","","","","2026-08-25","Sitemap-discovered inventory row from https://www.webdoctor.ie/page-sitemap.xml; lastmod 2026-07-30T09:10:52+00:00. Not part of the 20-page deep template sample; page-level fields and OpenSEO URL metrics unavailable."
"https://www.webdoctor.ie/careers/","commercial or topic page","","","","","","","","","","","","","Not page-checked","Unavailable","","","","","2026-08-25","Sitemap-discovered inventory row from https://www.webdoctor.ie/page-sitemap.xml; lastmod 2025-07-31T09:52:07+00:00. Not part of the 20-page deep template sample; page-level fields and OpenSEO URL metrics unavailable."
"https://www.webdoctor.ie/cholesterol-lowering-diet-ireland/","editorial/supporting","","","","","","","","","","","","","Not page-checked","Unavailable","","","","","2026-08-25","Sitemap-discovered inventory row from https://www.webdoctor.ie/post-sitemap.xml; lastmod 2026-08-03T19:18:49+00:00. Not part of the 20-page deep template sample; page-level fields and OpenSEO URL metrics unavailable."
"https://www.webdoctor.ie/cold-sore-treatment/cold-sore-treatment-options/","commercial or topic page","","","","","","","","","","","","","Not page-checked","Unavailable","","","","","2026-08-25","Sitemap-discovered inventory row from https://www.webdoctor.ie/page-sitemap.xml; lastmod 2024-05-03T08:08:43+00:00. Not part of the 20-page deep template sample; page-level fields and OpenSEO URL metrics unavailable."
"https://www.webdoctor.ie/cold-sore-treatments/","commercial or topic page","","","","","","","","","","","","","Not page-checked","Unavailable","","","","","2026-08-25","Sitemap-discovered inventory row from https://www.webdoctor.ie/page-sitemap.xml; lastmod 2026-05-03T11:23:40+00:00. Not part of the 20-page deep template sample; page-level fields and OpenSEO URL metrics unavailable."
"https://www.webdoctor.ie/cold-sore-treatments/what-causes-cold-sores/","commercial or topic page","","","","","","","","","","","","","Not page-checked","Unavailable","","","","","2026-08-25","Sitemap-discovered inventory row from https://www.webdoctor.ie/page-sitemap.xml; lastmod 2024-05-03T08:08:44+00:00. Not part of the 20-page deep template sample; page-level fields and OpenSEO URL metrics unavailable."
"https://www.webdoctor.ie/collinson/","commercial or topic page","","","","","","","","","","","","","Not page-checked","Unavailable","","","","","2026-08-25","Sitemap-discovered inventory row from https://www.webdoctor.ie/page-sitemap.xml; lastmod 2024-05-03T08:08:46+00:00. Not part of the 20-page deep template sample; page-level fields and OpenSEO URL metrics unavailable."
"https://www.webdoctor.ie/contact-us/","support","contact","","","Contact Webdoctor.ie","contact routes","","Contact","Help centre","Company contact details","","","WebPage|BreadcrumbList","true","self","Help and policy links","","","","2026-08-25","Observed live"
"https://www.webdoctor.ie/contraceptive-pill-patch/","treatment_hub","contraception","","","Contraceptive pill and patch","eligibility|measurements|types|interactions|side effects|urgent safety","","Request Prescription – €25","Related women's health","Irish registration|price|turnaround","Contraindications|side effects|urgent escalation","Present","WebPage|BreadcrumbList|AggregateRating","true","self","Child treatment and education pages","","","","2026-08-25","Observed live; clinically sensitive"
"https://www.webdoctor.ie/contraceptive-pill-patch/best-contraceptive-pill/","commercial or topic page","","","","","","","","","","","","","Not page-checked","Unavailable","","","","","2026-08-25","Sitemap-discovered inventory row from https://www.webdoctor.ie/page-sitemap.xml; lastmod 2024-05-03T08:10:53+00:00. Not part of the 20-page deep template sample; page-level fields and OpenSEO URL metrics unavailable."
"https://www.webdoctor.ie/contraceptive-pill-patch/birth-control-side-effects/","commercial or topic page","","","","","","","","","","","","","Not page-checked","Unavailable","","","","","2026-08-25","Sitemap-discovered inventory row from https://www.webdoctor.ie/page-sitemap.xml; lastmod 2024-05-03T08:08:09+00:00. Not part of the 20-page deep template sample; page-level fields and OpenSEO URL metrics unavailable."
"https://www.webdoctor.ie/contraceptive-pill-patch/combined-oral-contraceptive-pill/","commercial or topic page","","","","","","","","","","","","","Not page-checked","Unavailable","","","","","2026-08-25","Sitemap-discovered inventory row from https://www.webdoctor.ie/page-sitemap.xml; lastmod 2026-06-11T07:58:46+00:00. Not part of the 20-page deep template sample; page-level fields and OpenSEO URL metrics unavailable."
"https://www.webdoctor.ie/contraceptive-pill-patch/contraception-choosing-the-right-type/","commercial or topic page","","","","","","","","","","","","","Not page-checked","Unavailable","","","","","2026-08-25","Sitemap-discovered inventory row from https://www.webdoctor.ie/page-sitemap.xml; lastmod 2024-05-03T08:08:50+00:00. Not part of the 20-page deep template sample; page-level fields and OpenSEO URL metrics unavailable."
"https://www.webdoctor.ie/contraceptive-pill-patch/contraceptive-methods/","commercial or topic page","","","","","","","","","","","","","Not page-checked","Unavailable","","","","","2026-08-25","Sitemap-discovered inventory row from https://www.webdoctor.ie/page-sitemap.xml; lastmod 2024-05-03T08:08:52+00:00. Not part of the 20-page deep template sample; page-level fields and OpenSEO URL metrics unavailable."
"https://www.webdoctor.ie/contraceptive-pill-patch/contraceptive-patch/","commercial or topic page","","","","","","","","","","","","","Not page-checked","Unavailable","","","","","2026-08-25","Sitemap-discovered inventory row from https://www.webdoctor.ie/page-sitemap.xml; lastmod 2026-06-11T07:58:31+00:00. Not part of the 20-page deep template sample; page-level fields and OpenSEO URL metrics unavailable."
"https://www.webdoctor.ie/contraceptive-pill-patch/contraceptive-pill-in-ireland/","supporting_article","contraception education","","","Contraceptive pill in Ireland","education|eligibility|options","","Read guidance","Request pathway","Treatment hub association","Clinical cautions","","WebPage|BreadcrumbList","true","self","Contraception hub","","","","2026-08-25","Observed cluster example"
"https://www.webdoctor.ie/contraceptive-pill-patch/contraceptive-ring/","commercial or topic page","","","","","","","","","","","","","Not page-checked","Unavailable","","","","","2026-08-25","Sitemap-discovered inventory row from https://www.webdoctor.ie/page-sitemap.xml; lastmod 2026-06-11T07:58:08+00:00. Not part of the 20-page deep template sample; page-level fields and OpenSEO URL metrics unavailable."
"https://www.webdoctor.ie/contraceptive-pill-patch/progesterone-only-oral-contraceptive-pill/","commercial or topic page","","","","","","","","","","","","","Not page-checked","Unavailable","","","","","2026-08-25","Sitemap-discovered inventory row from https://www.webdoctor.ie/page-sitemap.xml; lastmod 2026-06-11T07:58:38+00:00. Not part of the 20-page deep template sample; page-level fields and OpenSEO URL metrics unavailable."
"https://www.webdoctor.ie/contraceptive-pill-patch/what-is-birth-control/","commercial or topic page","","","","","","","","","","","","","Not page-checked","Unavailable","","","","","2026-08-25","Sitemap-discovered inventory row from https://www.webdoctor.ie/page-sitemap.xml; lastmod 2026-05-03T09:26:48+00:00. Not part of the 20-page deep template sample; page-level fields and OpenSEO URL metrics unavailable."
"https://www.webdoctor.ie/corporate-healthcare-ireland-key-to-workforce-diversity/","editorial/supporting","","","","","","","","","","","","","Not page-checked","Unavailable","","","","","2026-08-25","Sitemap-discovered inventory row from https://www.webdoctor.ie/post-sitemap.xml; lastmod 2026-08-03T19:18:48+00:00. Not part of the 20-page deep template sample; page-level fields and OpenSEO URL metrics unavailable."
"https://www.webdoctor.ie/corporate-healthcare/","commercial or topic page","","","","","","","","","","","","","Not page-checked","Unavailable","","","","","2026-08-25","Sitemap-discovered inventory row from https://www.webdoctor.ie/page-sitemap.xml; lastmod 2026-08-12T14:28:09+00:00. Not part of the 20-page deep template sample; page-level fields and OpenSEO URL metrics unavailable."
"https://www.webdoctor.ie/cystitis-uti-treatment/","commercial or topic page","","","","","","","","","","","","","Not page-checked","Unavailable","","","","","2026-08-25","Sitemap-discovered inventory row from https://www.webdoctor.ie/page-sitemap.xml; lastmod 2026-05-03T11:27:42+00:00. Not part of the 20-page deep template sample; page-level fields and OpenSEO URL metrics unavailable."
"https://www.webdoctor.ie/cystitis-uti-treatment/cystitis-symptoms-causes/","commercial or topic page","","","","","","","","","","","","","Not page-checked","Unavailable","","","","","2026-08-25","Sitemap-discovered inventory row from https://www.webdoctor.ie/page-sitemap.xml; lastmod 2024-11-30T12:59:08+00:00. Not part of the 20-page deep template sample; page-level fields and OpenSEO URL metrics unavailable."
"https://www.webdoctor.ie/cystitis-uti-treatment/what-is-a-bladder-infection/","commercial or topic page","","","","","","","","","","","","","Not page-checked","Unavailable","","","","","2026-08-25","Sitemap-discovered inventory row from https://www.webdoctor.ie/page-sitemap.xml; lastmod 2024-05-03T08:08:11+00:00. Not part of the 20-page deep template sample; page-level fields and OpenSEO URL metrics unavailable."
"https://www.webdoctor.ie/dermatology/","commercial or topic page","","","","","","","","","","","","","Not page-checked","Unavailable","","","","","2026-08-25","Sitemap-discovered inventory row from https://www.webdoctor.ie/page-sitemap.xml; lastmod 2026-05-03T11:41:14+00:00. Not part of the 20-page deep template sample; page-level fields and OpenSEO URL metrics unavailable."
"https://www.webdoctor.ie/diet-nutrition-dietitian-consultation-online/","commercial or topic page","","","","","","","","","","","","","Not page-checked","Unavailable","","","","","2026-08-25","Sitemap-discovered inventory row from https://www.webdoctor.ie/page-sitemap.xml; lastmod 2026-06-11T07:16:36+00:00. Not part of the 20-page deep template sample; page-level fields and OpenSEO URL metrics unavailable."
"https://www.webdoctor.ie/diverticular-disease-diet-flare/","editorial/supporting","","","","","","","","","","","","","Not page-checked","Unavailable","","","","","2026-08-25","Sitemap-discovered inventory row from https://www.webdoctor.ie/post-sitemap.xml; lastmod 2026-08-03T19:18:48+00:00. Not part of the 20-page deep template sample; page-level fields and OpenSEO URL metrics unavailable."
"https://www.webdoctor.ie/dublinclinic/","location_service","Dublin clinic","","","Dublin clinic","services|prices|booking","","Book appointment","Call clinic","Physical clinic details|prices","Service-specific suitability","","WebPage|BreadcrumbList|AggregateRating|PostalAddress","true","self","Hybrid online and clinic services","","","","2026-08-25","Do not emulate with fake locations"
"https://www.webdoctor.ie/eczema/","commercial or topic page","","","","","","","","","","","","","Not page-checked","Unavailable","","","","","2026-08-25","Sitemap-discovered inventory row from https://www.webdoctor.ie/page-sitemap.xml; lastmod 2026-05-03T11:29:31+00:00. Not part of the 20-page deep template sample; page-level fields and OpenSEO URL metrics unavailable."
"https://www.webdoctor.ie/erectile-dysfunction-treatment/","commercial or topic page","","","","","","","","","","","","","Not page-checked","Unavailable","","","","","2026-08-25","Sitemap-discovered inventory row from https://www.webdoctor.ie/page-sitemap.xml; lastmod 2026-05-03T11:30:02+00:00. Not part of the 20-page deep template sample; page-level fields and OpenSEO URL metrics unavailable."
"https://www.webdoctor.ie/erectile-dysfunction-treatment/best-erectile-dysfunction-pills/","commercial or topic page","","","","","","","","","","","","","Not page-checked","Unavailable","","","","","2026-08-25","Sitemap-discovered inventory row from https://www.webdoctor.ie/page-sitemap.xml; lastmod 2024-05-03T08:10:41+00:00. Not part of the 20-page deep template sample; page-level fields and OpenSEO URL metrics unavailable."
"https://www.webdoctor.ie/erectile-dysfunction-treatment/ed-causes/","commercial or topic page","","","","","","","","","","","","","Not page-checked","Unavailable","","","","","2026-08-25","Sitemap-discovered inventory row from https://www.webdoctor.ie/page-sitemap.xml; lastmod 2024-05-03T08:10:15+00:00. Not part of the 20-page deep template sample; page-level fields and OpenSEO URL metrics unavailable."
"https://www.webdoctor.ie/erectile-dysfunction-treatment/ed-solutions-cures/","commercial or topic page","","","","","","","","","","","","","Not page-checked","Unavailable","","","","","2026-08-25","Sitemap-discovered inventory row from https://www.webdoctor.ie/page-sitemap.xml; lastmod 2024-05-03T08:10:13+00:00. Not part of the 20-page deep template sample; page-level fields and OpenSEO URL metrics unavailable."
"https://www.webdoctor.ie/erectile-dysfunction-treatment/effects-by-age/","commercial or topic page","","","","","","","","","","","","","Not page-checked","Unavailable","","","","","2026-08-25","Sitemap-discovered inventory row from https://www.webdoctor.ie/page-sitemap.xml; lastmod 2024-05-03T08:10:11+00:00. Not part of the 20-page deep template sample; page-level fields and OpenSEO URL metrics unavailable."
"https://www.webdoctor.ie/erectile-dysfunction-treatment/frequently-asked-questions/","commercial or topic page","","","","","","","","","","","","","Not page-checked","Unavailable","","","","","2026-08-25","Sitemap-discovered inventory row from https://www.webdoctor.ie/page-sitemap.xml; lastmod 2024-05-03T08:10:31+00:00. Not part of the 20-page deep template sample; page-level fields and OpenSEO URL metrics unavailable."
"https://www.webdoctor.ie/erectile-dysfunction-treatment/how-to-stop-erectile-dysfunction/","commercial or topic page","","","","","","","","","","","","","Not page-checked","Unavailable","","","","","2026-08-25","Sitemap-discovered inventory row from https://www.webdoctor.ie/page-sitemap.xml; lastmod 2024-05-03T08:11:42+00:00. Not part of the 20-page deep template sample; page-level fields and OpenSEO URL metrics unavailable."
"https://www.webdoctor.ie/excess-female-facial-hair-treatment/","commercial or topic page","","","","","","","","","","","","","Not page-checked","Unavailable","","","","","2026-08-25","Sitemap-discovered inventory row from https://www.webdoctor.ie/page-sitemap.xml; lastmod 2026-05-03T11:30:31+00:00. Not part of the 20-page deep template sample; page-level fields and OpenSEO URL metrics unavailable."
"https://www.webdoctor.ie/genital-herpes-treatment/","commercial or topic page","","","","","","","","","","","","","Not page-checked","Unavailable","","","","","2026-08-25","Sitemap-discovered inventory row from https://www.webdoctor.ie/page-sitemap.xml; lastmod 2026-05-03T11:31:01+00:00. Not part of the 20-page deep template sample; page-level fields and OpenSEO URL metrics unavailable."
"https://www.webdoctor.ie/genital-herpes-treatment/herpes-symptoms/","commercial or topic page","","","","","","","","","","","","","Not page-checked","Unavailable","","","","","2026-08-25","Sitemap-discovered inventory row from https://www.webdoctor.ie/page-sitemap.xml; lastmod 2024-05-03T08:10:59+00:00. Not part of the 20-page deep template sample; page-level fields and OpenSEO URL metrics unavailable."
"https://www.webdoctor.ie/genital-herpes-treatment/herpes-treatment-options/","commercial or topic page","","","","","","","","","","","","","Not page-checked","Unavailable","","","","","2026-08-25","Sitemap-discovered inventory row from https://www.webdoctor.ie/page-sitemap.xml; lastmod 2024-05-03T08:11:30+00:00. Not part of the 20-page deep template sample; page-level fields and OpenSEO URL metrics unavailable."
"https://www.webdoctor.ie/glp1-medications-ireland-guide/","editorial/supporting","","","","","","","","","","","","","Not page-checked","Unavailable","","","","","2026-08-25","Sitemap-discovered inventory row from https://www.webdoctor.ie/post-sitemap.xml; lastmod 2026-08-03T19:18:48+00:00. Not part of the 20-page deep template sample; page-level fields and OpenSEO URL metrics unavailable."
"https://www.webdoctor.ie/hay-fever-treatment-how-and-where-you-can-get-a-prescription/","editorial/supporting","","","","","","","","","","","","","Not page-checked","Unavailable","","","","","2026-08-25","Sitemap-discovered inventory row from https://www.webdoctor.ie/post-sitemap.xml; lastmod 2026-08-03T19:18:50+00:00. Not part of the 20-page deep template sample; page-level fields and OpenSEO URL metrics unavailable."
"https://www.webdoctor.ie/hay-fever-treatment/","commercial or topic page","","","","","","","","","","","","","Not page-checked","Unavailable","","","","","2026-08-25","Sitemap-discovered inventory row from https://www.webdoctor.ie/page-sitemap.xml; lastmod 2026-05-03T11:32:07+00:00. Not part of the 20-page deep template sample; page-level fields and OpenSEO URL metrics unavailable."
"https://www.webdoctor.ie/hay-fever-treatment/antihistamine-nasal-sprays/","commercial or topic page","","","","","","","","","","","","","Not page-checked","Unavailable","","","","","2026-08-25","Sitemap-discovered inventory row from https://www.webdoctor.ie/page-sitemap.xml; lastmod 2024-05-13T10:41:52+00:00. Not part of the 20-page deep template sample; page-level fields and OpenSEO URL metrics unavailable."
"https://www.webdoctor.ie/hay-fever-treatment/hay-fever-symptoms/","commercial or topic page","","","","","","","","","","","","","Not page-checked","Unavailable","","","","","2026-08-25","Sitemap-discovered inventory row from https://www.webdoctor.ie/page-sitemap.xml; lastmod 2024-05-13T10:41:23+00:00. Not part of the 20-page deep template sample; page-level fields and OpenSEO URL metrics unavailable."
"https://www.webdoctor.ie/health-hq/","editorial_hub","health information","","","Health HQ","category filters|articles","","Read articles","Acne treatment module","Reading times|medical brand","","","WebPage|BreadcrumbList|AggregateRating","true","self","Links to editorial and commercial modules","","","","2026-08-25","Hero acne module is not always contextually aligned"
"https://www.webdoctor.ie/health-hq/5-reasons-to-use-online-doctor/","editorial/supporting","","","","","","","","","","","","","Not page-checked","Unavailable","","","","","2026-08-25","Sitemap-discovered inventory row from https://www.webdoctor.ie/post-sitemap.xml; lastmod 2026-08-03T19:18:51+00:00. Not part of the 20-page deep template sample; page-level fields and OpenSEO URL metrics unavailable."
"https://www.webdoctor.ie/health-hq/5-things-about-fertility/","editorial/supporting","","","","","","","","","","","","","Not page-checked","Unavailable","","","","","2026-08-25","Sitemap-discovered inventory row from https://www.webdoctor.ie/post-sitemap.xml; lastmod 2026-08-03T19:18:52+00:00. Not part of the 20-page deep template sample; page-level fields and OpenSEO URL metrics unavailable."
"https://www.webdoctor.ie/health-hq/5-tips-to-control-asthma-in-winter/","editorial/supporting","","","","","","","","","","","","","Not page-checked","Unavailable","","","","","2026-08-25","Sitemap-discovered inventory row from https://www.webdoctor.ie/post-sitemap.xml; lastmod 2026-06-04T18:13:02+00:00. Not part of the 20-page deep template sample; page-level fields and OpenSEO URL metrics unavailable."
"https://www.webdoctor.ie/health-hq/6-tips-to-reduce-stress/","editorial/supporting","","","","","","","","","","","","","Not page-checked","Unavailable","","","","","2026-08-25","Sitemap-discovered inventory row from https://www.webdoctor.ie/post-sitemap.xml; lastmod 2026-06-04T18:13:02+00:00. Not part of the 20-page deep template sample; page-level fields and OpenSEO URL metrics unavailable."
"https://www.webdoctor.ie/health-hq/a-new-year-resolution-that-lasts/","editorial/supporting","","","","","","","","","","","","","Not page-checked","Unavailable","","","","","2026-08-25","Sitemap-discovered inventory row from https://www.webdoctor.ie/post-sitemap.xml; lastmod 2026-08-03T19:18:51+00:00. Not part of the 20-page deep template sample; page-level fields and OpenSEO URL metrics unavailable."
"https://www.webdoctor.ie/health-hq/acne-what-is-it-and-how-can-we-treat-it/","editorial/supporting","","","","","","","","","","","","","Not page-checked","Unavailable","","","","","2026-08-25","Sitemap-discovered inventory row from https://www.webdoctor.ie/post-sitemap.xml; lastmod 2026-08-03T19:18:50+00:00. Not part of the 20-page deep template sample; page-level fields and OpenSEO URL metrics unavailable."
"https://www.webdoctor.ie/health-hq/advice-on-sexual-health/","editorial/supporting","","","","","","","","","","","","","Not page-checked","Unavailable","","","","","2026-08-25","Sitemap-discovered inventory row from https://www.webdoctor.ie/post-sitemap.xml; lastmod 2026-08-03T19:18:52+00:00. Not part of the 20-page deep template sample; page-level fields and OpenSEO URL metrics unavailable."
"https://www.webdoctor.ie/health-hq/are-you-drinking-enough-water/","editorial/supporting","","","","","","","","","","","","","Not page-checked","Unavailable","","","","","2026-08-25","Sitemap-discovered inventory row from https://www.webdoctor.ie/post-sitemap.xml; lastmod 2026-08-03T19:18:52+00:00. Not part of the 20-page deep template sample; page-level fields and OpenSEO URL metrics unavailable."
"https://www.webdoctor.ie/health-hq/battle-with-bunions/","editorial/supporting","","","","","","","","","","","","","Not page-checked","Unavailable","","","","","2026-08-25","Sitemap-discovered inventory row from https://www.webdoctor.ie/post-sitemap.xml; lastmod 2026-08-03T19:18:52+00:00. Not part of the 20-page deep template sample; page-level fields and OpenSEO URL metrics unavailable."
"https://www.webdoctor.ie/health-hq/benefits-of-employee-benefits/","editorial/supporting","","","","","","","","","","","","","Not page-checked","Unavailable","","","","","2026-08-25","Sitemap-discovered inventory row from https://www.webdoctor.ie/post-sitemap.xml; lastmod 2026-06-04T18:21:46+00:00. Not part of the 20-page deep template sample; page-level fields and OpenSEO URL metrics unavailable."
"https://www.webdoctor.ie/health-hq/cancer-check/","editorial/supporting","","","","","","","","","","","","","Not page-checked","Unavailable","","","","","2026-08-25","Sitemap-discovered inventory row from https://www.webdoctor.ie/post-sitemap.xml; lastmod 2026-08-03T19:18:52+00:00. Not part of the 20-page deep template sample; page-level fields and OpenSEO URL metrics unavailable."
"https://www.webdoctor.ie/health-hq/caring-for-mental-health-and-beating-january-blues/","editorial/supporting","","","","","","","","","","","","","Not page-checked","Unavailable","","","","","2026-08-25","Sitemap-discovered inventory row from https://www.webdoctor.ie/post-sitemap.xml; lastmod 2026-08-03T19:18:51+00:00. Not part of the 20-page deep template sample; page-level fields and OpenSEO URL metrics unavailable."
"https://www.webdoctor.ie/health-hq/cold-sore-treatment-how-it-works/","editorial/supporting","","","","","","","","","","","","","Not page-checked","Unavailable","","","","","2026-08-25","Sitemap-discovered inventory row from https://www.webdoctor.ie/post-sitemap.xml; lastmod 2026-08-03T19:18:51+00:00. Not part of the 20-page deep template sample; page-level fields and OpenSEO URL metrics unavailable."
"https://www.webdoctor.ie/health-hq/colds-flu-chest-infections/","editorial/supporting","","","","","","","","","","","","","Not page-checked","Unavailable","","","","","2026-08-25","Sitemap-discovered inventory row from https://www.webdoctor.ie/post-sitemap.xml; lastmod 2026-06-04T18:13:02+00:00. Not part of the 20-page deep template sample; page-level fields and OpenSEO URL metrics unavailable."
"https://www.webdoctor.ie/health-hq/couch-to-5k/","editorial/supporting","","","","","","","","","","","","","Not page-checked","Unavailable","","","","","2026-08-25","Sitemap-discovered inventory row from https://www.webdoctor.ie/post-sitemap.xml; lastmod 2026-06-04T18:13:02+00:00. Not part of the 20-page deep template sample; page-level fields and OpenSEO URL metrics unavailable."
"https://www.webdoctor.ie/health-hq/cuts-insect-bites/","editorial/supporting","","","","","","","","","","","","","Not page-checked","Unavailable","","","","","2026-08-25","Sitemap-discovered inventory row from https://www.webdoctor.ie/post-sitemap.xml; lastmod 2026-06-04T18:13:02+00:00. Not part of the 20-page deep template sample; page-level fields and OpenSEO URL metrics unavailable."
"https://www.webdoctor.ie/health-hq/cystitis-kidney-infections/","supporting_article","cystitis and kidney infections","","","Cystitis and kidney infections","","","Read guidance","Treatment pathway","Editorial context","Escalation guidance","","Article|WebPage|BreadcrumbList","true","self","Treatment pathway","","","","2026-08-25","Observed cluster example"
"https://www.webdoctor.ie/health-hq/dealing-with-post-lockdown-anxiety-depression-and-agoraphobia-with-spectrum-mental-health/","editorial/supporting","","","","","","","","","","","","","Not page-checked","Unavailable","","","","","2026-08-25","Sitemap-discovered inventory row from https://www.webdoctor.ie/post-sitemap.xml; lastmod 2026-08-03T19:18:51+00:00. Not part of the 20-page deep template sample; page-level fields and OpenSEO URL metrics unavailable."
"https://www.webdoctor.ie/health-hq/deskercise-office-workout/","editorial/supporting","","","","","","","","","","","","","Not page-checked","Unavailable","","","","","2026-08-25","Sitemap-discovered inventory row from https://www.webdoctor.ie/post-sitemap.xml; lastmod 2026-06-04T18:13:02+00:00. Not part of the 20-page deep template sample; page-level fields and OpenSEO URL metrics unavailable."
"https://www.webdoctor.ie/health-hq/dot-ie-awards/","editorial/supporting","","","","","","","","","","","","","Not page-checked","Unavailable","","","","","2026-08-25","Sitemap-discovered inventory row from https://www.webdoctor.ie/post-sitemap.xml; lastmod 2026-06-04T18:13:02+00:00. Not part of the 20-page deep template sample; page-level fields and OpenSEO URL metrics unavailable."
"https://www.webdoctor.ie/health-hq/dot-ie-winner/","editorial/supporting","","","","","","","","","","","","","Not page-checked","Unavailable","","","","","2026-08-25","Sitemap-discovered inventory row from https://www.webdoctor.ie/post-sitemap.xml; lastmod 2026-06-04T18:13:02+00:00. Not part of the 20-page deep template sample; page-level fields and OpenSEO URL metrics unavailable."
"https://www.webdoctor.ie/health-hq/dr-mooneys-handy-dandy-festival-survival-guide/","editorial/supporting","","","","","","","","","","","","","Not page-checked","Unavailable","","","","","2026-08-25","Sitemap-discovered inventory row from https://www.webdoctor.ie/post-sitemap.xml; lastmod 2026-06-04T18:13:02+00:00. Not part of the 20-page deep template sample; page-level fields and OpenSEO URL metrics unavailable."
"https://www.webdoctor.ie/health-hq/dry-january-no-alcohol/","editorial/supporting","","","","","","","","","","","","","Not page-checked","Unavailable","","","","","2026-08-25","Sitemap-discovered inventory row from https://www.webdoctor.ie/post-sitemap.xml; lastmod 2026-08-03T19:18:51+00:00. Not part of the 20-page deep template sample; page-level fields and OpenSEO URL metrics unavailable."
"https://www.webdoctor.ie/health-hq/dry-january-tips/","editorial/supporting","","","","","","","","","","","","","Not page-checked","Unavailable","","","","","2026-08-25","Sitemap-discovered inventory row from https://www.webdoctor.ie/post-sitemap.xml; lastmod 2026-08-03T19:18:51+00:00. Not part of the 20-page deep template sample; page-level fields and OpenSEO URL metrics unavailable."
"https://www.webdoctor.ie/health-hq/dry-skin/","editorial/supporting","","","","","","","","","","","","","Not page-checked","Unavailable","","","","","2026-08-25","Sitemap-discovered inventory row from https://www.webdoctor.ie/post-sitemap.xml; lastmod 2026-08-03T19:18:52+00:00. Not part of the 20-page deep template sample; page-level fields and OpenSEO URL metrics unavailable."
"https://www.webdoctor.ie/health-hq/eczema-flare-ups-triggers-and-treatments/","editorial/supporting","","","","","","","","","","","","","Not page-checked","Unavailable","","","","","2026-08-25","Sitemap-discovered inventory row from https://www.webdoctor.ie/post-sitemap.xml; lastmod 2026-08-03T19:18:50+00:00. Not part of the 20-page deep template sample; page-level fields and OpenSEO URL metrics unavailable."
"https://www.webdoctor.ie/health-hq/eir-spider-winner/","editorial/supporting","","","","","","","","","","","","","Not page-checked","Unavailable","","","","","2026-08-25","Sitemap-discovered inventory row from https://www.webdoctor.ie/post-sitemap.xml; lastmod 2026-06-04T18:13:02+00:00. Not part of the 20-page deep template sample; page-level fields and OpenSEO URL metrics unavailable."
"https://www.webdoctor.ie/health-hq/eirspider-use-mobile-technology/","editorial/supporting","","","","","","","","","","","","","Not page-checked","Unavailable","","","","","2026-08-25","Sitemap-discovered inventory row from https://www.webdoctor.ie/post-sitemap.xml; lastmod 2026-06-04T18:13:02+00:00. Not part of the 20-page deep template sample; page-level fields and OpenSEO URL metrics unavailable."
"https://www.webdoctor.ie/health-hq/erectile-dysfunction/","supporting_article","erectile dysfunction","","","Erectile dysfunction","","","Read guidance","Treatment pathway","Editorial context","Clinical cautions","","Article|WebPage|BreadcrumbList","true","self","Men's health pathway","","","","2026-08-25","Observed cluster example"
"https://www.webdoctor.ie/health-hq/flu-and-cold-symptoms-remedies/","editorial/supporting","","","","","","","","","","","","","Not page-checked","Unavailable","","","","","2026-08-25","Sitemap-discovered inventory row from https://www.webdoctor.ie/post-sitemap.xml; lastmod 2026-08-03T19:18:50+00:00. Not part of the 20-page deep template sample; page-level fields and OpenSEO URL metrics unavailable."
"https://www.webdoctor.ie/health-hq/flu/","editorial/supporting","","","","","","","","","","","","","Not page-checked","Unavailable","","","","","2026-08-25","Sitemap-discovered inventory row from https://www.webdoctor.ie/post-sitemap.xml; lastmod 2026-06-04T18:22:52+00:00. Not part of the 20-page deep template sample; page-level fields and OpenSEO URL metrics unavailable."
"https://www.webdoctor.ie/health-hq/headaches/","editorial/supporting","","","","","","","","","","","","","Not page-checked","Unavailable","","","","","2026-08-25","Sitemap-discovered inventory row from https://www.webdoctor.ie/post-sitemap.xml; lastmod 2026-06-04T18:13:02+00:00. Not part of the 20-page deep template sample; page-level fields and OpenSEO URL metrics unavailable."
"https://www.webdoctor.ie/health-hq/health-benefits-of-humour/","editorial/supporting","","","","","","","","","","","","","Not page-checked","Unavailable","","","","","2026-08-25","Sitemap-discovered inventory row from https://www.webdoctor.ie/post-sitemap.xml; lastmod 2026-08-03T19:18:51+00:00. Not part of the 20-page deep template sample; page-level fields and OpenSEO URL metrics unavailable."
"https://www.webdoctor.ie/health-hq/healthy-pancake-tuesday/","editorial/supporting","","","","","","","","","","","","","Not page-checked","Unavailable","","","","","2026-08-25","Sitemap-discovered inventory row from https://www.webdoctor.ie/post-sitemap.xml; lastmod 2026-08-03T19:18:52+00:00. Not part of the 20-page deep template sample; page-level fields and OpenSEO URL metrics unavailable."
"https://www.webdoctor.ie/health-hq/healthy-snacks-to-help-beat-the-sweets/","editorial/supporting","","","","","","","","","","","","","Not page-checked","Unavailable","","","","","2026-08-25","Sitemap-discovered inventory row from https://www.webdoctor.ie/post-sitemap.xml; lastmod 2026-08-03T19:18:50+00:00. Not part of the 20-page deep template sample; page-level fields and OpenSEO URL metrics unavailable."
"https://www.webdoctor.ie/health-hq/high-blood-pressure-i/","editorial/supporting","","","","","","","","","","","","","Not page-checked","Unavailable","","","","","2026-08-25","Sitemap-discovered inventory row from https://www.webdoctor.ie/post-sitemap.xml; lastmod 2026-08-03T19:18:52+00:00. Not part of the 20-page deep template sample; page-level fields and OpenSEO URL metrics unavailable."
"https://www.webdoctor.ie/health-hq/high-blood-pressure-ii/","editorial/supporting","","","","","","","","","","","","","Not page-checked","Unavailable","","","","","2026-08-25","Sitemap-discovered inventory row from https://www.webdoctor.ie/post-sitemap.xml; lastmod 2026-08-03T19:18:52+00:00. Not part of the 20-page deep template sample; page-level fields and OpenSEO URL metrics unavailable."
"https://www.webdoctor.ie/health-hq/hiking-equipment-101/","editorial/supporting","","","","","","","","","","","","","Not page-checked","Unavailable","","","","","2026-08-25","Sitemap-discovered inventory row from https://www.webdoctor.ie/post-sitemap.xml; lastmod 2026-08-03T19:18:50+00:00. Not part of the 20-page deep template sample; page-level fields and OpenSEO URL metrics unavailable."
"https://www.webdoctor.ie/health-hq/hiking-in-ireland-a-beginners-guide/","editorial/supporting","","","","","","","","","","","","","Not page-checked","Unavailable","","","","","2026-08-25","Sitemap-discovered inventory row from https://www.webdoctor.ie/post-sitemap.xml; lastmod 2026-08-03T19:18:50+00:00. Not part of the 20-page deep template sample; page-level fields and OpenSEO URL metrics unavailable."
"https://www.webdoctor.ie/health-hq/how-do-i-know-if-i-have-an-overactive-thyroid/","editorial/supporting","","","","","","","","","","","","","Not page-checked","Unavailable","","","","","2026-08-25","Sitemap-discovered inventory row from https://www.webdoctor.ie/post-sitemap.xml; lastmod 2026-08-03T19:18:50+00:00. Not part of the 20-page deep template sample; page-level fields and OpenSEO URL metrics unavailable."
"https://www.webdoctor.ie/health-hq/how-to-ease-a-festive-hangover/","editorial/supporting","","","","","","","","","","","","","Not page-checked","Unavailable","","","","","2026-08-25","Sitemap-discovered inventory row from https://www.webdoctor.ie/post-sitemap.xml; lastmod 2026-06-04T18:20:32+00:00. Not part of the 20-page deep template sample; page-level fields and OpenSEO URL metrics unavailable."
"https://www.webdoctor.ie/health-hq/how-video-consults-work/","editorial/supporting","","","","","","","","","","","","","Not page-checked","Unavailable","","","","","2026-08-25","Sitemap-discovered inventory row from https://www.webdoctor.ie/post-sitemap.xml; lastmod 2026-08-03T19:18:51+00:00. Not part of the 20-page deep template sample; page-level fields and OpenSEO URL metrics unavailable."
"https://www.webdoctor.ie/health-hq/identify-a-stroke/","editorial/supporting","","","","","","","","","","","","","Not page-checked","Unavailable","","","","","2026-08-25","Sitemap-discovered inventory row from https://www.webdoctor.ie/post-sitemap.xml; lastmod 2026-08-03T19:18:52+00:00. Not part of the 20-page deep template sample; page-level fields and OpenSEO URL metrics unavailable."
"https://www.webdoctor.ie/health-hq/international-womens-day/","editorial/supporting","","","","","","","","","","","","","Not page-checked","Unavailable","","","","","2026-08-25","Sitemap-discovered inventory row from https://www.webdoctor.ie/post-sitemap.xml; lastmod 2026-08-03T19:18:52+00:00. Not part of the 20-page deep template sample; page-level fields and OpenSEO URL metrics unavailable."
"https://www.webdoctor.ie/health-hq/keep-your-vagina-healthy/","editorial/supporting","","","","","","","","","","","","","Not page-checked","Unavailable","","","","","2026-08-25","Sitemap-discovered inventory row from https://www.webdoctor.ie/post-sitemap.xml; lastmod 2026-05-16T16:41:39+00:00. Not part of the 20-page deep template sample; page-level fields and OpenSEO URL metrics unavailable."
"https://www.webdoctor.ie/health-hq/listen-to-your-body/","editorial/supporting","","","","","","","","","","","","","Not page-checked","Unavailable","","","","","2026-08-25","Sitemap-discovered inventory row from https://www.webdoctor.ie/post-sitemap.xml; lastmod 2026-08-03T19:18:52+00:00. Not part of the 20-page deep template sample; page-level fields and OpenSEO URL metrics unavailable."
"https://www.webdoctor.ie/health-hq/live-video-consultations-with-irish-based-doctors-anytime-anywhere/","editorial/supporting","","","","","","","","","","","","","Not page-checked","Unavailable","","","","","2026-08-25","Sitemap-discovered inventory row from https://www.webdoctor.ie/post-sitemap.xml; lastmod 2026-06-04T18:13:02+00:00. Not part of the 20-page deep template sample; page-level fields and OpenSEO URL metrics unavailable."
"https://www.webdoctor.ie/health-hq/lower-cholesterol/","editorial/supporting","","","","","","","","","","","","","Not page-checked","Unavailable","","","","","2026-08-25","Sitemap-discovered inventory row from https://www.webdoctor.ie/post-sitemap.xml; lastmod 2026-08-03T19:18:52+00:00. Not part of the 20-page deep template sample; page-level fields and OpenSEO URL metrics unavailable."
"https://www.webdoctor.ie/health-hq/managing-sleep-during-long-summer-days/","editorial/supporting","","","","","","","","","","","","","Not page-checked","Unavailable","","","","","2026-08-25","Sitemap-discovered inventory row from https://www.webdoctor.ie/post-sitemap.xml; lastmod 2026-08-03T19:18:51+00:00. Not part of the 20-page deep template sample; page-level fields and OpenSEO URL metrics unavailable."
"https://www.webdoctor.ie/health-hq/meet-the-doctors/","editorial/supporting","","","","","","","","","","","","","Not page-checked","Unavailable","","","","","2026-08-25","Sitemap-discovered inventory row from https://www.webdoctor.ie/post-sitemap.xml; lastmod 2026-08-03T19:18:52+00:00. Not part of the 20-page deep template sample; page-level fields and OpenSEO URL metrics unavailable."
"https://www.webdoctor.ie/health-hq/menopausal-vaginal-dryness/","editorial/supporting","","","","","","","","","","","","","Not page-checked","Unavailable","","","","","2026-08-25","Sitemap-discovered inventory row from https://www.webdoctor.ie/post-sitemap.xml; lastmod 2026-08-03T19:18:51+00:00. Not part of the 20-page deep template sample; page-level fields and OpenSEO URL metrics unavailable."
"https://www.webdoctor.ie/health-hq/mental-health/","editorial/supporting","","","","","","","","","","","","","Not page-checked","Unavailable","","","","","2026-08-25","Sitemap-discovered inventory row from https://www.webdoctor.ie/post-sitemap.xml; lastmod 2026-06-04T18:13:02+00:00. Not part of the 20-page deep template sample; page-level fields and OpenSEO URL metrics unavailable."
"https://www.webdoctor.ie/health-hq/mindfulness-meditation/","editorial/supporting","","","","","","","","","","","","","Not page-checked","Unavailable","","","","","2026-08-25","Sitemap-discovered inventory row from https://www.webdoctor.ie/post-sitemap.xml; lastmod 2026-08-03T19:18:49+00:00. Not part of the 20-page deep template sample; page-level fields and OpenSEO URL metrics unavailable."
"https://www.webdoctor.ie/health-hq/mindfulness/","editorial/supporting","","","","","","","","","","","","","Not page-checked","Unavailable","","","","","2026-08-25","Sitemap-discovered inventory row from https://www.webdoctor.ie/post-sitemap.xml; lastmod 2026-08-03T19:18:52+00:00. Not part of the 20-page deep template sample; page-level fields and OpenSEO URL metrics unavailable."
"https://www.webdoctor.ie/health-hq/national-no-smoking-day/","editorial/supporting","","","","","","","","","","","","","Not page-checked","Unavailable","","","","","2026-08-25","Sitemap-discovered inventory row from https://www.webdoctor.ie/post-sitemap.xml; lastmod 2026-06-04T18:13:02+00:00. Not part of the 20-page deep template sample; page-level fields and OpenSEO URL metrics unavailable."
"https://www.webdoctor.ie/health-hq/national-workplace-wellbeing-day-2017/","editorial/supporting","","","","","","","","","","","","","Not page-checked","Unavailable","","","","","2026-08-25","Sitemap-discovered inventory row from https://www.webdoctor.ie/post-sitemap.xml; lastmod 2026-08-03T19:18:52+00:00. Not part of the 20-page deep template sample; page-level fields and OpenSEO URL metrics unavailable."
"https://www.webdoctor.ie/health-hq/natural-energy-boost/","editorial/supporting","","","","","","","","","","","","","Not page-checked","Unavailable","","","","","2026-08-25","Sitemap-discovered inventory row from https://www.webdoctor.ie/post-sitemap.xml; lastmod 2026-06-04T18:13:02+00:00. Not part of the 20-page deep template sample; page-level fields and OpenSEO URL metrics unavailable."
"https://www.webdoctor.ie/health-hq/online-doctor-webdoctor-national-health-watch-march-2022/","editorial/supporting","","","","","","","","","","","","","Not page-checked","Unavailable","","","","","2026-08-25","Sitemap-discovered inventory row from https://www.webdoctor.ie/post-sitemap.xml; lastmod 2026-08-03T19:18:51+00:00. Not part of the 20-page deep template sample; page-level fields and OpenSEO URL metrics unavailable."
"https://www.webdoctor.ie/health-hq/peri-anal-itch/","editorial/supporting","","","","","","","","","","","","","Not page-checked","Unavailable","","","","","2026-08-25","Sitemap-discovered inventory row from https://www.webdoctor.ie/post-sitemap.xml; lastmod 2026-06-04T12:10:10+00:00. Not part of the 20-page deep template sample; page-level fields and OpenSEO URL metrics unavailable."
"https://www.webdoctor.ie/health-hq/pneumonia/","editorial/supporting","","","","","","","","","","","","","Not page-checked","Unavailable","","","","","2026-08-25","Sitemap-discovered inventory row from https://www.webdoctor.ie/post-sitemap.xml; lastmod 2026-06-04T18:13:02+00:00. Not part of the 20-page deep template sample; page-level fields and OpenSEO URL metrics unavailable."
"https://www.webdoctor.ie/health-hq/small-swaps-for-more-daily-movement/","editorial/supporting","","","","","","","","","","","","","Not page-checked","Unavailable","","","","","2026-08-25","Sitemap-discovered inventory row from https://www.webdoctor.ie/post-sitemap.xml; lastmod 2026-08-03T19:18:52+00:00. Not part of the 20-page deep template sample; page-level fields and OpenSEO URL metrics unavailable."
"https://www.webdoctor.ie/health-hq/sore-throat/","editorial/supporting","","","","","","","","","","","","","Not page-checked","Unavailable","","","","","2026-08-25","Sitemap-discovered inventory row from https://www.webdoctor.ie/post-sitemap.xml; lastmod 2026-06-04T18:04:40+00:00. Not part of the 20-page deep template sample; page-level fields and OpenSEO URL metrics unavailable."
"https://www.webdoctor.ie/health-hq/st-patricks-day-hangover/","editorial/supporting","","","","","","","","","","","","","Not page-checked","Unavailable","","","","","2026-08-25","Sitemap-discovered inventory row from https://www.webdoctor.ie/post-sitemap.xml; lastmod 2026-08-03T19:18:52+00:00. Not part of the 20-page deep template sample; page-level fields and OpenSEO URL metrics unavailable."
"https://www.webdoctor.ie/health-hq/sti-std-how-to-recognise-them/","editorial/supporting","","","","","","","","","","","","","Not page-checked","Unavailable","","","","","2026-08-25","Sitemap-discovered inventory row from https://www.webdoctor.ie/post-sitemap.xml; lastmod 2026-08-03T19:18:50+00:00. Not part of the 20-page deep template sample; page-level fields and OpenSEO URL metrics unavailable."
"https://www.webdoctor.ie/health-hq/stress-in-the-workplace/","editorial/supporting","","","","","","","","","","","","","Not page-checked","Unavailable","","","","","2026-08-25","Sitemap-discovered inventory row from https://www.webdoctor.ie/post-sitemap.xml; lastmod 2026-06-04T18:13:02+00:00. Not part of the 20-page deep template sample; page-level fields and OpenSEO URL metrics unavailable."
"https://www.webdoctor.ie/health-hq/stress-management-techniques/","editorial/supporting","","","","","","","","","","","","","Not page-checked","Unavailable","","","","","2026-08-25","Sitemap-discovered inventory row from https://www.webdoctor.ie/post-sitemap.xml; lastmod 2026-08-03T19:18:51+00:00. Not part of the 20-page deep template sample; page-level fields and OpenSEO URL metrics unavailable."
"https://www.webdoctor.ie/health-hq/summer-health-tips/","editorial/supporting","","","","","","","","","","","","","Not page-checked","Unavailable","","","","","2026-08-25","Sitemap-discovered inventory row from https://www.webdoctor.ie/post-sitemap.xml; lastmod 2026-08-03T19:18:52+00:00. Not part of the 20-page deep template sample; page-level fields and OpenSEO URL metrics unavailable."
"https://www.webdoctor.ie/health-hq/superfood-salad-recipe/","editorial/supporting","","","","","","","","","","","","","Not page-checked","Unavailable","","","","","2026-08-25","Sitemap-discovered inventory row from https://www.webdoctor.ie/post-sitemap.xml; lastmod 2026-08-03T19:18:50+00:00. Not part of the 20-page deep template sample; page-level fields and OpenSEO URL metrics unavailable."
"https://www.webdoctor.ie/health-hq/testicular-cancer-self-exam-guide/","editorial/supporting","","","","","","","","","","","","","Not page-checked","Unavailable","","","","","2026-08-25","Sitemap-discovered inventory row from https://www.webdoctor.ie/post-sitemap.xml; lastmod 2026-08-03T19:18:50+00:00. Not part of the 20-page deep template sample; page-level fields and OpenSEO URL metrics unavailable."
"https://www.webdoctor.ie/health-hq/the-10-best-stress-relieving-foods-sold-in-irish-supermarkets/","editorial/supporting","","","","","","","","","","","","","Not page-checked","Unavailable","","","","","2026-08-25","Sitemap-discovered inventory row from https://www.webdoctor.ie/post-sitemap.xml; lastmod 2026-08-03T19:18:51+00:00. Not part of the 20-page deep template sample; page-level fields and OpenSEO URL metrics unavailable."
"https://www.webdoctor.ie/health-hq/the-benefits-of-dancing/","editorial/supporting","","","","","","","","","","","","","Not page-checked","Unavailable","","","","","2026-08-25","Sitemap-discovered inventory row from https://www.webdoctor.ie/post-sitemap.xml; lastmod 2026-08-03T19:18:50+00:00. Not part of the 20-page deep template sample; page-level fields and OpenSEO URL metrics unavailable."
"https://www.webdoctor.ie/health-hq/thyroid-causing-symptoms/","editorial/supporting","","","","","","","","","","","","","Not page-checked","Unavailable","","","","","2026-08-25","Sitemap-discovered inventory row from https://www.webdoctor.ie/post-sitemap.xml; lastmod 2026-08-03T19:18:52+00:00. Not part of the 20-page deep template sample; page-level fields and OpenSEO URL metrics unavailable."
"https://www.webdoctor.ie/health-hq/upset-stomach/","editorial/supporting","","","","","","","","","","","","","Not page-checked","Unavailable","","","","","2026-08-25","Sitemap-discovered inventory row from https://www.webdoctor.ie/post-sitemap.xml; lastmod 2026-06-04T18:17:12+00:00. Not part of the 20-page deep template sample; page-level fields and OpenSEO URL metrics unavailable."
"https://www.webdoctor.ie/health-hq/web-awards-2015/","editorial/supporting","","","","","","","","","","","","","Not page-checked","Unavailable","","","","","2026-08-25","Sitemap-discovered inventory row from https://www.webdoctor.ie/post-sitemap.xml; lastmod 2026-08-03T19:18:52+00:00. Not part of the 20-page deep template sample; page-level fields and OpenSEO URL metrics unavailable."
"https://www.webdoctor.ie/health-hq/weight-loss-doctors-advice/","editorial/supporting","","","","","","","","","","","","","Not page-checked","Unavailable","","","","","2026-08-25","Sitemap-discovered inventory row from https://www.webdoctor.ie/post-sitemap.xml; lastmod 2026-06-04T18:13:02+00:00. Not part of the 20-page deep template sample; page-level fields and OpenSEO URL metrics unavailable."
"https://www.webdoctor.ie/health-hq/weight-loss/","editorial/supporting","","","","","","","","","","","","","Not page-checked","Unavailable","","","","","2026-08-25","Sitemap-discovered inventory row from https://www.webdoctor.ie/post-sitemap.xml; lastmod 2026-06-04T18:19:35+00:00. Not part of the 20-page deep template sample; page-level fields and OpenSEO URL metrics unavailable."
"https://www.webdoctor.ie/health-hq/what-is-sepsis/","editorial/supporting","","","","","","","","","","","","","Not page-checked","Unavailable","","","","","2026-08-25","Sitemap-discovered inventory row from https://www.webdoctor.ie/post-sitemap.xml; lastmod 2026-08-03T19:18:51+00:00. Not part of the 20-page deep template sample; page-level fields and OpenSEO URL metrics unavailable."
"https://www.webdoctor.ie/health-hq/what-type-of-contraception-to-use/","editorial/supporting","","","","","","","","","","","","","Not page-checked","Unavailable","","","","","2026-08-25","Sitemap-discovered inventory row from https://www.webdoctor.ie/post-sitemap.xml; lastmod 2026-08-03T19:18:52+00:00. Not part of the 20-page deep template sample; page-level fields and OpenSEO URL metrics unavailable."
"https://www.webdoctor.ie/health-hq/womens-health-what-to-look-out-for-as-we-age/","editorial/supporting","","","","","","","","","","","","","Not page-checked","Unavailable","","","","","2026-08-25","Sitemap-discovered inventory row from https://www.webdoctor.ie/post-sitemap.xml; lastmod 2026-08-03T19:18:49+00:00. Not part of the 20-page deep template sample; page-level fields and OpenSEO URL metrics unavailable."
"https://www.webdoctor.ie/health-hq/work-burnout-symptoms/","editorial/supporting","","","","","","","","","","","","","Not page-checked","Unavailable","","","","","2026-08-25","Sitemap-discovered inventory row from https://www.webdoctor.ie/post-sitemap.xml; lastmod 2026-08-03T19:18:51+00:00. Not part of the 20-page deep template sample; page-level fields and OpenSEO URL metrics unavailable."
"https://www.webdoctor.ie/health-hq/work-life-balance-tips/","editorial/supporting","","","","","","","","","","","","","Not page-checked","Unavailable","","","","","2026-08-25","Sitemap-discovered inventory row from https://www.webdoctor.ie/post-sitemap.xml; lastmod 2026-08-03T19:18:51+00:00. Not part of the 20-page deep template sample; page-level fields and OpenSEO URL metrics unavailable."
"https://www.webdoctor.ie/healthcare-plans/","commercial_service","healthcare plans","","","Healthcare plans","plan benefits|how it works","","View plans","Corporate care","Visible plan proposition","","","WebPage|BreadcrumbList|AggregateRating","true","self","Commercial navigation","","","","2026-08-25","Observed live"
"https://www.webdoctor.ie/healthy-weight-loss-ireland-guide/","editorial/supporting","","","","","","","","","","","","","Not page-checked","Unavailable","","","","","2026-08-25","Sitemap-discovered inventory row from https://www.webdoctor.ie/post-sitemap.xml; lastmod 2026-08-03T19:18:48+00:00. Not part of the 20-page deep template sample; page-level fields and OpenSEO URL metrics unavailable."
"https://www.webdoctor.ie/high-blood-pressure-diet-tips-ireland/","editorial/supporting","","","","","","","","","","","","","Not page-checked","Unavailable","","","","","2026-08-25","Sitemap-discovered inventory row from https://www.webdoctor.ie/post-sitemap.xml; lastmod 2026-08-03T19:18:49+00:00. Not part of the 20-page deep template sample; page-level fields and OpenSEO URL metrics unavailable."
"https://www.webdoctor.ie/home-test-kits/","commercial_hub","home test kits","","","Home health test kits Ireland","","","Browse kits","","Visible product pathway","Test limitations","","WebPage|BreadcrumbList|AggregateRating","true","self","Test products and related guidance","","","","2026-08-25","Ranks first for home blood test ireland in OpenSEO live SERP"
"https://www.webdoctor.ie/home-test-kits/amh-ovarian-home-test/","commercial or topic page","","","","","","","","","","","","","Not page-checked","Unavailable","","","","","2026-08-25","Sitemap-discovered inventory row from https://www.webdoctor.ie/page-sitemap.xml; lastmod 2026-05-03T11:34:30+00:00. Not part of the 20-page deep template sample; page-level fields and OpenSEO URL metrics unavailable."
"https://www.webdoctor.ie/home-test-kits/chlamydia-home-test/","commercial or topic page","","","","","","","","","","","","","Not page-checked","Unavailable","","","","","2026-08-25","Sitemap-discovered inventory row from https://www.webdoctor.ie/page-sitemap.xml; lastmod 2026-05-03T11:21:44+00:00. Not part of the 20-page deep template sample; page-level fields and OpenSEO URL metrics unavailable."
"https://www.webdoctor.ie/home-test-kits/cholesterol-home-test/","commercial or topic page","","","","","","","","","","","","","Not page-checked","Unavailable","","","","","2026-08-25","Sitemap-discovered inventory row from https://www.webdoctor.ie/page-sitemap.xml; lastmod 2026-05-03T11:23:05+00:00. Not part of the 20-page deep template sample; page-level fields and OpenSEO URL metrics unavailable."
"https://www.webdoctor.ie/home-test-kits/hiv-home-test/","commercial or topic page","","","","","","","","","","","","","Not page-checked","Unavailable","","","","","2026-08-25","Sitemap-discovered inventory row from https://www.webdoctor.ie/page-sitemap.xml; lastmod 2026-05-03T11:33:18+00:00. Not part of the 20-page deep template sample; page-level fields and OpenSEO URL metrics unavailable."
"https://www.webdoctor.ie/home-test-kits/kidney-home-test/","commercial or topic page","","","","","","","","","","","","","Not page-checked","Unavailable","","","","","2026-08-25","Sitemap-discovered inventory row from https://www.webdoctor.ie/page-sitemap.xml; lastmod 2026-06-11T07:39:53+00:00. Not part of the 20-page deep template sample; page-level fields and OpenSEO URL metrics unavailable."
"https://www.webdoctor.ie/home-test-kits/liver-home-test/","commercial or topic page","","","","","","","","","","","","","Not page-checked","Unavailable","","","","","2026-08-25","Sitemap-discovered inventory row from https://www.webdoctor.ie/page-sitemap.xml; lastmod 2026-05-03T11:37:45+00:00. Not part of the 20-page deep template sample; page-level fields and OpenSEO URL metrics unavailable."
"https://www.webdoctor.ie/home-test-kits/mens-health-tests/","commercial or topic page","","","","","","","","","","","","","Not page-checked","Unavailable","","","","","2026-08-25","Sitemap-discovered inventory row from https://www.webdoctor.ie/page-sitemap.xml; lastmod 2026-05-03T11:39:34+00:00. Not part of the 20-page deep template sample; page-level fields and OpenSEO URL metrics unavailable."
"https://www.webdoctor.ie/home-test-kits/psa-prostate-home-test/","commercial or topic page","","","","","","","","","","","","","Not page-checked","Unavailable","","","","","2026-08-25","Sitemap-discovered inventory row from https://www.webdoctor.ie/page-sitemap.xml; lastmod 2026-05-03T11:49:44+00:00. Not part of the 20-page deep template sample; page-level fields and OpenSEO URL metrics unavailable."
"https://www.webdoctor.ie/home-test-kits/sti-std-home-tests/","commercial or topic page","","","","","","","","","","","","","Not page-checked","Unavailable","","","","","2026-08-25","Sitemap-discovered inventory row from https://www.webdoctor.ie/page-sitemap.xml; lastmod 2026-05-03T11:51:03+00:00. Not part of the 20-page deep template sample; page-level fields and OpenSEO URL metrics unavailable."
"https://www.webdoctor.ie/home-test-kits/thyroid-home-test/","commercial or topic page","","","","","","","","","","","","","Not page-checked","Unavailable","","","","","2026-08-25","Sitemap-discovered inventory row from https://www.webdoctor.ie/page-sitemap.xml; lastmod 2026-05-03T11:51:48+00:00. Not part of the 20-page deep template sample; page-level fields and OpenSEO URL metrics unavailable."
"https://www.webdoctor.ie/home-test-kits/womens-health-tests/","commercial or topic page","","","","","","","","","","","","","Not page-checked","Unavailable","","","","","2026-08-25","Sitemap-discovered inventory row from https://www.webdoctor.ie/page-sitemap.xml; lastmod 2026-05-03T12:05:53+00:00. Not part of the 20-page deep template sample; page-level fields and OpenSEO URL metrics unavailable."
"https://www.webdoctor.ie/hpv-vaccination-service/","commercial or topic page","","","","","","","","","","","","","Not page-checked","Unavailable","","","","","2026-08-25","Sitemap-discovered inventory row from https://www.webdoctor.ie/page-sitemap.xml; lastmod 2026-05-04T18:42:48+00:00. Not part of the 20-page deep template sample; page-level fields and OpenSEO URL metrics unavailable."
"https://www.webdoctor.ie/hypothyroidism-treatment/","commercial or topic page","","","","","","","","","","","","","Not page-checked","Unavailable","","","","","2026-08-25","Sitemap-discovered inventory row from https://www.webdoctor.ie/page-sitemap.xml; lastmod 2026-05-03T11:35:50+00:00. Not part of the 20-page deep template sample; page-level fields and OpenSEO URL metrics unavailable."
"https://www.webdoctor.ie/hypothyroidism-treatment/underactive-thyroid-symptoms-causes/","commercial or topic page","","","","","","","","","","","","","Not page-checked","Unavailable","","","","","2026-08-25","Sitemap-discovered inventory row from https://www.webdoctor.ie/page-sitemap.xml; lastmod 2024-05-03T08:13:50+00:00. Not part of the 20-page deep template sample; page-level fields and OpenSEO URL metrics unavailable."
"https://www.webdoctor.ie/ibs-vs-ibd-differences-ireland/","editorial/supporting","","","","","","","","","","","","","Not page-checked","Unavailable","","","","","2026-08-25","Sitemap-discovered inventory row from https://www.webdoctor.ie/post-sitemap.xml; lastmod 2026-08-03T19:18:48+00:00. Not part of the 20-page deep template sample; page-level fields and OpenSEO URL metrics unavailable."
"https://www.webdoctor.ie/in-the-media/","commercial or topic page","","","","","","","","","","","","","Not page-checked","Unavailable","","","","","2026-08-25","Sitemap-discovered inventory row from https://www.webdoctor.ie/page-sitemap.xml; lastmod 2026-06-02T07:46:05+00:00. Not part of the 20-page deep template sample; page-level fields and OpenSEO URL metrics unavailable."
"https://www.webdoctor.ie/jet-lag-treatment/","commercial or topic page","","","","","","","","","","","","","Not page-checked","Unavailable","","","","","2026-08-25","Sitemap-discovered inventory row from https://www.webdoctor.ie/page-sitemap.xml; lastmod 2026-05-03T18:47:19+00:00. Not part of the 20-page deep template sample; page-level fields and OpenSEO URL metrics unavailable."
"https://www.webdoctor.ie/lower-blood-pressure-naturally-ireland/","editorial/supporting","","","","","","","","","","","","","Not page-checked","Unavailable","","","","","2026-08-25","Sitemap-discovered inventory row from https://www.webdoctor.ie/post-sitemap.xml; lastmod 2026-08-03T19:18:49+00:00. Not part of the 20-page deep template sample; page-level fields and OpenSEO URL metrics unavailable."
"https://www.webdoctor.ie/male-hair-loss-treatment/","commercial or topic page","","","","","","","","","","","","","Not page-checked","Unavailable","","","","","2026-08-25","Sitemap-discovered inventory row from https://www.webdoctor.ie/page-sitemap.xml; lastmod 2026-05-03T11:38:21+00:00. Not part of the 20-page deep template sample; page-level fields and OpenSEO URL metrics unavailable."
"https://www.webdoctor.ie/male-hair-loss-treatment/hair-loss-cures/","commercial or topic page","","","","","","","","","","","","","Not page-checked","Unavailable","","","","","2026-08-25","Sitemap-discovered inventory row from https://www.webdoctor.ie/page-sitemap.xml; lastmod 2024-11-30T13:03:12+00:00. Not part of the 20-page deep template sample; page-level fields and OpenSEO URL metrics unavailable."
"https://www.webdoctor.ie/male-hair-loss-treatment/hair-loss-shampoo/","commercial or topic page","","","","","","","","","","","","","Not page-checked","Unavailable","","","","","2026-08-25","Sitemap-discovered inventory row from https://www.webdoctor.ie/page-sitemap.xml; lastmod 2024-05-03T08:11:12+00:00. Not part of the 20-page deep template sample; page-level fields and OpenSEO URL metrics unavailable."
"https://www.webdoctor.ie/male-hair-loss-treatment/how-to-stop-hair-loss/","commercial or topic page","","","","","","","","","","","","","Not page-checked","Unavailable","","","","","2026-08-25","Sitemap-discovered inventory row from https://www.webdoctor.ie/page-sitemap.xml; lastmod 2024-11-30T13:03:37+00:00. Not part of the 20-page deep template sample; page-level fields and OpenSEO URL metrics unavailable."
"https://www.webdoctor.ie/male-hair-loss-treatment/oral-male-hair-loss-treatment/","commercial or topic page","","","","","","","","","","","","","Not page-checked","Unavailable","","","","","2026-08-25","Sitemap-discovered inventory row from https://www.webdoctor.ie/page-sitemap.xml; lastmod 2026-06-03T20:14:13+00:00. Not part of the 20-page deep template sample; page-level fields and OpenSEO URL metrics unavailable."
"https://www.webdoctor.ie/male-hair-loss-treatment/thinning-hair-causes/","commercial or topic page","","","","","","","","","","","","","Not page-checked","Unavailable","","","","","2026-08-25","Sitemap-discovered inventory row from https://www.webdoctor.ie/page-sitemap.xml; lastmod 2026-07-15T08:05:22+00:00. Not part of the 20-page deep template sample; page-level fields and OpenSEO URL metrics unavailable."
"https://www.webdoctor.ie/menopausal-vaginal-dryness-treatment/","commercial or topic page","","","","","","","","","","","","","Not page-checked","Unavailable","","","","","2026-08-25","Sitemap-discovered inventory row from https://www.webdoctor.ie/page-sitemap.xml; lastmod 2026-05-03T11:40:07+00:00. Not part of the 20-page deep template sample; page-level fields and OpenSEO URL metrics unavailable."
"https://www.webdoctor.ie/menopause/","commercial or topic page","","","","","","","","","","","","","Not page-checked","Unavailable","","","","","2026-08-25","Sitemap-discovered inventory row from https://www.webdoctor.ie/page-sitemap.xml; lastmod 2026-05-03T11:43:23+00:00. Not part of the 20-page deep template sample; page-level fields and OpenSEO URL metrics unavailable."
"https://www.webdoctor.ie/mens-health-month-lets-talk-awareness-prevention-education-and-wellbeing/","editorial/supporting","","","","","","","","","","","","","Not page-checked","Unavailable","","","","","2026-08-25","Sitemap-discovered inventory row from https://www.webdoctor.ie/post-sitemap.xml; lastmod 2026-08-03T19:18:49+00:00. Not part of the 20-page deep template sample; page-level fields and OpenSEO URL metrics unavailable."
"https://www.webdoctor.ie/mens-health-week-with-webdoctor-ie-a-health-timeline/","editorial/supporting","","","","","","","","","","","","","Not page-checked","Unavailable","","","","","2026-08-25","Sitemap-discovered inventory row from https://www.webdoctor.ie/post-sitemap.xml; lastmod 2026-08-03T19:18:49+00:00. Not part of the 20-page deep template sample; page-level fields and OpenSEO URL metrics unavailable."
"https://www.webdoctor.ie/mental-health/","commercial or topic page","","","","","","","","","","","","","Not page-checked","Unavailable","","","","","2026-08-25","Sitemap-discovered inventory row from https://www.webdoctor.ie/page-sitemap.xml; lastmod 2026-05-03T11:43:59+00:00. Not part of the 20-page deep template sample; page-level fields and OpenSEO URL metrics unavailable."
"https://www.webdoctor.ie/migraine-treatment/","commercial or topic page","","","","","","","","","","","","","Not page-checked","Unavailable","","","","","2026-08-25","Sitemap-discovered inventory row from https://www.webdoctor.ie/page-sitemap.xml; lastmod 2026-05-03T11:40:40+00:00. Not part of the 20-page deep template sample; page-level fields and OpenSEO URL metrics unavailable."
"https://www.webdoctor.ie/national-health-watch-survey-2023/","editorial/supporting","","","","","","","","","","","","","Not page-checked","Unavailable","","","","","2026-08-25","Sitemap-discovered inventory row from https://www.webdoctor.ie/post-sitemap.xml; lastmod 2026-08-03T19:18:49+00:00. Not part of the 20-page deep template sample; page-level fields and OpenSEO URL metrics unavailable."
"https://www.webdoctor.ie/nutrition-after-surgery-recovery-guide/","editorial/supporting","","","","","","","","","","","","","Not page-checked","Unavailable","","","","","2026-08-25","Sitemap-discovered inventory row from https://www.webdoctor.ie/post-sitemap.xml; lastmod 2026-08-03T19:18:49+00:00. Not part of the 20-page deep template sample; page-level fields and OpenSEO URL metrics unavailable."
"https://www.webdoctor.ie/nutrition-healthy-ageing-ireland/","editorial/supporting","","","","","","","","","","","","","Not page-checked","Unavailable","","","","","2026-08-25","Sitemap-discovered inventory row from https://www.webdoctor.ie/post-sitemap.xml; lastmod 2026-08-03T19:18:48+00:00. Not part of the 20-page deep template sample; page-level fields and OpenSEO URL metrics unavailable."
"https://www.webdoctor.ie/obesity-definition-ireland/","article","obesity education","","","Obesity definition in Ireland","definition|table|FAQs|sources","","Read guidance","Consultation CTA","Date|reading time|medical team byline|official sources","General information framing","Present","Article|Person|WebPage|BreadcrumbList","true","self","BMI tool|weight service|sources","","","","2026-08-25","Observed representative article"
"https://www.webdoctor.ie/online-doctor-ireland/","commercial_service","online GP consultation","","","Online doctor consultation","what is included|conditions|how it works|limitations|FAQs","","Book online","See adjacent services","Irish Medical Council registration|pricing|hours","Explicit exclusions|remote-care limits|local care escalation","Present","WebPage|BreadcrumbList|AggregateRating","true","self","Commercial hub and related services","","","","2026-08-25","Observed live"
"https://www.webdoctor.ie/online-doctor-ireland/doctor-referral/","commercial or topic page","","","","","","","","","","","","","Not page-checked","Unavailable","","","","","2026-08-25","Sitemap-discovered inventory row from https://www.webdoctor.ie/page-sitemap.xml; lastmod 2026-05-03T11:28:36+00:00. Not part of the 20-page deep template sample; page-level fields and OpenSEO URL metrics unavailable."
"https://www.webdoctor.ie/online-doctor-ireland/sick-notes-medical-certificates/","commercial or topic page","","","","","","","","","","","","","Not page-checked","Unavailable","","","","","2026-08-25","Sitemap-discovered inventory row from https://www.webdoctor.ie/page-sitemap.xml; lastmod 2026-05-03T11:42:46+00:00. Not part of the 20-page deep template sample; page-level fields and OpenSEO URL metrics unavailable."
"https://www.webdoctor.ie/online-doctor-male/","commercial or topic page","","","","","","","","","","","","","Not page-checked","Unavailable","","","","","2026-08-25","Sitemap-discovered inventory row from https://www.webdoctor.ie/page-sitemap.xml; lastmod 2026-05-03T11:58:40+00:00. Not part of the 20-page deep template sample; page-level fields and OpenSEO URL metrics unavailable."
"https://www.webdoctor.ie/online-prescriptions/","commercial_hub","online prescriptions","","","Online prescriptions","treatment categories|questionnaire|doctor review|decision|FAQs","","Request a prescription","Browse treatments","Registered doctors|secure account|Healthmail","Eligibility exclusions|not guaranteed|refund condition","Present","WebPage|BreadcrumbList|AggregateRating","true","self","Links to treatment hubs","","","","2026-08-25","Competitor-only model; not a target priority while target prescription pages are intentionally disabled"
"https://www.webdoctor.ie/pages/patient_guide/","policy_help","patient guide","","","Patient guide","service process|medical director|support","","Start service","Contact","Medical director statement|patient process","Care limitations","","WebPage|BreadcrumbList","true","self","Commercial and help links","","","","2026-08-25","Medical Director naming appears inconsistent with current About page"
"https://www.webdoctor.ie/pages/press-releases/irish-startup-launches-innovative-online-doctors-service/","commercial or topic page","","","","","","","","","","","","","Not page-checked","Unavailable","","","","","2026-08-25","Sitemap-discovered inventory row from https://www.webdoctor.ie/page-sitemap.xml; lastmod 2024-05-03T08:11:56+00:00. Not part of the 20-page deep template sample; page-level fields and OpenSEO URL metrics unavailable."
"https://www.webdoctor.ie/period-delay-treatment/","commercial or topic page","","","","","","","","","","","","","Not page-checked","Unavailable","","","","","2026-08-25","Sitemap-discovered inventory row from https://www.webdoctor.ie/page-sitemap.xml; lastmod 2026-05-03T11:44:49+00:00. Not part of the 20-page deep template sample; page-level fields and OpenSEO URL metrics unavailable."
"https://www.webdoctor.ie/period-delay-treatment/can-i-take-the-pill-to-delay-my-period/","commercial or topic page","","","","","","","","","","","","","Not page-checked","Unavailable","","","","","2026-08-25","Sitemap-discovered inventory row from https://www.webdoctor.ie/page-sitemap.xml; lastmod 2024-05-03T08:12:55+00:00. Not part of the 20-page deep template sample; page-level fields and OpenSEO URL metrics unavailable."
"https://www.webdoctor.ie/period-delay-treatment/does-the-morining-after-pill-delay-period/","commercial or topic page","","","","","","","","","","","","","Not page-checked","Unavailable","","","","","2026-08-25","Sitemap-discovered inventory row from https://www.webdoctor.ie/page-sitemap.xml; lastmod 2024-05-03T08:13:18+00:00. Not part of the 20-page deep template sample; page-level fields and OpenSEO URL metrics unavailable."
"https://www.webdoctor.ie/period-delay-treatment/how-to-delay-your-period/","commercial or topic page","","","","","","","","","","","","","Not page-checked","Unavailable","","","","","2026-08-25","Sitemap-discovered inventory row from https://www.webdoctor.ie/page-sitemap.xml; lastmod 2024-05-03T08:12:57+00:00. Not part of the 20-page deep template sample; page-level fields and OpenSEO URL metrics unavailable."
"https://www.webdoctor.ie/period-delay/period-delay-pill-how-does-it-work/","commercial or topic page","","","","","","","","","","","","","Not page-checked","Unavailable","","","","","2026-08-25","Sitemap-discovered inventory row from https://www.webdoctor.ie/page-sitemap.xml; lastmod 2024-05-03T08:12:54+00:00. Not part of the 20-page deep template sample; page-level fields and OpenSEO URL metrics unavailable."
"https://www.webdoctor.ie/plant-based-diet-nutrition-ireland/","editorial/supporting","","","","","","","","","","","","","Not page-checked","Unavailable","","","","","2026-08-25","Sitemap-discovered inventory row from https://www.webdoctor.ie/post-sitemap.xml; lastmod 2026-08-03T19:18:48+00:00. Not part of the 20-page deep template sample; page-level fields and OpenSEO URL metrics unavailable."
"https://www.webdoctor.ie/plaque-psoriasis-treatment/","commercial or topic page","","","","","","","","","","","","","Not page-checked","Unavailable","","","","","2026-08-25","Sitemap-discovered inventory row from https://www.webdoctor.ie/page-sitemap.xml; lastmod 2026-05-03T11:47:40+00:00. Not part of the 20-page deep template sample; page-level fields and OpenSEO URL metrics unavailable."
"https://www.webdoctor.ie/ppc/24-hour-blood-pressure-monitoring/","ppc landing page","","","","","","","","","","","","","Not page-checked","Unavailable","","","","","2026-08-25","Sitemap-discovered inventory row from https://www.webdoctor.ie/ppc_page-sitemap.xml; lastmod 2026-06-04T09:26:14+00:00. Not part of the 20-page deep template sample; page-level fields and OpenSEO URL metrics unavailable."
"https://www.webdoctor.ie/ppc/acne-treatment/","ppc_landing","acne treatment","Acne Treatment","","Acne treatment","","","Start treatment","","Campaign-specific proof","Eligibility","","WebPage|BreadcrumbList","true","self","Campaign links","","","","2026-08-25","200, index/follow and self-canonical"
"https://www.webdoctor.ie/ppc/adult-adhd-assessment/","ppc landing page","","","","","","","","","","","","","Not page-checked","Unavailable","","","","","2026-08-25","Sitemap-discovered inventory row from https://www.webdoctor.ie/ppc_page-sitemap.xml; lastmod 2026-06-11T07:27:20+00:00. Not part of the 20-page deep template sample; page-level fields and OpenSEO URL metrics unavailable."
"https://www.webdoctor.ie/ppc/asthma-treatment/","ppc_landing","asthma treatment","","","Asthma treatment","","","Start treatment","","Campaign-specific proof","Eligibility","","WebPage|BreadcrumbList","true","self","Campaign links","","","","2026-08-25","Indexable campaign page"
"https://www.webdoctor.ie/ppc/cold-sore-treatment/","ppc landing page","","","","","","","","","","","","","Not page-checked","Unavailable","","","","","2026-08-25","Sitemap-discovered inventory row from https://www.webdoctor.ie/ppc_page-sitemap.xml; lastmod 2026-04-20T13:30:21+00:00. Not part of the 20-page deep template sample; page-level fields and OpenSEO URL metrics unavailable."
"https://www.webdoctor.ie/ppc/contraceptive-treatment/","ppc landing page","","","","","","","","","","","","","Not page-checked","Unavailable","","","","","2026-08-25","Sitemap-discovered inventory row from https://www.webdoctor.ie/ppc_page-sitemap.xml; lastmod 2026-04-20T13:30:49+00:00. Not part of the 20-page deep template sample; page-level fields and OpenSEO URL metrics unavailable."
"https://www.webdoctor.ie/ppc/cystitis-treatment/","ppc landing page","","","","","","","","","","","","","Not page-checked","Unavailable","","","","","2026-08-25","Sitemap-discovered inventory row from https://www.webdoctor.ie/ppc_page-sitemap.xml; lastmod 2026-04-20T13:31:33+00:00. Not part of the 20-page deep template sample; page-level fields and OpenSEO URL metrics unavailable."
"https://www.webdoctor.ie/ppc/diet-nutrition-dietitian-consultation-online/","ppc landing page","","","","","","","","","","","","","Not page-checked","Unavailable","","","","","2026-08-25","Sitemap-discovered inventory row from https://www.webdoctor.ie/ppc_page-sitemap.xml; lastmod 2026-06-11T07:30:43+00:00. Not part of the 20-page deep template sample; page-level fields and OpenSEO URL metrics unavailable."
"https://www.webdoctor.ie/ppc/ear-syringing/","ppc landing page","","","","","","","","","","","","","Not page-checked","Unavailable","","","","","2026-08-25","Sitemap-discovered inventory row from https://www.webdoctor.ie/ppc_page-sitemap.xml; lastmod 2026-06-04T09:26:14+00:00. Not part of the 20-page deep template sample; page-level fields and OpenSEO URL metrics unavailable."
"https://www.webdoctor.ie/ppc/ecg-heart-health-screening/","ppc landing page","","","","","","","","","","","","","Not page-checked","Unavailable","","","","","2026-08-25","Sitemap-discovered inventory row from https://www.webdoctor.ie/ppc_page-sitemap.xml; lastmod 2026-06-04T09:26:14+00:00. Not part of the 20-page deep template sample; page-level fields and OpenSEO URL metrics unavailable."
"https://www.webdoctor.ie/ppc/eczema-treatment/","ppc landing page","","","","","","","","","","","","","Not page-checked","Unavailable","","","","","2026-08-25","Sitemap-discovered inventory row from https://www.webdoctor.ie/ppc_page-sitemap.xml; lastmod 2026-04-20T13:31:49+00:00. Not part of the 20-page deep template sample; page-level fields and OpenSEO URL metrics unavailable."
"https://www.webdoctor.ie/ppc/erectile-dysfunction-treatment/","ppc landing page","","","","","","","","","","","","","Not page-checked","Unavailable","","","","","2026-08-25","Sitemap-discovered inventory row from https://www.webdoctor.ie/ppc_page-sitemap.xml; lastmod 2026-04-20T13:32:05+00:00. Not part of the 20-page deep template sample; page-level fields and OpenSEO URL metrics unavailable."
"https://www.webdoctor.ie/ppc/excess-female-hair-treatment/","ppc landing page","","","","","","","","","","","","","Not page-checked","Unavailable","","","","","2026-08-25","Sitemap-discovered inventory row from https://www.webdoctor.ie/ppc_page-sitemap.xml; lastmod 2026-04-20T13:32:23+00:00. Not part of the 20-page deep template sample; page-level fields and OpenSEO URL metrics unavailable."
"https://www.webdoctor.ie/ppc/executive-female-health-screenings/","ppc landing page","","","","","","","","","","","","","Not page-checked","Unavailable","","","","","2026-08-25","Sitemap-discovered inventory row from https://www.webdoctor.ie/ppc_page-sitemap.xml; lastmod 2026-06-04T09:26:14+00:00. Not part of the 20-page deep template sample; page-level fields and OpenSEO URL metrics unavailable."
"https://www.webdoctor.ie/ppc/flu/","ppc landing page","","","","","","","","","","","","","Not page-checked","Unavailable","","","","","2026-08-25","Sitemap-discovered inventory row from https://www.webdoctor.ie/ppc_page-sitemap.xml; lastmod 2026-04-20T13:33:00+00:00. Not part of the 20-page deep template sample; page-level fields and OpenSEO URL metrics unavailable."
"https://www.webdoctor.ie/ppc/general-treatment/","ppc landing page","","","","","","","","","","","","","Not page-checked","Unavailable","","","","","2026-08-25","Sitemap-discovered inventory row from https://www.webdoctor.ie/ppc_page-sitemap.xml; lastmod 2026-04-20T13:34:35+00:00. Not part of the 20-page deep template sample; page-level fields and OpenSEO URL metrics unavailable."
"https://www.webdoctor.ie/ppc/genital-herpes-treatment/","ppc landing page","","","","","","","","","","","","","Not page-checked","Unavailable","","","","","2026-08-25","Sitemap-discovered inventory row from https://www.webdoctor.ie/ppc_page-sitemap.xml; lastmod 2026-04-20T13:35:55+00:00. Not part of the 20-page deep template sample; page-level fields and OpenSEO URL metrics unavailable."
"https://www.webdoctor.ie/ppc/gp-consultation/","ppc landing page","","","","","","","","","","","","","Not page-checked","Unavailable","","","","","2026-08-25","Sitemap-discovered inventory row from https://www.webdoctor.ie/ppc_page-sitemap.xml; lastmod 2026-06-04T09:26:14+00:00. Not part of the 20-page deep template sample; page-level fields and OpenSEO URL metrics unavailable."
"https://www.webdoctor.ie/ppc/hair-loss-treatment/","ppc landing page","","","","","","","","","","","","","Not page-checked","Unavailable","","","","","2026-08-25","Sitemap-discovered inventory row from https://www.webdoctor.ie/ppc_page-sitemap.xml; lastmod 2026-04-20T13:36:20+00:00. Not part of the 20-page deep template sample; page-level fields and OpenSEO URL metrics unavailable."
"https://www.webdoctor.ie/ppc/hay-fever-treatment/","ppc landing page","","","","","","","","","","","","","Not page-checked","Unavailable","","","","","2026-08-25","Sitemap-discovered inventory row from https://www.webdoctor.ie/ppc_page-sitemap.xml; lastmod 2026-04-20T13:36:38+00:00. Not part of the 20-page deep template sample; page-level fields and OpenSEO URL metrics unavailable."
"https://www.webdoctor.ie/ppc/hypothyroidism-treatment/","ppc landing page","","","","","","","","","","","","","Not page-checked","Unavailable","","","","","2026-08-25","Sitemap-discovered inventory row from https://www.webdoctor.ie/ppc_page-sitemap.xml; lastmod 2026-04-20T13:36:57+00:00. Not part of the 20-page deep template sample; page-level fields and OpenSEO URL metrics unavailable."
"https://www.webdoctor.ie/ppc/jet-lag-treatment/","ppc landing page","","","","","","","","","","","","","Not page-checked","Unavailable","","","","","2026-08-25","Sitemap-discovered inventory row from https://www.webdoctor.ie/ppc_page-sitemap.xml; lastmod 2026-04-20T13:37:16+00:00. Not part of the 20-page deep template sample; page-level fields and OpenSEO URL metrics unavailable."
"https://www.webdoctor.ie/ppc/male-executive-health-screenings/","ppc landing page","","","","","","","","","","","","","Not page-checked","Unavailable","","","","","2026-08-25","Sitemap-discovered inventory row from https://www.webdoctor.ie/ppc_page-sitemap.xml; lastmod 2026-06-04T09:26:14+00:00. Not part of the 20-page deep template sample; page-level fields and OpenSEO URL metrics unavailable."
"https://www.webdoctor.ie/ppc/menopausal-vagina-dryness-treatment/","ppc landing page","","","","","","","","","","","","","Not page-checked","Unavailable","","","","","2026-08-25","Sitemap-discovered inventory row from https://www.webdoctor.ie/ppc_page-sitemap.xml; lastmod 2026-04-20T13:37:52+00:00. Not part of the 20-page deep template sample; page-level fields and OpenSEO URL metrics unavailable."
"https://www.webdoctor.ie/ppc/menopause-consultation/","ppc landing page","","","","","","","","","","","","","Not page-checked","Unavailable","","","","","2026-08-25","Sitemap-discovered inventory row from https://www.webdoctor.ie/ppc_page-sitemap.xml; lastmod 2026-04-20T13:38:08+00:00. Not part of the 20-page deep template sample; page-level fields and OpenSEO URL metrics unavailable."
"https://www.webdoctor.ie/ppc/migraine-treatment/","ppc landing page","","","","","","","","","","","","","Not page-checked","Unavailable","","","","","2026-08-25","Sitemap-discovered inventory row from https://www.webdoctor.ie/ppc_page-sitemap.xml; lastmod 2026-04-20T13:38:24+00:00. Not part of the 20-page deep template sample; page-level fields and OpenSEO URL metrics unavailable."
"https://www.webdoctor.ie/ppc/period-delay-treatment/","ppc landing page","","","","","","","","","","","","","Not page-checked","Unavailable","","","","","2026-08-25","Sitemap-discovered inventory row from https://www.webdoctor.ie/ppc_page-sitemap.xml; lastmod 2026-04-20T13:38:40+00:00. Not part of the 20-page deep template sample; page-level fields and OpenSEO URL metrics unavailable."
"https://www.webdoctor.ie/ppc/plaque-psoriasis-treatment/","ppc landing page","","","","","","","","","","","","","Not page-checked","Unavailable","","","","","2026-08-25","Sitemap-discovered inventory row from https://www.webdoctor.ie/ppc_page-sitemap.xml; lastmod 2026-04-20T13:38:56+00:00. Not part of the 20-page deep template sample; page-level fields and OpenSEO URL metrics unavailable."
"https://www.webdoctor.ie/ppc/premature-ejaculation-treatment/","ppc landing page","","","","","","","","","","","","","Not page-checked","Unavailable","","","","","2026-08-25","Sitemap-discovered inventory row from https://www.webdoctor.ie/ppc_page-sitemap.xml; lastmod 2026-04-20T13:39:11+00:00. Not part of the 20-page deep template sample; page-level fields and OpenSEO URL metrics unavailable."
"https://www.webdoctor.ie/ppc/professional-blood-testing/","ppc landing page","","","","","","","","","","","","","Not page-checked","Unavailable","","","","","2026-08-25","Sitemap-discovered inventory row from https://www.webdoctor.ie/ppc_page-sitemap.xml; lastmod 2026-06-04T09:26:14+00:00. Not part of the 20-page deep template sample; page-level fields and OpenSEO URL metrics unavailable."
"https://www.webdoctor.ie/ppc/rosacea-treatment/","ppc landing page","","","","","","","","","","","","","Not page-checked","Unavailable","","","","","2026-08-25","Sitemap-discovered inventory row from https://www.webdoctor.ie/ppc_page-sitemap.xml; lastmod 2026-04-20T13:39:27+00:00. Not part of the 20-page deep template sample; page-level fields and OpenSEO URL metrics unavailable."
"https://www.webdoctor.ie/ppc/sexual-health-screening/","ppc landing page","","","","","","","","","","","","","Not page-checked","Unavailable","","","","","2026-08-25","Sitemap-discovered inventory row from https://www.webdoctor.ie/ppc_page-sitemap.xml; lastmod 2026-06-04T09:26:14+00:00. Not part of the 20-page deep template sample; page-level fields and OpenSEO URL metrics unavailable."
"https://www.webdoctor.ie/ppc/specialist-gp-dermatology-consultation/","ppc landing page","","","","","","","","","","","","","Not page-checked","Unavailable","","","","","2026-08-25","Sitemap-discovered inventory row from https://www.webdoctor.ie/ppc_page-sitemap.xml; lastmod 2026-06-04T09:26:14+00:00. Not part of the 20-page deep template sample; page-level fields and OpenSEO URL metrics unavailable."
"https://www.webdoctor.ie/ppc/specialist-menopause-consultation/","ppc landing page","","","","","","","","","","","","","Not page-checked","Unavailable","","","","","2026-08-25","Sitemap-discovered inventory row from https://www.webdoctor.ie/ppc_page-sitemap.xml; lastmod 2026-06-04T09:26:14+00:00. Not part of the 20-page deep template sample; page-level fields and OpenSEO URL metrics unavailable."
"https://www.webdoctor.ie/ppc/specialist-mens-health-gp-consultation/","ppc landing page","","","","","","","","","","","","","Not page-checked","Unavailable","","","","","2026-08-25","Sitemap-discovered inventory row from https://www.webdoctor.ie/ppc_page-sitemap.xml; lastmod 2026-06-04T09:26:14+00:00. Not part of the 20-page deep template sample; page-level fields and OpenSEO URL metrics unavailable."
"https://www.webdoctor.ie/ppc/specialist-womens-health-consultation/","ppc landing page","","","","","","","","","","","","","Not page-checked","Unavailable","","","","","2026-08-25","Sitemap-discovered inventory row from https://www.webdoctor.ie/ppc_page-sitemap.xml; lastmod 2026-06-04T09:26:14+00:00. Not part of the 20-page deep template sample; page-level fields and OpenSEO URL metrics unavailable."
"https://www.webdoctor.ie/ppc/travel-health-consultation/","ppc landing page","","","","","","","","","","","","","Not page-checked","Unavailable","","","","","2026-08-25","Sitemap-discovered inventory row from https://www.webdoctor.ie/ppc_page-sitemap.xml; lastmod 2026-06-04T09:26:14+00:00. Not part of the 20-page deep template sample; page-level fields and OpenSEO URL metrics unavailable."
"https://www.webdoctor.ie/ppc/travel-health-treatment-holidays/","ppc landing page","","","","","","","","","","","","","Not page-checked","Unavailable","","","","","2026-08-25","Sitemap-discovered inventory row from https://www.webdoctor.ie/ppc_page-sitemap.xml; lastmod 2026-04-20T13:39:44+00:00. Not part of the 20-page deep template sample; page-level fields and OpenSEO URL metrics unavailable."
"https://www.webdoctor.ie/ppc/video-consultation-female-gp/","ppc landing page","","","","","","","","","","","","","Not page-checked","Unavailable","","","","","2026-08-25","Sitemap-discovered inventory row from https://www.webdoctor.ie/ppc_page-sitemap.xml; lastmod 2026-04-20T13:40:00+00:00. Not part of the 20-page deep template sample; page-level fields and OpenSEO URL metrics unavailable."
"https://www.webdoctor.ie/ppc/video-consultation-generic/","ppc_landing","video consultation","","","Video consultation","","","Book","","Campaign-specific proof","Suitability","","WebPage|BreadcrumbList","true","self","Campaign links","","","","2026-08-25","PPC post type is indexable; duplication risk"
"https://www.webdoctor.ie/ppc/video-consultation-male-gp/","ppc landing page","","","","","","","","","","","","","Not page-checked","Unavailable","","","","","2026-08-25","Sitemap-discovered inventory row from https://www.webdoctor.ie/ppc_page-sitemap.xml; lastmod 2026-02-24T10:07:13+00:00. Not part of the 20-page deep template sample; page-level fields and OpenSEO URL metrics unavailable."
"https://www.webdoctor.ie/ppc/video-consultation-portuguese-camp/","ppc landing page","","","","","","","","","","","","","Not page-checked","Unavailable","","","","","2026-08-25","Sitemap-discovered inventory row from https://www.webdoctor.ie/ppc_page-sitemap.xml; lastmod 2026-05-03T12:11:55+00:00. Not part of the 20-page deep template sample; page-level fields and OpenSEO URL metrics unavailable."
"https://www.webdoctor.ie/ppc/video-consultation-spanish-camp/","ppc landing page","","","","","","","","","","","","","Not page-checked","Unavailable","","","","","2026-08-25","Sitemap-discovered inventory row from https://www.webdoctor.ie/ppc_page-sitemap.xml; lastmod 2026-05-03T12:14:11+00:00. Not part of the 20-page deep template sample; page-level fields and OpenSEO URL metrics unavailable."
"https://www.webdoctor.ie/ppc/weight-management-program-camp/","ppc landing page","","","","","","","","","","","","","Not page-checked","Unavailable","","","","","2026-08-25","Sitemap-discovered inventory row from https://www.webdoctor.ie/ppc_page-sitemap.xml; lastmod 2026-04-20T13:37:37+00:00. Not part of the 20-page deep template sample; page-level fields and OpenSEO URL metrics unavailable."
"https://www.webdoctor.ie/ppc/weight-management-specialist-gp-consultation/","ppc landing page","","","","","","","","","","","","","Not page-checked","Unavailable","","","","","2026-08-25","Sitemap-discovered inventory row from https://www.webdoctor.ie/ppc_page-sitemap.xml; lastmod 2026-06-04T09:26:14+00:00. Not part of the 20-page deep template sample; page-level fields and OpenSEO URL metrics unavailable."
"https://www.webdoctor.ie/ppc/weight-management-treatment-camp/","ppc landing page","","","","","","","","","","","","","Not page-checked","Unavailable","","","","","2026-08-25","Sitemap-discovered inventory row from https://www.webdoctor.ie/ppc_page-sitemap.xml; lastmod 2026-02-24T10:07:55+00:00. Not part of the 20-page deep template sample; page-level fields and OpenSEO URL metrics unavailable."
"https://www.webdoctor.ie/pre-diabetes-ireland-prevention/","editorial/supporting","","","","","","","","","","","","","Not page-checked","Unavailable","","","","","2026-08-25","Sitemap-discovered inventory row from https://www.webdoctor.ie/post-sitemap.xml; lastmod 2026-08-03T19:18:48+00:00. Not part of the 20-page deep template sample; page-level fields and OpenSEO URL metrics unavailable."
"https://www.webdoctor.ie/premature-ejaculation-is-it-really-that-common-and-what-causes-it/","editorial/supporting","","","","","","","","","","","","","Not page-checked","Unavailable","","","","","2026-08-25","Sitemap-discovered inventory row from https://www.webdoctor.ie/post-sitemap.xml; lastmod 2026-08-03T19:18:49+00:00. Not part of the 20-page deep template sample; page-level fields and OpenSEO URL metrics unavailable."
"https://www.webdoctor.ie/premature-ejaculation-treatment/","commercial or topic page","","","","","","","","","","","","","Not page-checked","Unavailable","","","","","2026-08-25","Sitemap-discovered inventory row from https://www.webdoctor.ie/page-sitemap.xml; lastmod 2026-05-03T11:48:09+00:00. Not part of the 20-page deep template sample; page-level fields and OpenSEO URL metrics unavailable."
"https://www.webdoctor.ie/probiotics-prebiotics-gut-health-ireland/","editorial/supporting","","","","","","","","","","","","","Not page-checked","Unavailable","","","","","2026-08-25","Sitemap-discovered inventory row from https://www.webdoctor.ie/post-sitemap.xml; lastmod 2026-08-03T19:18:48+00:00. Not part of the 20-page deep template sample; page-level fields and OpenSEO URL metrics unavailable."
"https://www.webdoctor.ie/project/cystitis/","editorial/supporting","","","","","","","","","","","","","Not page-checked","Unavailable","","","","","2026-08-25","Sitemap-discovered inventory row from https://www.webdoctor.ie/post-sitemap.xml; lastmod 2026-08-03T19:18:50+00:00. Not part of the 20-page deep template sample; page-level fields and OpenSEO URL metrics unavailable."
"https://www.webdoctor.ie/project/video-consultations/","editorial/supporting","","","","","","","","","","","","","Not page-checked","Unavailable","","","","","2026-08-25","Sitemap-discovered inventory row from https://www.webdoctor.ie/post-sitemap.xml; lastmod 2026-08-03T19:18:51+00:00. Not part of the 20-page deep template sample; page-level fields and OpenSEO URL metrics unavailable."
"https://www.webdoctor.ie/protein-what-is-it-where-do-we-get-it/","editorial/supporting","","","","","","","","","","","","","Not page-checked","Unavailable","","","","","2026-08-25","Sitemap-discovered inventory row from https://www.webdoctor.ie/post-sitemap.xml; lastmod 2026-08-03T19:18:49+00:00. Not part of the 20-page deep template sample; page-level fields and OpenSEO URL metrics unavailable."
"https://www.webdoctor.ie/remote-gp-jobs-ireland/","commercial or topic page","","","","","","","","","","","","","Not page-checked","Unavailable","","","","","2026-08-25","Sitemap-discovered inventory row from https://www.webdoctor.ie/page-sitemap.xml; lastmod 2026-01-13T13:41:38+00:00. Not part of the 20-page deep template sample; page-level fields and OpenSEO URL metrics unavailable."
"https://www.webdoctor.ie/rosacea-treatment/","commercial or topic page","","","","","","","","","","","","","Not page-checked","Unavailable","","","","","2026-08-25","Sitemap-discovered inventory row from https://www.webdoctor.ie/page-sitemap.xml; lastmod 2026-05-03T11:50:21+00:00. Not part of the 20-page deep template sample; page-level fields and OpenSEO URL metrics unavailable."
"https://www.webdoctor.ie/site_pages/cookies/","commercial or topic page","","","","","","","","","","","","","Not page-checked","Unavailable","","","","","2026-08-25","Sitemap-discovered inventory row from https://www.webdoctor.ie/page-sitemap.xml; lastmod 2025-03-14T14:06:10+00:00. Not part of the 20-page deep template sample; page-level fields and OpenSEO URL metrics unavailable."
"https://www.webdoctor.ie/site_pages/privacy/","trust/policy/navigation","","","","","","","","","","","","","Not page-checked","Unavailable","","","","","2026-08-25","Sitemap-discovered inventory row from https://www.webdoctor.ie/page-sitemap.xml; lastmod 2026-06-23T11:50:25+00:00. Not part of the 20-page deep template sample; page-level fields and OpenSEO URL metrics unavailable."
"https://www.webdoctor.ie/site_pages/terms-and-conditions/","trust/policy/navigation","","","","","","","","","","","","","Not page-checked","Unavailable","","","","","2026-08-25","Sitemap-discovered inventory row from https://www.webdoctor.ie/page-sitemap.xml; lastmod 2026-07-20T19:55:13+00:00. Not part of the 20-page deep template sample; page-level fields and OpenSEO URL metrics unavailable."
"https://www.webdoctor.ie/site-map/","html_sitemap","site architecture","","","Site map","consultations|treatments|conditions|health HQ","","Browse pages","","","","","WebPage","true","self","Extensive commercial and informational index","","","","2026-08-25","Strong crawl/discovery surface"
"https://www.webdoctor.ie/stop-smoking-treatment/","commercial or topic page","","","","","","","","","","","","","Not page-checked","Unavailable","","","","","2026-08-25","Sitemap-discovered inventory row from https://www.webdoctor.ie/page-sitemap.xml; lastmod 2026-05-03T11:59:16+00:00. Not part of the 20-page deep template sample; page-level fields and OpenSEO URL metrics unavailable."
"https://www.webdoctor.ie/the-impact-of-sleep-deprivation/","editorial/supporting","","","","","","","","","","","","","Not page-checked","Unavailable","","","","","2026-08-25","Sitemap-discovered inventory row from https://www.webdoctor.ie/post-sitemap.xml; lastmod 2026-08-03T19:18:52+00:00. Not part of the 20-page deep template sample; page-level fields and OpenSEO URL metrics unavailable."
"https://www.webdoctor.ie/thrush-treatment/","commercial or topic page","","","","","","","","","","","","","Not page-checked","Unavailable","","","","","2026-08-25","Sitemap-discovered inventory row from https://www.webdoctor.ie/page-sitemap.xml; lastmod 2026-05-03T11:31:31+00:00. Not part of the 20-page deep template sample; page-level fields and OpenSEO URL metrics unavailable."
"https://www.webdoctor.ie/thrush-treatment/thrush-symptoms-causes/","commercial or topic page","","","","","","","","","","","","","Not page-checked","Unavailable","","","","","2026-08-25","Sitemap-discovered inventory row from https://www.webdoctor.ie/page-sitemap.xml; lastmod 2024-05-13T10:39:47+00:00. Not part of the 20-page deep template sample; page-level fields and OpenSEO URL metrics unavailable."
"https://www.webdoctor.ie/thrush-treatment/thrush-treatment-options/","commercial or topic page","","","","","","","","","","","","","Not page-checked","Unavailable","","","","","2026-08-25","Sitemap-discovered inventory row from https://www.webdoctor.ie/page-sitemap.xml; lastmod 2024-05-03T08:13:30+00:00. Not part of the 20-page deep template sample; page-level fields and OpenSEO URL metrics unavailable."
"https://www.webdoctor.ie/thrush-treatment/thrush-types-treatments/","commercial or topic page","","","","","","","","","","","","","Not page-checked","Unavailable","","","","","2026-08-25","Sitemap-discovered inventory row from https://www.webdoctor.ie/page-sitemap.xml; lastmod 2024-05-03T08:13:33+00:00. Not part of the 20-page deep template sample; page-level fields and OpenSEO URL metrics unavailable."
"https://www.webdoctor.ie/thrush-treatment/vaginal-thrush/","commercial or topic page","","","","","","","","","","","","","Not page-checked","Unavailable","","","","","2026-08-25","Sitemap-discovered inventory row from https://www.webdoctor.ie/page-sitemap.xml; lastmod 2024-05-03T08:11:05+00:00. Not part of the 20-page deep template sample; page-level fields and OpenSEO URL metrics unavailable."
"https://www.webdoctor.ie/thrush-what-is-it-and-how-can-we-prevent-it/","editorial/supporting","","","","","","","","","","","","","Not page-checked","Unavailable","","","","","2026-08-25","Sitemap-discovered inventory row from https://www.webdoctor.ie/post-sitemap.xml; lastmod 2026-08-03T19:18:51+00:00. Not part of the 20-page deep template sample; page-level fields and OpenSEO URL metrics unavailable."
"https://www.webdoctor.ie/travel-health-vaccination-service/travel-health-clinic/","commercial or topic page","","","","","","","","","","","","","Not page-checked","Unavailable","","","","","2026-08-25","Sitemap-discovered inventory row from https://www.webdoctor.ie/page-sitemap.xml; lastmod 2026-06-11T20:41:57+00:00. Not part of the 20-page deep template sample; page-level fields and OpenSEO URL metrics unavailable."
"https://www.webdoctor.ie/travel-health-vaccination-service/vaccinations-for-america/","commercial or topic page","","","","","","","","","","","","","Not page-checked","Unavailable","","","","","2026-08-25","Sitemap-discovered inventory row from https://www.webdoctor.ie/page-sitemap.xml; lastmod 2026-08-03T18:37:43+00:00. Not part of the 20-page deep template sample; page-level fields and OpenSEO URL metrics unavailable."
"https://www.webdoctor.ie/travel-health-vaccination-service/vaccinations-for-vietnam/","commercial or topic page","","","","","","","","","","","","","Not page-checked","Unavailable","","","","","2026-08-25","Sitemap-discovered inventory row from https://www.webdoctor.ie/page-sitemap.xml; lastmod 2024-11-30T13:05:28+00:00. Not part of the 20-page deep template sample; page-level fields and OpenSEO URL metrics unavailable."
"https://www.webdoctor.ie/travel-health-vaccination-service/vaccine-for-travelling/","commercial or topic page","","","","","","","","","","","","","Not page-checked","Unavailable","","","","","2026-08-25","Sitemap-discovered inventory row from https://www.webdoctor.ie/page-sitemap.xml; lastmod 2026-06-11T20:41:57+00:00. Not part of the 20-page deep template sample; page-level fields and OpenSEO URL metrics unavailable."
"https://www.webdoctor.ie/travel-health-vaccination-service/vaccines-for-africa/","commercial or topic page","","","","","","","","","","","","","Not page-checked","Unavailable","","","","","2026-08-25","Sitemap-discovered inventory row from https://www.webdoctor.ie/page-sitemap.xml; lastmod 2024-11-30T13:05:41+00:00. Not part of the 20-page deep template sample; page-level fields and OpenSEO URL metrics unavailable."
"https://www.webdoctor.ie/travel-health-vaccination-service/vaccines-for-thailand/","commercial or topic page","","","","","","","","","","","","","Not page-checked","Unavailable","","","","","2026-08-25","Sitemap-discovered inventory row from https://www.webdoctor.ie/page-sitemap.xml; lastmod 2026-08-03T18:37:26+00:00. Not part of the 20-page deep template sample; page-level fields and OpenSEO URL metrics unavailable."
"https://www.webdoctor.ie/travel-vaccinations-what-you-need-to-know/","editorial/supporting","","","","","","","","","","","","","Not page-checked","Unavailable","","","","","2026-08-25","Sitemap-discovered inventory row from https://www.webdoctor.ie/post-sitemap.xml; lastmod 2026-08-03T19:18:49+00:00. Not part of the 20-page deep template sample; page-level fields and OpenSEO URL metrics unavailable."
"https://www.webdoctor.ie/travel-vaccines-anti-malaria-tablets-online/","commercial or topic page","","","","","","","","","","","","","Not page-checked","Unavailable","","","","","2026-08-25","Sitemap-discovered inventory row from https://www.webdoctor.ie/page-sitemap.xml; lastmod 2026-05-03T11:52:39+00:00. Not part of the 20-page deep template sample; page-level fields and OpenSEO URL metrics unavailable."
"https://www.webdoctor.ie/video-consultation-female-doctor/","commercial or topic page","","","","","","","","","","","","","Not page-checked","Unavailable","","","","","2026-08-25","Sitemap-discovered inventory row from https://www.webdoctor.ie/page-sitemap.xml; lastmod 2026-05-03T11:58:09+00:00. Not part of the 20-page deep template sample; page-level fields and OpenSEO URL metrics unavailable."
"https://www.webdoctor.ie/video-consultation-portuguese/","commercial or topic page","","","","","","","","","","","","","Not page-checked","Unavailable","","","","","2026-08-25","Sitemap-discovered inventory row from https://www.webdoctor.ie/page-sitemap.xml; lastmod 2026-05-03T11:55:14+00:00. Not part of the 20-page deep template sample; page-level fields and OpenSEO URL metrics unavailable."
"https://www.webdoctor.ie/video-consultation-spanish/","commercial or topic page","","","","","","","","","","","","","Not page-checked","Unavailable","","","","","2026-08-25","Sitemap-discovered inventory row from https://www.webdoctor.ie/page-sitemap.xml; lastmod 2026-05-03T11:57:28+00:00. Not part of the 20-page deep template sample; page-level fields and OpenSEO URL metrics unavailable."
"https://www.webdoctor.ie/weight-loss-services/self-injectable-weight-loss-treatment/","commercial or topic page","","","","","","","","","","","","","Not page-checked","Unavailable","","","","","2026-08-25","Sitemap-discovered inventory row from https://www.webdoctor.ie/page-sitemap.xml; lastmod 2026-08-04T11:30:19+00:00. Not part of the 20-page deep template sample; page-level fields and OpenSEO URL metrics unavailable."
"https://www.webdoctor.ie/weight-loss-services/weight-loss-consultation/","commercial or topic page","","","","","","","","","","","","","Not page-checked","Unavailable","","","","","2026-08-25","Sitemap-discovered inventory row from https://www.webdoctor.ie/page-sitemap.xml; lastmod 2026-05-03T11:59:44+00:00. Not part of the 20-page deep template sample; page-level fields and OpenSEO URL metrics unavailable."
"https://www.webdoctor.ie/weight-management-services/","commercial or topic page","","","","","","","","","","","","","Not page-checked","Unavailable","","","","","2026-08-25","Sitemap-discovered inventory row from https://www.webdoctor.ie/page-sitemap.xml; lastmod 2026-08-03T19:02:46+00:00. Not part of the 20-page deep template sample; page-level fields and OpenSEO URL metrics unavailable."
"https://www.webdoctor.ie/weight-management-services/assessment/","commercial or topic page","","","","","","","","","","","","","Not page-checked","Unavailable","","","","","2026-08-25","Sitemap-discovered inventory row from https://www.webdoctor.ie/page-sitemap.xml; lastmod 2026-07-20T19:41:39+00:00. Not part of the 20-page deep template sample; page-level fields and OpenSEO URL metrics unavailable."
"https://www.webdoctor.ie/weight-management-services/choose-verification-path/","commercial or topic page","","","","","","","","","","","","","Not page-checked","Unavailable","","","","","2026-08-25","Sitemap-discovered inventory row from https://www.webdoctor.ie/page-sitemap.xml; lastmod 2026-08-03T19:03:29+00:00. Not part of the 20-page deep template sample; page-level fields and OpenSEO URL metrics unavailable."
"https://www.webdoctor.ie/what-is-an-underactive-thyroid-hypothyroidism/","editorial/supporting","","","","","","","","","","","","","Not page-checked","Unavailable","","","","","2026-08-25","Sitemap-discovered inventory row from https://www.webdoctor.ie/post-sitemap.xml; lastmod 2026-08-03T19:18:50+00:00. Not part of the 20-page deep template sample; page-level fields and OpenSEO URL metrics unavailable."
"https://www.webdoctor.ie/why-offering-online-gp-access-boosts-employee-productivity/","editorial/supporting","","","","","","","","","","","","","Not page-checked","Unavailable","","","","","2026-08-25","Sitemap-discovered inventory row from https://www.webdoctor.ie/post-sitemap.xml; lastmod 2026-08-03T19:18:48+00:00. Not part of the 20-page deep template sample; page-level fields and OpenSEO URL metrics unavailable."
"https://www.webdoctor.ie/workplace-wellbeing-day/","editorial/supporting","","","","","","","","","","","","","Not page-checked","Unavailable","","","","","2026-08-25","Sitemap-discovered inventory row from https://www.webdoctor.ie/post-sitemap.xml; lastmod 2026-08-03T19:18:49+00:00. Not part of the 20-page deep template sample; page-level fields and OpenSEO URL metrics unavailable."
"https://www.webdoctor.ie/world-asthma-day/","editorial/supporting","","","","","","","","","","","","","Not page-checked","Unavailable","","","","","2026-08-25","Sitemap-discovered inventory row from https://www.webdoctor.ie/post-sitemap.xml; lastmod 2026-08-03T19:18:52+00:00. Not part of the 20-page deep template sample; page-level fields and OpenSEO URL metrics unavailable."
