observed_at,source_domain,source_url,target_url,anchor,rel_attribute,link_status,first_seen,last_seen,provider,provider_metric_name,provider_metric_value,target_country,relevance,opportunity,evidence,resolved_target_url,resolved_http_status,rel_attributes_raw
2026-09-15,articlescad.com,https://articlescad.com/porque-o-atestado-m-dico-importante-para-a-carta-de-condu-o-161903.html,https://www.myglobalhealth.online/pt/portugal/medical-consultation,consulta médica online em Portugal,dofollow,live,2026-05-28,,DataForSEO via OpenSEO,domain_rank|spam_score,75|0,portugal,directory,keep,seo/tracking/raw/2026-09-15/A7-market/backlinks-profile-as_is-page1.json,https://www.myglobalhealth.online/portugal/pt/services/consulta-medica,200,
2026-09-15,articlescad.com,https://articlescad.com/porque-o-atestado-m-dico-importante-para-a-carta-de-condu-o-161903.html,https://www.myglobalhealth.online/pt/portugal/medical-certificate-for-driving-license,Avaliação de saúde em Portugal,dofollow,live,2026-05-28,,DataForSEO via OpenSEO,domain_rank|spam_score,75|0,portugal,directory,keep,seo/tracking/raw/2026-09-15/A7-market/backlinks-profile-as_is-page1.json,https://www.myglobalhealth.online/portugal/pt/services/certificado-medico-carta-de-conducao,200,
2026-09-15,wix.to,https://wix.to/j1mGV4J,https://www.myglobalhealth.online/booking-calendar/pt-medicare-consulta-do-viajante-1?utm_medium=page_links,,dofollow,live,2025-11-21,,DataForSEO via OpenSEO,domain_rank|spam_score,70|0,portugal,directory,keep,seo/tracking/raw/2026-09-15/A7-market/backlinks-profile-as_is-page1.json,https://www.myglobalhealth.online/portugal/pt/services/consulta-do-viajante?utm_medium=page_links,200,
2026-09-15,wix.to,https://wix.to/Rcby3iS,https://www.myglobalhealth.online/booking-calendar/medicare-cert-medico-carta-condu%25C3%25A7%25C3%25A3o?utm_medium=page_links,,dofollow,live,2025-11-21,,DataForSEO via OpenSEO,domain_rank|spam_score,70|0,ireland,directory,update-legacy-target,seo/tracking/raw/2026-09-15/A7-market/backlinks-profile-as_is-page1.json,https://www.myglobalhealth.online/ireland/en/book?utm_medium=page_links,200,
2026-09-15,wix.to,https://wix.to/vm0ScOm,https://www.myglobalhealth.online/booking-calendar/pt-cons-de-medicina-geral-e-familiar?utm_medium=page_links,,dofollow,live,2026-05-27,,DataForSEO via OpenSEO,domain_rank|spam_score,70|0,portugal,directory,keep,seo/tracking/raw/2026-09-15/A7-market/backlinks-profile-as_is-page1.json,https://www.myglobalhealth.online/portugal/pt/services/medicina-geral-e-familiar?utm_medium=page_links,200,
2026-09-15,wix.to,https://wix.to/ov7lOxg,https://www.myglobalhealth.online/booking-calendar/pt-cons-cessa%C3%A7%C3%A3o-tabagica?utm_medium=page_links,,dofollow,live,2026-05-27,,DataForSEO via OpenSEO,domain_rank|spam_score,70|0,portugal,directory,keep,seo/tracking/raw/2026-09-15/A7-market/backlinks-profile-as_is-page1.json,https://www.myglobalhealth.online/portugal/pt/services/deixar-de-fumar?utm_medium=page_links,200,
2026-09-15,wix.to,https://wix.to/DEjPF8b,https://www.myglobalhealth.online/booking-calendar/consulta-para-disfunci%25C3%25B3n-er%25C3%25A9ctil?utm_medium=page_links,,dofollow,live,2025-04-21,,DataForSEO via OpenSEO,domain_rank|spam_score,70|0,ireland,directory,update-legacy-target,seo/tracking/raw/2026-09-15/A7-market/backlinks-profile-as_is-page1.json,https://www.myglobalhealth.online/ireland/en/book?utm_medium=page_links,200,
2026-09-15,wix.to,https://wix.to/F684esz,https://www.myglobalhealth.online/booking-calendar/baja-medica?utm_medium=page_links,,dofollow,live,2025-04-21,,DataForSEO via OpenSEO,domain_rank|spam_score,70|0,spain,directory,keep,seo/tracking/raw/2026-09-15/A7-market/backlinks-profile-as_is-page1.json,https://www.myglobalhealth.online/spain/es/services/justificante-medico-online?utm_medium=page_links,200,
2026-09-15,wix.to,https://wix.to/dRSPNcr,https://www.myglobalhealth.online/booking-calendar/ro-consulta%C8%9Bie-de-pneumologie?utm_medium=page_links,,dofollow,live,2026-05-27,,DataForSEO via OpenSEO,domain_rank|spam_score,70|0,romania,directory,update-legacy-target,seo/tracking/raw/2026-09-15/A7-market/backlinks-profile-as_is-page1.json,https://www.myglobalhealth.online/romania/ro/book?utm_medium=page_links,200,
2026-09-15,wix.to,https://wix.to/ADpA1Rl,https://www.myglobalhealth.online/booking-calendar/ro-consulta%C8%9Bie-de-ginecologie-obstet?utm_medium=page_links,,dofollow,broken,2026-07-02,,DataForSEO via OpenSEO,domain_rank|spam_score,70|0,romania,directory,reclaim-broken,seo/tracking/raw/2026-09-15/A7-market/backlinks-profile-as_is-page1.json,https://www.myglobalhealth.online/romania/ro/services/sanatatea-femeii-online?utm_medium=page_links,200,
2026-09-15,wix.to,https://wix.to/6NrgwQ9,https://www.myglobalhealth.online/booking-calendar/ro-consulta%C8%9Bie-de-pediatrie?utm_medium=page_links,,dofollow,broken,2026-07-02,,DataForSEO via OpenSEO,domain_rank|spam_score,70|0,romania,directory,reclaim-broken,seo/tracking/raw/2026-09-15/A7-market/backlinks-profile-as_is-page1.json,https://www.myglobalhealth.online/romania/ro/services/consultatie-pediatrie?utm_medium=page_links,200,
2026-09-15,wix.to,https://wix.to/txRShRi,https://www.myglobalhealth.online/booking-calendar/ro-consulta%C8%9Bie-de-geriatrie?utm_medium=page_links,,dofollow,live,2026-07-02,,DataForSEO via OpenSEO,domain_rank|spam_score,70|0,romania,directory,update-legacy-target,seo/tracking/raw/2026-09-15/A7-market/backlinks-profile-as_is-page1.json,https://www.myglobalhealth.online/romania/ro/book?utm_medium=page_links,200,
2026-09-15,wix.to,https://wix.to/pJv73HI,https://www.myglobalhealth.online/booking-calendar/ro-consulta%C8%9Bie-de-nutri%C8%9Bie?utm_medium=page_links,,dofollow,live,2026-07-02,,DataForSEO via OpenSEO,domain_rank|spam_score,70|0,romania,directory,keep,seo/tracking/raw/2026-09-15/A7-market/backlinks-profile-as_is-page1.json,https://www.myglobalhealth.online/romania/ro/services/controlul-greutatii?utm_medium=page_links,200,
2026-09-15,wix.to,https://wix.to/SeJ6iCY,https://www.myglobalhealth.online/booking-calendar/ro-consulta%C8%9Bie-de-gastroenterologie?utm_medium=page_links,,dofollow,broken,2026-07-02,,DataForSEO via OpenSEO,domain_rank|spam_score,70|0,romania,directory,reclaim-broken,seo/tracking/raw/2026-09-15/A7-market/backlinks-profile-as_is-page1.json,https://www.myglobalhealth.online/romania/ro/book?utm_medium=page_links,200,
2026-09-15,wix.to,https://wix.to/yKxhwHS,https://www.myglobalhealth.online/booking-calendar/ro-consulta%C8%9Bie-de-fizioterapie?utm_medium=page_links,,dofollow,live,2026-07-02,,DataForSEO via OpenSEO,domain_rank|spam_score,70|0,romania,directory,keep,seo/tracking/raw/2026-09-15/A7-market/backlinks-profile-as_is-page1.json,https://www.myglobalhealth.online/romania/ro/services/dureri-musculo-scheletice?utm_medium=page_links,200,
2026-09-15,wix.to,https://wix.to/BESnhas,https://www.myglobalhealth.online/booking-calendar/ro-consulta%C8%9Bie-de-reumatologie?utm_medium=page_links,,dofollow,live,2026-07-02,,DataForSEO via OpenSEO,domain_rank|spam_score,70|0,romania,directory,update-legacy-target,seo/tracking/raw/2026-09-15/A7-market/backlinks-profile-as_is-page1.json,https://www.myglobalhealth.online/romania/ro/book?utm_medium=page_links,200,
2026-09-15,wix.to,https://wix.to/ixmANDP,https://www.myglobalhealth.online/booking-calendar/ro-consulta%C8%9Bie-de-imunoalergologie?utm_medium=page_links,,dofollow,live,2026-07-02,,DataForSEO via OpenSEO,domain_rank|spam_score,70|0,romania,directory,update-legacy-target,seo/tracking/raw/2026-09-15/A7-market/backlinks-profile-as_is-page1.json,https://www.myglobalhealth.online/romania/ro/book?utm_medium=page_links,200,
2026-09-15,wix.to,https://wix.to/kFtNFld,https://www.myglobalhealth.online/booking-calendar/ro-consulta%C8%9Bie-de-endocrinologie?utm_medium=page_links,,dofollow,broken,2026-07-02,,DataForSEO via OpenSEO,domain_rank|spam_score,70|0,romania,directory,reclaim-broken,seo/tracking/raw/2026-09-15/A7-market/backlinks-profile-as_is-page1.json,https://www.myglobalhealth.online/romania/ro/book?utm_medium=page_links,200,
2026-09-15,wix.to,https://wix.to/ZiXaPgM,https://www.myglobalhealth.online/booking-calendar/ro-consulta%C8%9Bie-de-cardiologie?utm_medium=page_links,,dofollow,live,2026-07-02,,DataForSEO via OpenSEO,domain_rank|spam_score,70|0,romania,directory,update-legacy-target,seo/tracking/raw/2026-09-15/A7-market/backlinks-profile-as_is-page1.json,https://www.myglobalhealth.online/romania/ro/book?utm_medium=page_links,200,
2026-09-15,wix.to,https://wix.to/wzx3izn,https://www.myglobalhealth.online/booking-calendar/ro-consulta%C8%9Bie-de-dermatologie?utm_medium=page_links,,dofollow,live,2026-07-02,,DataForSEO via OpenSEO,domain_rank|spam_score,70|0,romania,directory,keep,seo/tracking/raw/2026-09-15/A7-market/backlinks-profile-as_is-page1.json,https://www.myglobalhealth.online/romania/ro/services/consultatie-dermatologica?utm_medium=page_links,200,
2026-09-15,wix.to,https://wix.to/XhMapgv,https://www.myglobalhealth.online/booking-calendar/ro-consulta%C8%9Bie-de-genetic%C4%83?utm_medium=page_links,,dofollow,broken,2026-07-02,,DataForSEO via OpenSEO,domain_rank|spam_score,70|0,romania,directory,reclaim-broken,seo/tracking/raw/2026-09-15/A7-market/backlinks-profile-as_is-page1.json,https://www.myglobalhealth.online/romania/ro/book?utm_medium=page_links,200,
2026-09-15,wix.to,https://wix.to/iBsaILB,https://www.myglobalhealth.online/booking-calendar/ro-consulta%C8%9Bie-de-psihiatrie?utm_medium=page_links,,dofollow,live,2026-07-02,,DataForSEO via OpenSEO,domain_rank|spam_score,70|0,romania,directory,keep,seo/tracking/raw/2026-09-15/A7-market/backlinks-profile-as_is-page1.json,https://www.myglobalhealth.online/romania/ro/services/sanatate-mintala-online?utm_medium=page_links,200,
2026-09-15,wix.to,https://wix.to/fwnmna6,https://www.myglobalhealth.online/booking-calendar/ro-consulta%C8%9Bie-de-ortopedie?utm_medium=page_links,,dofollow,broken,2026-07-02,,DataForSEO via OpenSEO,domain_rank|spam_score,70|0,romania,directory,reclaim-broken,seo/tracking/raw/2026-09-15/A7-market/backlinks-profile-as_is-page1.json,https://www.myglobalhealth.online/romania/ro/services/dureri-musculo-scheletice?utm_medium=page_links,200,
2026-09-15,wix.to,https://wix.to/4xsu3JR,https://www.myglobalhealth.online/booking-calendar/ro-consulta%C8%9Bie-de-psihologie?utm_medium=page_links,,dofollow,broken,2026-07-02,,DataForSEO via OpenSEO,domain_rank|spam_score,70|0,romania,directory,reclaim-broken,seo/tracking/raw/2026-09-15/A7-market/backlinks-profile-as_is-page1.json,https://www.myglobalhealth.online/romania/ro/services/sanatate-mintala-online?utm_medium=page_links,200,
2026-09-15,wix.to,https://wix.to/HngZ4yu,https://www.myglobalhealth.online/booking-calendar/ro-consulta%C8%9Bie-de-urologie?utm_medium=page_links,,dofollow,broken,2026-07-02,,DataForSEO via OpenSEO,domain_rank|spam_score,70|0,romania,directory,reclaim-broken,seo/tracking/raw/2026-09-15/A7-market/backlinks-profile-as_is-page1.json,https://www.myglobalhealth.online/romania/ro/book?utm_medium=page_links,200,
2026-09-15,wix.to,https://wix.to/N1OMoP9,https://www.myglobalhealth.online/booking-calendar/ro-consulta%C8%9Bie-de-venerologie?utm_medium=page_links,,dofollow,live,2026-07-02,,DataForSEO via OpenSEO,domain_rank|spam_score,70|0,romania,directory,update-legacy-target,seo/tracking/raw/2026-09-15/A7-market/backlinks-profile-as_is-page1.json,https://www.myglobalhealth.online/romania/ro/book?utm_medium=page_links,200,
2026-09-15,wix.to,https://wix.to/n4xNaAp,https://www.myglobalhealth.online/booking-calendar/ro-consulta%C8%9Bie-de-oncologie?utm_medium=page_links,,dofollow,broken,2026-07-02,,DataForSEO via OpenSEO,domain_rank|spam_score,70|0,romania,directory,reclaim-broken,seo/tracking/raw/2026-09-15/A7-market/backlinks-profile-as_is-page1.json,https://www.myglobalhealth.online/romania/ro/book?utm_medium=page_links,200,
2026-09-15,wix.to,https://wix.to/l1SttLo,https://www.myglobalhealth.online/booking-calendar/ro-consulta%C8%9Bie-de-neurologie?utm_medium=page_links,,dofollow,broken,2026-07-01,,DataForSEO via OpenSEO,domain_rank|spam_score,70|0,romania,directory,reclaim-broken,seo/tracking/raw/2026-09-15/A7-market/backlinks-profile-as_is-page1.json,https://www.myglobalhealth.online/romania/ro/services/consultatie-neurologie?utm_medium=page_links,200,
2026-09-15,wix.to,https://wix.to/liOC62L,https://www.myglobalhealth.online/booking-calendar/ie-aesthetic-medicine-online-consultat?utm_medium=page_links,,dofollow,broken,2026-07-01,,DataForSEO via OpenSEO,domain_rank|spam_score,70|0,ireland,directory,reclaim-broken,seo/tracking/raw/2026-09-15/A7-market/backlinks-profile-as_is-page1.json,https://www.myglobalhealth.online/ireland/en/services/aesthetic-medicine-consultation?utm_medium=page_links,200,
2026-09-15,wix.to,https://wix.to/djUT3ps,https://www.myglobalhealth.online/booking-calendar/consulta-ortop%25C3%25A9dica?utm_medium=page_links,,dofollow,live,2025-04-21,,DataForSEO via OpenSEO,domain_rank|spam_score,70|0,ireland,directory,update-legacy-target,seo/tracking/raw/2026-09-15/A7-market/backlinks-profile-as_is-page1.json,https://www.myglobalhealth.online/ireland/en/book?utm_medium=page_links,200,
2026-09-15,wix.to,https://wix.to/5EAukal,https://www.myglobalhealth.online/booking-calendar/pt-medicare-consulta-ortop%25C3%25A9dica?location=31db2656-1bd1-4106-b154-7836f55b1e20&utm_medium=page_links,,dofollow,live,2025-11-21,,DataForSEO via OpenSEO,domain_rank|spam_score,70|0,portugal,directory,update-legacy-target,seo/tracking/raw/2026-09-15/A7-market/backlinks-profile-as_is-page1.json,https://www.myglobalhealth.online/portugal/pt/book?location=31db2656-1bd1-4106-b154-7836f55b1e20&utm_medium=page_links,200,
2026-09-15,wix.to,https://wix.to/NPj6cfm,https://www.myglobalhealth.online/booking-calendar/cz-konzultace-v-oblasti-reproduk%C4%8Dn%C3%AD-me?utm_medium=page_links,,dofollow,live,2026-06-29,,DataForSEO via OpenSEO,domain_rank|spam_score,70|0,czechia,directory,update-legacy-target,seo/tracking/raw/2026-09-15/A7-market/backlinks-profile-as_is-page1.json,https://www.myglobalhealth.online/czechia/cs/book?utm_medium=page_links,200,
2026-09-15,wix.to,https://wix.to/b5BzzCH,https://www.myglobalhealth.online/booking-calendar/consulta-de-psiquiatr%25C3%25ADa?utm_medium=page_links,,dofollow,live,2025-04-21,,DataForSEO via OpenSEO,domain_rank|spam_score,70|0,ireland,directory,update-legacy-target,seo/tracking/raw/2026-09-15/A7-market/backlinks-profile-as_is-page1.json,https://www.myglobalhealth.online/ireland/en/book?utm_medium=page_links,200,
2026-09-15,wix.to,https://wix.to/S1E8iUy,https://www.myglobalhealth.online/booking-calendar/consulta-ortop%25C3%25A9dica-1?utm_medium=page_links,,dofollow,live,2025-04-21,,DataForSEO via OpenSEO,domain_rank|spam_score,70|0,ireland,directory,update-legacy-target,seo/tracking/raw/2026-09-15/A7-market/backlinks-profile-as_is-page1.json,https://www.myglobalhealth.online/ireland/en/book?utm_medium=page_links,200,
2026-09-15,wix.to,https://wix.to/V1aLPyM,https://www.myglobalhealth.online/booking-calendar/consulta-de-urolog%25C3%25ADa?utm_medium=page_links,,dofollow,live,2025-04-21,,DataForSEO via OpenSEO,domain_rank|spam_score,70|0,ireland,directory,update-legacy-target,seo/tracking/raw/2026-09-15/A7-market/backlinks-profile-as_is-page1.json,https://www.myglobalhealth.online/ireland/en/book?utm_medium=page_links,200,
2026-09-15,wix.to,https://wix.to/2iKarOX,https://www.myglobalhealth.online/booking-calendar/consulta-de-reumatolog%25C3%25ADa?utm_medium=page_links,,dofollow,live,2025-04-21,,DataForSEO via OpenSEO,domain_rank|spam_score,70|0,ireland,directory,update-legacy-target,seo/tracking/raw/2026-09-15/A7-market/backlinks-profile-as_is-page1.json,https://www.myglobalhealth.online/ireland/en/book?utm_medium=page_links,200,
2026-09-15,wix.to,https://wix.to/55Qi8fM,https://www.myglobalhealth.online/booking-calendar/consulta-de-gen%25C3%25A9tica-1?utm_medium=page_links,,dofollow,live,2025-04-21,,DataForSEO via OpenSEO,domain_rank|spam_score,70|0,ireland,directory,update-legacy-target,seo/tracking/raw/2026-09-15/A7-market/backlinks-profile-as_is-page1.json,https://www.myglobalhealth.online/ireland/en/book?utm_medium=page_links,200,
2026-09-15,wix.to,https://wix.to/TSih5SO,https://www.myglobalhealth.online/booking-calendar/consulta-de-inmunoalergolog%25C3%25ADa?utm_medium=page_links,,dofollow,live,2025-04-21,,DataForSEO via OpenSEO,domain_rank|spam_score,70|0,ireland,directory,update-legacy-target,seo/tracking/raw/2026-09-15/A7-market/backlinks-profile-as_is-page1.json,https://www.myglobalhealth.online/ireland/en/book?utm_medium=page_links,200,
2026-09-15,wix.to,https://wix.to/4fUXeLB,https://www.myglobalhealth.online/booking-calendar/consulta-de-neurolog%25C3%25ADa?utm_medium=page_links,,dofollow,live,2025-04-21,,DataForSEO via OpenSEO,domain_rank|spam_score,70|0,ireland,directory,update-legacy-target,seo/tracking/raw/2026-09-15/A7-market/backlinks-profile-as_is-page1.json,https://www.myglobalhealth.online/ireland/en/book?utm_medium=page_links,200,
2026-09-15,wix.to,https://wix.to/cRKft3g,https://www.myglobalhealth.online/booking-calendar/consulta-con-dietista?utm_medium=page_links,,dofollow,live,2025-04-21,,DataForSEO via OpenSEO,domain_rank|spam_score,70|0,spain,directory,update-legacy-target,seo/tracking/raw/2026-09-15/A7-market/backlinks-profile-as_is-page1.json,https://www.myglobalhealth.online/spain/es/book?utm_medium=page_links,200,
2026-09-15,wix.to,https://wix.to/k4mXz44,https://www.myglobalhealth.online/booking-calendar/consulta-pedi%25C3%25A1trica-1?utm_medium=page_links,,dofollow,live,2025-04-21,,DataForSEO via OpenSEO,domain_rank|spam_score,70|0,ireland,directory,update-legacy-target,seo/tracking/raw/2026-09-15/A7-market/backlinks-profile-as_is-page1.json,https://www.myglobalhealth.online/ireland/en/book?utm_medium=page_links,200,
2026-09-15,wix.to,https://wix.to/Wbs8wkg,https://www.myglobalhealth.online/booking-calendar/consulta-de-cardiolog%25C3%25ADa?utm_medium=page_links,,dofollow,live,2025-04-21,,DataForSEO via OpenSEO,domain_rank|spam_score,70|0,ireland,directory,update-legacy-target,seo/tracking/raw/2026-09-15/A7-market/backlinks-profile-as_is-page1.json,https://www.myglobalhealth.online/ireland/en/book?utm_medium=page_links,200,
2026-09-15,wix.to,https://wix.to/fHEEpum,https://www.myglobalhealth.online/booking-calendar/consulta-de-neumolog%25C3%25ADa?utm_medium=page_links,,dofollow,live,2025-04-21,,DataForSEO via OpenSEO,domain_rank|spam_score,70|0,ireland,directory,update-legacy-target,seo/tracking/raw/2026-09-15/A7-market/backlinks-profile-as_is-page1.json,https://www.myglobalhealth.online/ireland/en/book?utm_medium=page_links,200,
2026-09-15,wix.to,https://wix.to/q1vI2RF,https://www.myglobalhealth.online/booking-calendar/konzultace-pro-erektiln%25C3%25AD-dysfunkci?utm_medium=page_links,,dofollow,live,2025-04-21,,DataForSEO via OpenSEO,domain_rank|spam_score,70|0,czechia,directory,update-legacy-target,seo/tracking/raw/2026-09-15/A7-market/backlinks-profile-as_is-page1.json,https://www.myglobalhealth.online/czechia/cs/book?utm_medium=page_links,200,
2026-09-15,wix.to,https://wix.to/HJitVA4,https://www.myglobalhealth.online/booking-calendar/pracovn%25C3%25AD-neschopnost?utm_medium=page_links,,dofollow,live,2025-04-21,,DataForSEO via OpenSEO,domain_rank|spam_score,70|0,ireland,directory,update-legacy-target,seo/tracking/raw/2026-09-15/A7-market/backlinks-profile-as_is-page1.json,https://www.myglobalhealth.online/ireland/en/book?utm_medium=page_links,200,
2026-09-15,wix.to,https://wix.to/2ysaBMC,https://www.myglobalhealth.online/booking-calendar/obnova-l%25C3%25A9%25C4%258Dby?utm_medium=page_links,,dofollow,live,2025-04-21,,DataForSEO via OpenSEO,domain_rank|spam_score,70|0,ireland,directory,update-legacy-target,seo/tracking/raw/2026-09-15/A7-market/backlinks-profile-as_is-page1.json,https://www.myglobalhealth.online/ireland/en/book?utm_medium=page_links,200,
2026-09-15,wix.to,https://wix.to/AVdxdqm,https://www.myglobalhealth.online/booking-calendar/konzultace-pro-hubnut%25C3%25AD?utm_medium=page_links,,dofollow,live,2025-04-21,,DataForSEO via OpenSEO,domain_rank|spam_score,70|0,czechia,directory,update-legacy-target,seo/tracking/raw/2026-09-15/A7-market/backlinks-profile-as_is-page1.json,https://www.myglobalhealth.online/czechia/cs/book?utm_medium=page_links,200,
2026-09-15,wix.to,https://wix.to/OMFRCTx,https://www.myglobalhealth.online/booking-calendar/konzultace-pro-diabetes?utm_medium=page_links,,dofollow,live,2025-04-21,,DataForSEO via OpenSEO,domain_rank|spam_score,70|0,czechia,directory,keep,seo/tracking/raw/2026-09-15/A7-market/backlinks-profile-as_is-page1.json,https://www.myglobalhealth.online/czechia/cs/services/chronicka-onemocneni?utm_medium=page_links,200,
2026-09-15,wix.to,https://wix.to/Th8hmXA,https://www.myglobalhealth.online/booking-calendar/sp-consulta-medica-pediatrica?utm_medium=page_links,,dofollow,live,2026-06-26,,DataForSEO via OpenSEO,domain_rank|spam_score,70|0,spain,directory,keep,seo/tracking/raw/2026-09-15/A7-market/backlinks-profile-as_is-page1.json,https://www.myglobalhealth.online/spain/es/services/pediatria-online?utm_medium=page_links,200,
2026-09-15,wix.to,https://wix.to/tkG1bOv,https://www.myglobalhealth.online/booking-calendar/renovacion-de-tratamiento?utm_medium=page_links,,dofollow,live,2025-04-21,,DataForSEO via OpenSEO,domain_rank|spam_score,70|0,spain,directory,keep,seo/tracking/raw/2026-09-15/A7-market/backlinks-profile-as_is-page1.json,https://www.myglobalhealth.online/spain/es/services/renovacion-tratamiento-online?utm_medium=page_links,200,
2026-09-15,wix.to,https://wix.to/x3fAbCW,https://www.myglobalhealth.online/booking-calendar/consulta-p%25C3%25A9rdida-de-peso?utm_medium=page_links,,dofollow,live,2025-04-21,,DataForSEO via OpenSEO,domain_rank|spam_score,70|0,ireland,directory,update-legacy-target,seo/tracking/raw/2026-09-15/A7-market/backlinks-profile-as_is-page1.json,https://www.myglobalhealth.online/ireland/en/book?utm_medium=page_links,200,
2026-09-15,wix.to,https://wix.to/uE1vXtn,https://www.myglobalhealth.online/booking-calendar/sp-consulta-medicina-est%C3%A9tica-online?utm_medium=page_links,,dofollow,live,2026-06-26,,DataForSEO via OpenSEO,domain_rank|spam_score,70|0,spain,directory,update-legacy-target,seo/tracking/raw/2026-09-15/A7-market/backlinks-profile-as_is-page1.json,https://www.myglobalhealth.online/spain/es/book?utm_medium=page_links,200,
2026-09-15,wix.to,https://wix.to/mrqTjr3,https://www.myglobalhealth.online/booking-calendar/consulta-para-diabetes?utm_medium=page_links,,dofollow,broken,2025-04-21,,DataForSEO via OpenSEO,domain_rank|spam_score,70|0,portugal,directory,reclaim-broken,seo/tracking/raw/2026-09-15/A7-market/backlinks-profile-as_is-page1.json,https://www.myglobalhealth.online/portugal/pt/book?utm_medium=page_links,200,
2026-09-15,wix.to,https://wix.to/DdnvbFD,https://www.myglobalhealth.online/booking-calendar/consulta-medica?utm_medium=page_links,,dofollow,broken,2025-04-21,,DataForSEO via OpenSEO,domain_rank|spam_score,70|0,portugal,directory,reclaim-broken,seo/tracking/raw/2026-09-15/A7-market/backlinks-profile-as_is-page1.json,https://www.myglobalhealth.online/portugal/pt/services/consulta-medica?utm_medium=page_links,200,
2026-09-15,wix.to,https://wix.to/mE3TH7z,https://www.myglobalhealth.online/booking-calendar/ie-gp-family-medicine?utm_medium=page_links,,dofollow,live,2026-06-12,,DataForSEO via OpenSEO,domain_rank|spam_score,70|0,ireland,directory,keep,seo/tracking/raw/2026-09-15/A7-market/backlinks-profile-as_is-page1.json,https://www.myglobalhealth.online/ireland/en/gp-consultation-online?utm_medium=page_links,200,
2026-09-15,wix.to,https://wix.to/HBPHsus,https://www.myglobalhealth.online/booking-calendar/driving-license-medical-certificate?utm_medium=page_links,,dofollow,live,2025-07-03,,DataForSEO via OpenSEO,domain_rank|spam_score,70|0,ireland,directory,update-legacy-target,seo/tracking/raw/2026-09-15/A7-market/backlinks-profile-as_is-page1.json,https://www.myglobalhealth.online/ireland/en/book?utm_medium=page_links,200,
2026-09-15,wix.to,https://wix.to/xDEiPYh,https://www.myglobalhealth.online/booking-calendar/migraine-consultation?utm_medium=page_links,,dofollow,live,2025-04-21,,DataForSEO via OpenSEO,domain_rank|spam_score,70|0,ireland,directory,keep,seo/tracking/raw/2026-09-15/A7-market/backlinks-profile-as_is-page1.json,https://www.myglobalhealth.online/ireland/en/services/neurology-specialist-consultation?utm_medium=page_links,200,
2026-09-15,wix.to,https://wix.to/Vz0mW9l,https://www.myglobalhealth.online/booking-calendar/pain-management-consultation?utm_medium=page_links,,dofollow,live,2025-04-21,,DataForSEO via OpenSEO,domain_rank|spam_score,70|0,ireland,directory,keep,seo/tracking/raw/2026-09-15/A7-market/backlinks-profile-as_is-page1.json,https://www.myglobalhealth.online/ireland/en/services/musculoskeletal-pain-assessment?utm_medium=page_links,200,
2026-09-15,wix.to,https://wix.to/u3Zshki,https://www.myglobalhealth.online/booking-calendar/consulta-de-oncolog%25C3%25ADa?utm_medium=page_links,,dofollow,live,2025-04-21,,DataForSEO via OpenSEO,domain_rank|spam_score,70|0,ireland,directory,update-legacy-target,seo/tracking/raw/2026-09-15/A7-market/backlinks-profile-as_is-page1.json,https://www.myglobalhealth.online/ireland/en/book?utm_medium=page_links,200,
2026-09-15,wix.to,https://wix.to/1UHtaKF,https://www.myglobalhealth.online/booking-calendar/consulta-de-endocrinolog%25C3%25ADa?utm_medium=page_links,,dofollow,live,2025-04-21,,DataForSEO via OpenSEO,domain_rank|spam_score,70|0,ireland,directory,update-legacy-target,seo/tracking/raw/2026-09-15/A7-market/backlinks-profile-as_is-page1.json,https://www.myglobalhealth.online/ireland/en/book?utm_medium=page_links,200,
2026-09-15,wix.to,https://wix.to/Ze8mVub,https://www.myglobalhealth.online/booking-calendar/consulta-de-psicolog%25C3%25ADa?utm_medium=page_links,,dofollow,live,2025-04-21,,DataForSEO via OpenSEO,domain_rank|spam_score,70|0,ireland,directory,update-legacy-target,seo/tracking/raw/2026-09-15/A7-market/backlinks-profile-as_is-page1.json,https://www.myglobalhealth.online/ireland/en/book?utm_medium=page_links,200,
2026-09-15,wix.to,https://wix.to/8KEguC3,https://www.myglobalhealth.online/booking-calendar/consulta-de-gastroenterolog%25C3%25ADa?utm_medium=page_links,,dofollow,live,2025-04-21,,DataForSEO via OpenSEO,domain_rank|spam_score,70|0,ireland,directory,update-legacy-target,seo/tracking/raw/2026-09-15/A7-market/backlinks-profile-as_is-page1.json,https://www.myglobalhealth.online/ireland/en/book?utm_medium=page_links,200,
2026-09-15,wix.to,https://wix.to/aosVwPn,https://www.myglobalhealth.online/booking-calendar/consulta-de-dermatolog%25C3%25ADa?utm_medium=page_links,,dofollow,live,2025-04-21,,DataForSEO via OpenSEO,domain_rank|spam_score,70|0,ireland,directory,update-legacy-target,seo/tracking/raw/2026-09-15/A7-market/backlinks-profile-as_is-page1.json,https://www.myglobalhealth.online/ireland/en/book?utm_medium=page_links,200,
2026-09-15,wix.to,https://wix.to/UJqIVOk,https://www.myglobalhealth.online/booking-calendar/consulta-de-fisioterapia-1?utm_medium=page_links,,dofollow,live,2025-04-21,,DataForSEO via OpenSEO,domain_rank|spam_score,70|0,portugal,directory,update-legacy-target,seo/tracking/raw/2026-09-15/A7-market/backlinks-profile-as_is-page1.json,https://www.myglobalhealth.online/portugal/pt/book?utm_medium=page_links,200,
2026-09-15,wix.to,https://wix.to/m30wIWz,https://www.myglobalhealth.online/booking-calendar/medicina-fisica-y-rehabilitacion?utm_medium=page_links,,dofollow,live,2025-07-03,,DataForSEO via OpenSEO,domain_rank|spam_score,70|0,spain,directory,keep,seo/tracking/raw/2026-09-15/A7-market/backlinks-profile-as_is-page1.json,https://www.myglobalhealth.online/spain/es/services/musculoesqueletico-online?utm_medium=page_links,200,
2026-09-15,wix.to,https://wix.to/1zZ5Tah,https://www.myglobalhealth.online/booking-calendar/konsultace-s-genetikem?utm_medium=page_links,,dofollow,live,2025-04-21,,DataForSEO via OpenSEO,domain_rank|spam_score,70|0,czechia,directory,update-legacy-target,seo/tracking/raw/2026-09-15/A7-market/backlinks-profile-as_is-page1.json,https://www.myglobalhealth.online/czechia/cs/book?utm_medium=page_links,200,
2026-09-15,wix.to,https://wix.to/feqrLGl,https://www.myglobalhealth.online/booking-calendar/konsultace-s-neurologem?utm_medium=page_links,,dofollow,live,2025-04-21,,DataForSEO via OpenSEO,domain_rank|spam_score,70|0,czechia,directory,update-legacy-target,seo/tracking/raw/2026-09-15/A7-market/backlinks-profile-as_is-page1.json,https://www.myglobalhealth.online/czechia/cs/book?utm_medium=page_links,200,
2026-09-15,wix.to,https://wix.to/5AEAMD5,https://www.myglobalhealth.online/booking-calendar/konsultace-s-onkologem?utm_medium=page_links,,dofollow,live,2025-04-21,,DataForSEO via OpenSEO,domain_rank|spam_score,70|0,czechia,directory,update-legacy-target,seo/tracking/raw/2026-09-15/A7-market/backlinks-profile-as_is-page1.json,https://www.myglobalhealth.online/czechia/cs/book?utm_medium=page_links,200,
2026-09-15,wix.to,https://wix.to/INjKo2t,https://www.myglobalhealth.online/booking-calendar/konsultace-s-pneumologem?utm_medium=page_links,,dofollow,live,2025-04-21,,DataForSEO via OpenSEO,domain_rank|spam_score,70|0,czechia,directory,update-legacy-target,seo/tracking/raw/2026-09-15/A7-market/backlinks-profile-as_is-page1.json,https://www.myglobalhealth.online/czechia/cs/book?utm_medium=page_links,200,
2026-09-15,wix.to,https://wix.to/XoK6L0a,https://www.myglobalhealth.online/booking-calendar/konsultace-s-gastroenterologem?utm_medium=page_links,,dofollow,live,2025-04-21,,DataForSEO via OpenSEO,domain_rank|spam_score,70|0,czechia,directory,update-legacy-target,seo/tracking/raw/2026-09-15/A7-market/backlinks-profile-as_is-page1.json,https://www.myglobalhealth.online/czechia/cs/book?utm_medium=page_links,200,
2026-09-15,wix.to,https://wix.to/aEiJYNY,https://www.myglobalhealth.online/booking-calendar/konsultace-s-geriatrem?utm_medium=page_links,,dofollow,live,2025-04-21,,DataForSEO via OpenSEO,domain_rank|spam_score,70|0,czechia,directory,update-legacy-target,seo/tracking/raw/2026-09-15/A7-market/backlinks-profile-as_is-page1.json,https://www.myglobalhealth.online/czechia/cs/book?utm_medium=page_links,200,
2026-09-15,wix.to,https://wix.to/jKDBvho,https://www.myglobalhealth.online/booking-calendar/konsultace-s-psychiatrem?utm_medium=page_links,,dofollow,live,2025-04-21,,DataForSEO via OpenSEO,domain_rank|spam_score,70|0,czechia,directory,keep,seo/tracking/raw/2026-09-15/A7-market/backlinks-profile-as_is-page1.json,https://www.myglobalhealth.online/czechia/cs/services/dusevni-zdravi-online?utm_medium=page_links,200,
2026-09-15,wix.to,https://wix.to/1p4RNG8,https://www.myglobalhealth.online/booking-calendar/konsultace-s-endokrinologem?utm_medium=page_links,,dofollow,live,2025-04-21,,DataForSEO via OpenSEO,domain_rank|spam_score,70|0,czechia,directory,update-legacy-target,seo/tracking/raw/2026-09-15/A7-market/backlinks-profile-as_is-page1.json,https://www.myglobalhealth.online/czechia/cs/book?utm_medium=page_links,200,
2026-09-15,wix.to,https://wix.to/3kkiQQD,https://www.myglobalhealth.online/booking-calendar/konsultace-s-immunoalergologem?utm_medium=page_links,,dofollow,live,2025-04-21,,DataForSEO via OpenSEO,domain_rank|spam_score,70|0,czechia,directory,update-legacy-target,seo/tracking/raw/2026-09-15/A7-market/backlinks-profile-as_is-page1.json,https://www.myglobalhealth.online/czechia/cs/book?utm_medium=page_links,200,
2026-09-15,wix.to,https://wix.to/umzJzft,https://www.myglobalhealth.online/booking-calendar/ortopedick%25C3%25A1-konsultace?utm_medium=page_links,,dofollow,live,2025-04-21,,DataForSEO via OpenSEO,domain_rank|spam_score,70|0,ireland,directory,update-legacy-target,seo/tracking/raw/2026-09-15/A7-market/backlinks-profile-as_is-page1.json,https://www.myglobalhealth.online/ireland/en/book?utm_medium=page_links,200,
2026-09-15,wix.to,https://wix.to/FI5W4n0,https://www.myglobalhealth.online/booking-calendar/konsultace-s-dermatologem?utm_medium=page_links,,dofollow,live,2025-04-21,,DataForSEO via OpenSEO,domain_rank|spam_score,70|0,czechia,directory,keep,seo/tracking/raw/2026-09-15/A7-market/backlinks-profile-as_is-page1.json,https://www.myglobalhealth.online/czechia/cs/services/kozni-konzultace-praha?utm_medium=page_links,200,
2026-09-15,wix.to,https://wix.to/9YGSSXB,https://www.myglobalhealth.online/booking-calendar/konsultace-s-dietetikem?utm_medium=page_links,,dofollow,live,2025-04-21,,DataForSEO via OpenSEO,domain_rank|spam_score,70|0,czechia,directory,update-legacy-target,seo/tracking/raw/2026-09-15/A7-market/backlinks-profile-as_is-page1.json,https://www.myglobalhealth.online/czechia/cs/book?utm_medium=page_links,200,
2026-09-15,wix.to,https://wix.to/1Z3sccP,https://www.myglobalhealth.online/booking-calendar/ie-paediatric-primary-care-cons?utm_medium=page_links,,dofollow,live,2026-06-05,,DataForSEO via OpenSEO,domain_rank|spam_score,70|0,ireland,directory,keep,seo/tracking/raw/2026-09-15/A7-market/backlinks-profile-as_is-page1.json,https://www.myglobalhealth.online/ireland/en/services/paediatric-consultation?utm_medium=page_links,200,
2026-09-15,wix.to,https://wix.to/CSHzbAx,https://www.myglobalhealth.online/booking-calendar/referral-consultation?utm_medium=page_links,,dofollow,live,2025-04-21,,DataForSEO via OpenSEO,domain_rank|spam_score,70|0,ireland,directory,keep,seo/tracking/raw/2026-09-15/A7-market/backlinks-profile-as_is-page1.json,https://www.myglobalhealth.online/ireland/en/services/referral-and-investigations?utm_medium=page_links,200,
2026-09-15,wix.to,https://wix.to/5p7ScZU,https://www.myglobalhealth.online/booking-calendar/self-referral?utm_medium=page_links,,dofollow,live,2025-04-21,,DataForSEO via OpenSEO,domain_rank|spam_score,70|0,ireland,directory,keep,seo/tracking/raw/2026-09-15/A7-market/backlinks-profile-as_is-page1.json,https://www.myglobalhealth.online/ireland/en/services/referral-and-investigations?utm_medium=page_links,200,
2026-09-15,wix.to,https://wix.to/w1sclKa,https://www.myglobalhealth.online/booking-calendar/medical-consultation-1?utm_medium=page_links,,dofollow,live,2025-04-21,,DataForSEO via OpenSEO,domain_rank|spam_score,70|0,ireland,directory,update-legacy-target,seo/tracking/raw/2026-09-15/A7-market/backlinks-profile-as_is-page1.json,https://www.myglobalhealth.online/ireland/en/book?utm_medium=page_links,200,
2026-09-15,wix.to,https://wix.to/Jk3Q6BC,https://www.myglobalhealth.online/booking-calendar/diabetes-consultation?utm_medium=page_links,,dofollow,live,2025-04-21,,DataForSEO via OpenSEO,domain_rank|spam_score,70|0,ireland,directory,keep,seo/tracking/raw/2026-09-15/A7-market/backlinks-profile-as_is-page1.json,https://www.myglobalhealth.online/ireland/en/services/chronic-disease-consultation?utm_medium=page_links,200,
2026-09-15,wix.to,https://wix.to/JmLCL8i,https://www.myglobalhealth.online/booking-calendar/treatment-refill?utm_medium=page_links,,dofollow,live,2025-04-21,,DataForSEO via OpenSEO,domain_rank|spam_score,70|0,ireland,directory,keep,seo/tracking/raw/2026-09-15/A7-market/backlinks-profile-as_is-page1.json,https://www.myglobalhealth.online/ireland/en/services/treatment-review?utm_medium=page_links,200,
2026-09-15,wix.to,https://wix.to/TIY3i1N,https://www.myglobalhealth.online/booking-calendar/travel-consultation?utm_medium=page_links,,dofollow,live,2025-04-21,,DataForSEO via OpenSEO,domain_rank|spam_score,70|0,ireland,directory,keep,seo/tracking/raw/2026-09-15/A7-market/backlinks-profile-as_is-page1.json,https://www.myglobalhealth.online/ireland/en/services/travel-health-consultation?utm_medium=page_links,200,
2026-09-15,wix.to,https://wix.to/8msCOag,https://www.myglobalhealth.online/booking-calendar/ie-mental-health-assessment?utm_medium=page_links,,dofollow,live,2026-06-05,,DataForSEO via OpenSEO,domain_rank|spam_score,70|0,ireland,directory,keep,seo/tracking/raw/2026-09-15/A7-market/backlinks-profile-as_is-page1.json,https://www.myglobalhealth.online/ireland/en/services/mental-health-consultation?utm_medium=page_links,200,
2026-09-15,wix.to,https://wix.to/Ez9VObi,https://www.myglobalhealth.online/booking-calendar/weight-loss-consultation?utm_medium=page_links,,dofollow,live,2025-04-21,,DataForSEO via OpenSEO,domain_rank|spam_score,70|0,ireland,directory,keep,seo/tracking/raw/2026-09-15/A7-market/backlinks-profile-as_is-page1.json,https://www.myglobalhealth.online/ireland/en/services/weight-management-consultation?utm_medium=page_links,200,
2026-09-15,wix.to,https://wix.to/TG7c8I2,https://www.myglobalhealth.online/booking-calendar/sick-leave?utm_medium=page_links,,dofollow,live,2025-04-21,,DataForSEO via OpenSEO,domain_rank|spam_score,70|0,ireland,directory,keep,seo/tracking/raw/2026-09-15/A7-market/backlinks-profile-as_is-page1.json,https://www.myglobalhealth.online/ireland/en/services/sick-certificate-ireland?utm_medium=page_links,200,
2026-09-15,wix.to,https://wix.to/kR4GtFw,https://www.myglobalhealth.online/booking-calendar/erectile-dysfunction-consultation?utm_medium=page_links,,dofollow,live,2025-04-21,,DataForSEO via OpenSEO,domain_rank|spam_score,70|0,ireland,directory,keep,seo/tracking/raw/2026-09-15/A7-market/backlinks-profile-as_is-page1.json,https://www.myglobalhealth.online/ireland/en/services/mens-health-consultation?utm_medium=page_links,200,
2026-09-15,wix.to,https://wix.to/WsxdjJJ,https://www.myglobalhealth.online/booking-calendar/respiratory-infections?utm_medium=page_links,,dofollow,live,2025-04-21,,DataForSEO via OpenSEO,domain_rank|spam_score,70|0,ireland,directory,keep,seo/tracking/raw/2026-09-15/A7-market/backlinks-profile-as_is-page1.json,https://www.myglobalhealth.online/ireland/en/services/acute-medical-consultation?utm_medium=page_links,200,
2026-09-15,wix.to,https://wix.to/QL1ooIi,https://www.myglobalhealth.online/booking-calendar/orthopedic-consultation?utm_medium=page_links,,dofollow,live,2025-04-21,,DataForSEO via OpenSEO,domain_rank|spam_score,70|0,ireland,directory,keep,seo/tracking/raw/2026-09-15/A7-market/backlinks-profile-as_is-page1.json,https://www.myglobalhealth.online/ireland/en/services/musculoskeletal-pain-assessment?utm_medium=page_links,200,
2026-09-15,wix.to,https://wix.to/rpyCfDh,https://www.myglobalhealth.online/booking-calendar/pneumology-consultation?utm_medium=page_links,,dofollow,live,2025-04-21,,DataForSEO via OpenSEO,domain_rank|spam_score,70|0,ireland,directory,update-legacy-target,seo/tracking/raw/2026-09-15/A7-market/backlinks-profile-as_is-page1.json,https://www.myglobalhealth.online/ireland/en/book?utm_medium=page_links,200,
2026-09-15,wix.to,https://wix.to/U8RkFUp,https://www.myglobalhealth.online/booking-calendar/psychology-consultation?utm_medium=page_links,,dofollow,live,2025-04-21,,DataForSEO via OpenSEO,domain_rank|spam_score,70|0,ireland,directory,keep,seo/tracking/raw/2026-09-15/A7-market/backlinks-profile-as_is-page1.json,https://www.myglobalhealth.online/ireland/en/services/psychology-specialist-consultation?utm_medium=page_links,200,
2026-09-15,wix.to,https://wix.to/5dyCyKz,https://www.myglobalhealth.online/booking-calendar/physiotherapy-consultation?utm_medium=page_links,,dofollow,live,2025-04-21,,DataForSEO via OpenSEO,domain_rank|spam_score,70|0,ireland,directory,keep,seo/tracking/raw/2026-09-15/A7-market/backlinks-profile-as_is-page1.json,https://www.myglobalhealth.online/ireland/en/services/physiotherapy-specialist-consultation?utm_medium=page_links,200,
2026-09-15,wix.to,https://wix.to/j0YJWsJ,https://www.myglobalhealth.online/booking-calendar/endocrynology-consultation?utm_medium=page_links,,dofollow,live,2025-04-21,,DataForSEO via OpenSEO,domain_rank|spam_score,70|0,ireland,directory,update-legacy-target,seo/tracking/raw/2026-09-15/A7-market/backlinks-profile-as_is-page1.json,https://www.myglobalhealth.online/ireland/en/book?utm_medium=page_links,200,
2026-09-15,wix.to,https://wix.to/vnNnnYL,https://www.myglobalhealth.online/booking-calendar/venereology-consultation?utm_medium=page_links,,dofollow,live,2025-04-21,,DataForSEO via OpenSEO,domain_rank|spam_score,70|0,ireland,directory,update-legacy-target,seo/tracking/raw/2026-09-15/A7-market/backlinks-profile-as_is-page1.json,https://www.myglobalhealth.online/ireland/en/book?utm_medium=page_links,200,
2026-09-15,wix.to,https://wix.to/RD8NwPl,https://www.myglobalhealth.online/booking-calendar/oncology-consultation?utm_medium=page_links,,dofollow,live,2025-04-21,,DataForSEO via OpenSEO,domain_rank|spam_score,70|0,ireland,directory,update-legacy-target,seo/tracking/raw/2026-09-15/A7-market/backlinks-profile-as_is-page1.json,https://www.myglobalhealth.online/ireland/en/book?utm_medium=page_links,200,
2026-09-15,wix.to,https://wix.to/3mleSnA,https://www.myglobalhealth.online/booking-calendar/pediatrics-consultation?utm_medium=page_links,,dofollow,live,2025-04-21,,DataForSEO via OpenSEO,domain_rank|spam_score,70|0,ireland,directory,keep,seo/tracking/raw/2026-09-15/A7-market/backlinks-profile-as_is-page1.json,https://www.myglobalhealth.online/ireland/en/services/paediatric-consultation?utm_medium=page_links,200,
2026-09-15,wix.to,https://wix.to/N653swm,https://www.myglobalhealth.online/booking-calendar/psychiatric-consultation?utm_medium=page_links,,dofollow,live,2025-04-21,,DataForSEO via OpenSEO,domain_rank|spam_score,70|0,ireland,directory,keep,seo/tracking/raw/2026-09-15/A7-market/backlinks-profile-as_is-page1.json,https://www.myglobalhealth.online/ireland/en/services/psychiatry-specialist-consultation?utm_medium=page_links,200,
2026-09-15,wix.to,https://wix.to/AS4NUrG,https://www.myglobalhealth.online/booking-calendar/l%25C3%25A9ka%25C5%2599sk%25C3%25A1-konzultace?utm_medium=page_links,,dofollow,live,2025-04-21,,DataForSEO via OpenSEO,domain_rank|spam_score,70|0,ireland,directory,update-legacy-target,seo/tracking/raw/2026-09-15/A7-market/backlinks-profile-as_is-page1.json,https://www.myglobalhealth.online/ireland/en/book?utm_medium=page_links,200,
2026-09-15,wix.to,https://wix.to/JWkyTZM,https://www.myglobalhealth.online/booking-calendar/hypertension-consultation?utm_medium=page_links,,dofollow,live,2025-04-21,,DataForSEO via OpenSEO,domain_rank|spam_score,70|0,ireland,directory,keep,seo/tracking/raw/2026-09-15/A7-market/backlinks-profile-as_is-page1.json,https://www.myglobalhealth.online/ireland/en/services/chronic-disease-consultation?utm_medium=page_links,200,
2026-09-15,wix.to,https://wix.to/CwlnU8J,https://www.myglobalhealth.online/booking-calendar/konsultace-s-kardiologem?utm_medium=page_links,,dofollow,live,2025-04-21,,DataForSEO via OpenSEO,domain_rank|spam_score,70|0,czechia,directory,update-legacy-target,seo/tracking/raw/2026-09-15/A7-market/backlinks-profile-as_is-page1.json,https://www.myglobalhealth.online/czechia/cs/book?utm_medium=page_links,200,
2026-09-15,wix.to,https://wix.to/O7Z14yh,https://www.myglobalhealth.online/booking-calendar/konsultace-s-revmatologem?utm_medium=page_links,,dofollow,live,2025-04-21,,DataForSEO via OpenSEO,domain_rank|spam_score,70|0,czechia,directory,update-legacy-target,seo/tracking/raw/2026-09-15/A7-market/backlinks-profile-as_is-page1.json,https://www.myglobalhealth.online/czechia/cs/book?utm_medium=page_links,200,
2026-09-15,wix.to,https://wix.to/76fmm8c,https://www.myglobalhealth.online/booking-calendar/urology-consultation?utm_medium=page_links,,dofollow,live,2025-04-21,,DataForSEO via OpenSEO,domain_rank|spam_score,70|0,ireland,directory,update-legacy-target,seo/tracking/raw/2026-09-15/A7-market/backlinks-profile-as_is-page1.json,https://www.myglobalhealth.online/ireland/en/book?utm_medium=page_links,200,
2026-09-15,wix.to,https://wix.to/6yqILNX,https://www.myglobalhealth.online/booking-calendar/neurology-consultation?utm_medium=page_links,,dofollow,live,2025-04-21,,DataForSEO via OpenSEO,domain_rank|spam_score,70|0,ireland,directory,keep,seo/tracking/raw/2026-09-15/A7-market/backlinks-profile-as_is-page1.json,https://www.myglobalhealth.online/ireland/en/services/neurology-specialist-consultation?utm_medium=page_links,200,
2026-09-15,wix.to,https://wix.to/LgzmMiL,https://www.myglobalhealth.online/booking-calendar/cardiology-consultation?utm_medium=page_links,,dofollow,live,2025-04-21,,DataForSEO via OpenSEO,domain_rank|spam_score,70|0,ireland,directory,keep,seo/tracking/raw/2026-09-15/A7-market/backlinks-profile-as_is-page1.json,https://www.myglobalhealth.online/ireland/en/services/cardiology-specialist-consultation?utm_medium=page_links,200,
2026-09-15,wix.to,https://wix.to/ulUwfQt,https://www.myglobalhealth.online/booking-calendar/consulta-de-medicina?utm_medium=page_links,,dofollow,live,2025-04-21,,DataForSEO via OpenSEO,domain_rank|spam_score,70|0,portugal,directory,keep,seo/tracking/raw/2026-09-15/A7-market/backlinks-profile-as_is-page1.json,https://www.myglobalhealth.online/portugal/pt/services/consulta-medica?utm_medium=page_links,200,
2026-09-15,wix.to,https://wix.to/WRoJmgy,https://www.myglobalhealth.online/booking-calendar/konsultace-s-psychologem?utm_medium=page_links,,dofollow,live,2025-04-21,,DataForSEO via OpenSEO,domain_rank|spam_score,70|0,czechia,directory,keep,seo/tracking/raw/2026-09-15/A7-market/backlinks-profile-as_is-page1.json,https://www.myglobalhealth.online/czechia/cs/services/dusevni-zdravi-online?utm_medium=page_links,200,
2026-09-15,wix.to,https://wix.to/ovgnm7j,https://www.myglobalhealth.online/booking-calendar/konsultace-s-urologem?utm_medium=page_links,,dofollow,live,2025-04-21,,DataForSEO via OpenSEO,domain_rank|spam_score,70|0,czechia,directory,update-legacy-target,seo/tracking/raw/2026-09-15/A7-market/backlinks-profile-as_is-page1.json,https://www.myglobalhealth.online/czechia/cs/book?utm_medium=page_links,200,
2026-09-15,wix.to,https://wix.to/6wfhOn0,https://www.myglobalhealth.online/booking-calendar/konsultace-s-fyzioterapeutem?utm_medium=page_links,,dofollow,live,2025-04-21,,DataForSEO via OpenSEO,domain_rank|spam_score,70|0,czechia,directory,keep,seo/tracking/raw/2026-09-15/A7-market/backlinks-profile-as_is-page1.json,https://www.myglobalhealth.online/czechia/cs/services/bolesti-pohyboveho-aparatu?utm_medium=page_links,200,
2026-09-15,wix.to,https://wix.to/iJJAtQm,https://www.myglobalhealth.online/booking-calendar/konsultace-s-venereologem?utm_medium=page_links,,dofollow,live,2025-04-21,,DataForSEO via OpenSEO,domain_rank|spam_score,70|0,czechia,directory,update-legacy-target,seo/tracking/raw/2026-09-15/A7-market/backlinks-profile-as_is-page1.json,https://www.myglobalhealth.online/czechia/cs/book?utm_medium=page_links,200,
2026-09-15,wix.to,https://wix.to/xkQqpZK,https://www.myglobalhealth.online/booking-calendar/consulta-de-neurologia?utm_medium=page_links,,dofollow,live,2025-04-21,,DataForSEO via OpenSEO,domain_rank|spam_score,70|0,portugal,directory,update-legacy-target,seo/tracking/raw/2026-09-15/A7-market/backlinks-profile-as_is-page1.json,https://www.myglobalhealth.online/portugal/pt/book?utm_medium=page_links,200,
2026-09-15,wix.to,https://wix.to/CSxOV42,https://www.myglobalhealth.online/booking-calendar/konsultace-s-pediatrem?utm_medium=page_links,,dofollow,live,2025-04-21,,DataForSEO via OpenSEO,domain_rank|spam_score,70|0,czechia,directory,keep,seo/tracking/raw/2026-09-15/A7-market/backlinks-profile-as_is-page1.json,https://www.myglobalhealth.online/czechia/cs/services/detsky-lekar-online?utm_medium=page_links,200,
2026-09-15,wix.to,https://wix.to/UeXqUOa,https://www.myglobalhealth.online/booking-calendar/pt-medicare-consulta-de-neurologia?location=31db2656-1bd1-4106-b154-7836f55b1e20&utm_medium=page_links,,dofollow,live,2025-11-21,,DataForSEO via OpenSEO,domain_rank|spam_score,70|0,portugal,directory,update-legacy-target,seo/tracking/raw/2026-09-15/A7-market/backlinks-profile-as_is-page1.json,https://www.myglobalhealth.online/portugal/pt/book?location=31db2656-1bd1-4106-b154-7836f55b1e20&utm_medium=page_links,200,
2026-09-15,wix.to,https://wix.to/gAyYSER,https://www.myglobalhealth.online/booking-calendar/consulta-de-immunoalergologia?utm_medium=page_links,,dofollow,live,2025-04-21,,DataForSEO via OpenSEO,domain_rank|spam_score,70|0,portugal,directory,update-legacy-target,seo/tracking/raw/2026-09-15/A7-market/backlinks-profile-as_is-page1.json,https://www.myglobalhealth.online/portugal/pt/book?utm_medium=page_links,200,
2026-09-15,wix.to,https://wix.to/BSn0yQ8,https://www.myglobalhealth.online/booking-calendar/consulta-de-psiquiatria?utm_medium=page_links,,dofollow,live,2025-04-21,,DataForSEO via OpenSEO,domain_rank|spam_score,70|0,portugal,directory,keep,seo/tracking/raw/2026-09-15/A7-market/backlinks-profile-as_is-page1.json,https://www.myglobalhealth.online/portugal/pt/services/consulta-de-psiquiatria?utm_medium=page_links,200,
2026-09-15,wix.to,https://wix.to/NaOJjpU,https://www.myglobalhealth.online/booking-calendar/consulta-de-dermatologia?utm_medium=page_links,,dofollow,live,2025-04-21,,DataForSEO via OpenSEO,domain_rank|spam_score,70|0,portugal,directory,keep,seo/tracking/raw/2026-09-15/A7-market/backlinks-profile-as_is-page1.json,https://www.myglobalhealth.online/portugal/pt/services/consulta-dermatologia?utm_medium=page_links,200,
2026-09-15,wix.to,https://wix.to/8ue7VDs,https://www.myglobalhealth.online/booking-calendar/consulta-de-gen%25C3%25A9tica?utm_medium=page_links,,dofollow,live,2025-04-21,,DataForSEO via OpenSEO,domain_rank|spam_score,70|0,ireland,directory,update-legacy-target,seo/tracking/raw/2026-09-15/A7-market/backlinks-profile-as_is-page1.json,https://www.myglobalhealth.online/ireland/en/book?utm_medium=page_links,200,
2026-09-15,wix.to,https://wix.to/HgYnLn9,https://www.myglobalhealth.online/booking-calendar/pt-medicare-consulta-de-psiquiatria?location=31db2656-1bd1-4106-b154-7836f55b1e20&utm_medium=page_links,,dofollow,live,2025-11-21,,DataForSEO via OpenSEO,domain_rank|spam_score,70|0,portugal,directory,keep,seo/tracking/raw/2026-09-15/A7-market/backlinks-profile-as_is-page1.json,https://www.myglobalhealth.online/portugal/pt/services/consulta-de-psiquiatria?location=31db2656-1bd1-4106-b154-7836f55b1e20&utm_medium=page_links,200,
2026-09-15,wix.to,https://wix.to/VASa08f,https://www.myglobalhealth.online/booking-calendar/pt-medicare-consulta-immunoalergologia?location=31db2656-1bd1-4106-b154-7836f55b1e20&utm_medium=page_links,,dofollow,live,2025-11-21,,DataForSEO via OpenSEO,domain_rank|spam_score,70|0,portugal,directory,update-legacy-target,seo/tracking/raw/2026-09-15/A7-market/backlinks-profile-as_is-page1.json,https://www.myglobalhealth.online/portugal/pt/book?location=31db2656-1bd1-4106-b154-7836f55b1e20&utm_medium=page_links,200,
2026-09-15,wix.to,https://wix.to/BuuZJW8,https://www.myglobalhealth.online/booking-calendar/pt-medicare-consulta-de-dermatologia?location=31db2656-1bd1-4106-b154-7836f55b1e20&utm_medium=page_links,,dofollow,live,2025-11-21,,DataForSEO via OpenSEO,domain_rank|spam_score,70|0,portugal,directory,keep,seo/tracking/raw/2026-09-15/A7-market/backlinks-profile-as_is-page1.json,https://www.myglobalhealth.online/portugal/pt/services/consulta-dermatologia?location=31db2656-1bd1-4106-b154-7836f55b1e20&utm_medium=page_links,200,
2026-09-15,wix.to,https://wix.to/vEhm1yG,https://www.myglobalhealth.online/booking-calendar/pt-medicare-consulta-de-gen%25C3%25A9tica?location=31db2656-1bd1-4106-b154-7836f55b1e20&utm_medium=page_links,,dofollow,live,2025-11-21,,DataForSEO via OpenSEO,domain_rank|spam_score,70|0,portugal,directory,update-legacy-target,seo/tracking/raw/2026-09-15/A7-market/backlinks-profile-as_is-page1.json,https://www.myglobalhealth.online/portugal/pt/book?location=31db2656-1bd1-4106-b154-7836f55b1e20&utm_medium=page_links,200,
2026-09-15,wix.to,https://wix.to/DJt19ue,https://www.myglobalhealth.online/booking-calendar/consulta-de-reumatologia?utm_medium=page_links,,dofollow,live,2025-04-21,,DataForSEO via OpenSEO,domain_rank|spam_score,70|0,portugal,directory,update-legacy-target,seo/tracking/raw/2026-09-15/A7-market/backlinks-profile-as_is-page1.json,https://www.myglobalhealth.online/portugal/pt/book?utm_medium=page_links,200,
2026-09-15,wix.to,https://wix.to/pUnseBG,https://www.myglobalhealth.online/booking-calendar/consulta-de-cardiologia?utm_medium=page_links,,dofollow,live,2025-04-21,,DataForSEO via OpenSEO,domain_rank|spam_score,70|0,portugal,directory,keep,seo/tracking/raw/2026-09-15/A7-market/backlinks-profile-as_is-page1.json,https://www.myglobalhealth.online/portugal/pt/services/consulta-cardiologia?utm_medium=page_links,200,
2026-09-15,wix.to,https://wix.to/DczFhPP,https://www.myglobalhealth.online/booking-calendar/pt-medicare-consulta-de-cardiologia?location=31db2656-1bd1-4106-b154-7836f55b1e20&utm_medium=page_links,,dofollow,live,2025-11-21,,DataForSEO via OpenSEO,domain_rank|spam_score,70|0,portugal,directory,keep,seo/tracking/raw/2026-09-15/A7-market/backlinks-profile-as_is-page1.json,https://www.myglobalhealth.online/portugal/pt/services/consulta-cardiologia?location=31db2656-1bd1-4106-b154-7836f55b1e20&utm_medium=page_links,200,
2026-09-15,wix.to,https://wix.to/ffnjgfX,https://www.myglobalhealth.online/booking-calendar/pt-medicare-consulta-de-reumatologia?location=31db2656-1bd1-4106-b154-7836f55b1e20&utm_medium=page_links,,dofollow,live,2025-11-21,,DataForSEO via OpenSEO,domain_rank|spam_score,70|0,portugal,directory,update-legacy-target,seo/tracking/raw/2026-09-15/A7-market/backlinks-profile-as_is-page1.json,https://www.myglobalhealth.online/portugal/pt/book?location=31db2656-1bd1-4106-b154-7836f55b1e20&utm_medium=page_links,200,
2026-09-15,wix.to,https://wix.to/5byJGZm,https://www.myglobalhealth.online/booking-calendar/asthma-prescription?utm_medium=page_links,,dofollow,live,2025-07-03,,DataForSEO via OpenSEO,domain_rank|spam_score,70|0,ireland,directory,update-legacy-target,seo/tracking/raw/2026-09-15/A7-market/backlinks-profile-as_is-page1.json,https://www.myglobalhealth.online/ireland/en/book?utm_medium=page_links,200,
2026-09-15,wix.to,https://wix.to/bzj51Lm,https://www.myglobalhealth.online/booking-calendar/consulta-com-dietista?utm_medium=page_links,,dofollow,live,2025-04-21,,DataForSEO via OpenSEO,domain_rank|spam_score,70|0,portugal,directory,update-legacy-target,seo/tracking/raw/2026-09-15/A7-market/backlinks-profile-as_is-page1.json,https://www.myglobalhealth.online/portugal/pt/book?utm_medium=page_links,200,
2026-09-15,wix.to,https://wix.to/bTFH8fe,https://www.myglobalhealth.online/booking-calendar/consulta-de-fisioterapia?utm_medium=page_links,,dofollow,live,2025-04-21,,DataForSEO via OpenSEO,domain_rank|spam_score,70|0,portugal,directory,update-legacy-target,seo/tracking/raw/2026-09-15/A7-market/backlinks-profile-as_is-page1.json,https://www.myglobalhealth.online/portugal/pt/book?utm_medium=page_links,200,
2026-09-15,wix.to,https://wix.to/lr4RFo2,https://www.myglobalhealth.online/booking-calendar/consulta-de-endocrinologia?utm_medium=page_links,,dofollow,live,2025-04-21,,DataForSEO via OpenSEO,domain_rank|spam_score,70|0,portugal,directory,update-legacy-target,seo/tracking/raw/2026-09-15/A7-market/backlinks-profile-as_is-page1.json,https://www.myglobalhealth.online/portugal/pt/book?utm_medium=page_links,200,
2026-09-15,wix.to,https://wix.to/ownMUnF,https://www.myglobalhealth.online/booking-calendar/consulta-pedi%25C3%25A1trica?utm_medium=page_links,,dofollow,live,2025-04-21,,DataForSEO via OpenSEO,domain_rank|spam_score,70|0,ireland,directory,update-legacy-target,seo/tracking/raw/2026-09-15/A7-market/backlinks-profile-as_is-page1.json,https://www.myglobalhealth.online/ireland/en/book?utm_medium=page_links,200,
2026-09-15,wix.to,https://wix.to/KNrmnVC,https://www.myglobalhealth.online/booking-calendar/consulta-de-venerologia?utm_medium=page_links,,dofollow,live,2025-04-21,,DataForSEO via OpenSEO,domain_rank|spam_score,70|0,portugal,directory,update-legacy-target,seo/tracking/raw/2026-09-15/A7-market/backlinks-profile-as_is-page1.json,https://www.myglobalhealth.online/portugal/pt/book?utm_medium=page_links,200,
2026-09-15,wix.to,https://wix.to/LooHQ27,https://www.myglobalhealth.online/booking-calendar/consulta-de-psicologia?utm_medium=page_links,,dofollow,live,2025-04-21,,DataForSEO via OpenSEO,domain_rank|spam_score,70|0,portugal,directory,keep,seo/tracking/raw/2026-09-15/A7-market/backlinks-profile-as_is-page1.json,https://www.myglobalhealth.online/portugal/pt/services/consulta-de-psicologia?utm_medium=page_links,200,
2026-09-15,wix.to,https://wix.to/6W3e8ta,https://www.myglobalhealth.online/booking-calendar/consulta-de-pneumologia?utm_medium=page_links,,dofollow,live,2025-04-21,,DataForSEO via OpenSEO,domain_rank|spam_score,70|0,portugal,directory,update-legacy-target,seo/tracking/raw/2026-09-15/A7-market/backlinks-profile-as_is-page1.json,https://www.myglobalhealth.online/portugal/pt/book?utm_medium=page_links,200,
2026-09-15,wix.to,https://wix.to/WK1paiX,https://www.myglobalhealth.online/booking-calendar/consulta-de-oncologia?utm_medium=page_links,,dofollow,live,2025-04-21,,DataForSEO via OpenSEO,domain_rank|spam_score,70|0,portugal,directory,keep,seo/tracking/raw/2026-09-15/A7-market/backlinks-profile-as_is-page1.json,https://www.myglobalhealth.online/portugal/pt/services/consulta-de-oncologia?utm_medium=page_links,200,
2026-09-15,wix.to,https://wix.to/ACAEZak,https://www.myglobalhealth.online/booking-calendar/consulta-de-urologia?utm_medium=page_links,,dofollow,live,2025-04-21,,DataForSEO via OpenSEO,domain_rank|spam_score,70|0,portugal,directory,update-legacy-target,seo/tracking/raw/2026-09-15/A7-market/backlinks-profile-as_is-page1.json,https://www.myglobalhealth.online/portugal/pt/book?utm_medium=page_links,200,
2026-09-15,wix.to,https://wix.to/JROn50d,https://www.myglobalhealth.online/booking-calendar/consulta-de-gastroenterologia?utm_medium=page_links,,dofollow,live,2025-04-21,,DataForSEO via OpenSEO,domain_rank|spam_score,70|0,portugal,directory,update-legacy-target,seo/tracking/raw/2026-09-15/A7-market/backlinks-profile-as_is-page1.json,https://www.myglobalhealth.online/portugal/pt/book?utm_medium=page_links,200,
2026-09-15,wix.to,https://wix.to/OMYnx5f,https://www.myglobalhealth.online/booking-calendar/pt-medicare-consulta-pedi%25C3%25A1trica?location=31db2656-1bd1-4106-b154-7836f55b1e20&utm_medium=page_links,,dofollow,live,2025-11-21,,DataForSEO via OpenSEO,domain_rank|spam_score,70|0,portugal,directory,update-legacy-target,seo/tracking/raw/2026-09-15/A7-market/backlinks-profile-as_is-page1.json,https://www.myglobalhealth.online/portugal/pt/book?location=31db2656-1bd1-4106-b154-7836f55b1e20&utm_medium=page_links,200,
2026-09-15,wix.to,https://wix.to/LD2gTxb,https://www.myglobalhealth.online/booking-calendar/pt-medicare-consulta-nutricionismo?utm_medium=page_links,,dofollow,live,2025-11-21,,DataForSEO via OpenSEO,domain_rank|spam_score,70|0,portugal,directory,update-legacy-target,seo/tracking/raw/2026-09-15/A7-market/backlinks-profile-as_is-page1.json,https://www.myglobalhealth.online/portugal/pt/book?utm_medium=page_links,200,
2026-09-15,wix.to,https://wix.to/qd0zAla,https://www.myglobalhealth.online/booking-calendar/pt-medicare-consulta-de-geriatria?location=31db2656-1bd1-4106-b154-7836f55b1e20&utm_medium=page_links,,dofollow,live,2025-11-21,,DataForSEO via OpenSEO,domain_rank|spam_score,70|0,portugal,directory,update-legacy-target,seo/tracking/raw/2026-09-15/A7-market/backlinks-profile-as_is-page1.json,https://www.myglobalhealth.online/portugal/pt/book?location=31db2656-1bd1-4106-b154-7836f55b1e20&utm_medium=page_links,200,
2026-09-15,wix.to,https://wix.to/RgnqiQt,https://www.myglobalhealth.online/booking-calendar/pt-medicare-consulta-de-fisioterapia?location=31db2656-1bd1-4106-b154-7836f55b1e20&utm_medium=page_links,,dofollow,live,2025-11-21,,DataForSEO via OpenSEO,domain_rank|spam_score,70|0,portugal,directory,update-legacy-target,seo/tracking/raw/2026-09-15/A7-market/backlinks-profile-as_is-page1.json,https://www.myglobalhealth.online/portugal/pt/book?location=31db2656-1bd1-4106-b154-7836f55b1e20&utm_medium=page_links,200,
2026-09-15,wix.to,https://wix.to/Ro6zjie,https://www.myglobalhealth.online/booking-calendar/pt-medicare-consulta-de-venerologia?location=31db2656-1bd1-4106-b154-7836f55b1e20&utm_medium=page_links,,dofollow,live,2025-11-21,,DataForSEO via OpenSEO,domain_rank|spam_score,70|0,portugal,directory,update-legacy-target,seo/tracking/raw/2026-09-15/A7-market/backlinks-profile-as_is-page1.json,https://www.myglobalhealth.online/portugal/pt/book?location=31db2656-1bd1-4106-b154-7836f55b1e20&utm_medium=page_links,200,
2026-09-15,wix.to,https://wix.to/8WutFO3,https://www.myglobalhealth.online/booking-calendar/pt-medicare-consulta-de-psicologia?location=31db2656-1bd1-4106-b154-7836f55b1e20&utm_medium=page_links,,dofollow,live,2025-11-21,,DataForSEO via OpenSEO,domain_rank|spam_score,70|0,portugal,directory,keep,seo/tracking/raw/2026-09-15/A7-market/backlinks-profile-as_is-page1.json,https://www.myglobalhealth.online/portugal/pt/services/consulta-de-psicologia?location=31db2656-1bd1-4106-b154-7836f55b1e20&utm_medium=page_links,200,
2026-09-15,wix.to,https://wix.to/9SH3dnz,https://www.myglobalhealth.online/booking-calendar/pt-medicare-consulta-de-pneumologia?location=31db2656-1bd1-4106-b154-7836f55b1e20&utm_medium=page_links,,dofollow,live,2025-11-21,,DataForSEO via OpenSEO,domain_rank|spam_score,70|0,portugal,directory,update-legacy-target,seo/tracking/raw/2026-09-15/A7-market/backlinks-profile-as_is-page1.json,https://www.myglobalhealth.online/portugal/pt/book?location=31db2656-1bd1-4106-b154-7836f55b1e20&utm_medium=page_links,200,
2026-09-15,wix.to,https://wix.to/5hPYYwn,https://www.myglobalhealth.online/booking-calendar/pt-medicare-consulta-de-oncologia?location=31db2656-1bd1-4106-b154-7836f55b1e20&utm_medium=page_links,,dofollow,live,2025-11-21,,DataForSEO via OpenSEO,domain_rank|spam_score,70|0,portugal,directory,keep,seo/tracking/raw/2026-09-15/A7-market/backlinks-profile-as_is-page1.json,https://www.myglobalhealth.online/portugal/pt/services/consulta-de-oncologia?location=31db2656-1bd1-4106-b154-7836f55b1e20&utm_medium=page_links,200,
2026-09-15,wix.to,https://wix.to/rDSwRpn,https://www.myglobalhealth.online/booking-calendar/pt-medicare-consulta-de-endocrinologia?location=31db2656-1bd1-4106-b154-7836f55b1e20&utm_medium=page_links,,dofollow,live,2025-11-21,,DataForSEO via OpenSEO,domain_rank|spam_score,70|0,portugal,directory,update-legacy-target,seo/tracking/raw/2026-09-15/A7-market/backlinks-profile-as_is-page1.json,https://www.myglobalhealth.online/portugal/pt/book?location=31db2656-1bd1-4106-b154-7836f55b1e20&utm_medium=page_links,200,
2026-09-15,wix.to,https://wix.to/2cQDSPZ,https://www.myglobalhealth.online/booking-calendar/pt-medicare-consulta-de-urologia?location=31db2656-1bd1-4106-b154-7836f55b1e20&utm_medium=page_links,,dofollow,live,2025-11-21,,DataForSEO via OpenSEO,domain_rank|spam_score,70|0,portugal,directory,update-legacy-target,seo/tracking/raw/2026-09-15/A7-market/backlinks-profile-as_is-page1.json,https://www.myglobalhealth.online/portugal/pt/book?location=31db2656-1bd1-4106-b154-7836f55b1e20&utm_medium=page_links,200,
2026-09-15,wix.to,https://wix.to/FP7r3I2,https://www.myglobalhealth.online/booking-calendar/pt-medicare-consulta-gastroenterologia?location=31db2656-1bd1-4106-b154-7836f55b1e20&utm_medium=page_links,,dofollow,live,2025-11-21,,DataForSEO via OpenSEO,domain_rank|spam_score,70|0,portugal,directory,update-legacy-target,seo/tracking/raw/2026-09-15/A7-market/backlinks-profile-as_is-page1.json,https://www.myglobalhealth.online/portugal/pt/book?location=31db2656-1bd1-4106-b154-7836f55b1e20&utm_medium=page_links,200,
2026-09-15,wix.to,https://wix.to/WIVHGpN,https://www.myglobalhealth.online/booking-calendar/migraine-prescription?utm_medium=page_links,,dofollow,live,2025-07-03,,DataForSEO via OpenSEO,domain_rank|spam_score,70|0,ireland,directory,update-legacy-target,seo/tracking/raw/2026-09-15/A7-market/backlinks-profile-as_is-page1.json,https://www.myglobalhealth.online/ireland/en/book?utm_medium=page_links,200,
2026-09-15,wix.to,https://wix.to/fwrb9tZ,https://www.myglobalhealth.online/booking-calendar/herpes-labial-prescription?utm_medium=page_links,,dofollow,live,2025-07-03,,DataForSEO via OpenSEO,domain_rank|spam_score,70|0,ireland,directory,update-legacy-target,seo/tracking/raw/2026-09-15/A7-market/backlinks-profile-as_is-page1.json,https://www.myglobalhealth.online/ireland/en/book?utm_medium=page_links,200,
2026-09-15,wix.to,https://wix.to/sYjWQ5N,https://www.myglobalhealth.online/booking-calendar/erectyle-dysfunction-prescription?utm_medium=page_links,,dofollow,live,2025-07-03,,DataForSEO via OpenSEO,domain_rank|spam_score,70|0,ireland,directory,update-legacy-target,seo/tracking/raw/2026-09-15/A7-market/backlinks-profile-as_is-page1.json,https://www.myglobalhealth.online/ireland/en/book?utm_medium=page_links,200,
2026-09-15,wix.to,https://wix.to/Ln8bOGa,https://www.myglobalhealth.online/booking-calendar/eczemaprescription?utm_medium=page_links,,dofollow,live,2025-07-03,,DataForSEO via OpenSEO,domain_rank|spam_score,70|0,ireland,directory,update-legacy-target,seo/tracking/raw/2026-09-15/A7-market/backlinks-profile-as_is-page1.json,https://www.myglobalhealth.online/ireland/en/book?utm_medium=page_links,200,
2026-09-15,wix.to,https://wix.to/dDDOXOo,https://www.myglobalhealth.online/booking-calendar/herpes-genital-prescription?utm_medium=page_links,,dofollow,live,2025-07-03,,DataForSEO via OpenSEO,domain_rank|spam_score,70|0,ireland,directory,update-legacy-target,seo/tracking/raw/2026-09-15/A7-market/backlinks-profile-as_is-page1.json,https://www.myglobalhealth.online/ireland/en/book?utm_medium=page_links,200,
2026-09-15,wix.to,https://wix.to/VkEOYyt,https://www.myglobalhealth.online/booking-calendar/dietitian-consultation?utm_medium=page_links,,dofollow,live,2025-04-21,,DataForSEO via OpenSEO,domain_rank|spam_score,69|0,ireland,directory,keep,seo/tracking/raw/2026-09-15/A7-market/backlinks-profile-as_is-page1.json,https://www.myglobalhealth.online/ireland/en/services/nutrition-specialist-consultation?utm_medium=page_links,200,
2026-09-15,wix.to,https://wix.to/lEist5O,https://www.myglobalhealth.online/booking-calendar/immunoallergology-consultation?utm_medium=page_links,,dofollow,live,2025-04-21,,DataForSEO via OpenSEO,domain_rank|spam_score,69|0,ireland,directory,update-legacy-target,seo/tracking/raw/2026-09-15/A7-market/backlinks-profile-as_is-page1.json,https://www.myglobalhealth.online/ireland/en/book?utm_medium=page_links,200,
2026-09-15,wix.to,https://wix.to/LDzjHKB,https://www.myglobalhealth.online/booking-calendar/dermathology-consultation?utm_medium=page_links,,dofollow,live,2025-04-21,,DataForSEO via OpenSEO,domain_rank|spam_score,69|0,ireland,directory,keep,seo/tracking/raw/2026-09-15/A7-market/backlinks-profile-as_is-page1.json,https://www.myglobalhealth.online/ireland/en/services/skin-dermatology-consultation?utm_medium=page_links,200,
2026-09-15,wix.to,https://wix.to/OxedfIy,https://www.myglobalhealth.online/booking-calendar/genetic-consultation?utm_medium=page_links,,dofollow,live,2025-04-21,,DataForSEO via OpenSEO,domain_rank|spam_score,69|0,ireland,directory,update-legacy-target,seo/tracking/raw/2026-09-15/A7-market/backlinks-profile-as_is-page1.json,https://www.myglobalhealth.online/ireland/en/book?utm_medium=page_links,200,
2026-09-15,wix.to,https://wix.to/3cWgz5N,https://www.myglobalhealth.online/booking-calendar/gastroentherology-consultation?utm_medium=page_links,,dofollow,live,2025-04-21,,DataForSEO via OpenSEO,domain_rank|spam_score,69|0,ireland,directory,update-legacy-target,seo/tracking/raw/2026-09-15/A7-market/backlinks-profile-as_is-page1.json,https://www.myglobalhealth.online/ireland/en/book?utm_medium=page_links,200,
2026-09-15,wix.to,https://wix.to/dj5DTic,https://www.myglobalhealth.online/booking-calendar/reumathology-consultation?utm_medium=page_links,,dofollow,live,2025-04-21,,DataForSEO via OpenSEO,domain_rank|spam_score,69|0,ireland,directory,update-legacy-target,seo/tracking/raw/2026-09-15/A7-market/backlinks-profile-as_is-page1.json,https://www.myglobalhealth.online/ireland/en/book?utm_medium=page_links,200,
2026-09-15,wix.to,https://wix.to/F5NdySr,https://www.myglobalhealth.online/booking-calendar/geriatric-consultation?utm_medium=page_links,,dofollow,live,2025-04-21,,DataForSEO via OpenSEO,domain_rank|spam_score,69|0,ireland,directory,update-legacy-target,seo/tracking/raw/2026-09-15/A7-market/backlinks-profile-as_is-page1.json,https://www.myglobalhealth.online/ireland/en/book?utm_medium=page_links,200,
2026-09-15,wix.to,https://wix.to/U0dsPCn,https://www.myglobalhealth.online/booking-calendar/ro-consulta%25C8%259Bie-hipertensiune?utm_medium=page_links,,dofollow,live,2026-05-28,,DataForSEO via OpenSEO,domain_rank|spam_score,69|0,romania,directory,update-legacy-target,seo/tracking/raw/2026-09-15/A7-market/backlinks-profile-as_is-page1.json,https://www.myglobalhealth.online/romania/ro/book?utm_medium=page_links,200,
2026-09-15,wix.to,https://wix.to/2lZuHop,https://www.myglobalhealth.online/booking-calendar/ro-consulta%25C8%259Bie-pentru-migren%25C4%2583?utm_medium=page_links,,dofollow,live,2026-05-28,,DataForSEO via OpenSEO,domain_rank|spam_score,69|0,romania,directory,update-legacy-target,seo/tracking/raw/2026-09-15/A7-market/backlinks-profile-as_is-page1.json,https://www.myglobalhealth.online/romania/ro/book?utm_medium=page_links,200,
2026-09-15,wix.to,https://wix.to/sQntjeQ,https://www.myglobalhealth.online/booking-calendar/ro-consulta%25C8%259Bie-medic-de-familie?utm_medium=page_links,,dofollow,live,2026-05-28,,DataForSEO via OpenSEO,domain_rank|spam_score,69|0,romania,directory,update-legacy-target,seo/tracking/raw/2026-09-15/A7-market/backlinks-profile-as_is-page1.json,https://www.myglobalhealth.online/romania/ro/book?utm_medium=page_links,200,
2026-09-15,wix.to,https://wix.to/tDxNq7L,https://www.myglobalhealth.online/booking-calendar/ro-re%25C3%25AEnnoire-tratament?utm_medium=page_links,,dofollow,live,2026-05-28,,DataForSEO via OpenSEO,domain_rank|spam_score,69|0,romania,directory,update-legacy-target,seo/tracking/raw/2026-09-15/A7-market/backlinks-profile-as_is-page1.json,https://www.myglobalhealth.online/romania/ro/book?utm_medium=page_links,200,
2026-09-15,wix.to,https://wix.to/m7fw1Un,https://www.myglobalhealth.online/booking-calendar/ro-consulta%25C8%259Bie-diabet?utm_medium=page_links,,dofollow,live,2026-05-28,,DataForSEO via OpenSEO,domain_rank|spam_score,69|0,romania,directory,update-legacy-target,seo/tracking/raw/2026-09-15/A7-market/backlinks-profile-as_is-page1.json,https://www.myglobalhealth.online/romania/ro/book?utm_medium=page_links,200,
2026-09-15,wix.to,https://wix.to/JQ1j5QD,https://www.myglobalhealth.online/booking-calendar/ro-consulta%25C8%259Bie-disfunc%25C8%259Bie-erectil%25C4%2583?utm_medium=page_links,,dofollow,live,2026-05-28,,DataForSEO via OpenSEO,domain_rank|spam_score,69|0,romania,directory,update-legacy-target,seo/tracking/raw/2026-09-15/A7-market/backlinks-profile-as_is-page1.json,https://www.myglobalhealth.online/romania/ro/book?utm_medium=page_links,200,
2026-09-15,wix.to,https://wix.to/EhcZkmr,https://www.myglobalhealth.online/booking-calendar/ro-consulta%25C8%259Bie-pentru-managementul-dure?utm_medium=page_links,,dofollow,live,2026-05-28,,DataForSEO via OpenSEO,domain_rank|spam_score,69|0,romania,directory,update-legacy-target,seo/tracking/raw/2026-09-15/A7-market/backlinks-profile-as_is-page1.json,https://www.myglobalhealth.online/romania/ro/book?utm_medium=page_links,200,
2026-09-15,wix.to,https://wix.to/ahF88Gl,https://www.myglobalhealth.online/booking-calendar/ro-consulta%25C8%259Bie-respiratorie?utm_medium=page_links,,dofollow,live,2026-05-28,,DataForSEO via OpenSEO,domain_rank|spam_score,69|0,romania,directory,update-legacy-target,seo/tracking/raw/2026-09-15/A7-market/backlinks-profile-as_is-page1.json,https://www.myglobalhealth.online/romania/ro/book?utm_medium=page_links,200,
2026-09-15,wix.to,https://wix.to/Uz74kj8,https://www.myglobalhealth.online/booking-calendar/ie-in-person-manual-therapy?utm_medium=page_links,,dofollow,live,2026-05-28,,DataForSEO via OpenSEO,domain_rank|spam_score,69|0,ireland,directory,keep,seo/tracking/raw/2026-09-15/A7-market/backlinks-profile-as_is-page1.json,https://www.myglobalhealth.online/ireland/en/services/physiotherapy-specialist-consultation?utm_medium=page_links,200,
2026-09-15,wix.to,https://wix.to/x5n2m7q,https://www.myglobalhealth.online/booking-calendar/renova%25C3%25A7%25C3%25A3o-tratamento?utm_medium=page_links,,dofollow,live,2025-04-21,,DataForSEO via OpenSEO,domain_rank|spam_score,69|0,ireland,directory,update-legacy-target,seo/tracking/raw/2026-09-15/A7-market/backlinks-profile-as_is-page1.json,https://www.myglobalhealth.online/ireland/en/book?utm_medium=page_links,200,
2026-09-15,wix.to,https://wix.to/TYipbtT,https://www.myglobalhealth.online/booking-calendar/medicare-renova%25C3%25A7%25C3%25A3o-tratamento?utm_medium=page_links,,dofollow,live,2025-11-21,,DataForSEO via OpenSEO,domain_rank|spam_score,69|0,ireland,directory,update-legacy-target,seo/tracking/raw/2026-09-15/A7-market/backlinks-profile-as_is-page1.json,https://www.myglobalhealth.online/ireland/en/book?utm_medium=page_links,200,
2026-09-15,wix.to,https://wix.to/yzc1bKu,https://www.myglobalhealth.online/booking-calendar/pt-consulta-de-medicina-1?utm_medium=page_links,,dofollow,live,2026-05-27,,DataForSEO via OpenSEO,domain_rank|spam_score,69|0,portugal,directory,keep,seo/tracking/raw/2026-09-15/A7-market/backlinks-profile-as_is-page1.json,https://www.myglobalhealth.online/portugal/pt/services/consulta-medica?utm_medium=page_links,200,
2026-09-15,wix.to,https://wix.to/SAjsjup,https://www.myglobalhealth.online/booking-calendar/pt-medicare-consulta-de-medicina?utm_medium=page_links,,dofollow,live,2025-11-21,,DataForSEO via OpenSEO,domain_rank|spam_score,69|0,portugal,directory,keep,seo/tracking/raw/2026-09-15/A7-market/backlinks-profile-as_is-page1.json,https://www.myglobalhealth.online/portugal/pt/services/consulta-medica?utm_medium=page_links,200,
2026-09-15,wix.to,https://wix.to/gInracv,https://www.myglobalhealth.online/booking-calendar/consulta-do-viajante?utm_medium=page_links,,dofollow,live,2025-07-03,,DataForSEO via OpenSEO,domain_rank|spam_score,69|0,portugal,directory,keep,seo/tracking/raw/2026-09-15/A7-market/backlinks-profile-as_is-page1.json,https://www.myglobalhealth.online/portugal/pt/services/consulta-do-viajante?utm_medium=page_links,200,
2026-09-15,wix.to,https://wix.to/VJL5mTL,https://www.myglobalhealth.online/booking-calendar/consulta-para-a-dsifun%25C3%25A7%25C3%25A3o-erectil?utm_medium=page_links,,dofollow,live,2025-04-21,,DataForSEO via OpenSEO,domain_rank|spam_score,69|0,ireland,directory,update-legacy-target,seo/tracking/raw/2026-09-15/A7-market/backlinks-profile-as_is-page1.json,https://www.myglobalhealth.online/ireland/en/book?utm_medium=page_links,200,
2026-09-15,wix.to,https://wix.to/IAzsf9F,https://www.myglobalhealth.online/booking-calendar/medicare-consulta-disfun%25C3%25A7%25C3%25A3o-erectil?utm_medium=page_links,,dofollow,live,2025-11-21,,DataForSEO via OpenSEO,domain_rank|spam_score,69|0,ireland,directory,update-legacy-target,seo/tracking/raw/2026-09-15/A7-market/backlinks-profile-as_is-page1.json,https://www.myglobalhealth.online/ireland/en/book?utm_medium=page_links,200,
2026-09-15,wix.to,https://wix.to/Lf8pCVH,https://www.myglobalhealth.online/booking-calendar/baixa-medica?utm_medium=page_links,,dofollow,live,2025-04-21,,DataForSEO via OpenSEO,domain_rank|spam_score,69|0,portugal,directory,keep,seo/tracking/raw/2026-09-15/A7-market/backlinks-profile-as_is-page1.json,https://www.myglobalhealth.online/portugal/pt/services/baixa-medica?utm_medium=page_links,200,
2026-09-15,wix.to,https://wix.to/d3Hnrgv,https://www.myglobalhealth.online/booking-calendar/medicare-baixa-medica?utm_medium=page_links,,dofollow,live,2025-11-21,,DataForSEO via OpenSEO,domain_rank|spam_score,69|0,portugal,directory,keep,seo/tracking/raw/2026-09-15/A7-market/backlinks-profile-as_is-page1.json,https://www.myglobalhealth.online/portugal/pt/services/baixa-medica?utm_medium=page_links,200,
2026-09-15,wix.to,https://wix.to/TbPFPyI,https://www.myglobalhealth.online/booking-calendar/certificado-medico-para-carta-condu%25C3%25A7%25C3%25A3o?utm_medium=page_links,,dofollow,live,2025-07-03,,DataForSEO via OpenSEO,domain_rank|spam_score,69|0,ireland,directory,update-legacy-target,seo/tracking/raw/2026-09-15/A7-market/backlinks-profile-as_is-page1.json,https://www.myglobalhealth.online/ireland/en/book?utm_medium=page_links,200,
2026-09-15,wix.to,https://wix.to/0UE21jA,https://www.myglobalhealth.online/booking-calendar/consulta-da-diabetes?utm_medium=page_links,,dofollow,live,2025-04-21,,DataForSEO via OpenSEO,domain_rank|spam_score,69|0,portugal,directory,update-legacy-target,seo/tracking/raw/2026-09-15/A7-market/backlinks-profile-as_is-page1.json,https://www.myglobalhealth.online/portugal/pt/book?utm_medium=page_links,200,
2026-09-15,wix.to,https://wix.to/JqCPxBO,https://www.myglobalhealth.online/booking-calendar/medicare-consulta-da-diabetes?utm_medium=page_links,,dofollow,live,2025-11-21,,DataForSEO via OpenSEO,domain_rank|spam_score,69|0,portugal,directory,update-legacy-target,seo/tracking/raw/2026-09-15/A7-market/backlinks-profile-as_is-page1.json,https://www.myglobalhealth.online/portugal/pt/book?utm_medium=page_links,200,
2026-09-15,wix.to,https://wix.to/Gd9NndX,https://www.myglobalhealth.online/booking-calendar/consulta-de-perda-de-peso?utm_medium=page_links,,dofollow,live,2025-04-21,,DataForSEO via OpenSEO,domain_rank|spam_score,69|0,portugal,directory,keep,seo/tracking/raw/2026-09-15/A7-market/backlinks-profile-as_is-page1.json,https://www.myglobalhealth.online/portugal/pt/services/perda-de-peso?utm_medium=page_links,200,
2026-09-15,wix.to,https://wix.to/nhLJuRy,https://www.myglobalhealth.online/booking-calendar/pt-medicare-consulta-de-perda-de-peso?utm_medium=page_links,,dofollow,live,2025-11-21,,DataForSEO via OpenSEO,domain_rank|spam_score,69|0,portugal,directory,keep,seo/tracking/raw/2026-09-15/A7-market/backlinks-profile-as_is-page1.json,https://www.myglobalhealth.online/portugal/pt/services/perda-de-peso?utm_medium=page_links,200,
2026-09-15,wix.to,https://wix.to/7iQ2e6k,https://www.myglobalhealth.online/booking-calendar/vaginal-dryness-prescription?utm_medium=page_links,,dofollow,live,2025-07-03,,DataForSEO via OpenSEO,domain_rank|spam_score,69|0,ireland,directory,update-legacy-target,seo/tracking/raw/2026-09-15/A7-market/backlinks-profile-as_is-page1.json,https://www.myglobalhealth.online/ireland/en/book?utm_medium=page_links,200,
2026-09-15,wix.to,https://wix.to/CCAkx8f,https://www.myglobalhealth.online/booking-calendar/period-delay-prescription?utm_medium=page_links,,dofollow,live,2025-07-03,,DataForSEO via OpenSEO,domain_rank|spam_score,69|0,ireland,directory,update-legacy-target,seo/tracking/raw/2026-09-15/A7-market/backlinks-profile-as_is-page1.json,https://www.myglobalhealth.online/ireland/en/book?utm_medium=page_links,200,
2026-09-15,wix.to,https://wix.to/Bk1Xwfn,https://www.myglobalhealth.online/booking-calendar/bacterial-vaginosis-prescription?utm_medium=page_links,,dofollow,live,2025-07-03,,DataForSEO via OpenSEO,domain_rank|spam_score,69|0,ireland,directory,update-legacy-target,seo/tracking/raw/2026-09-15/A7-market/backlinks-profile-as_is-page1.json,https://www.myglobalhealth.online/ireland/en/book?utm_medium=page_links,200,
2026-09-15,wix.to,https://wix.to/FZTA0FW,https://www.myglobalhealth.online/booking-calendar/hay-fever-prescription?utm_medium=page_links,,dofollow,live,2025-07-03,,DataForSEO via OpenSEO,domain_rank|spam_score,69|0,ireland,directory,update-legacy-target,seo/tracking/raw/2026-09-15/A7-market/backlinks-profile-as_is-page1.json,https://www.myglobalhealth.online/ireland/en/book?utm_medium=page_links,200,
2026-09-15,wix.to,https://wix.to/nWuwo48,https://www.myglobalhealth.online/booking-calendar/acne-prescription?utm_medium=page_links,,dofollow,live,2025-07-03,,DataForSEO via OpenSEO,domain_rank|spam_score,69|0,ireland,directory,update-legacy-target,seo/tracking/raw/2026-09-15/A7-market/backlinks-profile-as_is-page1.json,https://www.myglobalhealth.online/ireland/en/book?utm_medium=page_links,200,
2026-09-15,wix.to,https://wix.to/rqsT0io,https://www.myglobalhealth.online/booking-calendar/oral-thrush-prescription?utm_medium=page_links,,dofollow,live,2025-07-03,,DataForSEO via OpenSEO,domain_rank|spam_score,69|0,ireland,directory,update-legacy-target,seo/tracking/raw/2026-09-15/A7-market/backlinks-profile-as_is-page1.json,https://www.myglobalhealth.online/ireland/en/book?utm_medium=page_links,200,
2026-09-15,wix.to,https://wix.to/LL1OVVx,https://www.myglobalhealth.online/booking-calendar/rosacea-prescription?utm_medium=page_links,,dofollow,live,2025-07-03,,DataForSEO via OpenSEO,domain_rank|spam_score,69|0,ireland,directory,update-legacy-target,seo/tracking/raw/2026-09-15/A7-market/backlinks-profile-as_is-page1.json,https://www.myglobalhealth.online/ireland/en/book?utm_medium=page_links,200,
2026-09-15,wix.to,https://wix.to/SB1N2lD,https://www.myglobalhealth.online/booking-calendar/psoriase-prescription?utm_medium=page_links,,dofollow,live,2025-07-03,,DataForSEO via OpenSEO,domain_rank|spam_score,69|0,ireland,directory,update-legacy-target,seo/tracking/raw/2026-09-15/A7-market/backlinks-profile-as_is-page1.json,https://www.myglobalhealth.online/ireland/en/book?utm_medium=page_links,200,
2026-09-15,wix.to,https://wix.to/4LJtlfB,https://www.myglobalhealth.online/booking-calendar/hair-loss-prescription?utm_medium=page_links,,dofollow,live,2025-07-03,,DataForSEO via OpenSEO,domain_rank|spam_score,69|0,ireland,directory,update-legacy-target,seo/tracking/raw/2026-09-15/A7-market/backlinks-profile-as_is-page1.json,https://www.myglobalhealth.online/ireland/en/book?utm_medium=page_links,200,
2026-09-15,wix.to,https://wix.to/SMvccYo,https://www.myglobalhealth.online/booking-calendar/contraception-prescription?utm_medium=page_links,,dofollow,live,2025-07-03,,DataForSEO via OpenSEO,domain_rank|spam_score,69|0,ireland,directory,update-legacy-target,seo/tracking/raw/2026-09-15/A7-market/backlinks-profile-as_is-page1.json,https://www.myglobalhealth.online/ireland/en/book?utm_medium=page_links,200,
2026-09-15,wix.to,https://wix.to/oMIIlZp,https://www.myglobalhealth.online/booking-calendar/premature-ejaculation-prescription?utm_medium=page_links,,dofollow,live,2025-07-03,,DataForSEO via OpenSEO,domain_rank|spam_score,69|0,ireland,directory,update-legacy-target,seo/tracking/raw/2026-09-15/A7-market/backlinks-profile-as_is-page1.json,https://www.myglobalhealth.online/ireland/en/book?utm_medium=page_links,200,
2026-09-15,wix.to,https://wix.to/t6wTQlr,https://www.myglobalhealth.online/booking-calendar/conjuntivite-prescription?utm_medium=page_links,,dofollow,live,2025-07-03,,DataForSEO via OpenSEO,domain_rank|spam_score,69|0,ireland,directory,update-legacy-target,seo/tracking/raw/2026-09-15/A7-market/backlinks-profile-as_is-page1.json,https://www.myglobalhealth.online/ireland/en/book?utm_medium=page_links,200,
2026-09-15,wix.to,https://wix.to/24ZFpNy,https://www.myglobalhealth.online/booking-calendar/thrush-prescription?utm_medium=page_links,,dofollow,live,2025-07-03,,DataForSEO via OpenSEO,domain_rank|spam_score,69|0,ireland,directory,update-legacy-target,seo/tracking/raw/2026-09-15/A7-market/backlinks-profile-as_is-page1.json,https://www.myglobalhealth.online/ireland/en/book?utm_medium=page_links,200,
2026-09-15,wix.to,https://wix.to/d1OUPt9,https://www.myglobalhealth.online/booking-calendar/same-day-all-dublin-except-d1-2-4-6-8?utm_medium=page_links,,dofollow,live,2025-07-03,,DataForSEO via OpenSEO,domain_rank|spam_score,69|0,ireland,directory,update-legacy-target,seo/tracking/raw/2026-09-15/A7-market/backlinks-profile-as_is-page1.json,https://www.myglobalhealth.online/ireland/en/book?utm_medium=page_links,200,
2026-09-15,wix.to,https://wix.to/APT7zdQ,https://www.myglobalhealth.online/booking-calendar/same-day-delivery-dublin-1-2-4-6-and-8?utm_medium=page_links,,dofollow,live,2025-07-03,,DataForSEO via OpenSEO,domain_rank|spam_score,69|0,ireland,directory,update-legacy-target,seo/tracking/raw/2026-09-15/A7-market/backlinks-profile-as_is-page1.json,https://www.myglobalhealth.online/ireland/en/book?utm_medium=page_links,200,
2026-09-15,www.doctify.com,https://www.doctify.com/ie/practice/global-health-ireland,https://www.myglobalhealth.online/home,https://www.myglobalhealth.online/home,dofollow,live,2026-08-21,,DataForSEO via OpenSEO,domain_rank|spam_score,66|0,,medical,keep,seo/tracking/raw/2026-09-15/A7-market/backlinks-profile-as_is-page1.json,https://www.myglobalhealth.online/,200,
2026-09-15,www.doctify.com,https://www.doctify.com/ie/practice/global-health-ireland,https://www.myglobalhealth.online/ireland/en,Book,nofollow,live,2026-08-21,,DataForSEO via OpenSEO,domain_rank|spam_score,66|0,ireland,medical,keep,seo/tracking/raw/2026-09-15/A7-market/backlinks-profile-as_is-page1.json,https://www.myglobalhealth.online/ireland/en,200,nofollow
2026-09-15,viesearch.com,https://viesearch.com/2554r/plan,https://www.myglobalhealth.online/,Global Health | Medical Clinic | Online Doctor,dofollow,live,2026-06-21,,DataForSEO via OpenSEO,domain_rank|spam_score,64|30,,directory,keep,seo/tracking/raw/2026-09-15/A7-market/backlinks-profile-as_is-page1.json,https://www.myglobalhealth.online/,200,noopener
2026-09-15,viesearch.com,https://viesearch.com/2554r/global-health-medical-clinic-online-doctor,https://www.myglobalhealth.online/,,dofollow,live,2026-07-03,,DataForSEO via OpenSEO,domain_rank|spam_score,64|0,,directory,keep,seo/tracking/raw/2026-09-15/A7-market/backlinks-profile-as_is-page2.json,https://www.myglobalhealth.online/,200,noopener
2026-09-15,viesearch.com,https://viesearch.com/ishakayis/sites,https://www.myglobalhealth.online/,Global Health | Medical Clinic | Online Doctor,dofollow,live,2026-06-13,,DataForSEO via OpenSEO,domain_rank|spam_score,64|5,,directory,keep,seo/tracking/raw/2026-09-15/A7-market/backlinks-profile-as_is-page2.json,https://www.myglobalhealth.online/,200,noopener
2026-09-15,viesearch.com,https://viesearch.com/ishakayis,https://www.myglobalhealth.online/,Global Health | Medical Clinic | Online Doctor,dofollow,live,2026-06-07,,DataForSEO via OpenSEO,domain_rank|spam_score,64|15,,directory,keep,seo/tracking/raw/2026-09-15/A7-market/backlinks-profile-as_is-page2.json,https://www.myglobalhealth.online/,200,noopener
2026-09-15,youslade.com,https://youslade.com/read-blog/33048_certified-sick-leave-certificates-made-quick-and-stress-free.html,https://www.myglobalhealth.online/ireland/sick-leave,certified sick leave ireland,nofollow,live,2026-07-12,,DataForSEO via OpenSEO,domain_rank|spam_score,64|0,ireland,directory,keep,seo/tracking/raw/2026-09-15/A7-market/backlinks-profile-as_is-page2.json,https://www.myglobalhealth.online/ireland/en/services/sick-certificate-ireland,200,nofollow
2026-09-15,youslade.com,https://youslade.com/read-blog/33048_certified-sick-leave-certificates-made-quick-and-stress-free.html,https://www.myglobalhealth.online/ireland/medical-consultation,medical doctor online in Ireland,nofollow,live,2026-07-12,,DataForSEO via OpenSEO,domain_rank|spam_score,64|0,ireland,directory,keep,seo/tracking/raw/2026-09-15/A7-market/backlinks-profile-as_is-page2.json,https://www.myglobalhealth.online/ireland/en/services/acute-medical-consultation,200,nofollow
2026-09-15,youslade.com,https://youslade.com/read-blog/33049_certified-sick-leave-certificates-made-quick-and-stress-free.html,https://www.myglobalhealth.online/ireland/sick-leave,certified sick leave ireland,nofollow,live,2026-07-11,,DataForSEO via OpenSEO,domain_rank|spam_score,64|0,ireland,directory,keep,seo/tracking/raw/2026-09-15/A7-market/backlinks-profile-as_is-page2.json,https://www.myglobalhealth.online/ireland/en/services/sick-certificate-ireland,200,nofollow
2026-09-15,youslade.com,https://youslade.com/read-blog/33049_certified-sick-leave-certificates-made-quick-and-stress-free.html,https://www.myglobalhealth.online/ireland/medical-consultation,medical doctor online in Ireland,nofollow,live,2026-07-11,,DataForSEO via OpenSEO,domain_rank|spam_score,64|0,ireland,directory,keep,seo/tracking/raw/2026-09-15/A7-market/backlinks-profile-as_is-page2.json,https://www.myglobalhealth.online/ireland/en/services/acute-medical-consultation,200,nofollow
2026-09-15,viesearch.com,https://viesearch.com/2554r/global-health-online-medical-clinic,https://www.myglobalhealth.online/,Global Health Online Medical Clinic,dofollow,live,2026-06-13,,DataForSEO via OpenSEO,domain_rank|spam_score,64|15,,directory,keep,seo/tracking/raw/2026-09-15/A7-market/backlinks-profile-as_is-page2.json,https://www.myglobalhealth.online/,200,noopener
2026-09-15,www.bib.az,https://www.bib.az/myglobalhealthonline,https://www.myglobalhealth.online/pt/portugal/traveler's-consultation,https://www.myglobalhealth.online/pt/portugal/traveler's-consultation,nofollow,live,2026-08-21,,DataForSEO via OpenSEO,domain_rank|spam_score,57|5,portugal,directory,keep,seo/tracking/raw/2026-09-15/A7-market/backlinks-profile-as_is-page2.json,https://www.myglobalhealth.online/portugal/pt/services/consulta-do-viajante,200,nofollow
2026-09-15,www.bib.az,https://www.bib.az/myglobalhealthonline,https://www.myglobalhealth.online/post/types-of-cancer-based-on-tissue-type-of-origin,https://www.myglobalhealth.online/post/types-of-cancer-based-on-tissue-type-of-origin,nofollow,live,2026-08-21,,DataForSEO via OpenSEO,domain_rank|spam_score,57|5,ireland,directory,update-legacy-target,seo/tracking/raw/2026-09-15/A7-market/backlinks-profile-as_is-page2.json,https://www.myglobalhealth.online/ireland/en/blog,200,nofollow
2026-09-15,www.bib.az,https://www.bib.az/myglobalhealthonline,https://www.myglobalhealth.online/post/understanding-hypercholesterolemia-global-health,https://www.myglobalhealth.online/post/understanding-hypercholesterolemia-global-health,nofollow,live,2026-08-21,,DataForSEO via OpenSEO,domain_rank|spam_score,57|5,ireland,directory,update-legacy-target,seo/tracking/raw/2026-09-15/A7-market/backlinks-profile-as_is-page2.json,https://www.myglobalhealth.online/ireland/en/blog,200,nofollow
2026-09-15,www.bib.az,https://www.bib.az/posts/104474,https://www.myglobalhealth.online/post/types-of-cancer-based-on-tissue-type-of-origin,https://www.myglobalhealth.online/post/types-of-cancer-based-on-tissue-type-of-origin,nofollow,live,2026-08-21,,DataForSEO via OpenSEO,domain_rank|spam_score,57|25,ireland,directory,update-legacy-target,seo/tracking/raw/2026-09-15/A7-market/backlinks-profile-as_is-page2.json,https://www.myglobalhealth.online/ireland/en/blog,200,nofollow
2026-09-15,www.bib.az,https://www.bib.az/search/hashtag/Telehealth/posts,https://www.myglobalhealth.online/post/types-of-cancer-based-on-tissue-type-of-origin,https://www.myglobalhealth.online/post/types-of-cancer-based-on-tissue-type-of-origin,nofollow,live,2026-08-21,,DataForSEO via OpenSEO,domain_rank|spam_score,57|5,ireland,directory,update-legacy-target,seo/tracking/raw/2026-09-15/A7-market/backlinks-profile-as_is-page2.json,https://www.myglobalhealth.online/ireland/en/blog,200,nofollow
2026-09-15,www.bib.az,https://www.bib.az/search/hashtag/GlobalHealth,https://www.myglobalhealth.online/post/types-of-cancer-based-on-tissue-type-of-origin,https://www.myglobalhealth.online/post/types-of-cancer-based-on-tissue-type-of-origin,nofollow,live,2026-08-13,,DataForSEO via OpenSEO,domain_rank|spam_score,57|0,ireland,directory,update-legacy-target,seo/tracking/raw/2026-09-15/A7-market/backlinks-profile-as_is-page2.json,https://www.myglobalhealth.online/ireland/en/blog,200,nofollow
2026-09-15,www.bib.az,https://www.bib.az/search/hashtag/GlobalHealth,https://www.myglobalhealth.online/post/understanding-hypercholesterolemia-global-health,https://www.myglobalhealth.online/post/understanding-hypercholesterolemia-global-health,nofollow,live,2026-08-13,,DataForSEO via OpenSEO,domain_rank|spam_score,57|0,ireland,directory,update-legacy-target,seo/tracking/raw/2026-09-15/A7-market/backlinks-profile-as_is-page2.json,https://www.myglobalhealth.online/ireland/en/blog,200,nofollow
2026-09-15,www.bib.az,https://www.bib.az/search/hashtag/GlobalHealth,https://www.myglobalhealth.online/pt/portugal/traveler's-consultation,https://www.myglobalhealth.online/pt/portugal/traveler's-consultation,nofollow,live,2026-08-13,,DataForSEO via OpenSEO,domain_rank|spam_score,57|0,portugal,directory,keep,seo/tracking/raw/2026-09-15/A7-market/backlinks-profile-as_is-page2.json,https://www.myglobalhealth.online/portugal/pt/services/consulta-do-viajante,200,nofollow
2026-09-15,postr.yruz.one,https://postr.yruz.one/if-you-cant-make-it-to-work-how-primary-keyword-certified-sick-leave-ireland-works,https://www.myglobalhealth.online/ireland/medical-consultation,online doctor consultation Ireland,dofollow,live,2026-08-05,,DataForSEO via OpenSEO,domain_rank|spam_score,57|15,ireland,generic,none,seo/tracking/raw/2026-09-15/A7-market/backlinks-profile-as_is-page2.json,https://www.myglobalhealth.online/ireland/en/services/acute-medical-consultation,200,
2026-09-15,postr.yruz.one,https://postr.yruz.one/if-you-cant-make-it-to-work-how-primary-keyword-certified-sick-leave-ireland-works,https://www.myglobalhealth.online/ireland/sick-leave,certified sick leave ireland,dofollow,live,2026-08-05,,DataForSEO via OpenSEO,domain_rank|spam_score,57|15,ireland,generic,none,seo/tracking/raw/2026-09-15/A7-market/backlinks-profile-as_is-page2.json,https://www.myglobalhealth.online/ireland/en/services/sick-certificate-ireland,200,
2026-09-15,www.bib.az,https://www.bib.az/search/hashtag/Telehealth,https://www.myglobalhealth.online/post/types-of-cancer-based-on-tissue-type-of-origin,https://www.myglobalhealth.online/post/types-of-cancer-based-on-tissue-type-of-origin,nofollow,live,2026-08-02,,DataForSEO via OpenSEO,domain_rank|spam_score,57|5,ireland,directory,update-legacy-target,seo/tracking/raw/2026-09-15/A7-market/backlinks-profile-as_is-page2.json,https://www.myglobalhealth.online/ireland/en/blog,200,nofollow
2026-09-15,blogsgod.com,https://blogsgod.com/beneficios-da-consulta-online-para-necessidades-medicas-nao-urgentes,https://www.myglobalhealth.online/pt/portugal/medical-consultation,consulta online em Portugal,nofollow,live,2026-05-28,,DataForSEO via OpenSEO,domain_rank|spam_score,57|0,portugal,directory,keep,seo/tracking/raw/2026-09-15/A7-market/backlinks-profile-as_is-page2.json,https://www.myglobalhealth.online/portugal/pt/services/consulta-medica,200,nofollow|noopener
2026-09-15,www.bib.az,https://www.bib.az/search/hashtag/telehealth/posts,https://www.myglobalhealth.online/post/types-of-cancer-based-on-tissue-type-of-origin,https://www.myglobalhealth.online/post/types-of-cancer-based-on-tissue-type-of-origin,nofollow,live,2026-07-02,,DataForSEO via OpenSEO,domain_rank|spam_score,57|0,ireland,directory,update-legacy-target,seo/tracking/raw/2026-09-15/A7-market/backlinks-profile-as_is-page2.json,https://www.myglobalhealth.online/ireland/en/blog,200,nofollow
2026-09-15,www.bib.az,https://www.bib.az/search/hashtag/telehealth,https://www.myglobalhealth.online/post/types-of-cancer-based-on-tissue-type-of-origin,https://www.myglobalhealth.online/post/types-of-cancer-based-on-tissue-type-of-origin,nofollow,live,2026-06-21,,DataForSEO via OpenSEO,domain_rank|spam_score,57|5,ireland,directory,update-legacy-target,seo/tracking/raw/2026-09-15/A7-market/backlinks-profile-as_is-page2.json,https://www.myglobalhealth.online/ireland/en/blog,200,nofollow
2026-09-15,postr.yruz.one,https://postr.yruz.one/common-health-concerns-treated-through-online-medical-services,https://www.myglobalhealth.online/ireland/medical-consultation,online medical services in Ireland,dofollow,live,2026-05-21,,DataForSEO via OpenSEO,domain_rank|spam_score,56|15,ireland,generic,none,seo/tracking/raw/2026-09-15/A7-market/backlinks-profile-as_is-page2.json,https://www.myglobalhealth.online/ireland/en/services/acute-medical-consultation,200,
2026-09-15,postr.yruz.one,https://postr.yruz.one/common-health-concerns-treated-through-online-medical-services,https://www.myglobalhealth.online/ireland/sick-leave,online sick leave certificate ireland,dofollow,live,2026-05-21,,DataForSEO via OpenSEO,domain_rank|spam_score,56|15,ireland,generic,none,seo/tracking/raw/2026-09-15/A7-market/backlinks-profile-as_is-page2.json,https://www.myglobalhealth.online/ireland/en/services/sick-certificate-ireland,200,
2026-09-15,whatson.plus,https://whatson.plus/blogs/113129/The-Future-of-Digital-Healthcare-Medical-Doctors-Online-in-Ireland,https://www.myglobalhealth.online/ireland/sick-leave,online sick leave certificate Ireland,dofollow,live,2026-09-02,,DataForSEO via OpenSEO,domain_rank|spam_score,54|0,ireland,directory,keep,seo/tracking/raw/2026-09-15/A7-market/backlinks-profile-as_is-page2.json,https://www.myglobalhealth.online/ireland/en/services/sick-certificate-ireland,200,
2026-09-15,whatson.plus,https://whatson.plus/blogs/113129/The-Future-of-Digital-Healthcare-Medical-Doctors-Online-in-Ireland,https://www.myglobalhealth.online/ireland/medical-consultation,medical doctor online Ireland,dofollow,live,2026-09-02,,DataForSEO via OpenSEO,domain_rank|spam_score,54|0,ireland,directory,keep,seo/tracking/raw/2026-09-15/A7-market/backlinks-profile-as_is-page2.json,https://www.myglobalhealth.online/ireland/en/services/acute-medical-consultation,200,
2026-09-15,whatson.plus,https://whatson.plus/blogs/101274/Como-a-Consulta-M%C3%A9dica-Online-Facilita-o-Acompanhamento-da-Sua,https://www.myglobalhealth.online/pt/portugal/traveler's-consultation,consulta médica para viagem online,dofollow,live,2026-06-23,,DataForSEO via OpenSEO,domain_rank|spam_score,54|0,portugal,directory,keep,seo/tracking/raw/2026-09-15/A7-market/backlinks-profile-as_is-page2.json,https://www.myglobalhealth.online/portugal/pt/services/consulta-do-viajante,200,
2026-09-15,whatson.plus,https://whatson.plus/blogs/101274/Como-a-Consulta-M%C3%A9dica-Online-Facilita-o-Acompanhamento-da-Sua,https://www.myglobalhealth.online/pt/portugal/medical-consultation,consulta médica portugal,dofollow,live,2026-06-23,,DataForSEO via OpenSEO,domain_rank|spam_score,54|0,portugal,directory,keep,seo/tracking/raw/2026-09-15/A7-market/backlinks-profile-as_is-page2.json,https://www.myglobalhealth.online/portugal/pt/services/consulta-medica,200,
2026-09-15,dailystorypro.com,https://dailystorypro.com/when-you-need-a-prescription-without-the-wait-what-to-expect-online/,https://www.myglobalhealth.online/ireland/sick-leave,online sick leave certificate ireland,dofollow,live,2026-08-29,,DataForSEO via OpenSEO,domain_rank|spam_score,51|0,ireland,directory,keep,seo/tracking/raw/2026-09-15/A7-market/backlinks-profile-as_is-page2.json,https://www.myglobalhealth.online/ireland/en/services/sick-certificate-ireland,200,noopener
2026-09-15,dailystorypro.com,https://dailystorypro.com/when-you-need-a-prescription-without-the-wait-what-to-expect-online/,https://www.myglobalhealth.online/ireland/medical-consultation,online doctor consultation Ireland,dofollow,live,2026-08-29,,DataForSEO via OpenSEO,domain_rank|spam_score,51|0,ireland,directory,keep,seo/tracking/raw/2026-09-15/A7-market/backlinks-profile-as_is-page2.json,https://www.myglobalhealth.online/ireland/en/services/acute-medical-consultation,200,noopener
2026-09-15,dailystorypro.com,https://dailystorypro.com/como-a-consulta-medica-online-ajuda-a-poupar-tempo-e-reduzir-o-stress/,https://www.myglobalhealth.online/pt/portugal/medical-certificate-for-driving-license,"Atestado Médico Portugal,",dofollow,live,2026-07-07,,DataForSEO via OpenSEO,domain_rank|spam_score,51|0,portugal,directory,keep,seo/tracking/raw/2026-09-15/A7-market/backlinks-profile-as_is-page2.json,https://www.myglobalhealth.online/portugal/pt/services/certificado-medico-carta-de-conducao,200,noopener
2026-09-15,dailystorypro.com,https://dailystorypro.com/como-a-consulta-medica-online-ajuda-a-poupar-tempo-e-reduzir-o-stress/,https://www.myglobalhealth.online/pt/portugal/medical-consultation,consulta online em Portugal,dofollow,live,2026-07-07,,DataForSEO via OpenSEO,domain_rank|spam_score,51|0,portugal,directory,keep,seo/tracking/raw/2026-09-15/A7-market/backlinks-profile-as_is-page2.json,https://www.myglobalhealth.online/portugal/pt/services/consulta-medica,200,noopener
2026-09-15,dailystorypro.com,https://dailystorypro.com/what-to-expect-from-an-online-medical-doctor-appointment/,https://www.myglobalhealth.online/ireland/medical-consultation,medical doctor online ireland,dofollow,live,2026-07-07,,DataForSEO via OpenSEO,domain_rank|spam_score,51|0,ireland,directory,keep,seo/tracking/raw/2026-09-15/A7-market/backlinks-profile-as_is-page2.json,https://www.myglobalhealth.online/ireland/en/services/acute-medical-consultation,200,noopener
2026-09-15,dailystorypro.com,https://dailystorypro.com/what-to-expect-from-an-online-medical-doctor-appointment/,https://www.myglobalhealth.online/ireland/sick-leave,certified sick leave ireland,dofollow,live,2026-07-07,,DataForSEO via OpenSEO,domain_rank|spam_score,51|0,ireland,directory,keep,seo/tracking/raw/2026-09-15/A7-market/backlinks-profile-as_is-page2.json,https://www.myglobalhealth.online/ireland/en/services/sick-certificate-ireland,200,noopener
2026-09-15,drjack.world,https://drjack.world/report/98354,https://myglobalhealth.online/,myglobalhealth.online,nofollow,live,2026-01-17,,DataForSEO via OpenSEO,domain_rank|spam_score,50|50,,spam-suspect,disavow-review,seo/tracking/raw/2026-09-15/A7-market/backlinks-profile-as_is-page2.json,https://www.myglobalhealth.online/,200,nofollow
2026-09-15,bionicgym.com,https://bionicgym.com/blogs/updates/weight-loss-calculator-free,https://www.myglobalhealth.online/ireland/en/tools/calorie-calculator,Safefood guidance referenced by an Irish calorie calculator,dofollow,live,2026-08-30,,DataForSEO via OpenSEO,domain_rank|spam_score,49|0,ireland,medical,keep,seo/tracking/raw/2026-09-15/A7-market/backlinks-profile-as_is-page2.json,https://www.myglobalhealth.online/ireland/en/tools/calorie-calculator,200,
2026-09-15,bye.fyi,https://bye.fyi/report/3364707,https://myglobalhealth.online/,myglobalhealth.online,nofollow,live,2025-03-06,,DataForSEO via OpenSEO,domain_rank|spam_score,49|50,,spam-suspect,disavow-review,seo/tracking/raw/2026-09-15/A7-market/backlinks-profile-as_is-page2.json,https://www.myglobalhealth.online/,200,nofollow
2026-09-15,facerelation.com,https://facerelation.com/acd8878b6,https://www.myglobalhealth.online/post/hypotyroidism-causes-signs-management-and-preven,https://www.myglobalhealth.onl....ine/post/hypotyroidi,nofollow,live,2026-07-11,,DataForSEO via OpenSEO,domain_rank|spam_score,48|0,ireland,directory,update-legacy-target,seo/tracking/raw/2026-09-15/A7-market/backlinks-profile-as_is-page2.json,https://www.myglobalhealth.online/ireland/en/blog,200,nofollow
2026-09-15,facerelation.com,https://facerelation.com/acd8878b6,https://www.myglobalhealth.online/pt/portugal/traveler/'s-consultation,https://www.myglobalhealth.onl....ine/pt/portugal/trav,nofollow,live,2026-07-11,,DataForSEO via OpenSEO,domain_rank|spam_score,48|0,portugal,directory,keep,seo/tracking/raw/2026-09-15/A7-market/backlinks-profile-as_is-page2.json,https://www.myglobalhealth.online/portugal/pt/services/consulta-do-viajante,200,nofollow
2026-09-15,facerelation.com,https://facerelation.com/acd8878b6,https://www.myglobalhealth.online/pt/portugal/traveler's-consultation,"www.myglobalhealth.online					 				 						 				Consulta Viajante Online Portugal | Global Health 				Consultas de saúde pré-viagem em Portugal, incluindo vacinas, profilaxia e aconselhamento de saúde específico para o destino. Viaje com segurança e proteção em todas as suas viagens internacionais.",nofollow,live,2026-07-11,,DataForSEO via OpenSEO,domain_rank|spam_score,48|0,portugal,directory,keep,seo/tracking/raw/2026-09-15/A7-market/backlinks-profile-as_is-page2.json,https://www.myglobalhealth.online/portugal/pt/services/consulta-do-viajante,200,ugc|nofollow
2026-09-15,bye.fyi,https://bye.fyi/report/98353,https://myglobalhealth.online/,myglobalhealth.online,nofollow,live,2026-08-06,,DataForSEO via OpenSEO,domain_rank|spam_score,48|50,,spam-suspect,disavow-review,seo/tracking/raw/2026-09-15/A7-market/backlinks-profile-as_is-page2.json,https://www.myglobalhealth.online/,200,nofollow
2026-09-15,tokemonkey.com,https://tokemonkey.com/read-blog/10527_what-employees-should-know-about-certified-sick-leave-documentation.html,https://www.myglobalhealth.online/ireland/weight-loss-consultation,physician supervised weight loss,nofollow,live,2026-05-28,,DataForSEO via OpenSEO,domain_rank|spam_score,48|0,ireland,directory,keep,seo/tracking/raw/2026-09-15/A7-market/backlinks-profile-as_is-page2.json,https://www.myglobalhealth.online/ireland/en/services/weight-management-consultation,200,nofollow
2026-09-15,tokemonkey.com,https://tokemonkey.com/read-blog/10527_what-employees-should-know-about-certified-sick-leave-documentation.html,https://www.myglobalhealth.online/ireland/sick-leave,certified sick leave ireland,nofollow,live,2026-05-28,,DataForSEO via OpenSEO,domain_rank|spam_score,48|0,ireland,directory,keep,seo/tracking/raw/2026-09-15/A7-market/backlinks-profile-as_is-page2.json,https://www.myglobalhealth.online/ireland/en/services/sick-certificate-ireland,200,nofollow
2026-09-15,articlewaves.com,https://articlewaves.com/beneficios-do-atestado-medico-para-trabalho-online-na-rotina-moderna/,https://www.myglobalhealth.online/pt/portugal/medical-certificate-for-driving-license,Atestado Médico para Trabalho Online,dofollow,live,2026-05-26,,DataForSEO via OpenSEO,domain_rank|spam_score,47|0,portugal,directory,keep,seo/tracking/raw/2026-09-15/A7-market/backlinks-profile-as_is-page2.json,https://www.myglobalhealth.online/portugal/pt/services/certificado-medico-carta-de-conducao,200,noopener
2026-09-15,articlewaves.com,https://articlewaves.com/beneficios-do-atestado-medico-para-trabalho-online-na-rotina-moderna/,https://www.myglobalhealth.online/pt/portugal/traveler's-consultation,consulta médica para viagem online,dofollow,live,2026-05-26,,DataForSEO via OpenSEO,domain_rank|spam_score,47|0,portugal,directory,keep,seo/tracking/raw/2026-09-15/A7-market/backlinks-profile-as_is-page2.json,https://www.myglobalhealth.online/portugal/pt/services/consulta-do-viajante,200,noopener
2026-09-15,craneflower.net,https://craneflower.net/search/hashtag/ireland,https://www.myglobalhealth.online/post/getting-a-gp-sick-note-online-simplified,https://www.myglobalhealth.online/post/getting-a-gp-sick-note-online-simplified,nofollow,live,2026-08-25,,DataForSEO via OpenSEO,domain_rank|spam_score,46|0,ireland,directory,update-legacy-target,seo/tracking/raw/2026-09-15/A7-market/backlinks-profile-as_is-page2.json,https://www.myglobalhealth.online/ireland/en/blog,200,nofollow
2026-09-15,craneflower.net,https://craneflower.net/posts/169961,https://www.myglobalhealth.online/post/getting-a-gp-sick-note-online-simplified,https://www.myglobalhealth.online/post/getting-a-gp-sick-note-online-simplified,nofollow,live,2026-06-26,,DataForSEO via OpenSEO,domain_rank|spam_score,46|0,ireland,directory,update-legacy-target,seo/tracking/raw/2026-09-15/A7-market/backlinks-profile-as_is-page2.json,https://www.myglobalhealth.online/ireland/en/blog,200,nofollow
2026-09-15,craneflower.net,https://craneflower.net/search/Global_Health_/posts,https://www.myglobalhealth.online/post/getting-a-gp-sick-note-online-simplified,https://www.myglobalhealth.online/post/getting-a-gp-sick-note-online-simplified,nofollow,live,2026-08-22,,DataForSEO via OpenSEO,domain_rank|spam_score,46|0,ireland,directory,update-legacy-target,seo/tracking/raw/2026-09-15/A7-market/backlinks-profile-as_is-page2.json,https://www.myglobalhealth.online/ireland/en/blog,200,nofollow
2026-09-15,craneflower.net,https://craneflower.net/search/Global_Health_/posts,https://www.myglobalhealth.online/pt/portugal/traveler's-consultation,https://www.myglobalhealth.online/pt/portugal/traveler's-consultation,nofollow,live,2026-08-22,,DataForSEO via OpenSEO,domain_rank|spam_score,46|0,portugal,directory,keep,seo/tracking/raw/2026-09-15/A7-market/backlinks-profile-as_is-page2.json,https://www.myglobalhealth.online/portugal/pt/services/consulta-do-viajante,200,nofollow
2026-09-15,craneflower.net,https://craneflower.net/search/hashtag/Global_Health_/posts,https://www.myglobalhealth.online/post/getting-a-gp-sick-note-online-simplified,https://www.myglobalhealth.online/post/getting-a-gp-sick-note-online-simplified,nofollow,live,2026-08-22,,DataForSEO via OpenSEO,domain_rank|spam_score,46|0,ireland,directory,update-legacy-target,seo/tracking/raw/2026-09-15/A7-market/backlinks-profile-as_is-page2.json,https://www.myglobalhealth.online/ireland/en/blog,200,nofollow
2026-09-15,craneflower.net,https://craneflower.net/search/hashtag/Global_Health_/posts,https://www.myglobalhealth.online/pt/portugal/traveler's-consultation,https://www.myglobalhealth.online/pt/portugal/traveler's-consultation,nofollow,live,2026-08-22,,DataForSEO via OpenSEO,domain_rank|spam_score,46|0,portugal,directory,keep,seo/tracking/raw/2026-09-15/A7-market/backlinks-profile-as_is-page2.json,https://www.myglobalhealth.online/portugal/pt/services/consulta-do-viajante,200,nofollow
2026-09-15,craneflower.net,https://craneflower.net/search/hashtag/Global_Health_&_Wellness_Market,https://www.myglobalhealth.online/post/getting-a-gp-sick-note-online-simplified,https://www.myglobalhealth.online/post/getting-a-gp-sick-note-online-simplified,nofollow,live,2026-08-22,,DataForSEO via OpenSEO,domain_rank|spam_score,46|0,ireland,directory,update-legacy-target,seo/tracking/raw/2026-09-15/A7-market/backlinks-profile-as_is-page2.json,https://www.myglobalhealth.online/ireland/en/blog,200,nofollow
2026-09-15,craneflower.net,https://craneflower.net/search/hashtag/Global_Health_&_Wellness_Market,https://www.myglobalhealth.online/pt/portugal/traveler's-consultation,https://www.myglobalhealth.online/pt/portugal/traveler's-consultation,nofollow,live,2026-08-22,,DataForSEO via OpenSEO,domain_rank|spam_score,46|0,portugal,directory,keep,seo/tracking/raw/2026-09-15/A7-market/backlinks-profile-as_is-page2.json,https://www.myglobalhealth.online/portugal/pt/services/consulta-do-viajante,200,nofollow
2026-09-15,craneflower.net,https://craneflower.net/search/hashtag/global_health,https://www.myglobalhealth.online/post/getting-a-gp-sick-note-online-simplified,https://www.myglobalhealth.online/post/getting-a-gp-sick-note-online-simplified,nofollow,live,2026-08-22,,DataForSEO via OpenSEO,domain_rank|spam_score,46|0,ireland,directory,update-legacy-target,seo/tracking/raw/2026-09-15/A7-market/backlinks-profile-as_is-page2.json,https://www.myglobalhealth.online/ireland/en/blog,200,nofollow
2026-09-15,craneflower.net,https://craneflower.net/search/hashtag/global_health,https://www.myglobalhealth.online/pt/portugal/traveler's-consultation,https://www.myglobalhealth.online/pt/portugal/traveler's-consultation,nofollow,live,2026-08-22,,DataForSEO via OpenSEO,domain_rank|spam_score,46|0,portugal,directory,keep,seo/tracking/raw/2026-09-15/A7-market/backlinks-profile-as_is-page2.json,https://www.myglobalhealth.online/portugal/pt/services/consulta-do-viajante,200,nofollow
2026-09-15,craneflower.net,https://craneflower.net/search/hashtag/Experi%C3%AAncia,https://www.myglobalhealth.online/pt/portugal/traveler's-consultation,https://www.myglobalhealth.online/pt/portugal/traveler's-consultation,nofollow,live,2026-06-15,,DataForSEO via OpenSEO,domain_rank|spam_score,46|0,portugal,directory,keep,seo/tracking/raw/2026-09-15/A7-market/backlinks-profile-as_is-page2.json,https://www.myglobalhealth.online/portugal/pt/services/consulta-do-viajante,200,nofollow
2026-09-15,craneflower.net,https://craneflower.net/search/hashtag/Seguran%C3%A7a,https://www.myglobalhealth.online/pt/portugal/traveler's-consultation,https://www.myglobalhealth.online/pt/portugal/traveler's-consultation,nofollow,live,2026-06-15,,DataForSEO via OpenSEO,domain_rank|spam_score,46|0,portugal,directory,keep,seo/tracking/raw/2026-09-15/A7-market/backlinks-profile-as_is-page2.json,https://www.myglobalhealth.online/portugal/pt/services/consulta-do-viajante,200,nofollow
2026-09-15,www.boycat.co,https://www.boycat.co/posts/185938,https://www.myglobalhealth.online/post/hand-foot-and-mouth-disease-signs-and-treatment,https://www.myglobalhealth.online/post/hand-foot-and-mouth-disease-signs-and-treatment,nofollow,live,2026-08-04,,DataForSEO via OpenSEO,domain_rank|spam_score,46|15,ireland,directory,keep,seo/tracking/raw/2026-09-15/A7-market/backlinks-profile-as_is-page2.json,https://www.myglobalhealth.online/ireland/en/blog/hand-foot-and-mouth-disease-signs-and-treatment,200,nofollow
2026-09-15,www.boycat.co,https://www.boycat.co/search/hashtag/globalhealth,https://www.myglobalhealth.online/post/mounjaro-vs-ozempic-differences-benefits-and-when-to-use,https://www.myglobalhealth.online/post/mounjaro-vs-ozempic-differences-benefits-and-when-to-use,nofollow,live,2026-08-01,,DataForSEO via OpenSEO,domain_rank|spam_score,46|15,ireland,directory,update-legacy-target,seo/tracking/raw/2026-09-15/A7-market/backlinks-profile-as_is-page2.json,https://www.myglobalhealth.online/ireland/en/blog,200,nofollow
2026-09-15,www.boycat.co,https://www.boycat.co/search/hashtag/globalhealth,https://www.myglobalhealth.online/post/hand-foot-and-mouth-disease-signs-and-treatment,https://www.myglobalhealth.online/post/hand-foot-and-mouth-disease-signs-and-treatment,nofollow,live,2026-08-01,,DataForSEO via OpenSEO,domain_rank|spam_score,46|15,ireland,directory,keep,seo/tracking/raw/2026-09-15/A7-market/backlinks-profile-as_is-page2.json,https://www.myglobalhealth.online/ireland/en/blog/hand-foot-and-mouth-disease-signs-and-treatment,200,nofollow
2026-09-15,www.boycat.co,https://www.boycat.co/search/hashtag/globalhealth,https://www.myglobalhealth.online/pt/portugal/traveler's-consultation,https://www.myglobalhealth.online/pt/portugal/traveler's-consultation,nofollow,live,2026-08-01,,DataForSEO via OpenSEO,domain_rank|spam_score,46|15,portugal,directory,keep,seo/tracking/raw/2026-09-15/A7-market/backlinks-profile-as_is-page2.json,https://www.myglobalhealth.online/portugal/pt/services/consulta-do-viajante,200,nofollow
2026-09-15,www.boycat.co,https://www.boycat.co/myglobalhealthonline,https://www.myglobalhealth.online/post/mounjaro-vs-ozempic-differences-benefits-and-when-to-use,https://www.myglobalhealth.online/post/mounjaro-vs-ozempic-differences-benefits-and-when-to-use,nofollow,live,2026-06-15,,DataForSEO via OpenSEO,domain_rank|spam_score,46|15,ireland,directory,update-legacy-target,seo/tracking/raw/2026-09-15/A7-market/backlinks-profile-as_is-page2.json,https://www.myglobalhealth.online/ireland/en/blog,200,nofollow
2026-09-15,www.boycat.co,https://www.boycat.co/myglobalhealthonline,https://www.myglobalhealth.online/post/hand-foot-and-mouth-disease-signs-and-treatment,https://www.myglobalhealth.online/post/hand-foot-and-mouth-disease-signs-and-treatment,nofollow,live,2026-07-28,,DataForSEO via OpenSEO,domain_rank|spam_score,46|15,ireland,directory,keep,seo/tracking/raw/2026-09-15/A7-market/backlinks-profile-as_is-page2.json,https://www.myglobalhealth.online/ireland/en/blog/hand-foot-and-mouth-disease-signs-and-treatment,200,nofollow
2026-09-15,www.boycat.co,https://www.boycat.co/myglobalhealthonline,https://www.myglobalhealth.online/pt/portugal/traveler's-consultation,https://www.myglobalhealth.online/pt/portugal/traveler's-consultation,nofollow,live,2026-06-15,,DataForSEO via OpenSEO,domain_rank|spam_score,46|15,portugal,directory,keep,seo/tracking/raw/2026-09-15/A7-market/backlinks-profile-as_is-page2.json,https://www.myglobalhealth.online/portugal/pt/services/consulta-do-viajante,200,nofollow
2026-09-15,www.boycat.co,https://www.boycat.co/posts/133184,https://www.myglobalhealth.online/post/mounjaro-vs-ozempic-differences-benefits-and-when-to-use,https://www.myglobalhealth.online/post/mounjaro-vs-ozempic-differences-benefits-and-when-to-use,nofollow,live,2026-06-15,,DataForSEO via OpenSEO,domain_rank|spam_score,46|15,ireland,directory,update-legacy-target,seo/tracking/raw/2026-09-15/A7-market/backlinks-profile-as_is-page2.json,https://www.myglobalhealth.online/ireland/en/blog,200,nofollow
2026-09-15,www.boycat.co,https://www.boycat.co/search/hashtag/GlobalHealth/posts,https://www.myglobalhealth.online/post/mounjaro-vs-ozempic-differences-benefits-and-when-to-use,https://www.myglobalhealth.online/post/mounjaro-vs-ozempic-differences-benefits-and-when-to-use,nofollow,live,2026-06-15,,DataForSEO via OpenSEO,domain_rank|spam_score,46|15,ireland,directory,update-legacy-target,seo/tracking/raw/2026-09-15/A7-market/backlinks-profile-as_is-page2.json,https://www.myglobalhealth.online/ireland/en/blog,200,nofollow
2026-09-15,www.boycat.co,https://www.boycat.co/search/hashtag/GlobalHealth/posts,https://www.myglobalhealth.online/post/hand-foot-and-mouth-disease-signs-and-treatment,https://www.myglobalhealth.online/post/hand-foot-and-mouth-disease-signs-and-treatment,nofollow,live,2026-07-28,,DataForSEO via OpenSEO,domain_rank|spam_score,46|15,ireland,directory,keep,seo/tracking/raw/2026-09-15/A7-market/backlinks-profile-as_is-page2.json,https://www.myglobalhealth.online/ireland/en/blog/hand-foot-and-mouth-disease-signs-and-treatment,200,nofollow
2026-09-15,www.boycat.co,https://www.boycat.co/search/hashtag/GlobalHealth/posts,https://www.myglobalhealth.online/pt/portugal/traveler's-consultation,https://www.myglobalhealth.online/pt/portugal/traveler's-consultation,nofollow,live,2026-06-15,,DataForSEO via OpenSEO,domain_rank|spam_score,46|15,portugal,directory,keep,seo/tracking/raw/2026-09-15/A7-market/backlinks-profile-as_is-page2.json,https://www.myglobalhealth.online/portugal/pt/services/consulta-do-viajante,200,nofollow
2026-09-15,www.boycat.co,https://www.boycat.co/search/hashtag/GlobalHealth,https://www.myglobalhealth.online/post/mounjaro-vs-ozempic-differences-benefits-and-when-to-use,https://www.myglobalhealth.online/post/mounjaro-vs-ozempic-differences-benefits-and-when-to-use,nofollow,live,2026-07-28,,DataForSEO via OpenSEO,domain_rank|spam_score,46|15,ireland,directory,update-legacy-target,seo/tracking/raw/2026-09-15/A7-market/backlinks-profile-as_is-page2.json,https://www.myglobalhealth.online/ireland/en/blog,200,nofollow
2026-09-15,www.boycat.co,https://www.boycat.co/search/hashtag/GlobalHealth,https://www.myglobalhealth.online/post/hand-foot-and-mouth-disease-signs-and-treatment,https://www.myglobalhealth.online/post/hand-foot-and-mouth-disease-signs-and-treatment,nofollow,live,2026-07-28,,DataForSEO via OpenSEO,domain_rank|spam_score,46|15,ireland,directory,keep,seo/tracking/raw/2026-09-15/A7-market/backlinks-profile-as_is-page2.json,https://www.myglobalhealth.online/ireland/en/blog/hand-foot-and-mouth-disease-signs-and-treatment,200,nofollow
2026-09-15,www.boycat.co,https://www.boycat.co/search/hashtag/GlobalHealth,https://www.myglobalhealth.online/pt/portugal/traveler's-consultation,https://www.myglobalhealth.online/pt/portugal/traveler's-consultation,nofollow,live,2026-07-28,,DataForSEO via OpenSEO,domain_rank|spam_score,46|15,portugal,directory,keep,seo/tracking/raw/2026-09-15/A7-market/backlinks-profile-as_is-page2.json,https://www.myglobalhealth.online/portugal/pt/services/consulta-do-viajante,200,nofollow
2026-09-15,lalinguanostra.com,https://lalinguanostra.com/search/ADAS/posts,https://www.myglobalhealth.online/pt/portugal/traveler's-consultation,https://www.myglobalhealth.online/pt/portugal/traveler's-consultation,nofollow,live,2026-06-07,,DataForSEO via OpenSEO,domain_rank|spam_score,46|0,portugal,directory,keep,seo/tracking/raw/2026-09-15/A7-market/backlinks-profile-as_is-page2.json,https://www.myglobalhealth.online/portugal/pt/services/consulta-do-viajante,200,nofollow
2026-09-15,lalinguanostra.com,https://lalinguanostra.com/search/hashtag/ADAS,https://www.myglobalhealth.online/pt/portugal/traveler's-consultation,https://www.myglobalhealth.online/pt/portugal/traveler's-consultation,nofollow,live,2026-05-27,,DataForSEO via OpenSEO,domain_rank|spam_score,46|0,portugal,directory,keep,seo/tracking/raw/2026-09-15/A7-market/backlinks-profile-as_is-page2.json,https://www.myglobalhealth.online/portugal/pt/services/consulta-do-viajante,200,nofollow
2026-09-15,www.boycat.co,https://www.boycat.co/search/GlobalHealth/posts,https://www.myglobalhealth.online/pt/portugal/traveler's-consultation,https://www.myglobalhealth.online/pt/portugal/traveler's-consultation,nofollow,live,2026-07-15,,DataForSEO via OpenSEO,domain_rank|spam_score,46|15,portugal,directory,keep,seo/tracking/raw/2026-09-15/A7-market/backlinks-profile-as_is-page2.json,https://www.myglobalhealth.online/portugal/pt/services/consulta-do-viajante,200,nofollow
2026-09-15,www.boycat.co,https://www.boycat.co/search/GlobalHealth/posts,https://www.myglobalhealth.online/post/mounjaro-vs-ozempic-differences-benefits-and-when-to-use,https://www.myglobalhealth.online/post/mounjaro-vs-ozempic-differences-benefits-and-when-to-use,nofollow,live,2026-07-15,,DataForSEO via OpenSEO,domain_rank|spam_score,46|15,ireland,directory,update-legacy-target,seo/tracking/raw/2026-09-15/A7-market/backlinks-profile-as_is-page2.json,https://www.myglobalhealth.online/ireland/en/blog,200,nofollow
2026-09-15,www.boycat.co,https://www.boycat.co/search/GlobalHealth/posts,https://www.myglobalhealth.online/post/hand-foot-and-mouth-disease-signs-and-treatment,https://www.myglobalhealth.online/post/hand-foot-and-mouth-disease-signs-and-treatment,nofollow,live,2026-07-15,,DataForSEO via OpenSEO,domain_rank|spam_score,46|15,ireland,directory,keep,seo/tracking/raw/2026-09-15/A7-market/backlinks-profile-as_is-page2.json,https://www.myglobalhealth.online/ireland/en/blog/hand-foot-and-mouth-disease-signs-and-treatment,200,nofollow
2026-09-15,www.boycat.co,https://www.boycat.co/search/globalhealth/posts,https://www.myglobalhealth.online/pt/portugal/traveler's-consultation,https://www.myglobalhealth.online/pt/portugal/traveler's-consultation,nofollow,live,2026-07-14,,DataForSEO via OpenSEO,domain_rank|spam_score,46|15,portugal,directory,keep,seo/tracking/raw/2026-09-15/A7-market/backlinks-profile-as_is-page2.json,https://www.myglobalhealth.online/portugal/pt/services/consulta-do-viajante,200,nofollow
2026-09-15,www.boycat.co,https://www.boycat.co/search/globalhealth/posts,https://www.myglobalhealth.online/post/mounjaro-vs-ozempic-differences-benefits-and-when-to-use,https://www.myglobalhealth.online/post/mounjaro-vs-ozempic-differences-benefits-and-when-to-use,nofollow,live,2026-07-14,,DataForSEO via OpenSEO,domain_rank|spam_score,46|15,ireland,directory,update-legacy-target,seo/tracking/raw/2026-09-15/A7-market/backlinks-profile-as_is-page2.json,https://www.myglobalhealth.online/ireland/en/blog,200,nofollow
2026-09-15,www.boycat.co,https://www.boycat.co/search/globalhealth/posts,https://www.myglobalhealth.online/post/hand-foot-and-mouth-disease-signs-and-treatment,https://www.myglobalhealth.online/post/hand-foot-and-mouth-disease-signs-and-treatment,nofollow,live,2026-07-14,,DataForSEO via OpenSEO,domain_rank|spam_score,46|15,ireland,directory,keep,seo/tracking/raw/2026-09-15/A7-market/backlinks-profile-as_is-page2.json,https://www.myglobalhealth.online/ireland/en/blog/hand-foot-and-mouth-disease-signs-and-treatment,200,nofollow
2026-09-15,peruactivo.com,https://peruactivo.com/myglobalhealth,https://www.myglobalhealth.online/ireland/weight-loss-consultation,"Medical Weight Management Consultation Ireland | Doctor-Led 				Medical weight management, doctor-led. Our Irish-registered doctors provide evidence-based medical weight management — including metabolic assessment, GLP-1 eligibility review, and personalised care plans.",nofollow,live,2026-08-10,,DataForSEO via OpenSEO,domain_rank|spam_score,45|25,ireland,generic,none,seo/tracking/raw/2026-09-15/A7-market/backlinks-profile-as_is-page2.json,https://www.myglobalhealth.online/ireland/en/services/weight-management-consultation,200,nofollow
2026-09-15,anchorurl.cloud,https://anchorurl.cloud/share/98354,https://myglobalhealth.online/,myglobalhealth.online,nofollow,live,2026-07-22,,DataForSEO via OpenSEO,domain_rank|spam_score,45|50,,spam-suspect,disavow-review,seo/tracking/raw/2026-09-15/A7-market/backlinks-profile-as_is-page2.json,https://www.myglobalhealth.online/,200,nofollow
2026-09-15,lalinguanostra.com,https://lalinguanostra.com/posts/160144,https://www.myglobalhealth.online/post/coronary-artery-disease-signs-and-symptoms,https://www.myglobalhealth.online/post/coronary-artery-disease-signs-and-symptoms,nofollow,live,2026-06-08,,DataForSEO via OpenSEO,domain_rank|spam_score,45|0,ireland,directory,update-legacy-target,seo/tracking/raw/2026-09-15/A7-market/backlinks-profile-as_is-page2.json,https://www.myglobalhealth.online/ireland/en/blog,200,nofollow
2026-09-15,lalinguanostra.com,https://lalinguanostra.com/search/preventive_care/posts,https://www.myglobalhealth.online/post/coronary-artery-disease-signs-and-symptoms,https://www.myglobalhealth.online/post/coronary-artery-disease-signs-and-symptoms,nofollow,live,2026-07-18,,DataForSEO via OpenSEO,domain_rank|spam_score,45|0,ireland,directory,update-legacy-target,seo/tracking/raw/2026-09-15/A7-market/backlinks-profile-as_is-page2.json,https://www.myglobalhealth.online/ireland/en/blog,200,nofollow
2026-09-15,lalinguanostra.com,https://lalinguanostra.com/search/hashtag/preventive_care?lang=nl_nl,https://www.myglobalhealth.online/post/coronary-artery-disease-signs-and-symptoms,https://www.myglobalhealth.online/post/coronary-artery-disease-signs-and-symptoms,nofollow,live,2026-07-18,,DataForSEO via OpenSEO,domain_rank|spam_score,45|0,ireland,directory,update-legacy-target,seo/tracking/raw/2026-09-15/A7-market/backlinks-profile-as_is-page2.json,https://www.myglobalhealth.online/ireland/en/blog,200,nofollow
2026-09-15,lalinguanostra.com,https://lalinguanostra.com/search/hashtag/preventive_care?lang=ru_ru,https://www.myglobalhealth.online/post/coronary-artery-disease-signs-and-symptoms,https://www.myglobalhealth.online/post/coronary-artery-disease-signs-and-symptoms,nofollow,live,2026-07-18,,DataForSEO via OpenSEO,domain_rank|spam_score,45|0,ireland,directory,update-legacy-target,seo/tracking/raw/2026-09-15/A7-market/backlinks-profile-as_is-page2.json,https://www.myglobalhealth.online/ireland/en/blog,200,nofollow
2026-09-15,lalinguanostra.com,https://lalinguanostra.com/search/hashtag/preventive_care?lang=ro_ro,https://www.myglobalhealth.online/post/coronary-artery-disease-signs-and-symptoms,https://www.myglobalhealth.online/post/coronary-artery-disease-signs-and-symptoms,nofollow,live,2026-07-18,,DataForSEO via OpenSEO,domain_rank|spam_score,45|0,ireland,directory,update-legacy-target,seo/tracking/raw/2026-09-15/A7-market/backlinks-profile-as_is-page2.json,https://www.myglobalhealth.online/ireland/en/blog,200,nofollow
2026-09-15,lalinguanostra.com,https://lalinguanostra.com/search/hashtag/preventive_care?lang=de_de,https://www.myglobalhealth.online/post/coronary-artery-disease-signs-and-symptoms,https://www.myglobalhealth.online/post/coronary-artery-disease-signs-and-symptoms,nofollow,live,2026-07-18,,DataForSEO via OpenSEO,domain_rank|spam_score,45|0,ireland,directory,update-legacy-target,seo/tracking/raw/2026-09-15/A7-market/backlinks-profile-as_is-page2.json,https://www.myglobalhealth.online/ireland/en/blog,200,nofollow
2026-09-15,lalinguanostra.com,https://lalinguanostra.com/search/hashtag/preventive_care?lang=ar_sa,https://www.myglobalhealth.online/post/coronary-artery-disease-signs-and-symptoms,https://www.myglobalhealth.online/post/coronary-artery-disease-signs-and-symptoms,nofollow,live,2026-07-18,,DataForSEO via OpenSEO,domain_rank|spam_score,45|0,ireland,directory,update-legacy-target,seo/tracking/raw/2026-09-15/A7-market/backlinks-profile-as_is-page2.json,https://www.myglobalhealth.online/ireland/en/blog,200,nofollow
2026-09-15,lalinguanostra.com,https://lalinguanostra.com/search/hashtag/preventive_care?lang=pt_pt,https://www.myglobalhealth.online/post/coronary-artery-disease-signs-and-symptoms,https://www.myglobalhealth.online/post/coronary-artery-disease-signs-and-symptoms,nofollow,live,2026-07-18,,DataForSEO via OpenSEO,domain_rank|spam_score,45|0,ireland,directory,update-legacy-target,seo/tracking/raw/2026-09-15/A7-market/backlinks-profile-as_is-page2.json,https://www.myglobalhealth.online/ireland/en/blog,200,nofollow
2026-09-15,lalinguanostra.com,https://lalinguanostra.com/search/hashtag/preventive_care?lang=it_it,https://www.myglobalhealth.online/post/coronary-artery-disease-signs-and-symptoms,https://www.myglobalhealth.online/post/coronary-artery-disease-signs-and-symptoms,nofollow,live,2026-07-18,,DataForSEO via OpenSEO,domain_rank|spam_score,45|0,ireland,directory,update-legacy-target,seo/tracking/raw/2026-09-15/A7-market/backlinks-profile-as_is-page2.json,https://www.myglobalhealth.online/ireland/en/blog,200,nofollow
2026-09-15,lalinguanostra.com,https://lalinguanostra.com/search/hashtag/preventive_care?lang=fr_fr,https://www.myglobalhealth.online/post/coronary-artery-disease-signs-and-symptoms,https://www.myglobalhealth.online/post/coronary-artery-disease-signs-and-symptoms,nofollow,live,2026-07-18,,DataForSEO via OpenSEO,domain_rank|spam_score,45|0,ireland,directory,update-legacy-target,seo/tracking/raw/2026-09-15/A7-market/backlinks-profile-as_is-page2.json,https://www.myglobalhealth.online/ireland/en/blog,200,nofollow
2026-09-15,lalinguanostra.com,https://lalinguanostra.com/search/hashtag/preventive_care?lang=tr_tr,https://www.myglobalhealth.online/post/coronary-artery-disease-signs-and-symptoms,https://www.myglobalhealth.online/post/coronary-artery-disease-signs-and-symptoms,nofollow,live,2026-07-18,,DataForSEO via OpenSEO,domain_rank|spam_score,45|0,ireland,directory,update-legacy-target,seo/tracking/raw/2026-09-15/A7-market/backlinks-profile-as_is-page2.json,https://www.myglobalhealth.online/ireland/en/blog,200,nofollow
2026-09-15,lalinguanostra.com,https://lalinguanostra.com/search/hashtag/preventive_care?lang=en_us,https://www.myglobalhealth.online/post/coronary-artery-disease-signs-and-symptoms,https://www.myglobalhealth.online/post/coronary-artery-disease-signs-and-symptoms,nofollow,live,2026-07-18,,DataForSEO via OpenSEO,domain_rank|spam_score,45|0,ireland,directory,update-legacy-target,seo/tracking/raw/2026-09-15/A7-market/backlinks-profile-as_is-page2.json,https://www.myglobalhealth.online/ireland/en/blog,200,nofollow
2026-09-15,lalinguanostra.com,https://lalinguanostra.com/search/hashtag/preventive_care?lang=pt_br,https://www.myglobalhealth.online/post/coronary-artery-disease-signs-and-symptoms,https://www.myglobalhealth.online/post/coronary-artery-disease-signs-and-symptoms,nofollow,live,2026-07-18,,DataForSEO via OpenSEO,domain_rank|spam_score,45|0,ireland,directory,update-legacy-target,seo/tracking/raw/2026-09-15/A7-market/backlinks-profile-as_is-page2.json,https://www.myglobalhealth.online/ireland/en/blog,200,nofollow
2026-09-15,lalinguanostra.com,https://lalinguanostra.com/search/hashtag/preventive_care?lang=el_gr,https://www.myglobalhealth.online/post/coronary-artery-disease-signs-and-symptoms,https://www.myglobalhealth.online/post/coronary-artery-disease-signs-and-symptoms,nofollow,live,2026-07-18,,DataForSEO via OpenSEO,domain_rank|spam_score,45|0,ireland,directory,update-legacy-target,seo/tracking/raw/2026-09-15/A7-market/backlinks-profile-as_is-page2.json,https://www.myglobalhealth.online/ireland/en/blog,200,nofollow
2026-09-15,lalinguanostra.com,https://lalinguanostra.com/search/hashtag/preventive_care?lang=es_es,https://www.myglobalhealth.online/post/coronary-artery-disease-signs-and-symptoms,https://www.myglobalhealth.online/post/coronary-artery-disease-signs-and-symptoms,nofollow,live,2026-07-18,,DataForSEO via OpenSEO,domain_rank|spam_score,45|0,ireland,directory,update-legacy-target,seo/tracking/raw/2026-09-15/A7-market/backlinks-profile-as_is-page2.json,https://www.myglobalhealth.online/ireland/en/blog,200,nofollow
2026-09-15,lalinguanostra.com,https://lalinguanostra.com/search/hashtag/preventive_care/posts,https://www.myglobalhealth.online/post/coronary-artery-disease-signs-and-symptoms,https://www.myglobalhealth.online/post/coronary-artery-disease-signs-and-symptoms,nofollow,live,2026-07-18,,DataForSEO via OpenSEO,domain_rank|spam_score,45|0,ireland,directory,update-legacy-target,seo/tracking/raw/2026-09-15/A7-market/backlinks-profile-as_is-page2.json,https://www.myglobalhealth.online/ireland/en/blog,200,nofollow
2026-09-15,lalinguanostra.com,https://lalinguanostra.com/search/hashtag/preventive_care,https://www.myglobalhealth.online/post/coronary-artery-disease-signs-and-symptoms,https://www.myglobalhealth.online/post/coronary-artery-disease-signs-and-symptoms,nofollow,live,2026-07-18,,DataForSEO via OpenSEO,domain_rank|spam_score,45|0,ireland,directory,update-legacy-target,seo/tracking/raw/2026-09-15/A7-market/backlinks-profile-as_is-page2.json,https://www.myglobalhealth.online/ireland/en/blog,200,nofollow
2026-09-15,lalinguanostra.com,https://lalinguanostra.com/posts/151644,https://www.myglobalhealth.online/pt/portugal/traveler's-consultation,https://www.myglobalhealth.online/pt/portugal/traveler's-consultation,nofollow,live,2026-05-31,,DataForSEO via OpenSEO,domain_rank|spam_score,45|0,portugal,directory,keep,seo/tracking/raw/2026-09-15/A7-market/backlinks-profile-as_is-page2.json,https://www.myglobalhealth.online/portugal/pt/services/consulta-do-viajante,200,nofollow
2026-09-15,craneflower.net,https://craneflower.net/search/hashtag/Erectile_dysfunction/posts,https://www.myglobalhealth.online/post/tadalafil-far-beyond-erectile-dysfunction-understand-guide-and-protect,https://www.myglobalhealth.online/post/tadalafil-far-beyond-erectile-dysfunction-understand-guide-and-protect,nofollow,live,2026-07-08,,DataForSEO via OpenSEO,domain_rank|spam_score,45|0,ireland,directory,update-legacy-target,seo/tracking/raw/2026-09-15/A7-market/backlinks-profile-as_is-page2.json,https://www.myglobalhealth.online/ireland/en/blog,200,nofollow
2026-09-15,craneflower.net,https://craneflower.net/search/hashtag/ADAS,https://www.myglobalhealth.online/pt/portugal/traveler's-consultation,https://www.myglobalhealth.online/pt/portugal/traveler's-consultation,nofollow,live,2026-06-26,,DataForSEO via OpenSEO,domain_rank|spam_score,45|0,portugal,directory,keep,seo/tracking/raw/2026-09-15/A7-market/backlinks-profile-as_is-page2.json,https://www.myglobalhealth.online/portugal/pt/services/consulta-do-viajante,200,nofollow
2026-09-15,lalinguanostra.com,https://lalinguanostra.com/search/Preventive_Care/posts,https://www.myglobalhealth.online/post/coronary-artery-disease-signs-and-symptoms,https://www.myglobalhealth.online/post/coronary-artery-disease-signs-and-symptoms,nofollow,live,2026-06-24,,DataForSEO via OpenSEO,domain_rank|spam_score,45|0,ireland,directory,update-legacy-target,seo/tracking/raw/2026-09-15/A7-market/backlinks-profile-as_is-page2.json,https://www.myglobalhealth.online/ireland/en/blog,200,nofollow
2026-09-15,craneflower.net,https://craneflower.net/search/FIS/posts,https://www.myglobalhealth.online/pt/portugal/traveler's-consultation,https://www.myglobalhealth.online/pt/portugal/traveler's-consultation,nofollow,live,2026-06-21,,DataForSEO via OpenSEO,domain_rank|spam_score,45|0,portugal,directory,keep,seo/tracking/raw/2026-09-15/A7-market/backlinks-profile-as_is-page2.json,https://www.myglobalhealth.online/portugal/pt/services/consulta-do-viajante,200,nofollow
2026-09-15,craneflower.net,https://craneflower.net/search/hashtag/FIS/posts,https://www.myglobalhealth.online/pt/portugal/traveler's-consultation,https://www.myglobalhealth.online/pt/portugal/traveler's-consultation,nofollow,live,2026-06-21,,DataForSEO via OpenSEO,domain_rank|spam_score,45|0,portugal,directory,keep,seo/tracking/raw/2026-09-15/A7-market/backlinks-profile-as_is-page2.json,https://www.myglobalhealth.online/portugal/pt/services/consulta-do-viajante,200,nofollow
2026-09-15,craneflower.net,https://craneflower.net/search/hashtag/FIS,https://www.myglobalhealth.online/pt/portugal/traveler's-consultation,https://www.myglobalhealth.online/pt/portugal/traveler's-consultation,nofollow,live,2026-06-21,,DataForSEO via OpenSEO,domain_rank|spam_score,45|0,portugal,directory,keep,seo/tracking/raw/2026-09-15/A7-market/backlinks-profile-as_is-page2.json,https://www.myglobalhealth.online/portugal/pt/services/consulta-do-viajante,200,nofollow
2026-09-15,peruactivo.com,https://peruactivo.com/read-blog/42293_when-convenience-matters-most-how-online-prescriptions-support-modern-healthcare.html,https://www.myglobalhealth.online/ireland/medical-consultation,online prescription Ireland,nofollow,live,2026-09-01,,DataForSEO via OpenSEO,domain_rank|spam_score,44|20,ireland,generic,none,seo/tracking/raw/2026-09-15/A7-market/backlinks-profile-as_is-page2.json,https://www.myglobalhealth.online/ireland/en/services/acute-medical-consultation,200,nofollow
2026-09-15,peruactivo.com,https://peruactivo.com/read-blog/42293_when-convenience-matters-most-how-online-prescriptions-support-modern-healthcare.html,https://www.myglobalhealth.online/ireland/sick-leave,certified sick leave ireland,nofollow,live,2026-09-01,,DataForSEO via OpenSEO,domain_rank|spam_score,44|20,ireland,generic,none,seo/tracking/raw/2026-09-15/A7-market/backlinks-profile-as_is-page2.json,https://www.myglobalhealth.online/ireland/en/services/sick-certificate-ireland,200,nofollow
2026-09-15,peruactivo.com,https://peruactivo.com/read-blog/41611_beneficios-do-aconselhamento-medico-para-viajar-antes-de-viajar-ao-exterior.html,https://www.myglobalhealth.online/pt/portugal/medical-certificate-for-driving-license,Health Availability in Portugal,dofollow,live,2026-08-30,,DataForSEO via OpenSEO,domain_rank|spam_score,44|20,portugal,generic,none,seo/tracking/raw/2026-09-15/A7-market/backlinks-profile-as_is-page2.json,https://www.myglobalhealth.online/portugal/pt/services/certificado-medico-carta-de-conducao,200,noopener
2026-09-15,peruactivo.com,https://peruactivo.com/read-blog/41611_beneficios-do-aconselhamento-medico-para-viajar-antes-de-viajar-ao-exterior.html,https://www.myglobalhealth.online/pt/portugal/traveler's-consultation,medical advice for traveling,dofollow,live,2026-08-30,,DataForSEO via OpenSEO,domain_rank|spam_score,44|20,portugal,generic,none,seo/tracking/raw/2026-09-15/A7-market/backlinks-profile-as_is-page2.json,https://www.myglobalhealth.online/portugal/pt/services/consulta-do-viajante,200,noopener
2026-09-15,quero.party,https://quero.party/report/98354,https://myglobalhealth.online/,myglobalhealth.online,nofollow,live,2026-08-30,,DataForSEO via OpenSEO,domain_rank|spam_score,44|50,,spam-suspect,disavow-review,seo/tracking/raw/2026-09-15/A7-market/backlinks-profile-as_is-page2.json,https://www.myglobalhealth.online/,200,nofollow
2026-09-15,quero.party,https://quero.party/report/98353,https://myglobalhealth.online/,myglobalhealth.online,nofollow,live,2026-06-05,,DataForSEO via OpenSEO,domain_rank|spam_score,44|50,,spam-suspect,disavow-review,seo/tracking/raw/2026-09-15/A7-market/backlinks-profile-as_is-page2.json,https://www.myglobalhealth.online/,200,nofollow
2026-09-15,peruactivo.com,https://peruactivo.com/read-blog/29844_certified-sick-leave-simple-process-for-medical-absence-documentation.html,https://www.myglobalhealth.online/ireland/medical-consultation,online prescription Ireland,nofollow,live,2026-07-15,,DataForSEO via OpenSEO,domain_rank|spam_score,44|10,ireland,generic,none,seo/tracking/raw/2026-09-15/A7-market/backlinks-profile-as_is-page2.json,https://www.myglobalhealth.online/ireland/en/services/acute-medical-consultation,200,nofollow
2026-09-15,peruactivo.com,https://peruactivo.com/read-blog/29844_certified-sick-leave-simple-process-for-medical-absence-documentation.html,https://www.myglobalhealth.online/ireland/sick-leave,online sick leave certificate Ireland,nofollow,live,2026-07-15,,DataForSEO via OpenSEO,domain_rank|spam_score,44|10,ireland,generic,none,seo/tracking/raw/2026-09-15/A7-market/backlinks-profile-as_is-page2.json,https://www.myglobalhealth.online/ireland/en/services/sick-certificate-ireland,200,nofollow
2026-09-15,lalinguanostra.com,https://lalinguanostra.com/search/hashtag/Preventive_Care/posts,https://www.myglobalhealth.online/post/coronary-artery-disease-signs-and-symptoms,https://www.myglobalhealth.online/post/coronary-artery-disease-signs-and-symptoms,nofollow,live,2026-06-20,,DataForSEO via OpenSEO,domain_rank|spam_score,44|0,ireland,directory,update-legacy-target,seo/tracking/raw/2026-09-15/A7-market/backlinks-profile-as_is-page2.json,https://www.myglobalhealth.online/ireland/en/blog,200,nofollow
2026-09-15,lalinguanostra.com,https://lalinguanostra.com/search/Heart_Health/posts,https://www.myglobalhealth.online/post/coronary-artery-disease-signs-and-symptoms,https://www.myglobalhealth.online/post/coronary-artery-disease-signs-and-symptoms,nofollow,live,2026-06-16,,DataForSEO via OpenSEO,domain_rank|spam_score,44|0,ireland,directory,update-legacy-target,seo/tracking/raw/2026-09-15/A7-market/backlinks-profile-as_is-page2.json,https://www.myglobalhealth.online/ireland/en/blog,200,nofollow
2026-09-15,lalinguanostra.com,https://lalinguanostra.com/search/hashtag/Heart_Health/posts,https://www.myglobalhealth.online/post/coronary-artery-disease-signs-and-symptoms,https://www.myglobalhealth.online/post/coronary-artery-disease-signs-and-symptoms,nofollow,live,2026-06-16,,DataForSEO via OpenSEO,domain_rank|spam_score,44|0,ireland,directory,update-legacy-target,seo/tracking/raw/2026-09-15/A7-market/backlinks-profile-as_is-page2.json,https://www.myglobalhealth.online/ireland/en/blog,200,nofollow
2026-09-15,lalinguanostra.com,https://lalinguanostra.com/search/hashtag/Heart_Health,https://www.myglobalhealth.online/post/coronary-artery-disease-signs-and-symptoms,https://www.myglobalhealth.online/post/coronary-artery-disease-signs-and-symptoms,nofollow,live,2026-06-03,,DataForSEO via OpenSEO,domain_rank|spam_score,44|0,ireland,directory,update-legacy-target,seo/tracking/raw/2026-09-15/A7-market/backlinks-profile-as_is-page2.json,https://www.myglobalhealth.online/ireland/en/blog,200,nofollow
2026-09-15,www.boycat.co,https://www.boycat.co/search/hashtag/globalhealth/posts,https://www.myglobalhealth.online/post/mounjaro-vs-ozempic-differences-benefits-and-when-to-use,https://www.myglobalhealth.online/post/mounjaro-vs-ozempic-differences-benefits-and-when-to-use,nofollow,live,2026-06-14,,DataForSEO via OpenSEO,domain_rank|spam_score,44|15,ireland,directory,update-legacy-target,seo/tracking/raw/2026-09-15/A7-market/backlinks-profile-as_is-page2.json,https://www.myglobalhealth.online/ireland/en/blog,200,nofollow
2026-09-15,www.boycat.co,https://www.boycat.co/search/hashtag/globalhealth/posts,https://www.myglobalhealth.online/pt/portugal/traveler's-consultation,https://www.myglobalhealth.online/pt/portugal/traveler's-consultation,nofollow,live,2026-06-14,,DataForSEO via OpenSEO,domain_rank|spam_score,44|15,portugal,directory,keep,seo/tracking/raw/2026-09-15/A7-market/backlinks-profile-as_is-page2.json,https://www.myglobalhealth.online/portugal/pt/services/consulta-do-viajante,200,nofollow
2026-09-15,lalinguanostra.com,https://lalinguanostra.com/search/hashtag/Preventive_Care,https://www.myglobalhealth.online/post/coronary-artery-disease-signs-and-symptoms,https://www.myglobalhealth.online/post/coronary-artery-disease-signs-and-symptoms,nofollow,live,2026-06-13,,DataForSEO via OpenSEO,domain_rank|spam_score,44|0,ireland,directory,update-legacy-target,seo/tracking/raw/2026-09-15/A7-market/backlinks-profile-as_is-page2.json,https://www.myglobalhealth.online/ireland/en/blog,200,nofollow
2026-09-15,www.boycat.co,https://www.boycat.co/blogs/127793/How-Personalized-Medical-Weight-Loss-Online-Programs-Support-Better-Health,https://www.myglobalhealth.online/ireland/sick-leave,certified sick leave ireland,dofollow,live,2026-06-11,,DataForSEO via OpenSEO,domain_rank|spam_score,44|15,ireland,directory,keep,seo/tracking/raw/2026-09-15/A7-market/backlinks-profile-as_is-page2.json,https://www.myglobalhealth.online/ireland/en/services/sick-certificate-ireland,200,
2026-09-15,www.boycat.co,https://www.boycat.co/blogs/127793/How-Personalized-Medical-Weight-Loss-Online-Programs-Support-Better-Health,https://www.myglobalhealth.online/ireland/weight-loss-consultation,medical weight loss online,dofollow,live,2026-06-11,,DataForSEO via OpenSEO,domain_rank|spam_score,44|15,ireland,directory,keep,seo/tracking/raw/2026-09-15/A7-market/backlinks-profile-as_is-page2.json,https://www.myglobalhealth.online/ireland/en/services/weight-management-consultation,200,
2026-09-15,www.boycat.co,https://www.boycat.co/search/hashtag/turismo,https://www.myglobalhealth.online/pt/portugal/traveler's-consultation,https://www.myglobalhealth.online/pt/portugal/traveler's-consultation,nofollow,live,2026-06-11,,DataForSEO via OpenSEO,domain_rank|spam_score,44|15,portugal,directory,keep,seo/tracking/raw/2026-09-15/A7-market/backlinks-profile-as_is-page2.json,https://www.myglobalhealth.online/portugal/pt/services/consulta-do-viajante,200,nofollow
2026-09-15,www.boycat.co,https://www.boycat.co/search/hashtag/Seguran%C3%A7a/posts,https://www.myglobalhealth.online/pt/portugal/traveler's-consultation,https://www.myglobalhealth.online/pt/portugal/traveler's-consultation,nofollow,live,2026-06-11,,DataForSEO via OpenSEO,domain_rank|spam_score,44|15,portugal,directory,keep,seo/tracking/raw/2026-09-15/A7-market/backlinks-profile-as_is-page2.json,https://www.myglobalhealth.online/portugal/pt/services/consulta-do-viajante,200,nofollow
2026-09-15,www.boycat.co,https://www.boycat.co/search/hashtag/Experi%C3%AAncia/posts,https://www.myglobalhealth.online/pt/portugal/traveler's-consultation,https://www.myglobalhealth.online/pt/portugal/traveler's-consultation,nofollow,live,2026-06-11,,DataForSEO via OpenSEO,domain_rank|spam_score,44|15,portugal,directory,keep,seo/tracking/raw/2026-09-15/A7-market/backlinks-profile-as_is-page2.json,https://www.myglobalhealth.online/portugal/pt/services/consulta-do-viajante,200,nofollow
2026-09-15,www.boycat.co,https://www.boycat.co/search/hashtag/Seguran%C3%A7a,https://www.myglobalhealth.online/pt/portugal/traveler's-consultation,https://www.myglobalhealth.online/pt/portugal/traveler's-consultation,nofollow,live,2026-06-11,,DataForSEO via OpenSEO,domain_rank|spam_score,44|15,portugal,directory,keep,seo/tracking/raw/2026-09-15/A7-market/backlinks-profile-as_is-page2.json,https://www.myglobalhealth.online/portugal/pt/services/consulta-do-viajante,200,nofollow
2026-09-15,www.boycat.co,https://www.boycat.co/search/hashtag/Experi%C3%AAncia,https://www.myglobalhealth.online/pt/portugal/traveler's-consultation,https://www.myglobalhealth.online/pt/portugal/traveler's-consultation,nofollow,live,2026-06-11,,DataForSEO via OpenSEO,domain_rank|spam_score,44|15,portugal,directory,keep,seo/tracking/raw/2026-09-15/A7-market/backlinks-profile-as_is-page2.json,https://www.myglobalhealth.online/portugal/pt/services/consulta-do-viajante,200,nofollow
2026-09-15,www.boycat.co,https://www.boycat.co/search/hashtag/Exterior_/posts,https://www.myglobalhealth.online/pt/portugal/traveler's-consultation,https://www.myglobalhealth.online/pt/portugal/traveler's-consultation,nofollow,live,2026-06-11,,DataForSEO via OpenSEO,domain_rank|spam_score,44|15,portugal,directory,keep,seo/tracking/raw/2026-09-15/A7-market/backlinks-profile-as_is-page2.json,https://www.myglobalhealth.online/portugal/pt/services/consulta-do-viajante,200,nofollow
2026-09-15,www.boycat.co,https://www.boycat.co/search/hashtag/Exterior_&_Interior_Painting,https://www.myglobalhealth.online/pt/portugal/traveler's-consultation,https://www.myglobalhealth.online/pt/portugal/traveler's-consultation,nofollow,live,2026-06-10,,DataForSEO via OpenSEO,domain_rank|spam_score,44|15,portugal,directory,keep,seo/tracking/raw/2026-09-15/A7-market/backlinks-profile-as_is-page2.json,https://www.myglobalhealth.online/portugal/pt/services/consulta-do-viajante,200,nofollow
2026-09-15,lalinguanostra.com,https://lalinguanostra.com/search/hashtag/heart_health/posts,https://www.myglobalhealth.online/post/coronary-artery-disease-signs-and-symptoms,https://www.myglobalhealth.online/post/coronary-artery-disease-signs-and-symptoms,nofollow,live,2026-06-10,,DataForSEO via OpenSEO,domain_rank|spam_score,44|0,ireland,directory,update-legacy-target,seo/tracking/raw/2026-09-15/A7-market/backlinks-profile-as_is-page2.json,https://www.myglobalhealth.online/ireland/en/blog,200,nofollow
2026-09-15,craneflower.net,https://craneflower.net/search/Spain/posts,https://www.myglobalhealth.online/post/getting-a-gp-sick-note-online-simplified,https://www.myglobalhealth.online/post/getting-a-gp-sick-note-online-simplified,nofollow,live,2026-05-31,,DataForSEO via OpenSEO,domain_rank|spam_score,44|0,ireland,directory,update-legacy-target,seo/tracking/raw/2026-09-15/A7-market/backlinks-profile-as_is-page2.json,https://www.myglobalhealth.online/ireland/en/blog,200,nofollow
2026-09-15,craneflower.net,https://craneflower.net/search/hashtag/Spain/posts,https://www.myglobalhealth.online/post/getting-a-gp-sick-note-online-simplified,https://www.myglobalhealth.online/post/getting-a-gp-sick-note-online-simplified,nofollow,live,2026-05-31,,DataForSEO via OpenSEO,domain_rank|spam_score,44|0,ireland,directory,update-legacy-target,seo/tracking/raw/2026-09-15/A7-market/backlinks-profile-as_is-page2.json,https://www.myglobalhealth.online/ireland/en/blog,200,nofollow
2026-09-15,craneflower.net,https://craneflower.net/search/hashtag/Spain,https://www.myglobalhealth.online/post/getting-a-gp-sick-note-online-simplified,https://www.myglobalhealth.online/post/getting-a-gp-sick-note-online-simplified,nofollow,live,2026-05-30,,DataForSEO via OpenSEO,domain_rank|spam_score,44|0,ireland,directory,update-legacy-target,seo/tracking/raw/2026-09-15/A7-market/backlinks-profile-as_is-page2.json,https://www.myglobalhealth.online/ireland/en/blog,200,nofollow
2026-09-15,wheretobuybest.link,http://wheretobuybest.link/UsedSlicerPartsgreato/,https://myglobalhealth.online/,myglobalhealth.online,nofollow,live,2025-12-28,,DataForSEO via OpenSEO,domain_rank|spam_score,44|80,,spam-suspect,disavow-review,seo/tracking/raw/2026-09-15/A7-market/backlinks-profile-as_is-page2.json,https://www.myglobalhealth.online/,200,nofollow
2026-09-15,www.boycat.co,https://www.boycat.co/search/hashtag/Specialist_/posts,https://www.myglobalhealth.online/post/mounjaro-vs-ozempic-differences-benefits-and-when-to-use,https://www.myglobalhealth.online/post/mounjaro-vs-ozempic-differences-benefits-and-when-to-use,nofollow,live,2026-05-26,,DataForSEO via OpenSEO,domain_rank|spam_score,43|15,ireland,directory,update-legacy-target,seo/tracking/raw/2026-09-15/A7-market/backlinks-profile-as_is-page2.json,https://www.myglobalhealth.online/ireland/en/blog,200,nofollow
2026-09-15,www.boycat.co,https://www.boycat.co/search/Home/posts,https://www.myglobalhealth.online/post/mounjaro-vs-ozempic-differences-benefits-and-when-to-use,https://www.myglobalhealth.online/post/mounjaro-vs-ozempic-differences-benefits-and-when-to-use,nofollow,live,2026-05-26,,DataForSEO via OpenSEO,domain_rank|spam_score,43|5,ireland,directory,update-legacy-target,seo/tracking/raw/2026-09-15/A7-market/backlinks-profile-as_is-page2.json,https://www.myglobalhealth.online/ireland/en/blog,200,nofollow
2026-09-15,buzzshrink.website,https://buzzshrink.website/share/98354,https://myglobalhealth.online/,myglobalhealth.online,nofollow,live,2026-01-25,,DataForSEO via OpenSEO,domain_rank|spam_score,42|50,,spam-suspect,disavow-review,seo/tracking/raw/2026-09-15/A7-market/backlinks-profile-as_is-page2.json,https://www.myglobalhealth.online/,200,nofollow
2026-09-15,peruactivo.com,https://peruactivo.com/post/89463_medical-weight-loss-online-convenient-support-for-weight-management-medical-weig.html,https://www.myglobalhealth.online/ireland/weight-loss-consultation,"Medical Weight Management Consultation Ireland | Doctor-Led 				Medical weight management, doctor-led. Our Irish-registered doctors provide evidence-based medical weight management — including metabolic assessment, GLP-1 eligibility review, and personalised care plans.",nofollow,live,2026-08-11,,DataForSEO via OpenSEO,domain_rank|spam_score,42|5,ireland,generic,none,seo/tracking/raw/2026-09-15/A7-market/backlinks-profile-as_is-page2.json,https://www.myglobalhealth.online/ireland/en/services/weight-management-consultation,200,nofollow
2026-09-15,shortenurls.eu,https://shortenurls.eu/share/98353,https://myglobalhealth.online/,myglobalhealth.online,nofollow,live,2026-08-25,,DataForSEO via OpenSEO,domain_rank|spam_score,40|50,,spam-suspect,disavow-review,seo/tracking/raw/2026-09-15/A7-market/backlinks-profile-as_is-page2.json,https://www.myglobalhealth.online/,200,nofollow
2026-09-15,shortenurls.eu,https://shortenurls.eu/share/98354,https://myglobalhealth.online/,myglobalhealth.online,nofollow,live,2026-01-15,,DataForSEO via OpenSEO,domain_rank|spam_score,40|50,,spam-suspect,disavow-review,seo/tracking/raw/2026-09-15/A7-market/backlinks-profile-as_is-page2.json,https://www.myglobalhealth.online/,200,nofollow
2026-09-15,urls-shortener.eu,https://urls-shortener.eu/share/98353,https://myglobalhealth.online/,myglobalhealth.online,nofollow,live,2026-01-30,,DataForSEO via OpenSEO,domain_rank|spam_score,39|50,,spam-suspect,disavow-review,seo/tracking/raw/2026-09-15/A7-market/backlinks-profile-as_is-page2.json,https://www.myglobalhealth.online/,200,nofollow
2026-09-15,freearticlesmania.com,https://freearticlesmania.com/online-medical-weight-loss-program-for-lasting-results/,https://www.myglobalhealth.online/ireland/weight-loss-consultation,online medical weight loss program,dofollow,live,2026-07-31,,DataForSEO via OpenSEO,domain_rank|spam_score,39|0,ireland,directory,keep,seo/tracking/raw/2026-09-15/A7-market/backlinks-profile-as_is-page2.json,https://www.myglobalhealth.online/ireland/en/services/weight-management-consultation,200,
2026-09-15,freearticlesmania.com,https://freearticlesmania.com/online-medical-weight-loss-program-for-lasting-results/,https://www.myglobalhealth.online/ireland/medical-consultation,online prescription Ireland,dofollow,live,2026-07-31,,DataForSEO via OpenSEO,domain_rank|spam_score,39|0,ireland,directory,keep,seo/tracking/raw/2026-09-15/A7-market/backlinks-profile-as_is-page2.json,https://www.myglobalhealth.online/ireland/en/services/acute-medical-consultation,200,
2026-09-15,freearticlesmania.com,https://freearticlesmania.com/medical-weight-loss-online-vs-traditional-diet-plans-what-works-better/,https://www.myglobalhealth.online/ireland/medical-consultation,online prescription Ireland,dofollow,live,2026-05-26,,DataForSEO via OpenSEO,domain_rank|spam_score,39|0,ireland,directory,keep,seo/tracking/raw/2026-09-15/A7-market/backlinks-profile-as_is-page2.json,https://www.myglobalhealth.online/ireland/en/services/acute-medical-consultation,200,
2026-09-15,freearticlesmania.com,https://freearticlesmania.com/medical-weight-loss-online-vs-traditional-diet-plans-what-works-better/,https://www.myglobalhealth.online/ireland/weight-loss-consultation,online medical weight loss program,dofollow,live,2026-05-26,,DataForSEO via OpenSEO,domain_rank|spam_score,39|0,ireland,directory,keep,seo/tracking/raw/2026-09-15/A7-market/backlinks-profile-as_is-page2.json,https://www.myglobalhealth.online/ireland/en/services/weight-management-consultation,200,
2026-09-15,m98ufa.com,https://m98ufa.com/all/885/27.html,https://myglobalhealth.online/,High Quality Dofollow Backlinks DA 50 PA 40 Premium PBN Network Service myglobalhealth.online Rank First Page Google Fast SEO Link Building Buy Backlinks Online Cheap,dofollow,live,2026-07-08,,DataForSEO via OpenSEO,domain_rank|spam_score,38|75,,spam-suspect,disavow-review,seo/tracking/raw/2026-09-15/A7-market/backlinks-profile-as_is-page2.json,https://www.myglobalhealth.online/,200,noopener
2026-09-15,worldhealthorganization.co,https://worldhealthorganization.co/erros-comuns-que-o-aconselhamento-medico-para-viajar-pode-ajudar-a-evitar,https://www.myglobalhealth.online/pt/portugal/medical-certificate-for-driving-license,Avaliação de saúde em Portugal,dofollow,live,2026-07-14,,DataForSEO via OpenSEO,domain_rank|spam_score,38|0,portugal,medical,keep,seo/tracking/raw/2026-09-15/A7-market/backlinks-profile-as_is-page2.json,https://www.myglobalhealth.online/portugal/pt/services/certificado-medico-carta-de-conducao,200,
2026-09-15,worldhealthorganization.co,https://worldhealthorganization.co/erros-comuns-que-o-aconselhamento-medico-para-viajar-pode-ajudar-a-evitar,https://www.myglobalhealth.online/pt/portugal/traveler's-consultation,consulta médica para viagem online,dofollow,live,2026-07-14,,DataForSEO via OpenSEO,domain_rank|spam_score,38|0,portugal,medical,keep,seo/tracking/raw/2026-09-15/A7-market/backlinks-profile-as_is-page2.json,https://www.myglobalhealth.online/portugal/pt/services/consulta-do-viajante,200,
2026-09-15,sergechel.info,https://sergechel.info/list-b91e18e0de6c864347086c6bf94eab1e,https://myglobalhealth.online/,myglobalhealth.online,dofollow,live,2025-02-09,,DataForSEO via OpenSEO,domain_rank|spam_score,37|60,,spam-suspect,disavow-review,seo/tracking/raw/2026-09-15/A7-market/backlinks-profile-as_is-page2.json,https://www.myglobalhealth.online/,200,
2026-09-15,theforbestimes.com,https://theforbestimes.com/all/2005/3.html,https://myglobalhealth.online/,High Quality Dofollow Backlinks DA 50 PA 40 Premium PBN Network Service myglobalhealth.online Rank First Page Google Fast SEO Link Building Buy Backlinks Online Cheap,dofollow,live,2026-08-20,,DataForSEO via OpenSEO,domain_rank|spam_score,33|60,,spam-suspect,disavow-review,seo/tracking/raw/2026-09-15/A7-market/backlinks-profile-as_is-page2.json,https://www.myglobalhealth.online/,200,noopener
2026-09-15,betulcrime.com,https://betulcrime.com/all/2005/3.html,https://myglobalhealth.online/,High Quality Dofollow Backlinks DA 50 PA 40 Premium PBN Network Service myglobalhealth.online Rank First Page Google Fast SEO Link Building Buy Backlinks Online Cheap,dofollow,live,2026-08-14,,DataForSEO via OpenSEO,domain_rank|spam_score,31|60,,spam-suspect,disavow-review,seo/tracking/raw/2026-09-15/A7-market/backlinks-profile-as_is-page2.json,https://www.myglobalhealth.online/,200,noopener
2026-09-15,mail.getwebsiteworth.com,https://mail.getwebsiteworth.com/5e41b23836ef6737fc63b6c21be43690-l/,https://myglobalhealth.online/,myglobalhealth.online,dofollow,live,2026-04-19,,DataForSEO via OpenSEO,domain_rank|spam_score,31|60,,spam-suspect,disavow-review,seo/tracking/raw/2026-09-15/A7-market/backlinks-profile-as_is-page2.json,https://www.myglobalhealth.online/,200,
2026-09-15,robuta.com,https://robuta.com/?q=blood+test,https://www.myglobalhealth.online/home-health-tests/vitamin-b12-blood-test,Vitamin B12 Blood Test at Home | Global Health,dofollow,broken,2026-09-11,,DataForSEO via OpenSEO,domain_rank|spam_score,30|30,ireland,directory,reclaim-broken,seo/tracking/raw/2026-09-15/A7-market/backlinks-profile-as_is-page2.json,https://www.myglobalhealth.online/ireland/en/lab-tests/vitamin-b12-test,404,
2026-09-15,askspud.ie,https://askspud.ie/places/global-health-online-medical-clinic/,https://www.myglobalhealth.online/home,Website,nofollow,live,2026-05-15,,DataForSEO via OpenSEO,domain_rank|spam_score,30|0,,medical,keep,seo/tracking/raw/2026-09-15/A7-market/backlinks-profile-as_is-page2.json,https://www.myglobalhealth.online/,200,nofollow
2026-09-15,globalecommerce.org,https://globalecommerce.org/page-73b3d76d09f8ab189fec1c85908e1735.html,https://myglobalhealth.online/,myglobalhealth.online,dofollow,live,2026-01-24,,DataForSEO via OpenSEO,domain_rank|spam_score,29|60,,spam-suspect,disavow-review,seo/tracking/raw/2026-09-15/A7-market/backlinks-profile-as_is-page2.json,https://www.myglobalhealth.online/,200,
2026-09-15,www.alljobs.info,https://www.alljobs.info/5e41b23836ef6737fc63b6c21be43690-l/,https://myglobalhealth.online/,myglobalhealth.online,dofollow,live,2026-01-24,,DataForSEO via OpenSEO,domain_rank|spam_score,28|50,,spam-suspect,disavow-review,seo/tracking/raw/2026-09-15/A7-market/backlinks-profile-as_is-page2.json,https://www.myglobalhealth.online/,200,
2026-09-15,australianwebdirectory.shop,https://australianwebdirectory.shop/page-73b3d76d09f8ab189fec1c85908e1735.html,https://myglobalhealth.online/,myglobalhealth.online,dofollow,live,2025-06-03,,DataForSEO via OpenSEO,domain_rank|spam_score,24|70,,spam-suspect,disavow-review,seo/tracking/raw/2026-09-15/A7-market/backlinks-profile-as_is-page2.json,https://www.myglobalhealth.online/,200,
2026-09-15,www.getwebsiteworth.com,https://www.getwebsiteworth.com/5e41b23836ef6737fc63b6c21be43690-l/,https://myglobalhealth.online/,myglobalhealth.online,dofollow,live,2025-12-20,,DataForSEO via OpenSEO,domain_rank|spam_score,23|60,,spam-suspect,disavow-review,seo/tracking/raw/2026-09-15/A7-market/backlinks-profile-as_is-page2.json,https://www.myglobalhealth.online/,200,
2026-09-15,getwebsiteworth.com,https://getwebsiteworth.com/5e41b23836ef6737fc63b6c21be43690-l/,https://myglobalhealth.online/,myglobalhealth.online,dofollow,live,2025-12-29,,DataForSEO via OpenSEO,domain_rank|spam_score,22|60,,spam-suspect,disavow-review,seo/tracking/raw/2026-09-15/A7-market/backlinks-profile-as_is-page2.json,https://www.myglobalhealth.online/,200,
2026-09-15,quotesblom.com,https://quotesblom.com/all/2005/3.html,https://myglobalhealth.online/,High Quality Dofollow Backlinks DA 50 PA 40 Premium PBN Network Service myglobalhealth.online Rank First Page Google Fast SEO Link Building Buy Backlinks Online Cheap,dofollow,live,2026-08-27,,DataForSEO via OpenSEO,domain_rank|spam_score,20|60,,spam-suspect,disavow-review,seo/tracking/raw/2026-09-15/A7-market/backlinks-profile-as_is-page2.json,https://www.myglobalhealth.online/,200,noopener
2026-09-15,www.betwinnermirror.com,https://www.betwinnermirror.com/all/2005/3.html,https://myglobalhealth.online/,High Quality Dofollow Backlinks DA 50 PA 40 Premium PBN Network Service myglobalhealth.online Rank First Page Google Fast SEO Link Building Buy Backlinks Online Cheap,dofollow,live,2026-08-18,,DataForSEO via OpenSEO,domain_rank|spam_score,20|70,,spam-suspect,disavow-review,seo/tracking/raw/2026-09-15/A7-market/backlinks-profile-as_is-page2.json,https://www.myglobalhealth.online/,200,noopener
2026-09-15,booksreadr.org,https://booksreadr.org/page-73b3d76d09f8ab189fec1c85908e1735.html,https://myglobalhealth.online/,myglobalhealth.online,dofollow,live,2026-02-04,,DataForSEO via OpenSEO,domain_rank|spam_score,20|60,,spam-suspect,disavow-review,seo/tracking/raw/2026-09-15/A7-market/backlinks-profile-as_is-page2.json,https://www.myglobalhealth.online/,200,
2026-09-15,globalguestgg.wixsite.com,https://globalguestgg.wixsite.com/mysite/product-page/osentia-fracture-risk-assessment-test,https://www.myglobalhealth.online/product-page/osentia-fracture-risk-assessment-test,,dofollow,broken,2026-05-14,,DataForSEO via OpenSEO,domain_rank|spam_score,19|0,ireland,directory,reclaim-broken,seo/tracking/raw/2026-09-15/A7-market/backlinks-profile-as_is-page2.json,https://www.myglobalhealth.online/ireland/en/lab-tests/fracture-risk-assessment-test,404,
2026-09-15,globalguestgg.wixsite.com,https://globalguestgg.wixsite.com/mysite/product-page/thyroid-home-blood-test,https://www.myglobalhealth.online/product-page/thyroid-home-blood-test,,dofollow,broken,2026-05-15,,DataForSEO via OpenSEO,domain_rank|spam_score,19|0,ireland,directory,reclaim-broken,seo/tracking/raw/2026-09-15/A7-market/backlinks-profile-as_is-page2.json,https://www.myglobalhealth.online/ireland/en/lab-tests,404,
2026-09-15,globalguestgg.wixsite.com,https://globalguestgg.wixsite.com/mysite/product-page/female-hormone-test,https://www.myglobalhealth.online/product-page/female-hormone-test,,dofollow,broken,2026-05-15,,DataForSEO via OpenSEO,domain_rank|spam_score,19|0,ireland,directory,reclaim-broken,seo/tracking/raw/2026-09-15/A7-market/backlinks-profile-as_is-page2.json,https://www.myglobalhealth.online/ireland/en/lab-tests/female-hormone-test,404,
2026-09-15,globalguestgg.wixsite.com,https://globalguestgg.wixsite.com/mysite/product-page/haemochromatosis-test,https://www.myglobalhealth.online/product-page/haemochromatosis-test,,dofollow,broken,2026-05-15,,DataForSEO via OpenSEO,domain_rank|spam_score,19|0,ireland,directory,reclaim-broken,seo/tracking/raw/2026-09-15/A7-market/backlinks-profile-as_is-page2.json,https://www.myglobalhealth.online/ireland/en/lab-tests/genetic-haemochromatosis-test,404,
2026-09-15,globalguestgg.wixsite.com,https://globalguestgg.wixsite.com/mysite/product-page/genetic-lactose-intolereance-test,https://www.myglobalhealth.online/product-page/genetic-lactose-intolereance-test,,dofollow,broken,2026-05-15,,DataForSEO via OpenSEO,domain_rank|spam_score,19|0,ireland,directory,reclaim-broken,seo/tracking/raw/2026-09-15/A7-market/backlinks-profile-as_is-page2.json,https://www.myglobalhealth.online/ireland/en/lab-tests/genetic-lactose-intolerance-test,404,
2026-09-15,globalguestgg.wixsite.com,https://globalguestgg.wixsite.com/mysite/product-page/psa-test-prostatic-specific-antigen,https://www.myglobalhealth.online/product-page/psa-test-prostatic-specific-antigen,,dofollow,broken,2026-05-15,,DataForSEO via OpenSEO,domain_rank|spam_score,19|0,ireland,directory,reclaim-broken,seo/tracking/raw/2026-09-15/A7-market/backlinks-profile-as_is-page2.json,https://www.myglobalhealth.online/ireland/en/lab-tests/psa-prostate-test,404,
2026-09-15,globalguestgg.wixsite.com,https://globalguestgg.wixsite.com/mysite/product-page/heart-health-home-test,https://www.myglobalhealth.online/product-page/heart-health-home-test,,dofollow,broken,2026-05-15,,DataForSEO via OpenSEO,domain_rank|spam_score,19|0,ireland,directory,reclaim-broken,seo/tracking/raw/2026-09-15/A7-market/backlinks-profile-as_is-page2.json,https://www.myglobalhealth.online/ireland/en/lab-tests/heart-health-cholesterol-test,404,
2026-09-15,globalguestgg.wixsite.com,https://globalguestgg.wixsite.com/mysite/product-page/amh-test-anti-m%C3%BCllerian-hormone,https://www.myglobalhealth.online/product-page/amh-test-anti-m%C3%BCllerian-hormone,,dofollow,broken,2026-05-15,,DataForSEO via OpenSEO,domain_rank|spam_score,19|0,ireland,directory,reclaim-broken,seo/tracking/raw/2026-09-15/A7-market/backlinks-profile-as_is-page2.json,https://www.myglobalhealth.online/ireland/en/lab-tests/amh-fertility-test,404,
2026-09-15,globalguestgg.wixsite.com,https://globalguestgg.wixsite.com/mysite/product-page/vitamin-b12-blood-test,https://www.myglobalhealth.online/product-page/vitamin-b12-blood-test,,dofollow,broken,2026-05-15,,DataForSEO via OpenSEO,domain_rank|spam_score,19|0,ireland,directory,reclaim-broken,seo/tracking/raw/2026-09-15/A7-market/backlinks-profile-as_is-page2.json,https://www.myglobalhealth.online/ireland/en/lab-tests/vitamin-b12-test,404,
2026-09-15,globalguestgg.wixsite.com,https://globalguestgg.wixsite.com/mysite/product-page/male-hormone-test,https://www.myglobalhealth.online/product-page/male-hormone-test,,dofollow,broken,2026-05-15,,DataForSEO via OpenSEO,domain_rank|spam_score,19|0,ireland,directory,reclaim-broken,seo/tracking/raw/2026-09-15/A7-market/backlinks-profile-as_is-page2.json,https://www.myglobalhealth.online/ireland/en/lab-tests/male-hormone-test,404,
2026-09-15,globalguestgg.wixsite.com,https://globalguestgg.wixsite.com/mysite/product-page/vitamin-d-blood-test,https://www.myglobalhealth.online/product-page/vitamin-d-blood-test,,dofollow,broken,2026-05-15,,DataForSEO via OpenSEO,domain_rank|spam_score,19|0,ireland,directory,reclaim-broken,seo/tracking/raw/2026-09-15/A7-market/backlinks-profile-as_is-page2.json,https://www.myglobalhealth.online/ireland/en/lab-tests/vitamin-d-test,404,
2026-09-15,globalguestgg.wixsite.com,https://globalguestgg.wixsite.com/mysite/pricing-plans/checkout-1?planId=f783e348-d4b0-40c4-945c-8674c8cf5b2c&checkoutFlowId=e76e1e71-0806-4d08-acf2-94d03068de47,https://www.myglobalhealth.online/pricing-plans/checkout-1?planId=f783e348-d4b0-40c4-945c-8674c8cf5b2c&checkoutFlowId=e76e1e71-0806-4d08-acf2-94d03068de47,,dofollow,live,2026-06-17,,DataForSEO via OpenSEO,domain_rank|spam_score,19|0,ireland,directory,keep,seo/tracking/raw/2026-09-15/A7-market/backlinks-profile-as_is-page2.json,https://www.myglobalhealth.online/ireland/en/pricing?planId=f783e348-d4b0-40c4-945c-8674c8cf5b2c&checkoutFlowId=e76e1e71-0806-4d08-acf2-94d03068de47,200,
2026-09-15,globalguestgg.wixsite.com,https://globalguestgg.wixsite.com/mysite/pricing-plans/checkout-1?planId=438253f2-9f0c-46cb-931c-e9d8f4222b8a&checkoutFlowId=573165e6-19de-4b65-8069-590e3cdc4f09,https://www.myglobalhealth.online/pricing-plans/checkout-1?planId=438253f2-9f0c-46cb-931c-e9d8f4222b8a&checkoutFlowId=573165e6-19de-4b65-8069-590e3cdc4f09,,dofollow,live,2026-06-17,,DataForSEO via OpenSEO,domain_rank|spam_score,19|0,ireland,directory,keep,seo/tracking/raw/2026-09-15/A7-market/backlinks-profile-as_is-page2.json,https://www.myglobalhealth.online/ireland/en/pricing?planId=438253f2-9f0c-46cb-931c-e9d8f4222b8a&checkoutFlowId=573165e6-19de-4b65-8069-590e3cdc4f09,200,
2026-09-15,globalguestgg.wixsite.com,https://globalguestgg.wixsite.com/mysite/pricing-plans/checkout-1?planId=2e379317-4191-4cb5-a957-3009c1b1bcc4&checkoutFlowId=60680f6b-c925-4c88-b299-c4c15c9c8e55,https://www.myglobalhealth.online/pricing-plans/checkout-1?planId=2e379317-4191-4cb5-a957-3009c1b1bcc4&checkoutFlowId=60680f6b-c925-4c88-b299-c4c15c9c8e55,,dofollow,live,2026-06-17,,DataForSEO via OpenSEO,domain_rank|spam_score,19|0,ireland,directory,keep,seo/tracking/raw/2026-09-15/A7-market/backlinks-profile-as_is-page2.json,https://www.myglobalhealth.online/ireland/en/pricing?planId=2e379317-4191-4cb5-a957-3009c1b1bcc4&checkoutFlowId=60680f6b-c925-4c88-b299-c4c15c9c8e55,200,
2026-09-15,www.coombecommunitypharmacy.ie,https://www.coombecommunitypharmacy.ie/,https://www.myglobalhealth.online/services-1-4,Global Health,dofollow,live,2026-05-13,,DataForSEO via OpenSEO,domain_rank|spam_score,18|10,ireland,medical,keep,seo/tracking/raw/2026-09-15/A7-market/backlinks-profile-as_is-page2.json,https://www.myglobalhealth.online/ireland/en,200,noreferrer|noopener
2026-09-15,mudr.cz,https://mudr.cz/poskytovatel/245746,http://www.myglobalhealth.online/,www.myglobalhealth.online,dofollow,live,2026-08-20,,DataForSEO via OpenSEO,domain_rank|spam_score,18|0,,medical,keep,seo/tracking/raw/2026-09-15/A7-market/backlinks-profile-as_is-page2.json,https://www.myglobalhealth.online/,200,noopener
2026-09-15,ryzonlabs.com,https://ryzonlabs.com/work,https://www.myglobalhealth.online/,"01LiveHealthTech · Platform01 / 16Global HealthOnline Clinic PlatformA multi-country online healthcare platform for consultations, specialists, prescriptions, and home delivery, built to support digital patient journeys across European markets.HealthTechMulti-CountryOnline ConsultationsPatient JourneyVisit Project",dofollow,live,2026-08-28,,DataForSEO via OpenSEO,domain_rank|spam_score,18|0,,directory,keep,seo/tracking/raw/2026-09-15/A7-market/backlinks-profile-as_is-page2.json,https://www.myglobalhealth.online/,200,noopener|noreferrer
2026-09-15,ryzonlabs.com,https://ryzonlabs.com/,https://www.myglobalhealth.online/,Live Project,dofollow,live,2026-08-28,,DataForSEO via OpenSEO,domain_rank|spam_score,18|0,,directory,keep,seo/tracking/raw/2026-09-15/A7-market/backlinks-profile-as_is-page2.json,https://www.myglobalhealth.online/,200,noopener|noreferrer
2026-09-15,globalguestgg.wixsite.com,https://globalguestgg.wixsite.com/mysite/booking-calendar/ie-paediatric-primary-care-cons?utm_medium=page_links,https://www.myglobalhealth.online/booking-calendar/ie-paediatric-primary-care-cons?utm_medium=page_links,,dofollow,live,2026-06-05,,DataForSEO via OpenSEO,domain_rank|spam_score,18|0,ireland,directory,keep,seo/tracking/raw/2026-09-15/A7-market/backlinks-profile-as_is-page2.json,https://www.myglobalhealth.online/ireland/en/services/paediatric-consultation?utm_medium=page_links,200,
2026-09-15,www.musweb.org,https://www.musweb.org/page-73b3d76d09f8ab189fec1c85908e1735.html,https://myglobalhealth.online/,myglobalhealth.online,dofollow,live,2026-02-14,,DataForSEO via OpenSEO,domain_rank|spam_score,17|60,,spam-suspect,disavow-review,seo/tracking/raw/2026-09-15/A7-market/backlinks-profile-as_is-page2.json,https://www.myglobalhealth.online/,200,
2026-09-15,www.wallpapers.pro,https://www.wallpapers.pro/5e41b23836ef6737fc63b6c21be43690-l/,https://myglobalhealth.online/,myglobalhealth.online,dofollow,live,2026-04-30,,DataForSEO via OpenSEO,domain_rank|spam_score,14|50,,spam-suspect,disavow-review,seo/tracking/raw/2026-09-15/A7-market/backlinks-profile-as_is-page2.json,https://www.myglobalhealth.online/,200,
2026-09-15,mudr.cz,https://mudr.cz/hledat?q=Oslavany,http://www.myglobalhealth.online/,www.myglobalhealth.online,dofollow,live,2026-08-21,,DataForSEO via OpenSEO,domain_rank|spam_score,13|0,,medical,keep,seo/tracking/raw/2026-09-15/A7-market/backlinks-profile-as_is-page2.json,https://www.myglobalhealth.online/,200,noopener
2026-09-15,www.simplewebdirectory.com,https://www.simplewebdirectory.com/5e41b23836ef6737fc63b6c21be43690-l/,https://myglobalhealth.online/,myglobalhealth.online,dofollow,live,2026-01-17,,DataForSEO via OpenSEO,domain_rank|spam_score,13|60,,spam-suspect,disavow-review,seo/tracking/raw/2026-09-15/A7-market/backlinks-profile-as_is-page2.json,https://www.myglobalhealth.online/,200,
2026-09-15,robuta.com,https://robuta.com/?q=consultation+online,https://www.myglobalhealth.online/es/ireland/diabetes-consultation,Diabetes Consultation Online Ireland | Global Health,dofollow,broken,2026-06-30,,DataForSEO via OpenSEO,domain_rank|spam_score,12|15,ireland,directory,reclaim-broken,seo/tracking/raw/2026-09-15/A7-market/backlinks-profile-as_is-page2.json,https://www.myglobalhealth.online/ireland/en/gp-consultation-online,200,
2026-09-15,robuta.com,https://robuta.com/?q=consultation+online,https://www.myglobalhealth.online/cs/spain-specialist-consultations/consulta-ortop%C3%A9dica,Orthopedic Consultation Online Spain | Global Health,dofollow,broken,2026-06-30,,DataForSEO via OpenSEO,domain_rank|spam_score,12|15,spain,directory,reclaim-broken,seo/tracking/raw/2026-09-15/A7-market/backlinks-profile-as_is-page2.json,https://www.myglobalhealth.online/spain/es/see-a-specialist,200,
2026-09-15,www.read.org.in,https://www.read.org.in/page-73b3d76d09f8ab189fec1c85908e1735.html,https://myglobalhealth.online/,myglobalhealth.online,dofollow,live,2026-06-24,,DataForSEO via OpenSEO,domain_rank|spam_score,12|60,,spam-suspect,disavow-review,seo/tracking/raw/2026-09-15/A7-market/backlinks-profile-as_is-page2.json,https://www.myglobalhealth.online/,200,
2026-09-15,australianwebdirectory.pro,https://australianwebdirectory.pro/5e41b23836ef6737fc63b6c21be43690-l/,https://myglobalhealth.online/,myglobalhealth.online,dofollow,live,2025-08-03,,DataForSEO via OpenSEO,domain_rank|spam_score,12|70,,spam-suspect,disavow-review,seo/tracking/raw/2026-09-15/A7-market/backlinks-profile-as_is-page2.json,https://www.myglobalhealth.online/,200,
2026-09-15,read.org.in,https://read.org.in/page-73b3d76d09f8ab189fec1c85908e1735.html,https://myglobalhealth.online/,myglobalhealth.online,dofollow,live,2026-05-03,,DataForSEO via OpenSEO,domain_rank|spam_score,11|60,,spam-suspect,disavow-review,seo/tracking/raw/2026-09-15/A7-market/backlinks-profile-as_is-page2.json,https://www.myglobalhealth.online/,200,
2026-09-15,plumeriamarketing.com,https://plumeriamarketing.com/all/885/27.html,https://myglobalhealth.online/,High Quality Dofollow Backlinks DA 50 PA 40 Premium PBN Network Service myglobalhealth.online Rank First Page Google Fast SEO Link Building Buy Backlinks Online Cheap,dofollow,live,2026-07-07,,DataForSEO via OpenSEO,domain_rank|spam_score,9|70,,spam-suspect,disavow-review,seo/tracking/raw/2026-09-15/A7-market/backlinks-profile-as_is-page2.json,https://www.myglobalhealth.online/,200,noopener
2026-09-15,ggmap.us.com,https://ggmap.us.com/all/2005/3.html,https://myglobalhealth.online/,High Quality Dofollow Backlinks DA 50 PA 40 Premium PBN Network Service myglobalhealth.online Rank First Page Google Fast SEO Link Building Buy Backlinks Online Cheap,dofollow,live,2026-08-01,,DataForSEO via OpenSEO,domain_rank|spam_score,8|60,,spam-suspect,disavow-review,seo/tracking/raw/2026-09-15/A7-market/backlinks-profile-as_is-page2.json,https://www.myglobalhealth.online/,200,noopener
2026-09-15,alljobs.info,https://alljobs.info/5e41b23836ef6737fc63b6c21be43690-l/,https://myglobalhealth.online/,myglobalhealth.online,dofollow,live,2026-01-26,,DataForSEO via OpenSEO,domain_rank|spam_score,8|50,,spam-suspect,disavow-review,seo/tracking/raw/2026-09-15/A7-market/backlinks-profile-as_is-page2.json,https://www.myglobalhealth.online/,200,
2026-09-15,ready.pro,https://ready.pro/stats/98353,https://myglobalhealth.online/,myglobalhealth.online,nofollow,live,2026-02-03,,DataForSEO via OpenSEO,domain_rank|spam_score,5|50,,spam-suspect,disavow-review,seo/tracking/raw/2026-09-15/A7-market/backlinks-profile-as_is-page2.json,https://www.myglobalhealth.online/,200,nofollow
2026-09-15,uncledspizza.com,https://uncledspizza.com/all/2005/3.html,https://myglobalhealth.online/,High Quality Dofollow Backlinks DA 50 PA 40 Premium PBN Network Service myglobalhealth.online Rank First Page Google Fast SEO Link Building Buy Backlinks Online Cheap,dofollow,live,2026-08-29,,DataForSEO via OpenSEO,domain_rank|spam_score,3|60,,spam-suspect,disavow-review,seo/tracking/raw/2026-09-15/A7-market/backlinks-profile-as_is-page2.json,https://www.myglobalhealth.online/,200,noopener
2026-09-15,homesforsaleoldgreenwichct.com,https://homesforsaleoldgreenwichct.com/all/2005/3.html,https://myglobalhealth.online/,High Quality Dofollow Backlinks DA 50 PA 40 Premium PBN Network Service myglobalhealth.online Rank First Page Google Fast SEO Link Building Buy Backlinks Online Cheap,dofollow,live,2026-08-13,,DataForSEO via OpenSEO,domain_rank|spam_score,3|70,,spam-suspect,disavow-review,seo/tracking/raw/2026-09-15/A7-market/backlinks-profile-as_is-page2.json,https://www.myglobalhealth.online/,200,noopener
2026-09-15,globalguestgg.wixsite.com,https://globalguestgg.wixsite.com/mysite/product-page/nutrition-and-lifestyle-home-dna-test,https://www.myglobalhealth.online/product-page/nutrition-and-lifestyle-home-dna-test,,dofollow,broken,2026-05-15,,DataForSEO via OpenSEO,domain_rank|spam_score,1|0,ireland,directory,reclaim-broken,seo/tracking/raw/2026-09-15/A7-market/backlinks-profile-as_is-page2.json,https://www.myglobalhealth.online/ireland/en/lab-tests/nutrition-lifestyle-dna-test,404,
2026-09-15,globalguestgg.wixsite.com,https://globalguestgg.wixsite.com/mysite/product-page/coeliac-disease-test,https://www.myglobalhealth.online/product-page/coeliac-disease-test,,dofollow,broken,2026-05-15,,DataForSEO via OpenSEO,domain_rank|spam_score,1|0,ireland,directory,reclaim-broken,seo/tracking/raw/2026-09-15/A7-market/backlinks-profile-as_is-page2.json,https://www.myglobalhealth.online/ireland/en/lab-tests/genetic-coeliac-disease-test,404,
2026-09-15,globalguestgg.wixsite.com,https://globalguestgg.wixsite.com/mysite/product-page/gut-microbiome-test,https://www.myglobalhealth.online/product-page/gut-microbiome-test,,dofollow,broken,2026-05-15,,DataForSEO via OpenSEO,domain_rank|spam_score,1|0,ireland,directory,reclaim-broken,seo/tracking/raw/2026-09-15/A7-market/backlinks-profile-as_is-page2.json,https://www.myglobalhealth.online/ireland/en/lab-tests/gut-microbiome-test,404,
2026-09-15,fashionclothingnews.com,https://fashionclothingnews.com/all/2005/3.html,https://myglobalhealth.online/,High Quality Dofollow Backlinks DA 50 PA 40 Premium PBN Network Service myglobalhealth.online Rank First Page Google Fast SEO Link Building Buy Backlinks Online Cheap,dofollow,live,2026-08-31,,DataForSEO via OpenSEO,domain_rank|spam_score,0|70,,spam-suspect,disavow-review,seo/tracking/raw/2026-09-15/A7-market/backlinks-profile-as_is-page2.json,https://www.myglobalhealth.online/,200,noopener
2026-09-15,ryzuntech.com,https://ryzuntech.com/portfolio,https://www.myglobalhealth.online/,myglobalhealth.online,dofollow,live,2026-08-28,,DataForSEO via OpenSEO,domain_rank|spam_score,0|0,,directory,keep,seo/tracking/raw/2026-09-15/A7-market/backlinks-profile-as_is-page3.json,https://www.myglobalhealth.online/,200,noopener|noreferrer
2026-09-15,ryzuntech.com,https://ryzuntech.com/services/social-media-marketing,https://www.myglobalhealth.online/,01myglobalhealth.onlineTelehealthMy Global Health,dofollow,live,2026-08-28,,DataForSEO via OpenSEO,domain_rank|spam_score,0|0,,directory,keep,seo/tracking/raw/2026-09-15/A7-market/backlinks-profile-as_is-page3.json,https://www.myglobalhealth.online/,200,noopener|noreferrer
2026-09-15,ryzuntech.com,https://ryzuntech.com/,https://www.myglobalhealth.online/,04myglobalhealth.onlineTelehealthMy Global Health,dofollow,live,2026-08-28,,DataForSEO via OpenSEO,domain_rank|spam_score,0|0,,directory,keep,seo/tracking/raw/2026-09-15/A7-market/backlinks-profile-as_is-page3.json,https://www.myglobalhealth.online/,200,noopener|noreferrer
2026-09-15,plurio.shop,https://plurio.shop/all/591/4.html,https://myglobalhealth.online/,High Quality Dofollow Backlinks DA 50 PA 40 Premium PBN Network Service myglobalhealth.online Rank First Page Google Fast SEO Link Building Buy Backlinks Online Cheap,dofollow,live,2026-08-25,,DataForSEO via OpenSEO,domain_rank|spam_score,0|60,,spam-suspect,disavow-review,seo/tracking/raw/2026-09-15/A7-market/backlinks-profile-as_is-page3.json,https://www.myglobalhealth.online/,200,noopener
2026-09-15,informacja.com,https://informacja.com/firmy/doctify-6a33c704861ad,https://www.myglobalhealth.online/home,https://www.myglobalhealth.online/home,dofollow,live,2026-08-08,,DataForSEO via OpenSEO,domain_rank|spam_score,0|0,,directory,keep,seo/tracking/raw/2026-09-15/A7-market/backlinks-profile-as_is-page3.json,https://www.myglobalhealth.online/,200,noopener
2026-09-15,www.five.co.in,https://www.five.co.in/domains/18678/94cdf23ad8d5038d49a3656361c4eb1c/,https://myglobalhealth.online/,myglobalhealth.online,dofollow,live,2026-08-01,,DataForSEO via OpenSEO,domain_rank|spam_score,0|30,,directory,keep,seo/tracking/raw/2026-09-15/A7-market/backlinks-profile-as_is-page3.json,https://www.myglobalhealth.online/,200,noopener
2026-09-15,ycm.info,https://ycm.info/5e41b23836ef6737fc63b6c21be43690-l/,https://myglobalhealth.online/,myglobalhealth.online,dofollow,live,2026-03-19,,DataForSEO via OpenSEO,domain_rank|spam_score,0|50,,spam-suspect,disavow-review,seo/tracking/raw/2026-09-15/A7-market/backlinks-profile-as_is-page3.json,https://www.myglobalhealth.online/,200,
2026-09-15,www.tunca.org,https://www.tunca.org/5e41b23836ef6737fc63b6c21be43690-l/,https://myglobalhealth.online/,myglobalhealth.online,dofollow,live,2026-02-27,,DataForSEO via OpenSEO,domain_rank|spam_score,0|50,,spam-suspect,disavow-review,seo/tracking/raw/2026-09-15/A7-market/backlinks-profile-as_is-page3.json,https://www.myglobalhealth.online/,200,
2026-09-15,www.ycm.info,https://www.ycm.info/5e41b23836ef6737fc63b6c21be43690-l/,https://myglobalhealth.online/,myglobalhealth.online,dofollow,live,2026-03-24,,DataForSEO via OpenSEO,domain_rank|spam_score,0|50,,spam-suspect,disavow-review,seo/tracking/raw/2026-09-15/A7-market/backlinks-profile-as_is-page3.json,https://www.myglobalhealth.online/,200,
2026-09-15,2x9.co,https://2x9.co/page-73b3d76d09f8ab189fec1c85908e1735.html,https://myglobalhealth.online/,myglobalhealth.online,dofollow,live,2025-12-07,,DataForSEO via OpenSEO,domain_rank|spam_score,0|75,,spam-suspect,disavow-review,seo/tracking/raw/2026-09-15/A7-market/backlinks-profile-as_is-page3.json,https://www.myglobalhealth.online/,200,
