query,competing_urls,impressions_W1,clicks_W1,top_url,top_url_market,top_url_locale,top_url_section,best_position,cannibalisation_type,markets_involved,locales_involved,url_detail
calculator calorii,2,1604,19,https://www.myglobalhealth.online/romania/ro/tools/calorie-calculator,Romania,ro,tools,7.6,cross_market+wrong_locale,Romania|Spain,ro,https://www.myglobalhealth.online/romania/ro/tools/calorie-calculator [1578i/19c/p8] ;; https://www.myglobalhealth.online/spain/ro/tools/calorie-calculator [26i/0c/p22]
global health,19,306,20,https://www.myglobalhealth.online/spain/es,Spain,es,market_home,1.0,cross_market+wrong_locale,Brazil|Czechia|Ireland|Portugal|Romania|Spain,cs|en|es|pt|ro,https://www.myglobalhealth.online/spain/es [96i/1c/p8] ;; https://www.myglobalhealth.online [88i/4c/p18] ;; https://www.myglobalhealth.online/ireland/en [40i/1c/p6] ;; https://www.myglobalhealth.online/portugal/pt [38i/7c/p3] ;; https://www.myglobalhealth.online/czechia/cs [15i/6c/p3] ;; https://www.myglobalhealth.online/ireland/en/about [8i/0c/p42]
calculator de calorii,2,275,2,https://www.myglobalhealth.online/romania/ro/tools/calorie-calculator,Romania,ro,tools,7.8,cross_market+wrong_locale,Romania|Spain,ro,https://www.myglobalhealth.online/romania/ro/tools/calorie-calculator [272i/2c/p8] ;; https://www.myglobalhealth.online/spain/ro/tools/calorie-calculator [3i/0c/p18]
illness benefit ireland,3,183,0,https://www.myglobalhealth.online/ireland/en/blog/illness-benefit-ireland-how-to-claim,Ireland,en,blog,13.8,wrong_locale,Ireland,cs|en,https://www.myglobalhealth.online/ireland/en/blog/illness-benefit-ireland-how-to-claim [144i/0c/p14] ;; https://www.myglobalhealth.online/ireland/en/blog/illness-benefit-payment-ireland-rate-tax-timing [38i/0c/p14] ;; https://www.myglobalhealth.online/ireland/cs/blog/illness-benefit-irsko-jak-zazadat [1i/0c/p32]
medicos online,5,144,0,https://www.myglobalhealth.online/spain/es,Spain,es,market_home,10.0,cross_market+wrong_locale,Portugal|Romania|Spain,es|pt,https://www.myglobalhealth.online/spain/es [122i/0c/p23] ;; https://www.myglobalhealth.online/portugal/pt [11i/0c/p46] ;; https://www.myglobalhealth.online/portugal/es/services/consulta-medica [8i/0c/p79] ;; https://www.myglobalhealth.online/romania/es [2i/0c/p10] ;; https://www.myglobalhealth.online/spain/pt [1i/0c/p67]
consulta medica online,3,130,0,https://www.myglobalhealth.online/spain/es,Spain,es,market_home,42.4,cross_market+wrong_locale,Portugal|Spain,es|pt,https://www.myglobalhealth.online/spain/es [74i/0c/p42] ;; https://www.myglobalhealth.online/portugal/pt [40i/0c/p58] ;; https://www.myglobalhealth.online/portugal/es/services/consulta-medica [16i/0c/p89]
my global health,26,120,8,https://www.myglobalhealth.online,,,legacy_or_global,1.0,cross_market+wrong_locale,Czechia|Ireland|Portugal|Romania|Spain,cs|en|es|pt|ro,https://www.myglobalhealth.online [45i/5c/p2] ;; https://www.myglobalhealth.online/ireland/en/about [15i/1c/p1] ;; https://www.myglobalhealth.online/romania/ro/faq [11i/0c/p6] ;; https://www.myglobalhealth.online/privacy [6i/0c/p1] ;; https://www.myglobalhealth.online/service-page/ie-medical-consultation [5i/0c/p2] ;; https://www.myglobalhealth.online/ireland/en [4i/0c/p2]
neschopenka,3,104,0,https://www.myglobalhealth.online/czechia/cs/blog/neschopenka-jak-funguje-eneschopenka,Czechia,cs,blog,1.4,wrong_locale,Czechia,cs|de|en,https://www.myglobalhealth.online/czechia/cs/blog/neschopenka-jak-funguje-eneschopenka [91i/0c/p25] ;; https://www.myglobalhealth.online/czechia/en/blog/neschopenka-czech-sick-note-explained [11i/0c/p1] ;; https://www.myglobalhealth.online/czechia/de/blog/neschopenka-krankschreibung-in-tschechien [2i/0c/p2]
global health ireland,5,100,5,https://www.myglobalhealth.online,,,legacy_or_global,3.0,wrong_locale,Ireland,en|pt,https://www.myglobalhealth.online [40i/3c/p6] ;; https://www.myglobalhealth.online/ireland/en [24i/0c/p10] ;; https://myglobalhealth.online/ie/en/book [20i/0c/p15] ;; https://www.myglobalhealth.online/ireland/en/about [15i/1c/p6] ;; https://www.myglobalhealth.online/ireland/pt [1i/1c/p3]
médico online,4,97,0,https://www.myglobalhealth.online/portugal/pt,Portugal,pt,market_home,25.9,cross_market+wrong_locale,Brazil|Portugal|Spain,es|pt,https://www.myglobalhealth.online/portugal/pt [44i/0c/p58] ;; https://www.myglobalhealth.online/spain/es [30i/0c/p26] ;; https://www.myglobalhealth.online/portugal/es/services/consulta-medica [22i/0c/p86] ;; https://www.myglobalhealth.online/brazil/pt [1i/0c/p26]
medico online portugal,4,97,0,https://www.myglobalhealth.online/portugal/pt,Portugal,pt,market_home,4.0,wrong_locale,Portugal,es|pt,https://www.myglobalhealth.online/portugal/pt [61i/0c/p38] ;; https://www.myglobalhealth.online/portugal/es/services/consulta-medica [32i/0c/p82] ;; https://www.myglobalhealth.online/portugal/pt/health/atestado-medico-online [3i/0c/p32] ;; https://www.myglobalhealth.online/portugal/es [1i/0c/p4]
psiquiatra online,2,93,0,https://www.myglobalhealth.online/spain/pt/services/psiquiatra-online,Spain,pt,services,59.4,wrong_locale,Spain,en|pt,https://www.myglobalhealth.online/spain/pt/services/psiquiatra-online [51i/0c/p59] ;; https://www.myglobalhealth.online/spain/en/services/psiquiatra-online [42i/0c/p75]
how much is illness benefit in ireland,2,90,1,https://www.myglobalhealth.online/ireland/en/blog/illness-benefit-payment-ireland-rate-tax-timing,Ireland,en,blog,8.1,no,Ireland,en,https://www.myglobalhealth.online/ireland/en/blog/illness-benefit-payment-ireland-rate-tax-timing [75i/1c/p8] ;; https://www.myglobalhealth.online/ireland/en/blog/illness-benefit-ireland-how-to-claim [15i/0c/p28]
calculator deficit caloric,2,82,0,https://www.myglobalhealth.online/romania/ro/tools/calorie-calculator,Romania,ro,tools,9.9,cross_market+wrong_locale,Romania|Spain,ro,https://www.myglobalhealth.online/romania/ro/tools/calorie-calculator [79i/0c/p10] ;; https://www.myglobalhealth.online/spain/ro/tools/calorie-calculator [3i/0c/p20]
medico online,5,81,0,https://www.myglobalhealth.online/spain/es,Spain,es,market_home,6.0,cross_market+wrong_locale,Ireland|Portugal|Spain,es|pt,https://www.myglobalhealth.online/spain/es [61i/0c/p30] ;; https://www.myglobalhealth.online/portugal/pt [11i/0c/p58] ;; https://www.myglobalhealth.online/portugal/es/services/consulta-medica [6i/0c/p88] ;; https://www.myglobalhealth.online/ireland/pt [2i/0c/p6] ;; https://www.myglobalhealth.online/portugal/es [1i/0c/p8]
healthy online,3,79,0,https://www.myglobalhealth.online/spain/es,Spain,es,market_home,1.0,cross_market,Czechia|Spain,cs|es,https://www.myglobalhealth.online/spain/es [74i/0c/p5] ;; https://www.myglobalhealth.online/czechia/cs [4i/0c/p2] ;; https://www.myglobalhealth.online/czechia/cs/blog/lekar-online-24-7-co-vyresi [1i/0c/p1]
global health online,3,75,7,https://www.myglobalhealth.online,,,legacy_or_global,2.5,no,Ireland,en,https://www.myglobalhealth.online [69i/6c/p5] ;; https://www.myglobalhealth.online/ireland/en/about [4i/1c/p2] ;; https://www.myglobalhealth.online/about [2i/0c/p10]
consulta cardio online,5,73,0,https://www.myglobalhealth.online/portugal/pt/services/consulta-cardiologia,Portugal,pt,services,18.1,cross_market+wrong_locale,Portugal|Spain,pt,https://www.myglobalhealth.online/portugal/pt/services/consulta-cardiologia [26i/0c/p18] ;; https://www.myglobalhealth.online/spain/pt/services/cardiologo-online [24i/0c/p81] ;; https://www.myglobalhealth.online/portugal/pt [18i/0c/p72] ;; https://www.myglobalhealth.online/pt/portugal-specialist-consultations/consulta-de-cardiologia [3i/0c/p71] ;; https://www.myglobalhealth.online/spain/pt [2i/0c/p76]
adhd test,4,73,0,https://www.myglobalhealth.online/ireland/en/tools/adhd-test,Ireland,en,tools,3.0,cross_market+wrong_locale,Czechia|Ireland|Portugal|Romania,cs|en|ro,https://www.myglobalhealth.online/ireland/en/tools/adhd-test [41i/0c/p68] ;; https://www.myglobalhealth.online/czechia/cs/tools/adhd-test [30i/0c/p19] ;; https://www.myglobalhealth.online/portugal/cs/tools/adhd-test [1i/0c/p3] ;; https://www.myglobalhealth.online/romania/ro/tools/adhd-test [1i/0c/p45]
medicina online,4,72,0,https://www.myglobalhealth.online/spain/es,Spain,es,market_home,13.5,cross_market+wrong_locale,Portugal|Romania|Spain,es|pt|ro,https://www.myglobalhealth.online/spain/es [63i/0c/p37] ;; https://www.myglobalhealth.online/romania/ro [6i/0c/p14] ;; https://www.myglobalhealth.online/portugal/pt [2i/0c/p46] ;; https://www.myglobalhealth.online/portugal/es/services/consulta-medica [1i/0c/p67]
consultas médicas online,3,72,0,https://www.myglobalhealth.online/spain/es,Spain,es,market_home,48.7,cross_market+wrong_locale,Portugal|Spain,es|pt,https://www.myglobalhealth.online/spain/es [35i/0c/p49] ;; https://www.myglobalhealth.online/portugal/pt [30i/0c/p60] ;; https://www.myglobalhealth.online/portugal/es/services/consulta-medica [7i/0c/p95]
tiago figueira,2,69,3,https://www.myglobalhealth.online/portugal/pt/doctors/dr-tiago-miguel-figueira,Portugal,pt,doctors,2.7,cross_market,Ireland|Portugal,en|pt,https://www.myglobalhealth.online/portugal/pt/doctors/dr-tiago-miguel-figueira [35i/3c/p3] ;; https://www.myglobalhealth.online/ireland/en/doctors/dr-tiago-miguel-figueira [34i/0c/p6]
bmi kalkulačka,3,67,0,https://www.myglobalhealth.online/czechia/cs/tools/bmi-calculator,Czechia,cs,tools,9.5,cross_market+wrong_locale,Czechia|Ireland|Portugal,cs,https://www.myglobalhealth.online/czechia/cs/tools/bmi-calculator [63i/0c/p29] ;; https://www.myglobalhealth.online/ireland/cs/tools/bmi-calculator [2i/0c/p16] ;; https://www.myglobalhealth.online/portugal/cs/tools/bmi-calculator [2i/0c/p10]
same day sick cert,3,64,0,https://www.myglobalhealth.online/ireland/en/services/sick-certificate-ireland,Ireland,en,services,18.3,wrong_locale,Ireland,en|es|ro,https://www.myglobalhealth.online/ireland/en/services/sick-certificate-ireland [36i/0c/p52] ;; https://www.myglobalhealth.online/ireland/es/health/sick-cert-online [17i/0c/p18] ;; https://www.myglobalhealth.online/ireland/ro/health/sick-cert-online [11i/0c/p43]
sick cert online,3,62,0,https://www.myglobalhealth.online/ireland/sick-leave,Ireland,,market_home,27.0,wrong_locale,Ireland,es|ro,https://www.myglobalhealth.online/ireland/sick-leave [37i/0c/p53] ;; https://www.myglobalhealth.online/ireland/es/health/sick-cert-online [15i/0c/p27] ;; https://www.myglobalhealth.online/ireland/ro/health/sick-cert-online [10i/0c/p55]
global health care,7,62,0,https://www.myglobalhealth.online,,,legacy_or_global,6.5,no,Ireland,en,https://www.myglobalhealth.online [43i/0c/p53] ;; https://www.myglobalhealth.online/about [10i/0c/p30] ;; https://www.myglobalhealth.online/ireland/en [2i/0c/p13] ;; https://www.myglobalhealth.online/ireland/en/contact [2i/0c/p7] ;; https://www.myglobalhealth.online/ireland/en/about [2i/0c/p6] ;; https://www.myglobalhealth.online/pt [2i/0c/p13]
illness benefit,3,61,1,https://www.myglobalhealth.online/ireland/en/blog/illness-benefit-ireland-how-to-claim,Ireland,en,blog,18.9,wrong_locale,Ireland,cs|en,https://www.myglobalhealth.online/ireland/en/blog/illness-benefit-ireland-how-to-claim [44i/0c/p19] ;; https://www.myglobalhealth.online/ireland/en/blog/illness-benefit-payment-ireland-rate-tax-timing [16i/1c/p21] ;; https://www.myglobalhealth.online/ireland/cs/blog/illness-benefit-irsko-jak-zazadat [1i/0c/p50]
alfredo del valle moreno montañez,4,61,10,https://www.myglobalhealth.online/spain/es/doctors/dr-alfredo-del-valle,Spain,es,doctors,3.7,wrong_locale,Spain,cs|es,https://www.myglobalhealth.online/spain/es/doctors/dr-alfredo-del-valle [58i/10c/p4] ;; https://www.myglobalhealth.online/spain/cs/doctors/dr-alfredo-del-valle [1i/0c/p9] ;; https://www.myglobalhealth.online/spain/es/blog/dermatologo-online-que-puede-resolver [1i/0c/p11] ;; https://www.myglobalhealth.online/spain/es/see-a-specialist [1i/0c/p21]
global healthcare,3,61,0,https://www.myglobalhealth.online,,,legacy_or_global,33.1,no,Spain,es,https://www.myglobalhealth.online [48i/0c/p55] ;; https://www.myglobalhealth.online/about [12i/0c/p33] ;; https://www.myglobalhealth.online/spain/es [1i/0c/p57]
adhd assessment,2,60,0,https://www.myglobalhealth.online/ireland/en/tools/adhd-test,Ireland,en,tools,42.8,no,Ireland,en,https://www.myglobalhealth.online/ireland/en/tools/adhd-test [41i/0c/p76] ;; https://www.myglobalhealth.online/ireland/en/blog/adult-adhd-assessment-ireland-public-private-routes [19i/0c/p43]
cita medico,5,58,0,https://www.myglobalhealth.online/portugal/es/services/consulta-medica,Portugal,es,services,2.7,cross_market+wrong_locale,Ireland|Portugal|Romania,es,https://www.myglobalhealth.online/portugal/es/services/consulta-medica [30i/0c/p6] ;; https://www.myglobalhealth.online/portugal/es [14i/0c/p8] ;; https://www.myglobalhealth.online/ireland/es [9i/0c/p6] ;; https://www.myglobalhealth.online/ireland/es/contact [3i/0c/p3] ;; https://www.myglobalhealth.online/romania/es [2i/0c/p3]
ce scade tensiunea imediat,2,58,0,https://www.myglobalhealth.online/romania/ro/blog/ce-scade-tensiunea-arteriala-rapid-sigur,Romania,ro,blog,8.0,cross_market+wrong_locale,Romania|Spain,ro,https://www.myglobalhealth.online/romania/ro/blog/ce-scade-tensiunea-arteriala-rapid-sigur [39i/0c/p8] ;; https://www.myglobalhealth.online/spain/ro/blog/cum-se-scade-tensiunea-ce-functioneaza-conform-ghidurilor-si-ce-doar-pare-sa-fun [19i/0c/p16]
dabup,2,57,0,https://www.myglobalhealth.online/ireland/en/doctors/dr-emmanuel-dabup,Ireland,en,doctors,1.0,wrong_locale,Ireland,cs|en,https://www.myglobalhealth.online/ireland/en/doctors/dr-emmanuel-dabup [56i/0c/p5] ;; https://www.myglobalhealth.online/ireland/cs/doctors/dr-emmanuel-dabup [1i/0c/p1]
medical certificate ireland,2,57,0,https://www.myglobalhealth.online/ireland/sick-leave,Ireland,,market_home,35.6,wrong_locale,Ireland,es,https://www.myglobalhealth.online/ireland/sick-leave [37i/0c/p60] ;; https://www.myglobalhealth.online/ireland/es/health/sick-cert-online [20i/0c/p36]
exame medico carta condução,2,56,0,https://www.myglobalhealth.online/portugal/pt/services/certificado-medico-carta-de-conducao,Portugal,pt,services,37.8,no,Portugal,pt,https://www.myglobalhealth.online/portugal/pt/services/certificado-medico-carta-de-conducao [39i/0c/p50] ;; https://www.myglobalhealth.online/portugal/pt/blog/atestado-medico-para-carta-de-conducao [17i/0c/p38]
praktický lékař online,3,55,0,https://www.myglobalhealth.online/czechia/cs/gp-consultation-online,Czechia,cs,gp-consultation-online,12.7,no,Czechia,cs,https://www.myglobalhealth.online/czechia/cs/gp-consultation-online [52i/0c/p13] ;; https://www.myglobalhealth.online/czechia/cs/blog/lekar-online-24-7-co-vyresi [2i/0c/p46] ;; https://www.myglobalhealth.online/czechia/cs [1i/0c/p20]
online doctor,4,54,0,https://www.myglobalhealth.online/spain/es,Spain,es,market_home,17.7,cross_market+wrong_locale,Portugal|Romania|Spain,en|es|pt|ro,https://www.myglobalhealth.online/spain/es [46i/0c/p30] ;; https://www.myglobalhealth.online/romania/en [3i/0c/p18] ;; https://www.myglobalhealth.online/romania/ro [3i/0c/p20] ;; https://www.myglobalhealth.online/portugal/pt [2i/0c/p65]
clinic global health,6,54,0,https://www.myglobalhealth.online/brazil/pt/faq,Brazil,pt,faq,3.0,wrong_locale,Brazil,en|pt,https://www.myglobalhealth.online/brazil/pt/faq [26i/0c/p10] ;; https://www.myglobalhealth.online [21i/0c/p8] ;; https://www.myglobalhealth.online/brazil/en/contact [3i/0c/p5] ;; https://www.myglobalhealth.online/brazil/pt/about [2i/0c/p10] ;; https://www.myglobalhealth.online/brazil/en/about [1i/0c/p10] ;; https://www.myglobalhealth.online/brazil/pt [1i/0c/p3]
atestado medico carta condução,2,53,0,https://www.myglobalhealth.online/portugal/pt/blog/atestado-medico-para-carta-de-conducao,Portugal,pt,blog,37.6,no,Portugal,pt,https://www.myglobalhealth.online/portugal/pt/blog/atestado-medico-para-carta-de-conducao [28i/0c/p38] ;; https://www.myglobalhealth.online/portugal/pt/services/certificado-medico-carta-de-conducao [25i/0c/p62]
consulta online saúde masculina,2,52,0,https://www.myglobalhealth.online/brazil/de/services/saude-do-homem-online,Brazil,de,services,19.5,wrong_locale,Brazil,de|pt,https://www.myglobalhealth.online/brazil/de/services/saude-do-homem-online [32i/0c/p19] ;; https://www.myglobalhealth.online/brazil/pt/services/saude-do-homem-online [20i/0c/p40]
atestado para carta de condução,2,52,0,https://www.myglobalhealth.online/portugal/pt/blog/atestado-medico-para-carta-de-conducao,Portugal,pt,blog,38.8,no,Portugal,pt,https://www.myglobalhealth.online/portugal/pt/blog/atestado-medico-para-carta-de-conducao [30i/0c/p39] ;; https://www.myglobalhealth.online/portugal/pt/services/certificado-medico-carta-de-conducao [22i/0c/p66]
calculator necesar caloric,2,51,0,https://www.myglobalhealth.online/romania/ro/tools/calorie-calculator,Romania,ro,tools,10.4,cross_market+wrong_locale,Romania|Spain,ro,https://www.myglobalhealth.online/romania/ro/tools/calorie-calculator [44i/0c/p10] ;; https://www.myglobalhealth.online/spain/ro/tools/calorie-calculator [7i/0c/p20]
atestado médico para carta de condução,2,51,0,https://www.myglobalhealth.online/portugal/pt/services/certificado-medico-carta-de-conducao,Portugal,pt,services,36.9,no,Portugal,pt,https://www.myglobalhealth.online/portugal/pt/services/certificado-medico-carta-de-conducao [37i/0c/p44] ;; https://www.myglobalhealth.online/portugal/pt/blog/atestado-medico-para-carta-de-conducao [14i/0c/p37]
atestado medico para carta de condução,2,51,0,https://www.myglobalhealth.online/portugal/pt/services/certificado-medico-carta-de-conducao,Portugal,pt,services,35.9,no,Portugal,pt,https://www.myglobalhealth.online/portugal/pt/services/certificado-medico-carta-de-conducao [37i/0c/p46] ;; https://www.myglobalhealth.online/portugal/pt/blog/atestado-medico-para-carta-de-conducao [14i/0c/p36]
site:www.myglobalhealth.online,30,50,0,https://www.myglobalhealth.online,,,legacy_or_global,1.0,cross_market+wrong_locale,Brazil|Czechia|Ireland|Portugal|Romania|Spain,cs|de|en|es|pt|ro,https://www.myglobalhealth.online [2i/0c/p1] ;; https://www.myglobalhealth.online/brazil/en [2i/0c/p25] ;; https://www.myglobalhealth.online/brazil/es [2i/0c/p8] ;; https://www.myglobalhealth.online/czechia/cs [2i/0c/p22] ;; https://www.myglobalhealth.online/czechia/cs/careers [2i/0c/p27] ;; https://www.myglobalhealth.online/czechia/es [2i/0c/p10]
doctor online,5,49,0,https://www.myglobalhealth.online/spain/es,Spain,es,market_home,2.0,cross_market+wrong_locale,Czechia|Portugal|Romania|Spain,cs|en|es|pt|ro,https://www.myglobalhealth.online/spain/es [23i/0c/p22] ;; https://www.myglobalhealth.online/portugal/pt [10i/0c/p26] ;; https://www.myglobalhealth.online/romania/ro [9i/0c/p18] ;; https://www.myglobalhealth.online/romania/en [6i/0c/p17] ;; https://www.myglobalhealth.online/czechia/cs/blog/lekar-online-24-7-co-vyresi [1i/0c/p2]
consulta médica online,3,48,0,https://www.myglobalhealth.online/spain/es,Spain,es,market_home,37.7,cross_market+wrong_locale,Portugal|Spain,es|pt,https://www.myglobalhealth.online/spain/es [27i/0c/p38] ;; https://www.myglobalhealth.online/portugal/pt [15i/0c/p60] ;; https://www.myglobalhealth.online/portugal/es/services/consulta-medica [6i/0c/p89]
online lab test consultations,6,48,0,https://www.myglobalhealth.online/ireland/en/lab-tests,Ireland,en,lab-tests,25.8,no,Ireland,en,https://www.myglobalhealth.online/ireland/en/lab-tests [17i/0c/p40] ;; https://www.myglobalhealth.online/ireland/en/services/referral-and-investigations [15i/0c/p26] ;; https://www.myglobalhealth.online/ireland/en/see-a-specialist [8i/0c/p88] ;; https://www.myglobalhealth.online/ireland/self-referral [4i/0c/p75] ;; https://www.myglobalhealth.online/ireland/en/book [3i/0c/p57] ;; https://www.myglobalhealth.online/ireland/en/gp-consultation-online [1i/0c/p96]
global health services provider,2,47,0,https://www.myglobalhealth.online,,,legacy_or_global,20.9,no,legacy/global,,https://www.myglobalhealth.online [37i/0c/p48] ;; https://www.myglobalhealth.online/about [10i/0c/p21]
calculator deficit caloric femei,2,47,2,https://www.myglobalhealth.online/romania/ro/tools/calorie-calculator,Romania,ro,tools,8.4,cross_market+wrong_locale,Romania|Spain,ro,https://www.myglobalhealth.online/romania/ro/tools/calorie-calculator [43i/2c/p8] ;; https://www.myglobalhealth.online/spain/ro/tools/calorie-calculator [4i/0c/p21]
tomas ruiz palacios psicologo,3,47,12,https://www.myglobalhealth.online/spain/es/doctors/dr-tomas-ruiz-palacios,Spain,es,doctors,1.0,wrong_locale,Spain,cs|es,https://www.myglobalhealth.online/spain/es/doctors/dr-tomas-ruiz-palacios [23i/10c/p1] ;; https://www.myglobalhealth.online/spain/cs/doctors/dr-tomas-ruiz-palacios [12i/1c/p10] ;; https://www.myglobalhealth.online/spain/es/see-a-specialist [12i/1c/p4]
adult adhd assessment,2,47,0,https://www.myglobalhealth.online/ireland/en/tools/adhd-test,Ireland,en,tools,38.9,no,Ireland,en,https://www.myglobalhealth.online/ireland/en/tools/adhd-test [32i/0c/p72] ;; https://www.myglobalhealth.online/ireland/en/blog/adult-adhd-assessment-ireland-public-private-routes [15i/0c/p39]
sick note online,2,46,0,https://www.myglobalhealth.online/ireland/sick-leave,Ireland,,market_home,42.6,wrong_locale,Ireland,es,https://www.myglobalhealth.online/ireland/sick-leave [35i/0c/p53] ;; https://www.myglobalhealth.online/ireland/es/health/sick-cert-online [11i/0c/p43]
consulta online,4,45,0,https://www.myglobalhealth.online/portugal/es/services/consulta-medica,Portugal,es,services,7.0,cross_market+wrong_locale,Ireland|Portugal|Spain,es|pt,https://www.myglobalhealth.online/portugal/es/services/consulta-medica [23i/0c/p74] ;; https://www.myglobalhealth.online/portugal/pt [16i/0c/p60] ;; https://www.myglobalhealth.online/ireland/pt [3i/0c/p7] ;; https://www.myglobalhealth.online/spain/es [3i/0c/p35]
consulta online médico,3,45,0,https://www.myglobalhealth.online/portugal/pt,Portugal,pt,market_home,40.0,cross_market+wrong_locale,Portugal|Spain,es|pt,https://www.myglobalhealth.online/portugal/pt [33i/0c/p60] ;; https://www.myglobalhealth.online/portugal/es/services/consulta-medica [11i/0c/p97] ;; https://www.myglobalhealth.online/spain/es [1i/0c/p40]
sick cert ireland,3,45,0,https://www.myglobalhealth.online/ireland/sick-leave,Ireland,,market_home,2.0,wrong_locale,Ireland,en|es,https://www.myglobalhealth.online/ireland/sick-leave [36i/0c/p48] ;; https://www.myglobalhealth.online/ireland/es/health/sick-cert-online [8i/0c/p33] ;; https://www.myglobalhealth.online/ireland/en/blog/sick-certificate-ireland-employee-rights [1i/0c/p2]
consulta online clinico geral,3,44,0,https://www.myglobalhealth.online/portugal/pt,Portugal,pt,market_home,54.8,cross_market+wrong_locale,Ireland|Portugal,es|pt,https://www.myglobalhealth.online/portugal/pt [28i/0c/p55] ;; https://www.myglobalhealth.online/portugal/es/services/consulta-medica [11i/0c/p85] ;; https://www.myglobalhealth.online/ireland/pt [5i/0c/p81]
doctor appointment,4,43,0,https://www.myglobalhealth.online/romania/en,Romania,en,market_home,9.6,cross_market+wrong_locale,Brazil|Czechia|Romania,en|ro,https://www.myglobalhealth.online/romania/en [39i/0c/p10] ;; https://www.myglobalhealth.online/czechia/en [2i/0c/p30] ;; https://www.myglobalhealth.online/brazil/en [1i/0c/p11] ;; https://www.myglobalhealth.online/romania/ro [1i/0c/p55]
consulta dermatologo online,3,43,0,https://www.myglobalhealth.online/spain/es/blog/dermatologo-online-que-puede-resolver,Spain,es,blog,19.5,wrong_locale,Spain,en|es|pt,https://www.myglobalhealth.online/spain/es/blog/dermatologo-online-que-puede-resolver [28i/0c/p19] ;; https://www.myglobalhealth.online/spain/en/services/dermatologia-especialista-online [9i/0c/p91] ;; https://www.myglobalhealth.online/spain/pt/blog/dermatologista-online-espanha [6i/0c/p82]
dermatología online,2,41,0,https://www.myglobalhealth.online/spain/es/blog/dermatologo-online-que-puede-resolver,Spain,es,blog,20.0,wrong_locale,Spain,en|es,https://www.myglobalhealth.online/spain/es/blog/dermatologo-online-que-puede-resolver [28i/0c/p20] ;; https://www.myglobalhealth.online/spain/en/services/dermatologia-especialista-online [13i/0c/p72]
consulta online clínico geral,3,41,0,https://www.myglobalhealth.online/portugal/pt,Portugal,pt,market_home,49.3,cross_market+wrong_locale,Ireland|Portugal,es|pt,https://www.myglobalhealth.online/portugal/pt [27i/0c/p49] ;; https://www.myglobalhealth.online/portugal/es/services/consulta-medica [9i/0c/p88] ;; https://www.myglobalhealth.online/ireland/pt [5i/0c/p81]
dr telmo coelho psiquiatra,2,41,3,https://www.myglobalhealth.online/portugal/pt/doctors/dr-telmo-coelho,Portugal,pt,doctors,4.7,no,Portugal,pt,https://www.myglobalhealth.online/portugal/pt/doctors/dr-telmo-coelho [38i/3c/p5] ;; https://www.myglobalhealth.online/pt/portugal-doctors/dr-telmo-coelho [3i/0c/p5]
online medical helpline,2,39,0,https://www.myglobalhealth.online/spain/es,Spain,es,market_home,38.8,no,Spain,es,https://www.myglobalhealth.online/spain/es [27i/0c/p39] ;; https://www.myglobalhealth.online/spain/es/contact [12i/0c/p50]
dermatologo online,3,39,0,https://www.myglobalhealth.online/spain/es/blog/dermatologo-online-que-puede-resolver,Spain,es,blog,17.2,wrong_locale,Spain,en|es|pt,https://www.myglobalhealth.online/spain/es/blog/dermatologo-online-que-puede-resolver [29i/0c/p17] ;; https://www.myglobalhealth.online/spain/en/services/dermatologia-especialista-online [8i/0c/p70] ;; https://www.myglobalhealth.online/spain/pt/blog/dermatologista-online-espanha [2i/0c/p76]
ahmed maklad,4,39,5,https://www.myglobalhealth.online/ireland/en/doctors/dr-ahmed-maklad,Ireland,en,doctors,1.4,cross_market,Czechia|Ireland,cs|en,https://www.myglobalhealth.online/ireland/en/doctors/dr-ahmed-maklad [20i/2c/p3] ;; https://www.myglobalhealth.online/czechia-doctors/mudr-ahmed-maklad [11i/0c/p6] ;; https://www.myglobalhealth.online/czechia/cs/doctors/dr-ahmed-maklad [5i/3c/p1] ;; https://www.myglobalhealth.online/ireland-doctors/dr-ahmed-maklad [3i/0c/p3]
dermatologo atencion online,2,38,0,https://www.myglobalhealth.online/spain/es/blog/dermatologo-online-que-puede-resolver,Spain,es,blog,18.6,wrong_locale,Spain,en|es,https://www.myglobalhealth.online/spain/es/blog/dermatologo-online-que-puede-resolver [31i/0c/p19] ;; https://www.myglobalhealth.online/spain/en/services/dermatologia-especialista-online [7i/0c/p91]
how much is illness benefit,2,38,0,https://www.myglobalhealth.online/ireland/en/blog/illness-benefit-ireland-how-to-claim,Ireland,en,blog,16.3,no,Ireland,en,https://www.myglobalhealth.online/ireland/en/blog/illness-benefit-ireland-how-to-claim [21i/0c/p44] ;; https://www.myglobalhealth.online/ireland/en/blog/illness-benefit-payment-ireland-rate-tax-timing [17i/0c/p16]
tensión arterial normal,2,37,0,https://www.myglobalhealth.online/spain/es/tools/blood-pressure-chart,Spain,es,tools,28.9,cross_market+wrong_locale,Romania|Spain,es,https://www.myglobalhealth.online/spain/es/tools/blood-pressure-chart [34i/0c/p29] ;; https://www.myglobalhealth.online/romania/es/blog/presion-arterial-normal-guia-util-por-edad-sin-tablas-enganosas [3i/0c/p80]
tension arterial normal,2,37,0,https://www.myglobalhealth.online/spain/es/tools/blood-pressure-chart,Spain,es,tools,25.2,cross_market+wrong_locale,Romania|Spain,es,https://www.myglobalhealth.online/spain/es/tools/blood-pressure-chart [35i/0c/p25] ;; https://www.myglobalhealth.online/romania/es/blog/presion-arterial-normal-guia-util-por-edad-sin-tablas-enganosas [2i/0c/p84]
online consultation,5,37,0,https://www.myglobalhealth.online/spain/es,Spain,es,market_home,7.0,cross_market+wrong_locale,Czechia|Ireland|Romania|Spain,en|es,https://www.myglobalhealth.online/spain/es [28i/0c/p26] ;; https://www.myglobalhealth.online/ireland/en/book [5i/0c/p25] ;; https://www.myglobalhealth.online/ireland/en/see-a-specialist [2i/0c/p50] ;; https://www.myglobalhealth.online/czechia/en/blog/online-doctor-czechia-what-it-solves [1i/0c/p10] ;; https://www.myglobalhealth.online/romania/en [1i/0c/p7]
medical appointment,3,37,0,https://www.myglobalhealth.online/romania/en,Romania,en,market_home,11.3,cross_market+wrong_locale,Brazil|Romania,en,https://www.myglobalhealth.online/romania/en [23i/0c/p11] ;; https://www.myglobalhealth.online/brazil/en [12i/0c/p12] ;; https://www.myglobalhealth.online/brazil/en/blog [2i/0c/p18]
global health medical services,2,37,0,https://www.myglobalhealth.online,,,legacy_or_global,10.8,no,legacy/global,,https://www.myglobalhealth.online [27i/0c/p11] ;; https://www.myglobalhealth.online/about [10i/0c/p13]
consulta online clinico geral particular,3,36,0,https://www.myglobalhealth.online/portugal/pt,Portugal,pt,market_home,52.7,cross_market+wrong_locale,Ireland|Portugal,es|pt,https://www.myglobalhealth.online/portugal/pt [23i/0c/p53] ;; https://www.myglobalhealth.online/portugal/es/services/consulta-medica [9i/0c/p93] ;; https://www.myglobalhealth.online/ireland/pt [4i/0c/p89]
dermatóloga online,2,36,0,https://www.myglobalhealth.online/spain/es/blog/dermatologo-online-que-puede-resolver,Spain,es,blog,21.1,wrong_locale,Spain,en|es,https://www.myglobalhealth.online/spain/es/blog/dermatologo-online-que-puede-resolver [27i/0c/p21] ;; https://www.myglobalhealth.online/spain/en/services/dermatologia-especialista-online [9i/0c/p69]
consulta dermatológica en línea,2,36,0,https://www.myglobalhealth.online/spain/es/blog/dermatologo-online-que-puede-resolver,Spain,es,blog,25.6,wrong_locale,Spain,en|es,https://www.myglobalhealth.online/spain/es/blog/dermatologo-online-que-puede-resolver [28i/0c/p26] ;; https://www.myglobalhealth.online/spain/en/services/dermatologia-especialista-online [8i/0c/p87]
consulta virtual dermatologo,2,36,0,https://www.myglobalhealth.online/spain/es/blog/dermatologo-online-que-puede-resolver,Spain,es,blog,24.2,wrong_locale,Spain,en|es,https://www.myglobalhealth.online/spain/es/blog/dermatologo-online-que-puede-resolver [25i/0c/p24] ;; https://www.myglobalhealth.online/spain/en/services/dermatologia-especialista-online [11i/0c/p85]
healthcare,3,36,0,https://www.myglobalhealth.online/spain/es,Spain,es,market_home,19.0,cross_market,Portugal|Spain,es|pt,https://www.myglobalhealth.online/spain/es [23i/0c/p75] ;; https://www.myglobalhealth.online/portugal/pt [12i/0c/p86] ;; https://www.myglobalhealth.online/pt [1i/0c/p19]
consulta online com clinico geral,3,35,0,https://www.myglobalhealth.online/portugal/pt,Portugal,pt,market_home,53.3,cross_market+wrong_locale,Ireland|Portugal,es|pt,https://www.myglobalhealth.online/portugal/pt [22i/0c/p53] ;; https://www.myglobalhealth.online/portugal/es/services/consulta-medica [11i/0c/p86] ;; https://www.myglobalhealth.online/ireland/pt [2i/0c/p76]
medical online,3,34,0,https://www.myglobalhealth.online,,,legacy_or_global,8.8,cross_market,Romania|Spain,es|ro,https://www.myglobalhealth.online [27i/0c/p9] ;; https://www.myglobalhealth.online/romania/ro [4i/0c/p9] ;; https://www.myglobalhealth.online/spain/es [3i/0c/p24]
dermatologos online,2,34,0,https://www.myglobalhealth.online/spain/es/blog/dermatologo-online-que-puede-resolver,Spain,es,blog,19.6,wrong_locale,Spain,en|es,https://www.myglobalhealth.online/spain/es/blog/dermatologo-online-que-puede-resolver [23i/0c/p20] ;; https://www.myglobalhealth.online/spain/en/services/dermatologia-especialista-online [11i/0c/p66]
medico internista online,2,34,0,https://www.myglobalhealth.online/spain/es,Spain,es,market_home,37.4,no,Spain,es,https://www.myglobalhealth.online/spain/es [31i/0c/p37] ;; https://www.myglobalhealth.online/spain/es/see-a-specialist [3i/0c/p89]
tabela de medição de tensão arterial,3,34,0,https://www.myglobalhealth.online/portugal/pt/tools/blood-pressure-chart,Portugal,pt,tools,7.3,cross_market+wrong_locale,Brazil|Portugal|Romania,pt,https://www.myglobalhealth.online/portugal/pt/tools/blood-pressure-chart [28i/0c/p8] ;; https://www.myglobalhealth.online/brazil/pt/tools/blood-pressure-chart [3i/0c/p7] ;; https://www.myglobalhealth.online/romania/pt/tools/blood-pressure-chart [3i/0c/p11]
atestado médico,5,33,0,https://www.myglobalhealth.online/portugal/pt/blog/atestado-medico-para-carta-de-conducao,Portugal,pt,blog,3.0,cross_market+wrong_locale,Ireland|Portugal,pt,https://www.myglobalhealth.online/portugal/pt/blog/atestado-medico-para-carta-de-conducao [17i/0c/p44] ;; https://www.myglobalhealth.online/portugal/pt/services/certificado-medico-carta-de-conducao [11i/0c/p47] ;; https://www.myglobalhealth.online/portugal/pt [3i/0c/p6] ;; https://www.myglobalhealth.online/ireland/pt/blog/como-obter-um-atestado-medico-online-na-irlanda [1i/0c/p3] ;; https://www.myglobalhealth.online/portugal/pt/health/atestado-medico-online [1i/0c/p60]
sick certificate online,2,33,0,https://www.myglobalhealth.online/ireland/sick-leave,Ireland,,market_home,32.0,wrong_locale,Ireland,es,https://www.myglobalhealth.online/ireland/sick-leave [26i/0c/p45] ;; https://www.myglobalhealth.online/ireland/es/health/sick-cert-online [7i/0c/p32]
calculator caloric,2,33,0,https://www.myglobalhealth.online/romania/ro/tools/calorie-calculator,Romania,ro,tools,8.9,cross_market+wrong_locale,Romania|Spain,ro,https://www.myglobalhealth.online/romania/ro/tools/calorie-calculator [26i/0c/p9] ;; https://www.myglobalhealth.online/spain/ro/tools/calorie-calculator [7i/0c/p21]
health,4,33,0,https://www.myglobalhealth.online/spain/es,Spain,es,market_home,6.5,cross_market,Portugal|Spain,es|pt,https://www.myglobalhealth.online/spain/es [25i/0c/p35] ;; https://www.myglobalhealth.online/portugal/pt [4i/0c/p6] ;; https://www.myglobalhealth.online [3i/0c/p15] ;; https://www.myglobalhealth.online/pt [1i/0c/p8]
calculator cate calorii trebuie sa mananci pe zi,2,32,2,https://www.myglobalhealth.online/romania/ro/tools/calorie-calculator,Romania,ro,tools,7.0,cross_market+wrong_locale,Romania|Spain,ro,https://www.myglobalhealth.online/romania/ro/tools/calorie-calculator [29i/2c/p7] ;; https://www.myglobalhealth.online/spain/ro/tools/calorie-calculator [3i/0c/p22]
ovulační kalkulačka,4,32,0,https://www.myglobalhealth.online/czechia/cs/tools/ovulation-calculator,Czechia,cs,tools,3.0,cross_market+wrong_locale,Czechia|Romania|Spain,cs,https://www.myglobalhealth.online/czechia/cs/tools/ovulation-calculator [27i/0c/p30] ;; https://www.myglobalhealth.online/czechia/cs/tools/bmi-calculator [2i/0c/p8] ;; https://www.myglobalhealth.online/spain/cs/tools/due-date-calculator [2i/0c/p5] ;; https://www.myglobalhealth.online/romania/cs/tools/due-date-calculator [1i/0c/p3]
atestado médico carta de condução,2,32,0,https://www.myglobalhealth.online/portugal/pt/blog/atestado-medico-para-carta-de-conducao,Portugal,pt,blog,38.0,no,Portugal,pt,https://www.myglobalhealth.online/portugal/pt/blog/atestado-medico-para-carta-de-conducao [16i/0c/p38] ;; https://www.myglobalhealth.online/portugal/pt/services/certificado-medico-carta-de-conducao [16i/0c/p60]
index bmi,2,31,0,https://www.myglobalhealth.online/czechia/cs/tools/bmi-calculator,Czechia,cs,tools,45.7,cross_market,Czechia|Ireland,cs|en,https://www.myglobalhealth.online/czechia/cs/tools/bmi-calculator [30i/0c/p46] ;; https://www.myglobalhealth.online/ireland/en/tools/bmi-calculator [1i/0c/p77]
atencion dermatologica online,2,31,0,https://www.myglobalhealth.online/spain/en/services/dermatologia-especialista-online,Spain,en,services,21.8,wrong_locale,Spain,en|es,https://www.myglobalhealth.online/spain/en/services/dermatologia-especialista-online [19i/0c/p88] ;; https://www.myglobalhealth.online/spain/es/blog/dermatologo-online-que-puede-resolver [12i/0c/p22]
telmo coelho psiquiatra,2,31,0,https://www.myglobalhealth.online/portugal/pt/doctors/dr-telmo-coelho,Portugal,pt,doctors,4.3,no,Portugal,pt,https://www.myglobalhealth.online/portugal/pt/doctors/dr-telmo-coelho [28i/0c/p5] ;; https://www.myglobalhealth.online/pt/portugal-doctors/dr-telmo-coelho [3i/0c/p4]
how to claim illness benefit in ireland,2,31,1,https://www.myglobalhealth.online/ireland/en/blog/illness-benefit-ireland-how-to-claim,Ireland,en,blog,3.0,no,Ireland,en,https://www.myglobalhealth.online/ireland/en/blog/illness-benefit-ireland-how-to-claim [16i/1c/p7] ;; https://www.myglobalhealth.online/ireland/en/blog/illness-benefit-ireland-how-to-claim [3i/0c/p10] ;; https://www.myglobalhealth.online/ireland/en/blog/illness-benefit-ireland-how-to-claim [3i/0c/p10] ;; https://www.myglobalhealth.online/ireland/en/blog/illness-benefit-ireland-how-to-claim [2i/0c/p10] ;; https://www.myglobalhealth.online/ireland/en/blog/illness-benefit-ireland-how-to-claim [2i/0c/p10] ;; https://www.myglobalhealth.online/ireland/en/blog/illness-benefit-ireland-how-to-claim [2i/0c/p10]
doctors note ireland,2,31,0,https://www.myglobalhealth.online/ireland/sick-leave,Ireland,,market_home,57.0,no,Ireland,en,https://www.myglobalhealth.online/ireland/sick-leave [29i/0c/p65] ;; https://www.myglobalhealth.online/ireland/en/blog [2i/0c/p57]
medical online doctor,2,30,0,https://www.myglobalhealth.online/spain/es,Spain,es,market_home,22.5,wrong_locale,Spain,en|es,https://www.myglobalhealth.online/spain/es [28i/0c/p36] ;; https://www.myglobalhealth.online/spain/en [2i/0c/p22]
globalhealth,5,29,2,https://www.myglobalhealth.online/spain/es,Spain,es,market_home,1.0,cross_market,Czechia|Portugal|Spain,cs|es|pt,https://www.myglobalhealth.online/spain/es [15i/0c/p6] ;; https://www.myglobalhealth.online [10i/0c/p38] ;; https://www.myglobalhealth.online/czechia/cs [2i/2c/p1] ;; https://www.myglobalhealth.online/about [1i/0c/p28] ;; https://www.myglobalhealth.online/portugal/pt [1i/0c/p2]
consulta online medicos,2,29,0,https://www.myglobalhealth.online/spain/es,Spain,es,market_home,38.2,cross_market,Portugal|Spain,es|pt,https://www.myglobalhealth.online/spain/es [27i/0c/p38] ;; https://www.myglobalhealth.online/portugal/pt [2i/0c/p60]
promluvte si s lékařem,2,29,0,https://www.myglobalhealth.online/czechia/cs/gp-consultation-online,Czechia,cs,gp-consultation-online,8.0,cross_market+wrong_locale,Czechia|Romania,cs,https://www.myglobalhealth.online/czechia/cs/gp-consultation-online [26i/0c/p8] ;; https://www.myglobalhealth.online/romania/cs [3i/0c/p16]
online doctor consultation,2,28,0,https://www.myglobalhealth.online/spain/es,Spain,es,market_home,17.0,wrong_locale,Spain,en|es,https://www.myglobalhealth.online/spain/es [26i/0c/p38] ;; https://www.myglobalhealth.online/spain/en [2i/0c/p17]
sick pay ireland,2,28,0,https://www.myglobalhealth.online/ireland/en/blog/illness-benefit-payment-ireland-rate-tax-timing,Ireland,en,blog,58.1,no,Ireland,en,https://www.myglobalhealth.online/ireland/en/blog/illness-benefit-payment-ireland-rate-tax-timing [15i/0c/p68] ;; https://www.myglobalhealth.online/ireland/en/blog/illness-benefit-ireland-how-to-claim [13i/0c/p58]
vitamin d blood test ireland,2,28,0,https://www.myglobalhealth.online/ireland/en/lab-tests/vitamin-d-test,Ireland,en,lab-tests,15.0,no,Ireland,en,https://www.myglobalhealth.online/ireland/en/lab-tests/vitamin-d-test [27i/0c/p24] ;; https://www.myglobalhealth.online/ireland/en/lab-tests [1i/0c/p15]
dr fahad farooq,2,28,3,https://www.myglobalhealth.online/ireland/en/doctors/dr-fahad-farooq,Ireland,en,doctors,4.0,no,Ireland,en,https://www.myglobalhealth.online/ireland/en/doctors/dr-fahad-farooq [27i/2c/p5] ;; https://www.myglobalhealth.online/cs/ireland-doctors/dr-fahad-farooq [1i/1c/p4]
atestado carta de condução,2,27,0,https://www.myglobalhealth.online/portugal/pt/blog/atestado-medico-para-carta-de-conducao,Portugal,pt,blog,41.7,no,Portugal,pt,https://www.myglobalhealth.online/portugal/pt/blog/atestado-medico-para-carta-de-conducao [15i/0c/p42] ;; https://www.myglobalhealth.online/portugal/pt/services/certificado-medico-carta-de-conducao [12i/0c/p65]
gut microbiome test ireland,2,27,1,https://www.myglobalhealth.online/ireland/en/lab-tests/gut-microbiome-test,Ireland,en,lab-tests,4.0,no,Ireland,en,https://www.myglobalhealth.online/ireland/en/lab-tests/gut-microbiome-test [26i/1c/p9] ;; https://www.myglobalhealth.online/ireland/en/lab-tests [1i/0c/p4]
illness benefit ireland 2026,2,27,0,https://www.myglobalhealth.online/ireland/en/blog/illness-benefit-ireland-how-to-claim,Ireland,en,blog,7.5,no,Ireland,en,https://www.myglobalhealth.online/ireland/en/blog/illness-benefit-ireland-how-to-claim [14i/0c/p9] ;; https://www.myglobalhealth.online/ireland/en/blog/illness-benefit-payment-ireland-rate-tax-timing [13i/0c/p7]
minha clinica help global,4,26,0,https://www.myglobalhealth.online/brazil/pt,Brazil,pt,market_home,6.0,no,Brazil,pt,https://www.myglobalhealth.online/brazil/pt [22i/0c/p10] ;; https://www.myglobalhealth.online/pt/about [2i/0c/p6] ;; https://www.myglobalhealth.online [1i/0c/p12] ;; https://www.myglobalhealth.online/brazil/pt/faq [1i/0c/p11]
fabiana cornejo,2,26,1,https://www.myglobalhealth.online/spain/es/doctors/dr-fabiana-cornejo,Spain,es,doctors,2.8,wrong_locale,Spain,cs|es,https://www.myglobalhealth.online/spain/es/doctors/dr-fabiana-cornejo [18i/1c/p8] ;; https://www.myglobalhealth.online/spain/cs/doctors/dr-fabiana-cornejo [8i/0c/p3]
kalkulačka hmotnosti bmi,2,26,0,https://www.myglobalhealth.online/czechia/cs/tools/bmi-calculator,Czechia,cs,tools,30.3,cross_market+wrong_locale,Czechia|Ireland,cs,https://www.myglobalhealth.online/czechia/cs/tools/bmi-calculator [25i/0c/p30] ;; https://www.myglobalhealth.online/ireland/cs/tools/bmi-calculator [1i/0c/p41]
imc calculator,4,26,0,https://www.myglobalhealth.online/romania/ro/tools/bmi-calculator,Romania,ro,tools,27.5,cross_market+wrong_locale,Portugal|Romania|Spain,es|ro,https://www.myglobalhealth.online/romania/ro/tools/bmi-calculator [13i/0c/p28] ;; https://www.myglobalhealth.online/romania/es/tools/bmi-calculator [11i/0c/p71] ;; https://www.myglobalhealth.online/portugal/ro/tools/bmi-calculator [1i/0c/p54] ;; https://www.myglobalhealth.online/spain/es/tools/bmi-calculator [1i/0c/p54]
adhd assessment for adults,2,25,0,https://www.myglobalhealth.online/ireland/en/tools/adhd-test,Ireland,en,tools,49.0,no,Ireland,en,https://www.myglobalhealth.online/ireland/en/tools/adhd-test [23i/0c/p78] ;; https://www.myglobalhealth.online/ireland/en/blog/adult-adhd-assessment-ireland-public-private-routes [2i/0c/p49]
ovulation calculator hse,2,25,0,https://www.myglobalhealth.online/ireland/en/tools/adhd-test,Ireland,en,tools,6.1,no,Ireland,en,https://www.myglobalhealth.online/ireland/en/tools/adhd-test [20i/0c/p6] ;; https://www.myglobalhealth.online/ireland/en/tools/ovulation-calculator [5i/0c/p11]
dermatologia online,3,25,0,https://www.myglobalhealth.online/spain/es/blog/dermatologo-online-que-puede-resolver,Spain,es,blog,18.5,wrong_locale,Spain,en|es|pt,https://www.myglobalhealth.online/spain/es/blog/dermatologo-online-que-puede-resolver [15i/0c/p18] ;; https://www.myglobalhealth.online/spain/en/services/dermatologia-especialista-online [5i/0c/p73] ;; https://www.myglobalhealth.online/spain/pt/blog/dermatologista-online-espanha [5i/0c/p72]
dermatólogo online,2,24,0,https://www.myglobalhealth.online/spain/es/blog/dermatologo-online-que-puede-resolver,Spain,es,blog,17.5,wrong_locale,Spain,en|es,https://www.myglobalhealth.online/spain/es/blog/dermatologo-online-que-puede-resolver [19i/0c/p17] ;; https://www.myglobalhealth.online/spain/en/services/dermatologia-especialista-online [5i/0c/p78]
normální tlak,2,24,0,https://www.myglobalhealth.online/czechia/cs/tools/blood-pressure-chart,Czechia,cs,tools,36.1,cross_market+wrong_locale,Czechia|Romania,cs,https://www.myglobalhealth.online/czechia/cs/tools/blood-pressure-chart [15i/0c/p36] ;; https://www.myglobalhealth.online/romania/cs/blog/normalni-krevni-tlak-podle-veku-uzitecny-pruvodce-bez-zavadejicich-tabulek [9i/0c/p65]
calculator imc,2,24,0,https://www.myglobalhealth.online/romania/ro/tools/bmi-calculator,Romania,ro,tools,29.2,cross_market+wrong_locale,Portugal|Romania,ro,https://www.myglobalhealth.online/romania/ro/tools/bmi-calculator [23i/0c/p29] ;; https://www.myglobalhealth.online/portugal/ro/tools/bmi-calculator [1i/0c/p49]
global medical,10,24,0,https://www.myglobalhealth.online/czechia/cs,Czechia,cs,market_home,1.8,cross_market+wrong_locale,Czechia|Ireland,cs|en|es|pt,https://www.myglobalhealth.online/czechia/cs [6i/0c/p3] ;; https://www.myglobalhealth.online [4i/0c/p2] ;; https://www.myglobalhealth.online/ireland/en [4i/0c/p5] ;; https://www.myglobalhealth.online/ireland/en/about [3i/0c/p53] ;; https://www.myglobalhealth.online/ireland/en/gp-consultation-online [2i/0c/p75] ;; https://www.myglobalhealth.online/ireland/en/careers [1i/0c/p36]
calorii calculator,2,23,0,https://www.myglobalhealth.online/romania/ro/tools/calorie-calculator,Romania,ro,tools,8.9,cross_market+wrong_locale,Romania|Spain,ro,https://www.myglobalhealth.online/romania/ro/tools/calorie-calculator [22i/0c/p9] ;; https://www.myglobalhealth.online/spain/ro/tools/calorie-calculator [1i/0c/p20]
calculator kilocalorii,2,23,0,https://www.myglobalhealth.online/romania/ro/tools/calorie-calculator,Romania,ro,tools,10.2,cross_market+wrong_locale,Romania|Spain,ro,https://www.myglobalhealth.online/romania/ro/tools/calorie-calculator [22i/0c/p10] ;; https://www.myglobalhealth.online/spain/ro/tools/calorie-calculator [1i/0c/p26]
atestado carta condução,2,23,0,https://www.myglobalhealth.online/portugal/pt/blog/atestado-medico-para-carta-de-conducao,Portugal,pt,blog,40.2,no,Portugal,pt,https://www.myglobalhealth.online/portugal/pt/blog/atestado-medico-para-carta-de-conducao [15i/0c/p40] ;; https://www.myglobalhealth.online/portugal/pt/services/certificado-medico-carta-de-conducao [8i/0c/p72]
medical consultations,4,23,0,https://www.myglobalhealth.online/romania/en,Romania,en,market_home,12.0,cross_market+wrong_locale,Brazil|Romania,en|ro,https://www.myglobalhealth.online/romania/en [19i/0c/p16] ;; https://www.myglobalhealth.online/romania/en/about [2i/0c/p54] ;; https://www.myglobalhealth.online/brazil/en/about [1i/0c/p12] ;; https://www.myglobalhealth.online/romania/ro [1i/0c/p97]
b12 test kit,2,23,0,https://www.myglobalhealth.online/ireland/en/lab-tests/vitamin-b12-test,Ireland,en,lab-tests,17.1,wrong_locale,Ireland,de|en,https://www.myglobalhealth.online/ireland/en/lab-tests/vitamin-b12-test [21i/0c/p17] ;; https://www.myglobalhealth.online/ireland/de/lab-tests/vitamin-b12-test [2i/0c/p45]
imc tabel,3,22,0,https://www.myglobalhealth.online/romania/ro/tools/bmi-calculator,Romania,ro,tools,27.8,cross_market+wrong_locale,Portugal|Romania,es|ro,https://www.myglobalhealth.online/romania/ro/tools/bmi-calculator [10i/0c/p28] ;; https://www.myglobalhealth.online/portugal/ro/tools/bmi-calculator [9i/0c/p32] ;; https://www.myglobalhealth.online/romania/es/tools/bmi-calculator [3i/0c/p73]
dr. tiago figueira,6,22,0,https://www.myglobalhealth.online/ireland/en/doctors/dr-tiago-miguel-figueira,Ireland,en,doctors,2.7,cross_market,Ireland|Portugal,en|pt,https://www.myglobalhealth.online/ireland/en/doctors/dr-tiago-miguel-figueira [6i/0c/p3] ;; https://www.myglobalhealth.online/ireland/en/doctors [6i/0c/p9] ;; https://www.myglobalhealth.online/portugal/pt/doctors/dr-tiago-miguel-figueira [4i/0c/p9] ;; https://www.myglobalhealth.online/ireland/en [4i/0c/p16] ;; https://www.myglobalhealth.online/es/ireland-doctors/dr-tiago-miguel-figueira [1i/0c/p11] ;; https://www.myglobalhealth.online/ireland/en/gp-consultation-online [1i/0c/p15]
calculator calorii slabire,2,22,0,https://www.myglobalhealth.online/romania/ro/tools/calorie-calculator,Romania,ro,tools,15.8,cross_market+wrong_locale,Romania|Spain,ro,https://www.myglobalhealth.online/romania/ro/tools/calorie-calculator [13i/0c/p16] ;; https://www.myglobalhealth.online/spain/ro/tools/calorie-calculator [9i/0c/p22]
doctors,3,22,0,https://www.myglobalhealth.online/romania/en,Romania,en,market_home,16.8,cross_market+wrong_locale,Portugal|Romania,en|pt|ro,https://www.myglobalhealth.online/romania/en [19i/0c/p17] ;; https://www.myglobalhealth.online/portugal/pt [2i/0c/p72] ;; https://www.myglobalhealth.online/romania/ro [1i/0c/p98]
atestados medicos carta condução,2,22,0,https://www.myglobalhealth.online/portugal/pt/blog/atestado-medico-para-carta-de-conducao,Portugal,pt,blog,37.6,no,Portugal,pt,https://www.myglobalhealth.online/portugal/pt/blog/atestado-medico-para-carta-de-conducao [14i/0c/p38] ;; https://www.myglobalhealth.online/portugal/pt/services/certificado-medico-carta-de-conducao [8i/0c/p64]
atestados carta de condução,2,22,0,https://www.myglobalhealth.online/portugal/pt/blog/atestado-medico-para-carta-de-conducao,Portugal,pt,blog,41.0,no,Portugal,pt,https://www.myglobalhealth.online/portugal/pt/blog/atestado-medico-para-carta-de-conducao [15i/0c/p41] ;; https://www.myglobalhealth.online/portugal/pt/services/certificado-medico-carta-de-conducao [7i/0c/p67]
cita doctor en línea españa,3,22,0,https://www.myglobalhealth.online/spain/es/gp-consultation-online,Spain,es,gp-consultation-online,15.4,no,Spain,es,https://www.myglobalhealth.online/spain/es/gp-consultation-online [10i/0c/p15] ;; https://www.myglobalhealth.online/spain/es [9i/0c/p52] ;; https://www.myglobalhealth.online/spain/es/services/consulta-medica-online [3i/0c/p35]
medical certificate online,2,22,0,https://www.myglobalhealth.online/ireland/es/health/sick-cert-online,Ireland,es,health,31.3,wrong_locale,Ireland,es,https://www.myglobalhealth.online/ireland/es/health/sick-cert-online [14i/0c/p31] ;; https://www.myglobalhealth.online/ireland/sick-leave [8i/0c/p65]
bmi,2,22,0,https://www.myglobalhealth.online/czechia/cs/tools/bmi-calculator,Czechia,cs,tools,36.1,cross_market,Czechia|Ireland,cs|en,https://www.myglobalhealth.online/czechia/cs/tools/bmi-calculator [17i/0c/p36] ;; https://www.myglobalhealth.online/ireland/en/tools/bmi-calculator [5i/0c/p70]
consulta cardiologia online,2,20,0,https://www.myglobalhealth.online/portugal/en/services/consulta-cardiologia,Portugal,en,services,28.0,wrong_locale,Portugal,en|pt,https://www.myglobalhealth.online/portugal/en/services/consulta-cardiologia [16i/0c/p28] ;; https://www.myglobalhealth.online/portugal/pt [4i/0c/p56]
online doctor spain,2,20,0,https://www.myglobalhealth.online/spain/es,Spain,es,market_home,12.0,wrong_locale,Spain,en|es,https://www.myglobalhealth.online/spain/es [17i/0c/p22] ;; https://www.myglobalhealth.online/spain/en [3i/0c/p12]
atestado médico portugal,2,19,0,https://www.myglobalhealth.online/portugal/pt/blog/atestado-medico-para-carta-de-conducao,Portugal,pt,blog,35.6,no,Portugal,pt,https://www.myglobalhealth.online/portugal/pt/blog/atestado-medico-para-carta-de-conducao [15i/0c/p36] ;; https://www.myglobalhealth.online/portugal/pt/services/certificado-medico-carta-de-conducao [4i/0c/p36]
tabela de pressão arterial,2,18,0,https://www.myglobalhealth.online/brazil/pt/tools/blood-pressure-chart,Brazil,pt,tools,9.2,cross_market,Brazil|Portugal,pt,https://www.myglobalhealth.online/brazil/pt/tools/blood-pressure-chart [13i/0c/p10] ;; https://www.myglobalhealth.online/portugal/pt/tools/blood-pressure-chart [5i/0c/p9]
online healthy,2,18,0,https://www.myglobalhealth.online/czechia/cs,Czechia,cs,market_home,3.7,cross_market,Czechia|Spain,cs|es,https://www.myglobalhealth.online/czechia/cs [12i/0c/p4] ;; https://www.myglobalhealth.online/spain/es [6i/0c/p10]
calculator calorii necesare,2,18,0,https://www.myglobalhealth.online/romania/ro/tools/calorie-calculator,Romania,ro,tools,23.7,cross_market+wrong_locale,Romania|Spain,ro,https://www.myglobalhealth.online/romania/ro/tools/calorie-calculator [13i/0c/p24] ;; https://www.myglobalhealth.online/spain/ro/tools/calorie-calculator [5i/0c/p37]
consulta medico,3,18,0,https://www.myglobalhealth.online/portugal/es/services/consulta-medica,Portugal,es,services,3.0,cross_market+wrong_locale,Ireland|Portugal,es|pt,https://www.myglobalhealth.online/portugal/es/services/consulta-medica [14i/0c/p65] ;; https://www.myglobalhealth.online/ireland/pt [2i/0c/p3] ;; https://www.myglobalhealth.online/portugal/pt [2i/0c/p56]
consulta de cardiologia online,2,17,0,https://www.myglobalhealth.online/portugal/en/services/consulta-cardiologia,Portugal,en,services,30.3,cross_market+wrong_locale,Portugal|Spain,en|pt,https://www.myglobalhealth.online/portugal/en/services/consulta-cardiologia [16i/0c/p30] ;; https://www.myglobalhealth.online/spain/pt [1i/0c/p69]
telmo coelho,2,17,0,https://www.myglobalhealth.online/portugal/pt/doctors/dr-telmo-coelho,Portugal,pt,doctors,3.9,wrong_locale,Portugal,en|pt,https://www.myglobalhealth.online/portugal/pt/doctors/dr-telmo-coelho [15i/0c/p4] ;; https://www.myglobalhealth.online/portugal/en/doctors/dr-telmo-coelho [2i/0c/p6]
indice masa corporala calculator,2,17,0,https://www.myglobalhealth.online/romania/es/tools/bmi-calculator,Romania,es,tools,34.0,wrong_locale,Romania,es|ro,https://www.myglobalhealth.online/romania/es/tools/bmi-calculator [15i/0c/p76] ;; https://www.myglobalhealth.online/romania/ro/tools/bmi-calculator [2i/0c/p34]
lékař online,3,17,0,https://www.myglobalhealth.online/czechia/cs,Czechia,cs,market_home,28.4,no,Czechia,cs,https://www.myglobalhealth.online/czechia/cs [8i/0c/p28] ;; https://www.myglobalhealth.online/czechia/cs/blog/lekar-online-24-7-co-vyresi [5i/0c/p49] ;; https://www.myglobalhealth.online/czechia/cs/gp-consultation-online [4i/0c/p30]
osteoporosis risk assessment,3,17,0,https://www.myglobalhealth.online/czechia/en/tools/osteoporosis-risk-checker,Czechia,en,tools,70.8,cross_market+wrong_locale,Czechia|Ireland|Spain,en,https://www.myglobalhealth.online/czechia/en/tools/osteoporosis-risk-checker [12i/0c/p76] ;; https://www.myglobalhealth.online/spain/en/tools/osteoporosis-risk-checker [4i/0c/p71] ;; https://www.myglobalhealth.online/ireland/en/tools/osteoporosis-risk-checker [1i/0c/p73]
tehotenska kalkulacka,2,17,0,https://www.myglobalhealth.online/czechia/cs/tools/due-date-calculator,Czechia,cs,tools,25.3,cross_market+wrong_locale,Czechia|Romania,cs,https://www.myglobalhealth.online/czechia/cs/tools/due-date-calculator [14i/0c/p42] ;; https://www.myglobalhealth.online/romania/cs/tools/due-date-calculator [3i/0c/p25]
eneschopenka,2,17,0,https://www.myglobalhealth.online/czechia/cs/blog/neschopenka-jak-funguje-eneschopenka,Czechia,cs,blog,5.5,wrong_locale,Czechia,cs|en,https://www.myglobalhealth.online/czechia/cs/blog/neschopenka-jak-funguje-eneschopenka [15i/0c/p13] ;; https://www.myglobalhealth.online/czechia/en/blog/neschopenka-czech-sick-note-explained [2i/0c/p6]
bmi index,2,17,0,https://www.myglobalhealth.online/czechia/cs/tools/bmi-calculator,Czechia,cs,tools,47.5,cross_market,Czechia|Ireland,cs|en,https://www.myglobalhealth.online/czechia/cs/tools/bmi-calculator [15i/0c/p48] ;; https://www.myglobalhealth.online/ireland/en/tools/bmi-calculator [2i/0c/p69]
help global brazil,5,16,0,https://www.myglobalhealth.online/brazil/en,Brazil,en,market_home,6.0,wrong_locale,Brazil,en|es,https://www.myglobalhealth.online/brazil/en [6i/0c/p12] ;; https://www.myglobalhealth.online/brazil/en/about [5i/0c/p32] ;; https://www.myglobalhealth.online/brazil/en/contact [2i/0c/p53] ;; https://www.myglobalhealth.online/brazil/es/about [2i/0c/p15] ;; https://www.myglobalhealth.online/brazil/en/faq [1i/0c/p6]
home blood tests ireland,2,16,0,https://www.myglobalhealth.online/ireland/en/lab-tests/general-health-test,Ireland,en,lab-tests,23.5,no,Ireland,en,https://www.myglobalhealth.online/ireland/en/lab-tests/general-health-test [11i/0c/p23] ;; https://www.myglobalhealth.online/ireland/en/lab-tests [5i/0c/p41]
psiquiatra online españa,2,16,0,https://www.myglobalhealth.online/spain/en/services/psiquiatra-online,Spain,en,services,72.2,wrong_locale,Spain,en,https://www.myglobalhealth.online/spain/en/services/psiquiatra-online [11i/0c/p72] ;; https://www.myglobalhealth.online/spain/en/services/psicologo-online [5i/0c/p88]
中医在线问诊 – 里斯本,2,16,0,https://www.myglobalhealth.online/portugal/pt,Portugal,pt,market_home,48.3,wrong_locale,Portugal,es|pt,https://www.myglobalhealth.online/portugal/pt [15i/0c/p48] ;; https://www.myglobalhealth.online/portugal/es [1i/0c/p57]
online gp spain,2,16,0,https://www.myglobalhealth.online/spain/es,Spain,es,market_home,10.0,wrong_locale,Spain,en|es,https://www.myglobalhealth.online/spain/es [14i/0c/p13] ;; https://www.myglobalhealth.online/spain/en [2i/0c/p10]
my health,3,15,0,https://www.myglobalhealth.online/czechia/cs,Czechia,cs,market_home,8.6,cross_market,Czechia|Romania|Spain,cs|es|ro,https://www.myglobalhealth.online/czechia/cs [8i/0c/p9] ;; https://www.myglobalhealth.online/spain/es [4i/0c/p15] ;; https://www.myglobalhealth.online/romania/ro [3i/0c/p21]
mental health assessment specialists,3,15,0,https://www.myglobalhealth.online/ireland/en/services/mental-health-consultation,Ireland,en,services,19.6,no,Ireland,en,https://www.myglobalhealth.online/ireland/en/services/mental-health-consultation [10i/0c/p20] ;; https://www.myglobalhealth.online/ireland/en/services/psychiatry-specialist-consultation [3i/0c/p25] ;; https://www.myglobalhealth.online/ireland/en/services/psychology-specialist-consultation [2i/0c/p72]
online gp ireland,2,15,0,https://www.myglobalhealth.online/ireland/en/gp-consultation-online,Ireland,en,gp-consultation-online,32.1,no,Ireland,en,https://www.myglobalhealth.online/ireland/en/gp-consultation-online [14i/0c/p32] ;; https://www.myglobalhealth.online/ireland/en [1i/0c/p71]
certificate of incapacity for work,2,15,0,https://www.myglobalhealth.online/ireland/en/blog/illness-benefit-ireland-how-to-claim,Ireland,en,blog,7.4,no,Ireland,en,https://www.myglobalhealth.online/ireland/en/blog/illness-benefit-ireland-how-to-claim [14i/0c/p7] ;; https://www.myglobalhealth.online/ireland/en/blog/sick-certificate-ireland-employee-rights [1i/0c/p56]
tabela pressão arterial,2,15,0,https://www.myglobalhealth.online/brazil/pt/tools/blood-pressure-chart,Brazil,pt,tools,10.9,cross_market,Brazil|Portugal,pt,https://www.myglobalhealth.online/brazil/pt/tools/blood-pressure-chart [11i/0c/p11] ;; https://www.myglobalhealth.online/portugal/pt/tools/blood-pressure-chart [4i/0c/p15]
doctores online,2,15,1,https://www.myglobalhealth.online/spain/es,Spain,es,market_home,14.0,wrong_locale,Spain,en|es,https://www.myglobalhealth.online/spain/es [14i/1c/p31] ;; https://www.myglobalhealth.online/spain/en [1i/0c/p14]
global health clinic,4,15,0,https://www.myglobalhealth.online,,,legacy_or_global,6.0,cross_market+wrong_locale,Brazil|Romania|Spain,en|es,https://www.myglobalhealth.online [12i/0c/p8] ;; https://www.myglobalhealth.online/brazil/en/contact [1i/0c/p11] ;; https://www.myglobalhealth.online/romania/en [1i/0c/p6] ;; https://www.myglobalhealth.online/spain/es [1i/0c/p6]
tensión normal,2,15,0,https://www.myglobalhealth.online/spain/es/tools/blood-pressure-chart,Spain,es,tools,27.2,cross_market+wrong_locale,Romania|Spain,es,https://www.myglobalhealth.online/spain/es/tools/blood-pressure-chart [14i/0c/p27] ;; https://www.myglobalhealth.online/romania/es/blog/presion-arterial-normal-guia-util-por-edad-sin-tablas-enganosas [1i/0c/p86]
bmi calculator romana,2,15,0,https://www.myglobalhealth.online/romania/ro/tools/bmi-calculator,Romania,ro,tools,24.2,wrong_locale,Romania,es|ro,https://www.myglobalhealth.online/romania/ro/tools/bmi-calculator [12i/0c/p24] ;; https://www.myglobalhealth.online/romania/es/tools/bmi-calculator [3i/0c/p57]
krevní tlak hodnoty,2,15,0,https://www.myglobalhealth.online/czechia/cs/tools/blood-pressure-chart,Czechia,cs,tools,39.6,cross_market+wrong_locale,Czechia|Romania,cs,https://www.myglobalhealth.online/czechia/cs/tools/blood-pressure-chart [11i/0c/p40] ;; https://www.myglobalhealth.online/romania/cs/blog/normalni-krevni-tlak-podle-veku-uzitecny-pruvodce-bez-zavadejicich-tabulek [4i/0c/p67]
calcul imc obezitate,3,15,0,https://www.myglobalhealth.online/romania/es/tools/bmi-calculator,Romania,es,tools,24.0,cross_market+wrong_locale,Portugal|Romania,es|ro,https://www.myglobalhealth.online/romania/es/tools/bmi-calculator [12i/0c/p73] ;; https://www.myglobalhealth.online/romania/ro/tools/bmi-calculator [2i/0c/p24] ;; https://www.myglobalhealth.online/portugal/ro/tools/bmi-calculator [1i/0c/p55]
global health medical,4,15,3,https://www.myglobalhealth.online,,,legacy_or_global,1.0,no,Ireland,en,https://www.myglobalhealth.online [8i/0c/p11] ;; https://www.myglobalhealth.online/ireland/en [3i/3c/p1] ;; https://www.myglobalhealth.online/ireland/en/contact [3i/0c/p2] ;; https://www.myglobalhealth.online/about [1i/0c/p32]
consulta psiquiatra online,2,14,0,https://www.myglobalhealth.online/spain/pt/services/psiquiatra-online,Spain,pt,services,73.0,wrong_locale,Spain,en|pt,https://www.myglobalhealth.online/spain/pt/services/psiquiatra-online [11i/0c/p73] ;; https://www.myglobalhealth.online/spain/en/services/psicologo-online [3i/0c/p99]
test adhd copii online,4,14,0,https://www.myglobalhealth.online/romania/cs/tools/adhd-test,Romania,cs,tools,11.8,cross_market+wrong_locale,Ireland|Romania,cs|ro,https://www.myglobalhealth.online/romania/cs/tools/adhd-test [7i/0c/p49] ;; https://www.myglobalhealth.online/romania/ro/tools/adhd-test [5i/0c/p12] ;; https://www.myglobalhealth.online/ireland/ro/tools/adhd-test [1i/0c/p32] ;; https://www.myglobalhealth.online/romania/ro/tools/calorie-calculator [1i/0c/p81]
medical advisor online,3,14,0,https://www.myglobalhealth.online/spain/en,Spain,en,market_home,24.8,wrong_locale,Spain,en|es,https://www.myglobalhealth.online/spain/en [10i/0c/p25] ;; https://www.myglobalhealth.online [3i/0c/p74] ;; https://www.myglobalhealth.online/spain/es [1i/0c/p30]
english speaking doctor,2,14,0,https://www.myglobalhealth.online/ireland/en/doctors,Ireland,en,doctors,27.8,cross_market+wrong_locale,Czechia|Ireland,en,https://www.myglobalhealth.online/ireland/en/doctors [13i/0c/p28] ;; https://www.myglobalhealth.online/czechia/en [1i/0c/p39]
imc find a doctor,2,14,0,https://www.myglobalhealth.online/ireland/en/doctors,Ireland,en,doctors,5.4,no,Ireland,en,https://www.myglobalhealth.online/ireland/en/doctors [12i/0c/p5] ;; https://www.myglobalhealth.online/ireland/en [2i/0c/p8]
online dermatology consultation,2,14,0,https://www.myglobalhealth.online/spain/en/services/dermatologia-especialista-online,Spain,en,services,54.7,wrong_locale,Spain,en,https://www.myglobalhealth.online/spain/en/services/dermatologia-especialista-online [11i/0c/p83] ;; https://www.myglobalhealth.online/spain/en/blog/online-dermatologist-spain [3i/0c/p55]
global,3,14,0,https://www.myglobalhealth.online/portugal/pt,Portugal,pt,market_home,5.0,cross_market,Ireland|Portugal,en|pt,https://www.myglobalhealth.online/portugal/pt [12i/0c/p9] ;; https://www.myglobalhealth.online [1i/0c/p5] ;; https://www.myglobalhealth.online/ireland/en [1i/0c/p7]
czech doctor,2,14,0,https://www.myglobalhealth.online/czechia/en,Czechia,en,market_home,6.3,wrong_locale,Czechia,en|es,https://www.myglobalhealth.online/czechia/en [11i/0c/p8] ;; https://www.myglobalhealth.online/czechia/es [3i/0c/p6]
blood pressure chart europe,3,13,0,https://www.myglobalhealth.online/czechia/en/tools/blood-pressure-chart,Czechia,en,tools,5.0,cross_market+wrong_locale,Czechia|Ireland|Portugal,en,https://www.myglobalhealth.online/czechia/en/tools/blood-pressure-chart [7i/0c/p8] ;; https://www.myglobalhealth.online/ireland/en/tools/blood-pressure-chart [5i/0c/p11] ;; https://www.myglobalhealth.online/portugal/en/tools/blood-pressure-chart [1i/0c/p5]
online medical follow up,2,13,0,https://www.myglobalhealth.online/spain/en,Spain,en,market_home,10.7,wrong_locale,Spain,en|es,https://www.myglobalhealth.online/spain/en [12i/0c/p11] ;; https://www.myglobalhealth.online/spain/es/contact [1i/0c/p67]
online gp consultations,2,13,0,https://www.myglobalhealth.online/ireland/en/gp-consultation-online,Ireland,en,gp-consultation-online,29.0,no,Ireland,en,https://www.myglobalhealth.online/ireland/en/gp-consultation-online [11i/0c/p31] ;; https://www.myglobalhealth.online/ireland/en/book [2i/0c/p29]
dr moreno montañez dermatologo,2,13,1,https://www.myglobalhealth.online/spain/es/doctors/dr-alfredo-del-valle,Spain,es,doctors,4.9,no,Spain,es,https://www.myglobalhealth.online/spain/es/doctors/dr-alfredo-del-valle [9i/1c/p5] ;; https://www.myglobalhealth.online/spain/es/blog/dermatologo-online-que-puede-resolver [4i/0c/p14]
amh test,2,13,0,https://www.myglobalhealth.online/ireland/cs/lab-tests/amh-fertility-test,Ireland,cs,lab-tests,28.8,wrong_locale,Ireland,cs|en,https://www.myglobalhealth.online/ireland/cs/lab-tests/amh-fertility-test [7i/0c/p36] ;; https://www.myglobalhealth.online/ireland/en/lab-tests/amh-fertility-test [6i/0c/p29]
how to claim sick pay ireland,2,13,0,https://www.myglobalhealth.online/ireland/en/blog/illness-benefit-ireland-how-to-claim,Ireland,en,blog,17.2,wrong_locale,Ireland,cs|en,https://www.myglobalhealth.online/ireland/en/blog/illness-benefit-ireland-how-to-claim [10i/0c/p17] ;; https://www.myglobalhealth.online/ireland/cs/blog/illness-benefit-irsko-jak-zazadat [3i/0c/p56]
calculadora imc,3,13,0,https://www.myglobalhealth.online/spain/es/tools/bmi-calculator,Spain,es,tools,44.0,cross_market+wrong_locale,Portugal|Romania|Spain,es|pt,https://www.myglobalhealth.online/spain/es/tools/bmi-calculator [9i/0c/p46] ;; https://www.myglobalhealth.online/portugal/pt/tools/bmi-calculator [3i/0c/p59] ;; https://www.myglobalhealth.online/romania/es/tools/bmi-calculator [1i/0c/p44]
global medic,6,13,0,https://www.myglobalhealth.online/ireland/en/press,Ireland,en,press,16.3,cross_market,Ireland|Spain,en|es,https://www.myglobalhealth.online/ireland/en/press [3i/0c/p61] ;; https://www.myglobalhealth.online/ireland/en/contact [3i/0c/p31] ;; https://www.myglobalhealth.online/spain/es [3i/0c/p16] ;; https://www.myglobalhealth.online/ireland/en/about [2i/0c/p66] ;; https://www.myglobalhealth.online/ireland/en [1i/0c/p28] ;; https://www.myglobalhealth.online/spain/es/contact [1i/0c/p19]
calculator bmi femei,2,13,0,https://www.myglobalhealth.online/romania/ro/tools/bmi-calculator,Romania,ro,tools,26.8,wrong_locale,Romania,es|ro,https://www.myglobalhealth.online/romania/ro/tools/bmi-calculator [11i/0c/p27] ;; https://www.myglobalhealth.online/romania/es/tools/bmi-calculator [2i/0c/p65]
imc adulti,2,13,0,https://www.myglobalhealth.online/romania/es/tools/bmi-calculator,Romania,es,tools,28.8,wrong_locale,Romania,es|ro,https://www.myglobalhealth.online/romania/es/tools/bmi-calculator [9i/0c/p82] ;; https://www.myglobalhealth.online/romania/ro/tools/bmi-calculator [4i/0c/p29]
online medical certificate,2,12,0,https://www.myglobalhealth.online/ireland/es/health/sick-cert-online,Ireland,es,health,33.4,cross_market+wrong_locale,Ireland|Spain,es,https://www.myglobalhealth.online/ireland/es/health/sick-cert-online [10i/0c/p33] ;; https://www.myglobalhealth.online/spain/es [2i/0c/p47]
tabulka měření tlaku,2,12,0,https://www.myglobalhealth.online/czechia/cs/tools/blood-pressure-chart,Czechia,cs,tools,13.3,cross_market+wrong_locale,Czechia|Ireland,cs,https://www.myglobalhealth.online/czechia/cs/tools/blood-pressure-chart [11i/0c/p13] ;; https://www.myglobalhealth.online/ireland/cs/tools/blood-pressure-chart [1i/0c/p33]
"rybná 716/24, praha 1, staré město, 11000, cehia",2,12,0,https://www.myglobalhealth.online/czechia/cs,Czechia,cs,market_home,7.4,no,Czechia,cs,https://www.myglobalhealth.online/czechia/cs [7i/0c/p7] ;; https://www.myglobalhealth.online/czechia/cs/book [5i/0c/p14]
sim,8,12,0,https://www.myglobalhealth.online/portugal/pt/blog/baixa-medica-quanto-se-recebe-como-calcular,Portugal,pt,blog,1.0,cross_market+wrong_locale,Brazil|Portugal,en|pt,https://www.myglobalhealth.online/portugal/pt/blog/baixa-medica-quanto-se-recebe-como-calcular [3i/0c/p2] ;; https://www.myglobalhealth.online/brazil/en/blog/does-an-attendance-certificate-excuse-an-absence-the-difference-from-a-medical-c [2i/0c/p2] ;; https://www.myglobalhealth.online/portugal/pt/blog/atestado-medico-para-carta-de-conducao [2i/0c/p7] ;; https://www.myglobalhealth.online/brazil/en [1i/0c/p3] ;; https://www.myglobalhealth.online/portugal/en/blog/autodeclaracao-de-doenca-ou-baixa-medica [1i/0c/p6] ;; https://www.myglobalhealth.online/brazil/en/blog/laboratory-test-request-brazil [1i/0c/p1]
calculator imc barbati,2,12,0,https://www.myglobalhealth.online/romania/ro/tools/bmi-calculator,Romania,ro,tools,27.4,wrong_locale,Romania,es|ro,https://www.myglobalhealth.online/romania/ro/tools/bmi-calculator [11i/0c/p27] ;; https://www.myglobalhealth.online/romania/es/tools/bmi-calculator [1i/0c/p68]
home blood test,2,12,0,https://www.myglobalhealth.online/ireland/en/lab-tests,Ireland,en,lab-tests,24.0,no,Ireland,en,https://www.myglobalhealth.online/ireland/en/lab-tests [11i/0c/p39] ;; https://www.myglobalhealth.online/ireland/en/lab-tests/general-health-test [1i/0c/p24]
bmi calculator,2,12,0,https://www.myglobalhealth.online/ireland/en/tools/bmi-calculator,Ireland,en,tools,61.7,cross_market+wrong_locale,Czechia|Ireland,en,https://www.myglobalhealth.online/ireland/en/tools/bmi-calculator [9i/0c/p62] ;; https://www.myglobalhealth.online/czechia/en/tools/bmi-calculator [3i/0c/p62]
vitamin b12 test,3,11,0,https://www.myglobalhealth.online/ireland/cs/lab-tests/vitamin-b12-test,Ireland,cs,lab-tests,30.0,wrong_locale,Ireland,cs|de|en,https://www.myglobalhealth.online/ireland/cs/lab-tests/vitamin-b12-test [5i/0c/p71] ;; https://www.myglobalhealth.online/ireland/de/lab-tests/vitamin-b12-test [3i/0c/p45] ;; https://www.myglobalhealth.online/ireland/en/lab-tests/vitamin-b12-test [3i/0c/p30]
imc doctor search,2,11,0,https://www.myglobalhealth.online/ireland/en,Ireland,en,market_home,8.4,no,Ireland,en,https://www.myglobalhealth.online/ireland/en [6i/0c/p16] ;; https://www.myglobalhealth.online/ireland/en/doctors [5i/0c/p8]
calcul necesar caloric,2,11,0,https://www.myglobalhealth.online/romania/ro/tools/calorie-calculator,Romania,ro,tools,21.3,cross_market+wrong_locale,Romania|Spain,ro,https://www.myglobalhealth.online/romania/ro/tools/calorie-calculator [7i/0c/p21] ;; https://www.myglobalhealth.online/spain/ro/tools/calorie-calculator [4i/0c/p33]
consulting doctor online,3,11,0,https://www.myglobalhealth.online/ireland/en/gp-consultation-online,Ireland,en,gp-consultation-online,35.0,no,Ireland,en,https://www.myglobalhealth.online/ireland/en/gp-consultation-online [4i/0c/p72] ;; https://www.myglobalhealth.online/ireland/en/see-a-specialist [4i/0c/p85] ;; https://www.myglobalhealth.online/ireland/en/book [3i/0c/p35]
consulta online dermatologia,2,11,0,https://www.myglobalhealth.online/spain/pt/blog/dermatologista-online-espanha,Spain,pt,blog,31.3,wrong_locale,Spain,en|pt,https://www.myglobalhealth.online/spain/pt/blog/dermatologista-online-espanha [6i/0c/p31] ;; https://www.myglobalhealth.online/spain/en/services/dermatologia-especialista-online [5i/0c/p79]
presion arterial normal,2,11,0,https://www.myglobalhealth.online/spain/es/tools/blood-pressure-chart,Spain,es,tools,54.1,cross_market+wrong_locale,Romania|Spain,es,https://www.myglobalhealth.online/spain/es/tools/blood-pressure-chart [7i/0c/p54] ;; https://www.myglobalhealth.online/romania/es/blog/presion-arterial-normal-guia-util-por-edad-sin-tablas-enganosas [4i/0c/p58]
clinica,3,11,0,https://www.myglobalhealth.online/ireland/pt,Ireland,pt,market_home,4.2,cross_market+wrong_locale,Ireland|Portugal,pt,https://www.myglobalhealth.online/ireland/pt [5i/0c/p8] ;; https://www.myglobalhealth.online/portugal/pt [4i/0c/p4] ;; https://www.myglobalhealth.online/pt [2i/0c/p13]
consulta online dermatologista,2,11,0,https://www.myglobalhealth.online/spain/pt/blog/dermatologista-online-espanha,Spain,pt,blog,29.7,wrong_locale,Spain,en|pt,https://www.myglobalhealth.online/spain/pt/blog/dermatologista-online-espanha [6i/0c/p30] ;; https://www.myglobalhealth.online/spain/en/services/dermatologia-especialista-online [5i/0c/p87]
tabel imc,2,11,0,https://www.myglobalhealth.online/romania/ro/tools/bmi-calculator,Romania,ro,tools,28.2,cross_market+wrong_locale,Portugal|Romania,ro,https://www.myglobalhealth.online/romania/ro/tools/bmi-calculator [6i/0c/p28] ;; https://www.myglobalhealth.online/portugal/ro/tools/bmi-calculator [5i/0c/p29]
tabela tensão arterial,3,11,0,https://www.myglobalhealth.online/portugal/pt/tools/blood-pressure-chart,Portugal,pt,tools,9.0,cross_market+wrong_locale,Brazil|Portugal|Romania,pt,https://www.myglobalhealth.online/portugal/pt/tools/blood-pressure-chart [9i/0c/p10] ;; https://www.myglobalhealth.online/brazil/pt/tools/blood-pressure-chart [1i/0c/p9] ;; https://www.myglobalhealth.online/romania/pt/tools/blood-pressure-chart [1i/0c/p18]
bmi calculator ireland,2,11,0,https://www.myglobalhealth.online/ireland/en/tools/bmi-calculator,Ireland,en,tools,30.4,wrong_locale,Ireland,cs|en,https://www.myglobalhealth.online/ireland/en/tools/bmi-calculator [10i/0c/p30] ;; https://www.myglobalhealth.online/ireland/cs/tools/bmi-calculator [1i/0c/p100]
ano,2,11,0,https://www.myglobalhealth.online/czechia/en/blog/czech-sick-pay-calculation-2026-employer-cssz,Czechia,en,blog,2.0,wrong_locale,Czechia,en,https://www.myglobalhealth.online/czechia/en/blog/czech-sick-pay-calculation-2026-employer-cssz [9i/0c/p2] ;; https://www.myglobalhealth.online/czechia/en/blog/neschopenka-czech-sick-note-explained [2i/0c/p2]
normální krevní tlak,2,11,0,https://www.myglobalhealth.online/czechia/cs/tools/blood-pressure-chart,Czechia,cs,tools,37.3,cross_market+wrong_locale,Czechia|Romania,cs,https://www.myglobalhealth.online/czechia/cs/tools/blood-pressure-chart [7i/0c/p37] ;; https://www.myglobalhealth.online/romania/cs/blog/normalni-krevni-tlak-podle-veku-uzitecny-pruvodce-bez-zavadejicich-tabulek [4i/0c/p65]
online doctor portugal,2,11,0,https://www.myglobalhealth.online/portugal/en/contact,Portugal,en,contact,21.0,wrong_locale,Portugal,en|pt,https://www.myglobalhealth.online/portugal/en/contact [9i/0c/p21] ;; https://www.myglobalhealth.online/portugal/pt [2i/0c/p54]
online gp,2,11,0,https://www.myglobalhealth.online/spain/es,Spain,es,market_home,19.1,cross_market,Ireland|Spain,en|es,https://www.myglobalhealth.online/spain/es [7i/0c/p19] ;; https://www.myglobalhealth.online/ireland/en/gp-consultation-online [4i/0c/p35]
unde pot obtine o a doua opinie internationala pentru un caz de neurochirurgie,2,10,0,https://www.myglobalhealth.online/ireland/ro/services/second-opinion-consultation,Ireland,ro,services,49.2,cross_market+wrong_locale,Ireland|Spain,ro,https://www.myglobalhealth.online/ireland/ro/services/second-opinion-consultation [5i/0c/p91] ;; https://www.myglobalhealth.online/spain/ro/services/segunda-opinion-medica [5i/0c/p49]
moreno montañez dermatologo,2,10,1,https://www.myglobalhealth.online/spain/es/doctors/dr-alfredo-del-valle,Spain,es,doctors,4.3,no,Spain,es,https://www.myglobalhealth.online/spain/es/doctors/dr-alfredo-del-valle [7i/1c/p4] ;; https://www.myglobalhealth.online/spain/es/blog/dermatologo-online-que-puede-resolver [3i/0c/p15]
online consult gp,2,10,0,https://www.myglobalhealth.online/ireland/en/gp-consultation-online,Ireland,en,gp-consultation-online,4.0,cross_market+wrong_locale,Ireland|Romania,en,https://www.myglobalhealth.online/ireland/en/gp-consultation-online [9i/0c/p21] ;; https://www.myglobalhealth.online/romania/en [1i/0c/p4]
consulta online dermatólogo gratis,2,10,0,https://www.myglobalhealth.online/spain/en/services/dermatologia-especialista-online,Spain,en,services,11.0,wrong_locale,Spain,en|es,https://www.myglobalhealth.online/spain/en/services/dermatologia-especialista-online [9i/0c/p83] ;; https://www.myglobalhealth.online/spain/es/blog/dermatologo-online-que-puede-resolver [1i/0c/p11]
calcular periodo fertil,3,10,0,https://www.myglobalhealth.online/ireland/pt/tools/ovulation-calculator,Ireland,pt,tools,64.0,cross_market+wrong_locale,Ireland|Portugal|Spain,es|pt,https://www.myglobalhealth.online/ireland/pt/tools/ovulation-calculator [6i/0c/p71] ;; https://www.myglobalhealth.online/portugal/pt/tools/ovulation-calculator [3i/0c/p77] ;; https://www.myglobalhealth.online/spain/es/tools/ovulation-calculator [1i/0c/p64]
especialistas españoles cita médica online ecuador,2,10,0,https://www.myglobalhealth.online/spain/es,Spain,es,market_home,62.2,wrong_locale,Spain,en|es,https://www.myglobalhealth.online/spain/es [9i/0c/p62] ;; https://www.myglobalhealth.online/spain/en [1i/0c/p96]
indice de masa corporala adulti,3,10,0,https://www.myglobalhealth.online/romania/es/tools/bmi-calculator,Romania,es,tools,36.0,cross_market+wrong_locale,Portugal|Romania,es|ro,https://www.myglobalhealth.online/romania/es/tools/bmi-calculator [8i/0c/p88] ;; https://www.myglobalhealth.online/portugal/ro/tools/bmi-calculator [1i/0c/p54] ;; https://www.myglobalhealth.online/romania/ro/tools/bmi-calculator [1i/0c/p36]
help global brazil login,2,10,0,https://www.myglobalhealth.online/brazil/en/contact,Brazil,en,contact,9.3,wrong_locale,Brazil,en,https://www.myglobalhealth.online/brazil/en/contact [9i/0c/p9] ;; https://www.myglobalhealth.online/brazil/en [1i/0c/p10]
gp appointment,2,10,0,https://www.myglobalhealth.online/romania/en,Romania,en,market_home,6.7,wrong_locale,Romania,en|ro,https://www.myglobalhealth.online/romania/en [7i/0c/p7] ;; https://www.myglobalhealth.online/romania/ro [3i/0c/p10]
yes,6,10,0,https://www.myglobalhealth.online/ireland/en/blog/illness-benefit-payment-ireland-rate-tax-timing,Ireland,en,blog,1.0,cross_market+wrong_locale,Czechia|Ireland,en,https://www.myglobalhealth.online/ireland/en/blog/illness-benefit-payment-ireland-rate-tax-timing [4i/0c/p5] ;; https://www.myglobalhealth.online/ireland/en/blog/illness-benefit-ireland-how-to-claim [2i/0c/p4] ;; https://www.myglobalhealth.online/ireland/en/blog/adult-adhd-assessment-ireland-public-private-routes [1i/0c/p8] ;; https://www.myglobalhealth.online/czechia/en [1i/0c/p1] ;; https://www.myglobalhealth.online/ireland/en/doctors/dr-tiago-miguel-figueira [1i/0c/p2] ;; https://www.myglobalhealth.online/ireland/en/lab-tests/general-health-test [1i/0c/p5]
clinic.globalhealth,4,10,0,https://www.myglobalhealth.online,,,legacy_or_global,9.0,cross_market,Brazil|Spain,es|pt,https://www.myglobalhealth.online [5i/0c/p10] ;; https://www.myglobalhealth.online/brazil/pt/about [3i/0c/p10] ;; https://www.myglobalhealth.online/pt/about [1i/0c/p9] ;; https://www.myglobalhealth.online/spain/es [1i/0c/p63]
врач онлайн в испании,3,10,0,https://www.myglobalhealth.online/spain/es,Spain,es,market_home,33.0,wrong_locale,Spain,en|es,https://www.myglobalhealth.online/spain/es [5i/0c/p33] ;; https://www.myglobalhealth.online/spain/en [4i/0c/p54] ;; https://www.myglobalhealth.online/es/home-sp [1i/0c/p64]
doctor global,2,10,0,https://www.myglobalhealth.online/brazil/en,Brazil,en,market_home,10.6,wrong_locale,Brazil,en,https://www.myglobalhealth.online/brazil/en [8i/0c/p11] ;; https://www.myglobalhealth.online [2i/0c/p24]
plodné dny kalkulačka,2,10,0,https://www.myglobalhealth.online/czechia/cs/tools/ovulation-calculator,Czechia,cs,tools,32.5,cross_market+wrong_locale,Czechia|Portugal,cs,https://www.myglobalhealth.online/czechia/cs/tools/ovulation-calculator [6i/0c/p32] ;; https://www.myglobalhealth.online/portugal/cs/tools/ovulation-calculator [4i/0c/p37]
bmi test,2,10,0,https://www.myglobalhealth.online/czechia/cs/tools/bmi-calculator,Czechia,cs,tools,27.9,cross_market,Czechia|Ireland,cs|en,https://www.myglobalhealth.online/czechia/cs/tools/bmi-calculator [8i/0c/p28] ;; https://www.myglobalhealth.online/ireland/en/tools/bmi-calculator [2i/0c/p55]
servicios de psiquiatria online,2,10,0,https://www.myglobalhealth.online/spain/en/services/salud-mental-online,Spain,en,services,82.0,wrong_locale,Spain,en,https://www.myglobalhealth.online/spain/en/services/salud-mental-online [9i/0c/p82] ;; https://www.myglobalhealth.online/spain/en/services/psicologo-online [1i/0c/p99]
romanian doctor,2,10,0,https://www.myglobalhealth.online/romania/en,Romania,en,market_home,6.0,wrong_locale,Romania,en|ro,https://www.myglobalhealth.online/romania/en [7i/0c/p6] ;; https://www.myglobalhealth.online/romania/ro [3i/0c/p54]
dr maklad,4,10,0,https://www.myglobalhealth.online/ireland/en/doctors/dr-ahmed-maklad,Ireland,en,doctors,1.0,cross_market+wrong_locale,Czechia|Ireland,en|pt,https://www.myglobalhealth.online/ireland/en/doctors/dr-ahmed-maklad [5i/0c/p8] ;; https://www.myglobalhealth.online/czechia-doctors/mudr-ahmed-maklad [3i/0c/p12] ;; https://www.myglobalhealth.online/czechia/en/doctors/dr-ahmed-maklad [1i/0c/p10] ;; https://www.myglobalhealth.online/czechia/pt/doctors/dr-ahmed-maklad [1i/0c/p1]
calculator calorii slabit,2,9,0,https://www.myglobalhealth.online/romania/ro/tools/calorie-calculator,Romania,ro,tools,18.2,cross_market+wrong_locale,Romania|Spain,ro,https://www.myglobalhealth.online/romania/ro/tools/calorie-calculator [5i/0c/p18] ;; https://www.myglobalhealth.online/spain/ro/tools/calorie-calculator [4i/0c/p32]
doctor online spain,2,9,0,https://www.myglobalhealth.online/spain/es,Spain,es,market_home,10.0,wrong_locale,Spain,en|es,https://www.myglobalhealth.online/spain/es [7i/0c/p17] ;; https://www.myglobalhealth.online/spain/en [2i/0c/p10]
consulta medica online privada,2,9,0,https://www.myglobalhealth.online/spain/es/services/consulta-medica-online,Spain,es,services,17.3,no,Spain,es,https://www.myglobalhealth.online/spain/es/services/consulta-medica-online [6i/0c/p17] ;; https://www.myglobalhealth.online/spain/es [3i/0c/p61]
128/95 blood pressure,2,9,0,https://www.myglobalhealth.online/ireland/en/tools/blood-pressure-chart,Ireland,en,tools,11.0,cross_market+wrong_locale,Czechia|Ireland,en,https://www.myglobalhealth.online/ireland/en/tools/blood-pressure-chart [7i/0c/p13] ;; https://www.myglobalhealth.online/czechia/en/tools/blood-pressure-chart [2i/0c/p11]
calculo imc,2,9,0,https://www.myglobalhealth.online/spain/es/tools/bmi-calculator,Spain,es,tools,50.8,cross_market,Portugal|Spain,es|pt,https://www.myglobalhealth.online/spain/es/tools/bmi-calculator [5i/0c/p51] ;; https://www.myglobalhealth.online/portugal/pt/tools/bmi-calculator [4i/0c/p65]
calculator indice de masa corporala,2,9,0,https://www.myglobalhealth.online/romania/ro/tools/bmi-calculator,Romania,ro,tools,31.8,wrong_locale,Romania,es|ro,https://www.myglobalhealth.online/romania/ro/tools/bmi-calculator [6i/0c/p32] ;; https://www.myglobalhealth.online/romania/es/tools/bmi-calculator [3i/0c/p72]
apply for sick pay ireland,3,9,0,https://www.myglobalhealth.online/ireland/en/blog/illness-benefit-ireland-how-to-claim,Ireland,en,blog,37.8,wrong_locale,Ireland,de|en,https://www.myglobalhealth.online/ireland/en/blog/illness-benefit-ireland-how-to-claim [4i/0c/p38] ;; https://www.myglobalhealth.online/ireland/en/blog/illness-benefit-payment-ireland-rate-tax-timing [4i/0c/p71] ;; https://www.myglobalhealth.online/ireland/de/blog/illness-benefit-irland-so-beantragen [1i/0c/p91]
irish doctors online,3,9,0,https://www.myglobalhealth.online/ireland/en,Ireland,en,market_home,30.3,no,Ireland,en,https://www.myglobalhealth.online/ireland/en [6i/0c/p30] ;; https://www.myglobalhealth.online/ireland/en/gp-consultation-online [2i/0c/p38] ;; https://www.myglobalhealth.online/ireland/en/book [1i/0c/p50]
imc,3,9,0,https://www.myglobalhealth.online/romania/ro/tools/bmi-calculator,Romania,ro,tools,37.8,cross_market,Portugal|Romania|Spain,es|pt|ro,https://www.myglobalhealth.online/romania/ro/tools/bmi-calculator [4i/0c/p38] ;; https://www.myglobalhealth.online/spain/es/tools/bmi-calculator [3i/0c/p65] ;; https://www.myglobalhealth.online/portugal/pt/tools/bmi-calculator [2i/0c/p72]
exame medico imt,2,9,0,https://www.myglobalhealth.online/portugal/pt/services/certificado-medico-carta-de-conducao,Portugal,pt,services,32.0,no,Portugal,pt,https://www.myglobalhealth.online/portugal/pt/services/certificado-medico-carta-de-conducao [6i/0c/p33] ;; https://www.myglobalhealth.online/portugal/pt/blog/atestado-medico-para-carta-de-conducao [3i/0c/p32]
dublin blood test,2,9,0,https://www.myglobalhealth.online/ireland/en/blog/blood-tests-dublin-what-to-know,Ireland,en,blog,35.0,wrong_locale,Ireland,en|es,https://www.myglobalhealth.online/ireland/en/blog/blood-tests-dublin-what-to-know [8i/0c/p35] ;; https://www.myglobalhealth.online/ireland/es/blog/analisis-de-sangre-dublin [1i/0c/p76]
body mass index,2,9,0,https://www.myglobalhealth.online/ireland/en/tools/bmi-calculator,Ireland,en,tools,70.2,cross_market+wrong_locale,Czechia|Ireland,en,https://www.myglobalhealth.online/ireland/en/tools/bmi-calculator [8i/0c/p70] ;; https://www.myglobalhealth.online/czechia/en/tools/bmi-calculator [1i/0c/p72]
plodné dny,2,9,0,https://www.myglobalhealth.online/czechia/cs/tools/ovulation-calculator,Czechia,cs,tools,28.0,cross_market+wrong_locale,Czechia|Romania,cs,https://www.myglobalhealth.online/czechia/cs/tools/ovulation-calculator [8i/0c/p48] ;; https://www.myglobalhealth.online/romania/cs/tools/ovulation-calculator [1i/0c/p28]
calculator indice masa corporala,2,9,0,https://www.myglobalhealth.online/romania/ro/tools/bmi-calculator,Romania,ro,tools,37.6,wrong_locale,Romania,es|ro,https://www.myglobalhealth.online/romania/ro/tools/bmi-calculator [8i/0c/p38] ;; https://www.myglobalhealth.online/romania/es/tools/bmi-calculator [1i/0c/p57]
online lékař,3,9,0,https://www.myglobalhealth.online/czechia/cs,Czechia,cs,market_home,9.8,no,Czechia,cs,https://www.myglobalhealth.online/czechia/cs [4i/0c/p10] ;; https://www.myglobalhealth.online/czechia/cs/gp-consultation-online [4i/0c/p27] ;; https://www.myglobalhealth.online/czechia/cs/blog/lekar-online-24-7-co-vyresi [1i/0c/p27]
tensão arterial normal,2,8,0,https://www.myglobalhealth.online/portugal/pt/tools/blood-pressure-chart,Portugal,pt,tools,13.1,cross_market,Brazil|Portugal,pt,https://www.myglobalhealth.online/portugal/pt/tools/blood-pressure-chart [7i/0c/p13] ;; https://www.myglobalhealth.online/brazil/pt/tools/blood-pressure-chart [1i/0c/p17]
vypocet porodu,2,8,0,https://www.myglobalhealth.online/czechia/cs/tools/due-date-calculator,Czechia,cs,tools,4.0,cross_market+wrong_locale,Czechia|Portugal,cs,https://www.myglobalhealth.online/czechia/cs/tools/due-date-calculator [4i/0c/p41] ;; https://www.myglobalhealth.online/portugal/cs/tools/due-date-calculator [4i/0c/p4]
book online doctor appointment,2,8,0,https://www.myglobalhealth.online/spain/en,Spain,en,market_home,15.8,wrong_locale,Spain,en|es,https://www.myglobalhealth.online/spain/en [6i/0c/p16] ;; https://www.myglobalhealth.online/spain/es [2i/0c/p40]
scade tensiunea imediat,3,8,0,https://www.myglobalhealth.online/spain/ro/blog/cum-se-scade-tensiunea-ce-functioneaza-conform-ghidurilor-si-ce-doar-pare-sa-fun,Spain,ro,blog,10.0,cross_market+wrong_locale,Romania|Spain,en|ro,https://www.myglobalhealth.online/spain/ro/blog/cum-se-scade-tensiunea-ce-functioneaza-conform-ghidurilor-si-ce-doar-pare-sa-fun [5i/0c/p14] ;; https://www.myglobalhealth.online/romania/ro/blog/ce-scade-tensiunea-arteriala-rapid-sigur [2i/0c/p10] ;; https://www.myglobalhealth.online/romania/en/blog/how-to-lower-blood-pressure-quickly-and-safely [1i/0c/p45]
calculeaza imc,3,8,0,https://www.myglobalhealth.online/romania/ro/tools/bmi-calculator,Romania,ro,tools,31.8,cross_market+wrong_locale,Portugal|Romania,es|ro,https://www.myglobalhealth.online/romania/ro/tools/bmi-calculator [4i/0c/p32] ;; https://www.myglobalhealth.online/portugal/ro/tools/bmi-calculator [2i/0c/p45] ;; https://www.myglobalhealth.online/romania/es/tools/bmi-calculator [2i/0c/p64]
cate calorii am mancat azi,2,8,0,https://www.myglobalhealth.online/romania/ro/tools/calorie-calculator,Romania,ro,tools,19.2,cross_market+wrong_locale,Romania|Spain,ro,https://www.myglobalhealth.online/romania/ro/tools/calorie-calculator [4i/0c/p19] ;; https://www.myglobalhealth.online/spain/ro/tools/calorie-calculator [4i/0c/p43]
sick pay in ireland,2,8,0,https://www.myglobalhealth.online/ireland/en/blog/illness-benefit-ireland-how-to-claim,Ireland,en,blog,68.0,no,Ireland,en,https://www.myglobalhealth.online/ireland/en/blog/illness-benefit-ireland-how-to-claim [5i/0c/p68] ;; https://www.myglobalhealth.online/ireland/en/blog/illness-benefit-payment-ireland-rate-tax-timing [3i/0c/p75]
atestado médico eletrónico imt,2,8,0,https://www.myglobalhealth.online/portugal/pt/services/certificado-medico-carta-de-conducao,Portugal,pt,services,22.0,no,Portugal,pt,https://www.myglobalhealth.online/portugal/pt/services/certificado-medico-carta-de-conducao [6i/0c/p31] ;; https://www.myglobalhealth.online/portugal/pt/blog/atestado-medico-para-carta-de-conducao [2i/0c/p22]
ce scade tensiunea urgent,2,8,0,https://www.myglobalhealth.online/romania/ro/blog/ce-scade-tensiunea-arteriala-rapid-sigur,Romania,ro,blog,7.8,cross_market+wrong_locale,Romania|Spain,ro,https://www.myglobalhealth.online/romania/ro/blog/ce-scade-tensiunea-arteriala-rapid-sigur [6i/0c/p8] ;; https://www.myglobalhealth.online/spain/ro/blog/cum-se-scade-tensiunea-ce-functioneaza-conform-ghidurilor-si-ce-doar-pare-sa-fun [2i/0c/p10]
cita doctor españa,2,8,0,https://www.myglobalhealth.online/spain/es,Spain,es,market_home,17.1,no,Spain,es,https://www.myglobalhealth.online/spain/es [7i/0c/p17] ;; https://www.myglobalhealth.online/spain/es/gp-consultation-online [1i/0c/p35]
tensiune normala,3,8,0,https://www.myglobalhealth.online/romania/ro/blog/tensiune-arteriala-normala-varsta-adulti,Romania,ro,blog,9.0,cross_market+wrong_locale,Romania|Spain,es|ro,https://www.myglobalhealth.online/romania/ro/blog/tensiune-arteriala-normala-varsta-adulti [4i/0c/p52] ;; https://www.myglobalhealth.online/spain/ro/blog/tensiunea-arteriala-normala-tabel-util-dupa-varsta-si-sex-fara-mituri [3i/0c/p64] ;; https://www.myglobalhealth.online/spain/es/tools/blood-pressure-chart [1i/0c/p9]
irish bmi calculator,2,8,0,https://www.myglobalhealth.online/ireland/cs/tools/bmi-calculator,Ireland,cs,tools,34.0,wrong_locale,Ireland,cs|en,https://www.myglobalhealth.online/ireland/cs/tools/bmi-calculator [4i/0c/p93] ;; https://www.myglobalhealth.online/ireland/en/tools/bmi-calculator [4i/0c/p34]
global medics timesheet,2,8,0,https://www.myglobalhealth.online/ireland/en/contact,Ireland,en,contact,59.0,no,Ireland,en,https://www.myglobalhealth.online/ireland/en/contact [5i/0c/p80] ;; https://www.myglobalhealth.online/ireland/en/press [3i/0c/p59]
book online doctor,2,8,0,https://www.myglobalhealth.online/spain/en,Spain,en,market_home,12.7,wrong_locale,Spain,en|es,https://www.myglobalhealth.online/spain/en [7i/0c/p13] ;; https://www.myglobalhealth.online/spain/es [1i/0c/p37]
calculare imc,2,8,0,https://www.myglobalhealth.online/romania/es/tools/bmi-calculator,Romania,es,tools,31.0,wrong_locale,Romania,es|ro,https://www.myglobalhealth.online/romania/es/tools/bmi-calculator [6i/0c/p64] ;; https://www.myglobalhealth.online/romania/ro/tools/bmi-calculator [2i/0c/p31]
consulta viajante,2,8,0,https://www.myglobalhealth.online/portugal/en/blog/travel-health-consultation-portugal,Portugal,en,blog,53.9,wrong_locale,Portugal,en|pt,https://www.myglobalhealth.online/portugal/en/blog/travel-health-consultation-portugal [7i/0c/p54] ;; https://www.myglobalhealth.online/portugal/pt/blog/consulta-do-viajante-quando-marcar [1i/0c/p75]
bilingual doctor online,2,8,0,https://www.myglobalhealth.online,,,legacy_or_global,22.0,no,Spain,es,https://www.myglobalhealth.online [4i/0c/p22] ;; https://www.myglobalhealth.online/spain/es [4i/0c/p56]
consulta online de dermatologia,2,8,0,https://www.myglobalhealth.online/spain/pt/blog/dermatologista-online-espanha,Spain,pt,blog,32.8,wrong_locale,Spain,en|pt,https://www.myglobalhealth.online/spain/pt/blog/dermatologista-online-espanha [6i/0c/p33] ;; https://www.myglobalhealth.online/spain/en/services/dermatologia-especialista-online [2i/0c/p83]
romania doctor,2,8,0,https://www.myglobalhealth.online/romania/en,Romania,en,market_home,7.5,wrong_locale,Romania,en|ro,https://www.myglobalhealth.online/romania/en [6i/0c/p8] ;; https://www.myglobalhealth.online/romania/ro [2i/0c/p78]
online gp consultation,3,8,0,https://www.myglobalhealth.online/ireland/en/gp-consultation-online,Ireland,en,gp-consultation-online,2.0,cross_market+wrong_locale,Ireland|Romania|Spain,en,https://www.myglobalhealth.online/ireland/en/gp-consultation-online [6i/0c/p23] ;; https://www.myglobalhealth.online/romania/en [1i/0c/p2] ;; https://www.myglobalhealth.online/spain/en [1i/0c/p15]
calculator imc adulti,3,8,0,https://www.myglobalhealth.online/romania/es/tools/bmi-calculator,Romania,es,tools,25.0,cross_market+wrong_locale,Portugal|Romania,es|ro,https://www.myglobalhealth.online/romania/es/tools/bmi-calculator [5i/0c/p68] ;; https://www.myglobalhealth.online/romania/ro/tools/bmi-calculator [2i/0c/p25] ;; https://www.myglobalhealth.online/portugal/ro/tools/bmi-calculator [1i/0c/p38]
doctor near me,3,8,0,https://www.myglobalhealth.online/portugal/pt,Portugal,pt,market_home,5.0,cross_market+wrong_locale,Portugal|Romania,en|pt,https://www.myglobalhealth.online/portugal/pt [3i/0c/p5] ;; https://www.myglobalhealth.online/romania/en [3i/0c/p14] ;; https://www.myglobalhealth.online/pt [2i/0c/p5]
dr telmo psiquiatra,2,8,0,https://www.myglobalhealth.online/portugal/pt/doctors/dr-telmo-coelho,Portugal,pt,doctors,1.0,no,Portugal,pt,https://www.myglobalhealth.online/portugal/pt/doctors/dr-telmo-coelho [7i/0c/p7] ;; https://www.myglobalhealth.online/pt/portugal-doctors/dr-telmo-coelho [1i/0c/p1]
glibal health,3,8,0,https://www.myglobalhealth.online,,,legacy_or_global,3.2,no,Ireland,en,https://www.myglobalhealth.online [4i/0c/p3] ;; https://www.myglobalhealth.online/home [3i/0c/p7] ;; https://www.myglobalhealth.online/ireland/en [1i/0c/p8]
nu,5,8,0,https://www.myglobalhealth.online/romania/en,Romania,en,market_home,1.0,wrong_locale,Romania,en|ro,https://www.myglobalhealth.online/romania/en [3i/0c/p9] ;; https://www.myglobalhealth.online/romania/en/blog/low-blood-pressure-why-it-happens-what-to-do-right-away-and-when-not-to-wait [2i/0c/p4] ;; https://www.myglobalhealth.online/romania/en/blog/how-to-lower-blood-pressure-quickly-and-safely [1i/0c/p1] ;; https://www.myglobalhealth.online/romania/ro [1i/0c/p7] ;; https://www.myglobalhealth.online/romania/ro/tools/due-date-calculator [1i/0c/p9]
medicine online,3,8,0,https://www.myglobalhealth.online/spain/es,Spain,es,market_home,5.5,cross_market+wrong_locale,Czechia|Romania|Spain,cs|en|es,https://www.myglobalhealth.online/spain/es [4i/0c/p9] ;; https://www.myglobalhealth.online/czechia/cs [2i/0c/p6] ;; https://www.myglobalhealth.online/romania/en [2i/0c/p6]
online doctor czech republic,4,8,0,https://www.myglobalhealth.online/czechia/en,Czechia,en,market_home,8.2,wrong_locale,Czechia,cs|de|en,https://www.myglobalhealth.online/czechia/en [4i/0c/p8] ;; https://www.myglobalhealth.online/czechia/cs [2i/0c/p37] ;; https://www.myglobalhealth.online/czechia/cs/gp-consultation-online [1i/0c/p81] ;; https://www.myglobalhealth.online/czechia/de [1i/0c/p82]
book online physician,2,8,0,https://www.myglobalhealth.online/spain/en,Spain,en,market_home,14.7,wrong_locale,Spain,en,https://www.myglobalhealth.online/spain/en [5i/0c/p17] ;; https://www.myglobalhealth.online/spain/en/services/consulta-medica-online [3i/0c/p15]
sick leave social welfare,2,7,0,https://www.myglobalhealth.online/ireland/en/blog/illness-benefit-ireland-how-to-claim,Ireland,en,blog,27.5,no,Ireland,en,https://www.myglobalhealth.online/ireland/en/blog/illness-benefit-ireland-how-to-claim [4i/0c/p28] ;; https://www.myglobalhealth.online/ireland/en/blog/illness-benefit-payment-ireland-rate-tax-timing [3i/0c/p62]
sick benefit ireland,2,7,0,https://www.myglobalhealth.online/ireland/en/blog/illness-benefit-ireland-how-to-claim,Ireland,en,blog,19.2,no,Ireland,en,https://www.myglobalhealth.online/ireland/en/blog/illness-benefit-ireland-how-to-claim [4i/0c/p19] ;; https://www.myglobalhealth.online/ireland/en/blog/illness-benefit-payment-ireland-rate-tax-timing [3i/0c/p20]
blood health test,2,7,0,https://www.myglobalhealth.online/ireland/en/blog/blood-tests-dublin-what-to-know,Ireland,en,blog,68.6,no,Ireland,en,https://www.myglobalhealth.online/ireland/en/blog/blood-tests-dublin-what-to-know [5i/0c/p69] ;; https://www.myglobalhealth.online/ireland/en/lab-tests/general-health-test [2i/0c/p70]
psiquiatras online,2,7,0,https://www.myglobalhealth.online/spain/en/services/psiquiatra-online,Spain,en,services,62.7,wrong_locale,Spain,en|pt,https://www.myglobalhealth.online/spain/en/services/psiquiatra-online [4i/0c/p76] ;; https://www.myglobalhealth.online/spain/pt/services/psiquiatra-online [3i/0c/p63]
private online doctor,2,7,0,https://www.myglobalhealth.online/spain/en,Spain,en,market_home,19.3,wrong_locale,Spain,en|es,https://www.myglobalhealth.online/spain/en [6i/0c/p19] ;; https://www.myglobalhealth.online/spain/es [1i/0c/p35]
psiquiatra consulta online,2,7,0,https://www.myglobalhealth.online/spain/en/services/psiquiatra-online,Spain,en,services,75.0,wrong_locale,Spain,en|pt,https://www.myglobalhealth.online/spain/en/services/psiquiatra-online [5i/0c/p86] ;; https://www.myglobalhealth.online/spain/pt/services/psiquiatra-online [2i/0c/p75]
b12 test,2,7,0,https://www.myglobalhealth.online/ireland/cs/lab-tests/vitamin-b12-test,Ireland,cs,lab-tests,31.5,wrong_locale,Ireland,cs|en,https://www.myglobalhealth.online/ireland/cs/lab-tests/vitamin-b12-test [5i/0c/p42] ;; https://www.myglobalhealth.online/ireland/en/lab-tests/vitamin-b12-test [2i/0c/p32]
dsp illness benefit,2,7,0,https://www.myglobalhealth.online/ireland/en/blog/illness-benefit-ireland-how-to-claim,Ireland,en,blog,18.7,no,Ireland,en,https://www.myglobalhealth.online/ireland/en/blog/illness-benefit-ireland-how-to-claim [6i/0c/p19] ;; https://www.myglobalhealth.online/ireland/en/blog/illness-benefit-payment-ireland-rate-tax-timing [1i/0c/p54]
mental health assessment,2,7,0,https://www.myglobalhealth.online/ireland/en/services/mental-health-consultation,Ireland,en,services,34.8,no,Ireland,en,https://www.myglobalhealth.online/ireland/en/services/mental-health-consultation [4i/0c/p35] ;; https://www.myglobalhealth.online/ro/ireland/mental-health-assessment-consultation [3i/0c/p74]
necesar caloric calculator,2,7,0,https://www.myglobalhealth.online/romania/ro/tools/calorie-calculator,Romania,ro,tools,15.4,cross_market+wrong_locale,Romania|Spain,ro,https://www.myglobalhealth.online/romania/ro/tools/calorie-calculator [5i/0c/p15] ;; https://www.myglobalhealth.online/spain/ro/tools/calorie-calculator [2i/0c/p24]
online doktor,2,7,0,https://www.myglobalhealth.online/czechia/cs/gp-consultation-online,Czechia,cs,gp-consultation-online,10.0,cross_market+wrong_locale,Czechia|Romania,cs|en,https://www.myglobalhealth.online/czechia/cs/gp-consultation-online [6i/0c/p30] ;; https://www.myglobalhealth.online/romania/en [1i/0c/p10]
online panel v irsku,3,7,0,https://www.myglobalhealth.online/ireland/cs/blog/illness-benefit-irsko-jak-zazadat,Ireland,cs,blog,7.0,wrong_locale,Ireland,cs,https://www.myglobalhealth.online/ireland/cs/blog/illness-benefit-irsko-jak-zazadat [4i/0c/p19] ;; https://www.myglobalhealth.online/ireland/cs/blog/jak-ziskat-online-potvrzeni-o-pracovni-neschopnosti-v-irsku [2i/0c/p17] ;; https://www.myglobalhealth.online/ireland/cs/blog/sick-certificate-ireland-employee-rights [1i/0c/p7]
bmi kalkulačka podle obvodu pasu,2,7,0,https://www.myglobalhealth.online/czechia/cs/tools/bmi-calculator,Czechia,cs,tools,28.0,cross_market+wrong_locale,Czechia|Ireland,cs,https://www.myglobalhealth.online/czechia/cs/tools/bmi-calculator [6i/0c/p28] ;; https://www.myglobalhealth.online/ireland/cs/tools/bmi-calculator [1i/0c/p51]
medicina online brasil,4,7,0,https://www.myglobalhealth.online/brazil/pt,Brazil,pt,market_home,5.0,wrong_locale,Brazil,es|pt,https://www.myglobalhealth.online/brazil/pt [3i/0c/p7] ;; https://www.myglobalhealth.online/brazil/pt/about [2i/0c/p8] ;; https://www.myglobalhealth.online/brazil/es/about [1i/0c/p10] ;; https://www.myglobalhealth.online/brazil/es [1i/0c/p5]
medicoonline,3,7,0,https://www.myglobalhealth.online/spain/es,Spain,es,market_home,8.0,cross_market+wrong_locale,Ireland|Portugal|Spain,es|pt,https://www.myglobalhealth.online/spain/es [4i/0c/p15] ;; https://www.myglobalhealth.online/portugal/pt [2i/0c/p9] ;; https://www.myglobalhealth.online/ireland/pt [1i/0c/p8]
imc normal,2,7,0,https://www.myglobalhealth.online/romania/es/tools/bmi-calculator,Romania,es,tools,58.5,wrong_locale,Romania,es|ro,https://www.myglobalhealth.online/romania/es/tools/bmi-calculator [5i/0c/p83] ;; https://www.myglobalhealth.online/romania/ro/tools/bmi-calculator [2i/0c/p58]
european blood pressure chart,2,7,0,https://www.myglobalhealth.online/ireland/en/tools/blood-pressure-chart,Ireland,en,tools,4.5,cross_market+wrong_locale,Czechia|Ireland,en,https://www.myglobalhealth.online/ireland/en/tools/blood-pressure-chart [6i/0c/p4] ;; https://www.myglobalhealth.online/czechia/en/tools/blood-pressure-chart [1i/0c/p10]
kolik je normalni tlak,2,7,0,https://www.myglobalhealth.online/romania/cs/blog/normalni-krevni-tlak-podle-veku-uzitecny-pruvodce-bez-zavadejicich-tabulek,Romania,cs,blog,30.7,cross_market+wrong_locale,Czechia|Romania,cs,https://www.myglobalhealth.online/romania/cs/blog/normalni-krevni-tlak-podle-veku-uzitecny-pruvodce-bez-zavadejicich-tabulek [4i/0c/p44] ;; https://www.myglobalhealth.online/czechia/cs/tools/blood-pressure-chart [3i/0c/p31]
kalkulačka plodné dny,2,7,0,https://www.myglobalhealth.online/czechia/cs/tools/ovulation-calculator,Czechia,cs,tools,33.5,cross_market+wrong_locale,Czechia|Portugal,cs,https://www.myglobalhealth.online/czechia/cs/tools/ovulation-calculator [4i/0c/p34] ;; https://www.myglobalhealth.online/portugal/cs/tools/ovulation-calculator [3i/0c/p37]
jaký je normální tlak,2,7,0,https://www.myglobalhealth.online/czechia/cs/tools/blood-pressure-chart,Czechia,cs,tools,38.4,cross_market+wrong_locale,Czechia|Romania,cs,https://www.myglobalhealth.online/czechia/cs/tools/blood-pressure-chart [5i/0c/p38] ;; https://www.myglobalhealth.online/romania/cs/blog/normalni-krevni-tlak-podle-veku-uzitecny-pruvodce-bez-zavadejicich-tabulek [2i/0c/p44]
imc registered doctors,2,7,0,https://www.myglobalhealth.online/ireland/en/doctors,Ireland,en,doctors,5.2,no,Ireland,en,https://www.myglobalhealth.online/ireland/en/doctors [6i/0c/p5] ;; https://www.myglobalhealth.online/ireland/en [1i/0c/p10]
ireland illness benefit,2,7,0,https://www.myglobalhealth.online/ireland/en/blog/illness-benefit-ireland-how-to-claim,Ireland,en,blog,5.0,wrong_locale,Ireland,cs|en,https://www.myglobalhealth.online/ireland/en/blog/illness-benefit-ireland-how-to-claim [5i/0c/p9] ;; https://www.myglobalhealth.online/ireland/cs/blog/illness-benefit-irsko-jak-zazadat [2i/0c/p5]
illness benefit amount,2,7,0,https://www.myglobalhealth.online/ireland/en/blog/illness-benefit-payment-ireland-rate-tax-timing,Ireland,en,blog,9.0,no,Ireland,en,https://www.myglobalhealth.online/ireland/en/blog/illness-benefit-payment-ireland-rate-tax-timing [5i/0c/p9] ;; https://www.myglobalhealth.online/ireland/en/blog/illness-benefit-ireland-how-to-claim [2i/0c/p41]
hipertension arterial valores normales,2,7,0,https://www.myglobalhealth.online/spain/es/tools/blood-pressure-chart,Spain,es,tools,38.2,cross_market+wrong_locale,Romania|Spain,es,https://www.myglobalhealth.online/spain/es/tools/blood-pressure-chart [5i/0c/p38] ;; https://www.myglobalhealth.online/romania/es/blog/presion-arterial-normal-guia-util-por-edad-sin-tablas-enganosas [2i/0c/p96]
health global,3,7,0,https://www.myglobalhealth.online/spain/es,Spain,es,market_home,5.0,no,Spain,es,https://www.myglobalhealth.online/spain/es [4i/0c/p5] ;; https://www.myglobalhealth.online [2i/0c/p43] ;; https://www.myglobalhealth.online/about [1i/0c/p27]
calcular imc,2,7,0,https://www.myglobalhealth.online/spain/es/tools/bmi-calculator,Spain,es,tools,47.5,cross_market+wrong_locale,Romania|Spain,es,https://www.myglobalhealth.online/spain/es/tools/bmi-calculator [6i/0c/p48] ;; https://www.myglobalhealth.online/romania/es/tools/bmi-calculator [1i/0c/p59]
web doctor,2,7,0,https://www.myglobalhealth.online/ireland/es,Ireland,es,market_home,16.0,cross_market+wrong_locale,Ireland|Spain,es,https://www.myglobalhealth.online/ireland/es [5i/0c/p34] ;; https://www.myglobalhealth.online/spain/es [2i/0c/p16]
test amh,3,7,0,https://www.myglobalhealth.online/ireland/cs/lab-tests/amh-fertility-test,Ireland,cs,lab-tests,26.0,wrong_locale,Ireland,cs|es|ro,https://www.myglobalhealth.online/ireland/cs/lab-tests/amh-fertility-test [5i/0c/p36] ;; https://www.myglobalhealth.online/ireland/es/lab-tests/amh-fertility-test [1i/0c/p49] ;; https://www.myglobalhealth.online/ireland/ro/lab-tests/amh-fertility-test [1i/0c/p26]
tabela de pressão,2,6,0,https://www.myglobalhealth.online/brazil/pt/tools/blood-pressure-chart,Brazil,pt,tools,5.0,cross_market,Brazil|Portugal,pt,https://www.myglobalhealth.online/brazil/pt/tools/blood-pressure-chart [3i/0c/p7] ;; https://www.myglobalhealth.online/portugal/pt/tools/blood-pressure-chart [3i/0c/p5]
tabela de pressão arterial por idade,2,6,0,https://www.myglobalhealth.online/portugal/pt/tools/blood-pressure-chart,Portugal,pt,tools,24.0,cross_market,Brazil|Portugal,pt,https://www.myglobalhealth.online/portugal/pt/tools/blood-pressure-chart [4i/0c/p24] ;; https://www.myglobalhealth.online/brazil/pt/tools/blood-pressure-chart [2i/0c/p42]
cita medica,4,6,0,https://www.myglobalhealth.online/spain/es,Spain,es,market_home,3.0,cross_market+wrong_locale,Czechia|Portugal|Spain,es,https://www.myglobalhealth.online/spain/es [2i/0c/p56] ;; https://www.myglobalhealth.online/portugal/es/services/consulta-medica [2i/0c/p8] ;; https://www.myglobalhealth.online/portugal/es [1i/0c/p9] ;; https://www.myglobalhealth.online/czechia/es [1i/0c/p3]
global doctors,5,6,1,https://www.myglobalhealth.online/ireland/en,Ireland,en,market_home,2.0,cross_market+wrong_locale,Ireland|Spain,en|es,https://www.myglobalhealth.online/ireland/en [2i/1c/p4] ;; https://www.myglobalhealth.online [1i/0c/p2] ;; https://www.myglobalhealth.online/ireland/en/contact [1i/0c/p12] ;; https://www.myglobalhealth.online/spain/en [1i/0c/p9] ;; https://www.myglobalhealth.online/spain/es [1i/0c/p7]
illness benefit payment day,2,6,1,https://www.myglobalhealth.online/ireland/en/blog/illness-benefit-payment-ireland-rate-tax-timing,Ireland,en,blog,22.8,no,Ireland,en,https://www.myglobalhealth.online/ireland/en/blog/illness-benefit-payment-ireland-rate-tax-timing [5i/1c/p23] ;; https://www.myglobalhealth.online/ireland/en/blog/illness-benefit-ireland-how-to-claim [1i/0c/p54]
book a consultation,2,6,0,https://www.myglobalhealth.online/romania/en,Romania,en,market_home,6.8,cross_market+wrong_locale,Ireland|Romania,en,https://www.myglobalhealth.online/romania/en [5i/0c/p7] ;; https://www.myglobalhealth.online/ireland/en/book [1i/0c/p11]
social welfare sick pay entitlement ireland,2,6,0,https://www.myglobalhealth.online/ireland/en/blog/illness-benefit-ireland-how-to-claim,Ireland,en,blog,31.5,no,Ireland,en,https://www.myglobalhealth.online/ireland/en/blog/illness-benefit-ireland-how-to-claim [4i/0c/p32] ;; https://www.myglobalhealth.online/ireland/en/blog/illness-benefit-payment-ireland-rate-tax-timing [2i/0c/p78]
illness benefit in ireland,2,6,0,https://www.myglobalhealth.online/ireland/en/blog/illness-benefit-ireland-how-to-claim,Ireland,en,blog,8.2,wrong_locale,Ireland,cs|en,https://www.myglobalhealth.online/ireland/en/blog/illness-benefit-ireland-how-to-claim [5i/0c/p8] ;; https://www.myglobalhealth.online/ireland/cs/blog/illness-benefit-irsko-jak-zazadat [1i/0c/p34]
globe health,4,6,0,https://www.myglobalhealth.online,,,legacy_or_global,2.0,cross_market,Ireland|Spain,en|es,https://www.myglobalhealth.online [2i/0c/p30] ;; https://www.myglobalhealth.online/spain/es [2i/0c/p20] ;; https://www.myglobalhealth.online/ireland/en [1i/0c/p2] ;; https://www.myglobalhealth.online/ireland/en/contact [1i/0c/p6]
how to apply for illness benefit ireland,2,6,0,https://www.myglobalhealth.online/ireland/en/blog/illness-benefit-ireland-how-to-claim,Ireland,en,blog,12.2,wrong_locale,Ireland,cs|en,https://www.myglobalhealth.online/ireland/en/blog/illness-benefit-ireland-how-to-claim [5i/0c/p12] ;; https://www.myglobalhealth.online/ireland/cs/blog/illness-benefit-irsko-jak-zazadat [1i/0c/p52]
global health telemedicine,2,6,0,https://www.myglobalhealth.online,,,legacy_or_global,7.0,no,legacy/global,,https://www.myglobalhealth.online [4i/0c/p10] ;; https://www.myglobalhealth.online/about [2i/0c/p7]
imc indice de masa corporala calculator,2,6,0,https://www.myglobalhealth.online/romania/es/tools/bmi-calculator,Romania,es,tools,32.5,wrong_locale,Romania,es|ro,https://www.myglobalhealth.online/romania/es/tools/bmi-calculator [4i/0c/p78] ;; https://www.myglobalhealth.online/romania/ro/tools/bmi-calculator [2i/0c/p32]
necesar calorii,2,6,0,https://www.myglobalhealth.online/romania/ro/tools/calorie-calculator,Romania,ro,tools,59.6,cross_market+wrong_locale,Romania|Spain,ro,https://www.myglobalhealth.online/romania/ro/tools/calorie-calculator [5i/0c/p60] ;; https://www.myglobalhealth.online/spain/ro/tools/calorie-calculator [1i/0c/p62]
doctors in ireland,2,6,0,https://www.myglobalhealth.online/ireland/en/doctors,Ireland,en,doctors,24.8,no,Ireland,en,https://www.myglobalhealth.online/ireland/en/doctors [4i/0c/p25] ;; https://www.myglobalhealth.online/ireland/en [2i/0c/p52]
dermatolog online,2,6,0,https://www.myglobalhealth.online/spain/cs/blog/dermatolog-online-spanelsko,Spain,cs,blog,17.4,wrong_locale,Spain,cs,https://www.myglobalhealth.online/spain/cs/blog/dermatolog-online-spanelsko [5i/0c/p17] ;; https://www.myglobalhealth.online/spain/cs/services/consulta-piel-online [1i/0c/p45]
dr. malathy ganyi,2,6,0,https://www.myglobalhealth.online/ireland/en/doctors,Ireland,en,doctors,16.5,no,Ireland,en,https://www.myglobalhealth.online/ireland/en/doctors [4i/0c/p16] ;; https://www.myglobalhealth.online/ireland/en [2i/0c/p18]
medic online,2,6,0,https://www.myglobalhealth.online/romania/ro,Romania,ro,market_home,6.0,no,Romania,ro,https://www.myglobalhealth.online/romania/ro [5i/0c/p21] ;; https://www.myglobalhealth.online [1i/0c/p6]
lipid panel dublin,2,6,0,https://www.myglobalhealth.online/ireland/en/lab-tests/heart-health-cholesterol-test,Ireland,en,lab-tests,39.0,no,Ireland,en,https://www.myglobalhealth.online/ireland/en/lab-tests/heart-health-cholesterol-test [5i/0c/p87] ;; https://www.myglobalhealth.online/ireland/en/blog/blood-tests-dublin-what-to-know [1i/0c/p39]
blood collection service ireland,2,6,0,https://www.myglobalhealth.online/ireland/en/lab-tests,Ireland,en,lab-tests,28.0,no,Ireland,en,https://www.myglobalhealth.online/ireland/en/lab-tests [4i/0c/p54] ;; https://www.myglobalhealth.online/ireland/en/blog/blood-tests-dublin-what-to-know [2i/0c/p28]
online psychiatrist,2,6,0,https://www.myglobalhealth.online/spain/en/services/psiquiatra-online,Spain,en,services,10.5,cross_market+wrong_locale,Ireland|Spain,en,https://www.myglobalhealth.online/spain/en/services/psiquiatra-online [4i/0c/p18] ;; https://www.myglobalhealth.online/ireland/en/services/psychiatry-specialist-consultation [2i/0c/p10]
atestado medico,2,6,0,https://www.myglobalhealth.online/portugal/pt/services/certificado-medico-carta-de-conducao,Portugal,pt,services,36.0,no,Portugal,pt,https://www.myglobalhealth.online/portugal/pt/services/certificado-medico-carta-de-conducao [4i/0c/p44] ;; https://www.myglobalhealth.online/portugal/pt/blog/atestado-medico-para-carta-de-conducao [2i/0c/p36]
%teléfono de la esperanza 717 003 717 official,3,6,0,https://www.myglobalhealth.online/spain/en/doctors/dr-irene-galve-moros,Spain,en,doctors,2.5,wrong_locale,Spain,en,https://www.myglobalhealth.online/spain/en/doctors/dr-irene-galve-moros [2i/0c/p5] ;; https://www.myglobalhealth.online/spain/en/doctors/dr-javier-villarte-betancor [2i/0c/p10] ;; https://www.myglobalhealth.online/spain/en/doctors/dr-tomas-ruiz-palacios [2i/0c/p2]
calculate bmi ireland,2,6,0,https://www.myglobalhealth.online/ireland/en/tools/bmi-calculator,Ireland,en,tools,31.5,wrong_locale,Ireland,cs|en,https://www.myglobalhealth.online/ireland/en/tools/bmi-calculator [4i/0c/p32] ;; https://www.myglobalhealth.online/ireland/cs/tools/bmi-calculator [2i/0c/p89]
tension valores normales,2,6,0,https://www.myglobalhealth.online/spain/es/tools/blood-pressure-chart,Spain,es,tools,30.0,cross_market+wrong_locale,Romania|Spain,es,https://www.myglobalhealth.online/spain/es/tools/blood-pressure-chart [5i/0c/p30] ;; https://www.myglobalhealth.online/romania/es/blog/presion-arterial-normal-guia-util-por-edad-sin-tablas-enganosas [1i/0c/p89]
online lekar,3,6,0,https://www.myglobalhealth.online/czechia/cs/gp-consultation-online,Czechia,cs,gp-consultation-online,10.0,no,Czechia,cs,https://www.myglobalhealth.online/czechia/cs/gp-consultation-online [4i/0c/p35] ;; https://www.myglobalhealth.online/czechia/cs [1i/0c/p10] ;; https://www.myglobalhealth.online/czechia/cs/blog/lekar-online-24-7-co-vyresi [1i/0c/p27]
sickness benefit,2,5,0,https://www.myglobalhealth.online/ireland/en/blog/illness-benefit-payment-ireland-rate-tax-timing,Ireland,en,blog,28.5,no,Ireland,en,https://www.myglobalhealth.online/ireland/en/blog/illness-benefit-payment-ireland-rate-tax-timing [3i/0c/p37] ;; https://www.myglobalhealth.online/ireland/en/blog/illness-benefit-ireland-how-to-claim [2i/0c/p28]
clinica online,3,5,0,https://www.myglobalhealth.online/spain/es,Spain,es,market_home,16.0,cross_market+wrong_locale,Romania|Spain,es|ro,https://www.myglobalhealth.online/spain/es [3i/0c/p25] ;; https://www.myglobalhealth.online/romania/ro [1i/0c/p16] ;; https://www.myglobalhealth.online/spain/ro [1i/0c/p27]
indice bmi,2,5,0,https://www.myglobalhealth.online/romania/ro/tools/bmi-calculator,Romania,ro,tools,56.0,wrong_locale,Romania,es|ro,https://www.myglobalhealth.online/romania/ro/tools/bmi-calculator [3i/0c/p56] ;; https://www.myglobalhealth.online/romania/es/tools/bmi-calculator [2i/0c/p68]
illness benefit ie,3,5,0,https://www.myglobalhealth.online/ireland/en/blog/illness-benefit-ireland-how-to-claim,Ireland,en,blog,8.0,wrong_locale,Ireland,cs|en|pt,https://www.myglobalhealth.online/ireland/en/blog/illness-benefit-ireland-how-to-claim [2i/0c/p8] ;; https://www.myglobalhealth.online/ireland/pt/blog/illness-benefit-irlanda-como-requerer [2i/0c/p50] ;; https://www.myglobalhealth.online/ireland/cs/blog/illness-benefit-irsko-jak-zazadat [1i/0c/p64]
add adhd testing in adults,2,5,0,https://www.myglobalhealth.online/ireland/en/tools/adhd-test,Ireland,en,tools,67.5,no,Ireland,en,https://www.myglobalhealth.online/ireland/en/tools/adhd-test [3i/0c/p78] ;; https://www.myglobalhealth.online/ireland/en/blog/adult-adhd-assessment-ireland-public-private-routes [2i/0c/p68]
amh,2,5,0,https://www.myglobalhealth.online/ireland/es/lab-tests/amh-fertility-test,Ireland,es,lab-tests,58.0,wrong_locale,Ireland,en|es,https://www.myglobalhealth.online/ireland/es/lab-tests/amh-fertility-test [4i/0c/p82] ;; https://www.myglobalhealth.online/ireland/en/lab-tests/amh-fertility-test [1i/0c/p58]
how much is illness benefit per week,2,5,0,https://www.myglobalhealth.online/ireland/en/blog/illness-benefit-payment-ireland-rate-tax-timing,Ireland,en,blog,3.5,no,Ireland,en,https://www.myglobalhealth.online/ireland/en/blog/illness-benefit-payment-ireland-rate-tax-timing [4i/0c/p4] ;; https://www.myglobalhealth.online/ireland/en/blog/illness-benefit-ireland-how-to-claim [1i/0c/p55]
illness benefit ireland amount,2,5,0,https://www.myglobalhealth.online/ireland/en/blog/illness-benefit-payment-ireland-rate-tax-timing,Ireland,en,blog,5.2,no,Ireland,en,https://www.myglobalhealth.online/ireland/en/blog/illness-benefit-payment-ireland-rate-tax-timing [4i/0c/p5] ;; https://www.myglobalhealth.online/ireland/en/blog/illness-benefit-ireland-how-to-claim [1i/0c/p34]
gp near me,2,5,0,https://www.myglobalhealth.online/romania/en,Romania,en,market_home,6.5,cross_market+wrong_locale,Ireland|Romania,en,https://www.myglobalhealth.online/romania/en [3i/0c/p37] ;; https://www.myglobalhealth.online/ireland/en [2i/0c/p6]
test adhd adulti gratis,2,5,0,https://www.myglobalhealth.online/ireland/ro/tools/adhd-test,Ireland,ro,tools,18.5,cross_market+wrong_locale,Ireland|Romania,ro,https://www.myglobalhealth.online/ireland/ro/tools/adhd-test [3i/0c/p41] ;; https://www.myglobalhealth.online/romania/ro/tools/adhd-test [2i/0c/p18]
registered doctor ireland online consultation,3,5,0,https://www.myglobalhealth.online/ireland/en/gp-consultation-online,Ireland,en,gp-consultation-online,11.0,no,Ireland,en,https://www.myglobalhealth.online/ireland/en/gp-consultation-online [2i/0c/p11] ;; https://www.myglobalhealth.online/ireland/en/services/acute-medical-consultation [2i/0c/p48] ;; https://www.myglobalhealth.online/ireland/en/book [1i/0c/p24]
romania doctors,2,5,0,https://www.myglobalhealth.online/romania/ro,Romania,ro,market_home,8.5,wrong_locale,Romania,en|ro,https://www.myglobalhealth.online/romania/ro [3i/0c/p46] ;; https://www.myglobalhealth.online/romania/en [2i/0c/p8]
kožní poradna online,2,5,0,https://www.myglobalhealth.online/spain/cs/services/consulta-piel-online,Spain,cs,services,28.5,cross_market+wrong_locale,Czechia|Spain,cs,https://www.myglobalhealth.online/spain/cs/services/consulta-piel-online [3i/0c/p44] ;; https://www.myglobalhealth.online/czechia/cs/services/kozni-konzultace-praha [2i/0c/p28]
cardiologo online,2,5,0,https://www.myglobalhealth.online/portugal/en/services/consulta-cardiologia,Portugal,en,services,19.5,cross_market+wrong_locale,Portugal|Spain,en|es,https://www.myglobalhealth.online/portugal/en/services/consulta-cardiologia [4i/0c/p20] ;; https://www.myglobalhealth.online/spain/es [1i/0c/p31]
eu moro no brasil. que informações posso encontrar em lilly.com sobre como me conectar com profissionais de saúde?,2,5,0,https://www.myglobalhealth.online/brazil/pt/contact,Brazil,pt,contact,87.0,no,Brazil,pt,https://www.myglobalhealth.online/brazil/pt/contact [4i/0c/p87] ;; https://www.myglobalhealth.online/brazil/pt/faq [1i/0c/p87]
global heath,5,5,0,https://www.myglobalhealth.online,,,legacy_or_global,3.0,cross_market+wrong_locale,Ireland|Portugal,en|pt,https://www.myglobalhealth.online [1i/0c/p4] ;; https://www.myglobalhealth.online/ireland/en [1i/0c/p4] ;; https://www.myglobalhealth.online/portugal/en/gp-consultation-online [1i/0c/p4] ;; https://www.myglobalhealth.online/portugal/pt [1i/0c/p3] ;; https://www.myglobalhealth.online/portugal/pt/contact [1i/0c/p4]
eu moro no brasil. como lilly.com me ajuda a encontrar o profissional de saúde certo para minha condição médica específica?,2,5,0,https://www.myglobalhealth.online/brazil/pt,Brazil,pt,market_home,80.3,wrong_locale,Brazil,en|pt,https://www.myglobalhealth.online/brazil/pt [3i/0c/p80] ;; https://www.myglobalhealth.online/brazil/en [2i/0c/p96]
joana branco,2,5,0,https://www.myglobalhealth.online/portugal-doctors/dr-joana-branco-maia,,,legacy_or_global,2.5,no,Portugal,pt,https://www.myglobalhealth.online/portugal-doctors/dr-joana-branco-maia [3i/0c/p6] ;; https://www.myglobalhealth.online/portugal/pt/doctors/dr-joana-branco-maia [2i/0c/p2]
médica online,2,5,0,https://www.myglobalhealth.online/portugal/es/services/consulta-medica,Portugal,es,services,60.5,wrong_locale,Portugal,es|pt,https://www.myglobalhealth.online/portugal/es/services/consulta-medica [3i/0c/p81] ;; https://www.myglobalhealth.online/portugal/pt [2i/0c/p60]
myhealthonline,2,5,0,https://www.myglobalhealth.online,,,legacy_or_global,27.5,no,Spain,es,https://www.myglobalhealth.online [3i/0c/p39] ;; https://www.myglobalhealth.online/spain/es [2i/0c/p28]
mental health assessment ireland,3,5,0,https://www.myglobalhealth.online/ireland/en/services/mental-health-consultation,Ireland,en,services,25.0,no,Ireland,en,https://www.myglobalhealth.online/ireland/en/services/mental-health-consultation [2i/0c/p25] ;; https://www.myglobalhealth.online/ro/ireland/mental-health-assessment-consultation [2i/0c/p28] ;; https://www.myglobalhealth.online/ireland/en/services/psychiatry-specialist-consultation [1i/0c/p30]
calendario gestacional,2,5,0,https://www.myglobalhealth.online/brazil/pt/tools/due-date-calculator,Brazil,pt,tools,64.8,cross_market,Brazil|Portugal,pt,https://www.myglobalhealth.online/brazil/pt/tools/due-date-calculator [4i/0c/p65] ;; https://www.myglobalhealth.online/portugal/pt/tools/due-date-calculator [1i/0c/p72]
dermatologista,2,5,0,https://www.myglobalhealth.online/spain/pt/blog/dermatologista-online-espanha,Spain,pt,blog,20.2,wrong_locale,Spain,cs|pt,https://www.myglobalhealth.online/spain/pt/blog/dermatologista-online-espanha [4i/0c/p20] ;; https://www.myglobalhealth.online/spain/cs/blog/dermatolog-online-spanelsko [1i/0c/p67]
e neschopenka,2,5,0,https://www.myglobalhealth.online/czechia/cs/blog/neschopenka-jak-funguje-eneschopenka,Czechia,cs,blog,1.0,wrong_locale,Czechia,cs|en,https://www.myglobalhealth.online/czechia/cs/blog/neschopenka-jak-funguje-eneschopenka [4i/0c/p26] ;; https://www.myglobalhealth.online/czechia/en/blog/neschopenka-czech-sick-note-explained [1i/0c/p1]
fit to work medical certificate ireland,2,5,0,https://www.myglobalhealth.online/ireland/sick-leave,Ireland,,market_home,42.5,no,Ireland,en,https://www.myglobalhealth.online/ireland/sick-leave [3i/0c/p63] ;; https://www.myglobalhealth.online/ireland/en/services/sick-certificate-ireland [2i/0c/p42]
medic online romania,2,5,0,https://www.myglobalhealth.online/romania/ro,Romania,ro,market_home,5.0,wrong_locale,Romania,en|ro,https://www.myglobalhealth.online/romania/ro [4i/0c/p13] ;; https://www.myglobalhealth.online/romania/en [1i/0c/p5]
is illness benefit means tested,2,5,0,https://www.myglobalhealth.online/ireland/en/blog/illness-benefit-ireland-how-to-claim,Ireland,en,blog,14.8,no,Ireland,en,https://www.myglobalhealth.online/ireland/en/blog/illness-benefit-ireland-how-to-claim [4i/0c/p15] ;; https://www.myglobalhealth.online/ireland/en/blog/illness-benefit-payment-ireland-rate-tax-timing [1i/0c/p56]
consulta médica,2,5,0,https://www.myglobalhealth.online/spain/es,Spain,es,market_home,36.5,cross_market+wrong_locale,Portugal|Spain,es,https://www.myglobalhealth.online/spain/es [4i/0c/p36] ;; https://www.myglobalhealth.online/portugal/es/services/consulta-medica [1i/0c/p62]
cat este tensiunea normala in functie de varsta,2,5,0,https://www.myglobalhealth.online/romania/ro/blog/tensiune-arteriala-normala-varsta-adulti,Romania,ro,blog,38.0,cross_market+wrong_locale,Romania|Spain,ro,https://www.myglobalhealth.online/romania/ro/blog/tensiune-arteriala-normala-varsta-adulti [3i/0c/p38] ;; https://www.myglobalhealth.online/spain/ro/blog/tensiunea-arteriala-normala-tabel-util-dupa-varsta-si-sex-fara-mituri [2i/0c/p41]
gp doctor,3,5,0,https://www.myglobalhealth.online/romania/en,Romania,en,market_home,9.7,cross_market+wrong_locale,Czechia|Romania,cs|en|ro,https://www.myglobalhealth.online/romania/en [3i/0c/p10] ;; https://www.myglobalhealth.online/czechia/cs [1i/0c/p17] ;; https://www.myglobalhealth.online/romania/ro [1i/0c/p33]
global health login,4,5,1,https://www.myglobalhealth.online,,,legacy_or_global,4.0,no,Ireland,en,https://www.myglobalhealth.online [2i/0c/p26] ;; https://www.myglobalhealth.online/ireland/en [1i/1c/p4] ;; https://www.myglobalhealth.online/ireland/en/contact [1i/0c/p9] ;; https://www.myglobalhealth.online/ireland/en/gp-consultation-online [1i/0c/p8]
illness benefit payment,2,5,0,https://www.myglobalhealth.online/ireland/en/blog/illness-benefit-ireland-how-to-claim,Ireland,en,blog,14.5,no,Ireland,en,https://www.myglobalhealth.online/ireland/en/blog/illness-benefit-ireland-how-to-claim [4i/0c/p14] ;; https://www.myglobalhealth.online/ireland/en/blog/illness-benefit-payment-ireland-rate-tax-timing [1i/0c/p44]
ilness benefit ireland,3,5,0,https://www.myglobalhealth.online/ireland/en/blog/illness-benefit-ireland-how-to-claim,Ireland,en,blog,1.0,wrong_locale,Ireland,en|pt,https://www.myglobalhealth.online/ireland/en/blog/illness-benefit-ireland-how-to-claim [3i/0c/p9] ;; https://www.myglobalhealth.online/ireland/en/blog/illness-benefit-payment-ireland-rate-tax-timing [1i/0c/p1] ;; https://www.myglobalhealth.online/ireland/pt/blog/illness-benefit-irlanda-como-requerer [1i/0c/p9]
imc gp,2,5,0,https://www.myglobalhealth.online/ireland/en,Ireland,en,market_home,2.0,no,Ireland,en,https://www.myglobalhealth.online/ireland/en [4i/0c/p5] ;; https://www.myglobalhealth.online/ireland/en/gp-consultation-online [1i/0c/p2]
alfredo del val moreno montañez,2,5,0,https://www.myglobalhealth.online/spain/es/blog/dermatologo-online-que-puede-resolver,Spain,es,blog,8.0,wrong_locale,Spain,cs|es,https://www.myglobalhealth.online/spain/es/blog/dermatologo-online-que-puede-resolver [4i/0c/p8] ;; https://www.myglobalhealth.online/spain/cs/doctors/dr-alfredo-del-valle [1i/0c/p10]
cate calorii trebuie sa mananc ca sa slabesc calculator,2,5,0,https://www.myglobalhealth.online/spain/ro/tools/calorie-calculator,Spain,ro,tools,9.5,cross_market+wrong_locale,Romania|Spain,ro,https://www.myglobalhealth.online/spain/ro/tools/calorie-calculator [3i/0c/p17] ;; https://www.myglobalhealth.online/romania/ro/tools/calorie-calculator [2i/0c/p10]
claim illness benefit ireland,2,5,0,https://www.myglobalhealth.online/ireland/en/blog/illness-benefit-ireland-how-to-claim,Ireland,en,blog,7.8,wrong_locale,Ireland,en|pt,https://www.myglobalhealth.online/ireland/en/blog/illness-benefit-ireland-how-to-claim [4i/0c/p8] ;; https://www.myglobalhealth.online/ireland/pt/blog/illness-benefit-irlanda-como-requerer [1i/0c/p61]
illness benefit contact,2,5,0,https://www.myglobalhealth.online/ireland/en/blog/illness-benefit-ireland-how-to-claim,Ireland,en,blog,45.8,wrong_locale,Ireland,cs|en,https://www.myglobalhealth.online/ireland/en/blog/illness-benefit-ireland-how-to-claim [4i/0c/p46] ;; https://www.myglobalhealth.online/ireland/cs/blog/illness-benefit-irsko-jak-zazadat [1i/0c/p51]
plodne dny,2,5,0,https://www.myglobalhealth.online/czechia/cs/tools/ovulation-calculator,Czechia,cs,tools,16.0,cross_market+wrong_locale,Czechia|Ireland,cs,https://www.myglobalhealth.online/czechia/cs/tools/ovulation-calculator [4i/0c/p48] ;; https://www.myglobalhealth.online/ireland/cs/tools/ovulation-calculator [1i/0c/p16]
online doctor appointment,3,5,0,https://www.myglobalhealth.online/spain/es,Spain,es,market_home,16.0,cross_market+wrong_locale,Romania|Spain,en|es|ro,https://www.myglobalhealth.online/spain/es [3i/0c/p41] ;; https://www.myglobalhealth.online/romania/ro [1i/0c/p33] ;; https://www.myglobalhealth.online/spain/en [1i/0c/p16]
plodné dny po menstruaci,2,5,0,https://www.myglobalhealth.online/portugal/cs/tools/ovulation-calculator,Portugal,cs,tools,39.3,cross_market+wrong_locale,Czechia|Portugal,cs,https://www.myglobalhealth.online/portugal/cs/tools/ovulation-calculator [3i/0c/p39] ;; https://www.myglobalhealth.online/czechia/cs/tools/ovulation-calculator [2i/0c/p43]
consultas avaliação psicológica,2,5,0,https://www.myglobalhealth.online/portugal/pt/services/consulta-de-psicologia,Portugal,pt,services,27.2,no,Portugal,pt,https://www.myglobalhealth.online/portugal/pt/services/consulta-de-psicologia [4i/0c/p27] ;; https://www.myglobalhealth.online/portugal/pt/services/psychology-consultation [1i/0c/p30]
indice de masa corporala calculator,2,5,0,https://www.myglobalhealth.online/romania/es/tools/bmi-calculator,Romania,es,tools,33.0,wrong_locale,Romania,es|ro,https://www.myglobalhealth.online/romania/es/tools/bmi-calculator [3i/0c/p72] ;; https://www.myglobalhealth.online/romania/ro/tools/bmi-calculator [2i/0c/p33]
calendário gestacional,2,5,0,https://www.myglobalhealth.online/brazil/pt/tools/due-date-calculator,Brazil,pt,tools,62.0,cross_market,Brazil|Portugal,pt,https://www.myglobalhealth.online/brazil/pt/tools/due-date-calculator [4i/0c/p85] ;; https://www.myglobalhealth.online/portugal/pt/tools/due-date-calculator [1i/0c/p62]
medical consultation,3,5,0,https://www.myglobalhealth.online/romania/en,Romania,en,market_home,16.3,cross_market+wrong_locale,Romania|Spain,en|es,https://www.myglobalhealth.online/romania/en [3i/0c/p16] ;; https://www.myglobalhealth.online/romania/en/about [1i/0c/p31] ;; https://www.myglobalhealth.online/spain/es [1i/0c/p38]
atestado imt,2,5,0,https://www.myglobalhealth.online/portugal/pt/services/certificado-medico-carta-de-conducao,Portugal,pt,services,26.0,no,Portugal,pt,https://www.myglobalhealth.online/portugal/pt/services/certificado-medico-carta-de-conducao [3i/0c/p42] ;; https://www.myglobalhealth.online/portugal/pt/blog/atestado-medico-para-carta-de-conducao [2i/0c/p26]
cual es la presion normal,2,5,0,https://www.myglobalhealth.online/spain/es/tools/blood-pressure-chart,Spain,es,tools,40.3,cross_market+wrong_locale,Romania|Spain,es,https://www.myglobalhealth.online/spain/es/tools/blood-pressure-chart [3i/0c/p40] ;; https://www.myglobalhealth.online/romania/es/blog/presion-arterial-normal-guia-util-por-edad-sin-tablas-enganosas [2i/0c/p72]
doctor in romania,2,5,0,https://www.myglobalhealth.online/romania/ro,Romania,ro,market_home,4.5,wrong_locale,Romania,en|ro,https://www.myglobalhealth.online/romania/ro [3i/0c/p37] ;; https://www.myglobalhealth.online/romania/en [2i/0c/p4]
dr appointment,2,5,0,https://www.myglobalhealth.online/romania/en,Romania,en,market_home,6.0,cross_market+wrong_locale,Czechia|Romania,en,https://www.myglobalhealth.online/romania/en [4i/0c/p6] ;; https://www.myglobalhealth.online/czechia/en [1i/0c/p21]
neschopenku,2,5,0,https://www.myglobalhealth.online/czechia/en/blog/neschopenka-czech-sick-note-explained,Czechia,en,blog,1.0,wrong_locale,Czechia,cs|en,https://www.myglobalhealth.online/czechia/en/blog/neschopenka-czech-sick-note-explained [3i/0c/p2] ;; https://www.myglobalhealth.online/czechia/cs/blog/neschopenka-jak-funguje-eneschopenka [2i/0c/p1]
medicine global,3,5,0,https://www.myglobalhealth.online/spain/es,Spain,es,market_home,9.0,wrong_locale,Spain,en|es,https://www.myglobalhealth.online/spain/es [3i/0c/p9] ;; https://www.myglobalhealth.online [1i/0c/p43] ;; https://www.myglobalhealth.online/spain/en [1i/0c/p11]
atestado médico imt,2,5,0,https://www.myglobalhealth.online/portugal/pt/services/certificado-medico-carta-de-conducao,Portugal,pt,services,25.0,no,Portugal,pt,https://www.myglobalhealth.online/portugal/pt/services/certificado-medico-carta-de-conducao [4i/0c/p38] ;; https://www.myglobalhealth.online/portugal/pt/blog/atestado-medico-para-carta-de-conducao [1i/0c/p25]
tensões valores,2,5,0,https://www.myglobalhealth.online/portugal/pt/tools/blood-pressure-chart,Portugal,pt,tools,12.0,cross_market,Brazil|Portugal,pt,https://www.myglobalhealth.online/portugal/pt/tools/blood-pressure-chart [4i/0c/p12] ;; https://www.myglobalhealth.online/brazil/pt/tools/blood-pressure-chart [1i/0c/p33]
virtual gp consultation,2,5,0,https://www.myglobalhealth.online/spain/en,Spain,en,market_home,20.3,wrong_locale,Spain,en|es,https://www.myglobalhealth.online/spain/en [3i/0c/p20] ;; https://www.myglobalhealth.online/spain/es [2i/0c/p40]
doctor portugal,2,5,0,https://www.myglobalhealth.online/portugal/pt,Portugal,pt,market_home,59.2,wrong_locale,Portugal,es|pt,https://www.myglobalhealth.online/portugal/pt [4i/0c/p59] ;; https://www.myglobalhealth.online/portugal/es [1i/0c/p68]
tensiunea normala,3,5,0,https://www.myglobalhealth.online/romania/ro/blog/tensiune-arteriala-normala-varsta-adulti,Romania,ro,blog,54.5,cross_market+wrong_locale,Romania|Spain,pt|ro,https://www.myglobalhealth.online/romania/ro/blog/tensiune-arteriala-normala-varsta-adulti [2i/0c/p54] ;; https://www.myglobalhealth.online/spain/ro/blog/tensiunea-arteriala-normala-tabel-util-dupa-varsta-si-sex-fara-mituri [2i/0c/p62] ;; https://www.myglobalhealth.online/romania/pt/tools/blood-pressure-chart [1i/0c/p79]
tensiune normala femei,2,5,0,https://www.myglobalhealth.online/spain/ro/blog/tensiunea-arteriala-normala-tabel-util-dupa-varsta-si-sex-fara-mituri,Spain,ro,blog,47.7,cross_market+wrong_locale,Romania|Spain,ro,https://www.myglobalhealth.online/spain/ro/blog/tensiunea-arteriala-normala-tabel-util-dupa-varsta-si-sex-fara-mituri [3i/0c/p48] ;; https://www.myglobalhealth.online/romania/ro/blog/tensiune-arteriala-normala-varsta-adulti [2i/0c/p50]
global saude,4,4,0,https://www.myglobalhealth.online/portugal/en/services/certificado-medico-carta-de-conducao,Portugal,en,services,1.0,wrong_locale,Portugal,en|pt,https://www.myglobalhealth.online/portugal/en/services/certificado-medico-carta-de-conducao [1i/0c/p8] ;; https://www.myglobalhealth.online/portugal/pt/blog/atestado-medico-para-carta-de-conducao [1i/0c/p6] ;; https://www.myglobalhealth.online/portugal/pt/faq [1i/0c/p3] ;; https://www.myglobalhealth.online/portugal/pt/services/certificado-medico-carta-de-conducao [1i/0c/p1]
tensoes normais,2,4,0,https://www.myglobalhealth.online/portugal/pt/tools/blood-pressure-chart,Portugal,pt,tools,8.0,cross_market+wrong_locale,Portugal|Spain,pt,https://www.myglobalhealth.online/portugal/pt/tools/blood-pressure-chart [3i/0c/p9] ;; https://www.myglobalhealth.online/spain/pt/tools/blood-pressure-chart [1i/0c/p8]
website for doctors,3,4,0,https://www.myglobalhealth.online/ireland/en/see-a-specialist,Ireland,en,see-a-specialist,24.0,cross_market+wrong_locale,Czechia|Ireland,en,https://www.myglobalhealth.online/ireland/en/see-a-specialist [2i/0c/p72] ;; https://www.myglobalhealth.online [1i/0c/p68] ;; https://www.myglobalhealth.online/czechia/en [1i/0c/p24]
virtual gp appointment,3,4,0,https://www.myglobalhealth.online/spain/en,Spain,en,market_home,14.0,cross_market+wrong_locale,Ireland|Spain,en|es,https://www.myglobalhealth.online/spain/en [2i/0c/p29] ;; https://www.myglobalhealth.online/ireland/en/gp-consultation-online [1i/0c/p14] ;; https://www.myglobalhealth.online/spain/es [1i/0c/p54]
social welfare sick pay,2,4,0,https://www.myglobalhealth.online/ireland/en/blog/illness-benefit-ireland-how-to-claim,Ireland,en,blog,26.3,no,Ireland,en,https://www.myglobalhealth.online/ireland/en/blog/illness-benefit-ireland-how-to-claim [3i/0c/p26] ;; https://www.myglobalhealth.online/ireland/en/blog/illness-benefit-payment-ireland-rate-tax-timing [1i/0c/p69]
ce scade tensiunea rapid,2,4,0,https://www.myglobalhealth.online/romania/ro/blog/ce-scade-tensiunea-arteriala-rapid-sigur,Romania,ro,blog,6.3,cross_market+wrong_locale,Romania|Spain,ro,https://www.myglobalhealth.online/romania/ro/blog/ce-scade-tensiunea-arteriala-rapid-sigur [3i/0c/p6] ;; https://www.myglobalhealth.online/spain/ro/blog/cum-se-scade-tensiunea-ce-functioneaza-conform-ghidurilor-si-ce-doar-pare-sa-fun [1i/0c/p9]
test de tdah para adultos online,2,4,0,https://www.myglobalhealth.online/brazil/es/tools/adhd-test,Brazil,es,tools,30.0,cross_market+wrong_locale,Brazil|Spain,es,https://www.myglobalhealth.online/brazil/es/tools/adhd-test [3i/0c/p37] ;; https://www.myglobalhealth.online/spain/es/tools/adhd-test [1i/0c/p30]
test bmi,2,4,0,https://www.myglobalhealth.online/czechia/cs/tools/bmi-calculator,Czechia,cs,tools,28.5,cross_market,Czechia|Ireland,cs|en,https://www.myglobalhealth.online/czechia/cs/tools/bmi-calculator [2i/0c/p28] ;; https://www.myglobalhealth.online/ireland/en/tools/bmi-calculator [2i/0c/p66]
tabel cu valori tensiune arteriala,2,4,0,https://www.myglobalhealth.online/ireland/ro/tools/blood-pressure-chart,Ireland,ro,tools,8.0,cross_market+wrong_locale,Ireland|Spain,ro,https://www.myglobalhealth.online/ireland/ro/tools/blood-pressure-chart [2i/0c/p10] ;; https://www.myglobalhealth.online/spain/ro/blog/tensiunea-arteriala-normala-tabel-util-dupa-varsta-si-sex-fara-mituri [2i/0c/p8]
illness benefit how much,2,4,0,https://www.myglobalhealth.online/ireland/en/blog/illness-benefit-ireland-how-to-claim,Ireland,en,blog,33.0,no,Ireland,en,https://www.myglobalhealth.online/ireland/en/blog/illness-benefit-ireland-how-to-claim [2i/0c/p33] ;; https://www.myglobalhealth.online/ireland/en/blog/illness-benefit-payment-ireland-rate-tax-timing [2i/0c/p50]
global medica,2,4,0,https://www.myglobalhealth.online,,,legacy_or_global,1.0,no,Ireland,en,https://www.myglobalhealth.online [3i/0c/p2] ;; https://www.myglobalhealth.online/ireland/en [1i/0c/p1]
ideální krevní tlak,2,4,0,https://www.myglobalhealth.online/czechia/cs/tools/blood-pressure-chart,Czechia,cs,tools,36.5,cross_market+wrong_locale,Czechia|Romania,cs,https://www.myglobalhealth.online/czechia/cs/tools/blood-pressure-chart [2i/0c/p36] ;; https://www.myglobalhealth.online/romania/cs/blog/normalni-krevni-tlak-podle-veku-uzitecny-pruvodce-bez-zavadejicich-tabulek [2i/0c/p48]
health online,2,4,0,https://www.myglobalhealth.online/spain/es,Spain,es,market_home,8.0,no,Spain,es,https://www.myglobalhealth.online/spain/es [3i/0c/p8] ;; https://www.myglobalhealth.online [1i/0c/p31]
calculadora da gravidez,2,4,0,https://www.myglobalhealth.online/brazil/pt/tools/due-date-calculator,Brazil,pt,tools,48.0,cross_market,Brazil|Portugal,pt,https://www.myglobalhealth.online/brazil/pt/tools/due-date-calculator [2i/0c/p65] ;; https://www.myglobalhealth.online/portugal/pt/tools/due-date-calculator [2i/0c/p48]
calculadora do parto,2,4,0,https://www.myglobalhealth.online/brazil/pt/tools/due-date-calculator,Brazil,pt,tools,22.0,cross_market,Brazil|Portugal,pt,https://www.myglobalhealth.online/brazil/pt/tools/due-date-calculator [3i/0c/p54] ;; https://www.myglobalhealth.online/portugal/pt/tools/due-date-calculator [1i/0c/p22]
global health doctor,2,4,0,https://www.myglobalhealth.online,,,legacy_or_global,3.0,no,legacy/global,,https://www.myglobalhealth.online [3i/0c/p9] ;; https://www.myglobalhealth.online/about [1i/0c/p3]
sick certificate,2,4,0,https://www.myglobalhealth.online/ireland/sick-leave,Ireland,,market_home,8.0,wrong_locale,Ireland|Portugal,en,https://www.myglobalhealth.online/ireland/sick-leave [3i/0c/p54] ;; https://www.myglobalhealth.online/portugal/en/blog/autodeclaracao-de-doenca-ou-baixa-medica [1i/0c/p8]
tabel tensiune dupa varsta,2,4,0,https://www.myglobalhealth.online/romania/ro/blog/tensiune-arteriala-normala-varsta-adulti,Romania,ro,blog,26.0,cross_market+wrong_locale,Romania|Spain,ro,https://www.myglobalhealth.online/romania/ro/blog/tensiune-arteriala-normala-varsta-adulti [2i/0c/p38] ;; https://www.myglobalhealth.online/spain/ro/blog/tensiunea-arteriala-normala-tabel-util-dupa-varsta-si-sex-fara-mituri [2i/0c/p26]
global medical care,3,4,0,https://www.myglobalhealth.online/ireland/en,Ireland,en,market_home,3.0,no,Ireland,en,https://www.myglobalhealth.online/ireland/en [2i/0c/p7] ;; https://www.myglobalhealth.online [1i/0c/p3] ;; https://www.myglobalhealth.online/ireland/en/about [1i/0c/p5]
teste adhd,2,4,0,https://www.myglobalhealth.online/romania/cs/tools/adhd-test,Romania,cs,tools,47.0,cross_market+wrong_locale,Ireland|Romania,cs|ro,https://www.myglobalhealth.online/romania/cs/tools/adhd-test [3i/0c/p68] ;; https://www.myglobalhealth.online/ireland/ro/tools/adhd-test [1i/0c/p47]
apply for illness benefit ireland,3,4,0,https://www.myglobalhealth.online/ireland/pt/blog/illness-benefit-irlanda-como-requerer,Ireland,pt,blog,34.0,wrong_locale,Ireland,en|es|pt,https://www.myglobalhealth.online/ireland/pt/blog/illness-benefit-irlanda-como-requerer [2i/0c/p65] ;; https://www.myglobalhealth.online/ireland/en/blog/illness-benefit-ireland-how-to-claim [1i/0c/p34] ;; https://www.myglobalhealth.online/ireland/es/blog/illness-benefit-irlanda-como-solicitarlo [1i/0c/p64]
tensiunea normala in functie de varsta tabel,2,4,0,https://www.myglobalhealth.online/spain/ro/blog/tensiunea-arteriala-normala-tabel-util-dupa-varsta-si-sex-fara-mituri,Spain,ro,blog,24.3,cross_market+wrong_locale,Romania|Spain,ro,https://www.myglobalhealth.online/spain/ro/blog/tensiunea-arteriala-normala-tabel-util-dupa-varsta-si-sex-fara-mituri [3i/0c/p24] ;; https://www.myglobalhealth.online/romania/ro/blog/tensiune-arteriala-normala-varsta-adulti [1i/0c/p27]
dr egas,2,4,0,https://www.myglobalhealth.online/portugal/es/doctors/dr-egas-moura,Portugal,es,doctors,3.0,wrong_locale,Portugal,es,https://www.myglobalhealth.online/portugal/es/doctors/dr-egas-moura [3i/0c/p3] ;; https://www.myglobalhealth.online/es/portugal-doctors/dr-egas-moura [1i/0c/p9]
tensiunea normala la adulti,2,4,0,https://www.myglobalhealth.online/romania/ro/blog/tensiune-arteriala-normala-varsta-adulti,Romania,ro,blog,37.0,cross_market+wrong_locale,Romania|Spain,ro,https://www.myglobalhealth.online/romania/ro/blog/tensiune-arteriala-normala-varsta-adulti [2i/0c/p37] ;; https://www.myglobalhealth.online/spain/ro/blog/tensiunea-arteriala-normala-tabel-util-dupa-varsta-si-sex-fara-mituri [2i/0c/p50]
vitamin deficiency check,2,4,0,https://www.myglobalhealth.online/ireland/en/lab-tests/vitamin-d-test,Ireland,en,lab-tests,47.0,no,Ireland,en,https://www.myglobalhealth.online/ireland/en/lab-tests/vitamin-d-test [3i/0c/p56] ;; https://www.myglobalhealth.online/ireland/en/lab-tests/vitamin-b12-test [1i/0c/p47]
online,4,4,0,https://www.myglobalhealth.online,,,legacy_or_global,1.0,cross_market+wrong_locale,Czechia|Spain,cs|en,https://www.myglobalhealth.online [1i/0c/p5] ;; https://www.myglobalhealth.online/cs/online-prescriptions/hair-loss-prescription [1i/0c/p2] ;; https://www.myglobalhealth.online/czechia/cs/blog/neschopenka-jak-funguje-eneschopenka [1i/0c/p1] ;; https://www.myglobalhealth.online/spain/en [1i/0c/p3]
online consultation gp,2,4,0,https://www.myglobalhealth.online/ireland/en/gp-consultation-online,Ireland,en,gp-consultation-online,4.0,cross_market+wrong_locale,Ireland|Romania,en,https://www.myglobalhealth.online/ireland/en/gp-consultation-online [3i/0c/p21] ;; https://www.myglobalhealth.online/romania/en [1i/0c/p4]
online doctor in spain,2,4,0,https://www.myglobalhealth.online/spain/es,Spain,es,market_home,8.0,wrong_locale,Spain,en|es,https://www.myglobalhealth.online/spain/es [3i/0c/p39] ;; https://www.myglobalhealth.online/spain/en [1i/0c/p8]
necesar calorii zilnic,2,4,0,https://www.myglobalhealth.online/romania/ro/tools/calorie-calculator,Romania,ro,tools,54.7,cross_market+wrong_locale,Romania|Spain,ro,https://www.myglobalhealth.online/romania/ro/tools/calorie-calculator [3i/0c/p55] ;; https://www.myglobalhealth.online/spain/ro/tools/calorie-calculator [1i/0c/p58]
online dermatolog,2,4,0,https://www.myglobalhealth.online/spain/cs/blog/dermatolog-online-spanelsko,Spain,cs,blog,12.5,wrong_locale,Spain,cs|en,https://www.myglobalhealth.online/spain/cs/blog/dermatolog-online-spanelsko [2i/0c/p12] ;; https://www.myglobalhealth.online/spain/en/services/dermatologia-especialista-online [2i/0c/p72]
online prescription spain,2,4,0,https://www.myglobalhealth.online/spain/es,Spain,es,market_home,26.0,no,Spain,es,https://www.myglobalhealth.online/spain/es [3i/0c/p35] ;; https://www.myglobalhealth.online/spain/treatment-renewal [1i/0c/p26]
consulta online portugal,2,4,0,https://www.myglobalhealth.online/portugal/es/services/consulta-medica,Portugal,es,services,44.5,wrong_locale,Portugal,es|pt,https://www.myglobalhealth.online/portugal/es/services/consulta-medica [2i/0c/p82] ;; https://www.myglobalhealth.online/portugal/pt [2i/0c/p44]
consultório médico online,2,4,0,https://www.myglobalhealth.online/portugal/es/services/consulta-medica,Portugal,es,services,48.0,wrong_locale,Portugal,es|pt,https://www.myglobalhealth.online/portugal/es/services/consulta-medica [2i/0c/p83] ;; https://www.myglobalhealth.online/portugal/pt [2i/0c/p48]
clínica,2,4,0,https://www.myglobalhealth.online/portugal/pt,Portugal,pt,market_home,1.0,no,Portugal,pt,https://www.myglobalhealth.online/portugal/pt [3i/0c/p4] ;; https://www.myglobalhealth.online/pt [1i/0c/p1]
social welfare illness benefit,2,4,0,https://www.myglobalhealth.online/ireland/en/blog/illness-benefit-ireland-how-to-claim,Ireland,en,blog,6.0,no,Ireland,en,https://www.myglobalhealth.online/ireland/en/blog/illness-benefit-ireland-how-to-claim [3i/0c/p13] ;; https://www.myglobalhealth.online/ireland/en/blog/illness-benefit-payment-ireland-rate-tax-timing [1i/0c/p6]
consulta do viajante,2,4,0,https://www.myglobalhealth.online/portugal/en/blog/travel-health-consultation-portugal,Portugal,en,blog,59.0,wrong_locale,Portugal,en|pt,https://www.myglobalhealth.online/portugal/en/blog/travel-health-consultation-portugal [3i/0c/p71] ;; https://www.myglobalhealth.online/portugal/pt/blog/consulta-do-viajante-quando-marcar [1i/0c/p59]
general practitioner,3,4,0,https://www.myglobalhealth.online/spain/es,Spain,es,market_home,2.0,cross_market,Czechia|Portugal|Spain,cs|es|pt,https://www.myglobalhealth.online/spain/es [2i/0c/p2] ;; https://www.myglobalhealth.online/czechia/cs [1i/0c/p6] ;; https://www.myglobalhealth.online/portugal/pt [1i/0c/p5]
dr muhammad ghaznain,2,4,0,https://www.myglobalhealth.online/ireland/en/doctors,Ireland,en,doctors,23.3,no,Ireland,en,https://www.myglobalhealth.online/ireland/en/doctors [3i/0c/p23] ;; https://www.myglobalhealth.online/ireland/en [1i/0c/p24]
dr telmo,2,4,0,https://www.myglobalhealth.online/pt/portugal-doctors/dr-telmo-coelho,,,legacy_or_global,5.0,no,Portugal,pt,https://www.myglobalhealth.online/pt/portugal-doctors/dr-telmo-coelho [3i/0c/p5] ;; https://www.myglobalhealth.online/portugal/pt/doctors/dr-telmo-coelho [1i/0c/p8]
psa test,2,4,0,https://www.myglobalhealth.online/ireland/cs/lab-tests/psa-prostate-test,Ireland,cs,lab-tests,50.0,wrong_locale,Ireland,cs|en,https://www.myglobalhealth.online/ireland/cs/lab-tests/psa-prostate-test [3i/0c/p50] ;; https://www.myglobalhealth.online/ireland/en/lab-tests/psa-prostate-test [1i/0c/p86]
pressão arterial tabela,2,4,0,https://www.myglobalhealth.online/brazil/pt/tools/blood-pressure-chart,Brazil,pt,tools,13.0,cross_market,Brazil|Portugal,pt,https://www.myglobalhealth.online/brazil/pt/tools/blood-pressure-chart [2i/0c/p13] ;; https://www.myglobalhealth.online/portugal/pt/tools/blood-pressure-chart [2i/0c/p20]
blood test for vitamin d and b12,2,4,0,https://www.myglobalhealth.online/ireland/en/lab-tests/vitamin-b12-test,Ireland,en,lab-tests,50.5,no,Ireland,en,https://www.myglobalhealth.online/ireland/en/lab-tests/vitamin-b12-test [2i/0c/p50] ;; https://www.myglobalhealth.online/ireland/en/lab-tests/vitamin-d-test [2i/0c/p62]
my global,2,4,0,https://www.myglobalhealth.online,,,legacy_or_global,6.5,no,Spain,es,https://www.myglobalhealth.online [2i/0c/p9] ;; https://www.myglobalhealth.online/spain/es [2i/0c/p6]
psychiatric assessment ireland,2,4,0,https://www.myglobalhealth.online/ireland/en/services/psychiatry-specialist-consultation,Ireland,en,services,15.7,no,Ireland,en,https://www.myglobalhealth.online/ireland/en/services/psychiatry-specialist-consultation [3i/0c/p16] ;; https://www.myglobalhealth.online/ireland/en/services/mental-health-consultation [1i/0c/p38]
my health online,2,4,0,https://www.myglobalhealth.online/spain/es,Spain,es,market_home,14.3,no,Spain,es,https://www.myglobalhealth.online/spain/es [3i/0c/p14] ;; https://www.myglobalhealth.online [1i/0c/p37]
psiquiatria consulta online,3,4,0,https://www.myglobalhealth.online/spain/pt/services/psiquiatra-online,Spain,pt,services,79.0,wrong_locale,Spain,en|pt,https://www.myglobalhealth.online/spain/pt/services/psiquiatra-online [2i/0c/p87] ;; https://www.myglobalhealth.online/spain/en/services/psicologo-online [1i/0c/p99] ;; https://www.myglobalhealth.online/spain/en/services/psiquiatra-online [1i/0c/p79]
ireland illness benefit 2026,2,4,0,https://www.myglobalhealth.online/ireland/en/blog/illness-benefit-payment-ireland-rate-tax-timing,Ireland,en,blog,4.3,no,Ireland,en,https://www.myglobalhealth.online/ireland/en/blog/illness-benefit-payment-ireland-rate-tax-timing [3i/0c/p4] ;; https://www.myglobalhealth.online/ireland/en/blog/illness-benefit-ireland-how-to-claim [1i/0c/p9]
bmi calculadora,2,4,0,https://www.myglobalhealth.online/spain/es/tools/bmi-calculator,Spain,es,tools,2.0,cross_market,Portugal|Spain,es|pt,https://www.myglobalhealth.online/spain/es/tools/bmi-calculator [3i/0c/p50] ;; https://www.myglobalhealth.online/portugal/pt/tools/bmi-calculator [1i/0c/p2]
medical health covers,2,4,0,https://www.myglobalhealth.online,,,legacy_or_global,36.0,no,Spain,es,https://www.myglobalhealth.online [2i/0c/p36] ;; https://www.myglobalhealth.online/spain/es [2i/0c/p60]
doctor online appointment,3,4,0,https://www.myglobalhealth.online/spain/en,Spain,en,market_home,12.0,cross_market+wrong_locale,Romania|Spain,en|es,https://www.myglobalhealth.online/spain/en [2i/0c/p12] ;; https://www.myglobalhealth.online/romania/en [1i/0c/p19] ;; https://www.myglobalhealth.online/spain/es [1i/0c/p33]
doctors near me,3,4,0,https://www.myglobalhealth.online/portugal/pt,Portugal,pt,market_home,5.0,cross_market,Czechia|Portugal,cs|pt,https://www.myglobalhealth.online/portugal/pt [2i/0c/p7] ;; https://www.myglobalhealth.online/czechia/cs [1i/0c/p5] ;; https://www.myglobalhealth.online/pt [1i/0c/p12]
normal bmi,2,4,0,https://www.myglobalhealth.online/czechia/cs/tools/bmi-calculator,Czechia,cs,tools,60.0,cross_market,Czechia|Ireland,cs|en,https://www.myglobalhealth.online/czechia/cs/tools/bmi-calculator [2i/0c/p60] ;; https://www.myglobalhealth.online/ireland/en/tools/bmi-calculator [2i/0c/p88]
doctor consultation,2,4,0,https://www.myglobalhealth.online/romania/en,Romania,en,market_home,11.0,cross_market+wrong_locale,Romania|Spain,en|es,https://www.myglobalhealth.online/romania/en [2i/0c/p11] ;; https://www.myglobalhealth.online/spain/es [2i/0c/p44]
how to claim illness benefit,2,3,0,https://www.myglobalhealth.online/ireland/en/blog/illness-benefit-ireland-how-to-claim,Ireland,en,blog,12.0,wrong_locale,Ireland,cs|en,https://www.myglobalhealth.online/ireland/en/blog/illness-benefit-ireland-how-to-claim [2i/0c/p12] ;; https://www.myglobalhealth.online/ireland/cs/blog/illness-benefit-irsko-jak-zazadat [1i/0c/p49]
ib1,2,3,0,https://www.myglobalhealth.online/ireland/en/blog/illness-benefit-ireland-how-to-claim,Ireland,en,blog,6.0,wrong_locale,Ireland,cs|en,https://www.myglobalhealth.online/ireland/en/blog/illness-benefit-ireland-how-to-claim [2i/0c/p6] ;; https://www.myglobalhealth.online/ireland/cs/blog/illness-benefit-irsko-jak-zazadat [1i/0c/p39]
clinica global,2,3,0,https://www.myglobalhealth.online/portugal/pt,Portugal,pt,market_home,1.0,no,Portugal,pt,https://www.myglobalhealth.online/portugal/pt [2i/0c/p4] ;; https://www.myglobalhealth.online/pt [1i/0c/p1]
sick leave certificate ireland,2,3,0,https://www.myglobalhealth.online/ireland/sick-leave,Ireland,,market_home,18.5,no,Ireland,en,https://www.myglobalhealth.online/ireland/sick-leave [2i/0c/p18] ;; https://www.myglobalhealth.online/ireland/en/blog/illness-benefit-ireland-how-to-claim [1i/0c/p57]
clinicas online,2,3,0,https://www.myglobalhealth.online/spain/es,Spain,es,market_home,15.0,cross_market,Portugal|Spain,es|pt,https://www.myglobalhealth.online/spain/es [2i/0c/p26] ;; https://www.myglobalhealth.online/portugal/pt [1i/0c/p15]
clinico geral online,3,3,0,https://www.myglobalhealth.online/portugal/es/services/medicina-geral-e-familiar,Portugal,es,services,25.0,cross_market+wrong_locale,Portugal|Spain,es|pt,https://www.myglobalhealth.online/portugal/es/services/medicina-geral-e-familiar [1i/0c/p25] ;; https://www.myglobalhealth.online/portugal/pt [1i/0c/p86] ;; https://www.myglobalhealth.online/spain/es [1i/0c/p63]
calculator necesar calorii,2,3,0,https://www.myglobalhealth.online/romania/ro/tools/calorie-calculator,Romania,ro,tools,18.5,cross_market+wrong_locale,Romania|Spain,ro,https://www.myglobalhealth.online/romania/ro/tools/calorie-calculator [2i/0c/p18] ;; https://www.myglobalhealth.online/spain/ro/tools/calorie-calculator [1i/0c/p39]
consulta medica,2,3,0,https://www.myglobalhealth.online/spain/es,Spain,es,market_home,32.5,cross_market+wrong_locale,Portugal|Spain,es,https://www.myglobalhealth.online/spain/es [2i/0c/p32] ;; https://www.myglobalhealth.online/portugal/es/services/consulta-medica [1i/0c/p69]
state illness benefit ireland,2,3,0,https://www.myglobalhealth.online/ireland/en/blog/illness-benefit-ireland-how-to-claim,Ireland,en,blog,7.5,wrong_locale,Ireland,cs|en,https://www.myglobalhealth.online/ireland/en/blog/illness-benefit-ireland-how-to-claim [2i/0c/p8] ;; https://www.myglobalhealth.online/ireland/cs/blog/illness-benefit-irsko-jak-zazadat [1i/0c/p79]
valores normales de presion arterial,2,3,0,https://www.myglobalhealth.online/spain/es/tools/blood-pressure-chart,Spain,es,tools,66.5,cross_market+wrong_locale,Romania|Spain,es,https://www.myglobalhealth.online/spain/es/tools/blood-pressure-chart [2i/0c/p66] ;; https://www.myglobalhealth.online/romania/es/blog/presion-arterial-normal-guia-util-por-edad-sin-tablas-enganosas [1i/0c/p77]
certificado médico online,2,3,0,https://www.myglobalhealth.online/brazil/es,Brazil,es,market_home,6.0,wrong_locale,Brazil,es,https://www.myglobalhealth.online/brazil/es [2i/0c/p10] ;; https://www.myglobalhealth.online/brazil/es/blog/certificado-medico-online-brasil [1i/0c/p6]
hausarzt,2,3,0,https://www.myglobalhealth.online/ireland/de,Ireland,de,market_home,19.0,cross_market+wrong_locale,Ireland|Portugal,de,https://www.myglobalhealth.online/ireland/de [2i/0c/p100] ;; https://www.myglobalhealth.online/portugal/de [1i/0c/p19]
global health insurance,2,3,0,https://www.myglobalhealth.online,,,legacy_or_global,7.5,no,Czechia,cs,https://www.myglobalhealth.online [2i/0c/p8] ;; https://www.myglobalhealth.online/czechia/cs [1i/0c/p8]
book an appointment online,2,3,0,https://www.myglobalhealth.online/romania/en,Romania,en,market_home,8.0,wrong_locale,Romania,en|ro,https://www.myglobalhealth.online/romania/en [2i/0c/p8] ;; https://www.myglobalhealth.online/romania/ro [1i/0c/p8]
imt atestado medico,2,3,0,https://www.myglobalhealth.online/portugal/pt/blog/atestado-medico-para-carta-de-conducao,Portugal,pt,blog,23.0,no,Portugal,pt,https://www.myglobalhealth.online/portugal/pt/blog/atestado-medico-para-carta-de-conducao [2i/0c/p23] ;; https://www.myglobalhealth.online/portugal/pt/services/certificado-medico-carta-de-conducao [1i/0c/p49]
illness benefits ireland,2,3,0,https://www.myglobalhealth.online/ireland/en/blog/illness-benefit-ireland-how-to-claim,Ireland,en,blog,10.5,no,Ireland,en,https://www.myglobalhealth.online/ireland/en/blog/illness-benefit-ireland-how-to-claim [2i/0c/p10] ;; https://www.myglobalhealth.online/ireland/en/blog/illness-benefit-payment-ireland-rate-tax-timing [1i/0c/p55]
europe blood pressure chart,2,3,0,https://www.myglobalhealth.online/ireland/en/tools/blood-pressure-chart,Ireland,en,tools,1.0,cross_market+wrong_locale,Czechia|Ireland,en,https://www.myglobalhealth.online/ireland/en/tools/blood-pressure-chart [2i/0c/p14] ;; https://www.myglobalhealth.online/czechia/en/tools/blood-pressure-chart [1i/0c/p1]
lekar online,2,3,0,https://www.myglobalhealth.online/czechia/cs/gp-consultation-online,Czechia,cs,gp-consultation-online,27.0,no,Czechia,cs,https://www.myglobalhealth.online/czechia/cs/gp-consultation-online [2i/0c/p27] ;; https://www.myglobalhealth.online/czechia/cs/blog/lekar-online-24-7-co-vyresi [1i/0c/p33]
indice obezitate calcul,2,3,0,https://www.myglobalhealth.online/romania/es/tools/bmi-calculator,Romania,es,tools,46.0,wrong_locale,Romania,es|ro,https://www.myglobalhealth.online/romania/es/tools/bmi-calculator [2i/0c/p78] ;; https://www.myglobalhealth.online/romania/ro/tools/bmi-calculator [1i/0c/p46]
romanian doctors,2,3,0,https://www.myglobalhealth.online/romania/en,Romania,en,market_home,5.5,wrong_locale,Romania,en|ro,https://www.myglobalhealth.online/romania/en [2i/0c/p6] ;; https://www.myglobalhealth.online/romania/ro [1i/0c/p61]
cat inseamna 500 calorii in kg,2,3,0,https://www.myglobalhealth.online/romania/ro/tools/calorie-calculator,Romania,ro,tools,10.5,cross_market+wrong_locale,Romania|Spain,ro,https://www.myglobalhealth.online/romania/ro/tools/calorie-calculator [2i/0c/p10] ;; https://www.myglobalhealth.online/spain/ro/tools/calorie-calculator [1i/0c/p12]
consulta médico online,2,3,0,https://www.myglobalhealth.online/portugal/pt,Portugal,pt,market_home,38.0,cross_market,Portugal|Spain,es|pt,https://www.myglobalhealth.online/portugal/pt [2i/0c/p61] ;; https://www.myglobalhealth.online/spain/es [1i/0c/p38]
indice imc,2,3,0,https://www.myglobalhealth.online/romania/ro/tools/bmi-calculator,Romania,ro,tools,55.0,cross_market,Romania|Spain,es|ro,https://www.myglobalhealth.online/romania/ro/tools/bmi-calculator [2i/0c/p55] ;; https://www.myglobalhealth.online/spain/es/tools/bmi-calculator [1i/0c/p72]
calculeaza indice de masa corporala,2,3,0,https://www.myglobalhealth.online/romania/es/tools/bmi-calculator,Romania,es,tools,37.0,wrong_locale,Romania,es|ro,https://www.myglobalhealth.online/romania/es/tools/bmi-calculator [2i/0c/p77] ;; https://www.myglobalhealth.online/romania/ro/tools/bmi-calculator [1i/0c/p37]
best online doctor,2,3,0,https://www.myglobalhealth.online/spain/es,Spain,es,market_home,25.0,cross_market+wrong_locale,Romania|Spain,en|es,https://www.myglobalhealth.online/spain/es [2i/0c/p50] ;; https://www.myglobalhealth.online/romania/en [1i/0c/p25]
medicos en linea,2,3,0,https://www.myglobalhealth.online/spain/es,Spain,es,market_home,10.0,cross_market+wrong_locale,Brazil|Spain,es,https://www.myglobalhealth.online/spain/es [2i/0c/p56] ;; https://www.myglobalhealth.online/brazil/es [1i/0c/p10]
blood work,2,3,0,https://www.myglobalhealth.online/ireland/en/blog/blood-tests-dublin-what-to-know,Ireland,en,blog,44.0,cross_market+wrong_locale,Ireland|Romania,en,https://www.myglobalhealth.online/ireland/en/blog/blood-tests-dublin-what-to-know [2i/0c/p52] ;; https://www.myglobalhealth.online/romania/en/lab-tests [1i/0c/p44]
mareo,2,3,0,https://www.myglobalhealth.online/spain/es/blog/tension-alta-sintomas-cuando-urgencias,Spain,es,blog,1.0,cross_market+wrong_locale,Romania|Spain,en|es,https://www.myglobalhealth.online/spain/es/blog/tension-alta-sintomas-cuando-urgencias [2i/0c/p4] ;; https://www.myglobalhealth.online/romania/en/blog/low-blood-pressure-why-it-happens-what-to-do-right-away-and-when-not-to-wait [1i/0c/p1]
medir imc,2,3,0,https://www.myglobalhealth.online/spain/es/tools/bmi-calculator,Spain,es,tools,56.0,cross_market,Portugal|Spain,es|pt,https://www.myglobalhealth.online/spain/es/tools/bmi-calculator [2i/0c/p56] ;; https://www.myglobalhealth.online/portugal/pt/tools/bmi-calculator [1i/0c/p58]
my medical,2,3,0,https://www.myglobalhealth.online/ireland/ro/health/international-students,Ireland,ro,health,29.0,cross_market+wrong_locale,Ireland|Spain,es|ro,https://www.myglobalhealth.online/ireland/ro/health/international-students [2i/0c/p54] ;; https://www.myglobalhealth.online/spain/es [1i/0c/p29]
médico psiquiatra online,3,3,0,https://www.myglobalhealth.online/spain/en/services/psicologo-online,Spain,en,services,81.0,wrong_locale,Spain,en|pt,https://www.myglobalhealth.online/spain/en/services/psicologo-online [1i/0c/p92] ;; https://www.myglobalhealth.online/spain/en/services/psiquiatra-online [1i/0c/p91] ;; https://www.myglobalhealth.online/spain/pt/services/psiquiatra-online [1i/0c/p81]
medico,3,3,0,https://www.myglobalhealth.online/ireland/es,Ireland,es,market_home,9.0,cross_market+wrong_locale,Ireland|Romania,es|pt,https://www.myglobalhealth.online/ireland/es [1i/0c/p9] ;; https://www.myglobalhealth.online/ireland/pt [1i/0c/p11] ;; https://www.myglobalhealth.online/romania/es [1i/0c/p12]
bmi scale,2,3,0,https://www.myglobalhealth.online/czechia/cs/tools/bmi-calculator,Czechia,cs,tools,48.0,cross_market,Czechia|Ireland,cs|en,https://www.myglobalhealth.online/czechia/cs/tools/bmi-calculator [2i/0c/p60] ;; https://www.myglobalhealth.online/ireland/en/tools/bmi-calculator [1i/0c/p48]
bone health assessment,2,3,0,https://www.myglobalhealth.online/ireland/en/tools/osteoporosis-risk-checker,Ireland,en,tools,75.0,cross_market+wrong_locale,Czechia|Ireland,en,https://www.myglobalhealth.online/ireland/en/tools/osteoporosis-risk-checker [2i/0c/p78] ;; https://www.myglobalhealth.online/czechia/en/tools/osteoporosis-risk-checker [1i/0c/p75]
global care,2,3,0,https://www.myglobalhealth.online/portugal/pt,Portugal,pt,market_home,2.0,no,Portugal,pt,https://www.myglobalhealth.online/portugal/pt [2i/0c/p2] ;; https://www.myglobalhealth.online [1i/0c/p3]
necesar caloric,2,3,0,https://www.myglobalhealth.online/romania/ro/tools/calorie-calculator,Romania,ro,tools,45.5,cross_market+wrong_locale,Romania|Spain,ro,https://www.myglobalhealth.online/romania/ro/tools/calorie-calculator [2i/0c/p46] ;; https://www.myglobalhealth.online/spain/ro/tools/calorie-calculator [1i/0c/p55]
marcar consultas médicas online,2,3,0,https://www.myglobalhealth.online/portugal/es/services/consulta-medica,Portugal,es,services,23.0,wrong_locale,Portugal,es|pt,https://www.myglobalhealth.online/portugal/es/services/consulta-medica [2i/0c/p80] ;; https://www.myglobalhealth.online/portugal/pt/services/consulta-medica [1i/0c/p23]
b12 and vitamin d test,2,3,0,https://www.myglobalhealth.online/ireland/en/lab-tests/vitamin-b12-test,Ireland,en,lab-tests,39.5,no,Ireland,en,https://www.myglobalhealth.online/ireland/en/lab-tests/vitamin-b12-test [2i/0c/p40] ;; https://www.myglobalhealth.online/ireland/en/lab-tests/vitamin-d-test [1i/0c/p53]
autodeclaração de doença,2,3,0,https://www.myglobalhealth.online/portugal/es/blog/autodeclaracion-enfermedad-portugal,Portugal,es,blog,10.0,wrong_locale,Portugal,en|es,https://www.myglobalhealth.online/portugal/es/blog/autodeclaracion-enfermedad-portugal [2i/0c/p36] ;; https://www.myglobalhealth.online/portugal/en/blog/autodeclaracao-de-doenca-ou-baixa-medica [1i/0c/p10]
eneschopenka online,3,3,0,https://www.myglobalhealth.online/czechia/cs/blog/neschopenka-jak-funguje-eneschopenka,Czechia,cs,blog,8.0,wrong_locale,Czechia,cs|en,https://www.myglobalhealth.online/czechia/cs/blog/neschopenka-jak-funguje-eneschopenka [1i/0c/p11] ;; https://www.myglobalhealth.online/czechia/cs/services/neschopenka-online [1i/0c/p62] ;; https://www.myglobalhealth.online/czechia/en/blog/neschopenka-czech-sick-note-explained [1i/0c/p8]
enfermedad mano pie boca tratamiento,2,3,0,https://www.myglobalhealth.online/ireland/es/blog/enfermedad-mano-pie-boca-signos-y-tratamiento,Ireland,es,blog,76.0,cross_market+wrong_locale,Ireland|Portugal,es,https://www.myglobalhealth.online/ireland/es/blog/enfermedad-mano-pie-boca-signos-y-tratamiento [2i/0c/p78] ;; https://www.myglobalhealth.online/portugal/es/blog/enfermedad-mano-pie-boca-signos-y-tratamiento [1i/0c/p76]
pcp doctors near me,3,3,0,https://www.myglobalhealth.online/czechia/cs,Czechia,cs,market_home,13.0,wrong_locale,Czechia,cs|en,https://www.myglobalhealth.online/czechia/cs [1i/0c/p13] ;; https://www.myglobalhealth.online/czechia/cs/book [1i/0c/p15] ;; https://www.myglobalhealth.online/czechia/en/gp-consultation-online [1i/0c/p14]
online diagnostic services,2,3,0,https://www.myglobalhealth.online/ireland/en/lab-tests,Ireland,en,lab-tests,53.0,no,Ireland,en,https://www.myglobalhealth.online/ireland/en/lab-tests [2i/0c/p53] ;; https://www.myglobalhealth.online/ireland/en/lab-tests/general-health-test [1i/0c/p83]
online consultation of doctor,2,3,0,https://www.myglobalhealth.online/ireland/en/gp-consultation-online,Ireland,en,gp-consultation-online,27.5,no,Ireland,en,https://www.myglobalhealth.online/ireland/en/gp-consultation-online [2i/0c/p28] ;; https://www.myglobalhealth.online/ireland/en/book [1i/0c/p29]
doctors online,2,3,0,https://www.myglobalhealth.online/spain/es,Spain,es,market_home,5.0,cross_market+wrong_locale,Romania|Spain,en|es,https://www.myglobalhealth.online/spain/es [2i/0c/p16] ;; https://www.myglobalhealth.online/romania/en [1i/0c/p5]
niveles de la presión arterial normal,2,3,0,https://www.myglobalhealth.online/spain/es/tools/blood-pressure-chart,Spain,es,tools,71.0,cross_market+wrong_locale,Romania|Spain,es,https://www.myglobalhealth.online/spain/es/tools/blood-pressure-chart [2i/0c/p71] ;; https://www.myglobalhealth.online/romania/es/blog/presion-arterial-normal-guia-util-por-edad-sin-tablas-enganosas [1i/0c/p89]
online consultation for doctors,3,3,0,https://www.myglobalhealth.online/ireland/en/gp-consultation-online,Ireland,en,gp-consultation-online,19.0,cross_market+wrong_locale,Ireland|Spain,en,https://www.myglobalhealth.online/ireland/en/gp-consultation-online [1i/0c/p29] ;; https://www.myglobalhealth.online/ireland/en/see-a-specialist [1i/0c/p59] ;; https://www.myglobalhealth.online/spain/en [1i/0c/p19]
english speaking gp online,2,3,0,https://www.myglobalhealth.online,,,legacy_or_global,29.0,wrong_locale,Spain,en,https://www.myglobalhealth.online [2i/0c/p50] ;; https://www.myglobalhealth.online/spain/en [1i/0c/p29]
doctor,3,3,0,https://www.myglobalhealth.online/czechia/cs,Czechia,cs,market_home,2.0,cross_market,Czechia|Portugal,cs|pt,https://www.myglobalhealth.online/czechia/cs [1i/0c/p3] ;; https://www.myglobalhealth.online/portugal/pt [1i/0c/p2] ;; https://www.myglobalhealth.online/pt [1i/0c/p7]
online gp dublin,2,3,0,https://www.myglobalhealth.online/ireland/en/gp-consultation-online,Ireland,en,gp-consultation-online,59.0,no,Ireland,en,https://www.myglobalhealth.online/ireland/en/gp-consultation-online [2i/0c/p59] ;; https://www.myglobalhealth.online/ireland/en/see-a-specialist [1i/0c/p74]
online dr,3,3,0,https://www.myglobalhealth.online/czechia/cs,Czechia,cs,market_home,1.0,cross_market+wrong_locale,Czechia|Romania|Spain,cs|en|es,https://www.myglobalhealth.online/czechia/cs [1i/0c/p7] ;; https://www.myglobalhealth.online/romania/en [1i/0c/p9] ;; https://www.myglobalhealth.online/spain/es [1i/0c/p1]
doctor appointments,2,3,0,https://www.myglobalhealth.online/romania/en,Romania,en,market_home,18.0,cross_market+wrong_locale,Czechia|Romania,en,https://www.myglobalhealth.online/romania/en [2i/0c/p18] ;; https://www.myglobalhealth.online/czechia/en [1i/0c/p28]
online doctor ireland,2,3,0,https://www.myglobalhealth.online/ireland/en/gp-consultation-online,Ireland,en,gp-consultation-online,38.0,no,Ireland,en,https://www.myglobalhealth.online/ireland/en/gp-consultation-online [2i/0c/p80] ;; https://www.myglobalhealth.online/ireland/en/book [1i/0c/p38]
doctor appointment online,2,3,0,https://www.myglobalhealth.online/spain/es,Spain,es,market_home,19.0,wrong_locale,Spain,en|es,https://www.myglobalhealth.online/spain/es [2i/0c/p53] ;; https://www.myglobalhealth.online/spain/en [1i/0c/p19]
dermatólogos en línea,2,3,0,https://www.myglobalhealth.online/spain/es/blog/dermatologo-online-que-puede-resolver,Spain,es,blog,27.5,wrong_locale,Spain,en|es,https://www.myglobalhealth.online/spain/es/blog/dermatologo-online-que-puede-resolver [2i/0c/p28] ;; https://www.myglobalhealth.online/spain/en/services/dermatologia-especialista-online [1i/0c/p71]
online doctor cork,3,3,0,https://www.myglobalhealth.online/ireland/en,Ireland,en,market_home,58.0,no,Ireland,en,https://www.myglobalhealth.online/ireland/en [1i/0c/p88] ;; https://www.myglobalhealth.online/ireland/en/gp-consultation-online [1i/0c/p58] ;; https://www.myglobalhealth.online/ireland/en/see-a-specialist [1i/0c/p69]
online healthcare,2,3,0,https://www.myglobalhealth.online,,,legacy_or_global,13.0,wrong_locale,Romania,en,https://www.myglobalhealth.online [2i/0c/p24] ;; https://www.myglobalhealth.online/romania/en [1i/0c/p13]
claiming illness benefit,2,3,0,https://www.myglobalhealth.online/ireland/en/blog/illness-benefit-ireland-how-to-claim,Ireland,en,blog,24.5,wrong_locale,Ireland,cs|en,https://www.myglobalhealth.online/ireland/en/blog/illness-benefit-ireland-how-to-claim [2i/0c/p24] ;; https://www.myglobalhealth.online/ireland/cs/blog/illness-benefit-irsko-jak-zazadat [1i/0c/p51]
atestado médico online,2,3,0,https://www.myglobalhealth.online/portugal/pt/health/atestado-medico-online,Portugal,pt,health,1.0,no,Portugal,pt,https://www.myglobalhealth.online/portugal/pt/health/atestado-medico-online [2i/0c/p25] ;; https://www.myglobalhealth.online/portugal/pt/services/certificado-medico-carta-de-conducao [1i/0c/p1]
atestado medico imt,2,3,0,https://www.myglobalhealth.online/portugal/pt/services/certificado-medico-carta-de-conducao,Portugal,pt,services,24.0,no,Portugal,pt,https://www.myglobalhealth.online/portugal/pt/services/certificado-medico-carta-de-conducao [2i/0c/p38] ;; https://www.myglobalhealth.online/portugal/pt/blog/atestado-medico-para-carta-de-conducao [1i/0c/p24]
trying to get in touch with him,2,2,0,https://www.myglobalhealth.online/ireland/en/doctors/dr-tiago-miguel-figueira,Ireland,en,doctors,2.0,cross_market,Ireland|Portugal,en|pt,https://www.myglobalhealth.online/ireland/en/doctors/dr-tiago-miguel-figueira [1i/0c/p2] ;; https://www.myglobalhealth.online/portugal/pt/doctors/dr-tiago-miguel-figueira [1i/0c/p4]
valores de tensión arterial normales,2,2,0,https://www.myglobalhealth.online/romania/es/blog/presion-arterial-normal-guia-util-por-edad-sin-tablas-enganosas,Romania,es,blog,30.0,cross_market+wrong_locale,Romania|Spain,es,https://www.myglobalhealth.online/romania/es/blog/presion-arterial-normal-guia-util-por-edad-sin-tablas-enganosas [1i/0c/p88] ;; https://www.myglobalhealth.online/spain/es/tools/blood-pressure-chart [1i/0c/p30]
tensão arterial normal adulto,2,2,0,https://www.myglobalhealth.online/portugal/pt/tools/blood-pressure-chart,Portugal,pt,tools,11.0,cross_market+wrong_locale,Portugal|Spain,pt,https://www.myglobalhealth.online/portugal/pt/tools/blood-pressure-chart [1i/0c/p11] ;; https://www.myglobalhealth.online/spain/pt/tools/blood-pressure-chart [1i/0c/p11]
tensão arterial normal mulher,2,2,0,https://www.myglobalhealth.online/brazil/pt/tools/blood-pressure-chart,Brazil,pt,tools,27.0,cross_market,Brazil|Portugal,pt,https://www.myglobalhealth.online/brazil/pt/tools/blood-pressure-chart [1i/0c/p53] ;; https://www.myglobalhealth.online/portugal/pt/tools/blood-pressure-chart [1i/0c/p27]
virus manos pies y boca tratamiento,2,2,0,https://www.myglobalhealth.online/ireland/es/blog/enfermedad-mano-pie-boca-signos-y-tratamiento,Ireland,es,blog,89.0,cross_market+wrong_locale,Ireland|Portugal,es,https://www.myglobalhealth.online/ireland/es/blog/enfermedad-mano-pie-boca-signos-y-tratamiento [1i/0c/p89] ;; https://www.myglobalhealth.online/portugal/es/blog/enfermedad-mano-pie-boca-signos-y-tratamiento [1i/0c/p90]
výpočet ovulace kalkulačka,2,2,0,https://www.myglobalhealth.online/czechia/cs/tools/ovulation-calculator,Czechia,cs,tools,37.0,cross_market+wrong_locale,Czechia|Portugal,cs,https://www.myglobalhealth.online/czechia/cs/tools/ovulation-calculator [1i/0c/p37] ;; https://www.myglobalhealth.online/portugal/cs/tools/ovulation-calculator [1i/0c/p41]
calculadora tempo de gravidez,2,2,0,https://www.myglobalhealth.online/brazil/pt/tools/due-date-calculator,Brazil,pt,tools,44.0,cross_market,Brazil|Portugal,pt,https://www.myglobalhealth.online/brazil/pt/tools/due-date-calculator [1i/0c/p70] ;; https://www.myglobalhealth.online/portugal/pt/tools/due-date-calculator [1i/0c/p44]
claim sick benefit ireland,2,2,0,https://www.myglobalhealth.online/ireland/en/blog/illness-benefit-ireland-how-to-claim,Ireland,en,blog,6.0,wrong_locale,Ireland,en|pt,https://www.myglobalhealth.online/ireland/en/blog/illness-benefit-ireland-how-to-claim [1i/0c/p6] ;; https://www.myglobalhealth.online/ireland/pt/blog/illness-benefit-irlanda-como-requerer [1i/0c/p55]
clinic,2,2,0,https://www.myglobalhealth.online/portugal/pt,Portugal,pt,market_home,5.0,no,Portugal,pt,https://www.myglobalhealth.online/portugal/pt [1i/0c/p5] ;; https://www.myglobalhealth.online/pt [1i/0c/p5]
atestado medico para carta condução,2,2,0,https://www.myglobalhealth.online/portugal/pt/blog/atestado-medico-para-carta-de-conducao,Portugal,pt,blog,34.0,no,Portugal,pt,https://www.myglobalhealth.online/portugal/pt/blog/atestado-medico-para-carta-de-conducao [1i/0c/p34] ;; https://www.myglobalhealth.online/portugal/pt/services/certificado-medico-carta-de-conducao [1i/0c/p63]
tensiune arteriala normala,2,2,0,https://www.myglobalhealth.online/romania/ro/blog/tensiune-arteriala-normala-varsta-adulti,Romania,ro,blog,52.0,cross_market+wrong_locale,Romania|Spain,ro,https://www.myglobalhealth.online/romania/ro/blog/tensiune-arteriala-normala-varsta-adulti [1i/0c/p52] ;; https://www.myglobalhealth.online/spain/ro/blog/tensiunea-arteriala-normala-tabel-util-dupa-varsta-si-sex-fara-mituri [1i/0c/p76]
tensiunea arteriala dupa varsta,2,2,0,https://www.myglobalhealth.online/romania/ro/blog/tensiune-arteriala-normala-varsta-adulti,Romania,ro,blog,29.0,cross_market+wrong_locale,Romania|Spain,ro,https://www.myglobalhealth.online/romania/ro/blog/tensiune-arteriala-normala-varsta-adulti [1i/0c/p29] ;; https://www.myglobalhealth.online/spain/ro/blog/tensiunea-arteriala-normala-tabel-util-dupa-varsta-si-sex-fara-mituri [1i/0c/p41]
calculator calorii mentinere,2,2,0,https://www.myglobalhealth.online/romania/ro/tools/calorie-calculator,Romania,ro,tools,33.0,cross_market+wrong_locale,Romania|Spain,ro,https://www.myglobalhealth.online/romania/ro/tools/calorie-calculator [1i/0c/p33] ;; https://www.myglobalhealth.online/spain/ro/tools/calorie-calculator [1i/0c/p39]
dia mmhg normal,2,2,0,https://www.myglobalhealth.online/spain/de/blog/normaler-blutdruck-tabelle-nach-alter-und-geschlecht-ohne-mythen,Spain,de,blog,24.0,wrong_locale,Spain,de|es,https://www.myglobalhealth.online/spain/de/blog/normaler-blutdruck-tabelle-nach-alter-und-geschlecht-ohne-mythen [1i/0c/p75] ;; https://www.myglobalhealth.online/spain/es/tools/blood-pressure-chart [1i/0c/p24]
doctor 24/7,2,2,0,https://www.myglobalhealth.online/czechia/cs,Czechia,cs,market_home,9.0,wrong_locale,Czechia,cs|en,https://www.myglobalhealth.online/czechia/cs [1i/0c/p13] ;; https://www.myglobalhealth.online/czechia/en/blog/online-doctor-czechia-what-it-solves [1i/0c/p9]
online health care,2,2,0,https://www.myglobalhealth.online/brazil/en,Brazil,en,market_home,14.0,cross_market+wrong_locale,Brazil|Romania,en,https://www.myglobalhealth.online/brazil/en [1i/0c/p14] ;; https://www.myglobalhealth.online/romania/en [1i/0c/p26]
online healthy ticket,2,2,0,https://www.myglobalhealth.online/brazil/en,Brazil,en,market_home,4.0,cross_market+wrong_locale,Brazil|Romania,en,https://www.myglobalhealth.online/brazil/en [1i/0c/p8] ;; https://www.myglobalhealth.online/romania/en [1i/0c/p4]
online medical assessment ireland,2,2,0,https://www.myglobalhealth.online/ireland/en/book,Ireland,en,book,12.0,no,Ireland,en,https://www.myglobalhealth.online/ireland/en/book [1i/0c/p37] ;; https://www.myglobalhealth.online/ireland/en/gp-consultation-online [1i/0c/p12]
online medical doctor consultation,2,2,0,https://www.myglobalhealth.online/ireland/en/see-a-specialist,Ireland,en,see-a-specialist,13.0,cross_market+wrong_locale,Ireland|Spain,en,https://www.myglobalhealth.online/ireland/en/see-a-specialist [1i/0c/p57] ;; https://www.myglobalhealth.online/spain/en [1i/0c/p13]
online doctor chat,2,2,0,https://www.myglobalhealth.online/romania/en,Romania,en,market_home,29.0,cross_market+wrong_locale,Romania|Spain,en|es,https://www.myglobalhealth.online/romania/en [1i/0c/p29] ;; https://www.myglobalhealth.online/spain/es [1i/0c/p74]
online doctors appointment,2,2,0,https://www.myglobalhealth.online/romania/en,Romania,en,market_home,22.0,cross_market+wrong_locale,Romania|Spain,en|es,https://www.myglobalhealth.online/romania/en [1i/0c/p22] ;; https://www.myglobalhealth.online/spain/es [1i/0c/p38]
online doctors ireland,2,2,0,https://www.myglobalhealth.online/ireland/en/doctors,Ireland,en,doctors,22.0,no,Ireland,en,https://www.myglobalhealth.online/ireland/en/doctors [1i/0c/p22] ;; https://www.myglobalhealth.online/ireland/en/gp-consultation-online [1i/0c/p60]
doctor helpline,2,2,0,https://www.myglobalhealth.online/brazil/en,Brazil,en,market_home,28.0,wrong_locale,Brazil,en,https://www.myglobalhealth.online/brazil/en [1i/0c/p28] ;; https://www.myglobalhealth.online/brazil/en/contact [1i/0c/p62]
doporuč,2,2,0,https://www.myglobalhealth.online/czechia/cs/services/kozni-konzultace-praha,Czechia,cs,services,6.0,no,Czechia,cs,https://www.myglobalhealth.online/czechia/cs/services/kozni-konzultace-praha [1i/0c/p6] ;; https://www.myglobalhealth.online/czechia/cs/services/obnoveni-lecby [1i/0c/p7]
necesarul zilnic de calorii,2,2,0,https://www.myglobalhealth.online/romania/ro/tools/calorie-calculator,Romania,ro,tools,30.0,cross_market+wrong_locale,Romania|Spain,ro,https://www.myglobalhealth.online/romania/ro/tools/calorie-calculator [1i/0c/p30] ;; https://www.myglobalhealth.online/spain/ro/tools/calorie-calculator [1i/0c/p34]
neschopenka online,2,2,0,https://www.myglobalhealth.online/czechia/cs/blog/neschopenka-jak-funguje-eneschopenka,Czechia,cs,blog,4.0,wrong_locale,Czechia,cs|en,https://www.myglobalhealth.online/czechia/cs/blog/neschopenka-jak-funguje-eneschopenka [1i/0c/p12] ;; https://www.myglobalhealth.online/czechia/en/blog/neschopenka-czech-sick-note-explained [1i/0c/p4]
neschopnost,2,2,0,https://www.myglobalhealth.online/czechia/cs/blog/neschopenka-jak-funguje-eneschopenka,Czechia,cs,blog,35.0,wrong_locale,Czechia,cs|en,https://www.myglobalhealth.online/czechia/cs/blog/neschopenka-jak-funguje-eneschopenka [1i/0c/p35] ;; https://www.myglobalhealth.online/czechia/en/blog/neschopenka-czech-sick-note-explained [1i/0c/p44]
normalni tlak u zeny,2,2,0,https://www.myglobalhealth.online/czechia/cs/tools/blood-pressure-chart,Czechia,cs,tools,32.0,cross_market+wrong_locale,Czechia|Romania,cs,https://www.myglobalhealth.online/czechia/cs/tools/blood-pressure-chart [1i/0c/p32] ;; https://www.myglobalhealth.online/romania/cs/blog/normalni-krevni-tlak-podle-veku-uzitecny-pruvodce-bez-zavadejicich-tabulek [1i/0c/p43]
online neurology consultation,2,2,0,https://www.myglobalhealth.online/ireland/en/book,Ireland,en,book,1.0,no,Ireland,en,https://www.myglobalhealth.online/ireland/en/book [1i/0c/p4] ;; https://www.myglobalhealth.online/ireland/en/see-a-specialist [1i/0c/p1]
online-beratung bei haarausfall,2,2,0,https://www.myglobalhealth.online/czechia/de/services/vypadavani-vlasu-online,Czechia,de,services,12.0,cross_market+wrong_locale,Czechia|Romania,de,https://www.myglobalhealth.online/czechia/de/services/vypadavani-vlasu-online [1i/0c/p44] ;; https://www.myglobalhealth.online/romania/de/services/caderea-parului-online [1i/0c/p12]
ovulacna kalkulačka,2,2,0,https://www.myglobalhealth.online/czechia/cs/tools/ovulation-calculator,Czechia,cs,tools,34.0,cross_market+wrong_locale,Czechia|Portugal,cs,https://www.myglobalhealth.online/czechia/cs/tools/ovulation-calculator [1i/0c/p34] ;; https://www.myglobalhealth.online/portugal/cs/tools/ovulation-calculator [1i/0c/p47]
portugal,2,2,0,https://www.myglobalhealth.online/portugal/de/blog/krankmeldung-selbsterklaerung-portugal,Portugal,de,blog,4.0,wrong_locale,Portugal,de|pt,https://www.myglobalhealth.online/portugal/de/blog/krankmeldung-selbsterklaerung-portugal [1i/0c/p6] ;; https://www.myglobalhealth.online/portugal/pt/blog/baixa-medica-quanto-se-recebe-como-calcular [1i/0c/p4]
consultas medicas,2,2,0,https://www.myglobalhealth.online/portugal/es/services/consulta-medica,Portugal,es,services,41.0,cross_market+wrong_locale,Portugal|Spain,es,https://www.myglobalhealth.online/portugal/es/services/consulta-medica [1i/0c/p65] ;; https://www.myglobalhealth.online/spain/es [1i/0c/p41]
consultas online,2,2,0,https://www.myglobalhealth.online/portugal/es/services/consulta-medica,Portugal,es,services,62.0,wrong_locale,Portugal,es|pt,https://www.myglobalhealth.online/portugal/es/services/consulta-medica [1i/0c/p79] ;; https://www.myglobalhealth.online/portugal/pt [1i/0c/p62]
derma dr moreno montañez,2,2,0,https://www.myglobalhealth.online/spain/en/services/dermatologia-especialista-online,Spain,en,services,7.0,wrong_locale,Spain,en|es,https://www.myglobalhealth.online/spain/en/services/dermatologia-especialista-online [1i/0c/p7] ;; https://www.myglobalhealth.online/spain/es/blog/dermatologo-online-que-puede-resolver [1i/0c/p14]
emergency hospital near me,2,2,0,https://www.myglobalhealth.online/cs/home-cz,,,legacy_or_global,2.0,no,Czechia,cs,https://www.myglobalhealth.online/cs/home-cz [1i/0c/p2] ;; https://www.myglobalhealth.online/czechia/cs [1i/0c/p2]
my brazilian doctor,2,2,0,https://www.myglobalhealth.online/brazil/en,Brazil,en,market_home,16.0,wrong_locale,Brazil,en,https://www.myglobalhealth.online/brazil/en [1i/0c/p16] ;; https://www.myglobalhealth.online/brazil/en/about [1i/0c/p29]
myhealth online,2,2,0,https://www.myglobalhealth.online,,,legacy_or_global,23.0,no,Spain,es,https://www.myglobalhealth.online [1i/0c/p47] ;; https://www.myglobalhealth.online/spain/es [1i/0c/p23]
nearest gp to me,2,2,0,https://www.myglobalhealth.online/czechia/cs,Czechia,cs,market_home,2.0,cross_market+wrong_locale,Czechia|Romania,cs|en,https://www.myglobalhealth.online/czechia/cs [1i/0c/p2] ;; https://www.myglobalhealth.online/romania/en [1i/0c/p11]
exame médico para carta de condução,2,2,0,https://www.myglobalhealth.online/portugal/pt/blog/atestado-medico-para-carta-de-conducao,Portugal,pt,blog,43.0,no,Portugal,pt,https://www.myglobalhealth.online/portugal/pt/blog/atestado-medico-para-carta-de-conducao [1i/0c/p43] ;; https://www.myglobalhealth.online/portugal/pt/services/certificado-medico-carta-de-conducao [1i/0c/p59]
fidelis care doctors,2,2,0,https://www.myglobalhealth.online/romania/en,Romania,en,market_home,15.0,wrong_locale,Romania,en|ro,https://www.myglobalhealth.online/romania/en [1i/0c/p15] ;; https://www.myglobalhealth.online/romania/ro [1i/0c/p30]
bmi jednotka,2,2,0,https://www.myglobalhealth.online/czechia/cs/tools/bmi-calculator,Czechia,cs,tools,10.0,cross_market+wrong_locale,Czechia|Portugal,cs,https://www.myglobalhealth.online/czechia/cs/tools/bmi-calculator [1i/0c/p10] ;; https://www.myglobalhealth.online/portugal/cs/tools/bmi-calculator [1i/0c/p30]
medico online consulta,2,2,0,https://www.myglobalhealth.online/portugal/pt,Portugal,pt,market_home,28.0,cross_market,Portugal|Spain,es|pt,https://www.myglobalhealth.online/portugal/pt [1i/0c/p56] ;; https://www.myglobalhealth.online/spain/es [1i/0c/p28]
calculator calorii consumate,2,2,0,https://www.myglobalhealth.online/romania/ro/tools/calorie-calculator,Romania,ro,tools,27.0,cross_market+wrong_locale,Romania|Spain,ro,https://www.myglobalhealth.online/romania/ro/tools/calorie-calculator [1i/0c/p27] ;; https://www.myglobalhealth.online/spain/ro/tools/calorie-calculator [1i/0c/p31]
pressao arterial tabela,2,2,0,https://www.myglobalhealth.online/brazil/pt/tools/blood-pressure-chart,Brazil,pt,tools,9.0,cross_market,Brazil|Portugal,pt,https://www.myglobalhealth.online/brazil/pt/tools/blood-pressure-chart [1i/0c/p10] ;; https://www.myglobalhealth.online/portugal/pt/tools/blood-pressure-chart [1i/0c/p9]
pressió arterial normal,2,2,0,https://www.myglobalhealth.online/romania/es/blog/presion-arterial-normal-guia-util-por-edad-sin-tablas-enganosas,Romania,es,blog,62.0,cross_market+wrong_locale,Romania|Spain,es,https://www.myglobalhealth.online/romania/es/blog/presion-arterial-normal-guia-util-por-edad-sin-tablas-enganosas [1i/0c/p77] ;; https://www.myglobalhealth.online/spain/es/tools/blood-pressure-chart [1i/0c/p62]
aus rumänien,2,2,0,https://www.myglobalhealth.online/romania/de,Romania,de,market_home,1.0,wrong_locale,Romania,de|en,https://www.myglobalhealth.online/romania/de [1i/0c/p1] ;; https://www.myglobalhealth.online/romania/en [1i/0c/p5]
b12 vitamin d test,2,2,0,https://www.myglobalhealth.online/ireland/en/lab-tests/vitamin-b12-test,Ireland,en,lab-tests,32.0,no,Ireland,en,https://www.myglobalhealth.online/ireland/en/lab-tests/vitamin-b12-test [1i/0c/p32] ;; https://www.myglobalhealth.online/ireland/en/lab-tests/vitamin-d-test [1i/0c/p46]
calculator tensiune,2,2,0,https://www.myglobalhealth.online/ireland/ro/tools/blood-pressure-chart,Ireland,ro,tools,4.0,cross_market+wrong_locale,Ireland|Romania,es|ro,https://www.myglobalhealth.online/ireland/ro/tools/blood-pressure-chart [1i/0c/p4] ;; https://www.myglobalhealth.online/romania/es/tools/blood-pressure-chart [1i/0c/p48]
medical clinic near me,2,2,0,https://www.myglobalhealth.online/portugal/pt,Portugal,pt,market_home,4.0,no,Portugal,pt,https://www.myglobalhealth.online/portugal/pt [1i/0c/p4] ;; https://www.myglobalhealth.online/pt [1i/0c/p12]
blood vitamin test,2,2,0,https://www.myglobalhealth.online/ireland/en/lab-tests/vitamin-b12-test,Ireland,en,lab-tests,39.0,no,Ireland,en,https://www.myglobalhealth.online/ireland/en/lab-tests/vitamin-b12-test [1i/0c/p39] ;; https://www.myglobalhealth.online/ireland/en/lab-tests/vitamin-d-test [1i/0c/p42]
blutdruck tabelle alter,2,2,0,https://www.myglobalhealth.online/romania/de/blog/normaler-blutdruck-hilfreicher-leitfaden-nach-alter-ohne-irrefuhrende-tabellen,Romania,de,blog,48.0,cross_market+wrong_locale,Romania|Spain,de,https://www.myglobalhealth.online/romania/de/blog/normaler-blutdruck-hilfreicher-leitfaden-nach-alter-ohne-irrefuhrende-tabellen [1i/0c/p54] ;; https://www.myglobalhealth.online/spain/de/blog/normaler-blutdruck-tabelle-nach-alter-und-geschlecht-ohne-mythen [1i/0c/p48]
eszter szilagyi,2,2,1,https://www.myglobalhealth.online/spain/es/doctors/dr-eszter-szilagyi,Spain,es,doctors,1.0,wrong_locale,Spain,cs|es,https://www.myglobalhealth.online/spain/es/doctors/dr-eszter-szilagyi [1i/1c/p1] ;; https://www.myglobalhealth.online/spain/cs/doctors/dr-eszter-szilagyi [1i/0c/p1]
eu moro no brasil. como pode lilly.com me ajudar a encontrar o profissional de saúde certo?,2,2,0,https://www.myglobalhealth.online/brazil/en,Brazil,en,market_home,85.0,wrong_locale,Brazil,en,https://www.myglobalhealth.online/brazil/en [1i/0c/p85] ;; https://www.myglobalhealth.online/brazil/en/contact [1i/0c/p90]
global health tests,2,2,0,https://www.myglobalhealth.online/ireland/en/about,Ireland,en,about,3.0,no,Ireland,en,https://www.myglobalhealth.online/ireland/en/about [1i/0c/p9] ;; https://www.myglobalhealth.online/ireland/en/lab-tests [1i/0c/p3]
global health website,2,2,0,https://www.myglobalhealth.online,,,legacy_or_global,8.0,no,Spain,es,https://www.myglobalhealth.online [1i/0c/p36] ;; https://www.myglobalhealth.online/spain/es [1i/0c/p8]
global helath,2,2,0,https://www.myglobalhealth.online/czechia/cs,Czechia,cs,market_home,1.0,cross_market,Czechia|Spain,cs|es,https://www.myglobalhealth.online/czechia/cs [1i/0c/p1] ;; https://www.myglobalhealth.online/spain/es [1i/0c/p5]
global help,2,2,0,https://www.myglobalhealth.online/brazil/en/press,Brazil,en,press,4.0,cross_market+wrong_locale,Brazil|Ireland,en,https://www.myglobalhealth.online/brazil/en/press [1i/0c/p36] ;; https://www.myglobalhealth.online/ireland/en/contact [1i/0c/p4]
global md,2,2,0,https://www.myglobalhealth.online,,,legacy_or_global,2.0,no,Ireland,en,https://www.myglobalhealth.online [1i/0c/p2] ;; https://www.myglobalhealth.online/ireland/en [1i/0c/p2]
jak okamžitě snížit krevní tlak,2,2,0,https://www.myglobalhealth.online/romania/cs/blog/jak-bezpecne-snizit-vysoky-tlak-rumunsko,Romania,cs,blog,6.0,cross_market+wrong_locale,Romania|Spain,cs,https://www.myglobalhealth.online/romania/cs/blog/jak-bezpecne-snizit-vysoky-tlak-rumunsko [1i/0c/p6] ;; https://www.myglobalhealth.online/spain/cs/blog/jak-snizit-krevni-tlak-co-funguje-podle-smernic-a-co-jen-vypada-ze-funguje [1i/0c/p20]
jaký tlak je normální,2,2,0,https://www.myglobalhealth.online/czechia/cs/tools/blood-pressure-chart,Czechia,cs,tools,32.0,cross_market+wrong_locale,Czechia|Romania,cs,https://www.myglobalhealth.online/czechia/cs/tools/blood-pressure-chart [1i/0c/p32] ;; https://www.myglobalhealth.online/romania/cs/blog/normalni-krevni-tlak-podle-veku-uzitecny-pruvodce-bez-zavadejicich-tabulek [1i/0c/p56]
kardiologie online,2,2,0,https://www.myglobalhealth.online/portugal/cs/services/consulta-cardiologia,Portugal,cs,services,25.0,cross_market+wrong_locale,Portugal|Spain,cs,https://www.myglobalhealth.online/portugal/cs/services/consulta-cardiologia [1i/0c/p49] ;; https://www.myglobalhealth.online/spain/cs/services/cardiologo-online [1i/0c/p25]
kdy dostanu první menstruaci kalkulačka,2,2,0,https://www.myglobalhealth.online/czechia/cs/tools/due-date-calculator,Czechia,cs,tools,22.0,no,Czechia,cs,https://www.myglobalhealth.online/czechia/cs/tools/due-date-calculator [1i/0c/p44] ;; https://www.myglobalhealth.online/czechia/cs/tools/ovulation-calculator [1i/0c/p22]
kožní lékař online,2,2,0,https://www.myglobalhealth.online/czechia/cs/services/kozni-konzultace-praha,Czechia,cs,services,25.0,cross_market+wrong_locale,Czechia|Spain,cs,https://www.myglobalhealth.online/czechia/cs/services/kozni-konzultace-praha [1i/0c/p26] ;; https://www.myglobalhealth.online/spain/cs/services/consulta-piel-online [1i/0c/p25]
lo normal de la tensión,2,2,0,https://www.myglobalhealth.online/romania/es/blog/presion-arterial-normal-guia-util-por-edad-sin-tablas-enganosas,Romania,es,blog,33.0,cross_market+wrong_locale,Romania|Spain,es,https://www.myglobalhealth.online/romania/es/blog/presion-arterial-normal-guia-util-por-edad-sin-tablas-enganosas [1i/0c/p79] ;; https://www.myglobalhealth.online/spain/es/tools/blood-pressure-chart [1i/0c/p33]
blood tests ireland,2,2,0,https://www.myglobalhealth.online/ireland/en/blog/blood-tests-dublin-what-to-know,Ireland,en,blog,39.0,no,Ireland,en,https://www.myglobalhealth.online/ireland/en/blog/blood-tests-dublin-what-to-know [1i/0c/p39] ;; https://www.myglobalhealth.online/ireland/en/lab-tests/general-health-test [1i/0c/p55]
blood type test ireland,2,2,0,https://www.myglobalhealth.online/ireland/en/blog/blood-tests-dublin-what-to-know,Ireland,en,blog,34.0,no,Ireland,en,https://www.myglobalhealth.online/ireland/en/blog/blood-tests-dublin-what-to-know [1i/0c/p43] ;; https://www.myglobalhealth.online/ireland/en/lab-tests/general-health-test [1i/0c/p34]
servicios médicos,2,2,0,https://www.myglobalhealth.online/romania/es,Romania,es,market_home,5.0,cross_market+wrong_locale,Romania|Spain,es,https://www.myglobalhealth.online/romania/es [1i/0c/p5] ;; https://www.myglobalhealth.online/spain/es [1i/0c/p42]
sick benefit in ireland,2,2,0,https://www.myglobalhealth.online/ireland/en/blog/illness-benefit-ireland-how-to-claim,Ireland,en,blog,27.0,no,Ireland,en,https://www.myglobalhealth.online/ireland/en/blog/illness-benefit-ireland-how-to-claim [1i/0c/p27] ;; https://www.myglobalhealth.online/ireland/en/blog/illness-benefit-payment-ireland-rate-tax-timing [1i/0c/p64]
indice de masa corporal,2,2,0,https://www.myglobalhealth.online/romania/ro/tools/bmi-calculator,Romania,ro,tools,55.0,cross_market,Romania|Spain,es|ro,https://www.myglobalhealth.online/romania/ro/tools/bmi-calculator [1i/0c/p55] ;; https://www.myglobalhealth.online/spain/es/tools/bmi-calculator [1i/0c/p87]
irish health online doctor,2,2,0,https://www.myglobalhealth.online/ireland/en/gp-consultation-online,Ireland,en,gp-consultation-online,58.0,no,Ireland,en,https://www.myglobalhealth.online/ireland/en/gp-consultation-online [1i/0c/p58] ;; https://www.myglobalhealth.online/ireland/en/see-a-specialist [1i/0c/p73]
irlanda,2,2,0,https://www.myglobalhealth.online/ireland/en/blog/illness-benefit-ireland-how-to-claim,Ireland,en,blog,2.0,wrong_locale,Ireland,en|ro,https://www.myglobalhealth.online/ireland/en/blog/illness-benefit-ireland-how-to-claim [1i/0c/p2] ;; https://www.myglobalhealth.online/ireland/ro/blog/illness-benefit-irlanda-cum-soliciti [1i/0c/p3]
global health care services,2,2,0,https://www.myglobalhealth.online,,,legacy_or_global,20.0,no,legacy/global,,https://www.myglobalhealth.online [1i/0c/p33] ;; https://www.myglobalhealth.online/about [1i/0c/p20]
global health company,2,2,0,https://www.myglobalhealth.online/portugal/en/contact,Portugal,en,contact,10.0,wrong_locale,Portugal,en|pt,https://www.myglobalhealth.online/portugal/en/contact [1i/0c/p10] ;; https://www.myglobalhealth.online/portugal/pt [1i/0c/p12]
global health medicine,2,2,0,https://www.myglobalhealth.online,,,legacy_or_global,45.0,no,Spain,es,https://www.myglobalhealth.online [1i/0c/p45] ;; https://www.myglobalhealth.online/spain/es [1i/0c/p52]
global medicos,2,2,0,https://www.myglobalhealth.online/spain/en,Spain,en,market_home,5.0,wrong_locale,Spain,en|es,https://www.myglobalhealth.online/spain/en [1i/0c/p10] ;; https://www.myglobalhealth.online/spain/es [1i/0c/p5]
illness benefits,2,2,0,https://www.myglobalhealth.online/ireland/en/blog/illness-benefit-ireland-how-to-claim,Ireland,en,blog,30.0,no,Ireland,en,https://www.myglobalhealth.online/ireland/en/blog/illness-benefit-ireland-how-to-claim [1i/0c/p30] ;; https://www.myglobalhealth.online/ireland/en/blog/illness-benefit-payment-ireland-rate-tax-timing [1i/0c/p58]
imc calcular,2,2,0,https://www.myglobalhealth.online/portugal/pt/tools/bmi-calculator,Portugal,pt,tools,46.0,cross_market,Portugal|Spain,es|pt,https://www.myglobalhealth.online/portugal/pt/tools/bmi-calculator [1i/0c/p56] ;; https://www.myglobalhealth.online/spain/es/tools/bmi-calculator [1i/0c/p46]
imc registered doctor online,2,2,0,https://www.myglobalhealth.online/ireland/en,Ireland,en,market_home,14.0,no,Ireland,en,https://www.myglobalhealth.online/ireland/en [1i/0c/p14] ;; https://www.myglobalhealth.online/ireland/en/gp-consultation-online [1i/0c/p39]
sick leave pay ireland,2,2,0,https://www.myglobalhealth.online/ireland/en/blog/illness-benefit-ireland-how-to-claim,Ireland,en,blog,66.0,no,Ireland,en,https://www.myglobalhealth.online/ireland/en/blog/illness-benefit-ireland-how-to-claim [1i/0c/p66] ;; https://www.myglobalhealth.online/ireland/en/blog/illness-benefit-payment-ireland-rate-tax-timing [1i/0c/p83]
sickness benefits,2,2,0,https://www.myglobalhealth.online/ireland/en/blog/illness-benefit-ireland-how-to-claim,Ireland,en,blog,43.0,no,Ireland,en,https://www.myglobalhealth.online/ireland/en/blog/illness-benefit-ireland-how-to-claim [1i/0c/p43] ;; https://www.myglobalhealth.online/ireland/en/blog/illness-benefit-payment-ireland-rate-tax-timing [1i/0c/p61]
calculator metabolism bazal,2,2,0,https://www.myglobalhealth.online/romania/ro/tools/calorie-calculator,Romania,ro,tools,14.0,cross_market+wrong_locale,Romania|Spain,ro,https://www.myglobalhealth.online/romania/ro/tools/calorie-calculator [1i/0c/p14] ;; https://www.myglobalhealth.online/spain/ro/tools/calorie-calculator [1i/0c/p25]
how to apply for sickness benefit,2,2,0,https://www.myglobalhealth.online/ireland/en/blog/illness-benefit-ireland-how-to-claim,Ireland,en,blog,4.0,no,Ireland,en,https://www.myglobalhealth.online/ireland/en/blog/illness-benefit-ireland-how-to-claim [1i/0c/p11] ;; https://www.myglobalhealth.online/ireland/en/blog/illness-benefit-payment-ireland-rate-tax-timing [1i/0c/p4]
how to claim illness benefit ireland,2,2,0,https://www.myglobalhealth.online/ireland/en/blog/illness-benefit-ireland-how-to-claim,Ireland,en,blog,7.0,wrong_locale,Ireland,en|pt,https://www.myglobalhealth.online/ireland/en/blog/illness-benefit-ireland-how-to-claim [1i/0c/p7] ;; https://www.myglobalhealth.online/ireland/pt/blog/illness-benefit-irlanda-como-requerer [1i/0c/p61]
how to get tested for adhd ireland,2,2,0,https://www.myglobalhealth.online/ireland/en/blog/adult-adhd-assessment-ireland-public-private-routes,Ireland,en,blog,46.0,no,Ireland,en,https://www.myglobalhealth.online/ireland/en/blog/adult-adhd-assessment-ireland-public-private-routes [1i/0c/p46] ;; https://www.myglobalhealth.online/ireland/en/tools/adhd-test [1i/0c/p55]
ib1 form illness benefit,2,2,0,https://www.myglobalhealth.online/ireland/cs/blog/illness-benefit-irsko-jak-zazadat,Ireland,cs,blog,26.0,wrong_locale,Ireland,cs|en,https://www.myglobalhealth.online/ireland/cs/blog/illness-benefit-irsko-jak-zazadat [1i/0c/p64] ;; https://www.myglobalhealth.online/ireland/en/blog/illness-benefit-ireland-how-to-claim [1i/0c/p26]
ib1form,2,2,0,https://www.myglobalhealth.online/ireland/en/blog/illness-benefit-ireland-how-to-claim,Ireland,en,blog,2.0,no,Ireland,en,https://www.myglobalhealth.online/ireland/en/blog/illness-benefit-ireland-how-to-claim [1i/0c/p5] ;; https://www.myglobalhealth.online/ireland/en/blog/illness-benefit-payment-ireland-rate-tax-timing [1i/0c/p2]
global medical booking,2,2,0,https://www.myglobalhealth.online/ireland/en/about,Ireland,en,about,8.0,no,Ireland,en,https://www.myglobalhealth.online/ireland/en/about [1i/0c/p10] ;; https://www.myglobalhealth.online/ireland/en/contact [1i/0c/p8]
globe medical,2,2,0,https://www.myglobalhealth.online/czechia/cs,Czechia,cs,market_home,2.0,wrong_locale,Czechia,cs|en,https://www.myglobalhealth.online/czechia/cs [1i/0c/p2] ;; https://www.myglobalhealth.online/czechia/en/gp-consultation-online [1i/0c/p2]
grade obezitate imc,2,2,0,https://www.myglobalhealth.online/portugal/ro/tools/bmi-calculator,Portugal,ro,tools,43.0,cross_market+wrong_locale,Portugal|Romania,ro,https://www.myglobalhealth.online/portugal/ro/tools/bmi-calculator [1i/0c/p70] ;; https://www.myglobalhealth.online/romania/ro/tools/bmi-calculator [1i/0c/p43]
günstiger,2,2,0,https://www.myglobalhealth.online/ireland/de/blog/adhs-diagnostik-bei-erwachsenen-in-irland-der-offentliche-weg-der-private-weg-un,Ireland,de,blog,1.0,wrong_locale,Ireland,de|en,https://www.myglobalhealth.online/ireland/de/blog/adhs-diagnostik-bei-erwachsenen-in-irland-der-offentliche-weg-der-private-weg-un [1i/0c/p1] ;; https://www.myglobalhealth.online/ireland/en/blog/adult-adhd-assessment-ireland-public-private-routes [1i/0c/p13]
health care,2,2,0,https://www.myglobalhealth.online/portugal/pt,Portugal,pt,market_home,44.0,cross_market,Portugal|Romania,pt|ro,https://www.myglobalhealth.online/portugal/pt [1i/0c/p66] ;; https://www.myglobalhealth.online/romania/ro [1i/0c/p44]
health consultation,2,2,0,https://www.myglobalhealth.online/spain/en/book,Spain,en,book,14.0,wrong_locale,Spain,en|es,https://www.myglobalhealth.online/spain/en/book [1i/0c/p14] ;; https://www.myglobalhealth.online/spain/es [1i/0c/p19]
hospital in prague,2,2,0,https://www.myglobalhealth.online/cs/home-cz,,,legacy_or_global,1.0,wrong_locale,Czechia,en,https://www.myglobalhealth.online/cs/home-cz [1i/0c/p1] ;; https://www.myglobalhealth.online/czechia/en/faq [1i/0c/p1]
how about in czech republic,2,2,0,https://www.myglobalhealth.online/czechia/en,Czechia,en,market_home,3.0,wrong_locale,Czechia,en,https://www.myglobalhealth.online/czechia/en [1i/0c/p3] ;; https://www.myglobalhealth.online/czechia/en/blog/online-doctor-czechia-what-it-solves [1i/0c/p6]
how does illness benefit work in ireland,2,2,0,https://www.myglobalhealth.online/ireland/en/blog/illness-benefit-ireland-how-to-claim,Ireland,en,blog,9.0,no,Ireland,en,https://www.myglobalhealth.online/ireland/en/blog/illness-benefit-ireland-how-to-claim [1i/0c/p9] ;; https://www.myglobalhealth.online/ireland/en/blog/illness-benefit-payment-ireland-rate-tax-timing [1i/0c/p9]
how much does it cost,2,2,1,https://www.myglobalhealth.online/czechia/en,Czechia,en,market_home,1.0,cross_market+wrong_locale,Czechia|Ireland,en,https://www.myglobalhealth.online/czechia/en [1i/1c/p2] ;; https://www.myglobalhealth.online/ireland/en/blog/adult-adhd-assessment-ireland-public-private-routes [1i/0c/p1]
calculator slabit,2,2,0,https://www.myglobalhealth.online/romania/ro/tools/calorie-calculator,Romania,ro,tools,29.0,cross_market+wrong_locale,Romania|Spain,ro,https://www.myglobalhealth.online/romania/ro/tools/calorie-calculator [1i/0c/p30] ;; https://www.myglobalhealth.online/spain/ro/tools/calorie-calculator [1i/0c/p29]
tabla mujeres tension arterial normal,2,2,0,https://www.myglobalhealth.online/romania/es/blog/presion-arterial-normal-guia-util-por-edad-sin-tablas-enganosas,Romania,es,blog,17.0,cross_market+wrong_locale,Romania|Spain,es,https://www.myglobalhealth.online/romania/es/blog/presion-arterial-normal-guia-util-por-edad-sin-tablas-enganosas [1i/0c/p55] ;; https://www.myglobalhealth.online/spain/es/tools/blood-pressure-chart [1i/0c/p17]
valores de tensión normales,2,2,0,https://www.myglobalhealth.online/czechia/es/tools/blood-pressure-chart,Czechia,es,tools,16.0,cross_market+wrong_locale,Czechia|Spain,es,https://www.myglobalhealth.online/czechia/es/tools/blood-pressure-chart [1i/0c/p16] ;; https://www.myglobalhealth.online/spain/es/tools/blood-pressure-chart [1i/0c/p27]
valores normales de presión arterial,2,2,0,https://www.myglobalhealth.online/romania/es/blog/presion-arterial-normal-guia-util-por-edad-sin-tablas-enganosas,Romania,es,blog,65.0,cross_market+wrong_locale,Romania|Spain,es,https://www.myglobalhealth.online/romania/es/blog/presion-arterial-normal-guia-util-por-edad-sin-tablas-enganosas [1i/0c/p79] ;; https://www.myglobalhealth.online/spain/es/tools/blood-pressure-chart [1i/0c/p65]
what day is illness benefit paid,2,2,0,https://www.myglobalhealth.online/ireland/en/blog/illness-benefit-ireland-how-to-claim,Ireland,en,blog,28.0,no,Ireland,en,https://www.myglobalhealth.online/ireland/en/blog/illness-benefit-ireland-how-to-claim [1i/0c/p51] ;; https://www.myglobalhealth.online/ireland/en/blog/illness-benefit-payment-ireland-rate-tax-timing [1i/0c/p28]
tlak hodnoty,2,2,0,https://www.myglobalhealth.online/czechia/cs/tools/blood-pressure-chart,Czechia,cs,tools,46.0,cross_market+wrong_locale,Czechia|Romania,cs,https://www.myglobalhealth.online/czechia/cs/tools/blood-pressure-chart [1i/0c/p46] ;; https://www.myglobalhealth.online/romania/cs/blog/normalni-krevni-tlak-podle-veku-uzitecny-pruvodce-bez-zavadejicich-tabulek [1i/0c/p70]
adult adhd diagnosis,2,2,0,https://www.myglobalhealth.online/ireland/en/blog/adult-adhd-assessment-ireland-public-private-routes,Ireland,en,blog,44.0,no,Ireland,en,https://www.myglobalhealth.online/ireland/en/blog/adult-adhd-assessment-ireland-public-private-routes [1i/0c/p44] ;; https://www.myglobalhealth.online/ireland/en/tools/adhd-test [1i/0c/p82]
tlak 135/85,2,2,0,https://www.myglobalhealth.online/czechia/cs/tools/blood-pressure-chart,Czechia,cs,tools,38.0,cross_market+wrong_locale,Czechia|Ireland,cs,https://www.myglobalhealth.online/czechia/cs/tools/blood-pressure-chart [1i/0c/p43] ;; https://www.myglobalhealth.online/ireland/cs/tools/blood-pressure-chart [1i/0c/p38]
