review_id,url_id,url,target_country,language,page_type,entity_source,impressions_W1,clicks_W1,primary_query,intent_alignment,usefulness_1_5,specificity_1_5,naturalness_1_5,localisation_1_5,factual_safety,scanner_flags,analyst_rating_1_5,classification,issue,current_excerpt,recommended_action,factual_source,clinical_gate,native_editor_status,copy_approval_status,owner,expected_user_benefit,evidence
CR-0001,U000306,https://www.myglobalhealth.online/brazil/en/blog/does-an-attendance-certificate-excuse-an-absence-the-difference-from-a-medical-c,Brazil,en,blog_post,CMS blog record does-an-attendance-certificate-excuse-an-absence-the-difference-from-a-medical-c (br-en) via frontend/lib/content/get-public-blog.ts; dump seo/tracking/raw/2026-09-15/A1-inventory/raw/api/blog/br-en.json,32,0,attendance medical certificate,aligned,5,5,4,3,ok,none,4,Improve,Blog category label renders in the source language on this locale (untranslated taxonomy leak). Category 'Atestados e documentos' on an /en page; H1 is 22 words.,All articlesAtestados e documentosDoes an Attendance Certificate Excuse an Absence? The Difference from a Medical Certificate and What the CLT GuaranteesAn attendance certificate proves you were at the appointmen,Translate the blog category label per locale and shorten the H1 to the question form already used in the title.,CLT art.473 and TST case law cited on page; no new claim,"no - presentation, taxonomy, localisation or snippet only; no clinical statement changes",needed,proposed,,English readers see an English category and a scannable headline,seo/tracking/raw/2026-09-15/A2-probe/text/U000306.txt
CR-0002,U000433,https://www.myglobalhealth.online/brazil/pt/blog/solicitacao-de-exames-laboratoriais-online,Brazil,pt,blog_post,CMS blog record solicitacao-de-exames-laboratoriais-online (br-pt) via frontend/lib/content/get-public-blog.ts; dump seo/tracking/raw/2026-09-15/A1-inventory/raw/api/blog/br-pt.json,29,0,solicitação de exames laboratoriais,aligned,5,5,5,5,ok,none,5,Protect,No content defect. Ranks p9-27 for 'solicitacao de exames laboratoriais' family with 0 clicks.,"Todos os artigosExames e diagnósticoSolicitação de exames laboratoriais: como funciona o pedido médicoO pedido de exames existe para que o resultado signifique alguma coisa. Explicamos o que a solicitação precisa conter, quais exames o labo",Leave copy as is; title/meta already answer the query. Re-check after position improves.,CFM digital-prescription platform cited on page,"no - presentation, taxonomy, localisation or snippet only; no clinical statement changes",not needed,proposed,,Clear answer on what a lab request must contain,seo/tracking/raw/2026-09-15/A2-probe/text/U000433.txt
CR-0003,U000307,https://www.myglobalhealth.online/brazil/en/blog/laboratory-test-request-brazil,Brazil,en,blog_post,CMS blog record laboratory-test-request-brazil (br-en) via frontend/lib/content/get-public-blog.ts; dump seo/tracking/raw/2026-09-15/A1-inventory/raw/api/blog/br-en.json,4,0,da hapvida,aligned,5,5,4,3,ok,em_dash_8.1/1k,4,Improve,Blog category label renders in the source language on this locale (untranslated taxonomy leak). Category 'Exames e diagnostico' on the /en page.,"All articlesExames e diagnósticoRequesting laboratory tests in Brazil: how the medical request worksA test request exists so that the result means something. What the request must contain, which tests a laborator","Translate the category label for the en locale; keep the body, which is a genuine localisation of the pt article, not a machine copy.",CFM rules cited on page,"no - presentation, taxonomy, localisation or snippet only; no clinical statement changes",not needed,proposed,,English readers see an English taxonomy,seo/tracking/raw/2026-09-15/A2-probe/text/U000307.txt
CR-0004,U000368,https://www.myglobalhealth.online/brazil/es/blog/diabetes-la-enfermedad-silenciosa-3,Brazil,es,blog_post,CMS blog record diabetes-la-enfermedad-silenciosa-3 (br-es) via frontend/lib/content/get-public-blog.ts; dump seo/tracking/raw/2026-09-15/A1-inventory/raw/api/blog/br-es.json,0,0,,partial,3,4,3,2,check,superlative_hits=7,2,Consider retirement,"5,735-word Spanish article on a Brazil market page with 0 impressions; 'los mejores tratamientos disponibles hoy' is an unsourced superiority claim.","esita saber: causas, señales de alerta, los mejores tratamientos disponibles hoy, la importancia de las revisiones periódicas y las terapias emergentes que podrían transformar el cuidado de la diabetes en los próximos años.— Basado en evide",Drop the superlative framing ('los mejores' -> 'los tratamientos de primera linea'); decide whether Brazil needs an es locale at all before investing further.,IDF/SBD figures quoted on page; superlative has no source,"yes - changes a clinical/credential/efficacy statement, needs the one in-market clinician approval",needed,proposed,,Readers get treatment facts without a ranking claim,seo/tracking/raw/2026-09-15/A2-probe/text/U000368.txt
CR-0005,U000431,https://www.myglobalhealth.online/brazil/pt/blog/diabetes-doenca-silenciosa,Brazil,pt,blog_post,CMS blog record diabetes-doenca-silenciosa (br-pt) via frontend/lib/content/get-public-blog.ts; dump seo/tracking/raw/2026-09-15/A1-inventory/raw/api/blog/br-pt.json,0,0,,partial,3,4,3,4,check,superlative_hits=7,2,Improve,"Same unsourced superiority claim in pt ('os melhores tratamentos disponiveis hoje'); 5,458 words, 0 impressions.","recisa saber: causas, sinais de alerta, os melhores tratamentos disponíveis hoje, a importância das consultas regulares, e as terapias emergentes que podem transformar os cuidados com a diabetes nos próximos anos.— Baseado em evidências— Al",Replace 'os melhores tratamentos' with 'os tratamentos de primeira linha'; split the 24-min guide into the two questions it actually answers.,SBD / Ministerio da Saude cited on page,"yes - changes a clinical/credential/efficacy statement, needs the one in-market clinician approval",not needed,proposed,,Accurate framing and a shorter path to the answer,seo/tracking/raw/2026-09-15/A2-probe/text/U000431.txt
CR-0006,U000317,https://www.myglobalhealth.online/brazil/en/contact,Brazil,en,contact,frontend/lib/content/country-contact.ts + frontend/locales/en/contact.json,19,0,help global brazil login,aligned,4,4,4,4,ok,none,4,Protect,"Accurate, honest contact page (states no premises in Brazil). Queries are brand/navigational.",ContactGlobal Health · BrazilContact Global Health Brazil Global Health serves Brazil as an online-only clinic: consultations take place by secure video with registered doctors. We hold no premises in Brazil.Book a consultationMeet the doct,No copy change needed.,CFM telemedicine rules and emergency number 192 on page,"no - presentation, taxonomy, localisation or snippet only; no clinical statement changes",not needed,proposed,,Patients know there is no walk-in clinic before booking,seo/tracking/raw/2026-09-15/A2-probe/text/U000317.txt
CR-0007,U000381,https://www.myglobalhealth.online/brazil/es/doctors/dr-renato-sarmento,Brazil,es,doctor,CMS doctor record dr-renato-sarmento (br-es) via frontend/lib/content/get-public-doctors.ts rendered by frontend/lib/content/doctor-profile-page.tsx; dump .../api/doctors/br-es.json,0,0,,partial,3,3,3,2,check,superlative_hits=8,2,Translate/localize,"English SEO heading block ('<Name> - <Specialty>, Global Health <Market>. Book an online video consultation.') renders above the localised profile on every locale. Consultation languages listed with E","DoctorDr. Renato Sarmento — Family and Community Medicine, Global Health Brazil Dr. Renato Sarmento — Family and Community Medicine at Global Health Brazil. Book an online video consultation.++Volver al equ",Localise the hidden SEO heading and the language list; confirm whether a Brazil es doctor profile should be indexed at all.,CRM-SP 170837 and named qualifications on page,"no - presentation, taxonomy, localisation or snippet only; no clinical statement changes",needed,proposed,,Spanish readers see a fully Spanish profile,seo/tracking/raw/2026-09-15/A2-probe/text/U000381.txt
CR-0008,U000443,https://www.myglobalhealth.online/brazil/pt/doctors/dr-renato-sarmento,Brazil,pt,doctor,CMS doctor record dr-renato-sarmento (br-pt) via frontend/lib/content/get-public-doctors.ts rendered by frontend/lib/content/doctor-profile-page.tsx; dump .../api/doctors/br-pt.json,0,0,,partial,4,4,4,3,ok,superlative_hits=7,3,Improve,"English SEO heading block ('<Name> - <Specialty>, Global Health <Market>. Book an online video consultation.') renders above the localised profile on every locale. Consultation languages listed with E","DoctorDr. Renato Sarmento — Family and Community Medicine, Global Health Brazil Dr. Renato Sarmento — Family and Community Medicine at Global Health Brazil. Book an online video consultation.++Voltar à equi",Localise the hidden SEO heading and render language names in pt.,CRM-SP 170837 on page,"no - presentation, taxonomy, localisation or snippet only; no clinical statement changes",not needed,proposed,,Portuguese readers get a fully Portuguese profile,seo/tracking/raw/2026-09-15/A2-probe/text/U000443.txt
CR-0009,U000318,https://www.myglobalhealth.online/brazil/en/doctors,Brazil,en,doctors_index,frontend/lib/content/country-doctors-copy.ts + CMS doctor records (br-en),3,0,doctor visit crm pharma,partial,3,3,3,4,risk,superlative_hits=3,2,Improve,"'45,332+ consultations' and 'Reviewed on Doctify' are unsourced trust claims, and 'Doctors who actually pick up.' sits above '1 licensed clinician available'.","y verified cliniciansReviewed on Doctify45,332+ consultationsUp-to-date timesShown when you bookCurrent availabilitySee times in the booking calendarVerified cliniciansIdentity & license verificationOnline consultationPrivate, secure & conv","Remove or source the consultation count and the Doctify line; change the H1 to a singular, checkable statement of who is available.",NOT SOURCED - counts and review platform need an owner-supplied figure,"no - presentation, taxonomy, localisation or snippet only; no clinical statement changes",not needed,proposed,,Trust claims a visitor can actually verify,seo/tracking/raw/2026-09-15/A2-probe/text/U000318.txt
CR-0010,U000444,https://www.myglobalhealth.online/brazil/pt/faq,Brazil,pt,faq,frontend/locales/pt/faq-markets.json:br.groups via frontend/lib/content/country-faq.ts,36,0,clinic global health,aligned,5,5,5,5,ok,none,5,Protect,"Strong market FAQ, cites CFM Resolucao 2.314/2022 correctly.","Global Health · BrasilGlobal Health · BrasilRespostas, sem linguagem de marketing.Agendamentos, pagamentos, consultas, privacidade e quando o atendimento online não é a opção certa. Não encontrou o que precisa? Fale com a gente.Fale com a e",No change.,Resolucao CFM 2.314/2022 cited on page,"no - presentation, taxonomy, localisation or snippet only; no clinical statement changes",not needed,proposed,,Legal validity answered with the actual regulation,seo/tracking/raw/2026-09-15/A2-probe/text/U000444.txt
CR-0011,U000320,https://www.myglobalhealth.online/brazil/en/faq,Brazil,en,faq,frontend/locales/en/faq-markets.json:br.groups via frontend/lib/content/country-faq.ts,1,0,help global brazil,aligned,4,4,4,4,ok,em_dash_8.7/1k,4,Protect,Faithful English mirror of the pt FAQ; 1 impression.,"Global Health · BrazilGlobal Health · BrazilQuestions, answered without the marketing speak.Booking, payment, consultations, privacy, and when online care is not the right route. Can't find what you need? Drop us a line.Contact the teamBook","No copy change; visibility is an indexation/linking question, not a content one.",Resolucao CFM 2.314/2022 cited on page,"no - presentation, taxonomy, localisation or snippet only; no clinical statement changes",not needed,proposed,,English-speaking residents get the same legal answer,seo/tracking/raw/2026-09-15/A2-probe/text/U000320.txt
CR-0012,U000325,https://www.myglobalhealth.online/brazil/en/legal/complaints-procedure,Brazil,en,legal,"frontend/lib/content/get-country-legal.ts (document complaints-procedure, locale en)",0,0,,aligned,4,4,4,4,ok,em_dash_33.5/1k,4,Protect,"Legal page. em-dash density 33.5/1k is list formatting ('Acknowledgement - within 2 business days'), not prose style.",LegalBrazil · LegalComplaints ProcedureVersion 2 · Last updated 18 July 2026All legal documentsDownload PDFGLOBAL HEALTH Complaints ProcedureAll Markets | www.myglobalhealth.online/complaintsEffective Date: 1 July 2026 We take every complai,No change.,Complaint stages and timescales stated on page,"no - presentation, taxonomy, localisation or snippet only; no clinical statement changes",not needed,proposed,,Complainants see the actual timescales,seo/tracking/raw/2026-09-15/A2-probe/text/U000325.txt
CR-0013,U000392,https://www.myglobalhealth.online/brazil/es/legal/privacy-policy,Brazil,es,legal,"frontend/lib/content/get-country-legal.ts (document privacy-policy, locale es)",0,0,,aligned,4,4,4,4,ok,superlative_hits=3,4,Protect,"Legal text; 'superlative' hits are legal register, not marketing. Header label 'Ultima actualizacion 18 July 2026' keeps an English month.",egalesPolítica de PrivacidadVersión 2 · Última actualización 18 July 2026Todos los documentos legalesPolítica de Privacidad Todos los Mercados | RGPD • LGPD • ePrivacy Fecha de Entrada en Vigor: 1 de julio de 2026 Política de Privacidad — I,Localise the date format in the legal header component.,"IČO 19071680, DPC and CNPD registration numbers on page","no - presentation, taxonomy, localisation or snippet only; no clinical statement changes",not needed,proposed,,Spanish readers see a Spanish date,seo/tracking/raw/2026-09-15/A2-probe/text/U000392.txt
CR-0014,U000454,https://www.myglobalhealth.online/brazil/pt/legal/privacy-policy,Brazil,pt,legal,"frontend/lib/content/get-country-legal.ts (document privacy-policy, locale pt)",0,0,,aligned,4,4,4,4,ok,superlative_hits=3,4,Protect,Same English month in the pt legal header ('Ultima atualizacao 18 July 2026').,LegalPolítica de PrivacidadeVersão 2 · Última atualização 18 July 2026Todos os documentos legaisPolítica de Privacidade Todos os Mercados | GDPR • LGPD • ePrivacy Data de Entrada em Vigor: 1 de julho de 2026 Política de Privacidade — Infor,Localise the date format in the legal header component.,"IČO 19071680, CNPD registration on page","no - presentation, taxonomy, localisation or snippet only; no clinical statement changes",not needed,proposed,,Portuguese readers see a Portuguese date,seo/tracking/raw/2026-09-15/A2-probe/text/U000454.txt
CR-0015,U000302,https://www.myglobalhealth.online/brazil/en,Brazil,en,market_home,"frontend/app/[country]/[lang]/page.tsx + CMS page-content record HOME/br/en (hero, faq[]) via lib/content/get-page-content.ts + frontend/lib/content/country-home-copy.ts + frontend/locales/en/home.json",544,0,medical appointment,partial,3,3,4,2,risk,none,2,Improve,Hero subtitle still uses the generic pan-market line 'registered with national medical councils across Europe' instead of the market regulator. On a Brazil page it tells the visitor the doctors are re,"ose a service, select an open time, and speak with licensed clinicians registered with national medical councils across Europe.Book AppointmentBrowse servicesLicensed in BrazilLive availabilityOnline appointments{""@context"":""https://schema.","Replace the hero subtitle with the CRM/CFM wording already used on /brazil/pt, and replace the vague 'multiple languages' FAQ answer with Portuguese and English.",CRM/CFM registration stated elsewhere on the same page,"no - presentation, taxonomy, localisation or snippet only; no clinical statement changes",not needed,proposed,,Brazilian visitors see the Brazilian regulator named,seo/tracking/raw/2026-09-15/A2-probe/text/U000302.txt
CR-0016,HOME-BR,https://www.myglobalhealth.online/brazil/pt,Brazil,pt,market_home,"frontend/app/[country]/[lang]/page.tsx + CMS page-content record HOME/br/pt (hero, faq[]) via lib/content/get-page-content.ts + frontend/lib/content/country-home-copy.ts + frontend/locales/pt/home.json",56,0,minha clinica help global,aligned,4,4,4,5,ok,none,4,Improve,"Hero and regulator copy are correctly localised, but the FAQ answer 'As consultas estao disponiveis em varios idiomas' is vaguer than the contact page, which states Portuguese and English.","ceptedAnswer"":{""@type"":""Answer"",""text"":""As consultas estão disponíveis em vários idiomas, conforme a disponibilidade do médico. Você pode escolher o médico pelo idioma ao agendar.""}},{""@type"":""Question"",""name"":""A consulta online é segura?"",",Name the two languages actually offered in Brazil in the HOME FAQ record.,Contact page and doctor profiles state Portuguese/English,"no - presentation, taxonomy, localisation or snippet only; no clinical statement changes",not needed,proposed,,Visitors know before booking which languages are offered,seo/tracking/raw/2026-09-15/A2-probe/text/HOME-BR.txt
CR-0017,U000334,https://www.myglobalhealth.online/brazil/en/press,Brazil,en,press,frontend/lib/content/press-releases/ + frontend/locales/en/company.json,1,0,global help,aligned,4,4,4,4,ok,em_dash_8.1/1k,4,Protect,Short but complete press page with checkable identifiers.,"PressGlobal Health · BrazilPress & media Information for journalists writing about Global Health in Brazil — who we are, who operates the service, and how to verify what we do.Email the press teamAbout usOperated byGlobal Guest s.r.o.Regula",No change.,"IČO 19071680, EU trade mark, CFM named on page","no - presentation, taxonomy, localisation or snippet only; no clinical statement changes",not needed,proposed,,Journalists can verify the operating entity,seo/tracking/raw/2026-09-15/A2-probe/text/U000334.txt
CR-0018,U000463,https://www.myglobalhealth.online/brazil/pt/services/controle-peso-online,Brazil,pt,service,CMS service record controle-peso-online (br-pt) via frontend/lib/content/get-public-services.ts + frontend/lib/content/service-hub-content*.ts; dump .../api/services/br-pt.json,26,0,consulta online para obesidade,aligned,4,4,3,5,ok,none,4,Improve,"Good service page, but em-dash density 22.4/1k makes the lede read as generated prose.",++Todas as consultasConsulta onlineControle de Peso Online — Avaliação Médica por VideochamadaGanho de peso sem causa aparente. Dificuldade de emagrecer apesar de dieta e exercício. Suspeita de que há algo hormonal ou metabólico por trás do,"Rewrite the opening paragraph with full stops instead of dashes; keep price, duration and reviewer unchanged.",R$299 / 20 min and CRM 170837 reviewer shown on page,"no - presentation, taxonomy, localisation or snippet only; no clinical statement changes",not needed,proposed,,Opening reads like a clinician wrote it,seo/tracking/raw/2026-09-15/A2-probe/text/U000463.txt
CR-0019,U000471,https://www.myglobalhealth.online/brazil/pt/services/saude-do-homem-online,Brazil,pt,service,CMS service record saude-do-homem-online (br-pt) via frontend/lib/content/get-public-services.ts + frontend/lib/content/service-hub-content*.ts; dump .../api/services/br-pt.json,20,0,consulta online saúde masculina,aligned,4,4,3,5,ok,none,3,Improve,Highest em-dash density in the set (36.7/1k); the Novembro Azul framing is well localised but the prose is dash-driven.,"++Todas as consultasConsulta onlineSaúde do Homem Online — Consulta com Clínico Geral por VideochamadaHomens consultam médico com muito menos frequência do que as mulheres — e quando finalmente vão, muitas vezes é porque o problema já está",Rewrite the lede into short sentences; keep the Novembro Azul reference and the price.,R$299 / 20 min and CRM 170837 reviewer shown on page,"no - presentation, taxonomy, localisation or snippet only; no clinical statement changes",not needed,proposed,,"Same message, easier to read on a phone",seo/tracking/raw/2026-09-15/A2-probe/text/U000471.txt
CR-0020,U000336,https://www.myglobalhealth.online/brazil/en/services/atestado-medico-online,Brazil,en,service,CMS service record atestado-medico-online (br-en) via frontend/lib/content/get-public-services.ts + frontend/lib/content/service-hub-content*.ts; dump .../api/services/br-en.json,1,0,ganho atestado,aligned,5,5,4,4,ok,em_dash_24.2/1k,4,Protect,"Accurately states that booking does not guarantee a certificate, and cites the actual CFM resolutions.",++All consultationsOnline consultationMedical certificate: video assessmentBook a medical assessment by video. A medical certificate depends on the assessment; booking does not guarantee a document or its acceptance.Registered doctors · Bra,"No copy change; 24.2/1k em-dashes come from the regulation list, which is correct formatting.","CFM 2.314/2022, Lei 14.510/2022, CFM 2.382/2024, CLT art.473 cited on page","no - presentation, taxonomy, localisation or snippet only; no clinical statement changes",not needed,proposed,,No false promise of a document,seo/tracking/raw/2026-09-15/A2-probe/text/U000336.txt
CR-0021,U000400,https://www.myglobalhealth.online/brazil/es/services/consulta-pele-online,Brazil,es,service,CMS service record consulta-pele-online (br-es) via frontend/lib/content/get-public-services.ts + frontend/lib/content/service-hub-content*.ts; dump .../api/services/br-es.json,0,0,,partial,3,4,3,3,ok,superlative_hits=4,2,Consider retirement,"Spanish skin-consultation page for the Brazil market, 0 impressions, dash-heavy lede (34.4/1k).","++Todas las consultasConsulta en líneaConsulta de Piel Online — Evaluación con Médico General por VideollamadaUna mancha nueva que apareció, un acné que no mejora, una erupción cutánea sin causa aparente, una infección de piel que está empe","Decide the Brazil es locale policy before any copy work; if kept, rewrite the lede without dashes.",R$299 / 20 min and CRM 170837 reviewer shown on page,"no - presentation, taxonomy, localisation or snippet only; no clinical statement changes",needed,proposed,,Either a real Spanish audience or fewer thin pages,seo/tracking/raw/2026-09-15/A2-probe/text/U000400.txt
CR-0022,U000460,https://www.myglobalhealth.online/brazil/pt/services/atestado-medico-online,Brazil,pt,service,CMS service record atestado-medico-online (br-pt) via frontend/lib/content/get-public-services.ts + frontend/lib/content/service-hub-content*.ts; dump .../api/services/br-pt.json,0,0,,aligned,5,5,4,5,ok,superlative_hits=4,4,Protect,pt original of the certificate page; same accurate 'assessment not a document' framing.,++Todas as consultasConsulta onlineAtestado médico: avaliação por vídeoAgende uma avaliação médica por vídeo. A emissão de atestado depende da avaliação clínica; a consulta não garante um documento ou sua aceitação.Médicos registrados · Bra,No change.,"CFM 2.314/2022, Lei 14.510/2022, CFM 2.382/2024 cited on page","no - presentation, taxonomy, localisation or snippet only; no clinical statement changes",not needed,proposed,,No false promise of a document,seo/tracking/raw/2026-09-15/A2-probe/text/U000460.txt
CR-0023,U000484,https://www.myglobalhealth.online/brazil/pt/tools/due-date-calculator,Brazil,pt,tool,frontend/locales/pt/tools.json:due-date-calculator via frontend/lib/tools/registry.ts (+ frontend/lib/tools/market-copy.ts market override) rendered by frontend/lib/content/tool-page.tsx,381,0,calculadora gestacional,aligned,5,4,5,5,ok,soft_404_signal,4,Improve,"scanner soft_404_signal is a FALSE POSITIVE (week table digits '...40'+'41' read as '404' in the de-spaced DOM text extract). 381 impressions but only 12 in the top 15; ranking, not copy, is the limit","BrasilCalculadora gestacionalFerramenta gratuitaCalculadora gestacional BrasilInforme o primeiro dia da última menstruação para ver a data provável do parto, em qual semana você está hoje e quando começa cada trimestre.Ajusta-se a ciclos de",No copy change needed for the flag. Fix the scanner rule instead (anchor the soft-404 match to the title/first heading).,40-week table and term window stated on page,"no - presentation, taxonomy, localisation or snippet only; no clinical statement changes",not needed,proposed,,Nothing to change for the reader,seo/tracking/raw/2026-09-15/A2-probe/text/U000484.txt
CR-0024,U000481,https://www.myglobalhealth.online/brazil/pt/tools/blood-pressure-chart,Brazil,pt,tool,frontend/locales/pt/tools.json:blood-pressure-chart via frontend/lib/tools/registry.ts (+ frontend/lib/tools/market-copy.ts market override) rendered by frontend/lib/content/tool-page.tsx,94,0,tabela de pressão arterial,aligned,5,5,5,5,ok,none,4,Improve,Good tool. 94 impressions at p8-15 for 'tabela de pressao arterial' with 0 clicks; the title does not say the page is a chart you compare a reading against.,"BrasilTabela de pressão arterialFerramenta gratuitaPressão arterial normal BrasilInsira os dois números do seu aparelho para ver onde a medida se encaixa na tabela para adultos — e o que fazer, se houver algo a fazer.Categorias europeias (E",Rewrite title/meta to lead with the comparison promise and the same-day-care flag.,ESC/ESH adult categories named on page,"no - presentation, taxonomy, localisation or snippet only; no clinical statement changes",not needed,proposed,,Searchers recognise the chart they wanted in the SERP,seo/tracking/raw/2026-09-15/A2-probe/text/U000481.txt
CR-0025,U000360,https://www.myglobalhealth.online/brazil/en/tools/due-date-calculator,Brazil,en,tool,frontend/locales/en/tools.json:due-date-calculator via frontend/lib/tools/registry.ts (+ frontend/lib/tools/market-copy.ts market override) rendered by frontend/lib/content/tool-page.tsx,4,0,due pregnant,partial,4,4,4,4,ok,soft_404_signal,3,Consolidate,"scanner soft_404_signal is a FALSE POSITIVE (week table digits '...40'+'41' read as '404' in the de-spaced DOM text extract). English due-date tool for the Brazil market, 4 impressions.","BrazilDue date calculatorFree health toolDue date calculator BrazilEnter the first day of your last period to see your estimated due date, how far along you are today, and when each trimester starts.Adjusts for cycle lengths from 20 to 45 d",Keep one per market in the served language(s); review whether the en copy earns its place in Brazil.,Same clinical content as the pt page,"no - presentation, taxonomy, localisation or snippet only; no clinical statement changes",not needed,proposed,,Fewer near-identical pages competing,seo/tracking/raw/2026-09-15/A2-probe/text/U000360.txt
CR-0026,U000482,https://www.myglobalhealth.online/brazil/pt/tools/bmi-calculator,Brazil,pt,tool,frontend/locales/pt/tools.json:bmi-calculator via frontend/lib/tools/registry.ts (+ frontend/lib/tools/market-copy.ts market override) rendered by frontend/lib/content/tool-page.tsx,2,0,"gestгo de saъdebrl7200%-33%mйdio53 2,65 9,48 880720720880720720590480880590720590",aligned,5,4,5,5,ok,superlative_hits=3,4,Protect,"Accurate WHO-band BMI tool; the three 'superlative' hits are WHO category names, not marketing.","BrasilCalculadora de IMCFerramenta gratuitaCalculadora IMC BrasilInsira sua altura e seu peso para ver o índice de massa corporal e onde ele se situa na escala da Organização Mundial da Saúde para adultos.Métrico e imperial (kg, stone, libr",No change.,WHO adult BMI bands named on page,"no - presentation, taxonomy, localisation or snippet only; no clinical statement changes",not needed,proposed,,"Result explained as screening, not diagnosis",seo/tracking/raw/2026-09-15/A2-probe/text/U000482.txt
CR-0027,U000422,https://www.myglobalhealth.online/brazil/es/tools/due-date-calculator,Brazil,es,tool,frontend/locales/es/tools.json:due-date-calculator via frontend/lib/tools/registry.ts (+ frontend/lib/tools/market-copy.ts market override) rendered by frontend/lib/content/tool-page.tsx,0,0,,partial,3,4,4,4,ok,soft_404_signal,2,Consider retirement,"scanner soft_404_signal is a FALSE POSITIVE (week table digits '...40'+'41' read as '404' in the de-spaced DOM text extract). Spanish due-date tool on a Brazil URL, 0 impressions.","BrasilCalculadora de embarazoHerramienta gratuitaCalculadora de embarazo BrasilIndica el primer día de tu última regla para ver tu fecha probable de parto, en qué semana estás hoy y cuándo empieza cada trimestre.Se ajusta a ciclos de 20 a 4",Retire or noindex unless a Brazil es audience is evidenced.,Same clinical content as the pt page,"no - presentation, taxonomy, localisation or snippet only; no clinical statement changes",not needed,proposed,,Less duplicate tool inventory,seo/tracking/raw/2026-09-15/A2-probe/text/U000422.txt
CR-0028,U000818,https://www.myglobalhealth.online/czechia/cs/blog/neschopenka-jak-funguje-eneschopenka,Czechia,cs,blog_post,CMS blog record neschopenka-jak-funguje-eneschopenka (cz-cs) via frontend/lib/content/get-public-blog.ts; dump seo/tracking/raw/2026-09-15/A1-inventory/raw/api/blog/cz-cs.json,243,0,neschopenka,aligned,5,5,5,5,ok,none,5,Protect,Best-performing cs guide in the market; correct eNeschopenka mechanics and CSSZ routing.,"Všechny článkyPraktické lékařstvíNeschopenka: jak funguje eNeschopenka, vycházky a výplata nemocenskéNeschopenku vystavuje elektronicky ošetřující lékař a odesílá ji přímo ČSSZ. Vysvětlujeme, kdo ji smí vystavit, jak se o ní dozví zaměstnav",No change.,CSSZ eNeschopenka rules cited on page,"no - presentation, taxonomy, localisation or snippet only; no clinical statement changes",not needed,proposed,,Employees know what the doctor sends and to whom,seo/tracking/raw/2026-09-15/A2-probe/text/U000818.txt
CR-0029,U000959,https://www.myglobalhealth.online/czechia/en/blog/neschopenka-czech-sick-note-explained,Czechia,en,blog_post,CMS blog record neschopenka-czech-sick-note-explained (cz-en) via frontend/lib/content/get-public-blog.ts; dump seo/tracking/raw/2026-09-15/A1-inventory/raw/api/blog/cz-en.json,138,0,neschopenka anglicky,aligned,5,5,5,3,ok,none,4,Improve,Blog category label renders in the source language on this locale (untranslated taxonomy leak). Category 'Prakticke lekarstvi' on the /en page; ranks p1 for 'neschopenka' and p10 for 'neschopenka angl,All articlesPraktické lékařstvíNeschopenka: how the Czech electronic sick note actually worksIn Czechia the sick note is issued electronically by your treating doctor and sent straight to ČSSZ. Here is who may is,"Translate the category label for en; leave the body, which is genuinely written for an English-speaking resident.",CSSZ rules cited on page,"no - presentation, taxonomy, localisation or snippet only; no clinical statement changes",not needed,proposed,,English readers see an English taxonomy,seo/tracking/raw/2026-09-15/A2-probe/text/U000959.txt
CR-0030,U000816,https://www.myglobalhealth.online/czechia/cs/blog/lekar-online-24-7-co-vyresi,Czechia,cs,blog_post,CMS blog record lekar-online-24-7-co-vyresi (cz-cs) via frontend/lib/content/get-public-blog.ts; dump seo/tracking/raw/2026-09-15/A1-inventory/raw/api/blog/cz-cs.json,72,0,praktik online,aligned,5,5,5,5,ok,none,5,Protect,Honest scope page: names what a video consultation cannot do and when to call 155.,"Všechny článkyPraktické lékařstvíCo vyřeší lékař online a kdy nestačíOnline lékař je dostupný rychle, ale ne na všechno. Přehled toho, co lze bezpečně vyřešit videokonzultací, co patří do ordinace, kdy volat 155 a proč online konzultace nen",No change.,Emergency number 155 and scope limits stated on page,"no - presentation, taxonomy, localisation or snippet only; no clinical statement changes",not needed,proposed,,Patients self-triage before booking,seo/tracking/raw/2026-09-15/A2-probe/text/U000816.txt
CR-0031,U000960,https://www.myglobalhealth.online/czechia/en/blog/online-doctor-czechia-what-it-solves,Czechia,en,blog_post,CMS blog record online-doctor-czechia-what-it-solves (cz-en) via frontend/lib/content/get-public-blog.ts; dump seo/tracking/raw/2026-09-15/A1-inventory/raw/api/blog/cz-en.json,11,0,24/7 doctor,aligned,5,5,4,3,ok,em_dash_11.2/1k,4,Improve,Blog category label renders in the source language on this locale (untranslated taxonomy leak). Category 'Prakticke lekarstvi' on the /en page.,All articlesPraktické lékařstvíOnline doctor 24/7 in Czechia: what a remote consultation solves and what it does notAn online doctor is quick to reach but not right for everything. What can be assessed safely by,Translate the category label for en.,Emergency number 155 and scope limits stated on page,"no - presentation, taxonomy, localisation or snippet only; no clinical statement changes",not needed,proposed,,English readers see an English taxonomy,seo/tracking/raw/2026-09-15/A2-probe/text/U000960.txt
CR-0032,U000891,https://www.myglobalhealth.online/czechia/de/blog/neschopenka-krankschreibung-in-tschechien,Czechia,de,blog_post,CMS blog record neschopenka-krankschreibung-in-tschechien (cz-de) via frontend/lib/content/get-public-blog.ts; dump seo/tracking/raw/2026-09-15/A1-inventory/raw/api/blog/cz-de.json,3,0,neschopenka,aligned,4,5,4,3,ok,superlative_hits=4,3,Improve,Blog category label renders in the source language on this locale (untranslated taxonomy leak). Category 'Prakticke lekarstvi' on the /de page.,Alle ArtikelPraktické lékařstvíNeschopenka: wie die elektronische Krankschreibung in Tschechien funktioniertIn Tschechien stellt die behandelnde Praxis die Krankschreibung elektronisch aus und sendet sie direkt a,Translate the category label for de.,CSSZ rules cited on page,"no - presentation, taxonomy, localisation or snippet only; no clinical statement changes",needed,proposed,,German readers see a German taxonomy,seo/tracking/raw/2026-09-15/A2-probe/text/U000891.txt
CR-0033,U000973,https://www.myglobalhealth.online/czechia/en/doctors/dr-ahmed-maklad,Czechia,en,doctor,CMS doctor record dr-ahmed-maklad (cz-en) via frontend/lib/content/get-public-doctors.ts rendered by frontend/lib/content/doctor-profile-page.tsx; dump .../api/doctors/cz-en.json,1,0,dr maklad,mismatched,3,4,4,3,risk,superlative_hits=3,1,Improve,"Czechia URL carries Ireland branding end to end: title 'Online Doctor Ireland', meta 'Serving patients across Ireland', body 'Global Health Ireland'. Plus 'one of Europe's most internationally recogni","DoctorDr Ahmed Maklad — General Practitioner, Global Health Ireland Dr Ahmed Maklad — General Practitioner at Global Health Ireland. Book an online video consultation.++Back to Czechia teamDoctor ProfileMUDr. Ahmed MakladMedical DoctorRevie","Rewrite title/meta/lede to the Czechia market and drop the medical-school superlative; keep MUDr., Masaryk University and the CLK registration.",Masaryk University degree and Czechia registration are on the page; the market claim and the school ranking are not sourced,"no - presentation, taxonomy, localisation or snippet only; no clinical statement changes",not needed,proposed,,Visitors see the right country and verifiable credentials,seo/tracking/raw/2026-09-15/A2-probe/text/U000973.txt
CR-0034,HOME-CZ,https://www.myglobalhealth.online/czechia/cs,Czechia,cs,market_home,"frontend/app/[country]/[lang]/page.tsx + CMS page-content record HOME/cz/cs (hero, faq[]) via lib/content/get-page-content.ts + frontend/lib/content/country-home-copy.ts + frontend/locales/cs/home.json",124,8,global health,aligned,4,4,4,4,ok,none,4,Improve,Country name renders as the English slug inside localised copy (trust chips / 'registered in X'). 'Registrovano v Czechia' should read 'Registrovano v Cesku'. 8 clicks / 124 impressions is the best ma,"dem.Rezervovat konzultaciZobrazit službyRegistrováno v CzechiaDostupnost v reálném časeOnline konzultace{""@context"":""https://schema.org"",""@type"":""FAQPage"",""mainEntity"":[{""@type"":""Question"",""name"":""Jak probíhá online konzultace?"",""acceptedAn",Localise the country token in the trust ribbon.,CLK named in the page FAQ,"no - presentation, taxonomy, localisation or snippet only; no clinical statement changes",not needed,proposed,,Czech copy reads as Czech throughout,seo/tracking/raw/2026-09-15/A2-probe/text/HOME-CZ.txt
CR-0035,U000953,https://www.myglobalhealth.online/czechia/en,Czechia,en,market_home,"frontend/app/[country]/[lang]/page.tsx + CMS page-content record HOME/cz/en (hero, faq[]) via lib/content/get-page-content.ts + frontend/lib/content/country-home-copy.ts + frontend/locales/en/home.json",41,2,czech doctor,aligned,4,4,4,4,ok,em_dash_8.1/1k,4,Protect,Correctly localised English home for Czechia; names CLK and states outcomes are not guaranteed.,"CzechiaCzechia8 availableOnline medical care in the Czech RepublicChoose a service, check live availability and book a video consultation with a doctor registered in the Czech Republic. Outcomes cannot be guaranteed in advance.Book Appointm",No change.,CLK named in the page FAQ,"no - presentation, taxonomy, localisation or snippet only; no clinical statement changes",not needed,proposed,,Expats see the Czech regulator named,seo/tracking/raw/2026-09-15/A2-probe/text/U000953.txt
CR-0036,U000883,https://www.myglobalhealth.online/czechia/de,Czechia,de,market_home,"frontend/app/[country]/[lang]/page.tsx + CMS page-content record HOME/cz/de (hero, faq[]) via lib/content/get-page-content.ts + frontend/lib/content/country-home-copy.ts + frontend/locales/de/home.json",2,0,deutsch sprechender arzt in der nähe,partial,3,3,3,2,check,superlative_hits=11,2,Improve,Hero subtitle still uses the generic pan-market line 'registered with national medical councils across Europe' instead of the market regulator. German home for Czechia; 'Zugelassen in Czechia' keeps t,"d sprechen Sie mit zugelassenen Ärzten, die bei den nationalen Ärztekammern in ganz Europa registriert sind.Termin buchenLeistungen anzeigenZugelassen in CzechiaEchtzeitverfügbarkeitOnline-Konsultationen{""@context"":""https://schema.org"",""@ty",Replace the hero subtitle with the CLK wording used on the cs/en pages and localise the country token to 'Tschechien'.,CLK named in the page FAQ,"no - presentation, taxonomy, localisation or snippet only; no clinical statement changes",needed,proposed,,"German visitors see the Czech regulator, in German",seo/tracking/raw/2026-09-15/A2-probe/text/U000883.txt
CR-0037,U001012,https://www.myglobalhealth.online/czechia/en/services/zenske-zdravi-online,Czechia,en,service,CMS service record zenske-zdravi-online (cz-en) via frontend/lib/content/get-public-services.ts + frontend/lib/content/service-hub-content*.ts; dump .../api/services/cz-en.json,7,0,online gynekologie,partial,4,4,3,4,ok,em_dash_20.0/1k,3,Improve,Service sells an English-language consultation; 20.0/1k em-dashes in the lede.,"++All consultationsOnline consultationWomen's Health — Confidential Online Assessment in EnglishContraception advice, hormonal assessment, menopause support, or a women's health concern addressed without a language barrier — same day, from","Rewrite the lede without dashes; keep price, CLK reviewer and the English-language scope, which is the actual differentiator.",950 Kc / 20 min and CLK 1172330197 reviewer shown on page,"no - presentation, taxonomy, localisation or snippet only; no clinical statement changes",not needed,proposed,,Expats see the language promise without dash-heavy prose,seo/tracking/raw/2026-09-15/A2-probe/text/U001012.txt
CR-0038,U000942,https://www.myglobalhealth.online/czechia/de/services/zenske-zdravi-online,Czechia,de,service,CMS service record zenske-zdravi-online (cz-de) via frontend/lib/content/get-public-services.ts + frontend/lib/content/service-hub-content*.ts; dump .../api/services/cz-de.json,5,0,online-konsultation frauengesundheit,mismatched,3,3,3,2,check,superlative_hits=10,2,Improve,German page whose H1 and meta offer a consultation 'auf Englisch' - a German searcher is sent to an English-only service; also 20.4/1k em-dashes.,"++Alle BeratungenOnline-BeratungFrauengesundheit — vertrauliche Online-Beratung auf EnglischVerhütungsberatung, Hormonabklärung, Unterstützung in den Wechseljahren oder ein Anliegen zur Frauengesundheit ohne Sprachbarriere — noch am selben",Either state the languages actually available to a German speaker or retire the de variant of this service; do not leave a German page selling an English-only consultation.,950 Kc / 20 min and CLK 1172330197 reviewer shown on page,"yes - changes a clinical/credential/efficacy statement, needs the one in-market clinician approval",needed,proposed,,German searchers are not misled about consultation language,seo/tracking/raw/2026-09-15/A2-probe/text/U000942.txt
CR-0039,U000877,https://www.myglobalhealth.online/czechia/cs/tools/bmi-calculator,Czechia,cs,tool,frontend/locales/cs/tools.json:bmi-calculator via frontend/lib/tools/registry.ts (+ frontend/lib/tools/market-copy.ts market override) rendered by frontend/lib/content/tool-page.tsx,847,0,bmi kalkulačka,aligned,5,5,5,5,ok,none,5,Protect,"847 impressions, top tool in Czechia. Zero clicks because average position is 27-46, not because of the snippet.","ČeskoBMI kalkulačkaBezplatný nástrojBMI kalkulačkaZadejte svou výšku a hmotnost a uvidíte svůj index tělesné hmotnosti a jeho místo na škále Světové zdravotnické organizace pro dospělé.Metrické i imperiální jednotky (kg, stone, libry)Hmotno",No copy change; this is a ranking/authority problem for A7 and A9.,WHO adult BMI bands named on page,"no - presentation, taxonomy, localisation or snippet only; no clinical statement changes",not needed,proposed,,Nothing to change for the reader,seo/tracking/raw/2026-09-15/A2-probe/text/U000877.txt
CR-0040,U000876,https://www.myglobalhealth.online/czechia/cs/tools/blood-pressure-chart,Czechia,cs,tool,frontend/locales/cs/tools.json:blood-pressure-chart via frontend/lib/tools/registry.ts (+ frontend/lib/tools/market-copy.ts market override) rendered by frontend/lib/content/tool-page.tsx,712,20,krevní tlak kalkulačka,aligned,5,5,5,5,ok,none,5,Protect,"712 impressions / 20 clicks at average position 4 - the strongest tool in the estate, but 3.7% CTR in the top 15 is still under par for position 4.","ČeskoTabulka krevního tlakuBezplatný nástrojKalkulačka a tabulka krevního tlakuZadejte dvě čísla ze svého tlakoměru a uvidíte, kam hodnota patří v evropské tabulce pro dospělé — a co s tím případně dělat.Evropské kategorie (ESC/ESH) pro dos",Title/meta test only: lead with the comparison and the same-day flag; do not touch the tool or the ESC/ESH categories.,ESC/ESH adult categories named on page,"no - presentation, taxonomy, localisation or snippet only; no clinical statement changes",not needed,proposed,,More of the people who already see it click it,seo/tracking/raw/2026-09-15/A2-probe/text/U000876.txt
CR-0041,U000879,https://www.myglobalhealth.online/czechia/cs/tools/due-date-calculator,Czechia,cs,tool,frontend/locales/cs/tools.json:due-date-calculator via frontend/lib/tools/registry.ts (+ frontend/lib/tools/market-copy.ts market override) rendered by frontend/lib/content/tool-page.tsx,273,2,těhotenská kalkulačka,aligned,5,5,5,5,ok,none,4,Protect,"Well-localised cs due-date tool, 273 impressions.","ČeskoTěhotenská kalkulačkaBezplatný nástrojTěhotenská kalkulačkaZadejte první den poslední menstruace a uvidíte předpokládaný termín porodu, v kolikátém týdnu jste dnes a kdy začíná každý trimestr.Zohledňuje cykly od 20 do 45 dnůData trimes",No change.,40-week table and term window stated on page,"no - presentation, taxonomy, localisation or snippet only; no clinical statement changes",not needed,proposed,,Nothing to change for the reader,seo/tracking/raw/2026-09-15/A2-probe/text/U000879.txt
CR-0042,U000881,https://www.myglobalhealth.online/czechia/cs/tools/ovulation-calculator,Czechia,cs,tool,frontend/locales/cs/tools.json:ovulation-calculator via frontend/lib/tools/registry.ts (+ frontend/lib/tools/market-copy.ts market override) rendered by frontend/lib/content/tool-page.tsx,157,1,ovulační kalkulačka,aligned,5,5,5,5,ok,none,4,Protect,Explains why ovulation is counted back from the next period - genuinely better than the '14th day' pages it competes with.,"ČeskoOvulační kalkulačkaBezplatný nástrojOvulační kalkulačkaZadejte první den poslední menstruace a uvidíte šest dnů s nejvyšší pravděpodobností otěhotnění, odhadovaný den ovulace a termín příští menstruace.Počítá se zpětně od příští menstr",No change.,Six-day fertile window method stated on page,"no - presentation, taxonomy, localisation or snippet only; no clinical statement changes",not needed,proposed,,Users with non-28-day cycles get a correct window,seo/tracking/raw/2026-09-15/A2-probe/text/U000881.txt
CR-0043,U000878,https://www.myglobalhealth.online/czechia/cs/tools/calorie-calculator,Czechia,cs,tool,frontend/locales/cs/tools.json:calorie-calculator via frontend/lib/tools/registry.ts (+ frontend/lib/tools/market-copy.ts market override) rendered by frontend/lib/content/tool-page.tsx,153,1,kalorická kalkulačka,aligned,5,5,5,5,ok,none,4,Protect,Mifflin-St Jeor tool with correct pregnancy/under-18 caveats.,"ČeskoKalorická kalkulačkaBezplatný nástrojKalkulačka kaloriíZadejte pohlaví, věk, výšku, hmotnost a to, jak jste aktivní, a uvidíte, kolik kalorií za den spálíte — a kolik jich jíst, abyste hmotnost udrželi, zhubli nebo nabrali.Rovnice Miff",No change.,Mifflin-St Jeor equation named on page,"no - presentation, taxonomy, localisation or snippet only; no clinical statement changes",not needed,proposed,,"Users see maintenance, loss and gain in one view",seo/tracking/raw/2026-09-15/A2-probe/text/U000878.txt
CR-0044,U000875,https://www.myglobalhealth.online/czechia/cs/tools/adhd-test,Czechia,cs,tool,frontend/locales/cs/tools.json:adhd-test via frontend/lib/tools/registry.ts (+ frontend/lib/tools/market-copy.ts market override) rendered by frontend/lib/content/tool-page.tsx,112,4,adhd test,aligned,5,5,5,5,ok,none,5,Protect,"ASRS v1.1 Part A, correctly described as screening, not diagnosis. 112 impressions / 4 clicks.","ČeskoADHD testBezplatný nástrojADHD test pro dospěléOdpovězte na šest otázek o posledním půlroce a zjistěte, zda vaše odpovědi odpovídají vzorci, který screening ADHD u dospělých hledá.Screening ASRS v1.1, část A — šest otázekVyhodnocení po",No change.,ASRS v1.1 Part A named on page,"no - presentation, taxonomy, localisation or snippet only; no clinical statement changes",not needed,proposed,,Users are told a screen is not a diagnosis,seo/tracking/raw/2026-09-15/A2-probe/text/U000875.txt
CR-0045,U000882,https://www.myglobalhealth.online/czechia/cs/tools/sore-throat-checker,Czechia,cs,tool,frontend/locales/cs/tools.json:sore-throat-checker via frontend/lib/tools/registry.ts (+ frontend/lib/tools/market-copy.ts market override) rendered by frontend/lib/content/tool-page.tsx,1,0,centorovo skore,aligned,5,5,5,5,ok,superlative_hits=3,4,Protect,McIsaac score used and named; red flags shown before scoring. 'Superlative' hits are score-band labels.,"ČeskoKontrola bolesti v krkuBezplatný nástrojAngína, nebo virová bolest v krku ČeskoOdpovězte na několik otázek o své bolesti v krku a zjistěte, jak pravděpodobná je bakteriální příčina a jaký bývá obvyklý další krok. Zabere to asi minutu.P",No change.,McIsaac score with age adjustment named on page,"no - presentation, taxonomy, localisation or snippet only; no clinical statement changes",not needed,proposed,,Red flags surface before any score,seo/tracking/raw/2026-09-15/A2-probe/text/U000882.txt
CR-0046,U000952,https://www.myglobalhealth.online/czechia/de/tools/sore-throat-checker,Czechia,de,tool,frontend/locales/de/tools.json:sore-throat-checker via frontend/lib/tools/registry.ts (+ frontend/lib/tools/market-copy.ts market override) rendered by frontend/lib/content/tool-page.tsx,1,0,habe ich eine mandelentzündung teste dich,aligned,4,5,4,4,ok,superlative_hits=4,4,Protect,Faithful German version of the McIsaac checker.,"TschechienHalsschmerzen-CheckKostenloses ToolMandelentzündung und Halsschmerzen-Check TschechienBeantworten Sie ein paar Fragen zu Ihren Halsschmerzen, um zu sehen, wie wahrscheinlich eine bakterielle Ursache ist und was der übliche nächste",No change.,McIsaac score named on page,"no - presentation, taxonomy, localisation or snippet only; no clinical statement changes",needed,proposed,,German readers get the same safety-first ordering,seo/tracking/raw/2026-09-15/A2-probe/text/U000952.txt
CR-0047,U001019,https://www.myglobalhealth.online/czechia/en/tools/due-date-calculator,Czechia,en,tool,frontend/locales/en/tools.json:due-date-calculator via frontend/lib/tools/registry.ts (+ frontend/lib/tools/market-copy.ts market override) rendered by frontend/lib/content/tool-page.tsx,0,0,,partial,4,4,4,4,ok,soft_404_signal,3,Consolidate,"scanner soft_404_signal is a FALSE POSITIVE (week table digits '...40'+'41' read as '404' in the de-spaced DOM text extract). English due-date tool on a Czechia URL, 0 impressions.","CzechiaDue date calculatorFree health toolDue date calculator CzechiaEnter the first day of your last period to see your estimated due date, how far along you are today, and when each trimester starts.Adjusts for cycle lengths from 20 to 45","Fold into the market locale policy; keep cs, review en.",Same clinical content as the cs page,"no - presentation, taxonomy, localisation or snippet only; no clinical statement changes",not needed,proposed,,Fewer near-duplicate tool pages,seo/tracking/raw/2026-09-15/A2-probe/text/U001019.txt
CR-0048,U001088,https://www.myglobalhealth.online/czechia/es/tools/due-date-calculator,Czechia,es,tool,frontend/locales/es/tools.json:due-date-calculator via frontend/lib/tools/registry.ts (+ frontend/lib/tools/market-copy.ts market override) rendered by frontend/lib/content/tool-page.tsx,0,0,,partial,3,4,4,4,ok,soft_404_signal,2,Consider retirement,"scanner soft_404_signal is a FALSE POSITIVE (week table digits '...40'+'41' read as '404' in the de-spaced DOM text extract). Spanish due-date tool on a Czechia URL, 0 impressions.","ChequiaCalculadora de embarazoHerramienta gratuitaCalculadora de embarazo ChequiaIndica el primer día de tu última regla para ver tu fecha probable de parto, en qué semana estás hoy y cuándo empieza cada trimestre.Se ajusta a ciclos de 20 a",Retire or noindex unless a Czechia es audience is evidenced.,Same clinical content as the cs page,"no - presentation, taxonomy, localisation or snippet only; no clinical statement changes",not needed,proposed,,Less duplicate tool inventory,seo/tracking/raw/2026-09-15/A2-probe/text/U001088.txt
CR-0049,U001157,https://www.myglobalhealth.online/czechia/pt/tools/due-date-calculator,Czechia,pt,tool,frontend/locales/pt/tools.json:due-date-calculator via frontend/lib/tools/registry.ts (+ frontend/lib/tools/market-copy.ts market override) rendered by frontend/lib/content/tool-page.tsx,0,0,,partial,3,4,4,4,ok,soft_404_signal,2,Consider retirement,"scanner soft_404_signal is a FALSE POSITIVE (week table digits '...40'+'41' read as '404' in the de-spaced DOM text extract). Portuguese due-date tool on a Czechia URL, 0 impressions.","ChéquiaCalculadora da data do partoFerramenta gratuitaCalculadora da data do parto ChéquiaIndique o primeiro dia da última menstruação para ver a data provável do parto, em que semana está hoje e quando começa cada trimestre.Ajusta-se a cic",Retire or noindex unless a Czechia pt audience is evidenced.,Same clinical content as the cs page,"no - presentation, taxonomy, localisation or snippet only; no clinical statement changes",not needed,proposed,,Less duplicate tool inventory,seo/tracking/raw/2026-09-15/A2-probe/text/U001157.txt
CR-0050,U001226,https://www.myglobalhealth.online/czechia/ro/tools/due-date-calculator,Czechia,ro,tool,frontend/locales/ro/tools.json:due-date-calculator via frontend/lib/tools/registry.ts (+ frontend/lib/tools/market-copy.ts market override) rendered by frontend/lib/content/tool-page.tsx,0,0,,partial,3,4,4,4,ok,soft_404_signal,2,Consider retirement,"scanner soft_404_signal is a FALSE POSITIVE (week table digits '...40'+'41' read as '404' in the de-spaced DOM text extract). Romanian due-date tool on a Czechia URL, 0 impressions.","CehiaCalculator de sarcinăInstrument gratuitCalculator de sarcină CehiaIntrodu prima zi a ultimei menstruații ca să vezi data probabilă a nașterii, în ce săptămână ești astăzi și când începe fiecare trimestru.Se ajustează pentru cicluri de",Retire or noindex unless a Czechia ro audience is evidenced.,Same clinical content as the cs page,"no - presentation, taxonomy, localisation or snippet only; no clinical statement changes",not needed,proposed,,Less duplicate tool inventory,seo/tracking/raw/2026-09-15/A2-probe/text/U001226.txt
CR-0051,U001917,https://www.myglobalhealth.online/ireland/en/blog/illness-benefit-payment-ireland-rate-tax-timing,Ireland,en,blog_post,CMS blog record illness-benefit-payment-ireland-rate-tax-timing (ie-en) via frontend/lib/content/get-public-blog.ts; dump seo/tracking/raw/2026-09-15/A1-inventory/raw/api/blog/ie-en.json,851,4,illness benefit rates,aligned,5,5,5,5,ok,none,5,Protect,Top page in the set (851 impressions). Answers the rate question in the first screen and dates the rules.,"All articlesGeneral PracticeHow Much Is Illness Benefit in Ireland in 2026?Current Illness Benefit rates, waiting days, weekly payment timing, tax and the difference from employer sick pay.Global Health Medical TeamAugust 29, 20265 min read",No change.,"DSP, MyWelfare, Revenue and Dept of Enterprise linked on page; rules verified 25 August 2026","no - presentation, taxonomy, localisation or snippet only; no clinical statement changes",not needed,proposed,,The 2026 rate answered above the fold,seo/tracking/raw/2026-09-15/A2-probe/text/U001917.txt
CR-0052,U001916,https://www.myglobalhealth.online/ireland/en/blog/illness-benefit-ireland-how-to-claim,Ireland,en,blog_post,CMS blog record illness-benefit-ireland-how-to-claim (ie-en) via frontend/lib/content/get-public-blog.ts; dump seo/tracking/raw/2026-09-15/A1-inventory/raw/api/blog/ie-en.json,749,3,illness benefit ireland,aligned,5,5,5,5,ok,em_dash_8.9/1k,5,Protect,749 impressions; IB1 and Certificate of Incapacity for Work correctly separated from statutory sick pay.,All articlesGeneral PracticeIllness Benefit in Ireland: How to Claim and How to Get the Medical CertificateIllness Benefit is the Department of Social Protection payment for people who cannot work through illness or injury. Here is what the,No change.,DSP rules cited; reviewed by Dr Ahmed Maklad 26 August 2026,"no - presentation, taxonomy, localisation or snippet only; no clinical statement changes",not needed,proposed,,Claimants know which form does what,seo/tracking/raw/2026-09-15/A2-probe/text/U001916.txt
CR-0053,U001913,https://www.myglobalhealth.online/ireland/en/blog/blood-tests-dublin-what-to-know,Ireland,en,blog_post,CMS blog record blood-tests-dublin-what-to-know (ie-en) via frontend/lib/content/get-public-blog.ts; dump seo/tracking/raw/2026-09-15/A1-inventory/raw/api/blog/ie-en.json,258,0,blood test dublin,aligned,5,5,5,5,ok,none,4,Protect,Genuinely Dublin-specific; ranks p41-44 for 'blood test dublin'.,"All articlesGeneral PracticeBlood Tests in Dublin: Where to Go, What to Ask For, and How to Read the ResultWhere you can have bloods taken in Dublin, why the referral matters more than the panel, what the common tests actually measure, and","No copy change; the gap is authority, not quality.",Reviewed by Dr Ahmed Maklad; referral routes described,"no - presentation, taxonomy, localisation or snippet only; no clinical statement changes",not needed,proposed,,Readers learn the referral matters more than the panel,seo/tracking/raw/2026-09-15/A2-probe/text/U001913.txt
CR-0054,U001912,https://www.myglobalhealth.online/ireland/en/blog/adult-adhd-assessment-ireland-public-private-routes,Ireland,en,blog_post,CMS blog record adult-adhd-assessment-ireland-public-private-routes (ie-en) via frontend/lib/content/get-public-blog.ts; dump seo/tracking/raw/2026-09-15/A1-inventory/raw/api/blog/ie-en.json,93,0,adhd assessment,aligned,5,5,5,5,ok,none,4,Protect,Names the HSE pathway and the private cost range honestly.,"All articlesMental HealthAdult ADHD assessment in Ireland: the public route, the private route and what actually happens in the roomHow an adult gets assessed for ADHD in Ireland, why the HSE pathway goes through your local mental health te",No change.,NICE-standard assessment described; reviewed by Dr Ahmed Maklad,"no - presentation, taxonomy, localisation or snippet only; no clinical statement changes",not needed,proposed,,Both routes and their real trade-offs,seo/tracking/raw/2026-09-15/A2-probe/text/U001912.txt
CR-0055,U002052,https://www.myglobalhealth.online/ireland/es/blog/analisis-de-sangre-dublin,Ireland,es,blog_post,CMS blog record analisis-de-sangre-dublin (ie-es) via frontend/lib/content/get-public-blog.ts; dump seo/tracking/raw/2026-09-15/A1-inventory/raw/api/blog/ie-es.json,3,0,analisis de sangre,partial,4,4,4,3,ok,soft_404_signal,3,Consolidate,scanner soft_404_signal is a FALSE POSITIVE (week table digits '...40'+'41' read as '404' in the de-spaced DOM text extract). (the substring 'no encontr' falls inside 'uno encontrado en internet'). Sp,"Todos los artículosGeneral PracticeAnálisis de sangre en Dublín: dónde hacerlos, qué pedir y cómo leer el resultadoDónde puede hacerse análisis en Dublín, por qué la petición importa más que el panel, qué miden realmente las pruebas más hab",Fix the scanner rule; then decide whether Ireland es blog translations earn their place or should fold into the en original.,Same sources as the en original,"no - presentation, taxonomy, localisation or snippet only; no clinical statement changes",not needed,proposed,,Fewer thin translated duplicates,seo/tracking/raw/2026-09-15/A2-probe/text/U002052.txt
CR-0056,U001658,https://www.myglobalhealth.online/ireland/cs/blog/jak-ziskat-online-potvrzeni-o-pracovni-neschopnosti-v-irsku,Ireland,cs,blog_post,CMS blog record jak-ziskat-online-potvrzeni-o-pracovni-neschopnosti-v-irsku (ie-cs) via frontend/lib/content/get-public-blog.ts; dump seo/tracking/raw/2026-09-15/A1-inventory/raw/api/blog/ie-cs.json,2,0,online panel v irsku,partial,4,4,4,4,ok,google_folded_canonical,3,Consolidate,Google folded this cs page to another canonical; a Czech-language Ireland sick-cert guide with 2 impressions.,"Všechny článkyGeneral PracticeJak získat online potvrzení o pracovní neschopnosti v IrskuCo probíhá při online konzultaci kvůli potvrzení, co potřebuje zaměstnavatel a jak se zákonná náhrada mzdy liší od Illness Benefit.Global Health Medica",Accept the fold; do not invest further in cs Ireland blog translations without demand evidence.,IMC registration and statutory sick pay described; reviewed by Dr Ahmed Maklad,"no - presentation, taxonomy, localisation or snippet only; no clinical statement changes",not needed,proposed,,Effort moves to pages Google indexes,seo/tracking/raw/2026-09-15/A2-probe/text/U001658.txt
CR-0057,U001789,https://www.myglobalhealth.online/ireland/de/blog/illness-benefit-irland-so-beantragen,Ireland,de,blog_post,CMS blog record illness-benefit-irland-so-beantragen (ie-de) via frontend/lib/content/get-public-blog.ts; dump seo/tracking/raw/2026-09-15/A1-inventory/raw/api/blog/ie-de.json,2,0,apply for sick pay ireland,aligned,4,5,4,4,ok,superlative_hits=3,3,Improve,Blog category label renders in the source language on this locale (untranslated taxonomy leak). Category 'General Practice' on the /de page.,"Alle ArtikelGeneral PracticeIllness Benefit in Irland: Antrag stellen und ärztliche Bescheinigung erhaltenIllness Benefit ist die Leistung des irischen Department of Social Protection für Menschen, die wegen Kran",Translate the category label for de.,DSP rules cited; reviewed by Dr Ahmed Maklad,"no - presentation, taxonomy, localisation or snippet only; no clinical statement changes",needed,proposed,,German readers see a German taxonomy,seo/tracking/raw/2026-09-15/A2-probe/text/U001789.txt
CR-0058,U001915,https://www.myglobalhealth.online/ireland/en/blog/hand-foot-and-mouth-disease-signs-and-treatment,Ireland,en,blog_post,CMS blog record hand-foot-and-mouth-disease-signs-and-treatment (ie-en) via frontend/lib/content/get-public-blog.ts; dump seo/tracking/raw/2026-09-15/A1-inventory/raw/api/blog/ie-en.json,0,0,,partial,4,4,4,4,check,em_dash_9.9/1k|google_folded_canonical,2,Consolidate,Google-folded duplicate; meta description is truncated mid-sentence ('how to stop...'); faq_count 0 while its siblings carry FAQ.,"eatment at home, when to go to A&E, and how to stop it spreading inGlobal Health Medical TeamJune 6, 202613 min readLast reviewed June 15, 2026Clinically reviewed by Dr Tiago Miguel Figueira+On this pageWhat is Hand, Foot and Mouth Disease?",Rewrite the meta to a complete sentence and keep ONE canonical HFMD article for the estate; the Portugal copies duplicate it.,HSE-aligned guidance cited on page,"no - presentation, taxonomy, localisation or snippet only; no clinical statement changes",not needed,proposed,,One authoritative HFMD page instead of four,seo/tracking/raw/2026-09-15/A2-probe/text/U001915.txt
CR-0059,U001661,https://www.myglobalhealth.online/ireland/cs/blog/nemoc-rukou-nohou-a-ust-priznaky-a-lecba,Ireland,cs,blog_post,CMS blog record nemoc-rukou-nohou-a-ust-priznaky-a-lecba (ie-cs) via frontend/lib/content/get-public-blog.ts; dump seo/tracking/raw/2026-09-15/A1-inventory/raw/api/blog/ie-cs.json,0,0,,partial,3,4,4,4,check,google_folded_canonical,2,Consolidate,"Czech copy of the HFMD article, Google-folded, 0 impressions; category 'Telemedicine' untranslated.","Všechny článkyTelemedicineNemoc rukou, nohou a úst: příznaky a léčbaPrůvodce podle doporučení HSE: příznaky nemoci rukou, nohou a úst u dětí v Irsku, domácí léčba, varovné příznaky a prevence šíření.Global Health M",Fold into the single canonical HFMD article; translate the category if the page is kept.,HSE-aligned guidance cited on page,"no - presentation, taxonomy, localisation or snippet only; no clinical statement changes",not needed,proposed,,One HFMD page instead of four,seo/tracking/raw/2026-09-15/A2-probe/text/U001661.txt
CR-0060,U001923,https://www.myglobalhealth.online/ireland/en/careers,Ireland,en,careers,CMS job records (ie-en) via frontend/lib/content/get-public-jobs.ts; dump .../api/jobs/ie-en.json,6,1,global medics ireland,partial,2,2,3,4,ok,em_dash_51.1/1k,2,Improve,"176 words. Lists 8+ consultant vacancies with no role detail, and shows a 'Consultation languages: English' tile that belongs on a clinical page.","CareersGlobal Health · IrelandCareers at Global Health Global Health connects patients in Ireland with registered doctors online. Behind every consultation is a team of clinicians, clinical-operations staff and engineers working across our","Give each vacancy one line of scope and requirements, or link to the job record; replace the consultation-languages tile with a working-language line.",Vacancy titles come from the jobs record,"no - presentation, taxonomy, localisation or snippet only; no clinical statement changes",not needed,proposed,,Applicants can tell whether a role fits,seo/tracking/raw/2026-09-15/A2-probe/text/U001923.txt
CR-0061,U001951,https://www.myglobalhealth.online/ireland/en/doctors/dr-raafat-ibrahim,Ireland,en,doctor,CMS doctor record dr-raafat-ibrahim (ie-en) via frontend/lib/content/get-public-doctors.ts rendered by frontend/lib/content/doctor-profile-page.tsx; dump .../api/doctors/ie-en.json,25,0,raafat ibrahim,aligned,4,4,4,5,risk,em_dash_8.5/1k,2,Improve,'one of the most experienced paediatric clinicians available through online consultation anywhere in the world' is an unverifiable superiority claim on a clinician profile.,"ss Ireland, the UK and the Middle East, one of the most experienced paediatric clinicians available through online consultation anywhere in the world.He holds the Fellowship of the Royal College of Paediatrics and Child Health (FRCPCH) and","Delete the superiority clause and keep the checkable facts: 30 years, FRCPCH, MRCP(UK), the two postgraduate diplomas and the IMC registration.",FRCPCH / MRCP(UK) / diplomas stated on page; the world-ranking clause has no source,"yes - changes a clinical/credential/efficacy statement, needs the one in-market clinician approval",not needed,proposed,,"Credentials a patient can verify, no ranking claim",seo/tracking/raw/2026-09-15/A2-probe/text/U001951.txt
CR-0062,U001970,https://www.myglobalhealth.online/ireland/en/health/respiratory-infections,Ireland,en,health_legacy,CMS landing/health record respiratory-infections (ie-en) via frontend/app/[country]/[lang]/health/[slug]/page.tsx,4,0,site:www.myglobalhealth.online,aligned,4,4,4,5,ok,em_dash_15.8/1k,3,Improve,759-word legacy health page that duplicates the respiratory service intent; useful red-flag list but no reviewer byline or review date.,"IrelandIrelandRespiratory Infections — Online Doctor IrelandChest infections, persistent cough, sore throat and sinus symptoms assessed by an Irish-registered doctor — same-day video appointments, sick cert where warranted.Book consultation",Either add the reviewer byline used on service pages or fold this into the respiratory service page.,112/999 red flags stated on page,"no - presentation, taxonomy, localisation or snippet only; no clinical statement changes",not needed,proposed,,Same safety information with a named reviewer,seo/tracking/raw/2026-09-15/A2-probe/text/U001970.txt
CR-0063,HOME-IE,https://www.myglobalhealth.online/ireland/en,Ireland,en,market_home,"frontend/app/[country]/[lang]/page.tsx + CMS page-content record HOME/ie/en (hero, faq[]) via lib/content/get-page-content.ts + frontend/lib/content/country-home-copy.ts + frontend/locales/en/home.json",165,7,global health,partial,5,5,4,5,check,em_dash_10.9/1k,3,Improve,"Trust tile reads '13 Consultation languages' (languages Ireland's GPs speak) while the FAQ answers 'six languages... English, Portuguese, Spanish, Czech, Romanian, and German' (site languages). Both a","ceptedAnswer"":{""@type"":""Answer"",""text"":""Consultations at Global Health are available in six languages, English, Portuguese, Spanish, Czech, Romanian, and German, so you can speak with a doctor in the language you are most comfortable with,",Label the tile as languages spoken by doctors in Ireland and rewrite the FAQ answer to separate site languages from consultation languages. Do not change the counts.,"Tile count comes from getGpLanguages(code,'marketing'); the six site languages are the locale set","no - presentation, taxonomy, localisation or snippet only; no clinical statement changes",not needed,proposed,,One consistent answer to 'what language can I be seen in',seo/tracking/raw/2026-09-15/A2-probe/text/HOME-IE.txt
CR-0064,U001781,https://www.myglobalhealth.online/ireland/de,Ireland,de,market_home,"frontend/app/[country]/[lang]/page.tsx + CMS page-content record HOME/ie/de (hero, faq[]) via lib/content/get-page-content.ts + frontend/lib/content/country-home-copy.ts + frontend/locales/de/home.json",3,0,hausarzt,partial,3,3,3,3,check,superlative_hits=16,2,Improve,"3,707-word German translation of the Ireland home with 16 superlative hits and 3 impressions.","IrelandIreland22 verfügbarOnline-Arzt Irland | bei IMC registrierte Ärzte, am selben Tag.Hausarzttermine, Krankschreibungen, Facharztüberweisungen und medizinische Unterstützung per sicherem Videoanruf, von überall in Irland. Termine am sel",Cut to the sections a German-speaking resident in Ireland actually needs and remove the superlative stack; keep the IMC and the EUR 39 price.,IMC registration and EUR 39 GP price stated on page,"no - presentation, taxonomy, localisation or snippet only; no clinical statement changes",needed,proposed,,A shorter German page that answers the real question,seo/tracking/raw/2026-09-15/A2-probe/text/U001781.txt
CR-0065,U001997,https://www.myglobalhealth.online/ireland/en/press,Ireland,en,press,frontend/lib/content/press-releases/ + frontend/locales/en/company.json,8,0,global medic,aligned,4,4,4,5,ok,em_dash_9.3/1k,4,Protect,Press page with a dated release and checkable identifiers.,"PressGlobal Health · IrelandPress & media Information for journalists writing about Global Health in Ireland — who we are, who operates the service, and how to verify what we do.Email the press teamAbout usOperated byGlobal Guest s.r.o.Regu",No change.,"Press release July 2026, IČO 19071680, IMC named","no - presentation, taxonomy, localisation or snippet only; no clinical statement changes",not needed,proposed,,Journalists get a quotable boilerplate,seo/tracking/raw/2026-09-15/A2-probe/text/U001997.txt
CR-0066,U001866,https://www.myglobalhealth.online/ireland/de/services/chronic-disease-consultation,Ireland,de,service,CMS service record chronic-disease-consultation (ie-de) via frontend/lib/content/get-public-services.ts + frontend/lib/content/service-hub-content*.ts; dump .../api/services/ie-de.json,5,0,was ist hse-chron und wofür nutzt man es?,aligned,4,4,5,4,check,superlative_hits=4,3,Improve,Claims GP specialist-division registration is 'die hoechste verfuegbare Ausbildungsstufe fuer Hausaerzte in Irland' - a superiority framing of a registration category.,"eim Irish Medical Council registriert – die höchste verfügbare Ausbildungsstufe für Hausärzte in Irland. Sie sind speziell darin geschult, komplexe, laufende und mehrere Systeme betreffende Erkrankungen mit der klinischen Tiefe und Kontinui","State the registration category factually (Specialist Division, General Practice, IMC) without ranking it.",IMC 523449 reviewer and Specialist Division registration named on page,"yes - changes a clinical/credential/efficacy statement, needs the one in-market clinician approval",needed,proposed,,Accurate description of what the registration means,seo/tracking/raw/2026-09-15/A2-probe/text/U001866.txt
CR-0067,U002040,https://www.myglobalhealth.online/ireland/en/tools/adhd-test,Ireland,en,tool,frontend/locales/en/tools.json:adhd-test via frontend/lib/tools/registry.ts (+ frontend/lib/tools/market-copy.ts market override) rendered by frontend/lib/content/tool-page.tsx,348,0,adhd assessment,aligned,5,5,5,5,ok,em_dash_9.6/1k,4,Protect,"348 impressions, 0 clicks - but only 20 of those impressions are in the top 15 (ADHD queries sit at p68-78). A snippet change will not move this.","IrelandADHD testFree health toolADHD test IrelandAnswer six questions about the last six months to see whether your answers match the pattern the adult ADHD screener looks for.The six-question ASRS v1.1 Part A screenerScored per question, t",No copy change; treat as a ranking problem.,ASRS v1.1 Part A named on page,"no - presentation, taxonomy, localisation or snippet only; no clinical statement changes",not needed,proposed,,Nothing to change for the reader,seo/tracking/raw/2026-09-15/A2-probe/text/U002040.txt
CR-0068,U002043,https://www.myglobalhealth.online/ireland/en/tools/calorie-calculator,Ireland,en,tool,frontend/locales/en/tools.json:calorie-calculator via frontend/lib/tools/registry.ts (+ frontend/lib/tools/market-copy.ts market override) rendered by frontend/lib/content/tool-page.tsx,340,1,calorie calculator,aligned,5,5,4,5,ok,em_dash_8.7/1k,4,Improve,319 of 340 impressions are inside the top 15 (positions 9-11) and it earned 1 click - 0.3% CTR. The title repeats the H1 and leads with the country token rather than the promise.,"IrelandCalorie calculatorFree health toolCalorie calculator IrelandEnter your sex, age, height, weight and how active you are to see how many calories you burn in a day — and what to eat to maintain, lose or gain weight.Mifflin-St Jeor equa","Rewrite title/meta to lead with what the user gets (maintenance, deficit and surplus in one screen) and keep the Mifflin-St Jeor mention as the credibility line.",Mifflin-St Jeor equation named on page,"no - presentation, taxonomy, localisation or snippet only; no clinical statement changes",not needed,proposed,,More of the searchers already seeing it click through,seo/tracking/raw/2026-09-15/A2-probe/text/U002043.txt
CR-0069,U002042,https://www.myglobalhealth.online/ireland/en/tools/bmi-calculator,Ireland,en,tool,frontend/locales/en/tools.json:bmi-calculator via frontend/lib/tools/registry.ts (+ frontend/lib/tools/market-copy.ts market override) rendered by frontend/lib/content/tool-page.tsx,210,0,bmi calculator ireland,aligned,5,5,5,5,ok,none,4,Protect,"Accurate WHO-band tool; positions 30-70, so visibility is the constraint.","IrelandBMI calculatorFree health toolBMI calculator IrelandEnter your height and weight to see your body mass index and where it sits on the World Health Organization adult scale.Metric and imperial (kg, stone, pounds)WHO adult weight categ",No copy change.,WHO adult BMI bands named on page,"no - presentation, taxonomy, localisation or snippet only; no clinical statement changes",not needed,proposed,,Nothing to change for the reader,seo/tracking/raw/2026-09-15/A2-probe/text/U002042.txt
CR-0070,U002041,https://www.myglobalhealth.online/ireland/en/tools/blood-pressure-chart,Ireland,en,tool,frontend/locales/en/tools.json:blood-pressure-chart via frontend/lib/tools/registry.ts (+ frontend/lib/tools/market-copy.ts market override) rendered by frontend/lib/content/tool-page.tsx,196,0,blood pressure chart,aligned,5,5,5,5,ok,none,4,Improve,177 of 196 impressions in the top 15 (p8-14 including 'hse blood pressure chart') with 0 clicks.,"IrelandBlood pressure chartFree health toolBlood pressure chart IrelandEnter the two numbers from your monitor to see where the reading sits on the European adult chart — and what, if anything, to do about it.European (ESC/ESH) adult catego",Test a title/meta that says what the reader compares and that the page flags same-day readings.,ESC/ESH adult categories named on page,"no - presentation, taxonomy, localisation or snippet only; no clinical statement changes",not needed,proposed,,Searchers recognise the chart they wanted,seo/tracking/raw/2026-09-15/A2-probe/text/U002041.txt
CR-0071,U002044,https://www.myglobalhealth.online/ireland/en/tools/due-date-calculator,Ireland,en,tool,frontend/locales/en/tools.json:due-date-calculator via frontend/lib/tools/registry.ts (+ frontend/lib/tools/market-copy.ts market override) rendered by frontend/lib/content/tool-page.tsx,129,0,due date calculator,aligned,5,5,5,5,ok,soft_404_signal,4,Protect,scanner soft_404_signal is a FALSE POSITIVE (week table digits '...40'+'41' read as '404' in the de-spaced DOM text extract). 129 impressions at p47-68.,"IrelandDue date calculatorFree health toolDue date calculator IrelandEnter the first day of your last period to see your estimated due date, how far along you are today, and when each trimester starts.Adjusts for cycle lengths from 20 to 45",No copy change; fix the scanner rule.,40-week table and term window stated on page,"no - presentation, taxonomy, localisation or snippet only; no clinical statement changes",not needed,proposed,,Nothing to change for the reader,seo/tracking/raw/2026-09-15/A2-probe/text/U002044.txt
CR-0072,U002045,https://www.myglobalhealth.online/ireland/en/tools/osteoporosis-risk-checker,Ireland,en,tool,frontend/locales/en/tools.json:osteoporosis-risk-checker via frontend/lib/tools/registry.ts (+ frontend/lib/tools/market-copy.ts market override) rendered by frontend/lib/content/tool-page.tsx,32,0,osteoporosis screening,aligned,5,5,4,5,ok,em_dash_11.6/1k,4,Protect,Explicitly says it is NICE case-finding and not FRAX - unusually honest for this page type.,"IrelandOsteoporosis risk checkerFree health toolOsteoporosis risk checker IrelandAnswer questions about your age, sex and risk factors to see whether published guidelines recommend you ask for a bone density assessment.Based on NICE case-fi",No change.,NICE case-finding guidance named on page,"no - presentation, taxonomy, localisation or snippet only; no clinical statement changes",not needed,proposed,,Users know what the checklist is and is not,seo/tracking/raw/2026-09-15/A2-probe/text/U002045.txt
CR-0073,U002174,https://www.myglobalhealth.online/ireland/es/tools/due-date-calculator,Ireland,es,tool,frontend/locales/es/tools.json:due-date-calculator via frontend/lib/tools/registry.ts (+ frontend/lib/tools/market-copy.ts market override) rendered by frontend/lib/content/tool-page.tsx,0,0,,partial,3,4,4,4,ok,soft_404_signal,2,Consider retirement,"scanner soft_404_signal is a FALSE POSITIVE (week table digits '...40'+'41' read as '404' in the de-spaced DOM text extract). Spanish due-date tool on an Ireland URL, 0 impressions.","IrlandaCalculadora de embarazoHerramienta gratuitaCalculadora de embarazo IrlandaIndica el primer día de tu última regla para ver tu fecha probable de parto, en qué semana estás hoy y cuándo empieza cada trimestre.Se ajusta a ciclos de 20 a",Retire or noindex unless an Ireland es audience is evidenced.,Same clinical content as the en page,"no - presentation, taxonomy, localisation or snippet only; no clinical statement changes",not needed,proposed,,Less duplicate tool inventory,seo/tracking/raw/2026-09-15/A2-probe/text/U002174.txt
CR-0074,U002307,https://www.myglobalhealth.online/ireland/pt/tools/due-date-calculator,Ireland,pt,tool,frontend/locales/pt/tools.json:due-date-calculator via frontend/lib/tools/registry.ts (+ frontend/lib/tools/market-copy.ts market override) rendered by frontend/lib/content/tool-page.tsx,0,0,,partial,3,4,4,4,ok,soft_404_signal,2,Consider retirement,"scanner soft_404_signal is a FALSE POSITIVE (week table digits '...40'+'41' read as '404' in the de-spaced DOM text extract). Portuguese due-date tool on an Ireland URL, 0 impressions.","IrlandaCalculadora da data do partoFerramenta gratuitaCalculadora da data do parto IrlandaIndique o primeiro dia da última menstruação para ver a data provável do parto, em que semana está hoje e quando começa cada trimestre.Ajusta-se a cic",Retire or noindex unless an Ireland pt audience is evidenced.,Same clinical content as the en page,"no - presentation, taxonomy, localisation or snippet only; no clinical statement changes",not needed,proposed,,Less duplicate tool inventory,seo/tracking/raw/2026-09-15/A2-probe/text/U002307.txt
CR-0075,U002437,https://www.myglobalhealth.online/ireland/ro/tools/due-date-calculator,Ireland,ro,tool,frontend/locales/ro/tools.json:due-date-calculator via frontend/lib/tools/registry.ts (+ frontend/lib/tools/market-copy.ts market override) rendered by frontend/lib/content/tool-page.tsx,0,0,,partial,3,4,4,4,ok,soft_404_signal,2,Consider retirement,"scanner soft_404_signal is a FALSE POSITIVE (week table digits '...40'+'41' read as '404' in the de-spaced DOM text extract). Romanian due-date tool on an Ireland URL, 0 impressions.","IrlandaCalculator de sarcinăInstrument gratuitCalculator de sarcină IrlandaIntrodu prima zi a ultimei menstruații ca să vezi data probabilă a nașterii, în ce săptămână ești astăzi și când începe fiecare trimestru.Se ajustează pentru cicluri",Retire or noindex unless an Ireland ro audience is evidenced.,Same clinical content as the en page,"no - presentation, taxonomy, localisation or snippet only; no clinical statement changes",not needed,proposed,,Less duplicate tool inventory,seo/tracking/raw/2026-09-15/A2-probe/text/U002437.txt
CR-0076,U002957,https://www.myglobalhealth.online/portugal/pt/blog/atestado-medico-para-carta-de-conducao,Portugal,pt,blog_post,CMS blog record atestado-medico-para-carta-de-conducao (pt-pt) via frontend/lib/content/get-public-blog.ts; dump seo/tracking/raw/2026-09-15/A1-inventory/raw/api/blog/pt-pt.json,255,0,atestado para carta de condução,aligned,5,5,5,5,ok,none,5,Protect,255 impressions; Group 1/Group 2 categories and the IMT electronic submission are correct and specific.,"Todos os artigosMedicina Geral e FamiliarAtestado médico para carta de condução: Grupo 1, Grupo 2 e envio ao IMTSaiba que categorias pertencem aos Grupos 1 e 2, quando são pedidos atestado e avaliação psicológica e como o médico envia o doc",No change.,IMT submission and Group 1/2 categories described on page,"no - presentation, taxonomy, localisation or snippet only; no clinical statement changes",not needed,proposed,,Drivers know which group and test applies,seo/tracking/raw/2026-09-15/A2-probe/text/U002957.txt
CR-0077,U002959,https://www.myglobalhealth.online/portugal/pt/blog/baixa-medica-quanto-se-recebe-como-calcular,Portugal,pt,blog_post,CMS blog record baixa-medica-quanto-se-recebe-como-calcular (pt-pt) via frontend/lib/content/get-public-blog.ts; dump seo/tracking/raw/2026-09-15/A1-inventory/raw/api/blog/pt-pt.json,78,0,baixa por cirurgia de ambulatório quanto se recebe 2026,aligned,5,5,5,5,ok,none,5,Protect,Gives the actual 2026 rate bands (55/60/70/75%) and a worked example.,"Todos os artigosBaixa médicaBaixa médica: quanto se recebe e como é calculadaAs taxas do subsídio de doença em 2026, a remuneração de referência, os dias de espera e um exemplo de cálculo.Global Health Medical Team29 de agosto de 20265 min",No change.,Seguranca Social 2026 rate bands and IAS cited on page,"no - presentation, taxonomy, localisation or snippet only; no clinical statement changes",not needed,proposed,,A number the reader can apply to their own pay,seo/tracking/raw/2026-09-15/A2-probe/text/U002959.txt
CR-0078,U002781,https://www.myglobalhealth.online/portugal/en/blog/travel-health-consultation-portugal,Portugal,en,blog_post,CMS blog record travel-health-consultation-portugal (pt-en) via frontend/lib/content/get-public-blog.ts; dump seo/tracking/raw/2026-09-15/A1-inventory/raw/api/blog/pt-en.json,51,0,consulta do viajante online,aligned,5,5,4,4,ok,em_dash_15.6/1k,4,Improve,Blog category label renders in the source language on this locale (untranslated taxonomy leak). Category 'Medicina de Viagem' on the /en page; 15.6/1k em-dashes.,"All articlesMedicina de ViagemTravel health consultation in Portugal: where to go, when to book and what to bringThe consulta do viajante assesses the risk of your trip against your destination and prepares you b",Translate the category label for en and thin the dashes in the lede.,International Vaccination Centre role described; reviewed by Dr Ahmed Maklad,"no - presentation, taxonomy, localisation or snippet only; no clinical statement changes",not needed,proposed,,English readers see an English taxonomy,seo/tracking/raw/2026-09-15/A2-probe/text/U002781.txt
CR-0079,U002776,https://www.myglobalhealth.online/portugal/en/blog/hand-foot-and-mouth-disease-signs-and-treatment,Portugal,en,blog_post,CMS blog record hand-foot-and-mouth-disease-signs-and-treatment (pt-en) via frontend/lib/content/get-public-blog.ts; dump seo/tracking/raw/2026-09-15/A1-inventory/raw/api/blog/pt-en.json,1,0,kode icd 10 flu singapura adalah,mismatched,3,3,4,2,risk,em_dash_9.9/1k|google_folded_canonical,1,Consolidate,"A Portugal URL serving an article about 'hand, foot and mouth disease in Irish children' aligned to the HSE; meta is truncated; Google folded it.","t and mouth disease: Signs and treatmentYour complete HSE-aligned guide to hand, foot and mouth disease in Irish children. Covers symptoms, treatment at home, when to go to A&E, and how to stop it spreading inGlobal Health Medical TeamJune","Do not keep an Ireland-specific paediatric guide on a Portugal URL. Fold to one canonical HFMD article, or localise to DGS guidance and the Portuguese emergency route before republishing.",HSE guidance cited - not the Portuguese regulator,"yes - changes a clinical/credential/efficacy statement, needs the one in-market clinician approval",needed,proposed,,Portuguese parents get Portuguese guidance,seo/tracking/raw/2026-09-15/A2-probe/text/U002776.txt
CR-0080,U002689,https://www.myglobalhealth.online/portugal/de/blog/krankmeldung-selbsterklaerung-portugal,Portugal,de,blog_post,CMS blog record krankmeldung-selbsterklaerung-portugal (pt-de) via frontend/lib/content/get-public-blog.ts; dump seo/tracking/raw/2026-09-15/A1-inventory/raw/api/blog/pt-de.json,1,0,portugal,aligned,4,5,4,4,ok,superlative_hits=17,3,Improve,Blog category label renders in the source language on this locale (untranslated taxonomy leak). Category 'Medicina Geral e Familiar' on the /de page; 17 superlative hits.,Alle ArtikelMedicina Geral e FamiliarSelbsterklärung oder ärztliche Krankmeldung in Portugal: was Sie brauchenDie autodeclaração de doença reichen Sie selbst über Segurança Social Direta ein; sie entschuldigt kur,"Translate the category label for de and remove the superlative stack; keep the autodeclaracao vs baixa medica distinction, which is the value of the page.",Seguranca Social Direta process described on page,"no - presentation, taxonomy, localisation or snippet only; no clinical statement changes",needed,proposed,,German readers see a German taxonomy and plainer claims,seo/tracking/raw/2026-09-15/A2-probe/text/U002689.txt
CR-0081,U002599,https://www.myglobalhealth.online/portugal/cs/blog/nemoc-rukou-nohou-a-ust-priznaky-a-lecba,Portugal,cs,blog_post,CMS blog record nemoc-rukou-nohou-a-ust-priznaky-a-lecba (pt-cs) via frontend/lib/content/get-public-blog.ts; dump seo/tracking/raw/2026-09-15/A1-inventory/raw/api/blog/pt-cs.json,0,0,,mismatched,3,3,4,2,risk,google_folded_canonical,1,Consolidate,Czech-language article about HFMD 'u deti v Irsku' on a Portugal URL; Google-folded; 0 impressions.,"Všechny článkyTelemedicineNemoc rukou, nohou a úst: příznaky a léčbaPrůvodce podle doporučení HSE: příznaky nemoci rukou, nohou a úst u dětí v Irsku, domácí léčba, varovné příznaky a prevence šíření.Global Health M",Retire or fold; a Czech guide to Irish paediatric care does not belong on a Portugal URL.,HSE guidance cited - not the Portuguese regulator,"yes - changes a clinical/credential/efficacy statement, needs the one in-market clinician approval",needed,proposed,,Fewer wrong-market pages,seo/tracking/raw/2026-09-15/A2-probe/text/U002599.txt
CR-0082,U002780,https://www.myglobalhealth.online/portugal/en/blog/self-certification-sick-leave-portugal,Portugal,en,blog_post,CMS blog record self-certification-sick-leave-portugal (pt-en) via frontend/lib/content/get-public-blog.ts; dump seo/tracking/raw/2026-09-15/A1-inventory/raw/api/blog/pt-en.json,0,0,,partial,5,5,5,4,ok,google_folded_canonical,3,Improve,"Blog category label renders in the source language on this locale (untranslated taxonomy leak). Category 'Medicina Geral e Familiar' on the /en page. Google-folded despite being a good, genuinely Port",All articlesMedicina Geral e FamiliarSelf-certification or a medical certificate: which one you need in PortugalThe autodeclaração de doença is submitted by you on Segurança Social Direta and justifies a short ab,"Translate the category label; then check the canonical/hreflang pairing with the pt original, since the fold looks structural rather than editorial.",Seguranca Social Direta and CIT described on page,"no - presentation, taxonomy, localisation or snippet only; no clinical statement changes",not needed,proposed,,English residents keep a page Google will index,seo/tracking/raw/2026-09-15/A2-probe/text/U002780.txt
CR-0083,U002785,https://www.myglobalhealth.online/portugal/en/careers,Portugal,en,careers,CMS job records (pt-en) via frontend/lib/content/get-public-jobs.ts; dump .../api/jobs/pt-en.json,1,0,global health jobs,partial,2,2,3,3,ok,em_dash_59.1/1k,2,Improve,254 words; the page is in English but every vacancy title is in Portuguese ('Endocrinologista (m/f) - Junte-se a Global Health Portugal').,shOpen rolesOpen positionsEquipa clinicaEndocrinologista (m/f) — Junte-se à Global Health PortugalPortugal- 100% remotoEquipa ClinicaGinecologista (m/f) — Junte-se à Global Health PortugalPortugal - 100% remotoUrologista (m/f) — Junte-se à,Either serve vacancy titles in the page locale or state that roles are listed in Portuguese; add one line of scope per role.,Vacancy titles come from the jobs record,"no - presentation, taxonomy, localisation or snippet only; no clinical statement changes",not needed,proposed,,Applicants can read the roles on the page they landed on,seo/tracking/raw/2026-09-15/A2-probe/text/U002785.txt
CR-0084,U003000,https://www.myglobalhealth.online/portugal/pt/doctors/dr-telmo-coelho,Portugal,pt,doctor,CMS doctor record dr-telmo-coelho (pt-pt) via frontend/lib/content/get-public-doctors.ts rendered by frontend/lib/content/doctor-profile-page.tsx; dump .../api/doctors/pt-pt.json,95,3,dr telmo coelho psiquiatra,aligned,5,5,4,4,check,none,4,Improve,"Best doctor page in Portugal (95 impressions / 3 clicks, p4-7 on name queries) but the bio claims he is 'um dos psiquiatras com maior abrangencia de experiencia clinica especializada disponivel' - an ","e institucional, que o posicionam como um dos psiquiatras com maior abrangência de experiência clínica especializada disponíveis para consulta online em Portugal.Concluiu a especialização em Psiquiatria no Centro Hospitalar de São João, co","Cut the comparative clause; keep OM 48028, CH Sao Joao, Hospital das Forcas Armadas and the forensic/psychotraumatology qualifications, which are the real differentiators.",OM 48028 and named posts on page; the comparative has no source,"yes - changes a clinical/credential/efficacy statement, needs the one in-market clinician approval",not needed,proposed,,A profile that persuades on verifiable posts,seo/tracking/raw/2026-09-15/A2-probe/text/U003000.txt
CR-0085,U002711,https://www.myglobalhealth.online/portugal/de/doctors/dr-ruben-pereira,Portugal,de,doctor,CMS doctor record dr-ruben-pereira (pt-de) via frontend/lib/content/get-public-doctors.ts rendered by frontend/lib/content/doctor-profile-page.tsx; dump .../api/doctors/pt-de.json,3,0,ruben pereira,partial,3,3,4,3,risk,superlative_hits=7,2,Improve,Meta calls him 'Spezialist fuer Psychiatrie und Sportmedizin' while the body says he is an Assistenzarzt in psychiatry specialist training; title says Allgemeinmedizin. Three different credential clai,"DoctorDr Ruben Pereira — General Doctor, Global Health Portugal Dr Ruben Pereira — General Doctor at Global Health Portugal. Book an online video consultation.++Zurück zum Team in PortugalArztprofilDr Ruben PereiraAllgemeinmedizinÜberprüfen","Align title, meta and body to the registration actually held (doctor in psychiatry specialist training, general medicine consultations); remove 'Spezialist'.",Body states 'Assistenzarzt in der Facharztausbildung fuer Psychiatrie'; the meta claim contradicts it,"yes - changes a clinical/credential/efficacy statement, needs the one in-market clinician approval",needed,proposed,,Patients are not told a trainee is a specialist,seo/tracking/raw/2026-09-15/A2-probe/text/U002711.txt
CR-0086,U002803,https://www.myglobalhealth.online/portugal/en/doctors/dr-telmo-coelho,Portugal,en,doctor,CMS doctor record dr-telmo-coelho (pt-en) via frontend/lib/content/get-public-doctors.ts rendered by frontend/lib/content/doctor-profile-page.tsx; dump .../api/doctors/pt-en.json,2,0,telmo coelho,aligned,4,4,4,4,ok,em_dash_13.5/1k,3,Improve,"English SEO heading block ('<Name> - <Specialty>, Global Health <Market>. Book an online video consultation.') renders above the localised profile on every locale. Thin against the pt profile (1,552 v","DoctorDr Telmo Coelho — Psychiatrist, Global Health Portugal Dr Telmo Coelho — Psychiatrist at Global Health Portugal. Book an online video consultation.++Back to Portugal teamDoctor ProfileDr Telmo CoelhoPsychiatristReview doctor profile d",Port the hospital and forensic posts from the pt profile into the en profile; localise the hidden heading.,OM 48028 on page,"no - presentation, taxonomy, localisation or snippet only; no clinical statement changes",not needed,proposed,,English readers see the same credentials as Portuguese readers,seo/tracking/raw/2026-09-15/A2-probe/text/U002803.txt
CR-0087,U002808,https://www.myglobalhealth.online/portugal/en/faq,Portugal,en,faq,frontend/locales/en/faq-markets.json:pt.groups via frontend/lib/content/country-faq.ts,1,0,my global health,aligned,4,4,4,4,ok,em_dash_8.7/1k,4,Protect,"Accurate English mirror of the Portugal FAQ, points at the public Ordem dos Medicos register.","Global Health · PortugalGlobal Health · PortugalQuestions, answered without the marketing speak.Booking, payment, consultations, privacy, and when online care is not the right route. Can't find what you need? Drop us a line.Contact the team",No change.,Ordem dos Medicos public register referenced on page,"no - presentation, taxonomy, localisation or snippet only; no clinical statement changes",not needed,proposed,,Readers can verify a doctor themselves,seo/tracking/raw/2026-09-15/A2-probe/text/U002808.txt
CR-0088,HOME-PT,https://www.myglobalhealth.online/portugal/pt,Portugal,pt,market_home,"frontend/app/[country]/[lang]/page.tsx + CMS page-content record HOME/pt/pt (hero, faq[]) via lib/content/get-page-content.ts + frontend/lib/content/country-home-copy.ts + frontend/locales/pt/home.json",676,7,medico online portugal,aligned,5,5,4,5,ok,none,4,Protect,"676 impressions / 7 clicks; hero is properly localised ('Medicos licenciados, sem salas de espera').","PortugalPortugal15 disponívelCuidados médicos online em PortugalMédicos licenciados, sem salas de espera, disponíveis em todo o país.Consultas de clínica geral a partir de 39 €Marcar consultaVer serviçosLicenciados em PortugalDisponibilidad",No copy change; positions 38-60 make this a visibility problem.,Ordem dos Medicos named in the page FAQ; EUR 39 GP price stated,"no - presentation, taxonomy, localisation or snippet only; no clinical statement changes",not needed,proposed,,Nothing to change for the reader,seo/tracking/raw/2026-09-15/A2-probe/text/HOME-PT.txt
CR-0089,U002862,https://www.myglobalhealth.online/portugal/es,Portugal,es,market_home,"frontend/app/[country]/[lang]/page.tsx + CMS page-content record HOME/pt/es (hero, faq[]) via lib/content/get-page-content.ts + frontend/lib/content/country-home-copy.ts + frontend/locales/es/home.json",38,0,cita medico,aligned,4,4,4,4,ok,none,4,Improve,Country name renders as the English slug inside localised copy (trust chips / 'registered in X'). 'Colegiados en Spain'-style token appears as the market label; otherwise a clean Spanish home for Port,"PortugalPortugal15 disponibleAtención médica online en PortugalMédicos colegiados, sin salas de espera, disponibles en todo el país.Consultas de médico de cabecera desde 39 €Reservar una consultaVer serviciosColegiados en PortugalDisponibil",Localise the country token in the trust ribbon.,Ordem dos Medicos named in the page FAQ,"no - presentation, taxonomy, localisation or snippet only; no clinical statement changes",not needed,proposed,,Spanish copy reads as Spanish throughout,seo/tracking/raw/2026-09-15/A2-probe/text/U002862.txt
CR-0090,U002681,https://www.myglobalhealth.online/portugal/de,Portugal,de,market_home,"frontend/app/[country]/[lang]/page.tsx + CMS page-content record HOME/pt/de (hero, faq[]) via lib/content/get-page-content.ts + frontend/lib/content/country-home-copy.ts + frontend/locales/de/home.json",11,0,arzt,partial,3,3,3,3,ok,superlative_hits=8,3,Improve,8 superlative hits and 15.0/1k em-dashes on the German Portugal home; 11 impressions.,"PortugalPortugal15 verfügbarOnline-medizinische Versorgung in PortugalApprobierte Ärzte, keine Wartezimmer, landesweit verfügbar.Hausarzttermine ab 39 €Konsultation buchenLeistungen anzeigenZugelassen in PortugalEchtzeitverfügbarkeitOnline-","Trim the superlative stack; keep the regulator, the price and the availability line.",Ordem dos Medicos named in the page FAQ; EUR 39 price stated,"no - presentation, taxonomy, localisation or snippet only; no clinical statement changes",needed,proposed,,A plainer German page that still names the regulator,seo/tracking/raw/2026-09-15/A2-probe/text/U002681.txt
CR-0091,U002771,https://www.myglobalhealth.online/portugal/en,Portugal,en,market_home,"frontend/app/[country]/[lang]/page.tsx + CMS page-content record HOME/pt/en (hero, faq[]) via lib/content/get-page-content.ts + frontend/lib/content/country-home-copy.ts + frontend/locales/en/home.json",1,0,doctor in portugal,aligned,4,4,4,4,ok,em_dash_14.4/1k,3,Protect,"Correct English Portugal home, 1 impression - a distribution problem, not a copy one.","PortugalPortugal15 availableOnline medical care in PortugalLicensed doctors, no waiting rooms, available nationwide.GP consultations from €39Book a consultationBrowse servicesLicensed in PortugalLive availabilityOnline appointments{""@contex",No copy change.,Ordem dos Medicos named in the page FAQ,"no - presentation, taxonomy, localisation or snippet only; no clinical statement changes",not needed,proposed,,Nothing to change for the reader,seo/tracking/raw/2026-09-15/A2-probe/text/U002771.txt
CR-0092,U002930,https://www.myglobalhealth.online/portugal/es/services/consulta-medica,Portugal,es,service,CMS service record consulta-medica (pt-es) via frontend/lib/content/get-public-services.ts + frontend/lib/content/service-hub-content*.ts; dump .../api/services/pt-es.json,233,0,medico online portugal,partial,4,4,4,4,check,none,3,Improve,"233 impressions, 0 clicks. The meta ends with 'Tambien aceptamos Medicare para este servicio' - to a Spanish-language reader Medicare reads as the US programme, and it displaces the booking promise in","as, puede ser más adecuada para su caso.También aceptamos Medicare para este servicio.Médicos colegiados · PortugalVideoconsulta seguraConfidencial y conforme con el GDPRRevisado clínicamente por Dr Tiago Miguel Figueira· OM | 77986Última r","Move the Medicare line out of the meta description into the body and name it unambiguously (the Portuguese health card), keeping the payment fact intact.",Medicare acceptance is an owner-set payment fact; the page does not say which Medicare,"no - presentation, taxonomy, localisation or snippet only; no clinical statement changes",needed,proposed,,"The snippet sells the consultation, not a confusing payment note",seo/tracking/raw/2026-09-15/A2-probe/text/U002930.txt
CR-0093,U002832,https://www.myglobalhealth.online/portugal/en/services/consulta-cardiologia,Portugal,en,service,CMS service record consulta-cardiologia (pt-en) via frontend/lib/content/get-public-services.ts + frontend/lib/content/service-hub-content*.ts; dump .../api/services/pt-en.json,136,0,online doctor consultation cardiologist,aligned,4,5,3,4,check,em_dash_30.0/1k,3,Improve,'the highest level of specialist cardiovascular qualification in Portugal' ranks a college membership; 30.0/1k em-dashes.,of the Portuguese Medical Association — the highest level of specialist cardiovascular qualification in Portugal — and offer complete cardiovascular assessments by secure video call. This is not a GP consultation that touches on heart-healt,State the Colegio de Cardiologia membership factually without the ranking clause and rewrite the lede without dashes.,"Reviewed by Dr Tiago Miguel Figueira, OM 77986; the ranking clause has no source","yes - changes a clinical/credential/efficacy statement, needs the one in-market clinician approval",not needed,proposed,,Accurate description of the cardiologist's registration,seo/tracking/raw/2026-09-15/A2-probe/text/U002832.txt
CR-0094,U002830,https://www.myglobalhealth.online/portugal/en/services/certificado-medico-carta-de-conducao,Portugal,en,service,CMS service record certificado-medico-carta-de-conducao (pt-en) via frontend/lib/content/get-public-services.ts + frontend/lib/content/service-hub-content*.ts; dump .../api/services/pt-en.json,24,1,dr online portugal driving licence,aligned,5,5,4,5,check,superlative_hits=3|em_dash_12.1/1k,4,Improve,Good Group 1/Group 2 service page; carries the same ambiguous 'We also accept Medicare for this service' in the meta.,ss with you directly during the process.We also accept Medicare for this service.Registered doctors · PortugalSecure video consultationConfidential & GDPR-compliantClinically reviewed by Dr Tiago Miguel Figueira· OM | 77986Last reviewed Sep,Move the Medicare line into the body and disambiguate it.,"EUR 30 / 15 min, OM 77986 reviewer, IMT acceptance stated on page","no - presentation, taxonomy, localisation or snippet only; no clinical statement changes",not needed,proposed,,"Snippet space spent on the certificate, not the payment note",seo/tracking/raw/2026-09-15/A2-probe/text/U002830.txt
CR-0095,U002848,https://www.myglobalhealth.online/portugal/en/services/saude-da-mulher,Portugal,en,service,CMS service record saude-da-mulher (pt-en) via frontend/lib/content/get-public-services.ts + frontend/lib/content/service-hub-content*.ts; dump .../api/services/pt-en.json,6,0,consulta online ginecologia,aligned,4,4,3,4,ok,em_dash_19.7/1k,3,Improve,19.7/1k em-dashes; the lede is a single dash-chained sentence.,"++All consultationsOnline consultationWomen's Health ConsultationWomen's health covers far more than reproductive medicine — it includes hormonal health, metabolic conditions, mental wellbeing, and the specific ways common conditions presen","Rewrite the lede in short sentences; keep price, duration and the OM 77986 reviewer.",EUR 49 / 20 min and OM 77986 reviewer shown on page,"no - presentation, taxonomy, localisation or snippet only; no clinical statement changes",not needed,proposed,,Easier first paragraph on mobile,seo/tracking/raw/2026-09-15/A2-probe/text/U002848.txt
CR-0096,U003052,https://www.myglobalhealth.online/portugal/pt/tools/blood-pressure-chart,Portugal,pt,tool,frontend/locales/pt/tools.json:blood-pressure-chart via frontend/lib/tools/registry.ts (+ frontend/lib/tools/market-copy.ts market override) rendered by frontend/lib/content/tool-page.tsx,201,2,tabela de medição de tensão arterial,aligned,5,5,5,5,ok,none,4,Improve,"167 of 201 impressions in the top 15 with 2 clicks; the queries are 'tabela de registo tensao arterial' and 'registo tensao arterial' - people want a chart to RECORD readings in, not only to compare a","PortugalTabela de tensão arterialFerramenta gratuitaTabela de tensão arterial PortugalIntroduza os dois números do seu medidor para ver onde fica a leitura na tabela europeia para adultos — e o que fazer, se houver alguma coisa a fazer.Cate","Say in the title/meta whether the page also gives a record sheet, and add a printable record row if it does; do not imply one that does not exist.",ESC/ESH adult categories named on page,"no - presentation, taxonomy, localisation or snippet only; no clinical statement changes",not needed,proposed,,The page matches what the searcher actually wanted,seo/tracking/raw/2026-09-15/A2-probe/text/U003052.txt
CR-0097,U003055,https://www.myglobalhealth.online/portugal/pt/tools/due-date-calculator,Portugal,pt,tool,frontend/locales/pt/tools.json:due-date-calculator via frontend/lib/tools/registry.ts (+ frontend/lib/tools/market-copy.ts market override) rendered by frontend/lib/content/tool-page.tsx,8,0,calculadora da gravidez,aligned,4,4,5,5,ok,soft_404_signal,4,Protect,scanner soft_404_signal is a FALSE POSITIVE (week table digits '...40'+'41' read as '404' in the de-spaced DOM text extract). 8 impressions at p22-72.,"PortugalCalculadora da data do partoFerramenta gratuitaCalculadora da data do parto PortugalIndique o primeiro dia da última menstruação para ver a data provável do parto, em que semana está hoje e quando começa cada trimestre.Ajusta-se a c",No copy change; fix the scanner rule.,40-week table and term window stated on page,"no - presentation, taxonomy, localisation or snippet only; no clinical statement changes",not needed,proposed,,Nothing to change for the reader,seo/tracking/raw/2026-09-15/A2-probe/text/U003055.txt
CR-0098,U002858,https://www.myglobalhealth.online/portugal/en/tools/due-date-calculator,Portugal,en,tool,frontend/locales/en/tools.json:due-date-calculator via frontend/lib/tools/registry.ts (+ frontend/lib/tools/market-copy.ts market override) rendered by frontend/lib/content/tool-page.tsx,0,0,,partial,4,4,4,4,ok,soft_404_signal,3,Consolidate,"scanner soft_404_signal is a FALSE POSITIVE (week table digits '...40'+'41' read as '404' in the de-spaced DOM text extract). English due-date tool on a Portugal URL, 0 impressions.","PortugalDue date calculatorFree health toolDue date calculator PortugalEnter the first day of your last period to see your estimated due date, how far along you are today, and when each trimester starts.Adjusts for cycle lengths from 20 to",Fold into the market locale policy.,Same clinical content as the pt page,"no - presentation, taxonomy, localisation or snippet only; no clinical statement changes",not needed,proposed,,Fewer near-duplicate tool pages,seo/tracking/raw/2026-09-15/A2-probe/text/U002858.txt
CR-0099,U002948,https://www.myglobalhealth.online/portugal/es/tools/due-date-calculator,Portugal,es,tool,frontend/locales/es/tools.json:due-date-calculator via frontend/lib/tools/registry.ts (+ frontend/lib/tools/market-copy.ts market override) rendered by frontend/lib/content/tool-page.tsx,0,0,,partial,3,4,4,4,ok,soft_404_signal,2,Consider retirement,"scanner soft_404_signal is a FALSE POSITIVE (week table digits '...40'+'41' read as '404' in the de-spaced DOM text extract). Spanish due-date tool on a Portugal URL, 0 impressions.","PortugalCalculadora de embarazoHerramienta gratuitaCalculadora de embarazo PortugalIndica el primer día de tu última regla para ver tu fecha probable de parto, en qué semana estás hoy y cuándo empieza cada trimestre.Se ajusta a ciclos de 20",Retire or noindex unless a Portugal es audience is evidenced.,Same clinical content as the pt page,"no - presentation, taxonomy, localisation or snippet only; no clinical statement changes",not needed,proposed,,Less duplicate tool inventory,seo/tracking/raw/2026-09-15/A2-probe/text/U002948.txt
CR-0100,U003145,https://www.myglobalhealth.online/portugal/ro/tools/due-date-calculator,Portugal,ro,tool,frontend/locales/ro/tools.json:due-date-calculator via frontend/lib/tools/registry.ts (+ frontend/lib/tools/market-copy.ts market override) rendered by frontend/lib/content/tool-page.tsx,0,0,,partial,3,4,4,4,ok,soft_404_signal,2,Consider retirement,"scanner soft_404_signal is a FALSE POSITIVE (week table digits '...40'+'41' read as '404' in the de-spaced DOM text extract). Romanian due-date tool on a Portugal URL, 0 impressions.","PortugaliaCalculator de sarcinăInstrument gratuitCalculator de sarcină PortugaliaIntrodu prima zi a ultimei menstruații ca să vezi data probabilă a nașterii, în ce săptămână ești astăzi și când începe fiecare trimestru.Se ajustează pentru c",Retire or noindex unless a Portugal ro audience is evidenced.,Same clinical content as the pt page,"no - presentation, taxonomy, localisation or snippet only; no clinical statement changes",not needed,proposed,,Less duplicate tool inventory,seo/tracking/raw/2026-09-15/A2-probe/text/U003145.txt
CR-0101,U003809,https://www.myglobalhealth.online/romania/en/blog/low-blood-pressure-why-it-happens-what-to-do-right-away-and-when-not-to-wait,Romania,en,blog_post,CMS blog record low-blood-pressure-why-it-happens-what-to-do-right-away-and-when-not-to-wait (ro-en) via frontend/lib/content/get-public-blog.ts; dump seo/tracking/raw/2026-09-15/A1-inventory/raw/api/blog/ro-en.json,278,0,nhs low blood pressure 90/60 symptoms official,aligned,5,5,5,4,ok,none,4,Improve,"Blog category label renders in the source language on this locale (untranslated taxonomy leak). Category 'Medicina generala' on the /en page. 278 impressions, but the winning queries are NHS/MedlinePl","All articlesMedicină generalăLow blood pressure: why it happens, what to do right away, and when not to waitUnder 90/60 with no symptoms isn't a disease. With dizziness and fainting, it is. The common causes, the","Translate the category label; keep the clinical content, which is strong, and add the Romanian emergency route (112) prominence the ro version has.",European hypotension guidance cited; reviewed by Dr Tiago Miguel Figueira,"no - presentation, taxonomy, localisation or snippet only; no clinical statement changes",not needed,proposed,,English readers see an English taxonomy,seo/tracking/raw/2026-09-15/A2-probe/text/U003809.txt
CR-0102,U003678,https://www.myglobalhealth.online/romania/cs/blog/normalni-krevni-tlak-podle-veku-uzitecny-pruvodce-bez-zavadejicich-tabulek,Romania,cs,blog_post,CMS blog record normalni-krevni-tlak-podle-veku-uzitecny-pruvodce-bez-zavadejicich-tabulek (ro-cs) via frontend/lib/content/get-public-blog.ts; dump seo/tracking/raw/2026-09-15/A1-inventory/raw/api/blog/ro-cs.json,61,0,normální tlak,aligned,5,5,5,4,ok,none,4,Improve,Blog category label renders in the source language on this locale (untranslated taxonomy leak). Category 'Boli cronice' on the /cs page.,"Všechny článkyBoli croniceNormální krevní tlak podle věku: užitečný průvodce bez zavádějících tabulekJaké hodnoty jsou u dospělých skutečně normální, proč vyšší tlak není běžnou součástí stárnutí a kdy opakované zv",Translate the category label for cs.,European hypertension thresholds cited on page,"no - presentation, taxonomy, localisation or snippet only; no clinical statement changes",needed,proposed,,Czech readers see a Czech taxonomy,seo/tracking/raw/2026-09-15/A2-probe/text/U003678.txt
CR-0103,U004007,https://www.myglobalhealth.online/romania/ro/blog/ce-scade-tensiunea-arteriala-rapid-sigur,Romania,ro,blog_post,CMS blog record ce-scade-tensiunea-arteriala-rapid-sigur (ro-ro) via frontend/lib/content/get-public-blog.ts; dump seo/tracking/raw/2026-09-15/A1-inventory/raw/api/blog/ro-ro.json,56,0,ce scade tensiunea imediat,aligned,5,5,5,5,ok,none,5,Protect,"Best Romanian-language page in the set: p6-8 for 'ce scade tensiunea' family and it refuses to give a captopril dose, which is the safe answer.","Toate articoleleBoli croniceCe scade tensiunea rapid? Pași siguri și când sunați la 112Nu există un truc sigur pentru toată lumea. Aflați cum verificați valoarea, când sunați la 112 și de ce nu luați captopril sau doze suplimentare fără un",No change.,Refusal to give an unsupervised captopril dose is the clinically correct position; 112 route stated,"no - presentation, taxonomy, localisation or snippet only; no clinical statement changes",not needed,proposed,,A safe answer to a dangerous self-treatment question,seo/tracking/raw/2026-09-15/A2-probe/text/U004007.txt
CR-0104,U003878,https://www.myglobalhealth.online/romania/es/blog/presion-arterial-normal-guia-util-por-edad-sin-tablas-enganosas,Romania,es,blog_post,CMS blog record presion-arterial-normal-guia-util-por-edad-sin-tablas-enganosas (ro-es) via frontend/lib/content/get-public-blog.ts; dump seo/tracking/raw/2026-09-15/A1-inventory/raw/api/blog/ro-es.json,51,0,presion arterial normal,aligned,4,5,5,4,ok,none,4,Improve,Blog category label renders in the source language on this locale (untranslated taxonomy leak). Category 'Boli cronice' on the /es page.,"Todos los artículosBoli cronicePresión arterial normal: guía útil por edad, sin tablas engañosasQué cifras son realmente normales en adultos, por qué no existe otro intervalo «normal» solo por cumplir años y cuándo debe",Translate the category label for es.,European hypertension thresholds cited on page,"no - presentation, taxonomy, localisation or snippet only; no clinical statement changes",needed,proposed,,Spanish readers see a Spanish taxonomy,seo/tracking/raw/2026-09-15/A2-probe/text/U003878.txt
CR-0105,U003745,https://www.myglobalhealth.online/romania/de/blog/normaler-blutdruck-hilfreicher-leitfaden-nach-alter-ohne-irrefuhrende-tabellen,Romania,de,blog_post,CMS blog record normaler-blutdruck-hilfreicher-leitfaden-nach-alter-ohne-irrefuhrende-tabellen (ro-de) via frontend/lib/content/get-public-blog.ts; dump seo/tracking/raw/2026-09-15/A1-inventory/raw/api/blog/ro-de.json,18,0,blutdruck im alter,aligned,4,5,4,4,ok,superlative_hits=15,3,Improve,Blog category label renders in the source language on this locale (untranslated taxonomy leak). Category 'Boli cronice' on the /de page; 15 superlative hits.,"Alle ArtikelBoli croniceNormaler Blutdruck: hilfreicher Leitfaden nach Alter, ohne irreführende TabellenWelche Werte bei Erwachsenen tatsächlich normal sind, warum es mit zunehmendem Alter keinen eigenen „Normalb",Translate the category label and trim the superlative stack.,European hypertension thresholds cited on page,"no - presentation, taxonomy, localisation or snippet only; no clinical statement changes",needed,proposed,,German readers see a German taxonomy and plainer claims,seo/tracking/raw/2026-09-15/A2-probe/text/U003745.txt
CR-0106,U003812,https://www.myglobalhealth.online/romania/en/blog/normal-blood-pressure-a-practical-guide-by-age-without-misleading-tables,Romania,en,blog_post,CMS blog record normal-blood-pressure-a-practical-guide-by-age-without-misleading-tables (ro-en) via frontend/lib/content/get-public-blog.ts; dump seo/tracking/raw/2026-09-15/A1-inventory/raw/api/blog/ro-en.json,5,0,blood pressure 152/78,aligned,4,5,4,4,ok,superlative_hits=9,3,Improve,Blog category label renders in the source language on this locale (untranslated taxonomy leak). Category 'Boli cronice' on the /en page; 9 superlative hits; 5 impressions.,"All articlesBoli croniceNormal blood pressure: a practical guide by age, without misleading tablesWhich readings are genuinely normal in adults, why advancing age does not create a different ‘normal’, and when re",Translate the category label and trim the superlatives.,European hypertension thresholds cited on page,"no - presentation, taxonomy, localisation or snippet only; no clinical statement changes",not needed,proposed,,English readers see an English taxonomy,seo/tracking/raw/2026-09-15/A2-probe/text/U003812.txt
CR-0107,U003803,https://www.myglobalhealth.online/romania/en,Romania,en,market_home,"frontend/app/[country]/[lang]/page.tsx + CMS page-content record HOME/ro/en (hero, faq[]) via lib/content/get-page-content.ts + frontend/lib/content/country-home-copy.ts + frontend/locales/en/home.json",349,0,romania specialist,partial,3,3,4,3,check,none,2,Improve,Hero subtitle still uses the generic pan-market line 'registered with national medical councils across Europe' instead of the market regulator. 349 impressions on generic English queries ('doctor appo,"ose a service, select an open time, and speak with licensed clinicians registered with national medical councils across Europe.Book AppointmentBrowse servicesLicensed in RomaniaLive availabilityOnline appointments{""@context"":""https://schema","Replace the hero subtitle with the Colegiul Medicilor din Romania wording, and localise the 'Licensed in Romania' trust token.",Colegiul Medicilor din Romania named in the page FAQ,"no - presentation, taxonomy, localisation or snippet only; no clinical statement changes",not needed,proposed,,Visitors see the Romanian regulator named in the hero,seo/tracking/raw/2026-09-15/A2-probe/text/U003803.txt
CR-0108,HOME-RO,https://www.myglobalhealth.online/romania/ro,Romania,ro,market_home,"frontend/app/[country]/[lang]/page.tsx + CMS page-content record HOME/ro/ro (hero, faq[]) via lib/content/get-page-content.ts + frontend/lib/content/country-home-copy.ts + frontend/locales/ro/home.json",196,0,consultatii online,partial,4,4,4,3,check,none,3,Improve,Hero subtitle still uses the generic pan-market line 'registered with national medical councils across Europe' instead of the market regulator. in Romanian ('colegiile medicale nationale din toata Eur,"ectați un interval orar și discutați cu medici autorizați înregistrați la colegiile medicale naționale din toată Europa.Programează o consultațieVezi serviciiAutorizat în RomaniaDisponibilitate în timp realConsultații online{""@context"":""htt",Replace the hero subtitle with the CMR wording and localise the country token to 'Romania' in Romanian orthography.,Colegiul Medicilor din Romania named in the page FAQ,"no - presentation, taxonomy, localisation or snippet only; no clinical statement changes",needed,proposed,,Romanian visitors see the Romanian regulator in the hero,seo/tracking/raw/2026-09-15/A2-probe/text/HOME-RO.txt
CR-0109,U003736,https://www.myglobalhealth.online/romania/de,Romania,de,market_home,"frontend/app/[country]/[lang]/page.tsx + CMS page-content record HOME/ro/de (hero, faq[]) via lib/content/get-page-content.ts + frontend/lib/content/country-home-copy.ts + frontend/locales/de/home.json",9,1,praktischer arzt in der nähe,partial,3,3,3,2,check,superlative_hits=8,2,Improve,Hero subtitle still uses the generic pan-market line 'registered with national medical councils across Europe' instead of the market regulator. plus 'Zugelassen in Romania'; 8 superlative hits; 9 impr,"d sprechen Sie mit zugelassenen Ärzten, die bei den nationalen Ärztekammern in ganz Europa registriert sind.Termin buchenLeistungen anzeigenZugelassen in RomaniaEchtzeitverfügbarkeitOnline-Konsultationen{""@context"":""https://schema.org"",""@ty","Replace the hero subtitle with the CMR wording, localise the country token to 'Rumaenien', trim superlatives.",Colegiul Medicilor din Romania named in the page FAQ,"no - presentation, taxonomy, localisation or snippet only; no clinical statement changes",needed,proposed,,"German visitors see the Romanian regulator, in German",seo/tracking/raw/2026-09-15/A2-probe/text/U003736.txt
CR-0110,U003778,https://www.myglobalhealth.online/romania/de/services/caderea-parului-online,Romania,de,service,CMS service record caderea-parului-online (ro-de) via frontend/lib/content/get-public-services.ts + frontend/lib/content/service-hub-content*.ts; dump .../api/services/ro-de.json,2,0,online beratung bei haarausfall,partial,3,3,4,3,ok,superlative_hits=7,2,Improve,764 words - the thinnest service page in the set - and it shows 'In Romania zugelassener Arzt' and '115 lei' with the English country token.,"++Alle BeratungenOnline-BeratungBeratung bei HaarausfallBeurteilung bei Ausdünnung oder ausgeprägtem Haarausfall. Unsere zugelassenen CMR-Ärzte bewerten die möglichen Ursachen, empfehlen die erforderlichen Untersuchungen und legen auf Grund",Bring the de hair-loss page up to the depth of the ro original or retire the de variant; localise the country token.,115 lei / 15 min and CMR 152462 reviewer shown on page,"no - presentation, taxonomy, localisation or snippet only; no clinical statement changes",needed,proposed,,German readers get a page worth landing on,seo/tracking/raw/2026-09-15/A2-probe/text/U003778.txt
CR-0111,U004066,https://www.myglobalhealth.online/romania/ro/tools/calorie-calculator,Romania,ro,tool,frontend/locales/ro/tools.json:calorie-calculator via frontend/lib/tools/registry.ts (+ frontend/lib/tools/market-copy.ts market override) rendered by frontend/lib/content/tool-page.tsx,2689,31,calculator calorii,aligned,5,5,5,5,ok,none,5,Improve,"Largest single page in the set: 2,689 impressions, 2,521 of them in the top 15 at average position 8, and only 31 clicks (1.2%). The snippet, not the ranking, is the bottleneck.","RomâniaCalculator caloriiInstrument gratuitCalculator calorii RomâniaIntrodu sexul, vârsta, înălțimea, greutatea și cât de activ ești ca să vezi câte calorii arzi într-o zi, și cât să mănânci ca să îți menții, să scazi sau să crești greutat","Rewrite title/meta to lead with the outcome (maintenance, deficit and surplus in one screen) rather than the country token; keep Mifflin-St Jeor as the credibility line.",Mifflin-St Jeor equation named on page,"no - presentation, taxonomy, localisation or snippet only; no clinical statement changes",needed,proposed,,Thousands of existing impressions converted to visits,seo/tracking/raw/2026-09-15/A2-probe/text/U004066.txt
CR-0112,U004065,https://www.myglobalhealth.online/romania/ro/tools/bmi-calculator,Romania,ro,tool,frontend/locales/ro/tools.json:bmi-calculator via frontend/lib/tools/registry.ts (+ frontend/lib/tools/market-copy.ts market override) rendered by frontend/lib/content/tool-page.tsx,373,0,calculator imc,aligned,5,5,5,5,ok,none,4,Protect,373 impressions but positions 24-29; the snippet is not the constraint.,"RomâniaCalculator IMCInstrument gratuitCalculator IMC RomâniaIntrodu înălțimea și greutatea ca să vezi indicele de masă corporală și unde se situează pe scala Organizației Mondiale a Sănătății pentru adulți.Metric și imperial (kg, stone, li",No copy change.,WHO adult BMI bands named on page,"no - presentation, taxonomy, localisation or snippet only; no clinical statement changes",not needed,proposed,,Nothing to change for the reader,seo/tracking/raw/2026-09-15/A2-probe/text/U004065.txt
CR-0113,U004067,https://www.myglobalhealth.online/romania/ro/tools/due-date-calculator,Romania,ro,tool,frontend/locales/ro/tools.json:due-date-calculator via frontend/lib/tools/registry.ts (+ frontend/lib/tools/market-copy.ts market override) rendered by frontend/lib/content/tool-page.tsx,173,1,calculator sarcina,aligned,5,5,5,5,ok,soft_404_signal,4,Protect,scanner soft_404_signal is a FALSE POSITIVE (week table digits '...40'+'41' read as '404' in the de-spaced DOM text extract). 173 impressions at p27-39.,"RomâniaCalculator de sarcinăInstrument gratuitCalculator de sarcină RomâniaIntrodu prima zi a ultimei menstruații ca să vezi data probabilă a nașterii, în ce săptămână ești astăzi și când începe fiecare trimestru.Se ajustează pentru cicluri",No copy change; fix the scanner rule.,40-week table and term window stated on page,"no - presentation, taxonomy, localisation or snippet only; no clinical statement changes",not needed,proposed,,Nothing to change for the reader,seo/tracking/raw/2026-09-15/A2-probe/text/U004067.txt
CR-0114,U003931,https://www.myglobalhealth.online/romania/es/tools/bmi-calculator,Romania,es,tool,frontend/locales/es/tools.json:bmi-calculator via frontend/lib/tools/registry.ts (+ frontend/lib/tools/market-copy.ts market override) rendered by frontend/lib/content/tool-page.tsx,106,0,indice masa corporala calculator,partial,4,4,4,4,ok,superlative_hits=3,3,Consolidate,"Spanish BMI tool on a Romania URL: 106 impressions but every query sits at p71-88 and the queries themselves are Romanian ('indice masa corporala calculator'), i.e. Google is matching the wrong locale",RumaníaCalculadora de IMCHerramienta gratuitaCalculadora IMC RumaníaIntroduce tu altura y tu peso para ver tu índice de masa corporal y en qué punto de la escala de la Organización Mundial de la Salud para adultos se sitúa.Métrico e imperia,Check the ro/es pairing for this tool before any copy work; the ro page should be the one ranking for Romanian queries.,WHO adult BMI bands named on page,"no - presentation, taxonomy, localisation or snippet only; no clinical statement changes",not needed,proposed,,Romanian searchers reach the Romanian page,seo/tracking/raw/2026-09-15/A2-probe/text/U003931.txt
CR-0115,U003866,https://www.myglobalhealth.online/romania/en/tools/due-date-calculator,Romania,en,tool,frontend/locales/en/tools.json:due-date-calculator via frontend/lib/tools/registry.ts (+ frontend/lib/tools/market-copy.ts market override) rendered by frontend/lib/content/tool-page.tsx,0,0,,partial,4,4,4,4,ok,soft_404_signal,3,Consolidate,"scanner soft_404_signal is a FALSE POSITIVE (week table digits '...40'+'41' read as '404' in the de-spaced DOM text extract). English due-date tool on a Romania URL, 0 impressions.","RomaniaDue date calculatorFree health toolDue date calculator RomaniaEnter the first day of your last period to see your estimated due date, how far along you are today, and when each trimester starts.Adjusts for cycle lengths from 20 to 45",Fold into the market locale policy.,Same clinical content as the ro page,"no - presentation, taxonomy, localisation or snippet only; no clinical statement changes",not needed,proposed,,Fewer near-duplicate tool pages,seo/tracking/raw/2026-09-15/A2-probe/text/U003866.txt
CR-0116,U003933,https://www.myglobalhealth.online/romania/es/tools/due-date-calculator,Romania,es,tool,frontend/locales/es/tools.json:due-date-calculator via frontend/lib/tools/registry.ts (+ frontend/lib/tools/market-copy.ts market override) rendered by frontend/lib/content/tool-page.tsx,0,0,,partial,3,4,4,4,ok,soft_404_signal,2,Consider retirement,"scanner soft_404_signal is a FALSE POSITIVE (week table digits '...40'+'41' read as '404' in the de-spaced DOM text extract). Spanish due-date tool on a Romania URL, 0 impressions.","RumaníaCalculadora de embarazoHerramienta gratuitaCalculadora de embarazo RumaníaIndica el primer día de tu última regla para ver tu fecha probable de parto, en qué semana estás hoy y cuándo empieza cada trimestre.Se ajusta a ciclos de 20 a",Retire or noindex unless a Romania es audience is evidenced.,Same clinical content as the ro page,"no - presentation, taxonomy, localisation or snippet only; no clinical statement changes",not needed,proposed,,Less duplicate tool inventory,seo/tracking/raw/2026-09-15/A2-probe/text/U003933.txt
CR-0117,U004000,https://www.myglobalhealth.online/romania/pt/tools/due-date-calculator,Romania,pt,tool,frontend/locales/pt/tools.json:due-date-calculator via frontend/lib/tools/registry.ts (+ frontend/lib/tools/market-copy.ts market override) rendered by frontend/lib/content/tool-page.tsx,0,0,,partial,3,4,4,4,ok,soft_404_signal,2,Consider retirement,"scanner soft_404_signal is a FALSE POSITIVE (week table digits '...40'+'41' read as '404' in the de-spaced DOM text extract). Portuguese due-date tool on a Romania URL, 0 impressions.","RoméniaCalculadora da data do partoFerramenta gratuitaCalculadora da data do parto RoméniaIndique o primeiro dia da última menstruação para ver a data provável do parto, em que semana está hoje e quando começa cada trimestre.Ajusta-se a cic",Retire or noindex unless a Romania pt audience is evidenced.,Same clinical content as the ro page,"no - presentation, taxonomy, localisation or snippet only; no clinical statement changes",not needed,proposed,,Less duplicate tool inventory,seo/tracking/raw/2026-09-15/A2-probe/text/U004000.txt
CR-0118,U004388,https://www.myglobalhealth.online/spain/es/blog/dermatologo-online-que-puede-resolver,Spain,es,blog_post,CMS blog record dermatologo-online-que-puede-resolver (es-es) via frontend/lib/content/get-public-blog.ts; dump seo/tracking/raw/2026-09-15/A1-inventory/raw/api/blog/es-es.json,288,0,dermatologo atencion online,aligned,5,5,5,5,ok,superlative_hits=5,5,Protect,"288 impressions across the whole 'dermatologo online' cluster at p17-26; the '5 superlatives' are the teledermatology scope list, not marketing.","Todos los artículosDermatologíaDermatólogo online: qué puede resolver y qué necesita ser presencialLa teledermatología resuelve bien el acné, la rosácea, la dermatitis, la psoriasis y la caída del cabello. Los lunares, en cambio, necesitan","No copy change; the gap is position, not quality.",Reviewed by Dr. Eduardo Daniel Rodriguez Olivas; dermatoscope limitation stated,"no - presentation, taxonomy, localisation or snippet only; no clinical statement changes",not needed,proposed,,Readers learn which skin problems need a dermatoscope,seo/tracking/raw/2026-09-15/A2-probe/text/U004388.txt
CR-0119,U004386,https://www.myglobalhealth.online/spain/es/blog/baja-laboral-por-ansiedad-como-funciona,Spain,es,blog_post,CMS blog record baja-laboral-por-ansiedad-como-funciona (es-es) via frontend/lib/content/get-public-blog.ts; dump seo/tracking/raw/2026-09-15/A1-inventory/raw/api/blog/es-es.json,158,0,mi médico no me da la baja por ansiedad,aligned,5,5,5,5,ok,superlative_hits=4,5,Protect,"Answers the hardest version of the query ('mi medico no me da la baja por ansiedad', p9) and correctly says a private consultation cannot issue the parte de baja.","Todos los artículosSalud MentalBaja laboral por ansiedad: quién la emite y qué se evalúaLa baja por ansiedad es una incapacidad temporal y la emite el médico del sistema público o de la mutua, no una consulta privada. Explicamos qué evalúa",No change.,Reviewed by Dr. Eduardo Daniel Rodriguez Olivas; INSS/mutua process described,"no - presentation, taxonomy, localisation or snippet only; no clinical statement changes",not needed,proposed,,Honest answer about who can issue the sick note,seo/tracking/raw/2026-09-15/A2-probe/text/U004386.txt
CR-0120,U004227,https://www.myglobalhealth.online/spain/de/blog/normaler-blutdruck-tabelle-nach-alter-und-geschlecht-ohne-mythen,Spain,de,blog_post,CMS blog record normaler-blutdruck-tabelle-nach-alter-und-geschlecht-ohne-mythen (es-de) via frontend/lib/content/get-public-blog.ts; dump seo/tracking/raw/2026-09-15/A1-inventory/raw/api/blog/es-de.json,100,0,blutdruck frau 40 jahre,aligned,4,5,4,4,ok,superlative_hits=14,3,Improve,Blog category label renders in the source language on this locale (untranslated taxonomy leak). Category 'Cardiologia' on the /de page; 14 superlative hits; 100 impressions.,"Alle ArtikelCardiologíaNormaler Blutdruck: Tabelle nach Alter und Geschlecht ohne MythenWelche Werte tatsächlich als normal gelten, warum es für erwachsene Männer und Frauen keine getrennten Tabellen gibt und wan",Translate the category label for de and trim the superlatives.,European hypertension thresholds cited; reviewed by Dr. Eduardo Daniel Rodriguez Olivas,"no - presentation, taxonomy, localisation or snippet only; no clinical statement changes",needed,proposed,,German readers see a German taxonomy,seo/tracking/raw/2026-09-15/A2-probe/text/U004227.txt
CR-0121,U004473,https://www.myglobalhealth.online/spain/pt/blog/dermatologista-online-espanha,Spain,pt,blog_post,CMS blog record dermatologista-online-espanha (es-pt) via frontend/lib/content/get-public-blog.ts; dump seo/tracking/raw/2026-09-15/A1-inventory/raw/api/blog/es-pt.json,38,0,consulta online de dermatologia,aligned,4,5,5,4,ok,superlative_hits=6,4,Improve,Blog category label renders in the source language on this locale (untranslated taxonomy leak). Category 'Dermatologia' (Spanish) on the /pt page.,"Todos os artigosDermatologíaDermatologista online em Espanha: o que resolve e o que exige consulta presencialA teledermatologia resolve bem a acne, a rosácea, a dermatite, a psoríase e a queda de cabelo. Os sinais, e",Translate the category label for pt.,Reviewed by Dr. Eduardo Daniel Rodriguez Olivas,"no - presentation, taxonomy, localisation or snippet only; no clinical statement changes",not needed,proposed,,Portuguese readers see a Portuguese taxonomy,seo/tracking/raw/2026-09-15/A2-probe/text/U004473.txt
CR-0122,U004309,https://www.myglobalhealth.online/spain/en/blog/online-dermatologist-spain,Spain,en,blog_post,CMS blog record online-dermatologist-spain (es-en) via frontend/lib/content/get-public-blog.ts; dump seo/tracking/raw/2026-09-15/A1-inventory/raw/api/blog/es-en.json,35,0,online doctor consultation for skin problems,aligned,4,5,5,4,ok,em_dash_9.5/1k,4,Improve,Blog category label renders in the source language on this locale (untranslated taxonomy leak). Category 'Dermatologia' on the /en page.,"All articlesDermatologíaOnline dermatologist in Spain: what it solves and what must be seen in personTeledermatology handles acne, rosacea, dermatitis, psoriasis and hair loss well. Moles are different: they need",Translate the category label for en.,Reviewed by Dr. Eduardo Daniel Rodriguez Olivas,"no - presentation, taxonomy, localisation or snippet only; no clinical statement changes",not needed,proposed,,English readers see an English taxonomy,seo/tracking/raw/2026-09-15/A2-probe/text/U004309.txt
CR-0123,U004403,https://www.myglobalhealth.online/spain/es/doctors/dr-alfredo-del-valle,Spain,es,doctor,CMS doctor record dr-alfredo-del-valle (es-es) via frontend/lib/content/get-public-doctors.ts rendered by frontend/lib/content/doctor-profile-page.tsx; dump .../api/doctors/es-es.json,127,20,alfredo del valle moreno montañez,aligned,5,5,5,4,ok,none,5,Protect,Highest CTR page in the set: 127 impressions / 20 clicks on name queries at p4-5. Only defect is the template label 'Consultas de medicina general' under a dermatology specialist.,"gistroMédico Especialista — DermatologíaConsultas de medicina generalIdiomasSpanish, EnglishDisponibilidadCitas onlinePerfilAcerca de Dr. AlfredoEl Dr. Alfredo del Valle Moreno Montañez es médico especialista en Dermatología con doble acred",Fix the specialty label so a dermatologist is not described as offering general medicine consultations; change nothing else.,CGCOM 282885136 and named qualifications on page,"no - presentation, taxonomy, localisation or snippet only; no clinical statement changes",not needed,proposed,,The specialty shown matches the specialist,seo/tracking/raw/2026-09-15/A2-probe/text/U004403.txt
CR-0124,U004325,https://www.myglobalhealth.online/spain/en/doctors/dr-javier-villarte-betancor,Spain,en,doctor,CMS doctor record dr-javier-villarte-betancor (es-en) via frontend/lib/content/get-public-doctors.ts rendered by frontend/lib/content/doctor-profile-page.tsx; dump .../api/doctors/es-en.json,2,0,%teléfono de la esperanza 717 003 717 official,partial,3,4,4,4,risk,em_dash_11.1/1k,2,Improve,"Title prefixes 'Dr' to a health psychologist (Colegiado no. A014346), who is not a medical doctor; the page also carries the 'Primary care consultations' doctor-template label.","DoctorJavier Villarte Betancor — Psychologist, Global Health Spain Javier Villarte Betancor — Psychologist at Global Health Spain. Book an online video consultation.++Back to Spain teamDoctor ProfileJavier Villarte BetancorPsychologistRevie",Remove the 'Dr' prefix and the primary-care label; describe him as Psicologo General Sanitario with his colegiado number.,Health Psychologist no. A014346 stated on page; the 'Dr' title is not supported by it,"yes - changes a clinical/credential/efficacy statement, needs the one in-market clinician approval",needed,proposed,,Patients are not misled about who they will see,seo/tracking/raw/2026-09-15/A2-probe/text/U004325.txt
CR-0125,HOME-ES,https://www.myglobalhealth.online/spain/es,Spain,es,market_home,"frontend/app/[country]/[lang]/page.tsx + CMS page-content record HOME/es/es (hero, faq[]) via lib/content/get-page-content.ts + frontend/lib/content/country-home-copy.ts + frontend/locales/es/home.json",2012,2,medicos online,partial,4,4,4,2,check,none,3,Improve,"Largest-traffic page reviewed (2,012 impressions, 2 clicks). Hero says doctors are 'registrados en los colegios medicos nacionales de toda Europa' and the trust chip reads 'Colegiados en Spain' with t","ge un servicio, selecciona un horario y habla con médicos colegiados registrados en los colegios médicos nacionales de toda Europa.Reservar citaVer serviciosColegiados en SpainDisponibilidad en tiempo realCitas online{""@context"":""https://sc",Replace the hero subtitle with the OMC wording and localise the country token to 'Espana'.,Organizacion Medica Colegial named in the page FAQ,"no - presentation, taxonomy, localisation or snippet only; no clinical statement changes",needed,proposed,,"Spanish visitors see the Spanish regulator, in Spanish",seo/tracking/raw/2026-09-15/A2-probe/text/HOME-ES.txt
CR-0126,U004301,https://www.myglobalhealth.online/spain/en,Spain,en,market_home,"frontend/app/[country]/[lang]/page.tsx + CMS page-content record HOME/es/en (hero, faq[]) via lib/content/get-page-content.ts + frontend/lib/content/country-home-copy.ts + frontend/locales/en/home.json",115,0,online medical follow up,partial,4,4,4,3,check,em_dash_13.9/1k,3,Improve,"Hero subtitle still uses the generic pan-market line 'registered with national medical councils across Europe' instead of the market regulator. 115 impressions, several at p11-19 for 'book online doct","ose a service, select an open time, and speak with licensed clinicians registered with national medical councils across Europe.Book AppointmentBrowse servicesLicensed in SpainLive availabilityOnline appointments{""@context"":""https://schema.o",Replace the hero subtitle with the OMC wording; keep the rest.,Organizacion Medica Colegial named in the page FAQ,"no - presentation, taxonomy, localisation or snippet only; no clinical statement changes",not needed,proposed,,Visitors see the Spanish regulator named,seo/tracking/raw/2026-09-15/A2-probe/text/U004301.txt
CR-0127,U004218,https://www.myglobalhealth.online/spain/de,Spain,de,market_home,"frontend/app/[country]/[lang]/page.tsx + CMS page-content record HOME/es/de (hero, faq[]) via lib/content/get-page-content.ts + frontend/lib/content/country-home-copy.ts + frontend/locales/de/home.json",2,0,site:www.myglobalhealth.online,partial,3,3,3,2,check,superlative_hits=9,2,Improve,Hero subtitle still uses the generic pan-market line 'registered with national medical councils across Europe' instead of the market regulator. plus 'Zugelassen in Spain'; 9 superlative hits; 2 impres,"d sprechen Sie mit zugelassenen Ärzten, die bei den nationalen Ärztekammern in ganz Europa registriert sind.Termin buchenLeistungen anzeigenZugelassen in SpainEchtzeitverfügbarkeitOnline-Konsultationen{""@context"":""https://schema.org"",""@type","Replace the hero subtitle with the OMC wording, localise the country token to 'Spanien', trim superlatives.",Organizacion Medica Colegial named in the page FAQ,"no - presentation, taxonomy, localisation or snippet only; no clinical statement changes",needed,proposed,,"German visitors see the Spanish regulator, in German",seo/tracking/raw/2026-09-15/A2-probe/text/U004218.txt
CR-0128,U004361,https://www.myglobalhealth.online/spain/en/services/dermatologia-especialista-online,Spain,en,service,CMS service record dermatologia-especialista-online (es-en) via frontend/lib/content/get-public-services.ts + frontend/lib/content/service-hub-content*.ts; dump .../api/services/es-en.json,199,0,atencion dermatologica online,aligned,4,5,3,4,check,em_dash_30.7/1k,3,Improve,"No clinical reviewer byline or review date, unlike every Brazil/Portugal/Czechia/Romania service page - although Spain's approval record names Dra. Maria Fernanda Ocampo Mora (CGCOM 291409735, 2026-09","++All specialist consultationsSpecialist careSpecialist Dermatology — Online Assessment with Dermatologist, Same DaySome skin conditions require more than a GP consultation. Severe acne that may require specialist treatment, a suspicious le","Render the reviewer and review date already held in seo/spain/clinical-approval*.json, and rewrite the dash-chained lede.","seo/spain/clinical-approval.json and clinical-approval-phase3.json, group service:dermatologia-especialista-online","no - presentation, taxonomy, localisation or snippet only; no clinical statement changes",not needed,proposed,,Readers see who reviewed the page and when,seo/tracking/raw/2026-09-15/A2-probe/text/U004361.txt
CR-0129,U004535,https://www.myglobalhealth.online/spain/pt/services/psiquiatra-online,Spain,pt,service,CMS service record psiquiatra-online (es-pt) via frontend/lib/content/get-public-services.ts + frontend/lib/content/service-hub-content*.ts; dump .../api/services/es-pt.json,173,0,psiquiatra online,aligned,4,5,4,4,check,none,3,Improve,Same missing reviewer byline; 25.2/1k em-dashes; Portuguese service page for Spain with 173 impressions at p59-66.,"++Todas as consultas de especialidadeCuidados especializadosPsiquiatria Especialista — Avaliação Psiquiátrica OnlineAlguns transtornos mentais requerem a profundidade de avaliação, o rigor diagnóstico e o alcance terapêutico que só um psiqu",Render the recorded reviewer and review date; rewrite the lede without dashes.,"seo/spain/clinical-approval-phase3.json, group service:psiquiatra-online","no - presentation, taxonomy, localisation or snippet only; no clinical statement changes",needed,proposed,,Readers see who reviewed the page and when,seo/tracking/raw/2026-09-15/A2-probe/text/U004535.txt
CR-0130,U004367,https://www.myglobalhealth.online/spain/en/services/psicologo-online,Spain,en,service,CMS service record psicologo-online (es-en) via frontend/lib/content/get-public-services.ts + frontend/lib/content/service-hub-content*.ts; dump .../api/services/es-en.json,167,0,online psychologist,aligned,4,5,3,4,risk,em_dash_29.2/1k,2,Improve,"No reviewer byline, and the lede claims psychotherapy is 'frequently more effective in the long term than medication alone, with results that persist after treatment ends' without a source. 29.2/1k em","many other psychological difficulties — frequently more effective in the long term than medication alone, with results that persist after treatment ends. Our clinical psychologists, registered with the Colegio Oficial de Psicólogos, offer p",Either cite the guideline behind the comparative-efficacy claim or remove it; render the recorded reviewer and date.,"seo/spain/clinical-approval-phase3.json, group service:psicologo-online; the efficacy comparison has no source on the page","yes - changes a clinical/credential/efficacy statement, needs the one in-market clinician approval",not needed,proposed,,Efficacy claims a clinician would stand behind,seo/tracking/raw/2026-09-15/A2-probe/text/U004367.txt
CR-0131,U004368,https://www.myglobalhealth.online/spain/en/services/psiquiatra-online,Spain,en,service,CMS service record psiquiatra-online (es-en) via frontend/lib/content/get-public-services.ts + frontend/lib/content/service-hub-content*.ts; dump .../api/services/es-en.json,123,0,psiquiatra online,aligned,4,5,3,4,check,em_dash_29.6/1k,3,Improve,No reviewer byline; 29.6/1k em-dashes; 123 impressions at p69-75 including 'mejor psiquiatra online'.,"++All specialist consultationsSpecialist careSpecialist Psychiatry — Online Psychiatric Assessment in SpainSome mental health conditions require the depth of assessment, diagnostic rigour, and therapeutic range that only a specialist psychi",Render the recorded reviewer and date; rewrite the lede without dashes.,"seo/spain/clinical-approval.json, group service:psiquiatra-online; EUR 150 / 45 min stated on page","no - presentation, taxonomy, localisation or snippet only; no clinical statement changes",not needed,proposed,,Readers see who reviewed the page and when,seo/tracking/raw/2026-09-15/A2-probe/text/U004368.txt
CR-0132,U004372,https://www.myglobalhealth.online/spain/en/services/salud-mental-online,Spain,en,service,CMS service record salud-mental-online (es-en) via frontend/lib/content/get-public-services.ts + frontend/lib/content/service-hub-content*.ts; dump .../api/services/es-en.json,11,0,servicios de psiquiatria online,aligned,4,4,3,4,check,superlative_hits=4|em_dash_25.4/1k,3,Improve,No reviewer byline; 25.4/1k em-dashes; overlaps the psychiatry and psychology service pages for the same intent.,"++All consultationsOnline consultationMental Health Assessment — Online, Confidential, in SpainMental health difficulties — anxiety, depression, burnout, adjustment to a new country, or persistent patterns of thought and behaviour that are",Render the recorded reviewer and date; state plainly that this is the GP-level entry point and link the two specialist pages.,"seo/spain/clinical-approval-phase3.json, group service:salud-mental-online; EUR 59 / 20 min stated on page","no - presentation, taxonomy, localisation or snippet only; no clinical statement changes",not needed,proposed,,Readers pick the right level of care first time,seo/tracking/raw/2026-09-15/A2-probe/text/U004372.txt
CR-0133,U004280,https://www.myglobalhealth.online/spain/de/services/justificante-medico-online,Spain,de,service,CMS service record justificante-medico-online (es-de) via frontend/lib/content/get-public-services.ts + frontend/lib/content/service-hub-content*.ts; dump .../api/services/es-de.json,9,0,online ã¤rztliches attest,partial,4,4,3,3,check,superlative_hits=11,2,Improve,No reviewer byline; German page addresses the reader as 'du' while every other German page uses 'Sie'; 11 superlative hits.,"Privates klinisches Attest am selben TagDu fühlst dich krank und brauchst heute ein privates ärztliches Attest – ohne Weg und ohne Wartezimmer? Unsere Ärztinnen und Ärzte, die gemäß den Anforderungen der Organización Médica Colegial (OMC) z","Switch to 'Sie' for register consistency, render the recorded reviewer and date, trim superlatives; keep the accurate 'kein Ersatz fuer den parte de baja' line.","seo/spain/clinical-approval-phase2.json, group service:justificante-medico-online; EUR 35 / 15 min stated on page","no - presentation, taxonomy, localisation or snippet only; no clinical statement changes",needed,proposed,,"Consistent, professional German register",seo/tracking/raw/2026-09-15/A2-probe/text/U004280.txt
CR-0134,U004460,https://www.myglobalhealth.online/spain/es/tools/blood-pressure-chart,Spain,es,tool,frontend/locales/es/tools.json:blood-pressure-chart via frontend/lib/tools/registry.ts (+ frontend/lib/tools/market-copy.ts market override) rendered by frontend/lib/content/tool-page.tsx,955,2,tabla tension arterial,aligned,5,5,5,5,ok,none,4,Improve,"955 impressions, 293 of them in the top 15 at p10-11, 2 clicks (0.7%). Title leads with 'Baremos', a term the queries do not use ('tabla tension arterial', 'tension arterial normal').","EspañaTabla de tensión arterialHerramienta gratuitaTensión arterial normal EspañaIntroduce los dos números de tu tensiómetro para ver dónde queda la lectura en la tabla europea para adultos y qué conviene hacer, si es que hay que hacer algo",Rewrite the title to use the searcher's own wording and say what the reader compares; keep the ESC/ESH source line.,ESC/ESH adult categories named on page,"no - presentation, taxonomy, localisation or snippet only; no clinical statement changes",needed,proposed,,The snippet uses the words the searcher typed,seo/tracking/raw/2026-09-15/A2-probe/text/U004460.txt
CR-0135,U004465,https://www.myglobalhealth.online/spain/es/tools/ovulation-calculator,Spain,es,tool,frontend/locales/es/tools.json:ovulation-calculator via frontend/lib/tools/registry.ts (+ frontend/lib/tools/market-copy.ts market override) rendered by frontend/lib/content/tool-page.tsx,290,0,calculadora los dias fertiles,aligned,5,5,5,5,ok,none,4,Protect,"290 impressions but positions 54-78; visibility, not copy, is the limit.","EspañaCalculadora de ovulaciónHerramienta gratuitaCalculadora de ovulación EspañaIndica el primer día de tu última regla para ver los seis días con más probabilidad de embarazo, tu día estimado de ovulación y cuándo te toca la próxima regla",No copy change.,Six-day fertile window method stated on page,"no - presentation, taxonomy, localisation or snippet only; no clinical statement changes",not needed,proposed,,Nothing to change for the reader,seo/tracking/raw/2026-09-15/A2-probe/text/U004465.txt
CR-0136,U004463,https://www.myglobalhealth.online/spain/es/tools/due-date-calculator,Spain,es,tool,frontend/locales/es/tools.json:due-date-calculator via frontend/lib/tools/registry.ts (+ frontend/lib/tools/market-copy.ts market override) rendered by frontend/lib/content/tool-page.tsx,36,1,calcular fecha parto,aligned,4,4,5,5,ok,soft_404_signal,4,Protect,scanner soft_404_signal is a FALSE POSITIVE (week table digits '...40'+'41' read as '404' in the de-spaced DOM text extract). 36 impressions at p43-68.,"EspañaCalculadora de embarazoHerramienta gratuitaCalculadora de embarazo EspañaIndica el primer día de tu última regla para ver tu fecha probable de parto, en qué semana estás hoy y cuándo empieza cada trimestre.Se ajusta a ciclos de 20 a 4",No copy change; fix the scanner rule.,40-week table and term window stated on page,"no - presentation, taxonomy, localisation or snippet only; no clinical statement changes",not needed,proposed,,Nothing to change for the reader,seo/tracking/raw/2026-09-15/A2-probe/text/U004463.txt
CR-0137,U004296,https://www.myglobalhealth.online/spain/de/tools/calorie-calculator,Spain,de,tool,frontend/locales/de/tools.json:calorie-calculator via frontend/lib/tools/registry.ts (+ frontend/lib/tools/market-copy.ts market override) rendered by frontend/lib/content/tool-page.tsx,1,0,kalorienbedarf berechnen sport,partial,3,4,4,4,ok,superlative_hits=6,2,Consolidate,"German calorie calculator on a Spain URL, 1 impression, 6 superlative hits.","SpanienKalorienrechnerKostenloses ToolKostenloser Kalorienrechner SpanienGeben Sie Geschlecht, Alter, Größe, Gewicht und Ihr Aktivitätsniveau ein und sehen Sie, wie viele Kalorien Sie am Tag verbrauchen — und wie viel Sie essen sollten, um",Fold into the market locale policy; trim superlatives if kept.,Mifflin-St Jeor equation named on page,"no - presentation, taxonomy, localisation or snippet only; no clinical statement changes",needed,proposed,,Fewer near-duplicate tool pages,seo/tracking/raw/2026-09-15/A2-probe/text/U004296.txt
CR-0138,U004380,https://www.myglobalhealth.online/spain/en/tools/due-date-calculator,Spain,en,tool,frontend/locales/en/tools.json:due-date-calculator via frontend/lib/tools/registry.ts (+ frontend/lib/tools/market-copy.ts market override) rendered by frontend/lib/content/tool-page.tsx,0,0,,partial,4,4,4,4,ok,soft_404_signal,3,Consolidate,"scanner soft_404_signal is a FALSE POSITIVE (week table digits '...40'+'41' read as '404' in the de-spaced DOM text extract). English due-date tool on a Spain URL, 0 impressions.","SpainDue date calculatorFree health toolDue date calculator SpainEnter the first day of your last period to see your estimated due date, how far along you are today, and when each trimester starts.Adjusts for cycle lengths from 20 to 45 day",Fold into the market locale policy.,Same clinical content as the es page,"no - presentation, taxonomy, localisation or snippet only; no clinical statement changes",not needed,proposed,,Fewer near-duplicate tool pages,seo/tracking/raw/2026-09-15/A2-probe/text/U004380.txt
CR-0139,U004547,https://www.myglobalhealth.online/spain/pt/tools/due-date-calculator,Spain,pt,tool,frontend/locales/pt/tools.json:due-date-calculator via frontend/lib/tools/registry.ts (+ frontend/lib/tools/market-copy.ts market override) rendered by frontend/lib/content/tool-page.tsx,0,0,,partial,3,4,4,4,ok,soft_404_signal,2,Consider retirement,"scanner soft_404_signal is a FALSE POSITIVE (week table digits '...40'+'41' read as '404' in the de-spaced DOM text extract). Portuguese due-date tool on a Spain URL, 0 impressions.","EspanhaCalculadora da data do partoFerramenta gratuitaCalculadora da data do parto EspanhaIndique o primeiro dia da última menstruação para ver a data provável do parto, em que semana está hoje e quando começa cada trimestre.Ajusta-se a cic",Retire or noindex unless a Spain pt audience is evidenced.,Same clinical content as the es page,"no - presentation, taxonomy, localisation or snippet only; no clinical statement changes",not needed,proposed,,Less duplicate tool inventory,seo/tracking/raw/2026-09-15/A2-probe/text/U004547.txt
CR-0140,U004630,https://www.myglobalhealth.online/spain/ro/tools/due-date-calculator,Spain,ro,tool,frontend/locales/ro/tools.json:due-date-calculator via frontend/lib/tools/registry.ts (+ frontend/lib/tools/market-copy.ts market override) rendered by frontend/lib/content/tool-page.tsx,0,0,,partial,3,4,4,4,ok,soft_404_signal,2,Consider retirement,"scanner soft_404_signal is a FALSE POSITIVE (week table digits '...40'+'41' read as '404' in the de-spaced DOM text extract). Romanian due-date tool on a Spain URL, 0 impressions.","SpaniaCalculator de sarcinăInstrument gratuitCalculator de sarcină SpaniaIntrodu prima zi a ultimei menstruații ca să vezi data probabilă a nașterii, în ce săptămână ești astăzi și când începe fiecare trimestru.Se ajustează pentru cicluri d",Retire or noindex unless a Spain ro audience is evidenced.,Same clinical content as the es page,"no - presentation, taxonomy, localisation or snippet only; no clinical statement changes",not needed,proposed,,Less duplicate tool inventory,seo/tracking/raw/2026-09-15/A2-probe/text/U004630.txt
