keyword_id,target_country,language,query,intent,brand_class,brand_rule_version,cluster,cluster_source_label,owner_url,volume_estimate,difficulty_estimate,current_rank,current_rank_url,serp_device,serp_location,provider,observed_at,opportunity,evidence,source_note
KIR0001,ireland,en,sick cert online,informational,non-brand,brand-v1,sick-certificate,sick certificates,https://www.myglobalhealth.online/ireland/en/services/sick-certificate-ireland,880,0,29,https://www.myglobalhealth.online/ireland/es/health/sick-cert-online,desktop,2372,DataForSEO via OpenSEO,2026-09-15,improve,seo/ireland/03-keyword-master.csv (collected 2026-08-25); ranks seo/tracking/raw/2026-09-15/A7-market/ranked-keywords-ireland-2372-en.json,reused country package 2026-08-25 (<30d)
KIR0002,ireland,en,gp online appointment,transactional,non-brand,brand-v1,online-gp,online GP consultation,https://www.myglobalhealth.online/ireland/en/gp-consultation-online,140,22,,,desktop,2372,DataForSEO via OpenSEO,2026-09-15,improve,seo/ireland/03-keyword-master.csv (collected 2026-08-25); ranks seo/tracking/raw/2026-09-15/A7-market/ranked-keywords-ireland-2372-en.json,reused country package 2026-08-25 (<30d)
KIR0003,ireland,en,online doctor appointment,transactional,non-brand,brand-v1,online-gp,online GP consultation,https://www.myglobalhealth.online/ireland/en/gp-consultation-online,110,19,,,desktop,2372,DataForSEO via OpenSEO,2026-09-15,improve,seo/ireland/03-keyword-master.csv (collected 2026-08-25); ranks seo/tracking/raw/2026-09-15/A7-market/ranked-keywords-ireland-2372-en.json,reused country package 2026-08-25 (<30d)
KIR0004,ireland,en,online gp ireland,informational,non-brand,brand-v1,online-gp,online GP consultation,https://www.myglobalhealth.online/ireland/en/gp-consultation-online,880,27,,,desktop,2372,DataForSEO via OpenSEO,2026-09-15,improve,seo/ireland/03-keyword-master.csv (collected 2026-08-25); ranks seo/tracking/raw/2026-09-15/A7-market/ranked-keywords-ireland-2372-en.json,reused country package 2026-08-25 (<30d)
KIR0005,ireland,en,online medical certificate,informational,non-brand,brand-v1,sick-certificate,sick certificates,https://www.myglobalhealth.online/ireland/en/services/sick-certificate-ireland,590,0,,,desktop,2372,DataForSEO via OpenSEO,2026-09-15,improve,seo/ireland/03-keyword-master.csv (collected 2026-08-25); ranks seo/tracking/raw/2026-09-15/A7-market/ranked-keywords-ireland-2372-en.json,reused country package 2026-08-25 (<30d)
KIR0006,ireland,en,consulting doctor online,commercial,non-brand,brand-v1,online-gp,online GP consultation,https://www.myglobalhealth.online/ireland/en/gp-consultation-online,210,24,,,desktop,2372,DataForSEO via OpenSEO,2026-09-15,improve,seo/ireland/03-keyword-master.csv (collected 2026-08-25); ranks seo/tracking/raw/2026-09-15/A7-market/ranked-keywords-ireland-2372-en.json,reused country package 2026-08-25 (<30d)
KIR0007,ireland,en,doctor online appointment,transactional,non-brand,brand-v1,online-gp,online GP consultation,https://www.myglobalhealth.online/ireland/en/gp-consultation-online,110,25,,,desktop,2372,DataForSEO via OpenSEO,2026-09-15,improve,seo/ireland/03-keyword-master.csv (collected 2026-08-25); ranks seo/tracking/raw/2026-09-15/A7-market/ranked-keywords-ireland-2372-en.json,reused country package 2026-08-25 (<30d)
KIR0008,ireland,en,doctors note online,informational,non-brand,brand-v1,sick-certificate,sick certificates,https://www.myglobalhealth.online/ireland/en/services/sick-certificate-ireland,390,0,,,desktop,2372,DataForSEO via OpenSEO,2026-09-15,improve,seo/ireland/03-keyword-master.csv (collected 2026-08-25); ranks seo/tracking/raw/2026-09-15/A7-market/ranked-keywords-ireland-2372-en.json,reused country package 2026-08-25 (<30d)
KIR0009,ireland,en,online sick cert ireland,informational,non-brand,brand-v1,sick-certificate,sick certificates,https://www.myglobalhealth.online/ireland/en/services/sick-certificate-ireland,320,0,30,https://www.myglobalhealth.online/ireland/es/health/sick-cert-online,desktop,2372,DataForSEO via OpenSEO,2026-09-15,improve,seo/ireland/03-keyword-master.csv (collected 2026-08-25); ranks seo/tracking/raw/2026-09-15/A7-market/ranked-keywords-ireland-2372-en.json,reused country package 2026-08-25 (<30d)
KIR0010,ireland,en,fit to work certificate,informational,non-brand,brand-v1,sick-certificate,sick certificates,https://www.myglobalhealth.online/ireland/en/services/sick-certificate-ireland,320,0,55,https://www.myglobalhealth.online/ireland/en/blog/sick-certificate-ireland-employee-rights,desktop,2372,DataForSEO via OpenSEO,2026-09-15,improve,seo/ireland/03-keyword-master.csv (collected 2026-08-25); ranks seo/tracking/raw/2026-09-15/A7-market/ranked-keywords-ireland-2372-en.json,reused country package 2026-08-25 (<30d)
KIR0011,ireland,en,medical certificate ireland,informational,non-brand,brand-v1,sick-certificate,sick certificates,https://www.myglobalhealth.online/ireland/en/services/sick-certificate-ireland,260,0,61,https://www.myglobalhealth.online/ireland/en/services/sick-certificate-ireland,desktop,2372,DataForSEO via OpenSEO,2026-09-15,improve,seo/ireland/03-keyword-master.csv (collected 2026-08-25); ranks seo/tracking/raw/2026-09-15/A7-market/ranked-keywords-ireland-2372-en.json,reused country package 2026-08-25 (<30d)
KIR0012,ireland,en,online sick certificate,informational,non-brand,brand-v1,sick-certificate,sick certificates,https://www.myglobalhealth.online/ireland/en/services/sick-certificate-ireland,260,0,43,https://www.myglobalhealth.online/ireland/ro/health/sick-cert-online,desktop,2372,DataForSEO via OpenSEO,2026-09-15,improve,seo/ireland/03-keyword-master.csv (collected 2026-08-25); ranks seo/tracking/raw/2026-09-15/A7-market/ranked-keywords-ireland-2372-en.json,reused country package 2026-08-25 (<30d)
KIR0013,ireland,en,sick note online,informational,non-brand,brand-v1,sick-certificate,sick certificates,https://www.myglobalhealth.online/ireland/en/services/sick-certificate-ireland,260,0,59,https://www.myglobalhealth.online/ireland/sick-leave,desktop,2372,DataForSEO via OpenSEO,2026-09-15,improve,seo/ireland/03-keyword-master.csv (collected 2026-08-25); ranks seo/tracking/raw/2026-09-15/A7-market/ranked-keywords-ireland-2372-en.json,reused country package 2026-08-25 (<30d)
KIR0014,ireland,en,sick note from gp,informational,non-brand,brand-v1,sick-certificate,sick certificates,https://www.myglobalhealth.online/ireland/en/services/sick-certificate-ireland,170,0,66,https://www.myglobalhealth.online/ireland/en/services/sick-certificate-ireland,desktop,2372,DataForSEO via OpenSEO,2026-09-15,improve,seo/ireland/03-keyword-master.csv (collected 2026-08-25); ranks seo/tracking/raw/2026-09-15/A7-market/ranked-keywords-ireland-2372-en.json,reused country package 2026-08-25 (<30d)
KIR0015,ireland,en,bmi calculator ireland,informational,non-brand,brand-v1,tools-bmi,weight calculators,https://www.myglobalhealth.online/ireland/en/tools/bmi-calculator,2900,7,,,desktop,2372,DataForSEO via OpenSEO,2026-09-15,improve,seo/ireland/03-keyword-master.csv (collected 2026-08-25); ranks seo/tracking/raw/2026-09-15/A7-market/ranked-keywords-ireland-2372-en.json,reused country package 2026-08-25 (<30d)
KIR0016,ireland,en,get sick cert,informational,non-brand,brand-v1,sick-certificate,sick certificates,https://www.myglobalhealth.online/ireland/en/services/sick-certificate-ireland,140,0,,,desktop,2372,DataForSEO via OpenSEO,2026-09-15,improve,seo/ireland/03-keyword-master.csv (collected 2026-08-25); ranks seo/tracking/raw/2026-09-15/A7-market/ranked-keywords-ireland-2372-en.json,reused country package 2026-08-25 (<30d)
KIR0017,ireland,en,sick certificate for work,informational,non-brand,brand-v1,sick-certificate,sick certificates,https://www.myglobalhealth.online/ireland/en/services/sick-certificate-ireland,140,0,,,desktop,2372,DataForSEO via OpenSEO,2026-09-15,improve,seo/ireland/03-keyword-master.csv (collected 2026-08-25); ranks seo/tracking/raw/2026-09-15/A7-market/ranked-keywords-ireland-2372-en.json,reused country package 2026-08-25 (<30d)
KIR0018,ireland,en,online gp consultations,informational,non-brand,brand-v1,online-gp,online GP consultation,https://www.myglobalhealth.online/ireland/en/gp-consultation-online,170,15,41,https://www.myglobalhealth.online/ireland/en/gp-consultation-online,desktop,2372,DataForSEO via OpenSEO,2026-09-15,improve,seo/ireland/03-keyword-master.csv (collected 2026-08-25); ranks seo/tracking/raw/2026-09-15/A7-market/ranked-keywords-ireland-2372-en.json,reused country package 2026-08-25 (<30d)
KIR0019,ireland,en,sick cert for work,informational,non-brand,brand-v1,sick-certificate,sick certificates,https://www.myglobalhealth.online/ireland/en/services/sick-certificate-ireland,110,0,,,desktop,2372,DataForSEO via OpenSEO,2026-09-15,improve,seo/ireland/03-keyword-master.csv (collected 2026-08-25); ranks seo/tracking/raw/2026-09-15/A7-market/ranked-keywords-ireland-2372-en.json,reused country package 2026-08-25 (<30d)
KIR0020,ireland,en,doctors note ireland,informational,non-brand,brand-v1,sick-certificate,sick certificates,https://www.myglobalhealth.online/ireland/en/services/sick-certificate-ireland,110,0,,,desktop,2372,DataForSEO via OpenSEO,2026-09-15,improve,seo/ireland/03-keyword-master.csv (collected 2026-08-25); ranks seo/tracking/raw/2026-09-15/A7-market/ranked-keywords-ireland-2372-en.json,reused country package 2026-08-25 (<30d)
KIR0021,ireland,en,sick note online ireland,informational,non-brand,brand-v1,sick-certificate,sick certificates,https://www.myglobalhealth.online/ireland/en/services/sick-certificate-ireland,70,0,,,desktop,2372,DataForSEO via OpenSEO,2026-09-15,improve,seo/ireland/03-keyword-master.csv (collected 2026-08-25); ranks seo/tracking/raw/2026-09-15/A7-market/ranked-keywords-ireland-2372-en.json,reused country package 2026-08-25 (<30d)
KIR0022,ireland,en,medical certificate for sick leave,informational,non-brand,brand-v1,sick-certificate,sick certificates,https://www.myglobalhealth.online/ireland/en/services/sick-certificate-ireland,70,0,,,desktop,2372,DataForSEO via OpenSEO,2026-09-15,improve,seo/ireland/03-keyword-master.csv (collected 2026-08-25); ranks seo/tracking/raw/2026-09-15/A7-market/ranked-keywords-ireland-2372-en.json,reused country package 2026-08-25 (<30d)
KIR0023,ireland,en,home blood tests,informational,non-brand,brand-v1,lab-tests,home blood tests,https://www.myglobalhealth.online/ireland/en/lab-tests,90,0,,,desktop,2372,DataForSEO via OpenSEO,2026-09-15,improve,seo/ireland/03-keyword-master.csv (collected 2026-08-25); ranks seo/tracking/raw/2026-09-15/A7-market/ranked-keywords-ireland-2372-en.json,reused country package 2026-08-25 (<30d)
KIR0024,ireland,en,get sick cert online,transactional,non-brand,brand-v1,sick-certificate,sick certificates,https://www.myglobalhealth.online/ireland/en/services/sick-certificate-ireland,70,,,,desktop,2372,DataForSEO via OpenSEO,2026-09-15,improve,seo/ireland/03-keyword-master.csv (collected 2026-08-25); ranks seo/tracking/raw/2026-09-15/A7-market/ranked-keywords-ireland-2372-en.json,reused country package 2026-08-25 (<30d)
KIR0025,ireland,en,sick note from doctor ireland,informational,non-brand,brand-v1,sick-certificate,sick certificates,https://www.myglobalhealth.online/ireland/en/services/sick-certificate-ireland,50,0,,,desktop,2372,DataForSEO via OpenSEO,2026-09-15,improve,seo/ireland/03-keyword-master.csv (collected 2026-08-25); ranks seo/tracking/raw/2026-09-15/A7-market/ranked-keywords-ireland-2372-en.json,reused country package 2026-08-25 (<30d)
KIR0026,ireland,en,home blood test kit,transactional,non-brand,brand-v1,lab-tests,home blood tests,https://www.myglobalhealth.online/ireland/en/lab-tests,40,34,,,desktop,2372,DataForSEO via OpenSEO,2026-09-15,improve,seo/ireland/03-keyword-master.csv (collected 2026-08-25); ranks seo/tracking/raw/2026-09-15/A7-market/ranked-keywords-ireland-2372-en.json,reused country package 2026-08-25 (<30d)
KIR0027,ireland,en,get health care sick cert,transactional,non-brand,brand-v1,sick-certificate,sick certificates,https://www.myglobalhealth.online/ireland/en/services/sick-certificate-ireland,50,,,,desktop,2372,DataForSEO via OpenSEO,2026-09-15,improve,seo/ireland/03-keyword-master.csv (collected 2026-08-25); ranks seo/tracking/raw/2026-09-15/A7-market/ranked-keywords-ireland-2372-en.json,reused country package 2026-08-25 (<30d)
KIR0028,ireland,en,doctor online appointment booking,transactional,non-brand,brand-v1,online-gp,online GP consultation,https://www.myglobalhealth.online/ireland/en/gp-consultation-online,50,,,,desktop,2372,DataForSEO via OpenSEO,2026-09-15,improve,seo/ireland/03-keyword-master.csv (collected 2026-08-25); ranks seo/tracking/raw/2026-09-15/A7-market/ranked-keywords-ireland-2372-en.json,reused country package 2026-08-25 (<30d)
KIR0029,ireland,en,online doctor appointment booking,transactional,non-brand,brand-v1,online-gp,online GP consultation,https://www.myglobalhealth.online/ireland/en/gp-consultation-online,50,,,,desktop,2372,DataForSEO via OpenSEO,2026-09-15,improve,seo/ireland/03-keyword-master.csv (collected 2026-08-25); ranks seo/tracking/raw/2026-09-15/A7-market/ranked-keywords-ireland-2372-en.json,reused country package 2026-08-25 (<30d)
KIR0030,ireland,en,book appointment for doctor online,transactional,non-brand,brand-v1,online-gp,online GP consultation,https://www.myglobalhealth.online/ireland/en/gp-consultation-online,50,,,,desktop,2372,DataForSEO via OpenSEO,2026-09-15,improve,seo/ireland/03-keyword-master.csv (collected 2026-08-25); ranks seo/tracking/raw/2026-09-15/A7-market/ranked-keywords-ireland-2372-en.json,reused country package 2026-08-25 (<30d)
KIR0031,ireland,en,blood testing kit at home,transactional,non-brand,brand-v1,lab-tests,home blood tests,https://www.myglobalhealth.online/ireland/en/lab-tests,40,42,,,desktop,2372,DataForSEO via OpenSEO,2026-09-15,improve,seo/ireland/03-keyword-master.csv (collected 2026-08-25); ranks seo/tracking/raw/2026-09-15/A7-market/ranked-keywords-ireland-2372-en.json,reused country package 2026-08-25 (<30d)
KIR0032,ireland,en,female bmi calculator,informational,non-brand,brand-v1,tools-bmi,weight calculators,https://www.myglobalhealth.online/ireland/en/tools/bmi-calculator,4400,38,,,desktop,2372,DataForSEO via OpenSEO,2026-09-15,improve,seo/ireland/03-keyword-master.csv (collected 2026-08-25); ranks seo/tracking/raw/2026-09-15/A7-market/ranked-keywords-ireland-2372-en.json,reused country package 2026-08-25 (<30d)
KIR0033,ireland,en,gp sick note ireland,transactional,non-brand,brand-v1,sick-certificate,sick certificates,https://www.myglobalhealth.online/ireland/en/services/sick-certificate-ireland,40,,,,desktop,2372,DataForSEO via OpenSEO,2026-09-15,improve,seo/ireland/03-keyword-master.csv (collected 2026-08-25); ranks seo/tracking/raw/2026-09-15/A7-market/ranked-keywords-ireland-2372-en.json,reused country package 2026-08-25 (<30d)
KIR0034,ireland,en,bmi calculator,informational,non-brand,brand-v1,tools-bmi,weight calculators,https://www.myglobalhealth.online/ireland/en/tools/bmi-calculator,74000,49,,,desktop,2372,DataForSEO via OpenSEO,2026-09-15,improve,seo/ireland/03-keyword-master.csv (collected 2026-08-25); ranks seo/tracking/raw/2026-09-15/A7-market/ranked-keywords-ireland-2372-en.json,reused country package 2026-08-25 (<30d)
KIR0035,ireland,en,home blood test kits,transactional,non-brand,brand-v1,lab-tests,home blood tests,https://www.myglobalhealth.online/ireland/en/lab-tests,40,,,,desktop,2372,DataForSEO via OpenSEO,2026-09-15,improve,seo/ireland/03-keyword-master.csv (collected 2026-08-25); ranks seo/tracking/raw/2026-09-15/A7-market/ranked-keywords-ireland-2372-en.json,reused country package 2026-08-25 (<30d)
KIR0036,ireland,en,blood test at home kit,transactional,non-brand,brand-v1,lab-tests,home blood tests,https://www.myglobalhealth.online/ireland/en/lab-tests,40,,,,desktop,2372,DataForSEO via OpenSEO,2026-09-15,improve,seo/ireland/03-keyword-master.csv (collected 2026-08-25); ranks seo/tracking/raw/2026-09-15/A7-market/ranked-keywords-ireland-2372-en.json,reused country package 2026-08-25 (<30d)
KIR0037,ireland,en,blood pressure chart,informational,non-brand,brand-v1,tools-blood-pressure,blood pressure guidance,https://www.myglobalhealth.online/ireland/en/tools/blood-pressure-chart,8100,48,20,https://www.myglobalhealth.online/ireland/en/tools/blood-pressure-chart,desktop,2372,DataForSEO via OpenSEO,2026-09-15,improve,seo/ireland/03-keyword-master.csv (collected 2026-08-25); ranks seo/tracking/raw/2026-09-15/A7-market/ranked-keywords-ireland-2372-en.json,reused country package 2026-08-25 (<30d)
KIR0038,ireland,en,bmi calculator women,informational,non-brand,brand-v1,tools-bmi,weight calculators,https://www.myglobalhealth.online/ireland/en/tools/bmi-calculator,4400,51,,,desktop,2372,DataForSEO via OpenSEO,2026-09-15,improve,seo/ireland/03-keyword-master.csv (collected 2026-08-25); ranks seo/tracking/raw/2026-09-15/A7-market/ranked-keywords-ireland-2372-en.json,reused country package 2026-08-25 (<30d)
KIR0039,ireland,en,women bmi calculator,informational,non-brand,brand-v1,tools-bmi,weight calculators,https://www.myglobalhealth.online/ireland/en/tools/bmi-calculator,4400,51,,,desktop,2372,DataForSEO via OpenSEO,2026-09-15,improve,seo/ireland/03-keyword-master.csv (collected 2026-08-25); ranks seo/tracking/raw/2026-09-15/A7-market/ranked-keywords-ireland-2372-en.json,reused country package 2026-08-25 (<30d)
KIR0040,ireland,en,bmi calculator for women,informational,non-brand,brand-v1,tools-bmi,weight calculators,https://www.myglobalhealth.online/ireland/en/tools/bmi-calculator,4400,51,,,desktop,2372,DataForSEO via OpenSEO,2026-09-15,improve,seo/ireland/03-keyword-master.csv (collected 2026-08-25); ranks seo/tracking/raw/2026-09-15/A7-market/ranked-keywords-ireland-2372-en.json,reused country package 2026-08-25 (<30d)
KIR0041,ireland,en,gp online,navigational,non-brand,brand-v1,online-gp,online GP consultation,https://www.myglobalhealth.online/ireland/en/gp-consultation-online,590,36,,,desktop,2372,DataForSEO via OpenSEO,2026-09-15,improve,seo/ireland/03-keyword-master.csv (collected 2026-08-25); ranks seo/tracking/raw/2026-09-15/A7-market/ranked-keywords-ireland-2372-en.json,reused country package 2026-08-25 (<30d)
KIR0042,ireland,en,sick cert for work ireland,transactional,non-brand,brand-v1,sick-certificate,sick certificates,https://www.myglobalhealth.online/ireland/en/services/sick-certificate-ireland,20,,,,desktop,2372,DataForSEO via OpenSEO,2026-09-15,improve,seo/ireland/03-keyword-master.csv (collected 2026-08-25); ranks seo/tracking/raw/2026-09-15/A7-market/ranked-keywords-ireland-2372-en.json,reused country package 2026-08-25 (<30d)
KIR0043,ireland,en,get sick cert reviews,informational,non-brand,brand-v1,sick-certificate,sick certificates,https://www.myglobalhealth.online/ireland/en/services/sick-certificate-ireland,10,0,,,desktop,2372,DataForSEO via OpenSEO,2026-09-15,improve,seo/ireland/03-keyword-master.csv (collected 2026-08-25); ranks seo/tracking/raw/2026-09-15/A7-market/ranked-keywords-ireland-2372-en.json,reused country package 2026-08-25 (<30d)
KIR0044,ireland,en,get sick cert online ireland,transactional,non-brand,brand-v1,sick-certificate,sick certificates,https://www.myglobalhealth.online/ireland/en/services/sick-certificate-ireland,10,,,,desktop,2372,DataForSEO via OpenSEO,2026-09-15,improve,seo/ireland/03-keyword-master.csv (collected 2026-08-25); ranks seo/tracking/raw/2026-09-15/A7-market/ranked-keywords-ireland-2372-en.json,reused country package 2026-08-25 (<30d)
KIR0045,ireland,en,body bmi calculator,informational,non-brand,brand-v1,tools-bmi,weight calculators,https://www.myglobalhealth.online/ireland/en/tools/bmi-calculator,74000,63,,,desktop,2372,DataForSEO via OpenSEO,2026-09-15,improve,seo/ireland/03-keyword-master.csv (collected 2026-08-25); ranks seo/tracking/raw/2026-09-15/A7-market/ranked-keywords-ireland-2372-en.json,reused country package 2026-08-25 (<30d)
KIR0046,ireland,en,bmi calculator for men,informational,non-brand,brand-v1,tools-bmi,weight calculators,https://www.myglobalhealth.online/ireland/en/tools/bmi-calculator,720,51,,,desktop,2372,DataForSEO via OpenSEO,2026-09-15,improve,seo/ireland/03-keyword-master.csv (collected 2026-08-25); ranks seo/tracking/raw/2026-09-15/A7-market/ranked-keywords-ireland-2372-en.json,reused country package 2026-08-25 (<30d)
KIR0047,ireland,en,blood test at home dubai,transactional,non-brand,brand-v1,lab-tests,home blood tests,https://www.myglobalhealth.online/ireland/en/lab-tests,10,,,,desktop,2372,DataForSEO via OpenSEO,2026-09-15,improve,seo/ireland/03-keyword-master.csv (collected 2026-08-25); ranks seo/tracking/raw/2026-09-15/A7-market/ranked-keywords-ireland-2372-en.json,reused country package 2026-08-25 (<30d)
KIR0048,ireland,en,blood test at home bangalore,transactional,non-brand,brand-v1,lab-tests,home blood tests,https://www.myglobalhealth.online/ireland/en/lab-tests,10,,,,desktop,2372,DataForSEO via OpenSEO,2026-09-15,improve,seo/ireland/03-keyword-master.csv (collected 2026-08-25); ranks seo/tracking/raw/2026-09-15/A7-market/ranked-keywords-ireland-2372-en.json,reused country package 2026-08-25 (<30d)
KIR0049,ireland,en,eldon home blood test kit,transactional,non-brand,brand-v1,lab-tests,home blood tests,https://www.myglobalhealth.online/ireland/en/lab-tests,10,,,,desktop,2372,DataForSEO via OpenSEO,2026-09-15,improve,seo/ireland/03-keyword-master.csv (collected 2026-08-25); ranks seo/tracking/raw/2026-09-15/A7-market/ranked-keywords-ireland-2372-en.json,reused country package 2026-08-25 (<30d)
KIR0050,ireland,en,blood test at home in bangalore,transactional,non-brand,brand-v1,lab-tests,home blood tests,https://www.myglobalhealth.online/ireland/en/lab-tests,10,,,,desktop,2372,DataForSEO via OpenSEO,2026-09-15,improve,seo/ireland/03-keyword-master.csv (collected 2026-08-25); ranks seo/tracking/raw/2026-09-15/A7-market/ranked-keywords-ireland-2372-en.json,reused country package 2026-08-25 (<30d)
KIR0051,ireland,en,home blood testing machine,transactional,non-brand,brand-v1,lab-tests,home blood tests,https://www.myglobalhealth.online/ireland/en/lab-tests,10,,,,desktop,2372,DataForSEO via OpenSEO,2026-09-15,improve,seo/ireland/03-keyword-master.csv (collected 2026-08-25); ranks seo/tracking/raw/2026-09-15/A7-market/ranked-keywords-ireland-2372-en.json,reused country package 2026-08-25 (<30d)
KIR0052,ireland,en,online gp appointment,transactional,non-brand,brand-v1,online-gp,online GP consultation,https://www.myglobalhealth.online/ireland/en/gp-consultation-online,,36,,,desktop,2372,DataForSEO via OpenSEO,2026-09-15,ignore,seo/ireland/03-keyword-master.csv (collected 2026-08-25); ranks seo/tracking/raw/2026-09-15/A7-market/ranked-keywords-ireland-2372-en.json,reused country package 2026-08-25 (<30d)
KIR0053,ireland,en,consult to doctor online,navigational,non-brand,brand-v1,online-gp,online GP consultation,https://www.myglobalhealth.online/ireland/en/gp-consultation-online,210,18,,,desktop,2372,DataForSEO via OpenSEO,2026-09-15,improve,seo/ireland/03-keyword-master.csv (collected 2026-08-25); ranks seo/tracking/raw/2026-09-15/A7-market/ranked-keywords-ireland-2372-en.json,reused country package 2026-08-25 (<30d)
KIR0054,ireland,en,gp online consultation,navigational,non-brand,brand-v1,online-gp,online GP consultation,https://www.myglobalhealth.online/ireland/en/gp-consultation-online,170,21,,,desktop,2372,DataForSEO via OpenSEO,2026-09-15,improve,seo/ireland/03-keyword-master.csv (collected 2026-08-25); ranks seo/tracking/raw/2026-09-15/A7-market/ranked-keywords-ireland-2372-en.json,reused country package 2026-08-25 (<30d)
KIR0055,ireland,en,best home blood test kit,commercial,non-brand,brand-v1,lab-tests,home blood tests,https://www.myglobalhealth.online/ireland/en/lab-tests,10,,,,desktop,2372,DataForSEO via OpenSEO,2026-09-15,improve,seo/ireland/03-keyword-master.csv (collected 2026-08-25); ranks seo/tracking/raw/2026-09-15/A7-market/ranked-keywords-ireland-2372-en.json,reused country package 2026-08-25 (<30d)
KIR0056,ireland,en,best online doctor ireland,commercial,non-brand,brand-v1,online-gp,online GP consultation,https://www.myglobalhealth.online/ireland/en/gp-consultation-online,,30,,,desktop,2372,DataForSEO via OpenSEO,2026-09-15,ignore,seo/ireland/03-keyword-master.csv (collected 2026-08-25); ranks seo/tracking/raw/2026-09-15/A7-market/ranked-keywords-ireland-2372-en.json,reused country package 2026-08-25 (<30d)
KIR0057,ireland,en,bmi calculator men,informational,non-brand,brand-v1,tools-bmi,weight calculators,https://www.myglobalhealth.online/ireland/en/tools/bmi-calculator,880,51,72,https://www.myglobalhealth.online/ireland/en/tools/bmi-calculator,desktop,2372,DataForSEO via OpenSEO,2026-09-15,improve,seo/ireland/03-keyword-master.csv (collected 2026-08-25); ranks seo/tracking/raw/2026-09-15/A7-market/ranked-keywords-ireland-2372-en.json,reused country package 2026-08-25 (<30d)
KIR0058,ireland,en,blood pressure readings,informational,non-brand,brand-v1,tools-blood-pressure,blood pressure guidance,https://www.myglobalhealth.online/ireland/en/tools/blood-pressure-chart,390,44,69,https://www.myglobalhealth.online/ireland/en/tools/blood-pressure-chart,desktop,2372,DataForSEO via OpenSEO,2026-09-15,improve,seo/ireland/03-keyword-master.csv (collected 2026-08-25); ranks seo/tracking/raw/2026-09-15/A7-market/ranked-keywords-ireland-2372-en.json,reused country package 2026-08-25 (<30d)
KIR0059,ireland,en,online gp appt,navigational,non-brand,brand-v1,online-gp,online GP consultation,https://www.myglobalhealth.online/ireland/en/gp-consultation-online,140,21,,,desktop,2372,DataForSEO via OpenSEO,2026-09-15,improve,seo/ireland/03-keyword-master.csv (collected 2026-08-25); ranks seo/tracking/raw/2026-09-15/A7-market/ranked-keywords-ireland-2372-en.json,reused country package 2026-08-25 (<30d)
KIR0060,ireland,en,when do i need a sick note for work ireland,informational,non-brand,brand-v1,sick-certificate,sick certificates,https://www.myglobalhealth.online/ireland/en/services/sick-certificate-ireland,50,,,,desktop,2372,DataForSEO via OpenSEO,2026-09-15,improve,seo/ireland/03-keyword-master.csv (collected 2026-08-25); ranks seo/tracking/raw/2026-09-15/A7-market/ranked-keywords-ireland-2372-en.json,reused country package 2026-08-25 (<30d)
KIR0061,ireland,en,at home blood test ireland,informational,non-brand,brand-v1,lab-tests,home blood tests,https://www.myglobalhealth.online/ireland/en/lab-tests,50,,,,desktop,2372,DataForSEO via OpenSEO,2026-09-15,improve,seo/ireland/03-keyword-master.csv (collected 2026-08-25); ranks seo/tracking/raw/2026-09-15/A7-market/ranked-keywords-ireland-2372-en.json,reused country package 2026-08-25 (<30d)
KIR0062,ireland,en,online doctors note,informational,non-brand,brand-v1,sick-certificate,sick certificates,https://www.myglobalhealth.online/ireland/en/services/sick-certificate-ireland,,0,,,desktop,2372,DataForSEO via OpenSEO,2026-09-15,ignore,seo/ireland/03-keyword-master.csv (collected 2026-08-25); ranks seo/tracking/raw/2026-09-15/A7-market/ranked-keywords-ireland-2372-en.json,reused country package 2026-08-25 (<30d)
KIR0063,ireland,en,online doctor ireland sick note,informational,non-brand,brand-v1,sick-certificate,sick certificates,https://www.myglobalhealth.online/ireland/en/services/sick-certificate-ireland,,5,,,desktop,2372,DataForSEO via OpenSEO,2026-09-15,ignore,seo/ireland/03-keyword-master.csv (collected 2026-08-25); ranks seo/tracking/raw/2026-09-15/A7-market/ranked-keywords-ireland-2372-en.json,reused country package 2026-08-25 (<30d)
KIR0064,ireland,en,home blood test ireland,informational,non-brand,brand-v1,lab-tests,home blood tests,https://www.myglobalhealth.online/ireland/en/lab-tests,40,,,,desktop,2372,DataForSEO via OpenSEO,2026-09-15,improve,seo/ireland/03-keyword-master.csv (collected 2026-08-25); ranks seo/tracking/raw/2026-09-15/A7-market/ranked-keywords-ireland-2372-en.json,reused country package 2026-08-25 (<30d)
KIR0065,ireland,en,online doctor ireland antibiotics,informational,non-brand,brand-v1,online-gp,online GP consultation,https://www.myglobalhealth.online/ireland/en/gp-consultation-online,,12,,,desktop,2372,DataForSEO via OpenSEO,2026-09-15,ignore,seo/ireland/03-keyword-master.csv (collected 2026-08-25); ranks seo/tracking/raw/2026-09-15/A7-market/ranked-keywords-ireland-2372-en.json,reused country package 2026-08-25 (<30d)
KIR0066,ireland,en,are online sick certificates valid,informational,non-brand,brand-v1,sick-certificate,sick certificates,https://www.myglobalhealth.online/ireland/en/services/sick-certificate-ireland,30,,,,desktop,2372,DataForSEO via OpenSEO,2026-09-15,improve,seo/ireland/03-keyword-master.csv (collected 2026-08-25); ranks seo/tracking/raw/2026-09-15/A7-market/ranked-keywords-ireland-2372-en.json,reused country package 2026-08-25 (<30d)
KIR0067,ireland,en,how to get a sick note ireland,informational,non-brand,brand-v1,sick-certificate,sick certificates,https://www.myglobalhealth.online/ireland/en/services/sick-certificate-ireland,10,,,,desktop,2372,DataForSEO via OpenSEO,2026-09-15,improve,seo/ireland/03-keyword-master.csv (collected 2026-08-25); ranks seo/tracking/raw/2026-09-15/A7-market/ranked-keywords-ireland-2372-en.json,reused country package 2026-08-25 (<30d)
KIR0068,ireland,en,what is online doctor,informational,non-brand,brand-v1,online-gp,online GP consultation,https://www.myglobalhealth.online/ireland/en/gp-consultation-online,10,,,,desktop,2372,DataForSEO via OpenSEO,2026-09-15,improve,seo/ireland/03-keyword-master.csv (collected 2026-08-25); ranks seo/tracking/raw/2026-09-15/A7-market/ranked-keywords-ireland-2372-en.json,reused country package 2026-08-25 (<30d)
KIR0069,ireland,en,online doctor visit,informational,non-brand,brand-v1,online-gp,online GP consultation,https://www.myglobalhealth.online/ireland/en/gp-consultation-online,10,,,,desktop,2372,DataForSEO via OpenSEO,2026-09-15,improve,seo/ireland/03-keyword-master.csv (collected 2026-08-25); ranks seo/tracking/raw/2026-09-15/A7-market/ranked-keywords-ireland-2372-en.json,reused country package 2026-08-25 (<30d)
KIR0070,ireland,en,online doctors uk,informational,non-brand,brand-v1,online-gp,online GP consultation,https://www.myglobalhealth.online/ireland/en/gp-consultation-online,50,81,,,desktop,2372,DataForSEO via OpenSEO,2026-09-15,improve,seo/ireland/03-keyword-master.csv (collected 2026-08-25); ranks seo/tracking/raw/2026-09-15/A7-market/ranked-keywords-ireland-2372-en.json,reused country package 2026-08-25 (<30d)
KIR0071,ireland,en,home blood test kits ireland,informational,non-brand,brand-v1,lab-tests,home blood tests,https://www.myglobalhealth.online/ireland/en/lab-tests,10,,,,desktop,2372,DataForSEO via OpenSEO,2026-09-15,improve,seo/ireland/03-keyword-master.csv (collected 2026-08-25); ranks seo/tracking/raw/2026-09-15/A7-market/ranked-keywords-ireland-2372-en.json,reused country package 2026-08-25 (<30d)
KIR0072,ireland,en,home blood test uk,informational,non-brand,brand-v1,lab-tests,home blood tests,https://www.myglobalhealth.online/ireland/en/lab-tests,10,,,,desktop,2372,DataForSEO via OpenSEO,2026-09-15,improve,seo/ireland/03-keyword-master.csv (collected 2026-08-25); ranks seo/tracking/raw/2026-09-15/A7-market/ranked-keywords-ireland-2372-en.json,reused country package 2026-08-25 (<30d)
KIR0073,ireland,en,liver blood test at home,informational,non-brand,brand-v1,lab-tests,home blood tests,https://www.myglobalhealth.online/ireland/en/lab-tests,10,,,,desktop,2372,DataForSEO via OpenSEO,2026-09-15,improve,seo/ireland/03-keyword-master.csv (collected 2026-08-25); ranks seo/tracking/raw/2026-09-15/A7-market/ranked-keywords-ireland-2372-en.json,reused country package 2026-08-25 (<30d)
KIR0074,ireland,en,home blood test for lead,informational,non-brand,brand-v1,lab-tests,home blood tests,https://www.myglobalhealth.online/ireland/en/lab-tests,10,,,,desktop,2372,DataForSEO via OpenSEO,2026-09-15,improve,seo/ireland/03-keyword-master.csv (collected 2026-08-25); ranks seo/tracking/raw/2026-09-15/A7-market/ranked-keywords-ireland-2372-en.json,reused country package 2026-08-25 (<30d)
KIR0075,ireland,en,health blood test at home,informational,non-brand,brand-v1,lab-tests,home blood tests,https://www.myglobalhealth.online/ireland/en/lab-tests,10,,,,desktop,2372,DataForSEO via OpenSEO,2026-09-15,improve,seo/ireland/03-keyword-master.csv (collected 2026-08-25); ranks seo/tracking/raw/2026-09-15/A7-market/ranked-keywords-ireland-2372-en.json,reused country package 2026-08-25 (<30d)
KIR0076,ireland,en,vitamin blood test at home,informational,non-brand,brand-v1,lab-tests,home blood tests,https://www.myglobalhealth.online/ireland/en/lab-tests,10,,,,desktop,2372,DataForSEO via OpenSEO,2026-09-15,improve,seo/ireland/03-keyword-master.csv (collected 2026-08-25); ranks seo/tracking/raw/2026-09-15/A7-market/ranked-keywords-ireland-2372-en.json,reused country package 2026-08-25 (<30d)
KIR0077,ireland,en,full blood test at home,informational,non-brand,brand-v1,lab-tests,home blood tests,https://www.myglobalhealth.online/ireland/en/lab-tests,10,,,,desktop,2372,DataForSEO via OpenSEO,2026-09-15,improve,seo/ireland/03-keyword-master.csv (collected 2026-08-25); ranks seo/tracking/raw/2026-09-15/A7-market/ranked-keywords-ireland-2372-en.json,reused country package 2026-08-25 (<30d)
KIR0078,ireland,en,how to blood test at home,informational,non-brand,brand-v1,lab-tests,home blood tests,https://www.myglobalhealth.online/ireland/en/lab-tests,10,,,,desktop,2372,DataForSEO via OpenSEO,2026-09-15,improve,seo/ireland/03-keyword-master.csv (collected 2026-08-25); ranks seo/tracking/raw/2026-09-15/A7-market/ranked-keywords-ireland-2372-en.json,reused country package 2026-08-25 (<30d)
KIR0079,ireland,en,home blood tests uk,informational,non-brand,brand-v1,lab-tests,home blood tests,https://www.myglobalhealth.online/ireland/en/lab-tests,10,,,,desktop,2372,DataForSEO via OpenSEO,2026-09-15,improve,seo/ireland/03-keyword-master.csv (collected 2026-08-25); ranks seo/tracking/raw/2026-09-15/A7-market/ranked-keywords-ireland-2372-en.json,reused country package 2026-08-25 (<30d)
KIR0080,ireland,en,best at home blood tests,informational,non-brand,brand-v1,lab-tests,home blood tests,https://www.myglobalhealth.online/ireland/en/lab-tests,10,,,,desktop,2372,DataForSEO via OpenSEO,2026-09-15,improve,seo/ireland/03-keyword-master.csv (collected 2026-08-25); ranks seo/tracking/raw/2026-09-15/A7-market/ranked-keywords-ireland-2372-en.json,reused country package 2026-08-25 (<30d)
KIR0081,ireland,en,best at-home blood tests,informational,non-brand,brand-v1,lab-tests,home blood tests,https://www.myglobalhealth.online/ireland/en/lab-tests,10,,,,desktop,2372,DataForSEO via OpenSEO,2026-09-15,improve,seo/ireland/03-keyword-master.csv (collected 2026-08-25); ranks seo/tracking/raw/2026-09-15/A7-market/ranked-keywords-ireland-2372-en.json,reused country package 2026-08-25 (<30d)
KIR0082,ireland,en,online doctor ireland,informational,non-brand,brand-v1,online-gp,online GP consultation,https://www.myglobalhealth.online/ireland/en/gp-consultation-online,,31,,,desktop,2372,DataForSEO via OpenSEO,2026-09-15,ignore,seo/ireland/03-keyword-master.csv (collected 2026-08-25); ranks seo/tracking/raw/2026-09-15/A7-market/ranked-keywords-ireland-2372-en.json,reused country package 2026-08-25 (<30d)
KIR0083,ireland,en,online doctor service,informational,non-brand,brand-v1,online-gp,online GP consultation,https://www.myglobalhealth.online/ireland/en/gp-consultation-online,,,,,desktop,2372,DataForSEO via OpenSEO,2026-09-15,ignore,seo/ireland/03-keyword-master.csv (collected 2026-08-25); ranks seo/tracking/raw/2026-09-15/A7-market/ranked-keywords-ireland-2372-en.json,reused country package 2026-08-25 (<30d)
KIR0084,ireland,en,can an employer refuse an online medical certificate,commercial,non-brand,brand-v1,sick-certificate,sick certificates,https://www.myglobalhealth.online/ireland/en/services/sick-certificate-ireland,,,,,desktop,2372,DataForSEO via OpenSEO,2026-09-15,ignore,seo/ireland/03-keyword-master.csv (collected 2026-08-25); ranks seo/tracking/raw/2026-09-15/A7-market/ranked-keywords-ireland-2372-en.json,reused country package 2026-08-25 (<30d)
KIR0085,ireland,en,can an online doctor referral you to a specialist,commercial,non-brand,brand-v1,online-gp,online GP consultation,https://www.myglobalhealth.online/ireland/en/gp-consultation-online,,,,,desktop,2372,DataForSEO via OpenSEO,2026-09-15,ignore,seo/ireland/03-keyword-master.csv (collected 2026-08-25); ranks seo/tracking/raw/2026-09-15/A7-market/ranked-keywords-ireland-2372-en.json,reused country package 2026-08-25 (<30d)
KIR0086,ireland,en,can employer refuse online medical certificate,commercial,non-brand,brand-v1,sick-certificate,sick certificates,https://www.myglobalhealth.online/ireland/en/services/sick-certificate-ireland,,,,,desktop,2372,DataForSEO via OpenSEO,2026-09-15,ignore,seo/ireland/03-keyword-master.csv (collected 2026-08-25); ranks seo/tracking/raw/2026-09-15/A7-market/ranked-keywords-ireland-2372-en.json,reused country package 2026-08-25 (<30d)
KIR0087,ireland,en,can my employer refuse an online medical certificate,commercial,non-brand,brand-v1,sick-certificate,sick certificates,https://www.myglobalhealth.online/ireland/en/services/sick-certificate-ireland,,,,,desktop,2372,DataForSEO via OpenSEO,2026-09-15,ignore,seo/ireland/03-keyword-master.csv (collected 2026-08-25); ranks seo/tracking/raw/2026-09-15/A7-market/ranked-keywords-ireland-2372-en.json,reused country package 2026-08-25 (<30d)
KIR0088,ireland,en,can you get sick pay without a sick note,informational,non-brand,brand-v1,sick-certificate,sick certificates,https://www.myglobalhealth.online/ireland/en/services/sick-certificate-ireland,,,,,desktop,2372,DataForSEO via OpenSEO,2026-09-15,ignore,seo/ireland/03-keyword-master.csv (collected 2026-08-25); ranks seo/tracking/raw/2026-09-15/A7-market/ranked-keywords-ireland-2372-en.json,reused country package 2026-08-25 (<30d)
KIR0089,ireland,en,cold and flu sick certificate ireland,informational,non-brand,brand-v1,sick-certificate,sick certificates,https://www.myglobalhealth.online/ireland/en/services/sick-certificate-ireland,,,,,desktop,2372,DataForSEO via OpenSEO,2026-09-15,ignore,seo/ireland/03-keyword-master.csv (collected 2026-08-25); ranks seo/tracking/raw/2026-09-15/A7-market/ranked-keywords-ireland-2372-en.json,reused country package 2026-08-25 (<30d)
KIR0090,ireland,en,do employers have to accept online medical certificates,commercial,non-brand,brand-v1,sick-certificate,sick certificates,https://www.myglobalhealth.online/ireland/en/services/sick-certificate-ireland,,,,,desktop,2372,DataForSEO via OpenSEO,2026-09-15,ignore,seo/ireland/03-keyword-master.csv (collected 2026-08-25); ranks seo/tracking/raw/2026-09-15/A7-market/ranked-keywords-ireland-2372-en.json,reused country package 2026-08-25 (<30d)
KIR0091,ireland,en,do i have to provide a medical certificate for 1 day off,informational,non-brand,brand-v1,sick-certificate,sick certificates,https://www.myglobalhealth.online/ireland/en/services/sick-certificate-ireland,,,,,desktop,2372,DataForSEO via OpenSEO,2026-09-15,ignore,seo/ireland/03-keyword-master.csv (collected 2026-08-25); ranks seo/tracking/raw/2026-09-15/A7-market/ranked-keywords-ireland-2372-en.json,reused country package 2026-08-25 (<30d)
KIR0092,ireland,en,do you have to provide a medical certificate for one day,informational,non-brand,brand-v1,sick-certificate,sick certificates,https://www.myglobalhealth.online/ireland/en/services/sick-certificate-ireland,,,,,desktop,2372,DataForSEO via OpenSEO,2026-09-15,ignore,seo/ireland/03-keyword-master.csv (collected 2026-08-25); ranks seo/tracking/raw/2026-09-15/A7-market/ranked-keywords-ireland-2372-en.json,reused country package 2026-08-25 (<30d)
KIR0093,ireland,en,do you have to provide medical certificate for one day,informational,non-brand,brand-v1,sick-certificate,sick certificates,https://www.myglobalhealth.online/ireland/en/services/sick-certificate-ireland,,,,,desktop,2372,DataForSEO via OpenSEO,2026-09-15,ignore,seo/ireland/03-keyword-master.csv (collected 2026-08-25); ranks seo/tracking/raw/2026-09-15/A7-market/ranked-keywords-ireland-2372-en.json,reused country package 2026-08-25 (<30d)
KIR0094,ireland,en,gastroenterologist doctor online consultation,commercial,non-brand,brand-v1,online-gp,online GP consultation,https://www.myglobalhealth.online/ireland/en/gp-consultation-online,,,,,desktop,2372,DataForSEO via OpenSEO,2026-09-15,ignore,seo/ireland/03-keyword-master.csv (collected 2026-08-25); ranks seo/tracking/raw/2026-09-15/A7-market/ranked-keywords-ireland-2372-en.json,reused country package 2026-08-25 (<30d)
KIR0095,ireland,en,gp sick note,informational,non-brand,brand-v1,sick-certificate,sick certificates,https://www.myglobalhealth.online/ireland/en/services/sick-certificate-ireland,,,,,desktop,2372,DataForSEO via OpenSEO,2026-09-15,ignore,seo/ireland/03-keyword-master.csv (collected 2026-08-25); ranks seo/tracking/raw/2026-09-15/A7-market/ranked-keywords-ireland-2372-en.json,reused country package 2026-08-25 (<30d)
KIR0096,ireland,en,how long is medical certificate valid,informational,non-brand,brand-v1,sick-certificate,sick certificates,https://www.myglobalhealth.online/ireland/en/services/sick-certificate-ireland,,,,,desktop,2372,DataForSEO via OpenSEO,2026-09-15,ignore,seo/ireland/03-keyword-master.csv (collected 2026-08-25); ranks seo/tracking/raw/2026-09-15/A7-market/ranked-keywords-ireland-2372-en.json,reused country package 2026-08-25 (<30d)
KIR0097,ireland,en,social welfare sick cert online,navigational,non-brand,brand-v1,sick-certificate,sick certificates,https://www.myglobalhealth.online/ireland/en/services/sick-certificate-ireland,40,,,,desktop,2372,DataForSEO via OpenSEO,2026-09-15,improve,seo/ireland/03-keyword-master.csv (collected 2026-08-25); ranks seo/tracking/raw/2026-09-15/A7-market/ranked-keywords-ireland-2372-en.json,reused country package 2026-08-25 (<30d)
KIR0098,ireland,en,mydoctor online,navigational,non-brand,brand-v1,online-gp,online GP consultation,https://www.myglobalhealth.online/ireland/en/gp-consultation-online,40,,,,desktop,2372,DataForSEO via OpenSEO,2026-09-15,improve,seo/ireland/03-keyword-master.csv (collected 2026-08-25); ranks seo/tracking/raw/2026-09-15/A7-market/ranked-keywords-ireland-2372-en.json,reused country package 2026-08-25 (<30d)
KIR0099,ireland,en,home blood tests ireland,informational,non-brand,brand-v1,lab-tests,home blood tests,https://www.myglobalhealth.online/ireland/en/lab-tests,,,,,desktop,2372,DataForSEO via OpenSEO,2026-09-15,ignore,seo/ireland/03-keyword-master.csv (collected 2026-08-25); ranks seo/tracking/raw/2026-09-15/A7-market/ranked-keywords-ireland-2372-en.json,reused country package 2026-08-25 (<30d)
KIR0100,ireland,en,online doctor,informational,non-brand,brand-v1,online-gp,online GP consultation,https://www.myglobalhealth.online/ireland/en/gp-consultation-online,,56,,,desktop,2372,DataForSEO via OpenSEO,2026-09-15,ignore,seo/ireland/03-keyword-master.csv (collected 2026-08-25); ranks seo/tracking/raw/2026-09-15/A7-market/ranked-keywords-ireland-2372-en.json,reused country package 2026-08-25 (<30d)
KIR0101,ireland,en,an online doctor,informational,non-brand,brand-v1,online-gp,online GP consultation,https://www.myglobalhealth.online/ireland/en/gp-consultation-online,,57,,,desktop,2372,DataForSEO via OpenSEO,2026-09-15,ignore,seo/ireland/03-keyword-master.csv (collected 2026-08-25); ranks seo/tracking/raw/2026-09-15/A7-market/ranked-keywords-ireland-2372-en.json,reused country package 2026-08-25 (<30d)
KIR0102,ireland,en,online sick cert ireland reddit,navigational,non-brand,brand-v1,sick-certificate,sick certificates,https://www.myglobalhealth.online/ireland/en/services/sick-certificate-ireland,30,,,,desktop,2372,DataForSEO via OpenSEO,2026-09-15,improve,seo/ireland/03-keyword-master.csv (collected 2026-08-25); ranks seo/tracking/raw/2026-09-15/A7-market/ranked-keywords-ireland-2372-en.json,reused country package 2026-08-25 (<30d)
KIR0103,ireland,en,online doctor ireland medical card,navigational,non-brand,brand-v1,online-gp,online GP consultation,https://www.myglobalhealth.online/ireland/en/gp-consultation-online,20,,,,desktop,2372,DataForSEO via OpenSEO,2026-09-15,improve,seo/ireland/03-keyword-master.csv (collected 2026-08-25); ranks seo/tracking/raw/2026-09-15/A7-market/ranked-keywords-ireland-2372-en.json,reused country package 2026-08-25 (<30d)
KIR0104,ireland,en,eclinic sick cert,navigational,non-brand,brand-v1,sick-certificate,sick certificates,https://www.myglobalhealth.online/ireland/en/services/sick-certificate-ireland,10,,,,desktop,2372,DataForSEO via OpenSEO,2026-09-15,improve,seo/ireland/03-keyword-master.csv (collected 2026-08-25); ranks seo/tracking/raw/2026-09-15/A7-market/ranked-keywords-ireland-2372-en.json,reused country package 2026-08-25 (<30d)
KIR0105,ireland,en,after how many days off sick before doctors note,informational,non-brand,brand-v1,sick-certificate,sick certificates,https://www.myglobalhealth.online/ireland/en/services/sick-certificate-ireland,,,,,desktop,2372,DataForSEO via OpenSEO,2026-09-15,ignore,seo/ireland/03-keyword-master.csv (collected 2026-08-25); ranks seo/tracking/raw/2026-09-15/A7-market/ranked-keywords-ireland-2372-en.json,reused country package 2026-08-25 (<30d)
KIR0106,ireland,en,ask doctor online,commercial,non-brand,brand-v1,online-gp,online GP consultation,https://www.myglobalhealth.online/ireland/en/gp-consultation-online,,,,,desktop,2372,DataForSEO via OpenSEO,2026-09-15,ignore,seo/ireland/03-keyword-master.csv (collected 2026-08-25); ranks seo/tracking/raw/2026-09-15/A7-market/ranked-keywords-ireland-2372-en.json,reused country package 2026-08-25 (<30d)
KIR0107,ireland,en,best online doctor sites,commercial,non-brand,brand-v1,online-gp,online GP consultation,https://www.myglobalhealth.online/ireland/en/gp-consultation-online,,,,,desktop,2372,DataForSEO via OpenSEO,2026-09-15,ignore,seo/ireland/03-keyword-master.csv (collected 2026-08-25); ranks seo/tracking/raw/2026-09-15/A7-market/ranked-keywords-ireland-2372-en.json,reused country package 2026-08-25 (<30d)
KIR0108,ireland,en,blood pressure medicine online doctor,commercial,non-brand,brand-v1,tools-blood-pressure,online GP consultation,https://www.myglobalhealth.online/ireland/en/gp-consultation-online,,,,,desktop,2372,DataForSEO via OpenSEO,2026-09-15,ignore,seo/ireland/03-keyword-master.csv (collected 2026-08-25); ranks seo/tracking/raw/2026-09-15/A7-market/ranked-keywords-ireland-2372-en.json,reused country package 2026-08-25 (<30d)
KIR0109,ireland,en,consult gp online,commercial,non-brand,brand-v1,online-gp,online GP consultation,https://www.myglobalhealth.online/ireland/en/gp-consultation-online,,,,,desktop,2372,DataForSEO via OpenSEO,2026-09-15,ignore,seo/ireland/03-keyword-master.csv (collected 2026-08-25); ranks seo/tracking/raw/2026-09-15/A7-market/ranked-keywords-ireland-2372-en.json,reused country package 2026-08-25 (<30d)
KIR0110,ireland,en,contact doctor online,commercial,non-brand,brand-v1,online-gp,online GP consultation,https://www.myglobalhealth.online/ireland/en/gp-consultation-online,,,,,desktop,2372,DataForSEO via OpenSEO,2026-09-15,ignore,seo/ireland/03-keyword-master.csv (collected 2026-08-25); ranks seo/tracking/raw/2026-09-15/A7-market/ranked-keywords-ireland-2372-en.json,reused country package 2026-08-25 (<30d)
KIR0111,ireland,en,digital medical certificate ireland,informational,non-brand,brand-v1,sick-certificate,sick certificates,https://www.myglobalhealth.online/ireland/en/services/sick-certificate-ireland,,,,,desktop,2372,DataForSEO via OpenSEO,2026-09-15,ignore,seo/ireland/03-keyword-master.csv (collected 2026-08-25); ranks seo/tracking/raw/2026-09-15/A7-market/ranked-keywords-ireland-2372-en.json,reused country package 2026-08-25 (<30d)
KIR0112,ireland,en,do employers accept online medical certificates,commercial,non-brand,brand-v1,sick-certificate,sick certificates,https://www.myglobalhealth.online/ireland/en/services/sick-certificate-ireland,,,,,desktop,2372,DataForSEO via OpenSEO,2026-09-15,ignore,seo/ireland/03-keyword-master.csv (collected 2026-08-25); ranks seo/tracking/raw/2026-09-15/A7-market/ranked-keywords-ireland-2372-en.json,reused country package 2026-08-25 (<30d)
KIR0113,ireland,en,do online doctors notes work,commercial,non-brand,brand-v1,sick-certificate,sick certificates,https://www.myglobalhealth.online/ireland/en/services/sick-certificate-ireland,,,,,desktop,2372,DataForSEO via OpenSEO,2026-09-15,ignore,seo/ireland/03-keyword-master.csv (collected 2026-08-25); ranks seo/tracking/raw/2026-09-15/A7-market/ranked-keywords-ireland-2372-en.json,reused country package 2026-08-25 (<30d)
KIR0114,ireland,en,do you need a doctor's note for 3 days off,informational,non-brand,brand-v1,sick-certificate,sick certificates,https://www.myglobalhealth.online/ireland/en/services/sick-certificate-ireland,,,,,desktop,2372,DataForSEO via OpenSEO,2026-09-15,ignore,seo/ireland/03-keyword-master.csv (collected 2026-08-25); ranks seo/tracking/raw/2026-09-15/A7-market/ranked-keywords-ireland-2372-en.json,reused country package 2026-08-25 (<30d)
KIR0115,ireland,en,doctor sick note ireland,informational,non-brand,brand-v1,sick-certificate,sick certificates,https://www.myglobalhealth.online/ireland/en/services/sick-certificate-ireland,,,,,desktop,2372,DataForSEO via OpenSEO,2026-09-15,ignore,seo/ireland/03-keyword-master.csv (collected 2026-08-25); ranks seo/tracking/raw/2026-09-15/A7-market/ranked-keywords-ireland-2372-en.json,reused country package 2026-08-25 (<30d)
KIR0116,ireland,en,doctors sick note,informational,non-brand,brand-v1,sick-certificate,sick certificates,https://www.myglobalhealth.online/ireland/en/services/sick-certificate-ireland,,,,,desktop,2372,DataForSEO via OpenSEO,2026-09-15,ignore,seo/ireland/03-keyword-master.csv (collected 2026-08-25); ranks seo/tracking/raw/2026-09-15/A7-market/ranked-keywords-ireland-2372-en.json,reused country package 2026-08-25 (<30d)
KIR0117,ireland,en,fit to work medical certificate ireland,informational,non-brand,brand-v1,sick-certificate,sick certificates,https://www.myglobalhealth.online/ireland/en/services/sick-certificate-ireland,,,,,desktop,2372,DataForSEO via OpenSEO,2026-09-15,ignore,seo/ireland/03-keyword-master.csv (collected 2026-08-25); ranks seo/tracking/raw/2026-09-15/A7-market/ranked-keywords-ireland-2372-en.json,reused country package 2026-08-25 (<30d)
KIR0118,ireland,en,free medical certificate online,commercial,non-brand,brand-v1,sick-certificate,sick certificates,https://www.myglobalhealth.online/ireland/en/services/sick-certificate-ireland,,,,,desktop,2372,DataForSEO via OpenSEO,2026-09-15,ignore,seo/ireland/03-keyword-master.csv (collected 2026-08-25); ranks seo/tracking/raw/2026-09-15/A7-market/ranked-keywords-ireland-2372-en.json,reused country package 2026-08-25 (<30d)
KIR0119,ireland,en,get sick certificate online ireland,commercial,non-brand,brand-v1,sick-certificate,sick certificates,https://www.myglobalhealth.online/ireland/en/services/sick-certificate-ireland,,,,,desktop,2372,DataForSEO via OpenSEO,2026-09-15,ignore,seo/ireland/03-keyword-master.csv (collected 2026-08-25); ranks seo/tracking/raw/2026-09-15/A7-market/ranked-keywords-ireland-2372-en.json,reused country package 2026-08-25 (<30d)
KIR0120,ireland,en,google doctor online,commercial,non-brand,brand-v1,online-gp,online GP consultation,https://www.myglobalhealth.online/ireland/en/gp-consultation-online,,,,,desktop,2372,DataForSEO via OpenSEO,2026-09-15,ignore,seo/ireland/03-keyword-master.csv (collected 2026-08-25); ranks seo/tracking/raw/2026-09-15/A7-market/ranked-keywords-ireland-2372-en.json,reused country package 2026-08-25 (<30d)
KIR0121,ireland,en,gp online ireland,commercial,non-brand,brand-v1,online-gp,online GP consultation,https://www.myglobalhealth.online/ireland/en/gp-consultation-online,,,,,desktop,2372,DataForSEO via OpenSEO,2026-09-15,ignore,seo/ireland/03-keyword-master.csv (collected 2026-08-25); ranks seo/tracking/raw/2026-09-15/A7-market/ranked-keywords-ireland-2372-en.json,reused country package 2026-08-25 (<30d)
KIR0122,ireland,en,group 2 medical certificate,informational,non-brand,brand-v1,sick-certificate,sick certificates,https://www.myglobalhealth.online/ireland/en/services/sick-certificate-ireland,,,,,desktop,2372,DataForSEO via OpenSEO,2026-09-15,ignore,seo/ireland/03-keyword-master.csv (collected 2026-08-25); ranks seo/tracking/raw/2026-09-15/A7-market/ranked-keywords-ireland-2372-en.json,reused country package 2026-08-25 (<30d)
KIR0123,ireland,en,how many days can i be sick without a doctor's note,informational,non-brand,brand-v1,sick-certificate,sick certificates,https://www.myglobalhealth.online/ireland/en/services/sick-certificate-ireland,,,,,desktop,2372,DataForSEO via OpenSEO,2026-09-15,ignore,seo/ireland/03-keyword-master.csv (collected 2026-08-25); ranks seo/tracking/raw/2026-09-15/A7-market/ranked-keywords-ireland-2372-en.json,reused country package 2026-08-25 (<30d)
KIR0124,ireland,en,how many days can you be sick without a doctor's note,informational,non-brand,brand-v1,sick-certificate,sick certificates,https://www.myglobalhealth.online/ireland/en/services/sick-certificate-ireland,,,,,desktop,2372,DataForSEO via OpenSEO,2026-09-15,ignore,seo/ireland/03-keyword-master.csv (collected 2026-08-25); ranks seo/tracking/raw/2026-09-15/A7-market/ranked-keywords-ireland-2372-en.json,reused country package 2026-08-25 (<30d)
KIR0125,ireland,en,how many sick days require a doctor's note,informational,non-brand,brand-v1,sick-certificate,sick certificates,https://www.myglobalhealth.online/ireland/en/services/sick-certificate-ireland,,,,,desktop,2372,DataForSEO via OpenSEO,2026-09-15,ignore,seo/ireland/03-keyword-master.csv (collected 2026-08-25); ranks seo/tracking/raw/2026-09-15/A7-market/ranked-keywords-ireland-2372-en.json,reused country package 2026-08-25 (<30d)
KIR0126,ireland,en,at home blood test,informational,non-brand,brand-v1,lab-tests,home blood tests,https://www.myglobalhealth.online/ireland/en/lab-tests,,,,,desktop,2372,DataForSEO via OpenSEO,2026-09-15,ignore,seo/ireland/03-keyword-master.csv (collected 2026-08-25); ranks seo/tracking/raw/2026-09-15/A7-market/ranked-keywords-ireland-2372-en.json,reused country package 2026-08-25 (<30d)
KIR0127,ireland,en,at home blood tests,informational,non-brand,brand-v1,lab-tests,home blood tests,https://www.myglobalhealth.online/ireland/en/lab-tests,,,,,desktop,2372,DataForSEO via OpenSEO,2026-09-15,ignore,seo/ireland/03-keyword-master.csv (collected 2026-08-25); ranks seo/tracking/raw/2026-09-15/A7-market/ranked-keywords-ireland-2372-en.json,reused country package 2026-08-25 (<30d)
KIR0128,ireland,en,blood test at home,informational,non-brand,brand-v1,lab-tests,home blood tests,https://www.myglobalhealth.online/ireland/en/lab-tests,,,,,desktop,2372,DataForSEO via OpenSEO,2026-09-15,ignore,seo/ireland/03-keyword-master.csv (collected 2026-08-25); ranks seo/tracking/raw/2026-09-15/A7-market/ranked-keywords-ireland-2372-en.json,reused country package 2026-08-25 (<30d)
KIR0129,ireland,en,full blood count test,informational,non-brand,brand-v1,lab-tests,home blood tests,https://www.myglobalhealth.online/ireland/en/lab-tests,,,,,desktop,2372,DataForSEO via OpenSEO,2026-09-15,ignore,seo/ireland/03-keyword-master.csv (collected 2026-08-25); ranks seo/tracking/raw/2026-09-15/A7-market/ranked-keywords-ireland-2372-en.json,reused country package 2026-08-25 (<30d)
KIR0130,ireland,en,home blood test,informational,non-brand,brand-v1,lab-tests,home blood tests,https://www.myglobalhealth.online/ireland/en/lab-tests,,,,,desktop,2372,DataForSEO via OpenSEO,2026-09-15,ignore,seo/ireland/03-keyword-master.csv (collected 2026-08-25); ranks seo/tracking/raw/2026-09-15/A7-market/ranked-keywords-ireland-2372-en.json,reused country package 2026-08-25 (<30d)
KIR0131,ireland,en,doctor online ie,navigational,non-brand,brand-v1,online-gp,online GP consultation,https://www.myglobalhealth.online/ireland/en/gp-consultation-online,,41,,,desktop,2372,DataForSEO via OpenSEO,2026-09-15,ignore,seo/ireland/03-keyword-master.csv (collected 2026-08-25); ranks seo/tracking/raw/2026-09-15/A7-market/ranked-keywords-ireland-2372-en.json,reused country package 2026-08-25 (<30d)
KIR0132,ireland,en,online doctor ireland ozempic,navigational,non-brand,brand-v1,online-gp,online GP consultation,https://www.myglobalhealth.online/ireland/en/gp-consultation-online,,,,,desktop,2372,DataForSEO via OpenSEO,2026-09-15,ignore,seo/ireland/03-keyword-master.csv (collected 2026-08-25); ranks seo/tracking/raw/2026-09-15/A7-market/ranked-keywords-ireland-2372-en.json,reused country package 2026-08-25 (<30d)
KIR0133,ireland,en,blood pressure chart ireland,informational,non-brand,brand-v1,tools-blood-pressure,blood pressure guidance,https://www.myglobalhealth.online/ireland/en/tools/blood-pressure-chart,,,,,desktop,2372,DataForSEO via OpenSEO,2026-09-15,ignore,seo/ireland/03-keyword-master.csv (collected 2026-08-25); ranks seo/tracking/raw/2026-09-15/A7-market/ranked-keywords-ireland-2372-en.json,reused country package 2026-08-25 (<30d)
KIR0134,ireland,en,calorie calculator,informational,non-brand,brand-v1,tools-calories,weight calculators,https://www.myglobalhealth.online/ireland/en/tools/bmi-calculator,,,,,desktop,2372,DataForSEO via OpenSEO,2026-09-15,ignore,seo/ireland/03-keyword-master.csv (collected 2026-08-25); ranks seo/tracking/raw/2026-09-15/A7-market/ranked-keywords-ireland-2372-en.json,reused country package 2026-08-25 (<30d)
KIR0135,ireland,en,calorie calculator ireland,informational,non-brand,brand-v1,tools-calories,weight calculators,https://www.myglobalhealth.online/ireland/en/tools/bmi-calculator,,,,,desktop,2372,DataForSEO via OpenSEO,2026-09-15,ignore,seo/ireland/03-keyword-master.csv (collected 2026-08-25); ranks seo/tracking/raw/2026-09-15/A7-market/ranked-keywords-ireland-2372-en.json,reused country package 2026-08-25 (<30d)
KIR0136,ireland,en,calorie calculator under 18,informational,non-brand,brand-v1,tools-calories,weight calculators,https://www.myglobalhealth.online/ireland/en/tools/bmi-calculator,,,,,desktop,2372,DataForSEO via OpenSEO,2026-09-15,ignore,seo/ireland/03-keyword-master.csv (collected 2026-08-25); ranks seo/tracking/raw/2026-09-15/A7-market/ranked-keywords-ireland-2372-en.json,reused country package 2026-08-25 (<30d)
KIR0137,ireland,en,calorie deficit calculator ireland,informational,non-brand,brand-v1,tools-calories,weight calculators,https://www.myglobalhealth.online/ireland/en/tools/bmi-calculator,,,,,desktop,2372,DataForSEO via OpenSEO,2026-09-15,ignore,seo/ireland/03-keyword-master.csv (collected 2026-08-25); ranks seo/tracking/raw/2026-09-15/A7-market/ranked-keywords-ireland-2372-en.json,reused country package 2026-08-25 (<30d)
KIR0138,ireland,en,blood pressure range,informational,non-brand,brand-v1,tools-blood-pressure,blood pressure guidance,https://www.myglobalhealth.online/ireland/en/tools/blood-pressure-chart,,,,,desktop,2372,DataForSEO via OpenSEO,2026-09-15,ignore,seo/ireland/03-keyword-master.csv (collected 2026-08-25); ranks seo/tracking/raw/2026-09-15/A7-market/ranked-keywords-ireland-2372-en.json,reused country package 2026-08-25 (<30d)
KIR0139,ireland,en,blood pressure reading,informational,non-brand,brand-v1,tools-blood-pressure,blood pressure guidance,https://www.myglobalhealth.online/ireland/en/tools/blood-pressure-chart,,,,,desktop,2372,DataForSEO via OpenSEO,2026-09-15,ignore,seo/ireland/03-keyword-master.csv (collected 2026-08-25); ranks seo/tracking/raw/2026-09-15/A7-market/ranked-keywords-ireland-2372-en.json,reused country package 2026-08-25 (<30d)
KIR0140,ireland,en,blood pressure reading chart,informational,non-brand,brand-v1,tools-blood-pressure,blood pressure guidance,https://www.myglobalhealth.online/ireland/en/tools/blood-pressure-chart,,,,,desktop,2372,DataForSEO via OpenSEO,2026-09-15,ignore,seo/ireland/03-keyword-master.csv (collected 2026-08-25); ranks seo/tracking/raw/2026-09-15/A7-market/ranked-keywords-ireland-2372-en.json,reused country package 2026-08-25 (<30d)
KIR0141,ireland,en,bmi calculator female,informational,non-brand,brand-v1,tools-bmi,weight calculators,https://www.myglobalhealth.online/ireland/en/tools/bmi-calculator,,,,,desktop,2372,DataForSEO via OpenSEO,2026-09-15,ignore,seo/ireland/03-keyword-master.csv (collected 2026-08-25); ranks seo/tracking/raw/2026-09-15/A7-market/ranked-keywords-ireland-2372-en.json,reused country package 2026-08-25 (<30d)
KIR0142,ireland,en,bmi calculator in kg,informational,non-brand,brand-v1,tools-bmi,weight calculators,https://www.myglobalhealth.online/ireland/en/tools/bmi-calculator,,,,,desktop,2372,DataForSEO via OpenSEO,2026-09-15,ignore,seo/ireland/03-keyword-master.csv (collected 2026-08-25); ranks seo/tracking/raw/2026-09-15/A7-market/ranked-keywords-ireland-2372-en.json,reused country package 2026-08-25 (<30d)
KIR0143,ireland,en,bmi calculator kg,informational,non-brand,brand-v1,tools-bmi,weight calculators,https://www.myglobalhealth.online/ireland/en/tools/bmi-calculator,,,,,desktop,2372,DataForSEO via OpenSEO,2026-09-15,ignore,seo/ireland/03-keyword-master.csv (collected 2026-08-25); ranks seo/tracking/raw/2026-09-15/A7-market/ranked-keywords-ireland-2372-en.json,reused country package 2026-08-25 (<30d)
KIR0144,ireland,en,bmi calculator kg with age,informational,non-brand,brand-v1,tools-bmi,weight calculators,https://www.myglobalhealth.online/ireland/en/tools/bmi-calculator,,,,,desktop,2372,DataForSEO via OpenSEO,2026-09-15,ignore,seo/ireland/03-keyword-master.csv (collected 2026-08-25); ranks seo/tracking/raw/2026-09-15/A7-market/ranked-keywords-ireland-2372-en.json,reused country package 2026-08-25 (<30d)
KIR0145,ireland,en,bmi calculator kilograms,informational,non-brand,brand-v1,tools-bmi,weight calculators,https://www.myglobalhealth.online/ireland/en/tools/bmi-calculator,,,,,desktop,2372,DataForSEO via OpenSEO,2026-09-15,ignore,seo/ireland/03-keyword-master.csv (collected 2026-08-25); ranks seo/tracking/raw/2026-09-15/A7-market/ranked-keywords-ireland-2372-en.json,reused country package 2026-08-25 (<30d)
KIR0146,ireland,en,bmi calculator online,informational,non-brand,brand-v1,tools-bmi,weight calculators,https://www.myglobalhealth.online/ireland/en/tools/bmi-calculator,,,,,desktop,2372,DataForSEO via OpenSEO,2026-09-15,ignore,seo/ireland/03-keyword-master.csv (collected 2026-08-25); ranks seo/tracking/raw/2026-09-15/A7-market/ranked-keywords-ireland-2372-en.json,reused country package 2026-08-25 (<30d)
KIR0147,ireland,en,body and bmi calculator,informational,non-brand,brand-v1,tools-bmi,weight calculators,https://www.myglobalhealth.online/ireland/en/tools/bmi-calculator,,,,,desktop,2372,DataForSEO via OpenSEO,2026-09-15,ignore,seo/ireland/03-keyword-master.csv (collected 2026-08-25); ranks seo/tracking/raw/2026-09-15/A7-market/ranked-keywords-ireland-2372-en.json,reused country package 2026-08-25 (<30d)
KIR0148,ireland,en,body mass index calculator,informational,non-brand,brand-v1,tools-bmi,weight calculators,https://www.myglobalhealth.online/ireland/en/tools/bmi-calculator,,,66,https://www.myglobalhealth.online/ireland/en/tools/bmi-calculator,desktop,2372,DataForSEO via OpenSEO,2026-09-15,ignore,seo/ireland/03-keyword-master.csv (collected 2026-08-25); ranks seo/tracking/raw/2026-09-15/A7-market/ranked-keywords-ireland-2372-en.json,reused country package 2026-08-25 (<30d)
KIR0149,ireland,en,bp chart,informational,non-brand,brand-v1,tools-blood-pressure,blood pressure guidance,https://www.myglobalhealth.online/ireland/en/tools/blood-pressure-chart,,,30,https://www.myglobalhealth.online/ireland/en/tools/blood-pressure-chart,desktop,2372,DataForSEO via OpenSEO,2026-09-15,improve,seo/ireland/03-keyword-master.csv (collected 2026-08-25); ranks seo/tracking/raw/2026-09-15/A7-market/ranked-keywords-ireland-2372-en.json,reused country package 2026-08-25 (<30d)
KIR0150,ireland,en,calorie calculator needs,informational,non-brand,brand-v1,tools-calories,weight calculators,https://www.myglobalhealth.online/ireland/en/tools/bmi-calculator,,,,,desktop,2372,DataForSEO via OpenSEO,2026-09-15,ignore,seo/ireland/03-keyword-master.csv (collected 2026-08-25); ranks seo/tracking/raw/2026-09-15/A7-market/ranked-keywords-ireland-2372-en.json,reused country package 2026-08-25 (<30d)
KIR0151,ireland,en,daily calorie calculator,informational,non-brand,brand-v1,tools-calories,weight calculators,https://www.myglobalhealth.online/ireland/en/tools/bmi-calculator,,,,,desktop,2372,DataForSEO via OpenSEO,2026-09-15,ignore,seo/ireland/03-keyword-master.csv (collected 2026-08-25); ranks seo/tracking/raw/2026-09-15/A7-market/ranked-keywords-ireland-2372-en.json,reused country package 2026-08-25 (<30d)
KIR0152,ireland,en,free bmi calculator,informational,non-brand,brand-v1,tools-bmi,weight calculators,https://www.myglobalhealth.online/ireland/en/tools/bmi-calculator,,,,,desktop,2372,DataForSEO via OpenSEO,2026-09-15,ignore,seo/ireland/03-keyword-master.csv (collected 2026-08-25); ranks seo/tracking/raw/2026-09-15/A7-market/ranked-keywords-ireland-2372-en.json,reused country package 2026-08-25 (<30d)
KCZ0001,czechia,cs,online lekar,informational,non-brand,brand-v1,online-gp,online GP and doctor,https://www.myglobalhealth.online/czechia/cs/gp-consultation-online,880,10,,,desktop,2203,DataForSEO via OpenSEO,2026-09-15,improve,seo/czechia/03-keyword-master.csv (collected 2026-08-31); ranks seo/tracking/raw/2026-09-15/A7-market/ranked-keywords-czechia-2203-cs.json,reused country package 2026-08-31 (<30d)
KCZ0002,czechia,cs,praktický lékař online,commercial,non-brand,brand-v1,online-gp,online GP and doctor,https://www.myglobalhealth.online/czechia/cs/gp-consultation-online,,5,,,desktop,2203,DataForSEO via OpenSEO,2026-09-15,ignore,seo/czechia/03-keyword-master.csv (collected 2026-08-31); ranks seo/tracking/raw/2026-09-15/A7-market/ranked-keywords-czechia-2203-cs.json,reused country package 2026-08-31 (<30d)
KCZ0003,czechia,cs,online konzultace s lékařem,transactional,non-brand,brand-v1,online-gp,online GP and doctor,https://www.myglobalhealth.online/czechia/cs/gp-consultation-online,,4,,,desktop,2203,DataForSEO via OpenSEO,2026-09-15,ignore,seo/czechia/03-keyword-master.csv (collected 2026-08-31); ranks seo/tracking/raw/2026-09-15/A7-market/ranked-keywords-czechia-2203-cs.json,reused country package 2026-08-31 (<30d)
KCZ0004,czechia,cs,lékař online 24/7,informational,non-brand,brand-v1,online-gp,online GP and doctor,https://www.myglobalhealth.online/czechia/cs/blog/lekar-online-24-7-co-vyresi,170,6,51,https://www.myglobalhealth.online/czechia/cs/blog/lekar-online-24-7-co-vyresi,desktop,2203,DataForSEO via OpenSEO,2026-09-15,improve,seo/czechia/03-keyword-master.csv (collected 2026-08-31); ranks seo/tracking/raw/2026-09-15/A7-market/ranked-keywords-czechia-2203-cs.json,reused country package 2026-08-31 (<30d)
KCZ0005,czechia,cs,lékař online 24 7,navigational,non-brand,brand-v1,online-gp,online GP and doctor,https://www.myglobalhealth.online/czechia/cs/blog/lekar-online-24-7-co-vyresi,170,6,,,desktop,2203,DataForSEO via OpenSEO,2026-09-15,improve,seo/czechia/03-keyword-master.csv (collected 2026-08-31); ranks seo/tracking/raw/2026-09-15/A7-market/ranked-keywords-czechia-2203-cs.json,reused country package 2026-08-31 (<30d)
KCZ0006,czechia,cs,eneschopenka,informational,non-brand,brand-v1,sick-certificate,eNeschopenka and sick leave,https://www.myglobalhealth.online/czechia/cs/services/neschopenka-online,1300,0,,,desktop,2203,DataForSEO via OpenSEO,2026-09-15,improve,seo/czechia/03-keyword-master.csv (collected 2026-08-31); ranks seo/tracking/raw/2026-09-15/A7-market/ranked-keywords-czechia-2203-cs.json,reused country package 2026-08-31 (<30d)
KCZ0007,czechia,cs,online lékař,informational,non-brand,brand-v1,online-gp,online GP and doctor,https://www.myglobalhealth.online/czechia/cs/gp-consultation-online,880,28,,,desktop,2203,DataForSEO via OpenSEO,2026-09-15,improve,seo/czechia/03-keyword-master.csv (collected 2026-08-31); ranks seo/tracking/raw/2026-09-15/A7-market/ranked-keywords-czechia-2203-cs.json,reused country package 2026-08-31 (<30d)
KCZ0008,czechia,cs,prakticky lekar online,commercial,non-brand,brand-v1,online-gp,online GP and doctor,https://www.myglobalhealth.online/czechia/cs/gp-consultation-online,,,,,desktop,2203,DataForSEO via OpenSEO,2026-09-15,ignore,seo/czechia/03-keyword-master.csv (collected 2026-08-31); ranks seo/tracking/raw/2026-09-15/A7-market/ranked-keywords-czechia-2203-cs.json,reused country package 2026-08-31 (<30d)
KCZ0009,czechia,cs,online doctor czech republic,commercial,non-brand,brand-v1,online-gp,online GP and doctor,https://www.myglobalhealth.online/czechia/cs/gp-consultation-online,,,,,desktop,2203,DataForSEO via OpenSEO,2026-09-15,ignore,seo/czechia/03-keyword-master.csv (collected 2026-08-31); ranks seo/tracking/raw/2026-09-15/A7-market/ranked-keywords-czechia-2203-cs.json,reused country package 2026-08-31 (<30d)
KCZ0010,czechia,cs,kozni online,commercial,non-brand,brand-v1,dermatology,online dermatology,https://www.myglobalhealth.online/czechia/cs/services/kozni-konzultace-praha,,,,,desktop,2203,DataForSEO via OpenSEO,2026-09-15,ignore,seo/czechia/03-keyword-master.csv (collected 2026-08-31); ranks seo/tracking/raw/2026-09-15/A7-market/ranked-keywords-czechia-2203-cs.json,reused country package 2026-08-31 (<30d)
KCZ0011,czechia,cs,neschopenka online,commercial,non-brand,brand-v1,sick-certificate,eNeschopenka and sick leave,https://www.myglobalhealth.online/czechia/cs/services/neschopenka-online,,,,,desktop,2203,DataForSEO via OpenSEO,2026-09-15,ignore,seo/czechia/03-keyword-master.csv (collected 2026-08-31); ranks seo/tracking/raw/2026-09-15/A7-market/ranked-keywords-czechia-2203-cs.json,reused country package 2026-08-31 (<30d)
KCZ0012,czechia,cs,online detsky lekar,navigational,non-brand,brand-v1,paediatrics,online paediatrics,https://www.myglobalhealth.online/czechia/cs/services/detsky-lekar-online,,,,,desktop,2203,DataForSEO via OpenSEO,2026-09-15,ignore,seo/czechia/03-keyword-master.csv (collected 2026-08-31); ranks seo/tracking/raw/2026-09-15/A7-market/ranked-keywords-czechia-2203-cs.json,reused country package 2026-08-31 (<30d)
KCZ0013,czechia,cs,neschopenka,informational,non-brand,brand-v1,sick-certificate,eNeschopenka and sick leave,https://www.myglobalhealth.online/czechia/cs/services/neschopenka-online,2400,10,,,desktop,2203,DataForSEO via OpenSEO,2026-09-15,improve,seo/czechia/03-keyword-master.csv (collected 2026-08-31); ranks seo/tracking/raw/2026-09-15/A7-market/ranked-keywords-czechia-2203-cs.json,reused country package 2026-08-31 (<30d)
KCZ0014,czechia,cs,elektronická neschopenka,informational,non-brand,brand-v1,sick-certificate,eNeschopenka and sick leave,https://www.myglobalhealth.online/czechia/cs/services/neschopenka-online,1600,0,,,desktop,2203,DataForSEO via OpenSEO,2026-09-15,improve,seo/czechia/03-keyword-master.csv (collected 2026-08-31); ranks seo/tracking/raw/2026-09-15/A7-market/ranked-keywords-czechia-2203-cs.json,reused country package 2026-08-31 (<30d)
KCZ0015,czechia,cs,e neschopenka,informational,non-brand,brand-v1,sick-certificate,eNeschopenka and sick leave,https://www.myglobalhealth.online/czechia/cs/services/neschopenka-online,1600,0,,,desktop,2203,DataForSEO via OpenSEO,2026-09-15,improve,seo/czechia/03-keyword-master.csv (collected 2026-08-31); ranks seo/tracking/raw/2026-09-15/A7-market/ranked-keywords-czechia-2203-cs.json,reused country package 2026-08-31 (<30d)
KCZ0016,czechia,cs,e-neschopenka,informational,non-brand,brand-v1,sick-certificate,eNeschopenka and sick leave,https://www.myglobalhealth.online/czechia/cs/services/neschopenka-online,1600,0,,,desktop,2203,DataForSEO via OpenSEO,2026-09-15,improve,seo/czechia/03-keyword-master.csv (collected 2026-08-31); ranks seo/tracking/raw/2026-09-15/A7-market/ranked-keywords-czechia-2203-cs.json,reused country package 2026-08-31 (<30d)
KCZ0017,czechia,cs,lekar online,informational,non-brand,brand-v1,online-gp,online GP and doctor,https://www.myglobalhealth.online/czechia/cs/gp-consultation-online,880,24,,,desktop,2203,DataForSEO via OpenSEO,2026-09-15,improve,seo/czechia/03-keyword-master.csv (collected 2026-08-31); ranks seo/tracking/raw/2026-09-15/A7-market/ranked-keywords-czechia-2203-cs.json,reused country package 2026-08-31 (<30d)
KCZ0018,czechia,cs,praktik online,informational,non-brand,brand-v1,online-gp,online GP and doctor,https://www.myglobalhealth.online/czechia/cs/gp-consultation-online,20,,,,desktop,2203,DataForSEO via OpenSEO,2026-09-15,improve,seo/czechia/03-keyword-master.csv (collected 2026-08-31); ranks seo/tracking/raw/2026-09-15/A7-market/ranked-keywords-czechia-2203-cs.json,reused country package 2026-08-31 (<30d)
KCZ0019,czechia,cs,neschopenka zpětně,informational,non-brand,brand-v1,sick-certificate,eNeschopenka and sick leave,https://www.myglobalhealth.online/czechia/cs/services/neschopenka-online,590,0,,,desktop,2203,DataForSEO via OpenSEO,2026-09-15,improve,seo/czechia/03-keyword-master.csv (collected 2026-08-31); ranks seo/tracking/raw/2026-09-15/A7-market/ranked-keywords-czechia-2203-cs.json,reused country package 2026-08-31 (<30d)
KCZ0020,czechia,cs,neschopenka po telefonu,informational,non-brand,brand-v1,sick-certificate,eNeschopenka and sick leave,https://www.myglobalhealth.online/czechia/cs/services/neschopenka-online,320,2,,,desktop,2203,DataForSEO via OpenSEO,2026-09-15,improve,seo/czechia/03-keyword-master.csv (collected 2026-08-31); ranks seo/tracking/raw/2026-09-15/A7-market/ranked-keywords-czechia-2203-cs.json,reused country package 2026-08-31 (<30d)
KCZ0021,czechia,cs,vystavení neschopenky v nemocnici,transactional,non-brand,brand-v1,sick-certificate,eNeschopenka and sick leave,https://www.myglobalhealth.online/czechia/cs/services/neschopenka-online,30,,,,desktop,2203,DataForSEO via OpenSEO,2026-09-15,improve,seo/czechia/03-keyword-master.csv (collected 2026-08-31); ranks seo/tracking/raw/2026-09-15/A7-market/ranked-keywords-czechia-2203-cs.json,reused country package 2026-08-31 (<30d)
KCZ0022,czechia,cs,lékař online,informational,non-brand,brand-v1,online-gp,online GP and doctor,https://www.myglobalhealth.online/czechia/cs/gp-consultation-online,880,39,,,desktop,2203,DataForSEO via OpenSEO,2026-09-15,improve,seo/czechia/03-keyword-master.csv (collected 2026-08-31); ranks seo/tracking/raw/2026-09-15/A7-market/ranked-keywords-czechia-2203-cs.json,reused country package 2026-08-31 (<30d)
KCZ0023,czechia,cs,jak funguje eneschopenka,informational,non-brand,brand-v1,sick-certificate,eNeschopenka and sick leave,https://www.myglobalhealth.online/czechia/cs/blog/neschopenka-jak-funguje-eneschopenka,210,1,17,https://www.myglobalhealth.online/czechia/cs/blog/neschopenka-jak-funguje-eneschopenka,desktop,2203,DataForSEO via OpenSEO,2026-09-15,improve,seo/czechia/03-keyword-master.csv (collected 2026-08-31); ranks seo/tracking/raw/2026-09-15/A7-market/ranked-keywords-czechia-2203-cs.json,reused country package 2026-08-31 (<30d)
KCZ0024,czechia,cs,online doktor,informational,non-brand,brand-v1,online-gp,online GP and doctor,https://www.myglobalhealth.online/czechia/cs/gp-consultation-online,,13,,,desktop,2203,DataForSEO via OpenSEO,2026-09-15,ignore,seo/czechia/03-keyword-master.csv (collected 2026-08-31); ranks seo/tracking/raw/2026-09-15/A7-market/ranked-keywords-czechia-2203-cs.json,reused country package 2026-08-31 (<30d)
KCZ0025,czechia,cs,online poradna lékař,navigational,non-brand,brand-v1,online-gp,online GP and doctor,https://www.myglobalhealth.online/czechia/cs/gp-consultation-online,,15,,,desktop,2203,DataForSEO via OpenSEO,2026-09-15,ignore,seo/czechia/03-keyword-master.csv (collected 2026-08-31); ranks seo/tracking/raw/2026-09-15/A7-market/ranked-keywords-czechia-2203-cs.json,reused country package 2026-08-31 (<30d)
KCZ0026,czechia,cs,online recept na leky,transactional,non-brand,brand-v1,prescription,ePrescription and treatment renewal,https://www.myglobalhealth.online/czechia/cs/services/obnoveni-lecby,30,,,,desktop,2203,DataForSEO via OpenSEO,2026-09-15,improve,seo/czechia/03-keyword-master.csv (collected 2026-08-31); ranks seo/tracking/raw/2026-09-15/A7-market/ranked-keywords-czechia-2203-cs.json,reused country package 2026-08-31 (<30d)
KCZ0027,czechia,cs,doktor online diagnóza,navigational,non-brand,brand-v1,online-gp,online GP and doctor,https://www.myglobalhealth.online/czechia/cs/gp-consultation-online,,0,,,desktop,2203,DataForSEO via OpenSEO,2026-09-15,ignore,seo/czechia/03-keyword-master.csv (collected 2026-08-31); ranks seo/tracking/raw/2026-09-15/A7-market/ranked-keywords-czechia-2203-cs.json,reused country package 2026-08-31 (<30d)
KCZ0028,czechia,cs,eneschopenka přihlášení,navigational,non-brand,brand-v1,sick-certificate,eNeschopenka and sick leave,https://www.myglobalhealth.online/czechia/cs/services/neschopenka-online,390,0,,,desktop,2203,DataForSEO via OpenSEO,2026-09-15,improve,seo/czechia/03-keyword-master.csv (collected 2026-08-31); ranks seo/tracking/raw/2026-09-15/A7-market/ranked-keywords-czechia-2203-cs.json,reused country package 2026-08-31 (<30d)
KCZ0029,czechia,cs,online poradna lekar,informational,non-brand,brand-v1,online-gp,online GP and doctor,https://www.myglobalhealth.online/czechia/cs/gp-consultation-online,30,22,,,desktop,2203,DataForSEO via OpenSEO,2026-09-15,improve,seo/czechia/03-keyword-master.csv (collected 2026-08-31); ranks seo/tracking/raw/2026-09-15/A7-market/ranked-keywords-czechia-2203-cs.json,reused country package 2026-08-31 (<30d)
KCZ0030,czechia,cs,ke specialistovi bez doporučení praktického lékaře,transactional,non-brand,brand-v1,online-gp,referrals and investigations,https://www.myglobalhealth.online/czechia/cs/services/doporuceni-a-vysetreni,,0,,,desktop,2203,DataForSEO via OpenSEO,2026-09-15,ignore,seo/czechia/03-keyword-master.csv (collected 2026-08-31); ranks seo/tracking/raw/2026-09-15/A7-market/ranked-keywords-czechia-2203-cs.json,reused country package 2026-08-31 (<30d)
KCZ0031,czechia,cs,vyšetření krve bez doporučení lékaře,transactional,non-brand,brand-v1,online-gp,referrals and investigations,https://www.myglobalhealth.online/czechia/cs/services/doporuceni-a-vysetreni,,0,,,desktop,2203,DataForSEO via OpenSEO,2026-09-15,ignore,seo/czechia/03-keyword-master.csv (collected 2026-08-31); ranks seo/tracking/raw/2026-09-15/A7-market/ranked-keywords-czechia-2203-cs.json,reused country package 2026-08-31 (<30d)
KCZ0032,czechia,cs,jak funguje neschopenka,informational,non-brand,brand-v1,sick-certificate,eNeschopenka and sick leave,https://www.myglobalhealth.online/czechia/cs/blog/neschopenka-jak-funguje-eneschopenka,210,18,21,https://www.myglobalhealth.online/czechia/cs/blog/neschopenka-jak-funguje-eneschopenka,desktop,2203,DataForSEO via OpenSEO,2026-09-15,improve,seo/czechia/03-keyword-master.csv (collected 2026-08-31); ranks seo/tracking/raw/2026-09-15/A7-market/ranked-keywords-czechia-2203-cs.json,reused country package 2026-08-31 (<30d)
KCZ0033,czechia,cs,e-recept online,transactional,non-brand,brand-v1,prescription,ePrescription and treatment renewal,https://www.myglobalhealth.online/czechia/cs/services/obnoveni-lecby,170,54,,,desktop,2203,DataForSEO via OpenSEO,2026-09-15,improve,seo/czechia/03-keyword-master.csv (collected 2026-08-31); ranks seo/tracking/raw/2026-09-15/A7-market/ranked-keywords-czechia-2203-cs.json,reused country package 2026-08-31 (<30d)
KCZ0034,czechia,cs,neschopenka anglicky,informational,non-brand,brand-v1,sick-certificate,eNeschopenka and sick leave,https://www.myglobalhealth.online/czechia/cs/services/neschopenka-online,90,0,,,desktop,2203,DataForSEO via OpenSEO,2026-09-15,improve,seo/czechia/03-keyword-master.csv (collected 2026-08-31); ranks seo/tracking/raw/2026-09-15/A7-market/ranked-keywords-czechia-2203-cs.json,reused country package 2026-08-31 (<30d)
KCZ0035,czechia,cs,kožní lékař online,navigational,non-brand,brand-v1,dermatology,online dermatology,https://www.myglobalhealth.online/czechia/cs/services/kozni-konzultace-praha,40,,,,desktop,2203,DataForSEO via OpenSEO,2026-09-15,improve,seo/czechia/03-keyword-master.csv (collected 2026-08-31); ranks seo/tracking/raw/2026-09-15/A7-market/ranked-keywords-czechia-2203-cs.json,reused country package 2026-08-31 (<30d)
KCZ0036,czechia,cs,kdo vystavuje neschopenku při hospitalizaci,informational,non-brand,brand-v1,sick-certificate,eNeschopenka and sick leave,https://www.myglobalhealth.online/czechia/cs/services/neschopenka-online,30,0,,,desktop,2203,DataForSEO via OpenSEO,2026-09-15,improve,seo/czechia/03-keyword-master.csv (collected 2026-08-31); ranks seo/tracking/raw/2026-09-15/A7-market/ranked-keywords-czechia-2203-cs.json,reused country package 2026-08-31 (<30d)
KCZ0037,czechia,cs,english speaking doctor prague,informational,non-brand,brand-v1,online-gp,expat and English-speaking care,https://www.myglobalhealth.online/czechia/en/services/lekar-online-praha,260,1,,,desktop,2203,DataForSEO via OpenSEO,2026-09-15,improve,seo/czechia/03-keyword-master.csv (collected 2026-08-31); ranks seo/tracking/raw/2026-09-15/A7-market/ranked-keywords-czechia-2203-cs.json,reused country package 2026-08-31 (<30d)
KCZ0038,czechia,cs,vystavení neschopenky,informational,non-brand,brand-v1,sick-certificate,eNeschopenka and sick leave,https://www.myglobalhealth.online/czechia/cs/services/neschopenka-online,70,0,,,desktop,2203,DataForSEO via OpenSEO,2026-09-15,improve,seo/czechia/03-keyword-master.csv (collected 2026-08-31); ranks seo/tracking/raw/2026-09-15/A7-market/ranked-keywords-czechia-2203-cs.json,reused country package 2026-08-31 (<30d)
KCZ0039,czechia,cs,kdo vystavuje neschopenku,informational,non-brand,brand-v1,sick-certificate,eNeschopenka and sick leave,https://www.myglobalhealth.online/czechia/cs/services/neschopenka-online,70,0,,,desktop,2203,DataForSEO via OpenSEO,2026-09-15,improve,seo/czechia/03-keyword-master.csv (collected 2026-08-31); ranks seo/tracking/raw/2026-09-15/A7-market/ranked-keywords-czechia-2203-cs.json,reused country package 2026-08-31 (<30d)
KCZ0040,czechia,cs,kdo může vystavit neschopenku,informational,non-brand,brand-v1,sick-certificate,eNeschopenka and sick leave,https://www.myglobalhealth.online/czechia/cs/services/neschopenka-online,50,0,,,desktop,2203,DataForSEO via OpenSEO,2026-09-15,improve,seo/czechia/03-keyword-master.csv (collected 2026-08-31); ranks seo/tracking/raw/2026-09-15/A7-market/ranked-keywords-czechia-2203-cs.json,reused country package 2026-08-31 (<30d)
KCZ0041,czechia,cs,eneschopenka zaměstnanec,informational,non-brand,brand-v1,sick-certificate,eNeschopenka and sick leave,https://www.myglobalhealth.online/czechia/cs/services/neschopenka-online,40,0,,,desktop,2203,DataForSEO via OpenSEO,2026-09-15,improve,seo/czechia/03-keyword-master.csv (collected 2026-08-31); ranks seo/tracking/raw/2026-09-15/A7-market/ranked-keywords-czechia-2203-cs.json,reused country package 2026-08-31 (<30d)
KCZ0042,czechia,cs,lékař online 24 7 euc,transactional,non-brand,brand-v1,online-gp,online GP and doctor,https://www.myglobalhealth.online/czechia/cs/blog/lekar-online-24-7-co-vyresi,20,,,,desktop,2203,DataForSEO via OpenSEO,2026-09-15,improve,seo/czechia/03-keyword-master.csv (collected 2026-08-31); ranks seo/tracking/raw/2026-09-15/A7-market/ranked-keywords-czechia-2203-cs.json,reused country package 2026-08-31 (<30d)
KCZ0043,czechia,cs,online pediatrician,commercial,non-brand,brand-v1,paediatrics,online paediatrics,https://www.myglobalhealth.online/czechia/cs/services/detsky-lekar-online,10,,,,desktop,2203,DataForSEO via OpenSEO,2026-09-15,improve,seo/czechia/03-keyword-master.csv (collected 2026-08-31); ranks seo/tracking/raw/2026-09-15/A7-market/ranked-keywords-czechia-2203-cs.json,reused country package 2026-08-31 (<30d)
KCZ0044,czechia,cs,lékárna online recept,transactional,non-brand,brand-v1,prescription,ePrescription and treatment renewal,https://www.myglobalhealth.online/czechia/cs/services/obnoveni-lecby,10,,,,desktop,2203,DataForSEO via OpenSEO,2026-09-15,improve,seo/czechia/03-keyword-master.csv (collected 2026-08-31); ranks seo/tracking/raw/2026-09-15/A7-market/ranked-keywords-czechia-2203-cs.json,reused country package 2026-08-31 (<30d)
KCZ0045,czechia,cs,online recept antikoncepce,transactional,non-brand,brand-v1,prescription,ePrescription and treatment renewal,https://www.myglobalhealth.online/czechia/cs/services/obnoveni-lecby,10,,,,desktop,2203,DataForSEO via OpenSEO,2026-09-15,improve,seo/czechia/03-keyword-master.csv (collected 2026-08-31); ranks seo/tracking/raw/2026-09-15/A7-market/ranked-keywords-czechia-2203-cs.json,reused country package 2026-08-31 (<30d)
KCZ0046,czechia,cs,jednodenní neschopenka,informational,non-brand,brand-v1,sick-certificate,eNeschopenka and sick leave,https://www.myglobalhealth.online/czechia/cs/services/neschopenka-online,,0,,,desktop,2203,DataForSEO via OpenSEO,2026-09-15,ignore,seo/czechia/03-keyword-master.csv (collected 2026-08-31); ranks seo/tracking/raw/2026-09-15/A7-market/ranked-keywords-czechia-2203-cs.json,reused country package 2026-08-31 (<30d)
KCZ0047,czechia,cs,online dermatolog,commercial,non-brand,brand-v1,dermatology,online dermatology,https://www.myglobalhealth.online/czechia/cs/services/kozni-konzultace-praha,,,,,desktop,2203,DataForSEO via OpenSEO,2026-09-15,ignore,seo/czechia/03-keyword-master.csv (collected 2026-08-31); ranks seo/tracking/raw/2026-09-15/A7-market/ranked-keywords-czechia-2203-cs.json,reused country package 2026-08-31 (<30d)
KCZ0048,czechia,cs,dětský lékař online poradna,transactional,non-brand,brand-v1,paediatrics,online paediatrics,https://www.myglobalhealth.online/czechia/cs/services/detsky-lekar-online,,,,,desktop,2203,DataForSEO via OpenSEO,2026-09-15,ignore,seo/czechia/03-keyword-master.csv (collected 2026-08-31); ranks seo/tracking/raw/2026-09-15/A7-market/ranked-keywords-czechia-2203-cs.json,reused country package 2026-08-31 (<30d)
KCZ0049,czechia,cs,doktor online chat,navigational,non-brand,brand-v1,online-gp,online GP and doctor,https://www.myglobalhealth.online/czechia/cs/gp-consultation-online,,20,,,desktop,2203,DataForSEO via OpenSEO,2026-09-15,ignore,seo/czechia/03-keyword-master.csv (collected 2026-08-31); ranks seo/tracking/raw/2026-09-15/A7-market/ranked-keywords-czechia-2203-cs.json,reused country package 2026-08-31 (<30d)
KCZ0050,czechia,cs,lékař online objednání,transactional,non-brand,brand-v1,online-gp,online GP and doctor,https://www.myglobalhealth.online/czechia/cs/gp-consultation-online,,,,,desktop,2203,DataForSEO via OpenSEO,2026-09-15,ignore,seo/czechia/03-keyword-master.csv (collected 2026-08-31); ranks seo/tracking/raw/2026-09-15/A7-market/ranked-keywords-czechia-2203-cs.json,reused country package 2026-08-31 (<30d)
KCZ0051,czechia,cs,lékař online poradna,navigational,non-brand,brand-v1,online-gp,online GP and doctor,https://www.myglobalhealth.online/czechia/cs/gp-consultation-online,,15,,,desktop,2203,DataForSEO via OpenSEO,2026-09-15,ignore,seo/czechia/03-keyword-master.csv (collected 2026-08-31); ranks seo/tracking/raw/2026-09-15/A7-market/ranked-keywords-czechia-2203-cs.json,reused country package 2026-08-31 (<30d)
KCZ0052,czechia,cs,oční lékař praha objednání online,transactional,non-brand,brand-v1,online-gp,online GP and doctor,https://www.myglobalhealth.online/czechia/cs/services/lekar-online-praha,,,,,desktop,2203,DataForSEO via OpenSEO,2026-09-15,ignore,seo/czechia/03-keyword-master.csv (collected 2026-08-31); ranks seo/tracking/raw/2026-09-15/A7-market/ranked-keywords-czechia-2203-cs.json,reused country package 2026-08-31 (<30d)
KCZ0053,czechia,cs,oční lékař praha online objednání,transactional,non-brand,brand-v1,online-gp,online GP and doctor,https://www.myglobalhealth.online/czechia/cs/services/lekar-online-praha,,,,,desktop,2203,DataForSEO via OpenSEO,2026-09-15,ignore,seo/czechia/03-keyword-master.csv (collected 2026-08-31); ranks seo/tracking/raw/2026-09-15/A7-market/ranked-keywords-czechia-2203-cs.json,reused country package 2026-08-31 (<30d)
KCZ0054,czechia,cs,prakticky lekar praha online,transactional,non-brand,brand-v1,online-gp,online GP and doctor,https://www.myglobalhealth.online/czechia/cs/services/lekar-online-praha,,,,,desktop,2203,DataForSEO via OpenSEO,2026-09-15,ignore,seo/czechia/03-keyword-master.csv (collected 2026-08-31); ranks seo/tracking/raw/2026-09-15/A7-market/ranked-keywords-czechia-2203-cs.json,reused country package 2026-08-31 (<30d)
KCZ0055,czechia,cs,prakticky lékař online objednání,transactional,non-brand,brand-v1,online-gp,online GP and doctor,https://www.myglobalhealth.online/czechia/cs/gp-consultation-online,,,,,desktop,2203,DataForSEO via OpenSEO,2026-09-15,ignore,seo/czechia/03-keyword-master.csv (collected 2026-08-31); ranks seo/tracking/raw/2026-09-15/A7-market/ranked-keywords-czechia-2203-cs.json,reused country package 2026-08-31 (<30d)
KCZ0056,czechia,cs,praktický lékař praha objednání online,transactional,non-brand,brand-v1,online-gp,online GP and doctor,https://www.myglobalhealth.online/czechia/cs/services/lekar-online-praha,,,,,desktop,2203,DataForSEO via OpenSEO,2026-09-15,ignore,seo/czechia/03-keyword-master.csv (collected 2026-08-31); ranks seo/tracking/raw/2026-09-15/A7-market/ranked-keywords-czechia-2203-cs.json,reused country package 2026-08-31 (<30d)
KCZ0057,czechia,cs,praktický lékař praha online objednání,transactional,non-brand,brand-v1,online-gp,online GP and doctor,https://www.myglobalhealth.online/czechia/cs/services/lekar-online-praha,,,,,desktop,2203,DataForSEO via OpenSEO,2026-09-15,ignore,seo/czechia/03-keyword-master.csv (collected 2026-08-31); ranks seo/tracking/raw/2026-09-15/A7-market/ranked-keywords-czechia-2203-cs.json,reused country package 2026-08-31 (<30d)
KCZ0058,czechia,cs,súkl erecept lékař,transactional,non-brand,brand-v1,prescription,ePrescription and treatment renewal,https://www.myglobalhealth.online/czechia/cs/services/obnoveni-lecby,,,,,desktop,2203,DataForSEO via OpenSEO,2026-09-15,ignore,seo/czechia/03-keyword-master.csv (collected 2026-08-31); ranks seo/tracking/raw/2026-09-15/A7-market/ranked-keywords-czechia-2203-cs.json,reused country package 2026-08-31 (<30d)
KCZ0059,czechia,cs,kožní pohotovost praha,navigational,non-brand,brand-v1,dermatology,online dermatology,https://www.myglobalhealth.online/czechia/cs/services/kozni-konzultace-praha,590,0,,,desktop,2203,DataForSEO via OpenSEO,2026-09-15,improve,seo/czechia/03-keyword-master.csv (collected 2026-08-31); ranks seo/tracking/raw/2026-09-15/A7-market/ranked-keywords-czechia-2203-cs.json,reused country package 2026-08-31 (<30d)
KCZ0060,czechia,cs,kozni lekar praha,navigational,non-brand,brand-v1,dermatology,online dermatology,https://www.myglobalhealth.online/czechia/cs/services/kozni-konzultace-praha,390,9,,,desktop,2203,DataForSEO via OpenSEO,2026-09-15,improve,seo/czechia/03-keyword-master.csv (collected 2026-08-31); ranks seo/tracking/raw/2026-09-15/A7-market/ranked-keywords-czechia-2203-cs.json,reused country package 2026-08-31 (<30d)
KCZ0061,czechia,cs,dětský psychiatr praha,navigational,non-brand,brand-v1,mental-health,online paediatrics,https://www.myglobalhealth.online/czechia/cs/services/detsky-lekar-online,320,0,,,desktop,2203,DataForSEO via OpenSEO,2026-09-15,improve,seo/czechia/03-keyword-master.csv (collected 2026-08-31); ranks seo/tracking/raw/2026-09-15/A7-market/ranked-keywords-czechia-2203-cs.json,reused country package 2026-08-31 (<30d)
KCZ0062,czechia,cs,tabulka měření tlaku,transactional,non-brand,brand-v1,tools-blood-pressure,health tools,https://www.myglobalhealth.online/czechia/cs/tools/blood-pressure-chart,170,0,30,https://www.myglobalhealth.online/czechia/cs/tools/blood-pressure-chart,desktop,2203,DataForSEO via OpenSEO,2026-09-15,improve,seo/czechia/03-keyword-master.csv (collected 2026-08-31); ranks seo/tracking/raw/2026-09-15/A7-market/ranked-keywords-czechia-2203-cs.json,reused country package 2026-08-31 (<30d)
KCZ0063,czechia,cs,doktor z vejminku online,navigational,non-brand,brand-v1,online-gp,online GP and doctor,https://www.myglobalhealth.online/czechia/cs/gp-consultation-online,50,,,,desktop,2203,DataForSEO via OpenSEO,2026-09-15,improve,seo/czechia/03-keyword-master.csv (collected 2026-08-31); ranks seo/tracking/raw/2026-09-15/A7-market/ranked-keywords-czechia-2203-cs.json,reused country package 2026-08-31 (<30d)
KCZ0064,czechia,cs,online doktor 24 7,informational,non-brand,brand-v1,online-gp,online GP and doctor,https://www.myglobalhealth.online/czechia/cs/blog/lekar-online-24-7-co-vyresi,50,,,,desktop,2203,DataForSEO via OpenSEO,2026-09-15,improve,seo/czechia/03-keyword-master.csv (collected 2026-08-31); ranks seo/tracking/raw/2026-09-15/A7-market/ranked-keywords-czechia-2203-cs.json,reused country package 2026-08-31 (<30d)
KCZ0065,czechia,cs,online doktor 24/7,informational,non-brand,brand-v1,online-gp,online GP and doctor,https://www.myglobalhealth.online/czechia/cs/blog/lekar-online-24-7-co-vyresi,50,,,,desktop,2203,DataForSEO via OpenSEO,2026-09-15,improve,seo/czechia/03-keyword-master.csv (collected 2026-08-31); ranks seo/tracking/raw/2026-09-15/A7-market/ranked-keywords-czechia-2203-cs.json,reused country package 2026-08-31 (<30d)
KCZ0066,czechia,cs,čssz eneschopenka,informational,non-brand,brand-v1,sick-certificate,eNeschopenka and sick leave,https://www.myglobalhealth.online/czechia/cs/services/neschopenka-online,210,21,,,desktop,2203,DataForSEO via OpenSEO,2026-09-15,improve,seo/czechia/03-keyword-master.csv (collected 2026-08-31); ranks seo/tracking/raw/2026-09-15/A7-market/ranked-keywords-czechia-2203-cs.json,reused country package 2026-08-31 (<30d)
KCZ0067,czechia,cs,domácí měření tlaku tabulka,transactional,non-brand,brand-v1,tools-blood-pressure,health tools,https://www.myglobalhealth.online/czechia/cs/tools/blood-pressure-chart,170,0,26,https://www.myglobalhealth.online/czechia/cs/tools/blood-pressure-chart,desktop,2203,DataForSEO via OpenSEO,2026-09-15,improve,seo/czechia/03-keyword-master.csv (collected 2026-08-31); ranks seo/tracking/raw/2026-09-15/A7-market/ranked-keywords-czechia-2203-cs.json,reused country package 2026-08-31 (<30d)
KCZ0068,czechia,cs,léky na recept online,transactional,non-brand,brand-v1,prescription,ePrescription and treatment renewal,https://www.myglobalhealth.online/czechia/cs/services/obnoveni-lecby,90,91,,,desktop,2203,DataForSEO via OpenSEO,2026-09-15,improve,seo/czechia/03-keyword-master.csv (collected 2026-08-31); ranks seo/tracking/raw/2026-09-15/A7-market/ranked-keywords-czechia-2203-cs.json,reused country package 2026-08-31 (<30d)
KCZ0069,czechia,cs,neschopenka 2026 vycházky,informational,non-brand,brand-v1,sick-certificate,eNeschopenka and sick leave,https://www.myglobalhealth.online/czechia/cs/services/neschopenka-online,10,,,,desktop,2203,DataForSEO via OpenSEO,2026-09-15,improve,seo/czechia/03-keyword-master.csv (collected 2026-08-31); ranks seo/tracking/raw/2026-09-15/A7-market/ranked-keywords-czechia-2203-cs.json,reused country package 2026-08-31 (<30d)
KCZ0070,czechia,cs,online doctor prague,commercial,non-brand,brand-v1,online-gp,online GP and doctor,https://www.myglobalhealth.online/czechia/cs/services/lekar-online-praha,,,,,desktop,2203,DataForSEO via OpenSEO,2026-09-15,ignore,seo/czechia/03-keyword-master.csv (collected 2026-08-31); ranks seo/tracking/raw/2026-09-15/A7-market/ranked-keywords-czechia-2203-cs.json,reused country package 2026-08-31 (<30d)
KCZ0071,czechia,cs,kožní online,navigational,non-brand,brand-v1,dermatology,online dermatology,https://www.myglobalhealth.online/czechia/cs/services/kozni-konzultace-praha,20,44,,,desktop,2203,DataForSEO via OpenSEO,2026-09-15,improve,seo/czechia/03-keyword-master.csv (collected 2026-08-31); ranks seo/tracking/raw/2026-09-15/A7-market/ranked-keywords-czechia-2203-cs.json,reused country package 2026-08-31 (<30d)
KCZ0072,czechia,cs,žádost o dávku nemocenského pojištění,transactional,non-brand,brand-v1,sick-certificate,eNeschopenka and sick leave,https://www.myglobalhealth.online/czechia/cs/services/neschopenka-online,20,,,,desktop,2203,DataForSEO via OpenSEO,2026-09-15,improve,seo/czechia/03-keyword-master.csv (collected 2026-08-31); ranks seo/tracking/raw/2026-09-15/A7-market/ranked-keywords-czechia-2203-cs.json,reused country package 2026-08-31 (<30d)
KCZ0073,czechia,cs,vzp doktor online,navigational,non-brand,brand-v1,online-gp,online GP and doctor,https://www.myglobalhealth.online/czechia/cs/gp-consultation-online,20,24,,,desktop,2203,DataForSEO via OpenSEO,2026-09-15,improve,seo/czechia/03-keyword-master.csv (collected 2026-08-31); ranks seo/tracking/raw/2026-09-15/A7-market/ranked-keywords-czechia-2203-cs.json,reused country package 2026-08-31 (<30d)
KCZ0074,czechia,cs,online konzultace,informational,non-brand,brand-v1,online-consult,online GP and doctor,https://www.myglobalhealth.online/czechia/cs/gp-consultation-online,10,38,,,desktop,2203,DataForSEO via OpenSEO,2026-09-15,improve,seo/czechia/03-keyword-master.csv (collected 2026-08-31); ranks seo/tracking/raw/2026-09-15/A7-market/ranked-keywords-czechia-2203-cs.json,reused country package 2026-08-31 (<30d)
KCZ0075,czechia,cs,online pediatr,informational,non-brand,brand-v1,paediatrics,online paediatrics,https://www.myglobalhealth.online/czechia/cs/services/detsky-lekar-online,10,42,,,desktop,2203,DataForSEO via OpenSEO,2026-09-15,improve,seo/czechia/03-keyword-master.csv (collected 2026-08-31); ranks seo/tracking/raw/2026-09-15/A7-market/ranked-keywords-czechia-2203-cs.json,reused country package 2026-08-31 (<30d)
KCZ0076,czechia,cs,tabulka pro zapisování krevního tlaku,transactional,non-brand,brand-v1,tools-blood-pressure,health tools,https://www.myglobalhealth.online/czechia/cs/tools/blood-pressure-chart,90,0,,,desktop,2203,DataForSEO via OpenSEO,2026-09-15,improve,seo/czechia/03-keyword-master.csv (collected 2026-08-31); ranks seo/tracking/raw/2026-09-15/A7-market/ranked-keywords-czechia-2203-cs.json,reused country package 2026-08-31 (<30d)
KCZ0077,czechia,cs,kožní poradna online,informational,non-brand,brand-v1,dermatology,online dermatology,https://www.myglobalhealth.online/czechia/cs/services/kozni-konzultace-praha,20,45,,,desktop,2203,DataForSEO via OpenSEO,2026-09-15,improve,seo/czechia/03-keyword-master.csv (collected 2026-08-31); ranks seo/tracking/raw/2026-09-15/A7-market/ranked-keywords-czechia-2203-cs.json,reused country package 2026-08-31 (<30d)
KCZ0078,czechia,cs,doktor flastr online cz,navigational,non-brand,brand-v1,online-gp,online GP and doctor,https://www.myglobalhealth.online/czechia/cs/gp-consultation-online,20,,,,desktop,2203,DataForSEO via OpenSEO,2026-09-15,improve,seo/czechia/03-keyword-master.csv (collected 2026-08-31); ranks seo/tracking/raw/2026-09-15/A7-market/ranked-keywords-czechia-2203-cs.json,reused country package 2026-08-31 (<30d)
KCZ0079,czechia,cs,domácí lékař online,navigational,non-brand,brand-v1,online-gp,online GP and doctor,https://www.myglobalhealth.online/czechia/cs/gp-consultation-online,20,,,,desktop,2203,DataForSEO via OpenSEO,2026-09-15,improve,seo/czechia/03-keyword-master.csv (collected 2026-08-31); ranks seo/tracking/raw/2026-09-15/A7-market/ranked-keywords-czechia-2203-cs.json,reused country package 2026-08-31 (<30d)
KCZ0080,czechia,cs,euc online lékař,navigational,non-brand,brand-v1,online-gp,online GP and doctor,https://www.myglobalhealth.online/czechia/cs/gp-consultation-online,20,,,,desktop,2203,DataForSEO via OpenSEO,2026-09-15,improve,seo/czechia/03-keyword-master.csv (collected 2026-08-31); ranks seo/tracking/raw/2026-09-15/A7-market/ranked-keywords-czechia-2203-cs.json,reused country package 2026-08-31 (<30d)
KCZ0081,czechia,cs,pediatr online,informational,non-brand,brand-v1,paediatrics,online paediatrics,https://www.myglobalhealth.online/czechia/cs/services/detsky-lekar-online,10,42,,,desktop,2203,DataForSEO via OpenSEO,2026-09-15,improve,seo/czechia/03-keyword-master.csv (collected 2026-08-31); ranks seo/tracking/raw/2026-09-15/A7-market/ranked-keywords-czechia-2203-cs.json,reused country package 2026-08-31 (<30d)
KCZ0082,czechia,cs,časopis praktický lékař online,informational,non-brand,brand-v1,online-gp,online GP and doctor,https://www.myglobalhealth.online/czechia/cs/gp-consultation-online,10,,,,desktop,2203,DataForSEO via OpenSEO,2026-09-15,improve,seo/czechia/03-keyword-master.csv (collected 2026-08-31); ranks seo/tracking/raw/2026-09-15/A7-market/ranked-keywords-czechia-2203-cs.json,reused country package 2026-08-31 (<30d)
KCZ0083,czechia,cs,dětský lékař online,navigational,non-brand,brand-v1,paediatrics,online paediatrics,https://www.myglobalhealth.online/czechia/cs/services/detsky-lekar-online,10,,,,desktop,2203,DataForSEO via OpenSEO,2026-09-15,improve,seo/czechia/03-keyword-master.csv (collected 2026-08-31); ranks seo/tracking/raw/2026-09-15/A7-market/ranked-keywords-czechia-2203-cs.json,reused country package 2026-08-31 (<30d)
KCZ0084,czechia,cs,doktor spánek online cz,navigational,non-brand,brand-v1,online-gp,online GP and doctor,https://www.myglobalhealth.online/czechia/cs/gp-consultation-online,10,,,,desktop,2203,DataForSEO via OpenSEO,2026-09-15,improve,seo/czechia/03-keyword-master.csv (collected 2026-08-31); ranks seo/tracking/raw/2026-09-15/A7-market/ranked-keywords-czechia-2203-cs.json,reused country package 2026-08-31 (<30d)
KCZ0085,czechia,cs,kožní doktor online,navigational,non-brand,brand-v1,dermatology,online dermatology,https://www.myglobalhealth.online/czechia/cs/services/kozni-konzultace-praha,10,,,,desktop,2203,DataForSEO via OpenSEO,2026-09-15,improve,seo/czechia/03-keyword-master.csv (collected 2026-08-31); ranks seo/tracking/raw/2026-09-15/A7-market/ranked-keywords-czechia-2203-cs.json,reused country package 2026-08-31 (<30d)
KCZ0086,czechia,cs,online lékař chat,navigational,non-brand,brand-v1,online-gp,online GP and doctor,https://www.myglobalhealth.online/czechia/cs/gp-consultation-online,10,,,,desktop,2203,DataForSEO via OpenSEO,2026-09-15,improve,seo/czechia/03-keyword-master.csv (collected 2026-08-31); ranks seo/tracking/raw/2026-09-15/A7-market/ranked-keywords-czechia-2203-cs.json,reused country package 2026-08-31 (<30d)
KCZ0087,czechia,cs,online lékař příznaky,navigational,non-brand,brand-v1,online-gp,online GP and doctor,https://www.myglobalhealth.online/czechia/cs/gp-consultation-online,10,,,,desktop,2203,DataForSEO via OpenSEO,2026-09-15,improve,seo/czechia/03-keyword-master.csv (collected 2026-08-31); ranks seo/tracking/raw/2026-09-15/A7-market/ranked-keywords-czechia-2203-cs.json,reused country package 2026-08-31 (<30d)
KCZ0088,czechia,cs,4u lékař online rezervační systém,navigational,non-brand,brand-v1,online-gp,online GP and doctor,https://www.myglobalhealth.online/czechia/cs/gp-consultation-online,,,,,desktop,2203,DataForSEO via OpenSEO,2026-09-15,ignore,seo/czechia/03-keyword-master.csv (collected 2026-08-31); ranks seo/tracking/raw/2026-09-15/A7-market/ranked-keywords-czechia-2203-cs.json,reused country package 2026-08-31 (<30d)
KCZ0089,czechia,cs,doktor house online sifee,navigational,non-brand,brand-v1,online-gp,online GP and doctor,https://www.myglobalhealth.online/czechia/cs/gp-consultation-online,,,,,desktop,2203,DataForSEO via OpenSEO,2026-09-15,ignore,seo/czechia/03-keyword-master.csv (collected 2026-08-31); ranks seo/tracking/raw/2026-09-15/A7-market/ranked-keywords-czechia-2203-cs.json,reused country package 2026-08-31 (<30d)
KCZ0090,czechia,cs,doktor online gynekolog,navigational,non-brand,brand-v1,womens-health,online GP and doctor,https://www.myglobalhealth.online/czechia/cs/gp-consultation-online,,,,,desktop,2203,DataForSEO via OpenSEO,2026-09-15,ignore,seo/czechia/03-keyword-master.csv (collected 2026-08-31); ranks seo/tracking/raw/2026-09-15/A7-market/ranked-keywords-czechia-2203-cs.json,reused country package 2026-08-31 (<30d)
KCZ0091,czechia,cs,doktor smrt online,informational,non-brand,brand-v1,online-gp,online GP and doctor,https://www.myglobalhealth.online/czechia/cs/gp-consultation-online,,,,,desktop,2203,DataForSEO via OpenSEO,2026-09-15,ignore,seo/czechia/03-keyword-master.csv (collected 2026-08-31); ranks seo/tracking/raw/2026-09-15/A7-market/ranked-keywords-czechia-2203-cs.json,reused country package 2026-08-31 (<30d)
KCZ0092,czechia,cs,doktor tom online,navigational,non-brand,brand-v1,online-gp,online GP and doctor,https://www.myglobalhealth.online/czechia/cs/gp-consultation-online,,,,,desktop,2203,DataForSEO via OpenSEO,2026-09-15,ignore,seo/czechia/03-keyword-master.csv (collected 2026-08-31); ranks seo/tracking/raw/2026-09-15/A7-market/ranked-keywords-czechia-2203-cs.json,reused country package 2026-08-31 (<30d)
KCZ0093,czechia,cs,lékař online 24,informational,non-brand,brand-v1,online-gp,online GP and doctor,https://www.myglobalhealth.online/czechia/cs/gp-consultation-online,,,,,desktop,2203,DataForSEO via OpenSEO,2026-09-15,ignore,seo/czechia/03-keyword-master.csv (collected 2026-08-31); ranks seo/tracking/raw/2026-09-15/A7-market/ranked-keywords-czechia-2203-cs.json,reused country package 2026-08-31 (<30d)
KCZ0094,czechia,cs,online doktor vzp,navigational,non-brand,brand-v1,online-gp,online GP and doctor,https://www.myglobalhealth.online/czechia/cs/gp-consultation-online,,,,,desktop,2203,DataForSEO via OpenSEO,2026-09-15,ignore,seo/czechia/03-keyword-master.csv (collected 2026-08-31); ranks seo/tracking/raw/2026-09-15/A7-market/ranked-keywords-czechia-2203-cs.json,reused country package 2026-08-31 (<30d)
KCZ0095,czechia,cs,online kožní doktor,navigational,non-brand,brand-v1,dermatology,online dermatology,https://www.myglobalhealth.online/czechia/cs/services/kozni-konzultace-praha,,,,,desktop,2203,DataForSEO via OpenSEO,2026-09-15,ignore,seo/czechia/03-keyword-master.csv (collected 2026-08-31); ranks seo/tracking/raw/2026-09-15/A7-market/ranked-keywords-czechia-2203-cs.json,reused country package 2026-08-31 (<30d)
KCZ0096,czechia,cs,online poradna lékaře,navigational,non-brand,brand-v1,online-gp,online GP and doctor,https://www.myglobalhealth.online/czechia/cs/gp-consultation-online,,,,,desktop,2203,DataForSEO via OpenSEO,2026-09-15,ignore,seo/czechia/03-keyword-master.csv (collected 2026-08-31); ranks seo/tracking/raw/2026-09-15/A7-market/ranked-keywords-czechia-2203-cs.json,reused country package 2026-08-31 (<30d)
KCZ0097,czechia,cs,prakticky lékař online,informational,non-brand,brand-v1,online-gp,online GP and doctor,https://www.myglobalhealth.online/czechia/cs/gp-consultation-online,,,,,desktop,2203,DataForSEO via OpenSEO,2026-09-15,ignore,seo/czechia/03-keyword-master.csv (collected 2026-08-31); ranks seo/tracking/raw/2026-09-15/A7-market/ranked-keywords-czechia-2203-cs.json,reused country package 2026-08-31 (<30d)
KCZ0098,czechia,cs,praktický lékař online webinář,informational,non-brand,brand-v1,online-gp,online GP and doctor,https://www.myglobalhealth.online/czechia/cs/gp-consultation-online,,,,,desktop,2203,DataForSEO via OpenSEO,2026-09-15,ignore,seo/czechia/03-keyword-master.csv (collected 2026-08-31); ranks seo/tracking/raw/2026-09-15/A7-market/ranked-keywords-czechia-2203-cs.json,reused country package 2026-08-31 (<30d)
KCZ0099,czechia,cs,doktor online chat zdarma,transactional,non-brand,brand-v1,online-gp,online GP and doctor,https://www.myglobalhealth.online/czechia/cs/gp-consultation-online,170,17,,,desktop,2203,DataForSEO via OpenSEO,2026-09-15,improve,seo/czechia/03-keyword-master.csv (collected 2026-08-31); ranks seo/tracking/raw/2026-09-15/A7-market/ranked-keywords-czechia-2203-cs.json,reused country package 2026-08-31 (<30d)
KCZ0100,czechia,cs,měření tlaku tabulka,transactional,non-brand,brand-v1,tools-blood-pressure,health tools,https://www.myglobalhealth.online/czechia/cs/tools/blood-pressure-chart,90,0,,,desktop,2203,DataForSEO via OpenSEO,2026-09-15,improve,seo/czechia/03-keyword-master.csv (collected 2026-08-31); ranks seo/tracking/raw/2026-09-15/A7-market/ranked-keywords-czechia-2203-cs.json,reused country package 2026-08-31 (<30d)
KCZ0101,czechia,cs,neschopenka bez návštěvy lékaře,informational,non-brand,brand-v1,sick-certificate,eNeschopenka and sick leave,https://www.myglobalhealth.online/czechia/cs/services/neschopenka-online,20,0,,,desktop,2203,DataForSEO via OpenSEO,2026-09-15,improve,seo/czechia/03-keyword-master.csv (collected 2026-08-31); ranks seo/tracking/raw/2026-09-15/A7-market/ranked-keywords-czechia-2203-cs.json,reused country package 2026-08-31 (<30d)
KCZ0102,czechia,cs,návštěva odborného lékaře bez doporučení,transactional,non-brand,brand-v1,online-gp,referrals and investigations,https://www.myglobalhealth.online/czechia/cs/services/doporuceni-a-vysetreni,10,,,,desktop,2203,DataForSEO via OpenSEO,2026-09-15,improve,seo/czechia/03-keyword-master.csv (collected 2026-08-31); ranks seo/tracking/raw/2026-09-15/A7-market/ranked-keywords-czechia-2203-cs.json,reused country package 2026-08-31 (<30d)
KCZ0103,czechia,cs,potvrzení lékaře o doporučení odkladu školní docházky,transactional,non-brand,brand-v1,online-gp,referrals and investigations,https://www.myglobalhealth.online/czechia/cs/services/doporuceni-a-vysetreni,10,,,,desktop,2203,DataForSEO via OpenSEO,2026-09-15,improve,seo/czechia/03-keyword-master.csv (collected 2026-08-31); ranks seo/tracking/raw/2026-09-15/A7-market/ranked-keywords-czechia-2203-cs.json,reused country package 2026-08-31 (<30d)
KCZ0104,czechia,cs,žádanka od lékaře platnost,transactional,non-brand,brand-v1,online-gp,referrals and investigations,https://www.myglobalhealth.online/czechia/cs/services/doporuceni-a-vysetreni,10,,,,desktop,2203,DataForSEO via OpenSEO,2026-09-15,improve,seo/czechia/03-keyword-master.csv (collected 2026-08-31); ranks seo/tracking/raw/2026-09-15/A7-market/ranked-keywords-czechia-2203-cs.json,reused country package 2026-08-31 (<30d)
KCZ0105,czechia,cs,druhý názor,informational,non-brand,brand-v1,brand-and-other,second opinion,https://www.myglobalhealth.online/czechia/cs/services/druhy-nazor-praha,,,,,desktop,2203,DataForSEO via OpenSEO,2026-09-15,ignore,seo/czechia/03-keyword-master.csv (collected 2026-08-31); ranks seo/tracking/raw/2026-09-15/A7-market/ranked-keywords-czechia-2203-cs.json,reused country package 2026-08-31 (<30d)
KCZ0106,czechia,cs,recept na léky online,transactional,non-brand,brand-v1,prescription,ePrescription and treatment renewal,https://www.myglobalhealth.online/czechia/cs/services/obnoveni-lecby,,91,,,desktop,2203,DataForSEO via OpenSEO,2026-09-15,ignore,seo/czechia/03-keyword-master.csv (collected 2026-08-31); ranks seo/tracking/raw/2026-09-15/A7-market/ranked-keywords-czechia-2203-cs.json,reused country package 2026-08-31 (<30d)
KCZ0107,czechia,cs,výpočet nemocenské od 15 dne,transactional,non-brand,brand-v1,sick-certificate,eNeschopenka and sick leave,https://www.myglobalhealth.online/czechia/cs/blog/vypocet-nemocenske-2026-co-plati-zamestnavatel-a-co-cssz,90,34,,,desktop,2203,DataForSEO via OpenSEO,2026-09-15,improve,seo/czechia/03-keyword-master.csv (collected 2026-08-31); ranks seo/tracking/raw/2026-09-15/A7-market/ranked-keywords-czechia-2203-cs.json,reused country package 2026-08-31 (<30d)
KCZ0108,czechia,cs,pohotovost dětská chirurgie praha,navigational,non-brand,brand-v1,paediatrics,online paediatrics,https://www.myglobalhealth.online/czechia/cs/services/detsky-lekar-online,30,0,,,desktop,2203,DataForSEO via OpenSEO,2026-09-15,improve,seo/czechia/03-keyword-master.csv (collected 2026-08-31); ranks seo/tracking/raw/2026-09-15/A7-market/ranked-keywords-czechia-2203-cs.json,reused country package 2026-08-31 (<30d)
KCZ0109,czechia,cs,moje ambulance neschopenka,navigational,non-brand,brand-v1,sick-certificate,eNeschopenka and sick leave,https://www.myglobalhealth.online/czechia/cs/services/neschopenka-online,20,,,,desktop,2203,DataForSEO via OpenSEO,2026-09-15,improve,seo/czechia/03-keyword-master.csv (collected 2026-08-31); ranks seo/tracking/raw/2026-09-15/A7-market/ranked-keywords-czechia-2203-cs.json,reused country package 2026-08-31 (<30d)
KCZ0110,czechia,cs,neschopenka vychazky,informational,non-brand,brand-v1,sick-certificate,eNeschopenka and sick leave,https://www.myglobalhealth.online/czechia/cs/services/neschopenka-online,,,,,desktop,2203,DataForSEO via OpenSEO,2026-09-15,ignore,seo/czechia/03-keyword-master.csv (collected 2026-08-31); ranks seo/tracking/raw/2026-09-15/A7-market/ranked-keywords-czechia-2203-cs.json,reused country package 2026-08-31 (<30d)
KCZ0111,czechia,cs,praktický lékař online webinar,navigational,non-brand,brand-v1,online-gp,online GP and doctor,https://www.myglobalhealth.online/czechia/cs/gp-consultation-online,0,,,,desktop,2203,DataForSEO via OpenSEO,2026-09-15,ignore,seo/czechia/03-keyword-master.csv (collected 2026-08-31); ranks seo/tracking/raw/2026-09-15/A7-market/ranked-keywords-czechia-2203-cs.json,reused country package 2026-08-31 (<30d)
KCZ0112,czechia,cs,dětský psycholog online,navigational,non-brand,brand-v1,mental-health,online paediatrics,https://www.myglobalhealth.online/czechia/cs/services/detsky-lekar-online,,43,,,desktop,2203,DataForSEO via OpenSEO,2026-09-15,ignore,seo/czechia/03-keyword-master.csv (collected 2026-08-31); ranks seo/tracking/raw/2026-09-15/A7-market/ranked-keywords-czechia-2203-cs.json,reused country package 2026-08-31 (<30d)
KCZ0113,czechia,cs,online doktor poradna,navigational,non-brand,brand-v1,online-gp,online GP and doctor,https://www.myglobalhealth.online/czechia/cs/gp-consultation-online,,39,,,desktop,2203,DataForSEO via OpenSEO,2026-09-15,ignore,seo/czechia/03-keyword-master.csv (collected 2026-08-31); ranks seo/tracking/raw/2026-09-15/A7-market/ranked-keywords-czechia-2203-cs.json,reused country package 2026-08-31 (<30d)
KCZ0114,czechia,cs,žádanka od lékaře,informational,non-brand,brand-v1,online-gp,referrals and investigations,https://www.myglobalhealth.online/czechia/cs/services/doporuceni-a-vysetreni,50,0,,,desktop,2203,DataForSEO via OpenSEO,2026-09-15,improve,seo/czechia/03-keyword-master.csv (collected 2026-08-31); ranks seo/tracking/raw/2026-09-15/A7-market/ranked-keywords-czechia-2203-cs.json,reused country package 2026-08-31 (<30d)
KCZ0115,czechia,cs,ke specialistovi bez doporučení praktického lékaře 2023,commercial,non-brand,brand-v1,online-gp,referrals and investigations,https://www.myglobalhealth.online/czechia/cs/services/doporuceni-a-vysetreni,10,,,,desktop,2203,DataForSEO via OpenSEO,2026-09-15,improve,seo/czechia/03-keyword-master.csv (collected 2026-08-31); ranks seo/tracking/raw/2026-09-15/A7-market/ranked-keywords-czechia-2203-cs.json,reused country package 2026-08-31 (<30d)
KCZ0116,czechia,cs,bmi kalkulačka,informational,non-brand,brand-v1,tools-bmi,health tools,https://www.myglobalhealth.online/czechia/cs/tools/bmi-calculator,40500,5,,,desktop,2203,DataForSEO via OpenSEO,2026-09-15,improve,seo/czechia/03-keyword-master.csv (collected 2026-08-31); ranks seo/tracking/raw/2026-09-15/A7-market/ranked-keywords-czechia-2203-cs.json,reused country package 2026-08-31 (<30d)
KCZ0117,czechia,cs,kalkulačka bmi,informational,non-brand,brand-v1,tools-bmi,health tools,https://www.myglobalhealth.online/czechia/cs/tools/bmi-calculator,40500,8,,,desktop,2203,DataForSEO via OpenSEO,2026-09-15,improve,seo/czechia/03-keyword-master.csv (collected 2026-08-31); ranks seo/tracking/raw/2026-09-15/A7-market/ranked-keywords-czechia-2203-cs.json,reused country package 2026-08-31 (<30d)
KCZ0118,czechia,cs,vypocet bmi,informational,non-brand,brand-v1,tools-bmi,health tools,https://www.myglobalhealth.online/czechia/cs/tools/bmi-calculator,14800,3,,,desktop,2203,DataForSEO via OpenSEO,2026-09-15,improve,seo/czechia/03-keyword-master.csv (collected 2026-08-31); ranks seo/tracking/raw/2026-09-15/A7-market/ranked-keywords-czechia-2203-cs.json,reused country package 2026-08-31 (<30d)
KCZ0119,czechia,cs,výpočet bmi,informational,non-brand,brand-v1,tools-bmi,health tools,https://www.myglobalhealth.online/czechia/cs/tools/bmi-calculator,14800,4,,,desktop,2203,DataForSEO via OpenSEO,2026-09-15,improve,seo/czechia/03-keyword-master.csv (collected 2026-08-31); ranks seo/tracking/raw/2026-09-15/A7-market/ranked-keywords-czechia-2203-cs.json,reused country package 2026-08-31 (<30d)
KCZ0120,czechia,cs,bmi výpočet,informational,non-brand,brand-v1,tools-bmi,health tools,https://www.myglobalhealth.online/czechia/cs/tools/bmi-calculator,14800,1,,,desktop,2203,DataForSEO via OpenSEO,2026-09-15,improve,seo/czechia/03-keyword-master.csv (collected 2026-08-31); ranks seo/tracking/raw/2026-09-15/A7-market/ranked-keywords-czechia-2203-cs.json,reused country package 2026-08-31 (<30d)
KCZ0121,czechia,cs,bmi vypocet,informational,non-brand,brand-v1,tools-bmi,health tools,https://www.myglobalhealth.online/czechia/cs/tools/bmi-calculator,14800,3,,,desktop,2203,DataForSEO via OpenSEO,2026-09-15,improve,seo/czechia/03-keyword-master.csv (collected 2026-08-31); ranks seo/tracking/raw/2026-09-15/A7-market/ranked-keywords-czechia-2203-cs.json,reused country package 2026-08-31 (<30d)
KCZ0122,czechia,cs,bmi index výpočet,informational,non-brand,brand-v1,tools-bmi,health tools,https://www.myglobalhealth.online/czechia/cs/tools/bmi-calculator,14800,1,,,desktop,2203,DataForSEO via OpenSEO,2026-09-15,improve,seo/czechia/03-keyword-master.csv (collected 2026-08-31); ranks seo/tracking/raw/2026-09-15/A7-market/ranked-keywords-czechia-2203-cs.json,reused country package 2026-08-31 (<30d)
KCZ0123,czechia,cs,nemocenské pojištění,informational,non-brand,brand-v1,sick-certificate,eNeschopenka and sick leave,https://www.myglobalhealth.online/czechia/cs/services/neschopenka-online,4400,20,,,desktop,2203,DataForSEO via OpenSEO,2026-09-15,improve,seo/czechia/03-keyword-master.csv (collected 2026-08-31); ranks seo/tracking/raw/2026-09-15/A7-market/ranked-keywords-czechia-2203-cs.json,reused country package 2026-08-31 (<30d)
KCZ0124,czechia,cs,psychiatr online,informational,non-brand,brand-v1,mental-health,mental health,https://www.myglobalhealth.online/czechia/cs/services/dusevni-zdravi-online,210,13,,,desktop,2203,DataForSEO via OpenSEO,2026-09-15,improve,seo/czechia/03-keyword-master.csv (collected 2026-08-31); ranks seo/tracking/raw/2026-09-15/A7-market/ranked-keywords-czechia-2203-cs.json,reused country package 2026-08-31 (<30d)
KCZ0125,czechia,cs,jak funguje elektronická neschopenka,informational,non-brand,brand-v1,sick-certificate,eNeschopenka and sick leave,https://www.myglobalhealth.online/czechia/cs/blog/neschopenka-jak-funguje-eneschopenka,20,22,,,desktop,2203,DataForSEO via OpenSEO,2026-09-15,improve,seo/czechia/03-keyword-master.csv (collected 2026-08-31); ranks seo/tracking/raw/2026-09-15/A7-market/ranked-keywords-czechia-2203-cs.json,reused country package 2026-08-31 (<30d)
KCZ0126,czechia,cs,hubnuti s lekarem,informational,non-brand,brand-v1,online-gp,weight management,https://www.myglobalhealth.online/czechia/cs/services/kontrola-vahy-online,,,,,desktop,2203,DataForSEO via OpenSEO,2026-09-15,ignore,seo/czechia/03-keyword-master.csv (collected 2026-08-31); ranks seo/tracking/raw/2026-09-15/A7-market/ranked-keywords-czechia-2203-cs.json,reused country package 2026-08-31 (<30d)
KCZ0127,czechia,cs,vycházky na nemocenské,informational,non-brand,brand-v1,sick-certificate,eNeschopenka and sick leave,https://www.myglobalhealth.online/czechia/cs/services/neschopenka-online,140,0,22,https://www.myglobalhealth.online/czechia/cs/blog/neschopenka-jak-funguje-eneschopenka,desktop,2203,DataForSEO via OpenSEO,2026-09-15,improve,seo/czechia/03-keyword-master.csv (collected 2026-08-31); ranks seo/tracking/raw/2026-09-15/A7-market/ranked-keywords-czechia-2203-cs.json,reused country package 2026-08-31 (<30d)
KCZ0128,czechia,cs,online neschopenka,informational,non-brand,brand-v1,sick-certificate,eNeschopenka and sick leave,https://www.myglobalhealth.online/czechia/cs/services/neschopenka-online,40,,,,desktop,2203,DataForSEO via OpenSEO,2026-09-15,improve,seo/czechia/03-keyword-master.csv (collected 2026-08-31); ranks seo/tracking/raw/2026-09-15/A7-market/ranked-keywords-czechia-2203-cs.json,reused country package 2026-08-31 (<30d)
KCZ0129,czechia,cs,kdo může napsat neschopenku,informational,non-brand,brand-v1,sick-certificate,eNeschopenka and sick leave,https://www.myglobalhealth.online/czechia/cs/services/neschopenka-online,30,45,,,desktop,2203,DataForSEO via OpenSEO,2026-09-15,improve,seo/czechia/03-keyword-master.csv (collected 2026-08-31); ranks seo/tracking/raw/2026-09-15/A7-market/ranked-keywords-czechia-2203-cs.json,reused country package 2026-08-31 (<30d)
KCZ0130,czechia,cs,adhd test pro dospělé zdarma,commercial,non-brand,brand-v1,mental-health,health tools,https://www.myglobalhealth.online/czechia/cs/tools/adhd-test,20,,,,desktop,2203,DataForSEO via OpenSEO,2026-09-15,improve,seo/czechia/03-keyword-master.csv (collected 2026-08-31); ranks seo/tracking/raw/2026-09-15/A7-market/ranked-keywords-czechia-2203-cs.json,reused country package 2026-08-31 (<30d)
KCZ0131,czechia,cs,dětský psycholog praha,navigational,non-brand,brand-v1,mental-health,online paediatrics,https://www.myglobalhealth.online/czechia/cs/services/detsky-lekar-online,,0,,,desktop,2203,DataForSEO via OpenSEO,2026-09-15,ignore,seo/czechia/03-keyword-master.csv (collected 2026-08-31); ranks seo/tracking/raw/2026-09-15/A7-market/ranked-keywords-czechia-2203-cs.json,reused country package 2026-08-31 (<30d)
KCZ0132,czechia,cs,těhotenská kalkulačka,informational,non-brand,brand-v1,tools-pregnancy,health tools,https://www.myglobalhealth.online/czechia/cs/tools/due-date-calculator,8100,2,,,desktop,2203,DataForSEO via OpenSEO,2026-09-15,improve,seo/czechia/03-keyword-master.csv (collected 2026-08-31); ranks seo/tracking/raw/2026-09-15/A7-market/ranked-keywords-czechia-2203-cs.json,reused country package 2026-08-31 (<30d)
KCZ0133,czechia,cs,ovulační kalkulačka,informational,non-brand,brand-v1,tools-pregnancy,health tools,https://www.myglobalhealth.online/czechia/cs/tools/ovulation-calculator,2900,0,,,desktop,2203,DataForSEO via OpenSEO,2026-09-15,improve,seo/czechia/03-keyword-master.csv (collected 2026-08-31); ranks seo/tracking/raw/2026-09-15/A7-market/ranked-keywords-czechia-2203-cs.json,reused country package 2026-08-31 (<30d)
KCZ0134,czechia,cs,tehotenska kalkulacka,informational,non-brand,brand-v1,tools-pregnancy,health tools,https://www.myglobalhealth.online/czechia/cs/tools/due-date-calculator,2900,2,,,desktop,2203,DataForSEO via OpenSEO,2026-09-15,improve,seo/czechia/03-keyword-master.csv (collected 2026-08-31); ranks seo/tracking/raw/2026-09-15/A7-market/ranked-keywords-czechia-2203-cs.json,reused country package 2026-08-31 (<30d)
KCZ0135,czechia,cs,normální tlak,informational,non-brand,brand-v1,tools-blood-pressure,health tools,https://www.myglobalhealth.online/czechia/cs/tools/blood-pressure-chart,2400,3,,,desktop,2203,DataForSEO via OpenSEO,2026-09-15,improve,seo/czechia/03-keyword-master.csv (collected 2026-08-31); ranks seo/tracking/raw/2026-09-15/A7-market/ranked-keywords-czechia-2203-cs.json,reused country package 2026-08-31 (<30d)
KCZ0136,czechia,cs,bmi index,informational,non-brand,brand-v1,tools-bmi,health tools,https://www.myglobalhealth.online/czechia/cs/tools/bmi-calculator,1900,0,,,desktop,2203,DataForSEO via OpenSEO,2026-09-15,improve,seo/czechia/03-keyword-master.csv (collected 2026-08-31); ranks seo/tracking/raw/2026-09-15/A7-market/ranked-keywords-czechia-2203-cs.json,reused country package 2026-08-31 (<30d)
KCZ0137,czechia,cs,index bmi,informational,non-brand,brand-v1,tools-bmi,health tools,https://www.myglobalhealth.online/czechia/cs/tools/bmi-calculator,1000,0,,,desktop,2203,DataForSEO via OpenSEO,2026-09-15,improve,seo/czechia/03-keyword-master.csv (collected 2026-08-31); ranks seo/tracking/raw/2026-09-15/A7-market/ranked-keywords-czechia-2203-cs.json,reused country package 2026-08-31 (<30d)
KCZ0138,czechia,cs,jaký je normální tlak,informational,non-brand,brand-v1,tools-blood-pressure,health tools,https://www.myglobalhealth.online/czechia/cs/tools/blood-pressure-chart,1000,1,,,desktop,2203,DataForSEO via OpenSEO,2026-09-15,improve,seo/czechia/03-keyword-master.csv (collected 2026-08-31); ranks seo/tracking/raw/2026-09-15/A7-market/ranked-keywords-czechia-2203-cs.json,reused country package 2026-08-31 (<30d)
KCZ0139,czechia,cs,ke specialistovi bez doporučení praktického lékaře 2024,informational,non-brand,brand-v1,online-gp,referrals and investigations,https://www.myglobalhealth.online/czechia/cs/services/doporuceni-a-vysetreni,10,0,,,desktop,2203,DataForSEO via OpenSEO,2026-09-15,improve,seo/czechia/03-keyword-master.csv (collected 2026-08-31); ranks seo/tracking/raw/2026-09-15/A7-market/ranked-keywords-czechia-2203-cs.json,reused country package 2026-08-31 (<30d)
KCZ0140,czechia,cs,finasterid recept online,commercial,non-brand,brand-v1,prescription,ePrescription and treatment renewal,https://www.myglobalhealth.online/czechia/cs/services/obnoveni-lecby,,,,,desktop,2203,DataForSEO via OpenSEO,2026-09-15,ignore,seo/czechia/03-keyword-master.csv (collected 2026-08-31); ranks seo/tracking/raw/2026-09-15/A7-market/ranked-keywords-czechia-2203-cs.json,reused country package 2026-08-31 (<30d)
KCZ0141,czechia,cs,bmi,informational,non-brand,brand-v1,tools-bmi,health tools,https://www.myglobalhealth.online/czechia/cs/tools/bmi-calculator,33100,11,,,desktop,2203,DataForSEO via OpenSEO,2026-09-15,improve,seo/czechia/03-keyword-master.csv (collected 2026-08-31); ranks seo/tracking/raw/2026-09-15/A7-market/ranked-keywords-czechia-2203-cs.json,reused country package 2026-08-31 (<30d)
KCZ0142,czechia,cs,krevní tlak kalkulačka,informational,non-brand,brand-v1,tools-blood-pressure,health tools,https://www.myglobalhealth.online/czechia/cs/tools/blood-pressure-chart,720,0,,,desktop,2203,DataForSEO via OpenSEO,2026-09-15,improve,seo/czechia/03-keyword-master.csv (collected 2026-08-31); ranks seo/tracking/raw/2026-09-15/A7-market/ranked-keywords-czechia-2203-cs.json,reused country package 2026-08-31 (<30d)
KCZ0143,czechia,cs,denní příjem kalorií kalkulačka,informational,non-brand,brand-v1,tools-calories,health tools,https://www.myglobalhealth.online/czechia/cs/tools/calorie-calculator,320,10,,,desktop,2203,DataForSEO via OpenSEO,2026-09-15,improve,seo/czechia/03-keyword-master.csv (collected 2026-08-31); ranks seo/tracking/raw/2026-09-15/A7-market/ranked-keywords-czechia-2203-cs.json,reused country package 2026-08-31 (<30d)
KCZ0144,czechia,cs,online psychiatr,informational,non-brand,brand-v1,mental-health,mental health,https://www.myglobalhealth.online/czechia/cs/services/dusevni-zdravi-online,50,13,,,desktop,2203,DataForSEO via OpenSEO,2026-09-15,improve,seo/czechia/03-keyword-master.csv (collected 2026-08-31); ranks seo/tracking/raw/2026-09-15/A7-market/ranked-keywords-czechia-2203-cs.json,reused country package 2026-08-31 (<30d)
KCZ0145,czechia,cs,jak funguje nemocenská,informational,non-brand,brand-v1,sick-certificate,eNeschopenka and sick leave,https://www.myglobalhealth.online/czechia/cs/blog/neschopenka-jak-funguje-eneschopenka,,,,,desktop,2203,DataForSEO via OpenSEO,2026-09-15,ignore,seo/czechia/03-keyword-master.csv (collected 2026-08-31); ranks seo/tracking/raw/2026-09-15/A7-market/ranked-keywords-czechia-2203-cs.json,reused country package 2026-08-31 (<30d)
KCZ0146,czechia,cs,adhd test,informational,non-brand,brand-v1,mental-health,health tools,https://www.myglobalhealth.online/czechia/cs/tools/adhd-test,2900,19,,,desktop,2203,DataForSEO via OpenSEO,2026-09-15,improve,seo/czechia/03-keyword-master.csv (collected 2026-08-31); ranks seo/tracking/raw/2026-09-15/A7-market/ranked-keywords-czechia-2203-cs.json,reused country package 2026-08-31 (<30d)
KCZ0147,czechia,cs,výpočet ovulace,informational,non-brand,brand-v1,tools-pregnancy,health tools,https://www.myglobalhealth.online/czechia/cs/tools/ovulation-calculator,880,0,,,desktop,2203,DataForSEO via OpenSEO,2026-09-15,improve,seo/czechia/03-keyword-master.csv (collected 2026-08-31); ranks seo/tracking/raw/2026-09-15/A7-market/ranked-keywords-czechia-2203-cs.json,reused country package 2026-08-31 (<30d)
KCZ0148,czechia,cs,bmi vzorec,informational,non-brand,brand-v1,tools-bmi,health tools,https://www.myglobalhealth.online/czechia/cs/tools/bmi-calculator,720,9,,,desktop,2203,DataForSEO via OpenSEO,2026-09-15,improve,seo/czechia/03-keyword-master.csv (collected 2026-08-31); ranks seo/tracking/raw/2026-09-15/A7-market/ranked-keywords-czechia-2203-cs.json,reused country package 2026-08-31 (<30d)
KCZ0149,czechia,cs,bmi kalkulačka podle věku a pohlaví,informational,non-brand,brand-v1,tools-bmi,health tools,https://www.myglobalhealth.online/czechia/cs/tools/bmi-calculator,720,1,,,desktop,2203,DataForSEO via OpenSEO,2026-09-15,improve,seo/czechia/03-keyword-master.csv (collected 2026-08-31); ranks seo/tracking/raw/2026-09-15/A7-market/ranked-keywords-czechia-2203-cs.json,reused country package 2026-08-31 (<30d)
KCZ0150,czechia,cs,vzorec bmi,informational,non-brand,brand-v1,tools-bmi,health tools,https://www.myglobalhealth.online/czechia/cs/tools/bmi-calculator,720,9,,,desktop,2203,DataForSEO via OpenSEO,2026-09-15,improve,seo/czechia/03-keyword-master.csv (collected 2026-08-31); ranks seo/tracking/raw/2026-09-15/A7-market/ranked-keywords-czechia-2203-cs.json,reused country package 2026-08-31 (<30d)
KPO0001,portugal,pt,renovação carta de condução online,transactional,non-brand,brand-v1,brand-and-other,driving medical certificate,https://www.myglobalhealth.online/portugal/pt/services/certificado-medico-carta-de-conducao,2400,0,,,desktop,2620,DataForSEO via OpenSEO,2026-09-15,improve,seo/portugal/03-keyword-master.csv (collected 2026-08-31); ranks seo/tracking/raw/2026-09-15/A7-market/ranked-keywords-portugal-2620-pt.json,reused country package 2026-08-31 (<30d); competitor-brand navigational terms excluded
KPO0002,portugal,pt,prescrição médica eletronica,transactional,non-brand,brand-v1,prescription,prescription renewal,https://www.myglobalhealth.online/portugal/pt/services/renovacao-de-tratamento,720,8,,,desktop,2620,DataForSEO via OpenSEO,2026-09-15,improve,seo/portugal/03-keyword-master.csv (collected 2026-08-31); ranks seo/tracking/raw/2026-09-15/A7-market/ranked-keywords-portugal-2620-pt.json,reused country package 2026-08-31 (<30d); competitor-brand navigational terms excluded
KPO0003,portugal,pt,receita medica,transactional,non-brand,brand-v1,prescription,prescription renewal,https://www.myglobalhealth.online/portugal/pt/services/renovacao-de-tratamento,590,0,,,desktop,2620,DataForSEO via OpenSEO,2026-09-15,improve,seo/portugal/03-keyword-master.csv (collected 2026-08-31); ranks seo/tracking/raw/2026-09-15/A7-market/ranked-keywords-portugal-2620-pt.json,reused country package 2026-08-31 (<30d); competitor-brand navigational terms excluded
KPO0004,portugal,pt,atestado médico para renovar carta de condução,transactional,non-brand,brand-v1,sick-certificate,driving medical certificate,https://www.myglobalhealth.online/portugal/pt/services/certificado-medico-carta-de-conducao,590,0,,,desktop,2620,DataForSEO via OpenSEO,2026-09-15,improve,seo/portugal/03-keyword-master.csv (collected 2026-08-31); ranks seo/tracking/raw/2026-09-15/A7-market/ranked-keywords-portugal-2620-pt.json,reused country package 2026-08-31 (<30d); competitor-brand navigational terms excluded
KPO0005,portugal,pt,segurança social directa consultar pagamentos baixa medica,transactional,non-brand,brand-v1,sick-certificate,sick leave,https://www.myglobalhealth.online/portugal/pt/services/baixa-medica,480,11,,,desktop,2620,DataForSEO via OpenSEO,2026-09-15,improve,seo/portugal/03-keyword-master.csv (collected 2026-08-31); ranks seo/tracking/raw/2026-09-15/A7-market/ranked-keywords-portugal-2620-pt.json,reused country package 2026-08-31 (<30d); competitor-brand navigational terms excluded
KPO0006,portugal,pt,pedir baixa médica online,transactional,non-brand,brand-v1,sick-certificate,sick leave,https://www.myglobalhealth.online/portugal/pt/services/baixa-medica,390,0,,,desktop,2620,DataForSEO via OpenSEO,2026-09-15,improve,seo/portugal/03-keyword-master.csv (collected 2026-08-31); ranks seo/tracking/raw/2026-09-15/A7-market/ranked-keywords-portugal-2620-pt.json,reused country package 2026-08-31 (<30d); competitor-brand navigational terms excluded
KPO0007,portugal,pt,pedir baixa online,transactional,non-brand,brand-v1,sick-certificate,sick leave,https://www.myglobalhealth.online/portugal/pt/services/baixa-medica,320,0,,,desktop,2620,DataForSEO via OpenSEO,2026-09-15,improve,seo/portugal/03-keyword-master.csv (collected 2026-08-31); ranks seo/tracking/raw/2026-09-15/A7-market/ranked-keywords-portugal-2620-pt.json,reused country package 2026-08-31 (<30d); competitor-brand navigational terms excluded
KPO0008,portugal,pt,pedir receitas medicas online,transactional,non-brand,brand-v1,prescription,prescription renewal,https://www.myglobalhealth.online/portugal/pt/services/renovacao-de-tratamento,320,0,,,desktop,2620,DataForSEO via OpenSEO,2026-09-15,improve,seo/portugal/03-keyword-master.csv (collected 2026-08-31); ranks seo/tracking/raw/2026-09-15/A7-market/ranked-keywords-portugal-2620-pt.json,reused country package 2026-08-31 (<30d); competitor-brand navigational terms excluded
KPO0009,portugal,pt,pedir receita medica online,transactional,non-brand,brand-v1,prescription,prescription renewal,https://www.myglobalhealth.online/portugal/pt/services/renovacao-de-tratamento,320,0,,,desktop,2620,DataForSEO via OpenSEO,2026-09-15,improve,seo/portugal/03-keyword-master.csv (collected 2026-08-31); ranks seo/tracking/raw/2026-09-15/A7-market/ranked-keywords-portugal-2620-pt.json,reused country package 2026-08-31 (<30d); competitor-brand navigational terms excluded
KPO0010,portugal,pt,receita medica online,transactional,non-brand,brand-v1,prescription,prescription renewal,https://www.myglobalhealth.online/portugal/pt/services/renovacao-de-tratamento,320,0,,,desktop,2620,DataForSEO via OpenSEO,2026-09-15,improve,seo/portugal/03-keyword-master.csv (collected 2026-08-31); ranks seo/tracking/raw/2026-09-15/A7-market/ranked-keywords-portugal-2620-pt.json,reused country package 2026-08-31 (<30d); competitor-brand navigational terms excluded
KPO0011,portugal,pt,receita médica online,transactional,non-brand,brand-v1,prescription,prescription renewal,https://www.myglobalhealth.online/portugal/pt/services/renovacao-de-tratamento,320,0,,,desktop,2620,DataForSEO via OpenSEO,2026-09-15,improve,seo/portugal/03-keyword-master.csv (collected 2026-08-31); ranks seo/tracking/raw/2026-09-15/A7-market/ranked-keywords-portugal-2620-pt.json,reused country package 2026-08-31 (<30d); competitor-brand navigational terms excluded
KPO0012,portugal,pt,atestado médico online para carta de condução,transactional,non-brand,brand-v1,sick-certificate,driving medical certificate,https://www.myglobalhealth.online/portugal/pt/services/certificado-medico-carta-de-conducao,260,0,,,desktop,2620,DataForSEO via OpenSEO,2026-09-15,improve,seo/portugal/03-keyword-master.csv (collected 2026-08-31); ranks seo/tracking/raw/2026-09-15/A7-market/ranked-keywords-portugal-2620-pt.json,reused country package 2026-08-31 (<30d); competitor-brand navigational terms excluded
KPO0013,portugal,pt,baixa psicológica paga a 100 portugal,transactional,non-brand,brand-v1,mental-health,sick leave,https://www.myglobalhealth.online/portugal/pt/services/baixa-medica,210,0,,,desktop,2620,DataForSEO via OpenSEO,2026-09-15,improve,seo/portugal/03-keyword-master.csv (collected 2026-08-31); ranks seo/tracking/raw/2026-09-15/A7-market/ranked-keywords-portugal-2620-pt.json,reused country package 2026-08-31 (<30d); competitor-brand navigational terms excluded
KPO0014,portugal,pt,pedir receita online,transactional,non-brand,brand-v1,prescription,prescription renewal,https://www.myglobalhealth.online/portugal/pt/services/renovacao-de-tratamento,210,0,,,desktop,2620,DataForSEO via OpenSEO,2026-09-15,improve,seo/portugal/03-keyword-master.csv (collected 2026-08-31); ranks seo/tracking/raw/2026-09-15/A7-market/ranked-keywords-portugal-2620-pt.json,reused country package 2026-08-31 (<30d); competitor-brand navigational terms excluded
KPO0015,portugal,pt,como pedir baixa por assistência a filho online,transactional,non-brand,brand-v1,sick-certificate,sick leave,https://www.myglobalhealth.online/portugal/pt/services/baixa-medica,210,0,,,desktop,2620,DataForSEO via OpenSEO,2026-09-15,improve,seo/portugal/03-keyword-master.csv (collected 2026-08-31); ranks seo/tracking/raw/2026-09-15/A7-market/ranked-keywords-portugal-2620-pt.json,reused country package 2026-08-31 (<30d); competitor-brand navigational terms excluded
KPO0016,portugal,pt,consultar baixa médica segurança social,transactional,non-brand,brand-v1,sick-certificate,sick leave,https://www.myglobalhealth.online/portugal/pt/services/baixa-medica,210,0,,,desktop,2620,DataForSEO via OpenSEO,2026-09-15,improve,seo/portugal/03-keyword-master.csv (collected 2026-08-31); ranks seo/tracking/raw/2026-09-15/A7-market/ranked-keywords-portugal-2620-pt.json,reused country package 2026-08-31 (<30d); competitor-brand navigational terms excluded
KPO0017,portugal,pt,pedir baixa médica 3 dias,transactional,non-brand,brand-v1,sick-certificate,sick leave,https://www.myglobalhealth.online/portugal/pt/services/baixa-medica,170,0,,,desktop,2620,DataForSEO via OpenSEO,2026-09-15,improve,seo/portugal/03-keyword-master.csv (collected 2026-08-31); ranks seo/tracking/raw/2026-09-15/A7-market/ranked-keywords-portugal-2620-pt.json,reused country package 2026-08-31 (<30d); competitor-brand navigational terms excluded
KPO0018,portugal,pt,baixa profissional e paga a 100,transactional,non-brand,brand-v1,sick-certificate,sick leave,https://www.myglobalhealth.online/portugal/pt/services/baixa-medica,170,0,,,desktop,2620,DataForSEO via OpenSEO,2026-09-15,improve,seo/portugal/03-keyword-master.csv (collected 2026-08-31); ranks seo/tracking/raw/2026-09-15/A7-market/ranked-keywords-portugal-2620-pt.json,reused country package 2026-08-31 (<30d); competitor-brand navigational terms excluded
KPO0019,portugal,pt,pedir médico de família online,transactional,non-brand,brand-v1,online-gp,family medicine,https://www.myglobalhealth.online/portugal/pt/services/medicina-geral-e-familiar,170,8,,,desktop,2620,DataForSEO via OpenSEO,2026-09-15,improve,seo/portugal/03-keyword-master.csv (collected 2026-08-31); ranks seo/tracking/raw/2026-09-15/A7-market/ranked-keywords-portugal-2620-pt.json,reused country package 2026-08-31 (<30d); competitor-brand navigational terms excluded
KPO0020,portugal,pt,prazo entrega baixa medica entidade patronal,transactional,non-brand,brand-v1,sick-certificate,sick leave,https://www.myglobalhealth.online/portugal/pt/services/baixa-medica,170,0,,,desktop,2620,DataForSEO via OpenSEO,2026-09-15,improve,seo/portugal/03-keyword-master.csv (collected 2026-08-31); ranks seo/tracking/raw/2026-09-15/A7-market/ranked-keywords-portugal-2620-pt.json,reused country package 2026-08-31 (<30d); competitor-brand navigational terms excluded
KPO0021,portugal,pt,baixa por assistência a cônjuge e paga,transactional,non-brand,brand-v1,sick-certificate,sick leave,https://www.myglobalhealth.online/portugal/pt/services/baixa-medica,140,0,,,desktop,2620,DataForSEO via OpenSEO,2026-09-15,improve,seo/portugal/03-keyword-master.csv (collected 2026-08-31); ranks seo/tracking/raw/2026-09-15/A7-market/ranked-keywords-portugal-2620-pt.json,reused country package 2026-08-31 (<30d); competitor-brand navigational terms excluded
KPO0022,portugal,pt,como pedir baixa por assistência a família online,transactional,non-brand,brand-v1,sick-certificate,sick leave,https://www.myglobalhealth.online/portugal/pt/services/baixa-medica,140,0,,,desktop,2620,DataForSEO via OpenSEO,2026-09-15,improve,seo/portugal/03-keyword-master.csv (collected 2026-08-31); ranks seo/tracking/raw/2026-09-15/A7-market/ranked-keywords-portugal-2620-pt.json,reused country package 2026-08-31 (<30d); competitor-brand navigational terms excluded
KPO0023,portugal,pt,baixa profissional e paga à 100,transactional,non-brand,brand-v1,sick-certificate,sick leave,https://www.myglobalhealth.online/portugal/pt/services/baixa-medica,110,0,,,desktop,2620,DataForSEO via OpenSEO,2026-09-15,improve,seo/portugal/03-keyword-master.csv (collected 2026-08-31); ranks seo/tracking/raw/2026-09-15/A7-market/ranked-keywords-portugal-2620-pt.json,reused country package 2026-08-31 (<30d); competitor-brand navigational terms excluded
KPO0024,portugal,pt,subsídio de doença segurança social,transactional,non-brand,brand-v1,sick-certificate,online doctor,https://www.myglobalhealth.online/portugal/pt/services/consulta-medica,110,0,,,desktop,2620,DataForSEO via OpenSEO,2026-09-15,improve,seo/portugal/03-keyword-master.csv (collected 2026-08-31); ranks seo/tracking/raw/2026-09-15/A7-market/ranked-keywords-portugal-2620-pt.json,reused country package 2026-08-31 (<30d); competitor-brand navigational terms excluded
KPO0025,portugal,pt,teste de gravidez,informational,non-brand,brand-v1,tools-pregnancy,womens health,https://www.myglobalhealth.online/portugal/pt/services/saude-da-mulher,14800,0,,,desktop,2620,DataForSEO via OpenSEO,2026-09-15,improve,seo/portugal/03-keyword-master.csv (collected 2026-08-31); ranks seo/tracking/raw/2026-09-15/A7-market/ranked-keywords-portugal-2620-pt.json,reused country package 2026-08-31 (<30d); competitor-brand navigational terms excluded
KPO0026,portugal,pt,análise clínica,informational,non-brand,brand-v1,lab-tests,referrals and tests,https://www.myglobalhealth.online/portugal/pt/services/consulta-de-referenciacao,12100,0,,,desktop,2620,DataForSEO via OpenSEO,2026-09-15,improve,seo/portugal/03-keyword-master.csv (collected 2026-08-31); ranks seo/tracking/raw/2026-09-15/A7-market/ranked-keywords-portugal-2620-pt.json,reused country package 2026-08-31 (<30d); competitor-brand navigational terms excluded
KPO0027,portugal,pt,doença da zona,informational,non-brand,brand-v1,health-conditions,online doctor,https://www.myglobalhealth.online/portugal/pt/services/consulta-medica,12100,0,,,desktop,2620,DataForSEO via OpenSEO,2026-09-15,improve,seo/portugal/03-keyword-master.csv (collected 2026-08-31); ranks seo/tracking/raw/2026-09-15/A7-market/ranked-keywords-portugal-2620-pt.json,reused country package 2026-08-31 (<30d); competitor-brand navigational terms excluded
KPO0028,portugal,pt,marcar consulta online centro saúde,transactional,non-brand,brand-v1,online-consult,online doctor,https://www.myglobalhealth.online/portugal/pt/services/consulta-medica,2400,8,,,desktop,2620,DataForSEO via OpenSEO,2026-09-15,improve,seo/portugal/03-keyword-master.csv (collected 2026-08-31); ranks seo/tracking/raw/2026-09-15/A7-market/ranked-keywords-portugal-2620-pt.json,reused country package 2026-08-31 (<30d); competitor-brand navigational terms excluded
KPO0029,portugal,pt,segurança social directa consultar pagamentos baixa médica,transactional,non-brand,brand-v1,sick-certificate,sick leave,https://www.myglobalhealth.online/portugal/pt/services/baixa-medica,480,20,,,desktop,2620,DataForSEO via OpenSEO,2026-09-15,improve,seo/portugal/03-keyword-master.csv (collected 2026-08-31); ranks seo/tracking/raw/2026-09-15/A7-market/ranked-keywords-portugal-2620-pt.json,reused country package 2026-08-31 (<30d); competitor-brand navigational terms excluded
KPO0030,portugal,pt,marcação de consulta online,transactional,non-brand,brand-v1,online-consult,online doctor,https://www.myglobalhealth.online/portugal/pt/services/consulta-medica,90,9,,,desktop,2620,DataForSEO via OpenSEO,2026-09-15,improve,seo/portugal/03-keyword-master.csv (collected 2026-08-31); ranks seo/tracking/raw/2026-09-15/A7-market/ranked-keywords-portugal-2620-pt.json,reused country package 2026-08-31 (<30d); competitor-brand navigational terms excluded
KPO0031,portugal,pt,impresso para atestado médico carta de condução,transactional,non-brand,brand-v1,sick-certificate,driving medical certificate,https://www.myglobalhealth.online/portugal/pt/services/certificado-medico-carta-de-conducao,90,0,,,desktop,2620,DataForSEO via OpenSEO,2026-09-15,improve,seo/portugal/03-keyword-master.csv (collected 2026-08-31); ranks seo/tracking/raw/2026-09-15/A7-market/ranked-keywords-portugal-2620-pt.json,reused country package 2026-08-31 (<30d); competitor-brand navigational terms excluded
KPO0032,portugal,pt,baixa médica a 100 para doentes oncológicos,commercial,non-brand,brand-v1,sick-certificate,sick leave,https://www.myglobalhealth.online/portugal/pt/services/baixa-medica,210,0,,,desktop,2620,DataForSEO via OpenSEO,2026-09-15,improve,seo/portugal/03-keyword-master.csv (collected 2026-08-31); ranks seo/tracking/raw/2026-09-15/A7-market/ranked-keywords-portugal-2620-pt.json,reused country package 2026-08-31 (<30d); competitor-brand navigational terms excluded
KPO0033,portugal,pt,baixa por cirurgia quanto se recebe,commercial,non-brand,brand-v1,sick-certificate,sick leave,https://www.myglobalhealth.online/portugal/pt/services/baixa-medica,170,0,,,desktop,2620,DataForSEO via OpenSEO,2026-09-15,improve,seo/portugal/03-keyword-master.csv (collected 2026-08-31); ranks seo/tracking/raw/2026-09-15/A7-market/ranked-keywords-portugal-2620-pt.json,reused country package 2026-08-31 (<30d); competitor-brand navigational terms excluded
KPO0034,portugal,pt,tdah,informational,non-brand,brand-v1,mental-health,mental health,https://www.myglobalhealth.online/portugal/pt/services/saude-mental,12100,23,,,desktop,2620,DataForSEO via OpenSEO,2026-09-15,improve,seo/portugal/03-keyword-master.csv (collected 2026-08-31); ranks seo/tracking/raw/2026-09-15/A7-market/ranked-keywords-portugal-2620-pt.json,reused country package 2026-08-31 (<30d); competitor-brand navigational terms excluded
KPO0035,portugal,pt,doença do beijinho,informational,non-brand,brand-v1,health-conditions,online doctor,https://www.myglobalhealth.online/portugal/pt/services/consulta-medica,4400,0,,,desktop,2620,DataForSEO via OpenSEO,2026-09-15,improve,seo/portugal/03-keyword-master.csv (collected 2026-08-31); ranks seo/tracking/raw/2026-09-15/A7-market/ranked-keywords-portugal-2620-pt.json,reused country package 2026-08-31 (<30d); competitor-brand navigational terms excluded
KPO0036,portugal,pt,cancros de pele,informational,non-brand,brand-v1,health-conditions,oncology,https://www.myglobalhealth.online/portugal/pt/services/consulta-de-oncologia,3600,0,,,desktop,2620,DataForSEO via OpenSEO,2026-09-15,improve,seo/portugal/03-keyword-master.csv (collected 2026-08-31); ranks seo/tracking/raw/2026-09-15/A7-market/ranked-keywords-portugal-2620-pt.json,reused country package 2026-08-31 (<30d); competitor-brand navigational terms excluded
KPO0037,portugal,pt,gravidez ectópica,informational,non-brand,brand-v1,tools-pregnancy,womens health,https://www.myglobalhealth.online/portugal/pt/services/saude-da-mulher,3600,0,,,desktop,2620,DataForSEO via OpenSEO,2026-09-15,improve,seo/portugal/03-keyword-master.csv (collected 2026-08-31); ranks seo/tracking/raw/2026-09-15/A7-market/ranked-keywords-portugal-2620-pt.json,reused country package 2026-08-31 (<30d); competitor-brand navigational terms excluded
KPO0038,portugal,pt,baixa psicológica,informational,non-brand,brand-v1,mental-health,sick leave,https://www.myglobalhealth.online/portugal/pt/services/baixa-medica,1900,0,,,desktop,2620,DataForSEO via OpenSEO,2026-09-15,improve,seo/portugal/03-keyword-master.csv (collected 2026-08-31); ranks seo/tracking/raw/2026-09-15/A7-market/ranked-keywords-portugal-2620-pt.json,reused country package 2026-08-31 (<30d); competitor-brand navigational terms excluded
KPO0039,portugal,pt,prescrição,informational,non-brand,brand-v1,prescription,prescription renewal,https://www.myglobalhealth.online/portugal/pt/services/renovacao-de-tratamento,1600,0,,,desktop,2620,DataForSEO via OpenSEO,2026-09-15,improve,seo/portugal/03-keyword-master.csv (collected 2026-08-31); ranks seo/tracking/raw/2026-09-15/A7-market/ranked-keywords-portugal-2620-pt.json,reused country package 2026-08-31 (<30d); competitor-brand navigational terms excluded
KPO0040,portugal,pt,médico de família,informational,non-brand,brand-v1,online-gp,family medicine,https://www.myglobalhealth.online/portugal/pt/services/medicina-geral-e-familiar,1300,0,,,desktop,2620,DataForSEO via OpenSEO,2026-09-15,improve,seo/portugal/03-keyword-master.csv (collected 2026-08-31); ranks seo/tracking/raw/2026-09-15/A7-market/ranked-keywords-portugal-2620-pt.json,reused country package 2026-08-31 (<30d); competitor-brand navigational terms excluded
KPO0041,portugal,pt,simulador baixa médica,informational,non-brand,brand-v1,sick-certificate,sick leave,https://www.myglobalhealth.online/portugal/pt/services/baixa-medica,1300,0,,,desktop,2620,DataForSEO via OpenSEO,2026-09-15,improve,seo/portugal/03-keyword-master.csv (collected 2026-08-31); ranks seo/tracking/raw/2026-09-15/A7-market/ranked-keywords-portugal-2620-pt.json,reused country package 2026-08-31 (<30d); competitor-brand navigational terms excluded
KPO0042,portugal,pt,exame prostata,informational,non-brand,brand-v1,lab-tests,mens health,https://www.myglobalhealth.online/portugal/pt/services/saude-do-homem,1300,0,,,desktop,2620,DataForSEO via OpenSEO,2026-09-15,improve,seo/portugal/03-keyword-master.csv (collected 2026-08-31); ranks seo/tracking/raw/2026-09-15/A7-market/ranked-keywords-portugal-2620-pt.json,reused country package 2026-08-31 (<30d); competitor-brand navigational terms excluded
KPO0043,portugal,pt,junta medica,informational,non-brand,brand-v1,sick-certificate,online doctor,https://www.myglobalhealth.online/portugal/pt/services/consulta-medica,1300,0,,,desktop,2620,DataForSEO via OpenSEO,2026-09-15,improve,seo/portugal/03-keyword-master.csv (collected 2026-08-31); ranks seo/tracking/raw/2026-09-15/A7-market/ranked-keywords-portugal-2620-pt.json,reused country package 2026-08-31 (<30d); competitor-brand navigational terms excluded
KPO0044,portugal,pt,micose pele,informational,non-brand,brand-v1,brand-and-other,dermatology,https://www.myglobalhealth.online/portugal/pt/services/consulta-dermatologia,1000,0,,,desktop,2620,DataForSEO via OpenSEO,2026-09-15,improve,seo/portugal/03-keyword-master.csv (collected 2026-08-31); ranks seo/tracking/raw/2026-09-15/A7-market/ranked-keywords-portugal-2620-pt.json,reused country package 2026-08-31 (<30d); competitor-brand navigational terms excluded
KPO0045,portugal,pt,micoses na pele,informational,non-brand,brand-v1,brand-and-other,dermatology,https://www.myglobalhealth.online/portugal/pt/services/consulta-dermatologia,1000,0,,,desktop,2620,DataForSEO via OpenSEO,2026-09-15,improve,seo/portugal/03-keyword-master.csv (collected 2026-08-31); ranks seo/tracking/raw/2026-09-15/A7-market/ranked-keywords-portugal-2620-pt.json,reused country package 2026-08-31 (<30d); competitor-brand navigational terms excluded
KPO0046,portugal,pt,pedir atestado multiusos online,transactional,non-brand,brand-v1,sick-certificate,medical certificates,https://www.myglobalhealth.online/portugal/pt/services/certificados-medicos,590,0,,,desktop,2620,DataForSEO via OpenSEO,2026-09-15,improve,seo/portugal/03-keyword-master.csv (collected 2026-08-31); ranks seo/tracking/raw/2026-09-15/A7-market/ranked-keywords-portugal-2620-pt.json,reused country package 2026-08-31 (<30d); competitor-brand navigational terms excluded
KPO0047,portugal,pt,testosterona mulher,transactional,non-brand,brand-v1,brand-and-other,womens health,https://www.myglobalhealth.online/portugal/pt/services/saude-da-mulher,480,0,,,desktop,2620,DataForSEO via OpenSEO,2026-09-15,improve,seo/portugal/03-keyword-master.csv (collected 2026-08-31); ranks seo/tracking/raw/2026-09-15/A7-market/ranked-keywords-portugal-2620-pt.json,reused country package 2026-08-31 (<30d); competitor-brand navigational terms excluded
KPO0048,portugal,pt,marcar consulta no centro de saude,transactional,non-brand,brand-v1,online-consult,online doctor,https://www.myglobalhealth.online/portugal/pt/services/consulta-medica,480,9,,,desktop,2620,DataForSEO via OpenSEO,2026-09-15,improve,seo/portugal/03-keyword-master.csv (collected 2026-08-31); ranks seo/tracking/raw/2026-09-15/A7-market/ranked-keywords-portugal-2620-pt.json,reused country package 2026-08-31 (<30d); competitor-brand navigational terms excluded
KPO0049,portugal,pt,pedir autodeclaração de doença,transactional,non-brand,brand-v1,health-conditions,sick leave,https://www.myglobalhealth.online/portugal/pt/services/baixa-medica,480,4,,,desktop,2620,DataForSEO via OpenSEO,2026-09-15,improve,seo/portugal/03-keyword-master.csv (collected 2026-08-31); ranks seo/tracking/raw/2026-09-15/A7-market/ranked-keywords-portugal-2620-pt.json,reused country package 2026-08-31 (<30d); competitor-brand navigational terms excluded
KPO0050,portugal,pt,renovação carta condução idade,transactional,non-brand,brand-v1,brand-and-other,driving medical certificate,https://www.myglobalhealth.online/portugal/pt/services/certificado-medico-carta-de-conducao,390,0,,,desktop,2620,DataForSEO via OpenSEO,2026-09-15,improve,seo/portugal/03-keyword-master.csv (collected 2026-08-31); ranks seo/tracking/raw/2026-09-15/A7-market/ranked-keywords-portugal-2620-pt.json,reused country package 2026-08-31 (<30d); competitor-brand navigational terms excluded
KPO0051,portugal,pt,renovação carta condução 60 anos,transactional,non-brand,brand-v1,brand-and-other,driving medical certificate,https://www.myglobalhealth.online/portugal/pt/services/certificado-medico-carta-de-conducao,320,0,,,desktop,2620,DataForSEO via OpenSEO,2026-09-15,improve,seo/portugal/03-keyword-master.csv (collected 2026-08-31); ranks seo/tracking/raw/2026-09-15/A7-market/ranked-keywords-portugal-2620-pt.json,reused country package 2026-08-31 (<30d); competitor-brand navigational terms excluded
KPO0052,portugal,pt,requerimento para pedir atestado multiusos,transactional,non-brand,brand-v1,sick-certificate,medical certificates,https://www.myglobalhealth.online/portugal/pt/services/certificados-medicos,260,0,,,desktop,2620,DataForSEO via OpenSEO,2026-09-15,improve,seo/portugal/03-keyword-master.csv (collected 2026-08-31); ranks seo/tracking/raw/2026-09-15/A7-market/ranked-keywords-portugal-2620-pt.json,reused country package 2026-08-31 (<30d); competitor-brand navigational terms excluded
KPO0053,portugal,pt,lista de doenças para atestado multiusos portugal,transactional,non-brand,brand-v1,sick-certificate,medical certificates,https://www.myglobalhealth.online/portugal/pt/services/certificados-medicos,170,0,,,desktop,2620,DataForSEO via OpenSEO,2026-09-15,improve,seo/portugal/03-keyword-master.csv (collected 2026-08-31); ranks seo/tracking/raw/2026-09-15/A7-market/ranked-keywords-portugal-2620-pt.json,reused country package 2026-08-31 (<30d); competitor-brand navigational terms excluded
KPO0054,portugal,pt,autodeclaração de doença 3 dias,transactional,non-brand,brand-v1,health-conditions,sick leave,https://www.myglobalhealth.online/portugal/pt/services/baixa-medica,170,0,,,desktop,2620,DataForSEO via OpenSEO,2026-09-15,improve,seo/portugal/03-keyword-master.csv (collected 2026-08-31); ranks seo/tracking/raw/2026-09-15/A7-market/ranked-keywords-portugal-2620-pt.json,reused country package 2026-08-31 (<30d); competitor-brand navigational terms excluded
KPO0055,portugal,pt,anti queda cabelo,transactional,non-brand,brand-v1,brand-and-other,hair loss,https://www.myglobalhealth.online/portugal/pt/services/consulta-queda-de-cabelo,140,0,,,desktop,2620,DataForSEO via OpenSEO,2026-09-15,improve,seo/portugal/03-keyword-master.csv (collected 2026-08-31); ranks seo/tracking/raw/2026-09-15/A7-market/ranked-keywords-portugal-2620-pt.json,reused country package 2026-08-31 (<30d); competitor-brand navigational terms excluded
KPO0056,portugal,pt,renovação carta de marinheiro,transactional,non-brand,brand-v1,brand-and-other,driving medical certificate,https://www.myglobalhealth.online/portugal/pt/services/certificado-medico-carta-de-conducao,140,0,,,desktop,2620,DataForSEO via OpenSEO,2026-09-15,improve,seo/portugal/03-keyword-master.csv (collected 2026-08-31); ranks seo/tracking/raw/2026-09-15/A7-market/ranked-keywords-portugal-2620-pt.json,reused country package 2026-08-31 (<30d); competitor-brand navigational terms excluded
KPO0057,portugal,pt,preço atestado médico para carta de condução,commercial,non-brand,brand-v1,sick-certificate,driving medical certificate,https://www.myglobalhealth.online/portugal/pt/services/certificado-medico-carta-de-conducao,90,0,,,desktop,2620,DataForSEO via OpenSEO,2026-09-15,improve,seo/portugal/03-keyword-master.csv (collected 2026-08-31); ranks seo/tracking/raw/2026-09-15/A7-market/ranked-keywords-portugal-2620-pt.json,reused country package 2026-08-31 (<30d); competitor-brand navigational terms excluded
KPO0058,portugal,pt,imc,informational,non-brand,brand-v1,tools-bmi,weight management,https://www.myglobalhealth.online/portugal/pt/services/perda-de-peso,22200,16,,,desktop,2620,DataForSEO via OpenSEO,2026-09-15,improve,seo/portugal/03-keyword-master.csv (collected 2026-08-31); ranks seo/tracking/raw/2026-09-15/A7-market/ranked-keywords-portugal-2620-pt.json,reused country package 2026-08-31 (<30d); competitor-brand navigational terms excluded
KPO0059,portugal,pt,medico,informational,non-brand,brand-v1,brand-and-other,online doctor,https://www.myglobalhealth.online/portugal/pt/services/consulta-medica,8100,17,,,desktop,2620,DataForSEO via OpenSEO,2026-09-15,improve,seo/portugal/03-keyword-master.csv (collected 2026-08-31); ranks seo/tracking/raw/2026-09-15/A7-market/ranked-keywords-portugal-2620-pt.json,reused country package 2026-08-31 (<30d); competitor-brand navigational terms excluded
KPO0060,portugal,pt,tensao arterial,informational,non-brand,brand-v1,brand-and-other,cardiology,https://www.myglobalhealth.online/portugal/pt/services/consulta-cardiologia,6600,0,,,desktop,2620,DataForSEO via OpenSEO,2026-09-15,improve,seo/portugal/03-keyword-master.csv (collected 2026-08-31); ranks seo/tracking/raw/2026-09-15/A7-market/ranked-keywords-portugal-2620-pt.json,reused country package 2026-08-31 (<30d); competitor-brand navigational terms excluded
KPO0061,portugal,pt,consulta do viajante,informational,non-brand,brand-v1,travel-health,traveller health,https://www.myglobalhealth.online/portugal/pt/services/consulta-do-viajante,5400,3,,,desktop,2620,DataForSEO via OpenSEO,2026-09-15,improve,seo/portugal/03-keyword-master.csv (collected 2026-08-31); ranks seo/tracking/raw/2026-09-15/A7-market/ranked-keywords-portugal-2620-pt.json,reused country package 2026-08-31 (<30d); competitor-brand navigational terms excluded
KPO0062,portugal,pt,clínica,informational,non-brand,brand-v1,brand-and-other,online doctor,https://www.myglobalhealth.online/portugal/pt/services/consulta-medica,5400,0,,,desktop,2620,DataForSEO via OpenSEO,2026-09-15,improve,seo/portugal/03-keyword-master.csv (collected 2026-08-31); ranks seo/tracking/raw/2026-09-15/A7-market/ranked-keywords-portugal-2620-pt.json,reused country package 2026-08-31 (<30d); competitor-brand navigational terms excluded
KPO0063,portugal,pt,tdah o q é,informational,non-brand,brand-v1,mental-health,mental health,https://www.myglobalhealth.online/portugal/pt/services/saude-mental,5400,19,,,desktop,2620,DataForSEO via OpenSEO,2026-09-15,improve,seo/portugal/03-keyword-master.csv (collected 2026-08-31); ranks seo/tracking/raw/2026-09-15/A7-market/ranked-keywords-portugal-2620-pt.json,reused country package 2026-08-31 (<30d); competitor-brand navigational terms excluded
KPO0064,portugal,pt,atestado medico,informational,non-brand,brand-v1,sick-certificate,medical certificates,https://www.myglobalhealth.online/portugal/pt/services/certificados-medicos,3600,0,,,desktop,2620,DataForSEO via OpenSEO,2026-09-15,improve,seo/portugal/03-keyword-master.csv (collected 2026-08-31); ranks seo/tracking/raw/2026-09-15/A7-market/ranked-keywords-portugal-2620-pt.json,reused country package 2026-08-31 (<30d); competitor-brand navigational terms excluded
KPO0065,portugal,pt,atestado médico,informational,non-brand,brand-v1,sick-certificate,medical certificates,https://www.myglobalhealth.online/portugal/pt/services/certificados-medicos,3600,0,49,https://www.myglobalhealth.online/portugal/pt/blog/atestado-medico-para-carta-de-conducao,desktop,2620,DataForSEO via OpenSEO,2026-09-15,improve,seo/portugal/03-keyword-master.csv (collected 2026-08-31); ranks seo/tracking/raw/2026-09-15/A7-market/ranked-keywords-portugal-2620-pt.json,reused country package 2026-08-31 (<30d); competitor-brand navigational terms excluded
KPO0066,portugal,pt,saude mental definição,informational,non-brand,brand-v1,mental-health,mental health,https://www.myglobalhealth.online/portugal/pt/services/saude-mental,3600,17,,,desktop,2620,DataForSEO via OpenSEO,2026-09-15,improve,seo/portugal/03-keyword-master.csv (collected 2026-08-31); ranks seo/tracking/raw/2026-09-15/A7-market/ranked-keywords-portugal-2620-pt.json,reused country package 2026-08-31 (<30d); competitor-brand navigational terms excluded
KPO0067,portugal,pt,atestados medicos,informational,non-brand,brand-v1,sick-certificate,medical certificates,https://www.myglobalhealth.online/portugal/pt/services/certificados-medicos,2900,0,,,desktop,2620,DataForSEO via OpenSEO,2026-09-15,improve,seo/portugal/03-keyword-master.csv (collected 2026-08-31); ranks seo/tracking/raw/2026-09-15/A7-market/ranked-keywords-portugal-2620-pt.json,reused country package 2026-08-31 (<30d); competitor-brand navigational terms excluded
KPO0068,portugal,pt,atestado médico carta de condução,informational,non-brand,brand-v1,sick-certificate,driving medical certificate,https://www.myglobalhealth.online/portugal/pt/services/certificado-medico-carta-de-conducao,1900,0,,,desktop,2620,DataForSEO via OpenSEO,2026-09-15,improve,seo/portugal/03-keyword-master.csv (collected 2026-08-31); ranks seo/tracking/raw/2026-09-15/A7-market/ranked-keywords-portugal-2620-pt.json,reused country package 2026-08-31 (<30d); competitor-brand navigational terms excluded
KPO0069,portugal,pt,atestado medico para carta de condução,informational,non-brand,brand-v1,sick-certificate,driving medical certificate,https://www.myglobalhealth.online/portugal/pt/services/certificado-medico-carta-de-conducao,1900,0,43,https://www.myglobalhealth.online/portugal/pt/services/certificado-medico-carta-de-conducao,desktop,2620,DataForSEO via OpenSEO,2026-09-15,improve,seo/portugal/03-keyword-master.csv (collected 2026-08-31); ranks seo/tracking/raw/2026-09-15/A7-market/ranked-keywords-portugal-2620-pt.json,reused country package 2026-08-31 (<30d); competitor-brand navigational terms excluded
KPO0070,portugal,pt,atestado médico para carta de condução,informational,non-brand,brand-v1,sick-certificate,driving medical certificate,https://www.myglobalhealth.online/portugal/pt/services/certificado-medico-carta-de-conducao,1900,0,41,https://www.myglobalhealth.online/portugal/pt/blog/atestado-medico-para-carta-de-conducao,desktop,2620,DataForSEO via OpenSEO,2026-09-15,improve,seo/portugal/03-keyword-master.csv (collected 2026-08-31); ranks seo/tracking/raw/2026-09-15/A7-market/ranked-keywords-portugal-2620-pt.json,reused country package 2026-08-31 (<30d); competitor-brand navigational terms excluded
KPO0071,portugal,pt,consulta viajante,informational,non-brand,brand-v1,travel-health,traveller health,https://www.myglobalhealth.online/portugal/pt/services/consulta-do-viajante,1000,5,,,desktop,2620,DataForSEO via OpenSEO,2026-09-15,improve,seo/portugal/03-keyword-master.csv (collected 2026-08-31); ranks seo/tracking/raw/2026-09-15/A7-market/ranked-keywords-portugal-2620-pt.json,reused country package 2026-08-31 (<30d); competitor-brand navigational terms excluded
KPO0072,portugal,pt,baixa psicológica paga a 100,informational,non-brand,brand-v1,mental-health,sick leave,https://www.myglobalhealth.online/portugal/pt/services/baixa-medica,880,0,,,desktop,2620,DataForSEO via OpenSEO,2026-09-15,improve,seo/portugal/03-keyword-master.csv (collected 2026-08-31); ranks seo/tracking/raw/2026-09-15/A7-market/ranked-keywords-portugal-2620-pt.json,reused country package 2026-08-31 (<30d); competitor-brand navigational terms excluded
KPO0073,portugal,pt,médico do ouvido,informational,non-brand,brand-v1,brand-and-other,online doctor,https://www.myglobalhealth.online/portugal/pt/services/consulta-medica,880,0,,,desktop,2620,DataForSEO via OpenSEO,2026-09-15,improve,seo/portugal/03-keyword-master.csv (collected 2026-08-31); ranks seo/tracking/raw/2026-09-15/A7-market/ranked-keywords-portugal-2620-pt.json,reused country package 2026-08-31 (<30d); competitor-brand navigational terms excluded
KPO0074,portugal,pt,auto baixa medica,informational,non-brand,brand-v1,sick-certificate,sick leave,https://www.myglobalhealth.online/portugal/pt/services/baixa-medica,720,0,,,desktop,2620,DataForSEO via OpenSEO,2026-09-15,improve,seo/portugal/03-keyword-master.csv (collected 2026-08-31); ranks seo/tracking/raw/2026-09-15/A7-market/ranked-keywords-portugal-2620-pt.json,reused country package 2026-08-31 (<30d); competitor-brand navigational terms excluded
KPO0075,portugal,pt,prescrição médica,informational,non-brand,brand-v1,prescription,prescription renewal,https://www.myglobalhealth.online/portugal/pt/services/renovacao-de-tratamento,720,0,,,desktop,2620,DataForSEO via OpenSEO,2026-09-15,improve,seo/portugal/03-keyword-master.csv (collected 2026-08-31); ranks seo/tracking/raw/2026-09-15/A7-market/ranked-keywords-portugal-2620-pt.json,reused country package 2026-08-31 (<30d); competitor-brand navigational terms excluded
KPO0076,portugal,pt,prescrições médicas,informational,non-brand,brand-v1,prescription,prescription renewal,https://www.myglobalhealth.online/portugal/pt/services/renovacao-de-tratamento,720,0,,,desktop,2620,DataForSEO via OpenSEO,2026-09-15,improve,seo/portugal/03-keyword-master.csv (collected 2026-08-31); ranks seo/tracking/raw/2026-09-15/A7-market/ranked-keywords-portugal-2620-pt.json,reused country package 2026-08-31 (<30d); competitor-brand navigational terms excluded
KPO0077,portugal,pt,baixa medica valores,informational,non-brand,brand-v1,sick-certificate,sick leave,https://www.myglobalhealth.online/portugal/pt/services/baixa-medica,590,0,,,desktop,2620,DataForSEO via OpenSEO,2026-09-15,improve,seo/portugal/03-keyword-master.csv (collected 2026-08-31); ranks seo/tracking/raw/2026-09-15/A7-market/ranked-keywords-portugal-2620-pt.json,reused country package 2026-08-31 (<30d); competitor-brand navigational terms excluded
KPO0078,portugal,pt,baixa médica valores,informational,non-brand,brand-v1,sick-certificate,sick leave,https://www.myglobalhealth.online/portugal/pt/services/baixa-medica,590,0,,,desktop,2620,DataForSEO via OpenSEO,2026-09-15,improve,seo/portugal/03-keyword-master.csv (collected 2026-08-31); ranks seo/tracking/raw/2026-09-15/A7-market/ranked-keywords-portugal-2620-pt.json,reused country package 2026-08-31 (<30d); competitor-brand navigational terms excluded
KPO0079,portugal,pt,receitas medicas,informational,non-brand,brand-v1,prescription,prescription renewal,https://www.myglobalhealth.online/portugal/pt/services/renovacao-de-tratamento,590,8,,,desktop,2620,DataForSEO via OpenSEO,2026-09-15,improve,seo/portugal/03-keyword-master.csv (collected 2026-08-31); ranks seo/tracking/raw/2026-09-15/A7-market/ranked-keywords-portugal-2620-pt.json,reused country package 2026-08-31 (<30d); competitor-brand navigational terms excluded
KPO0080,portugal,pt,exame medico,informational,non-brand,brand-v1,lab-tests,referrals and tests,https://www.myglobalhealth.online/portugal/pt/services/consulta-de-referenciacao,590,0,,,desktop,2620,DataForSEO via OpenSEO,2026-09-15,improve,seo/portugal/03-keyword-master.csv (collected 2026-08-31); ranks seo/tracking/raw/2026-09-15/A7-market/ranked-keywords-portugal-2620-pt.json,reused country package 2026-08-31 (<30d); competitor-brand navigational terms excluded
KPO0081,portugal,pt,exames medicos,informational,non-brand,brand-v1,lab-tests,online doctor,https://www.myglobalhealth.online/portugal/pt/services/consulta-medica,590,9,,,desktop,2620,DataForSEO via OpenSEO,2026-09-15,improve,seo/portugal/03-keyword-master.csv (collected 2026-08-31); ranks seo/tracking/raw/2026-09-15/A7-market/ranked-keywords-portugal-2620-pt.json,reused country package 2026-08-31 (<30d); competitor-brand navigational terms excluded
KPO0082,portugal,pt,subsídio de doença,informational,non-brand,brand-v1,sick-certificate,online doctor,https://www.myglobalhealth.online/portugal/pt/services/consulta-medica,590,0,,,desktop,2620,DataForSEO via OpenSEO,2026-09-15,improve,seo/portugal/03-keyword-master.csv (collected 2026-08-31); ranks seo/tracking/raw/2026-09-15/A7-market/ranked-keywords-portugal-2620-pt.json,reused country package 2026-08-31 (<30d); competitor-brand navigational terms excluded
KPO0083,portugal,pt,segurança social baixa medica pagamentos,informational,non-brand,brand-v1,sick-certificate,sick leave,https://www.myglobalhealth.online/portugal/pt/services/baixa-medica,590,3,,,desktop,2620,DataForSEO via OpenSEO,2026-09-15,improve,seo/portugal/03-keyword-master.csv (collected 2026-08-31); ranks seo/tracking/raw/2026-09-15/A7-market/ranked-keywords-portugal-2620-pt.json,reused country package 2026-08-31 (<30d); competitor-brand navigational terms excluded
KPO0084,portugal,pt,segurança social baixa médica pagamentos,informational,non-brand,brand-v1,sick-certificate,sick leave,https://www.myglobalhealth.online/portugal/pt/services/baixa-medica,590,3,,,desktop,2620,DataForSEO via OpenSEO,2026-09-15,improve,seo/portugal/03-keyword-master.csv (collected 2026-08-31); ranks seo/tracking/raw/2026-09-15/A7-market/ranked-keywords-portugal-2620-pt.json,reused country package 2026-08-31 (<30d); competitor-brand navigational terms excluded
KPO0085,portugal,pt,baixa medica 3 dias,informational,non-brand,brand-v1,sick-certificate,sick leave,https://www.myglobalhealth.online/portugal/pt/services/baixa-medica,480,0,,,desktop,2620,DataForSEO via OpenSEO,2026-09-15,improve,seo/portugal/03-keyword-master.csv (collected 2026-08-31); ranks seo/tracking/raw/2026-09-15/A7-market/ranked-keywords-portugal-2620-pt.json,reused country package 2026-08-31 (<30d); competitor-brand navigational terms excluded
KPO0086,portugal,pt,baixa psiquiatrica,informational,non-brand,brand-v1,mental-health,sick leave,https://www.myglobalhealth.online/portugal/pt/services/baixa-medica,480,0,,,desktop,2620,DataForSEO via OpenSEO,2026-09-15,improve,seo/portugal/03-keyword-master.csv (collected 2026-08-31); ranks seo/tracking/raw/2026-09-15/A7-market/ranked-keywords-portugal-2620-pt.json,reused country package 2026-08-31 (<30d); competitor-brand navigational terms excluded
KPO0087,portugal,pt,marcação de consulta,informational,non-brand,brand-v1,online-consult,online doctor,https://www.myglobalhealth.online/portugal/pt/services/consulta-medica,390,12,,,desktop,2620,DataForSEO via OpenSEO,2026-09-15,improve,seo/portugal/03-keyword-master.csv (collected 2026-08-31); ranks seo/tracking/raw/2026-09-15/A7-market/ranked-keywords-portugal-2620-pt.json,reused country package 2026-08-31 (<30d); competitor-brand navigational terms excluded
KPO0088,portugal,pt,atestado,informational,non-brand,brand-v1,sick-certificate,medical certificates,https://www.myglobalhealth.online/portugal/pt/services/certificados-medicos,390,0,,,desktop,2620,DataForSEO via OpenSEO,2026-09-15,improve,seo/portugal/03-keyword-master.csv (collected 2026-08-31); ranks seo/tracking/raw/2026-09-15/A7-market/ranked-keywords-portugal-2620-pt.json,reused country package 2026-08-31 (<30d); competitor-brand navigational terms excluded
KPO0089,portugal,pt,baixa de 3 dias,informational,non-brand,brand-v1,brand-and-other,sick leave,https://www.myglobalhealth.online/portugal/pt/services/baixa-medica,390,0,,,desktop,2620,DataForSEO via OpenSEO,2026-09-15,improve,seo/portugal/03-keyword-master.csv (collected 2026-08-31); ranks seo/tracking/raw/2026-09-15/A7-market/ranked-keywords-portugal-2620-pt.json,reused country package 2026-08-31 (<30d); competitor-brand navigational terms excluded
KPO0090,portugal,pt,baixa por burnout paga a 100,informational,non-brand,brand-v1,sick-certificate,sick leave,https://www.myglobalhealth.online/portugal/pt/services/baixa-medica,390,0,,,desktop,2620,DataForSEO via OpenSEO,2026-09-15,improve,seo/portugal/03-keyword-master.csv (collected 2026-08-31); ranks seo/tracking/raw/2026-09-15/A7-market/ranked-keywords-portugal-2620-pt.json,reused country package 2026-08-31 (<30d); competitor-brand navigational terms excluded
KPO0091,portugal,pt,baixa profissional,informational,non-brand,brand-v1,sick-certificate,sick leave,https://www.myglobalhealth.online/portugal/pt/services/baixa-medica,390,0,,,desktop,2620,DataForSEO via OpenSEO,2026-09-15,improve,seo/portugal/03-keyword-master.csv (collected 2026-08-31); ranks seo/tracking/raw/2026-09-15/A7-market/ranked-keywords-portugal-2620-pt.json,reused country package 2026-08-31 (<30d); competitor-brand navigational terms excluded
KPO0092,portugal,pt,quanto se recebe de baixa,informational,non-brand,brand-v1,brand-and-other,sick leave,https://www.myglobalhealth.online/portugal/pt/services/baixa-medica,390,0,,,desktop,2620,DataForSEO via OpenSEO,2026-09-15,improve,seo/portugal/03-keyword-master.csv (collected 2026-08-31); ranks seo/tracking/raw/2026-09-15/A7-market/ranked-keywords-portugal-2620-pt.json,reused country package 2026-08-31 (<30d); competitor-brand navigational terms excluded
KPO0093,portugal,pt,quanto tempo demora a receber a baixa medica,informational,non-brand,brand-v1,sick-certificate,sick leave,https://www.myglobalhealth.online/portugal/pt/services/baixa-medica,390,0,,,desktop,2620,DataForSEO via OpenSEO,2026-09-15,improve,seo/portugal/03-keyword-master.csv (collected 2026-08-31); ranks seo/tracking/raw/2026-09-15/A7-market/ranked-keywords-portugal-2620-pt.json,reused country package 2026-08-31 (<30d); competitor-brand navigational terms excluded
KPO0094,portugal,pt,quanto tempo demora a receber a baixa médica,informational,non-brand,brand-v1,sick-certificate,sick leave,https://www.myglobalhealth.online/portugal/pt/services/baixa-medica,390,0,,,desktop,2620,DataForSEO via OpenSEO,2026-09-15,improve,seo/portugal/03-keyword-master.csv (collected 2026-08-31); ranks seo/tracking/raw/2026-09-15/A7-market/ranked-keywords-portugal-2620-pt.json,reused country package 2026-08-31 (<30d); competitor-brand navigational terms excluded
KPO0095,portugal,pt,regresso ao trabalho após baixa prolongada,informational,non-brand,brand-v1,brand-and-other,sick leave,https://www.myglobalhealth.online/portugal/pt/services/baixa-medica,390,0,,,desktop,2620,DataForSEO via OpenSEO,2026-09-15,improve,seo/portugal/03-keyword-master.csv (collected 2026-08-31); ranks seo/tracking/raw/2026-09-15/A7-market/ranked-keywords-portugal-2620-pt.json,reused country package 2026-08-31 (<30d); competitor-brand navigational terms excluded
KPO0096,portugal,pt,receita online,informational,non-brand,brand-v1,prescription,prescription renewal,https://www.myglobalhealth.online/portugal/pt/services/renovacao-de-tratamento,390,0,,,desktop,2620,DataForSEO via OpenSEO,2026-09-15,improve,seo/portugal/03-keyword-master.csv (collected 2026-08-31); ranks seo/tracking/raw/2026-09-15/A7-market/ranked-keywords-portugal-2620-pt.json,reused country package 2026-08-31 (<30d); competitor-brand navigational terms excluded
KPO0097,portugal,pt,nova baixa após junta médica,informational,non-brand,brand-v1,sick-certificate,sick leave,https://www.myglobalhealth.online/portugal/pt/services/baixa-medica,390,0,,,desktop,2620,DataForSEO via OpenSEO,2026-09-15,improve,seo/portugal/03-keyword-master.csv (collected 2026-08-31); ranks seo/tracking/raw/2026-09-15/A7-market/ranked-keywords-portugal-2620-pt.json,reused country package 2026-08-31 (<30d); competitor-brand navigational terms excluded
KPO0098,portugal,pt,segurança social baixa,informational,non-brand,brand-v1,brand-and-other,sick leave,https://www.myglobalhealth.online/portugal/pt/services/baixa-medica,390,0,,,desktop,2620,DataForSEO via OpenSEO,2026-09-15,improve,seo/portugal/03-keyword-master.csv (collected 2026-08-31); ranks seo/tracking/raw/2026-09-15/A7-market/ranked-keywords-portugal-2620-pt.json,reused country package 2026-08-31 (<30d); competitor-brand navigational terms excluded
KPO0099,portugal,pt,como pedir auto baixa,informational,non-brand,brand-v1,brand-and-other,sick leave,https://www.myglobalhealth.online/portugal/pt/services/baixa-medica,320,0,,,desktop,2620,DataForSEO via OpenSEO,2026-09-15,improve,seo/portugal/03-keyword-master.csv (collected 2026-08-31); ranks seo/tracking/raw/2026-09-15/A7-market/ranked-keywords-portugal-2620-pt.json,reused country package 2026-08-31 (<30d); competitor-brand navigational terms excluded
KPO0100,portugal,pt,como pedir baixa medica,informational,non-brand,brand-v1,sick-certificate,sick leave,https://www.myglobalhealth.online/portugal/pt/services/baixa-medica,320,0,,,desktop,2620,DataForSEO via OpenSEO,2026-09-15,improve,seo/portugal/03-keyword-master.csv (collected 2026-08-31); ranks seo/tracking/raw/2026-09-15/A7-market/ranked-keywords-portugal-2620-pt.json,reused country package 2026-08-31 (<30d); competitor-brand navigational terms excluded
KPO0101,portugal,pt,como pedir baixa médica,informational,non-brand,brand-v1,sick-certificate,sick leave,https://www.myglobalhealth.online/portugal/pt/services/baixa-medica,320,0,,,desktop,2620,DataForSEO via OpenSEO,2026-09-15,improve,seo/portugal/03-keyword-master.csv (collected 2026-08-31); ranks seo/tracking/raw/2026-09-15/A7-market/ranked-keywords-portugal-2620-pt.json,reused country package 2026-08-31 (<30d); competitor-brand navigational terms excluded
KPO0102,portugal,pt,receitas medicas online,informational,non-brand,brand-v1,prescription,prescription renewal,https://www.myglobalhealth.online/portugal/pt/services/renovacao-de-tratamento,320,0,,,desktop,2620,DataForSEO via OpenSEO,2026-09-15,improve,seo/portugal/03-keyword-master.csv (collected 2026-08-31); ranks seo/tracking/raw/2026-09-15/A7-market/ranked-keywords-portugal-2620-pt.json,reused country package 2026-08-31 (<30d); competitor-brand navigational terms excluded
KPO0103,portugal,pt,baixa médica pagamento,informational,non-brand,brand-v1,sick-certificate,sick leave,https://www.myglobalhealth.online/portugal/pt/services/baixa-medica,320,0,,,desktop,2620,DataForSEO via OpenSEO,2026-09-15,improve,seo/portugal/03-keyword-master.csv (collected 2026-08-31); ranks seo/tracking/raw/2026-09-15/A7-market/ranked-keywords-portugal-2620-pt.json,reused country package 2026-08-31 (<30d); competitor-brand navigational terms excluded
KPO0104,portugal,pt,baixa médica pagamentos,informational,non-brand,brand-v1,sick-certificate,sick leave,https://www.myglobalhealth.online/portugal/pt/services/baixa-medica,320,0,,,desktop,2620,DataForSEO via OpenSEO,2026-09-15,improve,seo/portugal/03-keyword-master.csv (collected 2026-08-31); ranks seo/tracking/raw/2026-09-15/A7-market/ranked-keywords-portugal-2620-pt.json,reused country package 2026-08-31 (<30d); competitor-brand navigational terms excluded
KPO0105,portugal,pt,baixa médica quanto se recebe,informational,non-brand,brand-v1,sick-certificate,sick leave,https://www.myglobalhealth.online/portugal/pt/services/baixa-medica,320,0,40,https://www.myglobalhealth.online/portugal/pt/blog/baixa-medica-quanto-se-recebe-como-calcular,desktop,2620,DataForSEO via OpenSEO,2026-09-15,improve,seo/portugal/03-keyword-master.csv (collected 2026-08-31); ranks seo/tracking/raw/2026-09-15/A7-market/ranked-keywords-portugal-2620-pt.json,reused country package 2026-08-31 (<30d); competitor-brand navigational terms excluded
KPO0106,portugal,pt,baixa por internamento é paga a 100,informational,non-brand,brand-v1,sick-certificate,sick leave,https://www.myglobalhealth.online/portugal/pt/services/baixa-medica,320,0,,,desktop,2620,DataForSEO via OpenSEO,2026-09-15,improve,seo/portugal/03-keyword-master.csv (collected 2026-08-31); ranks seo/tracking/raw/2026-09-15/A7-market/ranked-keywords-portugal-2620-pt.json,reused country package 2026-08-31 (<30d); competitor-brand navigational terms excluded
KPO0107,portugal,pt,baixa psiquiatrica é paga a 100,informational,non-brand,brand-v1,mental-health,sick leave,https://www.myglobalhealth.online/portugal/pt/services/baixa-medica,320,0,,,desktop,2620,DataForSEO via OpenSEO,2026-09-15,improve,seo/portugal/03-keyword-master.csv (collected 2026-08-31); ranks seo/tracking/raw/2026-09-15/A7-market/ranked-keywords-portugal-2620-pt.json,reused country package 2026-08-31 (<30d); competitor-brand navigational terms excluded
KPO0108,portugal,pt,baixa psiquiátrica é paga na totalidade,informational,non-brand,brand-v1,mental-health,sick leave,https://www.myglobalhealth.online/portugal/pt/services/baixa-medica,320,0,,,desktop,2620,DataForSEO via OpenSEO,2026-09-15,improve,seo/portugal/03-keyword-master.csv (collected 2026-08-31); ranks seo/tracking/raw/2026-09-15/A7-market/ranked-keywords-portugal-2620-pt.json,reused country package 2026-08-31 (<30d); competitor-brand navigational terms excluded
KPO0109,portugal,pt,quem pode passar baixa médica,informational,non-brand,brand-v1,sick-certificate,sick leave,https://www.myglobalhealth.online/portugal/pt/services/baixa-medica,320,0,,,desktop,2620,DataForSEO via OpenSEO,2026-09-15,improve,seo/portugal/03-keyword-master.csv (collected 2026-08-31); ranks seo/tracking/raw/2026-09-15/A7-market/ranked-keywords-portugal-2620-pt.json,reused country package 2026-08-31 (<30d); competitor-brand navigational terms excluded
KPO0110,portugal,pt,lar medico,informational,non-brand,brand-v1,brand-and-other,online doctor,https://www.myglobalhealth.online/portugal/pt/services/consulta-medica,320,0,,,desktop,2620,DataForSEO via OpenSEO,2026-09-15,improve,seo/portugal/03-keyword-master.csv (collected 2026-08-31); ranks seo/tracking/raw/2026-09-15/A7-market/ranked-keywords-portugal-2620-pt.json,reused country package 2026-08-31 (<30d); competitor-brand navigational terms excluded
KPO0111,portugal,pt,baixa médica segurança social,informational,non-brand,brand-v1,sick-certificate,sick leave,https://www.myglobalhealth.online/portugal/pt/services/baixa-medica,320,0,,,desktop,2620,DataForSEO via OpenSEO,2026-09-15,improve,seo/portugal/03-keyword-master.csv (collected 2026-08-31); ranks seo/tracking/raw/2026-09-15/A7-market/ranked-keywords-portugal-2620-pt.json,reused country package 2026-08-31 (<30d); competitor-brand navigational terms excluded
KPO0112,portugal,pt,como pedir baixa online,informational,non-brand,brand-v1,sick-certificate,sick leave,https://www.myglobalhealth.online/portugal/pt/services/baixa-medica,260,0,,,desktop,2620,DataForSEO via OpenSEO,2026-09-15,improve,seo/portugal/03-keyword-master.csv (collected 2026-08-31); ranks seo/tracking/raw/2026-09-15/A7-market/ranked-keywords-portugal-2620-pt.json,reused country package 2026-08-31 (<30d); competitor-brand navigational terms excluded
KPO0113,portugal,pt,baixa médica quanto recebo,informational,non-brand,brand-v1,sick-certificate,sick leave,https://www.myglobalhealth.online/portugal/pt/services/baixa-medica,260,0,,,desktop,2620,DataForSEO via OpenSEO,2026-09-15,improve,seo/portugal/03-keyword-master.csv (collected 2026-08-31); ranks seo/tracking/raw/2026-09-15/A7-market/ranked-keywords-portugal-2620-pt.json,reused country package 2026-08-31 (<30d); competitor-brand navigational terms excluded
KPO0114,portugal,pt,baixa por cirurgia de ambulatório quanto se recebe,informational,non-brand,brand-v1,sick-certificate,sick leave,https://www.myglobalhealth.online/portugal/pt/services/baixa-medica,260,0,,,desktop,2620,DataForSEO via OpenSEO,2026-09-15,improve,seo/portugal/03-keyword-master.csv (collected 2026-08-31); ranks seo/tracking/raw/2026-09-15/A7-market/ranked-keywords-portugal-2620-pt.json,reused country package 2026-08-31 (<30d); competitor-brand navigational terms excluded
KPO0115,portugal,pt,pagamento baixa medica,informational,non-brand,brand-v1,sick-certificate,sick leave,https://www.myglobalhealth.online/portugal/pt/services/baixa-medica,260,0,,,desktop,2620,DataForSEO via OpenSEO,2026-09-15,improve,seo/portugal/03-keyword-master.csv (collected 2026-08-31); ranks seo/tracking/raw/2026-09-15/A7-market/ranked-keywords-portugal-2620-pt.json,reused country package 2026-08-31 (<30d); competitor-brand navigational terms excluded
KPO0116,portugal,pt,pagamento baixa médica,informational,non-brand,brand-v1,sick-certificate,sick leave,https://www.myglobalhealth.online/portugal/pt/services/baixa-medica,260,0,,,desktop,2620,DataForSEO via OpenSEO,2026-09-15,improve,seo/portugal/03-keyword-master.csv (collected 2026-08-31); ranks seo/tracking/raw/2026-09-15/A7-market/ranked-keywords-portugal-2620-pt.json,reused country package 2026-08-31 (<30d); competitor-brand navigational terms excluded
KPO0117,portugal,pt,prazo para renovar baixa médica,informational,non-brand,brand-v1,sick-certificate,sick leave,https://www.myglobalhealth.online/portugal/pt/services/baixa-medica,260,0,,,desktop,2620,DataForSEO via OpenSEO,2026-09-15,improve,seo/portugal/03-keyword-master.csv (collected 2026-08-31); ranks seo/tracking/raw/2026-09-15/A7-market/ranked-keywords-portugal-2620-pt.json,reused country package 2026-08-31 (<30d); competitor-brand navigational terms excluded
KPO0118,portugal,pt,exame de próstata,informational,non-brand,brand-v1,lab-tests,mens health,https://www.myglobalhealth.online/portugal/pt/services/saude-do-homem,260,0,,,desktop,2620,DataForSEO via OpenSEO,2026-09-15,improve,seo/portugal/03-keyword-master.csv (collected 2026-08-31); ranks seo/tracking/raw/2026-09-15/A7-market/ranked-keywords-portugal-2620-pt.json,reused country package 2026-08-31 (<30d); competitor-brand navigational terms excluded
KPO0119,portugal,pt,médica clinica geral,informational,non-brand,brand-v1,brand-and-other,family medicine,https://www.myglobalhealth.online/portugal/pt/services/medicina-geral-e-familiar,260,0,,,desktop,2620,DataForSEO via OpenSEO,2026-09-15,improve,seo/portugal/03-keyword-master.csv (collected 2026-08-31); ranks seo/tracking/raw/2026-09-15/A7-market/ranked-keywords-portugal-2620-pt.json,reused country package 2026-08-31 (<30d); competitor-brand navigational terms excluded
KPO0120,portugal,pt,travelling doctor,informational,non-brand,brand-v1,travel-health,online doctor,https://www.myglobalhealth.online/portugal/pt/services/consulta-medica,260,12,,,desktop,2620,DataForSEO via OpenSEO,2026-09-15,improve,seo/portugal/03-keyword-master.csv (collected 2026-08-31); ranks seo/tracking/raw/2026-09-15/A7-market/ranked-keywords-portugal-2620-pt.json,reused country package 2026-08-31 (<30d); competitor-brand navigational terms excluded
KPO0121,portugal,pt,onde obter atestado médico para carta de condução,informational,non-brand,brand-v1,sick-certificate,driving medical certificate,https://www.myglobalhealth.online/portugal/pt/services/certificado-medico-carta-de-conducao,260,0,,,desktop,2620,DataForSEO via OpenSEO,2026-09-15,improve,seo/portugal/03-keyword-master.csv (collected 2026-08-31); ranks seo/tracking/raw/2026-09-15/A7-market/ranked-keywords-portugal-2620-pt.json,reused country package 2026-08-31 (<30d); competitor-brand navigational terms excluded
KPO0122,portugal,pt,pagamentos baixa segurança social,informational,non-brand,brand-v1,brand-and-other,sick leave,https://www.myglobalhealth.online/portugal/pt/services/baixa-medica,260,12,,,desktop,2620,DataForSEO via OpenSEO,2026-09-15,improve,seo/portugal/03-keyword-master.csv (collected 2026-08-31); ranks seo/tracking/raw/2026-09-15/A7-market/ranked-keywords-portugal-2620-pt.json,reused country package 2026-08-31 (<30d); competitor-brand navigational terms excluded
KPO0123,portugal,pt,baixa médica online,informational,non-brand,brand-v1,sick-certificate,sick leave,https://www.myglobalhealth.online/portugal/pt/services/baixa-medica,210,0,,,desktop,2620,DataForSEO via OpenSEO,2026-09-15,improve,seo/portugal/03-keyword-master.csv (collected 2026-08-31); ranks seo/tracking/raw/2026-09-15/A7-market/ranked-keywords-portugal-2620-pt.json,reused country package 2026-08-31 (<30d); competitor-brand navigational terms excluded
KPO0124,portugal,pt,e consulta,informational,non-brand,brand-v1,online-consult,online doctor,https://www.myglobalhealth.online/portugal/pt/services/consulta-medica,210,14,,,desktop,2620,DataForSEO via OpenSEO,2026-09-15,improve,seo/portugal/03-keyword-master.csv (collected 2026-08-31); ranks seo/tracking/raw/2026-09-15/A7-market/ranked-keywords-portugal-2620-pt.json,reused country package 2026-08-31 (<30d); competitor-brand navigational terms excluded
KPO0125,portugal,pt,pediatra consulta,informational,non-brand,brand-v1,paediatrics,pediatrics,https://www.myglobalhealth.online/portugal/pt/services/pediatria-geral,210,0,,,desktop,2620,DataForSEO via OpenSEO,2026-09-15,improve,seo/portugal/03-keyword-master.csv (collected 2026-08-31); ranks seo/tracking/raw/2026-09-15/A7-market/ranked-keywords-portugal-2620-pt.json,reused country package 2026-08-31 (<30d); competitor-brand navigational terms excluded
KPO0126,portugal,pt,atestado adse,informational,non-brand,brand-v1,sick-certificate,medical certificates,https://www.myglobalhealth.online/portugal/pt/services/certificados-medicos,210,0,,,desktop,2620,DataForSEO via OpenSEO,2026-09-15,improve,seo/portugal/03-keyword-master.csv (collected 2026-08-31); ranks seo/tracking/raw/2026-09-15/A7-market/ranked-keywords-portugal-2620-pt.json,reused country package 2026-08-31 (<30d); competitor-brand navigational terms excluded
KPO0127,portugal,pt,atestado médico: adse regras,informational,non-brand,brand-v1,sick-certificate,medical certificates,https://www.myglobalhealth.online/portugal/pt/services/certificados-medicos,210,0,,,desktop,2620,DataForSEO via OpenSEO,2026-09-15,improve,seo/portugal/03-keyword-master.csv (collected 2026-08-31); ranks seo/tracking/raw/2026-09-15/A7-market/ranked-keywords-portugal-2620-pt.json,reused country package 2026-08-31 (<30d); competitor-brand navigational terms excluded
KPO0128,portugal,pt,atestado médico portugal,informational,non-brand,brand-v1,sick-certificate,medical certificates,https://www.myglobalhealth.online/portugal/pt/services/certificados-medicos,210,0,,,desktop,2620,DataForSEO via OpenSEO,2026-09-15,improve,seo/portugal/03-keyword-master.csv (collected 2026-08-31); ranks seo/tracking/raw/2026-09-15/A7-market/ranked-keywords-portugal-2620-pt.json,reused country package 2026-08-31 (<30d); competitor-brand navigational terms excluded
KPO0129,portugal,pt,baixa médica cga pagamento,informational,non-brand,brand-v1,sick-certificate,sick leave,https://www.myglobalhealth.online/portugal/pt/services/baixa-medica,210,0,,,desktop,2620,DataForSEO via OpenSEO,2026-09-15,improve,seo/portugal/03-keyword-master.csv (collected 2026-08-31); ranks seo/tracking/raw/2026-09-15/A7-market/ranked-keywords-portugal-2620-pt.json,reused country package 2026-08-31 (<30d); competitor-brand navigational terms excluded
KPO0130,portugal,pt,baixa por burnout,informational,non-brand,brand-v1,sick-certificate,sick leave,https://www.myglobalhealth.online/portugal/pt/services/baixa-medica,210,0,,,desktop,2620,DataForSEO via OpenSEO,2026-09-15,improve,seo/portugal/03-keyword-master.csv (collected 2026-08-31); ranks seo/tracking/raw/2026-09-15/A7-market/ranked-keywords-portugal-2620-pt.json,reused country package 2026-08-31 (<30d); competitor-brand navigational terms excluded
KPO0131,portugal,pt,prescrição medica,informational,non-brand,brand-v1,prescription,prescription renewal,https://www.myglobalhealth.online/portugal/pt/services/renovacao-de-tratamento,210,0,,,desktop,2620,DataForSEO via OpenSEO,2026-09-15,improve,seo/portugal/03-keyword-master.csv (collected 2026-08-31); ranks seo/tracking/raw/2026-09-15/A7-market/ranked-keywords-portugal-2620-pt.json,reused country package 2026-08-31 (<30d); competitor-brand navigational terms excluded
KPO0132,portugal,pt,cedula profissional medico,informational,non-brand,brand-v1,brand-and-other,online doctor,https://www.myglobalhealth.online/portugal/pt/services/consulta-medica,210,0,,,desktop,2620,DataForSEO via OpenSEO,2026-09-15,improve,seo/portugal/03-keyword-master.csv (collected 2026-08-31); ranks seo/tracking/raw/2026-09-15/A7-market/ranked-keywords-portugal-2620-pt.json,reused country package 2026-08-31 (<30d); competitor-brand navigational terms excluded
KPO0133,portugal,pt,cedula profissional medicos,informational,non-brand,brand-v1,brand-and-other,online doctor,https://www.myglobalhealth.online/portugal/pt/services/consulta-medica,210,0,,,desktop,2620,DataForSEO via OpenSEO,2026-09-15,improve,seo/portugal/03-keyword-master.csv (collected 2026-08-31); ranks seo/tracking/raw/2026-09-15/A7-market/ranked-keywords-portugal-2620-pt.json,reused country package 2026-08-31 (<30d); competitor-brand navigational terms excluded
KPO0134,portugal,pt,consultor medico,informational,non-brand,brand-v1,brand-and-other,online doctor,https://www.myglobalhealth.online/portugal/pt/services/consulta-medica,210,0,,,desktop,2620,DataForSEO via OpenSEO,2026-09-15,improve,seo/portugal/03-keyword-master.csv (collected 2026-08-31); ranks seo/tracking/raw/2026-09-15/A7-market/ranked-keywords-portugal-2620-pt.json,reused country package 2026-08-31 (<30d); competitor-brand navigational terms excluded
KPO0135,portugal,pt,consultor médico,informational,non-brand,brand-v1,brand-and-other,online doctor,https://www.myglobalhealth.online/portugal/pt/services/consulta-medica,210,0,,,desktop,2620,DataForSEO via OpenSEO,2026-09-15,improve,seo/portugal/03-keyword-master.csv (collected 2026-08-31); ranks seo/tracking/raw/2026-09-15/A7-market/ranked-keywords-portugal-2620-pt.json,reused country package 2026-08-31 (<30d); competitor-brand navigational terms excluded
KPO0136,portugal,pt,ficha de aptidão medica,informational,non-brand,brand-v1,brand-and-other,online doctor,https://www.myglobalhealth.online/portugal/pt/services/consulta-medica,210,0,,,desktop,2620,DataForSEO via OpenSEO,2026-09-15,improve,seo/portugal/03-keyword-master.csv (collected 2026-08-31); ranks seo/tracking/raw/2026-09-15/A7-market/ranked-keywords-portugal-2620-pt.json,reused country package 2026-08-31 (<30d); competitor-brand navigational terms excluded
KPO0137,portugal,pt,pedir baixa médica,informational,non-brand,brand-v1,sick-certificate,sick leave,https://www.myglobalhealth.online/portugal/pt/services/baixa-medica,170,0,,,desktop,2620,DataForSEO via OpenSEO,2026-09-15,improve,seo/portugal/03-keyword-master.csv (collected 2026-08-31); ranks seo/tracking/raw/2026-09-15/A7-market/ranked-keywords-portugal-2620-pt.json,reused country package 2026-08-31 (<30d); competitor-brand navigational terms excluded
KPO0138,portugal,pt,como pedir baixa psicologica,informational,non-brand,brand-v1,sick-certificate,sick leave,https://www.myglobalhealth.online/portugal/pt/services/baixa-medica,170,0,,,desktop,2620,DataForSEO via OpenSEO,2026-09-15,improve,seo/portugal/03-keyword-master.csv (collected 2026-08-31); ranks seo/tracking/raw/2026-09-15/A7-market/ranked-keywords-portugal-2620-pt.json,reused country package 2026-08-31 (<30d); competitor-brand navigational terms excluded
KPO0139,portugal,pt,baixa médica 3 dias e paga,informational,non-brand,brand-v1,sick-certificate,sick leave,https://www.myglobalhealth.online/portugal/pt/services/baixa-medica,170,0,,,desktop,2620,DataForSEO via OpenSEO,2026-09-15,improve,seo/portugal/03-keyword-master.csv (collected 2026-08-31); ranks seo/tracking/raw/2026-09-15/A7-market/ranked-keywords-portugal-2620-pt.json,reused country package 2026-08-31 (<30d); competitor-brand navigational terms excluded
KPO0140,portugal,pt,baixa médica adse pagamento,informational,non-brand,brand-v1,sick-certificate,sick leave,https://www.myglobalhealth.online/portugal/pt/services/baixa-medica,170,0,,,desktop,2620,DataForSEO via OpenSEO,2026-09-15,improve,seo/portugal/03-keyword-master.csv (collected 2026-08-31); ranks seo/tracking/raw/2026-09-15/A7-market/ranked-keywords-portugal-2620-pt.json,reused country package 2026-08-31 (<30d); competitor-brand navigational terms excluded
KPO0141,portugal,pt,baixa médica por doença oncológica remunerada a 100,informational,non-brand,brand-v1,sick-certificate,sick leave,https://www.myglobalhealth.online/portugal/pt/services/baixa-medica,170,0,,,desktop,2620,DataForSEO via OpenSEO,2026-09-15,improve,seo/portugal/03-keyword-master.csv (collected 2026-08-31); ranks seo/tracking/raw/2026-09-15/A7-market/ranked-keywords-portugal-2620-pt.json,reused country package 2026-08-31 (<30d); competitor-brand navigational terms excluded
KPO0142,portugal,pt,baixa por assistência a cônjuge é paga,informational,non-brand,brand-v1,sick-certificate,sick leave,https://www.myglobalhealth.online/portugal/pt/services/baixa-medica,170,0,,,desktop,2620,DataForSEO via OpenSEO,2026-09-15,improve,seo/portugal/03-keyword-master.csv (collected 2026-08-31); ranks seo/tracking/raw/2026-09-15/A7-market/ranked-keywords-portugal-2620-pt.json,reused country package 2026-08-31 (<30d); competitor-brand navigational terms excluded
KPO0143,portugal,pt,baixa por internamento,informational,non-brand,brand-v1,sick-certificate,sick leave,https://www.myglobalhealth.online/portugal/pt/services/baixa-medica,170,0,,,desktop,2620,DataForSEO via OpenSEO,2026-09-15,improve,seo/portugal/03-keyword-master.csv (collected 2026-08-31); ranks seo/tracking/raw/2026-09-15/A7-market/ranked-keywords-portugal-2620-pt.json,reused country package 2026-08-31 (<30d); competitor-brand navigational terms excluded
KPO0144,portugal,pt,calculadora baixa medica,informational,non-brand,brand-v1,sick-certificate,sick leave,https://www.myglobalhealth.online/portugal/pt/services/baixa-medica,170,0,,,desktop,2620,DataForSEO via OpenSEO,2026-09-15,improve,seo/portugal/03-keyword-master.csv (collected 2026-08-31); ranks seo/tracking/raw/2026-09-15/A7-market/ranked-keywords-portugal-2620-pt.json,reused country package 2026-08-31 (<30d); competitor-brand navigational terms excluded
KPO0145,portugal,pt,calculadora baixa médica,informational,non-brand,brand-v1,sick-certificate,sick leave,https://www.myglobalhealth.online/portugal/pt/services/baixa-medica,170,0,,,desktop,2620,DataForSEO via OpenSEO,2026-09-15,improve,seo/portugal/03-keyword-master.csv (collected 2026-08-31); ranks seo/tracking/raw/2026-09-15/A7-market/ranked-keywords-portugal-2620-pt.json,reused country package 2026-08-31 (<30d); competitor-brand navigational terms excluded
KPO0146,portugal,pt,calcular baixa médica,informational,non-brand,brand-v1,sick-certificate,sick leave,https://www.myglobalhealth.online/portugal/pt/services/baixa-medica,170,0,,,desktop,2620,DataForSEO via OpenSEO,2026-09-15,improve,seo/portugal/03-keyword-master.csv (collected 2026-08-31); ranks seo/tracking/raw/2026-09-15/A7-market/ranked-keywords-portugal-2620-pt.json,reused country package 2026-08-31 (<30d); competitor-brand navigational terms excluded
KPO0147,portugal,pt,calculo baixa medica,informational,non-brand,brand-v1,sick-certificate,sick leave,https://www.myglobalhealth.online/portugal/pt/services/baixa-medica,170,0,,,desktop,2620,DataForSEO via OpenSEO,2026-09-15,improve,seo/portugal/03-keyword-master.csv (collected 2026-08-31); ranks seo/tracking/raw/2026-09-15/A7-market/ranked-keywords-portugal-2620-pt.json,reused country package 2026-08-31 (<30d); competitor-brand navigational terms excluded
KPO0148,portugal,pt,perda de férias por baixa médica,informational,non-brand,brand-v1,sick-certificate,sick leave,https://www.myglobalhealth.online/portugal/pt/services/baixa-medica,170,0,,,desktop,2620,DataForSEO via OpenSEO,2026-09-15,improve,seo/portugal/03-keyword-master.csv (collected 2026-08-31); ranks seo/tracking/raw/2026-09-15/A7-market/ranked-keywords-portugal-2620-pt.json,reused country package 2026-08-31 (<30d); competitor-brand navigational terms excluded
KPO0149,portugal,pt,quantos dias tenho para entregar a baixa,informational,non-brand,brand-v1,brand-and-other,sick leave,https://www.myglobalhealth.online/portugal/pt/services/baixa-medica,170,0,,,desktop,2620,DataForSEO via OpenSEO,2026-09-15,improve,seo/portugal/03-keyword-master.csv (collected 2026-08-31); ranks seo/tracking/raw/2026-09-15/A7-market/ranked-keywords-portugal-2620-pt.json,reused country package 2026-08-31 (<30d); competitor-brand navigational terms excluded
KPO0150,portugal,pt,retomar baixa medica,informational,non-brand,brand-v1,sick-certificate,sick leave,https://www.myglobalhealth.online/portugal/pt/services/baixa-medica,170,0,,,desktop,2620,DataForSEO via OpenSEO,2026-09-15,improve,seo/portugal/03-keyword-master.csv (collected 2026-08-31); ranks seo/tracking/raw/2026-09-15/A7-market/ranked-keywords-portugal-2620-pt.json,reused country package 2026-08-31 (<30d); competitor-brand navigational terms excluded
KSP0001,spain,es,calculadora imc,informational,non-brand,brand-v1,tools-bmi,,https://www.myglobalhealth.online/spain/es/tools/bmi-calculator,49500,13,,,desktop,2724,DataForSEO via OpenSEO,2026-09-15,improve,seo/tracking/raw/2026-09-15/A7-market/keyword-metrics-spain-2724-es.json,measured 2026-09-15 (country package thin: candidates from 03/05 CSVs)
KSP0002,spain,es,calcular imc,informational,non-brand,brand-v1,tools-bmi,,https://www.myglobalhealth.online/spain/es/tools/bmi-calculator,49500,13,,,desktop,2724,DataForSEO via OpenSEO,2026-09-15,improve,seo/tracking/raw/2026-09-15/A7-market/keyword-metrics-spain-2724-es.json,measured 2026-09-15 (country package thin: candidates from 03/05 CSVs)
KSP0003,spain,es,calculo imc,informational,non-brand,brand-v1,tools-bmi,,https://www.myglobalhealth.online/spain/es/tools/bmi-calculator,49500,13,,,desktop,2724,DataForSEO via OpenSEO,2026-09-15,improve,seo/tracking/raw/2026-09-15/A7-market/keyword-metrics-spain-2724-es.json,measured 2026-09-15 (country package thin: candidates from 03/05 CSVs)
KSP0004,spain,es,bmi calculadora,informational,non-brand,brand-v1,tools-bmi,,https://www.myglobalhealth.online/spain/es/tools/bmi-calculator,22200,9,,,desktop,2724,DataForSEO via OpenSEO,2026-09-15,improve,seo/tracking/raw/2026-09-15/A7-market/keyword-metrics-spain-2724-es.json,measured 2026-09-15 (country package thin: candidates from 03/05 CSVs)
KSP0005,spain,es,tension normale,informational,non-brand,brand-v1,tools-blood-pressure,,https://www.myglobalhealth.online/spain/es/tools/blood-pressure-chart,6600,9,,,desktop,2724,DataForSEO via OpenSEO,2026-09-15,improve,seo/tracking/raw/2026-09-15/A7-market/keyword-metrics-spain-2724-es.json,measured 2026-09-15 (country package thin: candidates from 03/05 CSVs)
KSP0006,spain,es,calculadora de imc,informational,non-brand,brand-v1,tools-bmi,,https://www.myglobalhealth.online/spain/es/tools/bmi-calculator,4400,29,,,desktop,2724,DataForSEO via OpenSEO,2026-09-15,improve,seo/tracking/raw/2026-09-15/A7-market/keyword-metrics-spain-2724-es.json,measured 2026-09-15 (country package thin: candidates from 03/05 CSVs)
KSP0007,spain,es,como bajar la tension arterial,informational,non-brand,brand-v1,tools-blood-pressure,,https://www.myglobalhealth.online/spain/es/blog/como-bajar-la-tension-que-funciona-segun-la-evidencia,4400,0,,,desktop,2724,DataForSEO via OpenSEO,2026-09-15,improve,seo/tracking/raw/2026-09-15/A7-market/keyword-metrics-spain-2724-es.json,measured 2026-09-15 (country package thin: candidates from 03/05 CSVs)
KSP0008,spain,es,calculadora ovulacion,informational,non-brand,brand-v1,tools-pregnancy,,https://www.myglobalhealth.online/spain/es/tools/ovulation-calculator,2900,0,,,desktop,2724,DataForSEO via OpenSEO,2026-09-15,improve,seo/tracking/raw/2026-09-15/A7-market/keyword-metrics-spain-2724-es.json,measured 2026-09-15 (country package thin: candidates from 03/05 CSVs)
KSP0009,spain,es,baja por ansiedad,informational,non-brand,brand-v1,sick-certificate,,https://www.myglobalhealth.online/spain/es/blog/baja-laboral-por-ansiedad-como-funciona,2400,0,,,desktop,2724,DataForSEO via OpenSEO,2026-09-15,improve,seo/tracking/raw/2026-09-15/A7-market/keyword-metrics-spain-2724-es.json,measured 2026-09-15 (country package thin: candidates from 03/05 CSVs)
KSP0010,spain,es,dias fertiles,informational,non-brand,brand-v1,tools-pregnancy,,https://www.myglobalhealth.online/spain/es/tools/ovulation-calculator,1300,0,,,desktop,2724,DataForSEO via OpenSEO,2026-09-15,improve,seo/tracking/raw/2026-09-15/A7-market/keyword-metrics-spain-2724-es.json,measured 2026-09-15 (country package thin: candidates from 03/05 CSVs)
KSP0011,spain,es,calculadora de ovulacion,informational,non-brand,brand-v1,tools-pregnancy,,https://www.myglobalhealth.online/spain/es/tools/ovulation-calculator,1000,0,,,desktop,2724,DataForSEO via OpenSEO,2026-09-15,improve,seo/tracking/raw/2026-09-15/A7-market/keyword-metrics-spain-2724-es.json,measured 2026-09-15 (country package thin: candidates from 03/05 CSVs)
KSP0012,spain,es,medicos online,informational,non-brand,brand-v1,online-gp,,https://www.myglobalhealth.online/spain/es,480,19,,,desktop,2724,DataForSEO via OpenSEO,2026-09-15,improve,seo/tracking/raw/2026-09-15/A7-market/keyword-metrics-spain-2724-es.json,measured 2026-09-15 (country package thin: candidates from 03/05 CSVs)
KSP0013,spain,es,médico online,informational,non-brand,brand-v1,online-gp,,https://www.myglobalhealth.online/spain/es/services/consulta-medica-online,480,10,32,https://www.myglobalhealth.online/spain/es,desktop,2724,DataForSEO via OpenSEO,2026-09-15,improve,seo/tracking/raw/2026-09-15/A7-market/keyword-metrics-spain-2724-es.json,measured 2026-09-15 (country package thin: candidates from 03/05 CSVs)
KSP0014,spain,es,global health,informational,brand,brand-v1,brand-and-other,,https://www.myglobalhealth.online/spain/es,390,0,23,https://www.myglobalhealth.online/spain/es,desktop,2724,DataForSEO via OpenSEO,2026-09-15,improve,seo/tracking/raw/2026-09-15/A7-market/keyword-metrics-spain-2724-es.json,measured 2026-09-15 (country package thin: candidates from 03/05 CSVs)
KSP0015,spain,es,como bajar rapido la tension,informational,non-brand,brand-v1,tools-blood-pressure,,https://www.myglobalhealth.online/spain/es/blog/como-bajar-la-tension-que-funciona-segun-la-evidencia,320,0,,,desktop,2724,DataForSEO via OpenSEO,2026-09-15,improve,seo/tracking/raw/2026-09-15/A7-market/keyword-metrics-spain-2724-es.json,measured 2026-09-15 (country package thin: candidates from 03/05 CSVs)
KSP0016,spain,es,consulta médica online,informational,non-brand,brand-v1,online-consult,,https://www.myglobalhealth.online/spain/es/services/consulta-medica-online,260,36,,,desktop,2724,DataForSEO via OpenSEO,2026-09-15,improve,seo/tracking/raw/2026-09-15/A7-market/keyword-metrics-spain-2724-es.json,measured 2026-09-15 (country package thin: candidates from 03/05 CSVs)
KSP0017,spain,es,global medic,informational,brand-collision,brand-v1,brand-and-other,,https://www.myglobalhealth.online/spain/es/contact,260,0,,,desktop,2724,DataForSEO via OpenSEO,2026-09-15,improve,seo/tracking/raw/2026-09-15/A7-market/keyword-metrics-spain-2724-es.json,measured 2026-09-15 (country package thin: candidates from 03/05 CSVs)
KSP0018,spain,es,osteoporosis prueba,informational,non-brand,brand-v1,brand-and-other,,https://www.myglobalhealth.online/spain/es/tools/osteoporosis-risk-checker,210,0,,,desktop,2724,DataForSEO via OpenSEO,2026-09-15,improve,seo/tracking/raw/2026-09-15/A7-market/keyword-metrics-spain-2724-es.json,measured 2026-09-15 (country package thin: candidates from 03/05 CSVs)
KSP0019,spain,es,dermatología online,informational,non-brand,brand-v1,dermatology,,https://www.myglobalhealth.online/spain/en/services/dermatologia-especialista-online,170,0,,,desktop,2724,DataForSEO via OpenSEO,2026-09-15,improve,seo/tracking/raw/2026-09-15/A7-market/keyword-metrics-spain-2724-es.json,measured 2026-09-15 (country package thin: candidates from 03/05 CSVs)
KSP0020,spain,es,justificante médico online,informational,non-brand,brand-v1,sick-certificate,,https://www.myglobalhealth.online/spain/es/services/justificante-medico-online,140,0,,,desktop,2724,DataForSEO via OpenSEO,2026-09-15,improve,seo/tracking/raw/2026-09-15/A7-market/keyword-metrics-spain-2724-es.json,measured 2026-09-15 (country package thin: candidates from 03/05 CSVs)
KSP0021,spain,es,mi médico no me da la baja por ansiedad,informational,non-brand,brand-v1,sick-certificate,,https://www.myglobalhealth.online/spain/es/blog/baja-laboral-por-ansiedad-como-funciona,140,0,,,desktop,2724,DataForSEO via OpenSEO,2026-09-15,improve,seo/tracking/raw/2026-09-15/A7-market/keyword-metrics-spain-2724-es.json,measured 2026-09-15 (country package thin: candidates from 03/05 CSVs)
KSP0022,spain,es,medicina online,informational,non-brand,brand-v1,online-consult,,https://www.myglobalhealth.online/spain/es,110,0,,,desktop,2724,DataForSEO via OpenSEO,2026-09-15,improve,seo/tracking/raw/2026-09-15/A7-market/keyword-metrics-spain-2724-es.json,measured 2026-09-15 (country package thin: candidates from 03/05 CSVs)
KSP0023,spain,es,linfologia,informational,non-brand,brand-v1,brand-and-other,,https://www.myglobalhealth.online/spain/ro/services/consulta-flebologia-y-linfologia,50,45,,,desktop,2724,DataForSEO via OpenSEO,2026-09-15,improve,seo/tracking/raw/2026-09-15/A7-market/keyword-metrics-spain-2724-es.json,measured 2026-09-15 (country package thin: candidates from 03/05 CSVs)
KSP0024,spain,es,clinica online,navigational,non-brand,brand-v1,online-consult,,https://www.myglobalhealth.online/spain/ro,30,,,,desktop,2724,DataForSEO via OpenSEO,2026-09-15,improve,seo/tracking/raw/2026-09-15/A7-market/keyword-metrics-spain-2724-es.json,measured 2026-09-15 (country package thin: candidates from 03/05 CSVs)
KSP0025,spain,es,calculator calorii,informational,non-brand,brand-v1,tools-calories,,https://www.myglobalhealth.online/spain/ro/tools/calorie-calculator,20,,,,desktop,2724,DataForSEO via OpenSEO,2026-09-15,improve,seo/tracking/raw/2026-09-15/A7-market/keyword-metrics-spain-2724-es.json,measured 2026-09-15 (country package thin: candidates from 03/05 CSVs)
KSP0026,spain,es,consulta online dermatologia,informational,non-brand,brand-v1,dermatology,,https://www.myglobalhealth.online/spain/pt/blog/dermatologista-online-espanha,10,42,,,desktop,2724,DataForSEO via OpenSEO,2026-09-15,improve,seo/tracking/raw/2026-09-15/A7-market/keyword-metrics-spain-2724-es.json,measured 2026-09-15 (country package thin: candidates from 03/05 CSVs)
KSP0027,spain,es,healthy online,informational,non-brand,brand-v1,brand-and-other,,https://www.myglobalhealth.online/spain/es,10,,,,desktop,2724,DataForSEO via OpenSEO,2026-09-15,improve,seo/tracking/raw/2026-09-15/A7-market/keyword-metrics-spain-2724-es.json,measured 2026-09-15 (country package thin: candidates from 03/05 CSVs)
KSP0028,spain,es,medical advisor online,informational,non-brand,brand-v1,brand-and-other,,https://www.myglobalhealth.online/spain/en,10,,,,desktop,2724,DataForSEO via OpenSEO,2026-09-15,improve,seo/tracking/raw/2026-09-15/A7-market/keyword-metrics-spain-2724-es.json,measured 2026-09-15 (country package thin: candidates from 03/05 CSVs)
KSP0029,spain,es,medicina estética online,informational,non-brand,brand-v1,brand-and-other,,https://www.myglobalhealth.online/spain/es/services/consulta-online-medicina-estetica,10,,,,desktop,2724,DataForSEO via OpenSEO,2026-09-15,improve,seo/tracking/raw/2026-09-15/A7-market/keyword-metrics-spain-2724-es.json,measured 2026-09-15 (country package thin: candidates from 03/05 CSVs)
KSP0030,spain,es,osteoporosis risk calculator,informational,non-brand,brand-v1,brand-and-other,,https://www.myglobalhealth.online/spain/en/tools/osteoporosis-risk-checker,10,,,,desktop,2724,DataForSEO via OpenSEO,2026-09-15,improve,seo/tracking/raw/2026-09-15/A7-market/keyword-metrics-spain-2724-es.json,measured 2026-09-15 (country package thin: candidates from 03/05 CSVs)
KSP0031,spain,es,book online doctor,transactional,non-brand,brand-v1,online-gp,,https://www.myglobalhealth.online/spain/en,,,,,desktop,2724,DataForSEO via OpenSEO,2026-09-15,ignore,seo/tracking/raw/2026-09-15/A7-market/keyword-metrics-spain-2724-es.json,measured 2026-09-15 (country package thin: candidates from 03/05 CSVs)
KSP0032,spain,es,cardiólogo online,informational,non-brand,brand-v1,cardiology,,https://www.myglobalhealth.online/spain/es/services/cardiologo-online,,,,,desktop,2724,DataForSEO via OpenSEO,2026-09-15,ignore,seo/tracking/raw/2026-09-15/A7-market/keyword-metrics-spain-2724-es.json,measured 2026-09-15 (country package thin: candidates from 03/05 CSVs)
KSP0033,spain,es,cita psiquiatra online,transactional,non-brand,brand-v1,mental-health,,https://www.myglobalhealth.online/spain/en/services/psiquiatra-online,,,,,desktop,2724,DataForSEO via OpenSEO,2026-09-15,ignore,seo/tracking/raw/2026-09-15/A7-market/keyword-metrics-spain-2724-es.json,measured 2026-09-15 (country package thin: candidates from 03/05 CSVs)
KSP0034,spain,es,consulta dermatologo online,informational,non-brand,brand-v1,dermatology,,https://www.myglobalhealth.online/spain/es/blog/dermatologo-online-que-puede-resolver,,42,,,desktop,2724,DataForSEO via OpenSEO,2026-09-15,ignore,seo/tracking/raw/2026-09-15/A7-market/keyword-metrics-spain-2724-es.json,measured 2026-09-15 (country package thin: candidates from 03/05 CSVs)
KSP0035,spain,es,consulta medica online,informational,non-brand,brand-v1,online-consult,,https://www.myglobalhealth.online/spain/es,,36,,,desktop,2724,DataForSEO via OpenSEO,2026-09-15,ignore,seo/tracking/raw/2026-09-15/A7-market/keyword-metrics-spain-2724-es.json,measured 2026-09-15 (country package thin: candidates from 03/05 CSVs)
KSP0036,spain,es,consulta online psiquiatria,informational,non-brand,brand-v1,mental-health,,https://www.myglobalhealth.online/spain/pt/services/psiquiatra-online,,,,,desktop,2724,DataForSEO via OpenSEO,2026-09-15,ignore,seo/tracking/raw/2026-09-15/A7-market/keyword-metrics-spain-2724-es.json,measured 2026-09-15 (country package thin: candidates from 03/05 CSVs)
KSP0037,spain,es,dermatologia online,informational,non-brand,brand-v1,dermatology,,https://www.myglobalhealth.online/spain/pt/blog/dermatologista-online-espanha,,0,,,desktop,2724,DataForSEO via OpenSEO,2026-09-15,ignore,seo/tracking/raw/2026-09-15/A7-market/keyword-metrics-spain-2724-es.json,measured 2026-09-15 (country package thin: candidates from 03/05 CSVs)
KSP0038,spain,es,dermatologista,informational,non-brand,brand-v1,dermatology,,https://www.myglobalhealth.online/spain/cs/blog/dermatolog-online-spanelsko,,0,,,desktop,2724,DataForSEO via OpenSEO,2026-09-15,ignore,seo/tracking/raw/2026-09-15/A7-market/keyword-metrics-spain-2724-es.json,measured 2026-09-15 (country package thin: candidates from 03/05 CSVs)
KSP0039,spain,es,dermatologos online,informational,non-brand,brand-v1,dermatology,,https://www.myglobalhealth.online/spain/en/services/dermatologia-especialista-online,,0,,,desktop,2724,DataForSEO via OpenSEO,2026-09-15,ignore,seo/tracking/raw/2026-09-15/A7-market/keyword-metrics-spain-2724-es.json,measured 2026-09-15 (country package thin: candidates from 03/05 CSVs)
KSP0040,spain,es,dermatólogo online,informational,non-brand,brand-v1,dermatology,,https://www.myglobalhealth.online/spain/es/services/dermatologia-especialista-online,,0,,,desktop,2724,DataForSEO via OpenSEO,2026-09-15,ignore,seo/tracking/raw/2026-09-15/A7-market/keyword-metrics-spain-2724-es.json,measured 2026-09-15 (country package thin: candidates from 03/05 CSVs)
KSP0041,spain,es,dolor cabeza,informational,non-brand,brand-v1,brand-and-other,,https://www.myglobalhealth.online/spain/es/blog/tension-alta-sintomas-cuando-urgencias,,0,,,desktop,2724,DataForSEO via OpenSEO,2026-09-15,ignore,seo/tracking/raw/2026-09-15/A7-market/keyword-metrics-spain-2724-es.json,measured 2026-09-15 (country package thin: candidates from 03/05 CSVs)
KSP0042,spain,es,dolor de cabeza,informational,non-brand,brand-v1,brand-and-other,,https://www.myglobalhealth.online/spain/es/blog/tension-alta-sintomas-cuando-urgencias,,0,,,desktop,2724,DataForSEO via OpenSEO,2026-09-15,ignore,seo/tracking/raw/2026-09-15/A7-market/keyword-metrics-spain-2724-es.json,measured 2026-09-15 (country package thin: candidates from 03/05 CSVs)
KSP0043,spain,es,mejor psiquiatra online,informational,non-brand,brand-v1,mental-health,,https://www.myglobalhealth.online/spain/en/services/psiquiatra-online,,,,,desktop,2724,DataForSEO via OpenSEO,2026-09-15,ignore,seo/tracking/raw/2026-09-15/A7-market/keyword-metrics-spain-2724-es.json,measured 2026-09-15 (country package thin: candidates from 03/05 CSVs)
KSP0044,spain,es,online psychologist therapy,commercial,non-brand,brand-v1,mental-health,,https://www.myglobalhealth.online/spain/en/services/psicologo-online,,,,,desktop,2724,DataForSEO via OpenSEO,2026-09-15,ignore,seo/tracking/raw/2026-09-15/A7-market/keyword-metrics-spain-2724-es.json,measured 2026-09-15 (country package thin: candidates from 03/05 CSVs)
KSP0045,spain,es,psicologos online,informational,non-brand,brand-v1,mental-health,,https://www.myglobalhealth.online/spain/de/services/psicologo-online,,27,,,desktop,2724,DataForSEO via OpenSEO,2026-09-15,ignore,seo/tracking/raw/2026-09-15/A7-market/keyword-metrics-spain-2724-es.json,measured 2026-09-15 (country package thin: candidates from 03/05 CSVs)
KSP0046,spain,es,psicólogo online,informational,non-brand,brand-v1,mental-health,,https://www.myglobalhealth.online/spain/es/services/psicologo-online,,27,,,desktop,2724,DataForSEO via OpenSEO,2026-09-15,ignore,seo/tracking/raw/2026-09-15/A7-market/keyword-metrics-spain-2724-es.json,measured 2026-09-15 (country package thin: candidates from 03/05 CSVs)
KSP0047,spain,es,psiquiatra consulta online,transactional,non-brand,brand-v1,mental-health,,https://www.myglobalhealth.online/spain/en/services/psiquiatra-online,,42,,,desktop,2724,DataForSEO via OpenSEO,2026-09-15,ignore,seo/tracking/raw/2026-09-15/A7-market/keyword-metrics-spain-2724-es.json,measured 2026-09-15 (country package thin: candidates from 03/05 CSVs)
KSP0048,spain,es,psiquiatra online,informational,non-brand,brand-v1,mental-health,,https://www.myglobalhealth.online/spain/en/services/psiquiatra-online,,0,,,desktop,2724,DataForSEO via OpenSEO,2026-09-15,ignore,seo/tracking/raw/2026-09-15/A7-market/keyword-metrics-spain-2724-es.json,measured 2026-09-15 (country package thin: candidates from 03/05 CSVs)
KSP0049,spain,es,psiquiatra online 24 horas gratis,informational,non-brand,brand-v1,mental-health,,https://www.myglobalhealth.online/spain/pt/services/psiquiatra-online,,0,,,desktop,2724,DataForSEO via OpenSEO,2026-09-15,ignore,seo/tracking/raw/2026-09-15/A7-market/keyword-metrics-spain-2724-es.json,measured 2026-09-15 (country package thin: candidates from 03/05 CSVs)
KSP0050,spain,es,psiquiatra online españa,informational,non-brand,brand-v1,mental-health,,https://www.myglobalhealth.online/spain/en/services/psiquiatra-online,,,,,desktop,2724,DataForSEO via OpenSEO,2026-09-15,ignore,seo/tracking/raw/2026-09-15/A7-market/keyword-metrics-spain-2724-es.json,measured 2026-09-15 (country package thin: candidates from 03/05 CSVs)
KSP0051,spain,es,psiquiatria online,informational,non-brand,brand-v1,mental-health,,https://www.myglobalhealth.online/spain/pt/services/psiquiatra-online,,0,,,desktop,2724,DataForSEO via OpenSEO,2026-09-15,ignore,seo/tracking/raw/2026-09-15/A7-market/keyword-metrics-spain-2724-es.json,measured 2026-09-15 (country package thin: candidates from 03/05 CSVs)
KSP0052,spain,es,segunda opinión médica,informational,non-brand,brand-v1,brand-and-other,,https://www.myglobalhealth.online/spain/es/services/segunda-opinion-medica,,,,,desktop,2724,DataForSEO via OpenSEO,2026-09-15,ignore,seo/spain/03-keyword-master.csv (2026-09-13),reused country package 2026-09-13 (<30d)
KRO0001,romania,ro,imc,informational,non-brand,brand-v1,tools-bmi,,https://www.myglobalhealth.online/romania/ro/tools/bmi-calculator,12100,0,,,desktop,2642,DataForSEO via OpenSEO,2026-09-15,improve,seo/tracking/raw/2026-09-15/A7-market/keyword-metrics-romania-2642-ro.json,measured 2026-09-15 (country package thin: candidates from 03/05 CSVs)
KRO0002,romania,ro,calcul imc,informational,non-brand,brand-v1,tools-bmi,,https://www.myglobalhealth.online/romania/ro/tools/bmi-calculator,8100,9,,,desktop,2642,DataForSEO via OpenSEO,2026-09-15,improve,seo/tracking/raw/2026-09-15/A7-market/keyword-metrics-romania-2642-ro.json,measured 2026-09-15 (country package thin: candidates from 03/05 CSVs)
KRO0003,romania,ro,calculator sarcina,informational,non-brand,brand-v1,tools-pregnancy,,https://www.myglobalhealth.online/romania/ro/tools/due-date-calculator,8100,2,36,https://www.myglobalhealth.online/romania/ro/tools/due-date-calculator,desktop,2642,DataForSEO via OpenSEO,2026-09-15,improve,seo/tracking/raw/2026-09-15/A7-market/keyword-metrics-romania-2642-ro.json,measured 2026-09-15 (country package thin: candidates from 03/05 CSVs)
KRO0004,romania,ro,imc calcul,informational,non-brand,brand-v1,tools-bmi,,https://www.myglobalhealth.online/romania/ro/tools/bmi-calculator,8100,0,,,desktop,2642,DataForSEO via OpenSEO,2026-09-15,improve,seo/tracking/raw/2026-09-15/A7-market/keyword-metrics-romania-2642-ro.json,measured 2026-09-15 (country package thin: candidates from 03/05 CSVs)
KRO0005,romania,ro,sarcina calculator,informational,non-brand,brand-v1,tools-pregnancy,,https://www.myglobalhealth.online/romania/ro/tools/due-date-calculator,8100,2,,,desktop,2642,DataForSEO via OpenSEO,2026-09-15,improve,seo/tracking/raw/2026-09-15/A7-market/keyword-metrics-romania-2642-ro.json,measured 2026-09-15 (country package thin: candidates from 03/05 CSVs)
KRO0006,romania,ro,calculator calorii,informational,non-brand,brand-v1,tools-calories,,https://www.myglobalhealth.online/romania/ro/tools/calorie-calculator,4400,1,,,desktop,2642,DataForSEO via OpenSEO,2026-09-15,improve,seo/tracking/raw/2026-09-15/A7-market/keyword-metrics-romania-2642-ro.json,measured 2026-09-15 (country package thin: candidates from 03/05 CSVs)
KRO0007,romania,ro,calculator imc,informational,non-brand,brand-v1,tools-bmi,,https://www.myglobalhealth.online/romania/ro/tools/bmi-calculator,4400,0,,,desktop,2642,DataForSEO via OpenSEO,2026-09-15,improve,seo/tracking/raw/2026-09-15/A7-market/keyword-metrics-romania-2642-ro.json,measured 2026-09-15 (country package thin: candidates from 03/05 CSVs)
KRO0008,romania,ro,calculator tensiune,informational,non-brand,brand-v1,tools-blood-pressure,,https://www.myglobalhealth.online/romania/es/tools/blood-pressure-chart,3600,0,,,desktop,2642,DataForSEO via OpenSEO,2026-09-15,improve,seo/tracking/raw/2026-09-15/A7-market/keyword-metrics-romania-2642-ro.json,measured 2026-09-15 (country package thin: candidates from 03/05 CSVs)
KRO0009,romania,ro,calculator ovulatie,informational,non-brand,brand-v1,tools-pregnancy,,https://www.myglobalhealth.online/romania/ro/tools/ovulation-calculator,2900,0,,,desktop,2642,DataForSEO via OpenSEO,2026-09-15,improve,seo/tracking/raw/2026-09-15/A7-market/keyword-metrics-romania-2642-ro.json,measured 2026-09-15 (country package thin: candidates from 03/05 CSVs)
KRO0010,romania,ro,sarcina pe saptamani,informational,non-brand,brand-v1,tools-pregnancy,,https://www.myglobalhealth.online/romania/ro/tools/due-date-calculator,2400,4,,,desktop,2642,DataForSEO via OpenSEO,2026-09-15,improve,seo/tracking/raw/2026-09-15/A7-market/keyword-metrics-romania-2642-ro.json,measured 2026-09-15 (country package thin: candidates from 03/05 CSVs)
KRO0011,romania,ro,calendar sarcina,informational,non-brand,brand-v1,tools-pregnancy,,https://www.myglobalhealth.online/romania/ro/tools/due-date-calculator,1600,37,,,desktop,2642,DataForSEO via OpenSEO,2026-09-15,improve,seo/tracking/raw/2026-09-15/A7-market/keyword-metrics-romania-2642-ro.json,measured 2026-09-15 (country package thin: candidates from 03/05 CSVs)
KRO0012,romania,ro,calculator bmi femei,informational,non-brand,brand-v1,tools-bmi,,https://www.myglobalhealth.online/romania/ro/tools/bmi-calculator,1300,6,,,desktop,2642,DataForSEO via OpenSEO,2026-09-15,improve,seo/tracking/raw/2026-09-15/A7-market/keyword-metrics-romania-2642-ro.json,measured 2026-09-15 (country package thin: candidates from 03/05 CSVs)
KRO0013,romania,ro,calculator imc barbati,informational,non-brand,brand-v1,tools-bmi,,https://www.myglobalhealth.online/romania/ro/tools/bmi-calculator,1300,3,,,desktop,2642,DataForSEO via OpenSEO,2026-09-15,improve,seo/tracking/raw/2026-09-15/A7-market/keyword-metrics-romania-2642-ro.json,measured 2026-09-15 (country package thin: candidates from 03/05 CSVs)
KRO0014,romania,ro,calculator imc femei,informational,non-brand,brand-v1,tools-bmi,,https://www.myglobalhealth.online/romania/ro/tools/bmi-calculator,1300,0,,,desktop,2642,DataForSEO via OpenSEO,2026-09-15,improve,seo/tracking/raw/2026-09-15/A7-market/keyword-metrics-romania-2642-ro.json,measured 2026-09-15 (country package thin: candidates from 03/05 CSVs)
KRO0015,romania,ro,calcul imc femei,informational,non-brand,brand-v1,tools-bmi,,https://www.myglobalhealth.online/romania/ro/tools/bmi-calculator,720,8,,,desktop,2642,DataForSEO via OpenSEO,2026-09-15,improve,seo/tracking/raw/2026-09-15/A7-market/keyword-metrics-romania-2642-ro.json,measured 2026-09-15 (country package thin: candidates from 03/05 CSVs)
KRO0016,romania,ro,calculare imc,informational,non-brand,brand-v1,tools-bmi,,https://www.myglobalhealth.online/romania/es/tools/bmi-calculator,720,0,,,desktop,2642,DataForSEO via OpenSEO,2026-09-15,improve,seo/tracking/raw/2026-09-15/A7-market/keyword-metrics-romania-2642-ro.json,measured 2026-09-15 (country package thin: candidates from 03/05 CSVs)
KRO0017,romania,ro,trimestre sarcina,informational,non-brand,brand-v1,tools-pregnancy,,https://www.myglobalhealth.online/romania/ro/tools/due-date-calculator,720,2,,,desktop,2642,DataForSEO via OpenSEO,2026-09-15,improve,seo/tracking/raw/2026-09-15/A7-market/keyword-metrics-romania-2642-ro.json,measured 2026-09-15 (country package thin: candidates from 03/05 CSVs)
KRO0018,romania,ro,calculator de sarcina,informational,non-brand,brand-v1,tools-pregnancy,,https://www.myglobalhealth.online/romania/ro/tools/due-date-calculator,590,4,,,desktop,2642,DataForSEO via OpenSEO,2026-09-15,improve,seo/tracking/raw/2026-09-15/A7-market/keyword-metrics-romania-2642-ro.json,measured 2026-09-15 (country package thin: candidates from 03/05 CSVs)
KRO0019,romania,ro,calculator fertilitate,informational,non-brand,brand-v1,tools-pregnancy,,https://www.myglobalhealth.online/romania/ro/tools/ovulation-calculator,590,0,,,desktop,2642,DataForSEO via OpenSEO,2026-09-15,improve,seo/tracking/raw/2026-09-15/A7-market/keyword-metrics-romania-2642-ro.json,measured 2026-09-15 (country package thin: candidates from 03/05 CSVs)
KRO0020,romania,ro,sarcina pe luni,informational,non-brand,brand-v1,tools-pregnancy,,https://www.myglobalhealth.online/romania/ro/tools/due-date-calculator,480,0,,,desktop,2642,DataForSEO via OpenSEO,2026-09-15,improve,seo/tracking/raw/2026-09-15/A7-market/keyword-metrics-romania-2642-ro.json,measured 2026-09-15 (country package thin: candidates from 03/05 CSVs)
KRO0021,romania,ro,calculator de calorii,informational,non-brand,brand-v1,tools-calories,,https://www.myglobalhealth.online/romania/ro/tools/calorie-calculator,390,1,,,desktop,2642,DataForSEO via OpenSEO,2026-09-15,improve,seo/tracking/raw/2026-09-15/A7-market/keyword-metrics-romania-2642-ro.json,measured 2026-09-15 (country package thin: candidates from 03/05 CSVs)
KRO0022,romania,ro,imc valori,informational,non-brand,brand-v1,tools-bmi,,https://www.myglobalhealth.online/romania/ro/tools/bmi-calculator,390,0,43,https://www.myglobalhealth.online/romania/ro/tools/bmi-calculator,desktop,2642,DataForSEO via OpenSEO,2026-09-15,improve,seo/tracking/raw/2026-09-15/A7-market/keyword-metrics-romania-2642-ro.json,measured 2026-09-15 (country package thin: candidates from 03/05 CSVs)
KRO0023,romania,ro,medic online,informational,non-brand,brand-v1,online-gp,,https://www.myglobalhealth.online/romania/ro,390,31,,,desktop,2642,DataForSEO via OpenSEO,2026-09-15,improve,seo/tracking/raw/2026-09-15/A7-market/keyword-metrics-romania-2642-ro.json,measured 2026-09-15 (country package thin: candidates from 03/05 CSVs)
KRO0024,romania,ro,calorii calculator,informational,non-brand,brand-v1,tools-calories,,https://www.myglobalhealth.online/romania/ro/tools/calorie-calculator,260,0,,,desktop,2642,DataForSEO via OpenSEO,2026-09-15,improve,seo/tracking/raw/2026-09-15/A7-market/keyword-metrics-romania-2642-ro.json,measured 2026-09-15 (country package thin: candidates from 03/05 CSVs)
KRO0025,romania,ro,adeverinta medicala online,informational,non-brand,brand-v1,sick-certificate,,,170,0,,,desktop,2642,DataForSEO via OpenSEO,2026-09-15,new-page-candidate,seo/tracking/raw/2026-09-15/A7-market/keyword-metrics-romania-2642-ro.json,measured 2026-09-15 (country package thin: candidates from 03/05 CSVs)
KRO0026,romania,ro,calculator caloric,informational,non-brand,brand-v1,tools-calories,,https://www.myglobalhealth.online/romania/ro/tools/calorie-calculator,170,4,,,desktop,2642,DataForSEO via OpenSEO,2026-09-15,improve,seo/tracking/raw/2026-09-15/A7-market/keyword-metrics-romania-2642-ro.json,measured 2026-09-15 (country package thin: candidates from 03/05 CSVs)
KRO0027,romania,ro,formula calcul calorii,informational,non-brand,brand-v1,tools-calories,,https://www.myglobalhealth.online/romania/ro/tools/calorie-calculator,140,0,,,desktop,2642,DataForSEO via OpenSEO,2026-09-15,improve,seo/tracking/raw/2026-09-15/A7-market/keyword-metrics-romania-2642-ro.json,measured 2026-09-15 (country package thin: candidates from 03/05 CSVs)
KRO0028,romania,ro,imc normal,informational,non-brand,brand-v1,tools-bmi,,https://www.myglobalhealth.online/romania/es/tools/bmi-calculator,140,0,,,desktop,2642,DataForSEO via OpenSEO,2026-09-15,improve,seo/tracking/raw/2026-09-15/A7-market/keyword-metrics-romania-2642-ro.json,measured 2026-09-15 (country package thin: candidates from 03/05 CSVs)
KRO0029,romania,ro,medici online,informational,non-brand,brand-v1,online-gp,,https://www.myglobalhealth.online/romania/ro,140,46,,,desktop,2642,DataForSEO via OpenSEO,2026-09-15,improve,seo/tracking/raw/2026-09-15/A7-market/keyword-metrics-romania-2642-ro.json,measured 2026-09-15 (country package thin: candidates from 03/05 CSVs)
KRO0030,romania,ro,calcul imc varsta,informational,non-brand,brand-v1,tools-bmi,,https://www.myglobalhealth.online/romania/es/tools/bmi-calculator,90,0,,,desktop,2642,DataForSEO via OpenSEO,2026-09-15,improve,seo/tracking/raw/2026-09-15/A7-market/keyword-metrics-romania-2642-ro.json,measured 2026-09-15 (country package thin: candidates from 03/05 CSVs)
KRO0031,romania,ro,calculator imc varsta,informational,non-brand,brand-v1,tools-bmi,,https://www.myglobalhealth.online/romania/ro/tools/bmi-calculator,90,0,,,desktop,2642,DataForSEO via OpenSEO,2026-09-15,improve,seo/tracking/raw/2026-09-15/A7-market/keyword-metrics-romania-2642-ro.json,measured 2026-09-15 (country package thin: candidates from 03/05 CSVs)
KRO0032,romania,ro,imc barbati,informational,non-brand,brand-v1,tools-bmi,,https://www.myglobalhealth.online/romania/ro/tools/bmi-calculator,90,,,,desktop,2642,DataForSEO via OpenSEO,2026-09-15,improve,seo/tracking/raw/2026-09-15/A7-market/keyword-metrics-romania-2642-ro.json,measured 2026-09-15 (country package thin: candidates from 03/05 CSVs)
KRO0033,romania,ro,reteta online,informational,non-brand,brand-v1,prescription,,,90,0,,,desktop,2642,DataForSEO via OpenSEO,2026-09-15,new-page-candidate,seo/tracking/raw/2026-09-15/A7-market/keyword-metrics-romania-2642-ro.json,measured 2026-09-15 (country package thin: candidates from 03/05 CSVs)
KRO0034,romania,ro,bmi calculator romana,informational,non-brand,brand-v1,tools-bmi,,https://www.myglobalhealth.online/romania/es/tools/bmi-calculator,70,0,,,desktop,2642,DataForSEO via OpenSEO,2026-09-15,improve,seo/tracking/raw/2026-09-15/A7-market/keyword-metrics-romania-2642-ro.json,measured 2026-09-15 (country package thin: candidates from 03/05 CSVs)
KRO0035,romania,ro,calculator bmi barbati,informational,non-brand,brand-v1,tools-bmi,,https://www.myglobalhealth.online/romania/ro/tools/bmi-calculator,70,0,,,desktop,2642,DataForSEO via OpenSEO,2026-09-15,improve,seo/tracking/raw/2026-09-15/A7-market/keyword-metrics-romania-2642-ro.json,measured 2026-09-15 (country package thin: candidates from 03/05 CSVs)
KRO0036,romania,ro,calculator de ovulatie,informational,non-brand,brand-v1,tools-pregnancy,,https://www.myglobalhealth.online/romania/ro/tools/ovulation-calculator,70,0,,,desktop,2642,DataForSEO via OpenSEO,2026-09-15,improve,seo/tracking/raw/2026-09-15/A7-market/keyword-metrics-romania-2642-ro.json,measured 2026-09-15 (country package thin: candidates from 03/05 CSVs)
KRO0037,romania,ro,calculator imc adulti,informational,non-brand,brand-v1,tools-bmi,,https://www.myglobalhealth.online/romania/es/tools/bmi-calculator,70,,,,desktop,2642,DataForSEO via OpenSEO,2026-09-15,improve,seo/tracking/raw/2026-09-15/A7-market/keyword-metrics-romania-2642-ro.json,measured 2026-09-15 (country package thin: candidates from 03/05 CSVs)
KRO0038,romania,ro,imc calculator online,informational,non-brand,brand-v1,tools-bmi,,https://www.myglobalhealth.online/romania/es/tools/bmi-calculator,70,2,,,desktop,2642,DataForSEO via OpenSEO,2026-09-15,improve,seo/tracking/raw/2026-09-15/A7-market/keyword-metrics-romania-2642-ro.json,measured 2026-09-15 (country package thin: candidates from 03/05 CSVs)
KRO0039,romania,ro,medical appointment,transactional,non-brand,brand-v1,online-consult,,https://www.myglobalhealth.online/romania/en,70,,,,desktop,2642,DataForSEO via OpenSEO,2026-09-15,improve,seo/tracking/raw/2026-09-15/A7-market/keyword-metrics-romania-2642-ro.json,measured 2026-09-15 (country package thin: candidates from 03/05 CSVs)
KRO0040,romania,ro,necesar calorii zilnic,informational,non-brand,brand-v1,tools-calories,,https://www.myglobalhealth.online/romania/ro/tools/calorie-calculator,70,0,,,desktop,2642,DataForSEO via OpenSEO,2026-09-15,improve,seo/tracking/raw/2026-09-15/A7-market/keyword-metrics-romania-2642-ro.json,measured 2026-09-15 (country package thin: candidates from 03/05 CSVs)
KRO0041,romania,ro,saptamanile de sarcina,informational,non-brand,brand-v1,tools-pregnancy,,https://www.myglobalhealth.online/romania/ro/tools/due-date-calculator,70,4,,,desktop,2642,DataForSEO via OpenSEO,2026-09-15,improve,seo/tracking/raw/2026-09-15/A7-market/keyword-metrics-romania-2642-ro.json,measured 2026-09-15 (country package thin: candidates from 03/05 CSVs)
KRO0042,romania,ro,telemedicina romania,navigational,non-brand,brand-v1,online-consult,,,70,24,,,desktop,2642,DataForSEO via OpenSEO,2026-09-15,new-page-candidate,seo/tracking/raw/2026-09-15/A7-market/keyword-metrics-romania-2642-ro.json,measured 2026-09-15 (country package thin: candidates from 03/05 CSVs)
KRO0043,romania,ro,calorii mentinere,informational,non-brand,brand-v1,tools-calories,,https://www.myglobalhealth.online/romania/ro/tools/calorie-calculator,50,,,,desktop,2642,DataForSEO via OpenSEO,2026-09-15,improve,seo/tracking/raw/2026-09-15/A7-market/keyword-metrics-romania-2642-ro.json,measured 2026-09-15 (country package thin: candidates from 03/05 CSVs)
KRO0044,romania,ro,medici romania,informational,non-brand,brand-v1,brand-and-other,,https://www.myglobalhealth.online/romania/ro,50,29,,,desktop,2642,DataForSEO via OpenSEO,2026-09-15,improve,seo/tracking/raw/2026-09-15/A7-market/keyword-metrics-romania-2642-ro.json,measured 2026-09-15 (country package thin: candidates from 03/05 CSVs)
KRO0045,romania,ro,necesar calorii,informational,non-brand,brand-v1,tools-calories,,https://www.myglobalhealth.online/romania/ro/tools/calorie-calculator,50,0,,,desktop,2642,DataForSEO via OpenSEO,2026-09-15,improve,seo/tracking/raw/2026-09-15/A7-market/keyword-metrics-romania-2642-ro.json,measured 2026-09-15 (country package thin: candidates from 03/05 CSVs)
KRO0046,romania,ro,programare doctor,informational,non-brand,brand-v1,online-gp,,https://www.myglobalhealth.online/romania/ro,50,34,,,desktop,2642,DataForSEO via OpenSEO,2026-09-15,improve,seo/tracking/raw/2026-09-15/A7-market/keyword-metrics-romania-2642-ro.json,measured 2026-09-15 (country package thin: candidates from 03/05 CSVs)
KRO0047,romania,ro,calculator kilocalorii,informational,non-brand,brand-v1,tools-calories,,https://www.myglobalhealth.online/romania/ro/tools/calorie-calculator,40,35,,,desktop,2642,DataForSEO via OpenSEO,2026-09-15,improve,seo/tracking/raw/2026-09-15/A7-market/keyword-metrics-romania-2642-ro.json,measured 2026-09-15 (country package thin: candidates from 03/05 CSVs)
KRO0048,romania,ro,imc adulti,informational,non-brand,brand-v1,tools-bmi,,https://www.myglobalhealth.online/romania/es/tools/bmi-calculator,40,38,,,desktop,2642,DataForSEO via OpenSEO,2026-09-15,improve,seo/tracking/raw/2026-09-15/A7-market/keyword-metrics-romania-2642-ro.json,measured 2026-09-15 (country package thin: candidates from 03/05 CSVs)
KRO0049,romania,ro,doctor in romania,informational,non-brand,brand-v1,online-gp,,https://www.myglobalhealth.online/romania/ro,30,41,,,desktop,2642,DataForSEO via OpenSEO,2026-09-15,improve,seo/tracking/raw/2026-09-15/A7-market/keyword-metrics-romania-2642-ro.json,measured 2026-09-15 (country package thin: candidates from 03/05 CSVs)
KRO0050,romania,ro,medic ginecolog online,navigational,non-brand,brand-v1,womens-health,,https://www.myglobalhealth.online/romania/ro,30,40,,,desktop,2642,DataForSEO via OpenSEO,2026-09-15,improve,seo/tracking/raw/2026-09-15/A7-market/keyword-metrics-romania-2642-ro.json,measured 2026-09-15 (country package thin: candidates from 03/05 CSVs)
KRO0051,romania,ro,medicina online,informational,non-brand,brand-v1,online-consult,,https://www.myglobalhealth.online/romania/ro,30,73,,,desktop,2642,DataForSEO via OpenSEO,2026-09-15,improve,seo/tracking/raw/2026-09-15/A7-market/keyword-metrics-romania-2642-ro.json,measured 2026-09-15 (country package thin: candidates from 03/05 CSVs)
KRO0052,romania,ro,ovulatia calculator,informational,non-brand,brand-v1,tools-pregnancy,,https://www.myglobalhealth.online/romania/ro/tools/ovulation-calculator,30,0,,,desktop,2642,DataForSEO via OpenSEO,2026-09-15,improve,seo/tracking/raw/2026-09-15/A7-market/keyword-metrics-romania-2642-ro.json,measured 2026-09-15 (country package thin: candidates from 03/05 CSVs)
KRO0053,romania,ro,concediu medical online,informational,non-brand,brand-v1,sick-certificate,,,20,,,,desktop,2642,DataForSEO via OpenSEO,2026-09-15,ignore,seo/tracking/raw/2026-09-15/A7-market/keyword-metrics-romania-2642-ro.json,measured 2026-09-15 (country package thin: candidates from 03/05 CSVs)
KRO0054,romania,ro,doctor online romania,navigational,non-brand,brand-v1,online-gp,,https://www.myglobalhealth.online/romania/en,20,,,,desktop,2642,DataForSEO via OpenSEO,2026-09-15,improve,seo/tracking/raw/2026-09-15/A7-market/keyword-metrics-romania-2642-ro.json,measured 2026-09-15 (country package thin: candidates from 03/05 CSVs)
KRO0055,romania,ro,medic online romania,navigational,non-brand,brand-v1,online-gp,,https://www.myglobalhealth.online/romania/ro,10,,,,desktop,2642,DataForSEO via OpenSEO,2026-09-15,improve,seo/tracking/raw/2026-09-15/A7-market/keyword-metrics-romania-2642-ro.json,measured 2026-09-15 (country package thin: candidates from 03/05 CSVs)
KRO0056,romania,ro,analize medicale online,informational,non-brand,brand-v1,lab-tests,,,,,,,desktop,2642,DataForSEO via OpenSEO,2026-09-15,ignore,seo/tracking/raw/2026-09-15/A7-market/keyword-metrics-romania-2642-ro.json,measured 2026-09-15 (country package thin: candidates from 03/05 CSVs)
KRO0057,romania,ro,consultatie medicala online,commercial,non-brand,brand-v1,online-consult,,https://www.myglobalhealth.online/romania/ro,,64,,,desktop,2642,DataForSEO via OpenSEO,2026-09-15,ignore,seo/tracking/raw/2026-09-15/A7-market/keyword-metrics-romania-2642-ro.json,measured 2026-09-15 (country package thin: candidates from 03/05 CSVs)
KRO0058,romania,ro,consultatie online,navigational,non-brand,brand-v1,online-consult,,https://www.myglobalhealth.online/romania/ro/services/medic-online-romania,,21,,,desktop,2642,DataForSEO via OpenSEO,2026-09-15,ignore,seo/tracking/raw/2026-09-15/A7-market/keyword-metrics-romania-2642-ro.json,measured 2026-09-15 (country package thin: candidates from 03/05 CSVs)
KRO0059,romania,ro,dermatolog online,informational,non-brand,brand-v1,dermatology,,,,0,,,desktop,2642,DataForSEO via OpenSEO,2026-09-15,ignore,seo/tracking/raw/2026-09-15/A7-market/keyword-metrics-romania-2642-ro.json,measured 2026-09-15 (country package thin: candidates from 03/05 CSVs)
KRO0060,romania,ro,doctor online,informational,non-brand,brand-v1,online-gp,,https://www.myglobalhealth.online/romania/ro,,30,,,desktop,2642,DataForSEO via OpenSEO,2026-09-15,ignore,seo/tracking/raw/2026-09-15/A7-market/keyword-metrics-romania-2642-ro.json,measured 2026-09-15 (country package thin: candidates from 03/05 CSVs)
KRO0061,romania,ro,medic pediatru online,commercial,non-brand,brand-v1,paediatrics,,https://www.myglobalhealth.online/romania/ro/services/consultatie-pediatrie,,40,,,desktop,2642,DataForSEO via OpenSEO,2026-09-15,ignore,seo/tracking/raw/2026-09-15/A7-market/keyword-metrics-romania-2642-ro.json,measured 2026-09-15 (country package thin: candidates from 03/05 CSVs)
KRO0062,romania,ro,medical consultation,informational,non-brand,brand-v1,online-consult,,https://www.myglobalhealth.online/romania/en,,0,,,desktop,2642,DataForSEO via OpenSEO,2026-09-15,ignore,seo/tracking/raw/2026-09-15/A7-market/keyword-metrics-romania-2642-ro.json,measured 2026-09-15 (country package thin: candidates from 03/05 CSVs)
KRO0063,romania,ro,medicina de familie,informational,non-brand,brand-v1,online-gp,,https://www.myglobalhealth.online/romania/ro/services/medic-online-romania,,2,,,desktop,2642,DataForSEO via OpenSEO,2026-09-15,ignore,seo/tracking/raw/2026-09-15/A7-market/keyword-metrics-romania-2642-ro.json,measured 2026-09-15 (country package thin: candidates from 03/05 CSVs)
KRO0064,romania,ro,neurolog online,navigational,non-brand,brand-v1,brand-and-other,,https://www.myglobalhealth.online/romania/ro/services/consultatie-neurologie,,40,,,desktop,2642,DataForSEO via OpenSEO,2026-09-15,ignore,seo/tracking/raw/2026-09-15/A7-market/keyword-metrics-romania-2642-ro.json,measured 2026-09-15 (country package thin: candidates from 03/05 CSVs)
KRO0065,romania,ro,online doctor,informational,non-brand,brand-v1,online-gp,,https://www.myglobalhealth.online/romania/en,,30,,,desktop,2642,DataForSEO via OpenSEO,2026-09-15,ignore,seo/tracking/raw/2026-09-15/A7-market/keyword-metrics-romania-2642-ro.json,measured 2026-09-15 (country package thin: candidates from 03/05 CSVs)
KRO0066,romania,ro,pediatru online,informational,non-brand,brand-v1,paediatrics,,https://www.myglobalhealth.online/romania/ro/services/consultatie-pediatrie,,0,,,desktop,2642,DataForSEO via OpenSEO,2026-09-15,ignore,seo/tracking/raw/2026-09-15/A7-market/keyword-metrics-romania-2642-ro.json,measured 2026-09-15 (country package thin: candidates from 03/05 CSVs)
KRO0067,romania,ro,psiholog online,informational,non-brand,brand-v1,mental-health,,,,13,,,desktop,2642,DataForSEO via OpenSEO,2026-09-15,ignore,seo/tracking/raw/2026-09-15/A7-market/keyword-metrics-romania-2642-ro.json,measured 2026-09-15 (country package thin: candidates from 03/05 CSVs)
KRO0068,romania,ro,alopecie areata,informational,non-brand,brand-v1,brand-and-other,,https://www.myglobalhealth.online/romania/ro/services/caderea-parului-online,1900,5,,,desktop,2642,DataForSEO via OpenSEO,2026-09-15,improve,seo/romania/03-keyword-master.csv (2026-09-13),reused country package 2026-09-13 (<30d)
KRO0069,romania,ro,caderea parului,informational,non-brand,brand-v1,brand-and-other,,https://www.myglobalhealth.online/romania/ro/services/caderea-parului-online,1600,5,,,desktop,2642,DataForSEO via OpenSEO,2026-09-15,improve,seo/romania/03-keyword-master.csv (2026-09-13),reused country package 2026-09-13 (<30d)
KRO0070,romania,ro,scrisoare medicală,informational,non-brand,brand-v1,brand-and-other,,https://www.myglobalhealth.online/romania/ro/blog/scrisoare-medicala-cine-o-elibereaza,880,0,,,desktop,2642,DataForSEO via OpenSEO,2026-09-15,improve,seo/romania/03-keyword-master.csv (2026-09-13),reused country package 2026-09-13 (<30d)
KRO0071,romania,ro,caderea parului cauze,informational,non-brand,brand-v1,brand-and-other,,https://www.myglobalhealth.online/romania/ro/services/caderea-parului-online,590,0,,,desktop,2642,DataForSEO via OpenSEO,2026-09-15,improve,seo/romania/03-keyword-master.csv (2026-09-13),reused country package 2026-09-13 (<30d)
KRO0072,romania,ro,caderea parului tratament,informational,non-brand,brand-v1,brand-and-other,,https://www.myglobalhealth.online/romania/ro/services/caderea-parului-online,390,0,,,desktop,2642,DataForSEO via OpenSEO,2026-09-15,improve,seo/romania/03-keyword-master.csv (2026-09-13),reused country package 2026-09-13 (<30d)
KRO0073,romania,ro,alopecie femei,informational,non-brand,brand-v1,womens-health,,https://www.myglobalhealth.online/romania/ro/services/caderea-parului-online,390,0,,,desktop,2642,DataForSEO via OpenSEO,2026-09-15,improve,seo/romania/03-keyword-master.csv (2026-09-13),reused country package 2026-09-13 (<30d)
KRO0074,romania,ro,caderea parului la femei,informational,non-brand,brand-v1,womens-health,,https://www.myglobalhealth.online/romania/ro/services/caderea-parului-online,320,0,,,desktop,2642,DataForSEO via OpenSEO,2026-09-15,improve,seo/romania/03-keyword-master.csv (2026-09-13),reused country package 2026-09-13 (<30d)
KRO0075,romania,ro,analize pentru caderea parului,informational,non-brand,brand-v1,lab-tests,,https://www.myglobalhealth.online/romania/ro/services/caderea-parului-online,320,0,,,desktop,2642,DataForSEO via OpenSEO,2026-09-15,improve,seo/romania/03-keyword-master.csv (2026-09-13),reused country package 2026-09-13 (<30d)
KRO0076,romania,ro,tratament alopecie femei,informational,non-brand,brand-v1,womens-health,,https://www.myglobalhealth.online/romania/ro/services/caderea-parului-online,320,0,,,desktop,2642,DataForSEO via OpenSEO,2026-09-15,improve,seo/romania/03-keyword-master.csv (2026-09-13),reused country package 2026-09-13 (<30d)
KRO0077,romania,ro,ce boli ascunde caderea parului,informational,non-brand,brand-v1,brand-and-other,,https://www.myglobalhealth.online/romania/ro/services/caderea-parului-online,260,0,,,desktop,2642,DataForSEO via OpenSEO,2026-09-15,improve,seo/romania/03-keyword-master.csv (2026-09-13),reused country package 2026-09-13 (<30d)
KRO0078,romania,ro,alopecie tratament,informational,non-brand,brand-v1,brand-and-other,,https://www.myglobalhealth.online/romania/ro/services/caderea-parului-online,210,0,,,desktop,2642,DataForSEO via OpenSEO,2026-09-15,improve,seo/romania/03-keyword-master.csv (2026-09-13),reused country package 2026-09-13 (<30d)
KRO0079,romania,ro,alopecie areata femei,informational,non-brand,brand-v1,womens-health,,https://www.myglobalhealth.online/romania/ro/services/caderea-parului-online,210,0,,,desktop,2642,DataForSEO via OpenSEO,2026-09-15,improve,seo/romania/03-keyword-master.csv (2026-09-13),reused country package 2026-09-13 (<30d)
KRO0080,romania,ro,tratament pentru caderea parului la femei,informational,non-brand,brand-v1,womens-health,,https://www.myglobalhealth.online/romania/ro/services/caderea-parului-online,140,0,,,desktop,2642,DataForSEO via OpenSEO,2026-09-15,improve,seo/romania/03-keyword-master.csv (2026-09-13),reused country package 2026-09-13 (<30d)
KRO0081,romania,ro,cat are valabilitate o scrisoare medicala,informational,non-brand,brand-v1,brand-and-other,,https://www.myglobalhealth.online/romania/ro/blog/scrisoare-medicala-cine-o-elibereaza,90,0,,,desktop,2642,DataForSEO via OpenSEO,2026-09-15,improve,seo/romania/03-keyword-master.csv (2026-09-13),reused country package 2026-09-13 (<30d)
KRO0082,romania,ro,a doua opinie medicala,informational,non-brand,brand-v1,brand-and-other,,https://www.myglobalhealth.online/romania/ro/services/a-doua-opinie-medicala,90,0,,,desktop,2642,DataForSEO via OpenSEO,2026-09-15,improve,seo/romania/03-keyword-master.csv (2026-09-13),reused country package 2026-09-13 (<30d)
KRO0083,romania,ro,caderea parului la barbati,informational,non-brand,brand-v1,brand-and-other,,https://www.myglobalhealth.online/romania/ro/services/caderea-parului-online,90,0,,,desktop,2642,DataForSEO via OpenSEO,2026-09-15,improve,seo/romania/03-keyword-master.csv (2026-09-13),reused country package 2026-09-13 (<30d)
KRO0084,romania,ro,tratament caderea parului femei,informational,non-brand,brand-v1,womens-health,,https://www.myglobalhealth.online/romania/ro/services/caderea-parului-online,90,0,,,desktop,2642,DataForSEO via OpenSEO,2026-09-15,improve,seo/romania/03-keyword-master.csv (2026-09-13),reused country package 2026-09-13 (<30d)
KRO0085,romania,ro,eliberare scrisoare medicala,informational,non-brand,brand-v1,brand-and-other,,https://www.myglobalhealth.online/romania/ro/blog/scrisoare-medicala-cine-o-elibereaza,70,0,,,desktop,2642,DataForSEO via OpenSEO,2026-09-15,improve,seo/romania/03-keyword-master.csv (2026-09-13),reused country package 2026-09-13 (<30d)
KRO0086,romania,ro,consultatii medicale online,commercial,non-brand,brand-v1,online-consult,,https://www.myglobalhealth.online/romania/ro,40,64,,,desktop,2642,DataForSEO via OpenSEO,2026-09-15,improve,seo/romania/03-keyword-master.csv (2026-09-13),reused country package 2026-09-13 (<30d)
KRO0087,romania,ro,platforma consultatii online,navigational,non-brand,brand-v1,online-consult,,https://www.myglobalhealth.online/romania/ro/services/medic-online-romania,40,43,,,desktop,2642,DataForSEO via OpenSEO,2026-09-15,improve,seo/romania/03-keyword-master.csv (2026-09-13),reused country package 2026-09-13 (<30d)
KRO0088,romania,ro,caderea parului la barbati 20 de ani,informational,non-brand,brand-v1,brand-and-other,,https://www.myglobalhealth.online/romania/ro/services/caderea-parului-online,40,0,,,desktop,2642,DataForSEO via OpenSEO,2026-09-15,improve,seo/romania/03-keyword-master.csv (2026-09-13),reused country package 2026-09-13 (<30d)
KRO0089,romania,ro,tratament pentru caderea parului la barbati,transactional,non-brand,brand-v1,brand-and-other,,https://www.myglobalhealth.online/romania/ro/services/caderea-parului-online,40,0,,,desktop,2642,DataForSEO via OpenSEO,2026-09-15,improve,seo/romania/03-keyword-master.csv (2026-09-13),reused country package 2026-09-13 (<30d)
KRO0090,romania,ro,controlul greutatii,informational,non-brand,brand-v1,weight-management,,https://www.myglobalhealth.online/romania/ro/services/controlul-greutatii,40,40,,,desktop,2642,DataForSEO via OpenSEO,2026-09-15,improve,seo/romania/03-keyword-master.csv (2026-09-13),reused country package 2026-09-13 (<30d)
KRO0091,romania,ro,ce este scrisoarea medicala,informational,non-brand,brand-v1,brand-and-other,,https://www.myglobalhealth.online/romania/ro/blog/scrisoare-medicala-cine-o-elibereaza,30,,,,desktop,2642,DataForSEO via OpenSEO,2026-09-15,improve,seo/romania/03-keyword-master.csv (2026-09-13),reused country package 2026-09-13 (<30d)
KRO0092,romania,ro,intreaba un medic online,informational,non-brand,brand-v1,online-gp,,https://www.myglobalhealth.online/romania/ro/services/medic-online-romania,30,,,,desktop,2642,DataForSEO via OpenSEO,2026-09-15,improve,seo/romania/03-keyword-master.csv (2026-09-13),reused country package 2026-09-13 (<30d)
KRO0093,romania,ro,a doua opinie medicala online,informational,non-brand,brand-v1,brand-and-other,,https://www.myglobalhealth.online/romania/ro/services/a-doua-opinie-medicala,30,,,,desktop,2642,DataForSEO via OpenSEO,2026-09-15,improve,seo/romania/03-keyword-master.csv (2026-09-13),reused country package 2026-09-13 (<30d)
KRO0094,romania,ro,cine elibereaza scrisoarea medicala,informational,non-brand,brand-v1,brand-and-other,,https://www.myglobalhealth.online/romania/ro/blog/scrisoare-medicala-cine-o-elibereaza,30,0,,,desktop,2642,DataForSEO via OpenSEO,2026-09-15,improve,seo/romania/03-keyword-master.csv (2026-09-13),reused country package 2026-09-13 (<30d)
KRO0095,romania,ro,discuta cu un medic online,transactional,non-brand,brand-v1,online-gp,,https://www.myglobalhealth.online/romania/ro/services/medic-online-romania,20,,,,desktop,2642,DataForSEO via OpenSEO,2026-09-15,improve,seo/romania/03-keyword-master.csv (2026-09-13),reused country package 2026-09-13 (<30d)
KRO0096,romania,ro,ce face un medic pediatru,informational,non-brand,brand-v1,paediatrics,,https://www.myglobalhealth.online/romania/ro/services/consultatie-pediatrie,20,,,,desktop,2642,DataForSEO via OpenSEO,2026-09-15,improve,seo/romania/03-keyword-master.csv (2026-09-13),reused country package 2026-09-13 (<30d)
KRO0097,romania,ro,caderea parului cauze femei,informational,non-brand,brand-v1,womens-health,,https://www.myglobalhealth.online/romania/ro/services/caderea-parului-online,20,8,,,desktop,2642,DataForSEO via OpenSEO,2026-09-15,improve,seo/romania/03-keyword-master.csv (2026-09-13),reused country package 2026-09-13 (<30d)
KRO0098,romania,ro,ce este un medic pediatru,informational,non-brand,brand-v1,paediatrics,,https://www.myglobalhealth.online/romania/ro/services/consultatie-pediatrie,10,,,,desktop,2642,DataForSEO via OpenSEO,2026-09-15,improve,seo/romania/03-keyword-master.csv (2026-09-13),reused country package 2026-09-13 (<30d)
KRO0099,romania,ro,caderea parului la femei cauze si tratament,commercial,non-brand,brand-v1,womens-health,,https://www.myglobalhealth.online/romania/ro/services/caderea-parului-online,10,,,,desktop,2642,DataForSEO via OpenSEO,2026-09-15,improve,seo/romania/03-keyword-master.csv (2026-09-13),reused country package 2026-09-13 (<30d)
KRO0100,romania,ro,caderea parului cauze barbati,informational,non-brand,brand-v1,brand-and-other,,https://www.myglobalhealth.online/romania/ro/services/caderea-parului-online,10,,,,desktop,2642,DataForSEO via OpenSEO,2026-09-15,improve,seo/romania/03-keyword-master.csv (2026-09-13),reused country package 2026-09-13 (<30d)
KRO0101,romania,ro,caderea parului la barbati tratament,transactional,non-brand,brand-v1,brand-and-other,,https://www.myglobalhealth.online/romania/ro/services/caderea-parului-online,10,0,,,desktop,2642,DataForSEO via OpenSEO,2026-09-15,improve,seo/romania/03-keyword-master.csv (2026-09-13),reused country package 2026-09-13 (<30d)
KRO0102,romania,ro,controlul greutatii corporale,informational,non-brand,brand-v1,weight-management,,https://www.myglobalhealth.online/romania/ro/services/controlul-greutatii,10,,,,desktop,2642,DataForSEO via OpenSEO,2026-09-15,improve,seo/romania/03-keyword-master.csv (2026-09-13),reused country package 2026-09-13 (<30d)
KRO0103,romania,ro,calculator cate calorii trebuie sa mananci pe zi,informational,non-brand,brand-v1,tools-calories,,https://www.myglobalhealth.online/romania/ro/tools/calorie-calculator,,,,,desktop,2642,DataForSEO via OpenSEO,2026-09-15,ignore,seo/romania/03-keyword-master.csv (2026-09-13),reused country package 2026-09-13 (<30d)
KRO0104,romania,ro,calculator deficit caloric femei,informational,non-brand,brand-v1,tools-calories,,https://www.myglobalhealth.online/romania/ro/tools/calorie-calculator,,,14,https://www.myglobalhealth.online/romania/ro/tools/calorie-calculator,desktop,2642,DataForSEO via OpenSEO,2026-09-15,improve,seo/romania/03-keyword-master.csv (2026-09-13),reused country package 2026-09-13 (<30d)
KRO0105,romania,ro,calcul calorii,informational,non-brand,brand-v1,tools-calories,,https://www.myglobalhealth.online/romania/ro/tools/calorie-calculator,,,,,desktop,2642,DataForSEO via OpenSEO,2026-09-15,ignore,seo/romania/03-keyword-master.csv (2026-09-13),reused country package 2026-09-13 (<30d)
KRO0106,romania,ro,calcul saptamani sarcina,informational,non-brand,brand-v1,tools-pregnancy,,https://www.myglobalhealth.online/romania/ro/tools/due-date-calculator,,,,,desktop,2642,DataForSEO via OpenSEO,2026-09-15,ignore,seo/romania/03-keyword-master.csv (2026-09-13),reused country package 2026-09-13 (<30d)
KRO0107,romania,ro,calculator calorii deficit,informational,non-brand,brand-v1,tools-calories,,https://www.myglobalhealth.online/romania/ro/tools/calorie-calculator,,,,,desktop,2642,DataForSEO via OpenSEO,2026-09-15,ignore,seo/romania/03-keyword-master.csv (2026-09-13),reused country package 2026-09-13 (<30d)
KRO0108,romania,ro,calculator calorii online,informational,non-brand,brand-v1,tools-calories,,https://www.myglobalhealth.online/romania/ro/tools/calorie-calculator,,,,,desktop,2642,DataForSEO via OpenSEO,2026-09-15,ignore,seo/romania/03-keyword-master.csv (2026-09-13),reused country package 2026-09-13 (<30d)
KRO0109,romania,ro,calculator calorii zilnice,informational,non-brand,brand-v1,tools-calories,,https://www.myglobalhealth.online/romania/ro/tools/calorie-calculator,,,,,desktop,2642,DataForSEO via OpenSEO,2026-09-15,ignore,seo/romania/03-keyword-master.csv (2026-09-13),reused country package 2026-09-13 (<30d)
KRO0110,romania,ro,calculator deficit caloric gratis,informational,non-brand,brand-v1,tools-calories,,https://www.myglobalhealth.online/romania/ro/tools/calorie-calculator,,,,,desktop,2642,DataForSEO via OpenSEO,2026-09-15,ignore,seo/romania/03-keyword-master.csv (2026-09-13),reused country package 2026-09-13 (<30d)
KRO0111,romania,ro,calculator kalorii,informational,non-brand,brand-v1,tools-calories,,https://www.myglobalhealth.online/romania/ro/tools/calorie-calculator,,,,,desktop,2642,DataForSEO via OpenSEO,2026-09-15,ignore,seo/romania/03-keyword-master.csv (2026-09-13),reused country package 2026-09-13 (<30d)
KRO0112,romania,ro,praktischer arzt in der nähe,informational,non-brand,brand-v1,brand-and-other,,https://www.myglobalhealth.online/romania/de,,,,,desktop,2642,DataForSEO via OpenSEO,2026-09-15,ignore,seo/romania/03-keyword-master.csv (2026-09-13),reused country package 2026-09-13 (<30d)
KRO0113,romania,ro,112/54 blood pressure,informational,non-brand,brand-v1,tools-blood-pressure,,https://www.myglobalhealth.online/romania/en/blog/low-blood-pressure-why-it-happens-what-to-do-right-away-and-when-not-to-wait,,,,,desktop,2642,DataForSEO via OpenSEO,2026-09-15,ignore,seo/romania/03-keyword-master.csv (2026-09-13),reused country package 2026-09-13 (<30d)
KRO0114,romania,ro,112/60 blood pressure female,informational,non-brand,brand-v1,tools-blood-pressure,,https://www.myglobalhealth.online/romania/en/blog/low-blood-pressure-why-it-happens-what-to-do-right-away-and-when-not-to-wait,,,,,desktop,2642,DataForSEO via OpenSEO,2026-09-15,ignore,seo/romania/03-keyword-master.csv (2026-09-13),reused country package 2026-09-13 (<30d)
KRO0115,romania,ro,126/94 blood pressure,informational,non-brand,brand-v1,tools-blood-pressure,,https://www.myglobalhealth.online/romania/en/blog/normal-blood-pressure-a-practical-guide-by-age-without-misleading-tables,,,,,desktop,2642,DataForSEO via OpenSEO,2026-09-15,ignore,seo/romania/03-keyword-master.csv (2026-09-13),reused country package 2026-09-13 (<30d)
KRO0116,romania,ro,132/84 blood pressure,informational,non-brand,brand-v1,tools-blood-pressure,,https://www.myglobalhealth.online/romania/en/blog/normal-blood-pressure-a-practical-guide-by-age-without-misleading-tables,,,,,desktop,2642,DataForSEO via OpenSEO,2026-09-15,ignore,seo/romania/03-keyword-master.csv (2026-09-13),reused country package 2026-09-13 (<30d)
KRO0117,romania,ro,132/84 blutdruck,informational,non-brand,brand-v1,tools-blood-pressure,,https://www.myglobalhealth.online/romania/de/blog/normaler-blutdruck-hilfreicher-leitfaden-nach-alter-ohne-irrefuhrende-tabellen,,,,,desktop,2642,DataForSEO via OpenSEO,2026-09-15,ignore,seo/romania/03-keyword-master.csv (2026-09-13),reused country package 2026-09-13 (<30d)
KRO0118,romania,ro,adhd adulti romania,informational,non-brand,brand-v1,mental-health,,https://www.myglobalhealth.online/romania/ro/tools/adhd-test,,,,,desktop,2642,DataForSEO via OpenSEO,2026-09-15,ignore,seo/romania/03-keyword-master.csv (2026-09-13),reused country package 2026-09-13 (<30d)
KRO0119,romania,ro,adhd diagnostic,informational,non-brand,brand-v1,mental-health,,https://www.myglobalhealth.online/romania/ro/tools/adhd-test,,,,,desktop,2642,DataForSEO via OpenSEO,2026-09-15,ignore,seo/romania/03-keyword-master.csv (2026-09-13),reused country package 2026-09-13 (<30d)
KRO0120,romania,ro,adhd test adulti,informational,non-brand,brand-v1,mental-health,,https://www.myglobalhealth.online/romania/ro/tools/adhd-test,,,,,desktop,2642,DataForSEO via OpenSEO,2026-09-15,ignore,seo/romania/03-keyword-master.csv (2026-09-13),reused country package 2026-09-13 (<30d)
KRO0121,romania,ro,afla daca esti insarcinata online,commercial,non-brand,brand-v1,tools-pregnancy,,https://www.myglobalhealth.online/romania/ro/tools/due-date-calculator,,,,,desktop,2642,DataForSEO via OpenSEO,2026-09-15,ignore,seo/romania/03-keyword-master.csv (2026-09-13),reused country package 2026-09-13 (<30d)
KRO0122,romania,ro,appointment doctor,informational,non-brand,brand-v1,online-gp,,https://www.myglobalhealth.online/romania/ro,,,105,https://www.myglobalhealth.online/romania/ro,desktop,2642,DataForSEO via OpenSEO,2026-09-15,ignore,seo/romania/03-keyword-master.csv (2026-09-13),reused country package 2026-09-13 (<30d)
KRO0123,romania,ro,arztbrief,informational,non-brand,brand-v1,brand-and-other,,https://www.myglobalhealth.online/romania/de/blog/arztbrief-rumaenien,,,,,desktop,2642,DataForSEO via OpenSEO,2026-09-15,ignore,seo/romania/03-keyword-master.csv (2026-09-13),reused country package 2026-09-13 (<30d)
KRO0124,romania,ro,ask a doctor online,commercial,non-brand,brand-v1,online-gp,,https://www.myglobalhealth.online/romania/en,,,,,desktop,2642,DataForSEO via OpenSEO,2026-09-15,ignore,seo/romania/03-keyword-master.csv (2026-09-13),reused country package 2026-09-13 (<30d)
KRO0125,romania,ro,asrs v1.1 romana,informational,non-brand,brand-v1,brand-and-other,,https://www.myglobalhealth.online/romania/ro/tools/adhd-test,,,,,desktop,2642,DataForSEO via OpenSEO,2026-09-15,ignore,seo/romania/03-keyword-master.csv (2026-09-13),reused country package 2026-09-13 (<30d)
KRO0126,romania,ro,best doctor online,commercial,non-brand,brand-v1,online-gp,,https://www.myglobalhealth.online/romania/en,,,,,desktop,2642,DataForSEO via OpenSEO,2026-09-15,ignore,seo/romania/03-keyword-master.csv (2026-09-13),reused country package 2026-09-13 (<30d)
KRO0127,romania,ro,best online doctor,commercial,non-brand,brand-v1,online-gp,,https://www.myglobalhealth.online/romania/en,,,,,desktop,2642,DataForSEO via OpenSEO,2026-09-15,ignore,seo/romania/03-keyword-master.csv (2026-09-13),reused country package 2026-09-13 (<30d)
KRO0128,romania,ro,blood pressure 152/78,informational,non-brand,brand-v1,tools-blood-pressure,,https://www.myglobalhealth.online/romania/en/blog/normal-blood-pressure-a-practical-guide-by-age-without-misleading-tables,,,,,desktop,2642,DataForSEO via OpenSEO,2026-09-15,ignore,seo/romania/03-keyword-master.csv (2026-09-13),reused country package 2026-09-13 (<30d)
KRO0129,romania,ro,blood pressure 30/50,informational,non-brand,brand-v1,tools-blood-pressure,,https://www.myglobalhealth.online/romania/en/blog/normal-blood-pressure-a-practical-guide-by-age-without-misleading-tables,,,,,desktop,2642,DataForSEO via OpenSEO,2026-09-15,ignore,seo/romania/03-keyword-master.csv (2026-09-13),reused country package 2026-09-13 (<30d)
KRO0130,romania,ro,blood pressure in romanian,informational,non-brand,brand-v1,tools-blood-pressure,,https://www.myglobalhealth.online/romania/en/tools/blood-pressure-chart,,,,,desktop,2642,DataForSEO via OpenSEO,2026-09-15,ignore,seo/romania/03-keyword-master.csv (2026-09-13),reused country package 2026-09-13 (<30d)
KRO0131,romania,ro,blutdruck 130 zu 60,informational,non-brand,brand-v1,tools-blood-pressure,,https://www.myglobalhealth.online/romania/de/blog/normaler-blutdruck-hilfreicher-leitfaden-nach-alter-ohne-irrefuhrende-tabellen,,,,,desktop,2642,DataForSEO via OpenSEO,2026-09-15,ignore,seo/romania/03-keyword-master.csv (2026-09-13),reused country package 2026-09-13 (<30d)
KRO0132,romania,ro,blutdruck 132/84,informational,non-brand,brand-v1,tools-blood-pressure,,https://www.myglobalhealth.online/romania/de/blog/normaler-blutdruck-hilfreicher-leitfaden-nach-alter-ohne-irrefuhrende-tabellen,,,,,desktop,2642,DataForSEO via OpenSEO,2026-09-15,ignore,seo/romania/03-keyword-master.csv (2026-09-13),reused country package 2026-09-13 (<30d)
KRO0133,romania,ro,blutdruck 60 jahre mann,informational,non-brand,brand-v1,tools-blood-pressure,,https://www.myglobalhealth.online/romania/de/blog/normaler-blutdruck-hilfreicher-leitfaden-nach-alter-ohne-irrefuhrende-tabellen,,,,,desktop,2642,DataForSEO via OpenSEO,2026-09-15,ignore,seo/romania/03-keyword-master.csv (2026-09-13),reused country package 2026-09-13 (<30d)
KRO0134,romania,ro,blutdruck durchschnitt,informational,non-brand,brand-v1,tools-blood-pressure,,https://www.myglobalhealth.online/romania/de/blog/normaler-blutdruck-hilfreicher-leitfaden-nach-alter-ohne-irrefuhrende-tabellen,,,,,desktop,2642,DataForSEO via OpenSEO,2026-09-15,ignore,seo/romania/03-keyword-master.csv (2026-09-13),reused country package 2026-09-13 (<30d)
KRO0135,romania,ro,blutdruck im alter,informational,non-brand,brand-v1,tools-blood-pressure,,https://www.myglobalhealth.online/romania/de/blog/normaler-blutdruck-hilfreicher-leitfaden-nach-alter-ohne-irrefuhrende-tabellen,,,,,desktop,2642,DataForSEO via OpenSEO,2026-09-15,ignore,seo/romania/03-keyword-master.csv (2026-09-13),reused country package 2026-09-13 (<30d)
KRO0136,romania,ro,blutdruck tabelle alter,informational,non-brand,brand-v1,tools-blood-pressure,,https://www.myglobalhealth.online/romania/de/blog/normaler-blutdruck-hilfreicher-leitfaden-nach-alter-ohne-irrefuhrende-tabellen,,,,,desktop,2642,DataForSEO via OpenSEO,2026-09-15,ignore,seo/romania/03-keyword-master.csv (2026-09-13),reused country package 2026-09-13 (<30d)
KRO0137,romania,ro,blutdruck tabelle männer,informational,non-brand,brand-v1,tools-blood-pressure,,https://www.myglobalhealth.online/romania/de/blog/normaler-blutdruck-hilfreicher-leitfaden-nach-alter-ohne-irrefuhrende-tabellen,,,,,desktop,2642,DataForSEO via OpenSEO,2026-09-15,ignore,seo/romania/03-keyword-master.csv (2026-09-13),reused country package 2026-09-13 (<30d)
KRO0138,romania,ro,blutdruck tabelle nach alter,informational,non-brand,brand-v1,tools-blood-pressure,,https://www.myglobalhealth.online/romania/de/blog/normaler-blutdruck-hilfreicher-leitfaden-nach-alter-ohne-irrefuhrende-tabellen,,,,,desktop,2642,DataForSEO via OpenSEO,2026-09-15,ignore,seo/romania/03-keyword-master.csv (2026-09-13),reused country package 2026-09-13 (<30d)
KRO0139,romania,ro,blutdruck-tabelle männer,informational,non-brand,brand-v1,tools-blood-pressure,,https://www.myglobalhealth.online/romania/de/blog/normaler-blutdruck-hilfreicher-leitfaden-nach-alter-ohne-irrefuhrende-tabellen,,,,,desktop,2642,DataForSEO via OpenSEO,2026-09-15,ignore,seo/romania/03-keyword-master.csv (2026-09-13),reused country package 2026-09-13 (<30d)
KRO0140,romania,ro,blutdrucktabelle nach alter,informational,non-brand,brand-v1,tools-blood-pressure,,https://www.myglobalhealth.online/romania/de/blog/normaler-blutdruck-hilfreicher-leitfaden-nach-alter-ohne-irrefuhrende-tabellen,,,,,desktop,2642,DataForSEO via OpenSEO,2026-09-15,ignore,seo/romania/03-keyword-master.csv (2026-09-13),reused country package 2026-09-13 (<30d)
KRO0141,romania,ro,bmi calculator romania,informational,non-brand,brand-v1,tools-bmi,,https://www.myglobalhealth.online/romania/ro/tools/bmi-calculator,,,,,desktop,2642,DataForSEO via OpenSEO,2026-09-15,ignore,seo/romania/03-keyword-master.csv (2026-09-13),reused country package 2026-09-13 (<30d)
KRO0142,romania,ro,boli cronice incluse in programul national de sanatate,informational,non-brand,brand-v1,brand-and-other,,https://www.myglobalhealth.online/romania/ro/blog/boli-cronice-programe-nationale-de-sanatate,,,,,desktop,2642,DataForSEO via OpenSEO,2026-09-15,ignore,seo/romania/03-keyword-master.csv (2026-09-13),reused country package 2026-09-13 (<30d)
KRO0143,romania,ro,book doctor,transactional,non-brand,brand-v1,online-gp,,https://www.myglobalhealth.online/romania/en,,,,,desktop,2642,DataForSEO via OpenSEO,2026-09-15,ignore,seo/romania/03-keyword-master.csv (2026-09-13),reused country package 2026-09-13 (<30d)
KRO0144,romania,ro,calcul bmi barbati,informational,non-brand,brand-v1,tools-bmi,,https://www.myglobalhealth.online/romania/ro/tools/bmi-calculator,,,,,desktop,2642,DataForSEO via OpenSEO,2026-09-15,ignore,seo/romania/03-keyword-master.csv (2026-09-13),reused country package 2026-09-13 (<30d)
KRO0145,romania,ro,calcul bmi femei,informational,non-brand,brand-v1,tools-bmi,,https://www.myglobalhealth.online/romania/ro/tools/bmi-calculator,,,,,desktop,2642,DataForSEO via OpenSEO,2026-09-15,ignore,seo/romania/03-keyword-master.csv (2026-09-13),reused country package 2026-09-13 (<30d)
KRO0146,romania,ro,calcul calorii alimente,informational,non-brand,brand-v1,tools-calories,,https://www.myglobalhealth.online/romania/ro/tools/calorie-calculator,,,,,desktop,2642,DataForSEO via OpenSEO,2026-09-15,ignore,seo/romania/03-keyword-master.csv (2026-09-13),reused country package 2026-09-13 (<30d)
KRO0147,romania,ro,calcul calorii pe zi,informational,non-brand,brand-v1,tools-calories,,https://www.myglobalhealth.online/romania/ro/tools/calorie-calculator,,,,,desktop,2642,DataForSEO via OpenSEO,2026-09-15,ignore,seo/romania/03-keyword-master.csv (2026-09-13),reused country package 2026-09-13 (<30d)
KRO0148,romania,ro,calcul calorii zilnice,informational,non-brand,brand-v1,tools-calories,,https://www.myglobalhealth.online/romania/ro/tools/calorie-calculator,,,,,desktop,2642,DataForSEO via OpenSEO,2026-09-15,ignore,seo/romania/03-keyword-master.csv (2026-09-13),reused country package 2026-09-13 (<30d)
KRO0149,romania,ro,calcul deficit caloric,informational,non-brand,brand-v1,tools-calories,,https://www.myglobalhealth.online/romania/ro/tools/calorie-calculator,,,,,desktop,2642,DataForSEO via OpenSEO,2026-09-15,ignore,seo/romania/03-keyword-master.csv (2026-09-13),reused country package 2026-09-13 (<30d)
KRO0150,romania,ro,calcul deficit caloric femei,informational,non-brand,brand-v1,tools-calories,,https://www.myglobalhealth.online/romania/ro/tools/calorie-calculator,,,,,desktop,2642,DataForSEO via OpenSEO,2026-09-15,ignore,seo/romania/03-keyword-master.csv (2026-09-13),reused country package 2026-09-13 (<30d)
KBR0001,brazil,pt,sim,informational,non-brand,brand-v1,brand-and-other,,https://www.myglobalhealth.online/brazil/en/blog/does-an-attendance-certificate-excuse-an-absence-the-difference-from-a-medical-c,246000,0,,,desktop,2076,DataForSEO via OpenSEO,2026-09-15,improve,seo/tracking/raw/2026-09-15/A7-market/keyword-metrics-brazil-2076-pt.json,measured 2026-09-15 (country package thin: candidates from 03/05 CSVs)
KBR0002,brazil,pt,calculadora gestacional,informational,non-brand,brand-v1,tools-pregnancy,,https://www.myglobalhealth.online/brazil/pt/tools/due-date-calculator,135000,0,,,desktop,2076,DataForSEO via OpenSEO,2026-09-15,improve,seo/tracking/raw/2026-09-15/A7-market/keyword-metrics-brazil-2076-pt.json,measured 2026-09-15 (country package thin: candidates from 03/05 CSVs)
KBR0003,brazil,pt,calculadora idade gestacional,informational,non-brand,brand-v1,tools-pregnancy,,https://www.myglobalhealth.online/brazil/pt/tools/due-date-calculator,60500,0,,,desktop,2076,DataForSEO via OpenSEO,2026-09-15,improve,seo/tracking/raw/2026-09-15/A7-market/keyword-metrics-brazil-2076-pt.json,measured 2026-09-15 (country package thin: candidates from 03/05 CSVs)
KBR0004,brazil,pt,declaração de comparecimento,informational,non-brand,brand-v1,sick-certificate,,,9900,0,,,desktop,2076,DataForSEO via OpenSEO,2026-09-15,new-page-candidate,seo/tracking/raw/2026-09-15/A7-market/keyword-metrics-brazil-2076-pt.json,measured 2026-09-15 (country package thin: candidates from 03/05 CSVs)
KBR0005,brazil,pt,consulta médica online,informational,non-brand,brand-v1,online-consult,,,6600,22,,,desktop,2076,DataForSEO via OpenSEO,2026-09-15,new-page-candidate,seo/tracking/raw/2026-09-15/A7-market/keyword-metrics-brazil-2076-pt.json,measured 2026-09-15 (country package thin: candidates from 03/05 CSVs)
KBR0006,brazil,pt,calculadora de gravidez,informational,non-brand,brand-v1,tools-pregnancy,,https://www.myglobalhealth.online/brazil/pt/tools/due-date-calculator,5400,0,,,desktop,2076,DataForSEO via OpenSEO,2026-09-15,improve,seo/tracking/raw/2026-09-15/A7-market/keyword-metrics-brazil-2076-pt.json,measured 2026-09-15 (country package thin: candidates from 03/05 CSVs)
KBR0007,brazil,pt,calorias por dia,informational,non-brand,brand-v1,tools-calories,,https://www.myglobalhealth.online/brazil/pt/tools/calorie-calculator,2900,4,,,desktop,2076,DataForSEO via OpenSEO,2026-09-15,improve,seo/tracking/raw/2026-09-15/A7-market/keyword-metrics-brazil-2076-pt.json,measured 2026-09-15 (country package thin: candidates from 03/05 CSVs)
KBR0008,brazil,pt,tabela de pressão arterial,informational,non-brand,brand-v1,tools-blood-pressure,,https://www.myglobalhealth.online/brazil/pt/tools/blood-pressure-chart,2400,10,,,desktop,2076,DataForSEO via OpenSEO,2026-09-15,improve,seo/tracking/raw/2026-09-15/A7-market/keyword-metrics-brazil-2076-pt.json,measured 2026-09-15 (country package thin: candidates from 03/05 CSVs)
KBR0009,brazil,pt,tabela pressão arterial,informational,non-brand,brand-v1,tools-blood-pressure,,https://www.myglobalhealth.online/brazil/pt/tools/blood-pressure-chart,2400,7,,,desktop,2076,DataForSEO via OpenSEO,2026-09-15,improve,seo/tracking/raw/2026-09-15/A7-market/keyword-metrics-brazil-2076-pt.json,measured 2026-09-15 (country package thin: candidates from 03/05 CSVs)
KBR0010,brazil,pt,help global brazil,transactional,brand-collision,brand-v1,brand-and-other,,https://www.myglobalhealth.online/brazil/en/about,1600,0,,,desktop,2076,DataForSEO via OpenSEO,2026-09-15,improve,seo/tracking/raw/2026-09-15/A7-market/keyword-metrics-brazil-2076-pt.json,measured 2026-09-15 (country package thin: candidates from 03/05 CSVs)
KBR0011,brazil,pt,solicitação de exames,informational,non-brand,brand-v1,lab-tests,,,1600,0,,,desktop,2076,DataForSEO via OpenSEO,2026-09-15,new-page-candidate,seo/tracking/raw/2026-09-15/A7-market/keyword-metrics-brazil-2076-pt.json,measured 2026-09-15 (country package thin: candidates from 03/05 CSVs)
KBR0012,brazil,pt,global health,informational,brand,brand-v1,brand-and-other,,https://www.myglobalhealth.online/brazil/es/about,1000,17,,,desktop,2076,DataForSEO via OpenSEO,2026-09-15,improve,seo/tracking/raw/2026-09-15/A7-market/keyword-metrics-brazil-2076-pt.json,measured 2026-09-15 (country package thin: candidates from 03/05 CSVs)
KBR0013,brazil,pt,clínico geral online,informational,non-brand,brand-v1,online-gp,,,720,6,,,desktop,2076,DataForSEO via OpenSEO,2026-09-15,new-page-candidate,seo/tracking/raw/2026-09-15/A7-market/keyword-metrics-brazil-2076-pt.json,measured 2026-09-15 (country package thin: candidates from 03/05 CSVs)
KBR0014,brazil,pt,medicina online brasil,navigational,non-brand,brand-v1,online-consult,,https://www.myglobalhealth.online/brazil/es,720,9,,,desktop,2076,DataForSEO via OpenSEO,2026-09-15,improve,seo/tracking/raw/2026-09-15/A7-market/keyword-metrics-brazil-2076-pt.json,measured 2026-09-15 (country package thin: candidates from 03/05 CSVs)
KBR0015,brazil,pt,renovação de receita online,transactional,non-brand,brand-v1,prescription,,,720,0,,,desktop,2076,DataForSEO via OpenSEO,2026-09-15,new-page-candidate,seo/tracking/raw/2026-09-15/A7-market/keyword-metrics-brazil-2076-pt.json,measured 2026-09-15 (country package thin: candidates from 03/05 CSVs)
KBR0016,brazil,pt,imc calculadora brasil,informational,non-brand,brand-v1,tools-bmi,,https://www.myglobalhealth.online/brazil/es/tools/bmi-calculator,590,15,,,desktop,2076,DataForSEO via OpenSEO,2026-09-15,improve,seo/tracking/raw/2026-09-15/A7-market/keyword-metrics-brazil-2076-pt.json,measured 2026-09-15 (country package thin: candidates from 03/05 CSVs)
KBR0017,brazil,pt,medical appointment,transactional,non-brand,brand-v1,online-consult,,https://www.myglobalhealth.online/brazil/en,480,0,,,desktop,2076,DataForSEO via OpenSEO,2026-09-15,improve,seo/tracking/raw/2026-09-15/A7-market/keyword-metrics-brazil-2076-pt.json,measured 2026-09-15 (country package thin: candidates from 03/05 CSVs)
KBR0018,brazil,pt,solicitação de exames laboratoriais,informational,non-brand,brand-v1,lab-tests,,https://www.myglobalhealth.online/brazil/pt/blog/solicitacao-de-exames-laboratoriais-online,390,0,,,desktop,2076,DataForSEO via OpenSEO,2026-09-15,improve,seo/tracking/raw/2026-09-15/A7-market/keyword-metrics-brazil-2076-pt.json,measured 2026-09-15 (country package thin: candidates from 03/05 CSVs)
KBR0019,brazil,pt,help global brazil atestado,transactional,brand-collision,brand-v1,sick-certificate,,https://www.myglobalhealth.online/brazil/en/about,260,,,,desktop,2076,DataForSEO via OpenSEO,2026-09-15,improve,seo/tracking/raw/2026-09-15/A7-market/keyword-metrics-brazil-2076-pt.json,measured 2026-09-15 (country package thin: candidates from 03/05 CSVs)
KBR0020,brazil,pt,o que é requisição médica,informational,non-brand,brand-v1,lab-tests,,https://www.myglobalhealth.online/brazil/pt/blog/solicitacao-de-exames-laboratoriais-online,260,0,,,desktop,2076,DataForSEO via OpenSEO,2026-09-15,improve,seo/tracking/raw/2026-09-15/A7-market/keyword-metrics-brazil-2076-pt.json,measured 2026-09-15 (country package thin: candidates from 03/05 CSVs)
KBR0021,brazil,pt,pedido de exames laboratoriais,informational,non-brand,brand-v1,lab-tests,,https://www.myglobalhealth.online/brazil/pt/blog/solicitacao-de-exames-laboratoriais-online,260,0,,,desktop,2076,DataForSEO via OpenSEO,2026-09-15,improve,seo/tracking/raw/2026-09-15/A7-market/keyword-metrics-brazil-2076-pt.json,measured 2026-09-15 (country package thin: candidates from 03/05 CSVs)
KBR0022,brazil,pt,atestado virtual,informational,non-brand,brand-v1,sick-certificate,,https://www.myglobalhealth.online/brazil/es/blog/certificado-medico-online-brasil,210,0,,,desktop,2076,DataForSEO via OpenSEO,2026-09-15,improve,seo/tracking/raw/2026-09-15/A7-market/keyword-metrics-brazil-2076-pt.json,measured 2026-09-15 (country package thin: candidates from 03/05 CSVs)
KBR0023,brazil,pt,consulta online pediatra,navigational,non-brand,brand-v1,paediatrics,,https://www.myglobalhealth.online/brazil/es/services/pediatria-online,210,0,,,desktop,2076,DataForSEO via OpenSEO,2026-09-15,improve,seo/tracking/raw/2026-09-15/A7-market/keyword-metrics-brazil-2076-pt.json,measured 2026-09-15 (country package thin: candidates from 03/05 CSVs)
KBR0024,brazil,pt,pedido de exames online,transactional,non-brand,brand-v1,lab-tests,,,210,0,,,desktop,2076,DataForSEO via OpenSEO,2026-09-15,new-page-candidate,seo/tracking/raw/2026-09-15/A7-market/keyword-metrics-brazil-2076-pt.json,measured 2026-09-15 (country package thin: candidates from 03/05 CSVs)
KBR0025,brazil,pt,medical line,informational,non-brand,brand-v1,brand-and-other,,https://www.myglobalhealth.online/brazil/en/careers,140,0,,,desktop,2076,DataForSEO via OpenSEO,2026-09-15,improve,seo/tracking/raw/2026-09-15/A7-market/keyword-metrics-brazil-2076-pt.json,measured 2026-09-15 (country package thin: candidates from 03/05 CSVs)
KBR0026,brazil,pt,clinic global health,informational,brand-collision,brand-v1,online-consult,,https://www.myglobalhealth.online/brazil/en/about,110,,,,desktop,2076,DataForSEO via OpenSEO,2026-09-15,improve,seo/tracking/raw/2026-09-15/A7-market/keyword-metrics-brazil-2076-pt.json,measured 2026-09-15 (country package thin: candidates from 03/05 CSVs)
KBR0027,brazil,pt,calcular data do parto pela lua online,transactional,non-brand,brand-v1,tools-pregnancy,,https://www.myglobalhealth.online/brazil/en/tools/due-date-calculator,90,0,,,desktop,2076,DataForSEO via OpenSEO,2026-09-15,improve,seo/tracking/raw/2026-09-15/A7-market/keyword-metrics-brazil-2076-pt.json,measured 2026-09-15 (country package thin: candidates from 03/05 CSVs)
KBR0028,brazil,pt,global health agendamento,informational,brand-collision,brand-v1,brand-and-other,,https://www.myglobalhealth.online/brazil/pt/faq,70,,,,desktop,2076,DataForSEO via OpenSEO,2026-09-15,improve,seo/tracking/raw/2026-09-15/A7-market/keyword-metrics-brazil-2076-pt.json,measured 2026-09-15 (country package thin: candidates from 03/05 CSVs)
KBR0029,brazil,pt,atestado medico brasil,transactional,non-brand,brand-v1,sick-certificate,,https://www.myglobalhealth.online/brazil/es/blog/certificado-medico-online-brasil,30,,,,desktop,2076,DataForSEO via OpenSEO,2026-09-15,improve,seo/tracking/raw/2026-09-15/A7-market/keyword-metrics-brazil-2076-pt.json,measured 2026-09-15 (country package thin: candidates from 03/05 CSVs)
KBR0030,brazil,pt,pediatra online gratis,informational,non-brand,brand-v1,paediatrics,,https://www.myglobalhealth.online/brazil/es/services/pediatria-online,30,0,,,desktop,2076,DataForSEO via OpenSEO,2026-09-15,improve,seo/tracking/raw/2026-09-15/A7-market/keyword-metrics-brazil-2076-pt.json,measured 2026-09-15 (country package thin: candidates from 03/05 CSVs)
KBR0031,brazil,pt,pressao normal tabela,informational,non-brand,brand-v1,tools-blood-pressure,,https://www.myglobalhealth.online/brazil/pt/tools/blood-pressure-chart,30,4,,,desktop,2076,DataForSEO via OpenSEO,2026-09-15,improve,seo/tracking/raw/2026-09-15/A7-market/keyword-metrics-brazil-2076-pt.json,measured 2026-09-15 (country package thin: candidates from 03/05 CSVs)
KBR0032,brazil,pt,consulta online brasil,navigational,non-brand,brand-v1,online-consult,,https://www.myglobalhealth.online/brazil/es/about,20,9,,,desktop,2076,DataForSEO via OpenSEO,2026-09-15,improve,seo/tracking/raw/2026-09-15/A7-market/keyword-metrics-brazil-2076-pt.json,measured 2026-09-15 (country package thin: candidates from 03/05 CSVs)
KBR0033,brazil,pt,calculadora imc brasil,informational,non-brand,brand-v1,tools-bmi,,https://www.myglobalhealth.online/brazil/es/tools/bmi-calculator,10,15,,,desktop,2076,DataForSEO via OpenSEO,2026-09-15,improve,seo/tracking/raw/2026-09-15/A7-market/keyword-metrics-brazil-2076-pt.json,measured 2026-09-15 (country package thin: candidates from 03/05 CSVs)
KBR0034,brazil,pt,certificado médico online,informational,non-brand,brand-v1,sick-certificate,,https://www.myglobalhealth.online/brazil/es,10,,,,desktop,2076,DataForSEO via OpenSEO,2026-09-15,improve,seo/tracking/raw/2026-09-15/A7-market/keyword-metrics-brazil-2076-pt.json,measured 2026-09-15 (country package thin: candidates from 03/05 CSVs)
KBR0035,brazil,pt,plataforma para consultas médicas,informational,non-brand,brand-v1,online-consult,,https://www.myglobalhealth.online/brazil/pt/gp-consultation-online,10,,,,desktop,2076,DataForSEO via OpenSEO,2026-09-15,improve,seo/tracking/raw/2026-09-15/A7-market/keyword-metrics-brazil-2076-pt.json,measured 2026-09-15 (country package thin: candidates from 03/05 CSVs)
KBR0036,brazil,pt,request a test,transactional,non-brand,brand-v1,brand-and-other,,https://www.myglobalhealth.online/brazil/en/blog/laboratory-test-request-brazil,10,90,,,desktop,2076,DataForSEO via OpenSEO,2026-09-15,improve,seo/tracking/raw/2026-09-15/A7-market/keyword-metrics-brazil-2076-pt.json,measured 2026-09-15 (country package thin: candidates from 03/05 CSVs)
KBR0037,brazil,pt,atestado médico online,transactional,non-brand,brand-v1,sick-certificate,,,,0,,,desktop,2076,DataForSEO via OpenSEO,2026-09-15,ignore,seo/tracking/raw/2026-09-15/A7-market/keyword-metrics-brazil-2076-pt.json,measured 2026-09-15 (country package thin: candidates from 03/05 CSVs)
KBR0038,brazil,pt,diagnóstico tdah online,informational,non-brand,brand-v1,mental-health,,https://www.myglobalhealth.online/brazil/es/tools/adhd-test,,0,,,desktop,2076,DataForSEO via OpenSEO,2026-09-15,ignore,seo/tracking/raw/2026-09-15/A7-market/keyword-metrics-brazil-2076-pt.json,measured 2026-09-15 (country package thin: candidates from 03/05 CSVs)
KBR0039,brazil,pt,hemato,informational,non-brand,brand-v1,brand-and-other,,https://www.myglobalhealth.online/brazil/en/blog/laboratory-test-request-brazil,,0,,,desktop,2076,DataForSEO via OpenSEO,2026-09-15,ignore,seo/tracking/raw/2026-09-15/A7-market/keyword-metrics-brazil-2076-pt.json,measured 2026-09-15 (country package thin: candidates from 03/05 CSVs)
KBR0040,brazil,pt,teste tdah online,informational,non-brand,brand-v1,mental-health,,https://www.myglobalhealth.online/brazil/es/tools/adhd-test,,4,,,desktop,2076,DataForSEO via OpenSEO,2026-09-15,ignore,seo/tracking/raw/2026-09-15/A7-market/keyword-metrics-brazil-2076-pt.json,measured 2026-09-15 (country package thin: candidates from 03/05 CSVs)
KBR0041,brazil,pt,consulta online saúde masculina,commercial,non-brand,brand-v1,online-consult,,,,,,,desktop,2076,DataForSEO via OpenSEO,2026-09-15,ignore,seo/brazil/03-keyword-master.csv (2026-09-13),reused country package 2026-09-13 (<30d)
KSP0053,spain,es,dermatolog online,commercial,non-brand,brand-v1,dermatology,,https://www.myglobalhealth.online/spain/cs/blog/dermatolog-online-spanelsko,,,,,desktop,2724,DataForSEO via OpenSEO,2026-09-15,ignore,"seo/spain/05-url-keyword-map.csv (2026-09-13, GSC-observed query; no provider volume returned 2026-09-15)","reused country package 2026-09-13 (<30d); GSC-observed, volume unmeasured"
KSP0054,spain,es,online dermatolog,commercial,non-brand,brand-v1,dermatology,,https://www.myglobalhealth.online/spain/cs/blog/dermatolog-online-spanelsko,,,,,desktop,2724,DataForSEO via OpenSEO,2026-09-15,ignore,"seo/spain/05-url-keyword-map.csv (2026-09-13, GSC-observed query; no provider volume returned 2026-09-15)","reused country package 2026-09-13 (<30d); GSC-observed, volume unmeasured"
KSP0055,spain,es,jak snížit krevní tlak okamžitě,informational,non-brand,brand-v1,tools-blood-pressure,,https://www.myglobalhealth.online/spain/cs/blog/jak-snizit-krevni-tlak-co-funguje-podle-smernic-a-co-jen-vypada-ze-funguje,,,,,desktop,2724,DataForSEO via OpenSEO,2026-09-15,ignore,"seo/spain/05-url-keyword-map.csv (2026-09-13, GSC-observed query; no provider volume returned 2026-09-15)","reused country package 2026-09-13 (<30d); GSC-observed, volume unmeasured"
KSP0056,spain,es,lipový čaj a vysoký tlak,informational,non-brand,brand-v1,tools-blood-pressure,,https://www.myglobalhealth.online/spain/cs/blog/jak-snizit-krevni-tlak-co-funguje-podle-smernic-a-co-jen-vypada-ze-funguje,,,,,desktop,2724,DataForSEO via OpenSEO,2026-09-15,ignore,"seo/spain/05-url-keyword-map.csv (2026-09-13, GSC-observed query; no provider volume returned 2026-09-15)","reused country package 2026-09-13 (<30d); GSC-observed, volume unmeasured"
KSP0057,spain,es,úzkostná porucha pracovní neschopnost,informational,non-brand,brand-v1,brand-and-other,,https://www.myglobalhealth.online/spain/cs/blog/pracovni-neschopnost-uzkost-spanelsko,,,,,desktop,2724,DataForSEO via OpenSEO,2026-09-15,ignore,"seo/spain/05-url-keyword-map.csv (2026-09-13, GSC-observed query; no provider volume returned 2026-09-15)","reused country package 2026-09-13 (<30d); GSC-observed, volume unmeasured"
KSP0058,spain,es,alfredo del valle moreno montañez,informational,non-brand,brand-v1,brand-and-other,,https://www.myglobalhealth.online/spain/cs/doctors/dr-alfredo-del-valle,,,,,desktop,2724,DataForSEO via OpenSEO,2026-09-15,ignore,"seo/spain/05-url-keyword-map.csv (2026-09-13, GSC-observed query; no provider volume returned 2026-09-15)","reused country package 2026-09-13 (<30d); GSC-observed, volume unmeasured"
KSP0059,spain,es,alfredo del val moreno montañez,informational,non-brand,brand-v1,brand-and-other,,https://www.myglobalhealth.online/spain/cs/doctors/dr-alfredo-del-valle,,,,,desktop,2724,DataForSEO via OpenSEO,2026-09-15,ignore,"seo/spain/05-url-keyword-map.csv (2026-09-13, GSC-observed query; no provider volume returned 2026-09-15)","reused country package 2026-09-13 (<30d); GSC-observed, volume unmeasured"
KSP0060,spain,es,dr szilágyi eszter,informational,non-brand,brand-v1,brand-and-other,,https://www.myglobalhealth.online/spain/cs/doctors/dr-eszter-szilagyi,,,,,desktop,2724,DataForSEO via OpenSEO,2026-09-15,ignore,"seo/spain/05-url-keyword-map.csv (2026-09-13, GSC-observed query; no provider volume returned 2026-09-15)","reused country package 2026-09-13 (<30d); GSC-observed, volume unmeasured"
KSP0061,spain,es,eszter szilagyi,informational,non-brand,brand-v1,brand-and-other,,https://www.myglobalhealth.online/spain/cs/doctors/dr-eszter-szilagyi,,,,,desktop,2724,DataForSEO via OpenSEO,2026-09-15,ignore,"seo/spain/05-url-keyword-map.csv (2026-09-13, GSC-observed query; no provider volume returned 2026-09-15)","reused country package 2026-09-13 (<30d); GSC-observed, volume unmeasured"
KSP0062,spain,es,fabiana cornejo,informational,non-brand,brand-v1,brand-and-other,,https://www.myglobalhealth.online/spain/cs/doctors/dr-fabiana-cornejo,,,,,desktop,2724,DataForSEO via OpenSEO,2026-09-15,ignore,"seo/spain/05-url-keyword-map.csv (2026-09-13, GSC-observed query; no provider volume returned 2026-09-15)","reused country package 2026-09-13 (<30d); GSC-observed, volume unmeasured"
KSP0063,spain,es,luz marina zuluaga,informational,non-brand,brand-v1,brand-and-other,,https://www.myglobalhealth.online/spain/cs/doctors/dr-luz-marina-zuluaga-rios,,,,,desktop,2724,DataForSEO via OpenSEO,2026-09-15,ignore,"seo/spain/05-url-keyword-map.csv (2026-09-13, GSC-observed query; no provider volume returned 2026-09-15)","reused country package 2026-09-13 (<30d); GSC-observed, volume unmeasured"
KSP0064,spain,es,irale,informational,non-brand,brand-v1,brand-and-other,,https://www.myglobalhealth.online/spain/cs/doctors/dr-silvina-irale,,,,,desktop,2724,DataForSEO via OpenSEO,2026-09-15,ignore,"seo/spain/05-url-keyword-map.csv (2026-09-13, GSC-observed query; no provider volume returned 2026-09-15)","reused country package 2026-09-13 (<30d); GSC-observed, volume unmeasured"
KSP0065,spain,es,tomas ruiz palacios psicologo,informational,non-brand,brand-v1,mental-health,,https://www.myglobalhealth.online/spain/cs/doctors/dr-tomas-ruiz-palacios,,,,,desktop,2724,DataForSEO via OpenSEO,2026-09-15,ignore,"seo/spain/05-url-keyword-map.csv (2026-09-13, GSC-observed query; no provider volume returned 2026-09-15)","reused country package 2026-09-13 (<30d); GSC-observed, volume unmeasured"
KSP0066,spain,es,tomas ruiz,informational,non-brand,brand-v1,brand-and-other,,https://www.myglobalhealth.online/spain/cs/doctors/dr-tomas-ruiz-palacios,,,,,desktop,2724,DataForSEO via OpenSEO,2026-09-15,ignore,"seo/spain/05-url-keyword-map.csv (2026-09-13, GSC-observed query; no provider volume returned 2026-09-15)","reused country package 2026-09-13 (<30d); GSC-observed, volume unmeasured"
KSP0067,spain,es,kardiologie online,commercial,non-brand,brand-v1,brand-and-other,,https://www.myglobalhealth.online/spain/cs/services/cardiologo-online,,,,,desktop,2724,DataForSEO via OpenSEO,2026-09-15,ignore,"seo/spain/05-url-keyword-map.csv (2026-09-13, GSC-observed query; no provider volume returned 2026-09-15)","reused country package 2026-09-13 (<30d); GSC-observed, volume unmeasured"
KSP0068,spain,es,online kardiologe,commercial,non-brand,brand-v1,brand-and-other,,https://www.myglobalhealth.online/spain/cs/services/cardiologo-online,,,,,desktop,2724,DataForSEO via OpenSEO,2026-09-15,ignore,"seo/spain/05-url-keyword-map.csv (2026-09-13, GSC-observed query; no provider volume returned 2026-09-15)","reused country package 2026-09-13 (<30d); GSC-observed, volume unmeasured"
KSP0069,spain,es,kožní poradna online,commercial,non-brand,brand-v1,dermatology,,https://www.myglobalhealth.online/spain/cs/services/consulta-piel-online,,,,,desktop,2724,DataForSEO via OpenSEO,2026-09-15,ignore,"seo/spain/05-url-keyword-map.csv (2026-09-13, GSC-observed query; no provider volume returned 2026-09-15)","reused country package 2026-09-13 (<30d); GSC-observed, volume unmeasured"
KSP0070,spain,es,dermatolog online 24h,commercial,non-brand,brand-v1,dermatology,,https://www.myglobalhealth.online/spain/cs/services/consulta-piel-online,,,,,desktop,2724,DataForSEO via OpenSEO,2026-09-15,ignore,"seo/spain/05-url-keyword-map.csv (2026-09-13, GSC-observed query; no provider volume returned 2026-09-15)","reused country package 2026-09-13 (<30d); GSC-observed, volume unmeasured"
KSP0071,spain,es,dermatologie online,commercial,non-brand,brand-v1,dermatology,,https://www.myglobalhealth.online/spain/cs/services/consulta-piel-online,,,,,desktop,2724,DataForSEO via OpenSEO,2026-09-15,ignore,"seo/spain/05-url-keyword-map.csv (2026-09-13, GSC-observed query; no provider volume returned 2026-09-15)","reused country package 2026-09-13 (<30d); GSC-observed, volume unmeasured"
KSP0072,spain,es,kožní lékař online,commercial,non-brand,brand-v1,dermatology,,https://www.myglobalhealth.online/spain/cs/services/consulta-piel-online,,,,,desktop,2724,DataForSEO via OpenSEO,2026-09-15,ignore,"seo/spain/05-url-keyword-map.csv (2026-09-13, GSC-observed query; no provider volume returned 2026-09-15)","reused country package 2026-09-13 (<30d); GSC-observed, volume unmeasured"
KSP0073,spain,es,medicinaonline,commercial,non-brand,brand-v1,brand-and-other,,https://www.myglobalhealth.online/spain/cs/services/medicina-viaje-online,,,,,desktop,2724,DataForSEO via OpenSEO,2026-09-15,ignore,"seo/spain/05-url-keyword-map.csv (2026-09-13, GSC-observed query; no provider volume returned 2026-09-15)","reused country package 2026-09-13 (<30d); GSC-observed, volume unmeasured"
KSP0074,spain,es,klinicky psycholog online,commercial,non-brand,brand-v1,mental-health,,https://www.myglobalhealth.online/spain/cs/services/psicologo-online,,,,,desktop,2724,DataForSEO via OpenSEO,2026-09-15,ignore,"seo/spain/05-url-keyword-map.csv (2026-09-13, GSC-observed query; no provider volume returned 2026-09-15)","reused country package 2026-09-13 (<30d); GSC-observed, volume unmeasured"
KSP0075,spain,es,online psikolog,commercial,non-brand,brand-v1,brand-and-other,,https://www.myglobalhealth.online/spain/cs/services/psicologo-online,,,,,desktop,2724,DataForSEO via OpenSEO,2026-09-15,ignore,"seo/spain/05-url-keyword-map.csv (2026-09-13, GSC-observed query; no provider volume returned 2026-09-15)","reused country package 2026-09-13 (<30d); GSC-observed, volume unmeasured"
KSP0076,spain,es,online psychologie,commercial,non-brand,brand-v1,mental-health,,https://www.myglobalhealth.online/spain/cs/services/psicologo-online,,,,,desktop,2724,DataForSEO via OpenSEO,2026-09-15,ignore,"seo/spain/05-url-keyword-map.csv (2026-09-13, GSC-observed query; no provider volume returned 2026-09-15)","reused country package 2026-09-13 (<30d); GSC-observed, volume unmeasured"
KSP0077,spain,es,psychologie trauma,informational,non-brand,brand-v1,mental-health,,https://www.myglobalhealth.online/spain/cs/services/psicologo-online,,,,,desktop,2724,DataForSEO via OpenSEO,2026-09-15,ignore,"seo/spain/05-url-keyword-map.csv (2026-09-13, GSC-observed query; no provider volume returned 2026-09-15)","reused country package 2026-09-13 (<30d); GSC-observed, volume unmeasured"
KSP0078,spain,es,psychologovia,informational,non-brand,brand-v1,mental-health,,https://www.myglobalhealth.online/spain/cs/services/psicologo-online,,,,,desktop,2724,DataForSEO via OpenSEO,2026-09-15,ignore,"seo/spain/05-url-keyword-map.csv (2026-09-13, GSC-observed query; no provider volume returned 2026-09-15)","reused country package 2026-09-13 (<30d); GSC-observed, volume unmeasured"
KSP0079,spain,es,psychiatr online,commercial,non-brand,brand-v1,mental-health,,https://www.myglobalhealth.online/spain/cs/services/psiquiatra-online,,,,,desktop,2724,DataForSEO via OpenSEO,2026-09-15,ignore,"seo/spain/05-url-keyword-map.csv (2026-09-13, GSC-observed query; no provider volume returned 2026-09-15)","reused country package 2026-09-13 (<30d); GSC-observed, volume unmeasured"
KSP0080,spain,es,online psychiatrie,commercial,non-brand,brand-v1,mental-health,,https://www.myglobalhealth.online/spain/cs/services/psiquiatra-online,,,,,desktop,2724,DataForSEO via OpenSEO,2026-09-15,ignore,"seo/spain/05-url-keyword-map.csv (2026-09-13, GSC-observed query; no provider volume returned 2026-09-15)","reused country package 2026-09-13 (<30d); GSC-observed, volume unmeasured"
KSP0081,spain,es,ovulační kalkulačka,informational,non-brand,brand-v1,tools-pregnancy,,https://www.myglobalhealth.online/spain/cs/tools/due-date-calculator,,,,,desktop,2724,DataForSEO via OpenSEO,2026-09-15,ignore,"seo/spain/05-url-keyword-map.csv (2026-09-13, GSC-observed query; no provider volume returned 2026-09-15)","reused country package 2026-09-13 (<30d); GSC-observed, volume unmeasured"
KSP0082,spain,es,těhu kalkulačka,informational,non-brand,brand-v1,brand-and-other,,https://www.myglobalhealth.online/spain/cs/tools/due-date-calculator,,,,,desktop,2724,DataForSEO via OpenSEO,2026-09-15,ignore,"seo/spain/05-url-keyword-map.csv (2026-09-13, GSC-observed query; no provider volume returned 2026-09-15)","reused country package 2026-09-13 (<30d); GSC-observed, volume unmeasured"
KSP0083,spain,es,ovulacna kalkulacka online,informational,non-brand,brand-v1,tools-pregnancy,,https://www.myglobalhealth.online/spain/cs/tools/ovulation-calculator,,,,,desktop,2724,DataForSEO via OpenSEO,2026-09-15,ignore,"seo/spain/05-url-keyword-map.csv (2026-09-13, GSC-observed query; no provider volume returned 2026-09-15)","reused country package 2026-09-13 (<30d); GSC-observed, volume unmeasured"
KSP0084,spain,es,was hilft bei bluthochdruck,informational,non-brand,brand-v1,brand-and-other,,https://www.myglobalhealth.online/spain/de/blog/blutdruck-senken-was-laut-leitlinien-wirkt-und-was-nur-so-wirkt,,,,,desktop,2724,DataForSEO via OpenSEO,2026-09-15,ignore,"seo/spain/05-url-keyword-map.csv (2026-09-13, GSC-observed query; no provider volume returned 2026-09-15)","reused country package 2026-09-13 (<30d); GSC-observed, volume unmeasured"
KSP0085,spain,es,was kann man tun?,informational,non-brand,brand-v1,brand-and-other,,https://www.myglobalhealth.online/spain/de/blog/blutdruck-senken-was-laut-leitlinien-wirkt-und-was-nur-so-wirkt,,,,,desktop,2724,DataForSEO via OpenSEO,2026-09-15,ignore,"seo/spain/05-url-keyword-map.csv (2026-09-13, GSC-observed query; no provider volume returned 2026-09-15)","reused country package 2026-09-13 (<30d); GSC-observed, volume unmeasured"
KSP0086,spain,es,krankschreibung in spanien,informational,non-brand,brand-v1,sick-certificate,,https://www.myglobalhealth.online/spain/de/blog/krankschreibung-angst-spanien,,,,,desktop,2724,DataForSEO via OpenSEO,2026-09-15,ignore,"seo/spain/05-url-keyword-map.csv (2026-09-13, GSC-observed query; no provider volume returned 2026-09-15)","reused country package 2026-09-13 (<30d); GSC-observed, volume unmeasured"
KSP0087,spain,es,krankschreibung spanien,informational,non-brand,brand-v1,sick-certificate,,https://www.myglobalhealth.online/spain/de/blog/krankschreibung-angst-spanien,,,,,desktop,2724,DataForSEO via OpenSEO,2026-09-15,ignore,"seo/spain/05-url-keyword-map.csv (2026-09-13, GSC-observed query; no provider volume returned 2026-09-15)","reused country package 2026-09-13 (<30d); GSC-observed, volume unmeasured"
KSP0088,spain,es,spanien krankmeldung,informational,non-brand,brand-v1,sick-certificate,,https://www.myglobalhealth.online/spain/de/blog/krankschreibung-angst-spanien,,,,,desktop,2724,DataForSEO via OpenSEO,2026-09-15,ignore,"seo/spain/05-url-keyword-map.csv (2026-09-13, GSC-observed query; no provider volume returned 2026-09-15)","reused country package 2026-09-13 (<30d); GSC-observed, volume unmeasured"
KSP0089,spain,es,blutdruck frau 40 jahre,informational,non-brand,brand-v1,tools-blood-pressure,,https://www.myglobalhealth.online/spain/de/blog/normaler-blutdruck-tabelle-nach-alter-und-geschlecht-ohne-mythen,,,,,desktop,2724,DataForSEO via OpenSEO,2026-09-15,ignore,"seo/spain/05-url-keyword-map.csv (2026-09-13, GSC-observed query; no provider volume returned 2026-09-15)","reused country package 2026-09-13 (<30d); GSC-observed, volume unmeasured"
KSP0090,spain,es,blutdruck mann 65 jahre,informational,non-brand,brand-v1,tools-blood-pressure,,https://www.myglobalhealth.online/spain/de/blog/normaler-blutdruck-tabelle-nach-alter-und-geschlecht-ohne-mythen,,,,,desktop,2724,DataForSEO via OpenSEO,2026-09-15,ignore,"seo/spain/05-url-keyword-map.csv (2026-09-13, GSC-observed query; no provider volume returned 2026-09-15)","reused country package 2026-09-13 (<30d); GSC-observed, volume unmeasured"
KSP0091,spain,es,blutdruck männer tabelle,informational,non-brand,brand-v1,tools-blood-pressure,,https://www.myglobalhealth.online/spain/de/blog/normaler-blutdruck-tabelle-nach-alter-und-geschlecht-ohne-mythen,,,,,desktop,2724,DataForSEO via OpenSEO,2026-09-15,ignore,"seo/spain/05-url-keyword-map.csv (2026-09-13, GSC-observed query; no provider volume returned 2026-09-15)","reused country package 2026-09-13 (<30d); GSC-observed, volume unmeasured"
KSP0092,spain,es,blutdruck tabelle,informational,non-brand,brand-v1,tools-blood-pressure,,https://www.myglobalhealth.online/spain/de/blog/normaler-blutdruck-tabelle-nach-alter-und-geschlecht-ohne-mythen,,,,,desktop,2724,DataForSEO via OpenSEO,2026-09-15,ignore,"seo/spain/05-url-keyword-map.csv (2026-09-13, GSC-observed query; no provider volume returned 2026-09-15)","reused country package 2026-09-13 (<30d); GSC-observed, volume unmeasured"
KSP0093,spain,es,blutdruck tabelle nach alter und geschlecht,informational,non-brand,brand-v1,tools-blood-pressure,,https://www.myglobalhealth.online/spain/de/blog/normaler-blutdruck-tabelle-nach-alter-und-geschlecht-ohne-mythen,,,,,desktop,2724,DataForSEO via OpenSEO,2026-09-15,ignore,"seo/spain/05-url-keyword-map.csv (2026-09-13, GSC-observed query; no provider volume returned 2026-09-15)","reused country package 2026-09-13 (<30d); GSC-observed, volume unmeasured"
KSP0094,spain,es,husten und schnupfen,informational,non-brand,brand-v1,brand-and-other,,https://www.myglobalhealth.online/spain/de/gp-consultation-online,,,,,desktop,2724,DataForSEO via OpenSEO,2026-09-15,ignore,"seo/spain/05-url-keyword-map.csv (2026-09-13, GSC-observed query; no provider volume returned 2026-09-15)","reused country package 2026-09-13 (<30d); GSC-observed, volume unmeasured"
KSP0095,spain,es,kardiologe englisch,informational,non-brand,brand-v1,brand-and-other,,https://www.myglobalhealth.online/spain/de/services/cardiologo-online,,,,,desktop,2724,DataForSEO via OpenSEO,2026-09-15,ignore,"seo/spain/05-url-keyword-map.csv (2026-09-13, GSC-observed query; no provider volume returned 2026-09-15)","reused country package 2026-09-13 (<30d); GSC-observed, volume unmeasured"
KSP0096,spain,es,online ã¤rztliches attest,commercial,non-brand,brand-v1,brand-and-other,,https://www.myglobalhealth.online/spain/de/services/justificante-medico-online,,,,,desktop,2724,DataForSEO via OpenSEO,2026-09-15,ignore,"seo/spain/05-url-keyword-map.csv (2026-09-13, GSC-observed query; no provider volume returned 2026-09-15)","reused country package 2026-09-13 (<30d); GSC-observed, volume unmeasured"
KSP0097,spain,es,psychologin,informational,non-brand,brand-v1,mental-health,,https://www.myglobalhealth.online/spain/de/services/psicologo-online,,,,,desktop,2724,DataForSEO via OpenSEO,2026-09-15,ignore,"seo/spain/05-url-keyword-map.csv (2026-09-13, GSC-observed query; no provider volume returned 2026-09-15)","reused country package 2026-09-13 (<30d); GSC-observed, volume unmeasured"
KSP0098,spain,es,adhs online test erwachsene,commercial,non-brand,brand-v1,mental-health,,https://www.myglobalhealth.online/spain/de/tools/adhd-test,,,,,desktop,2724,DataForSEO via OpenSEO,2026-09-15,ignore,"seo/spain/05-url-keyword-map.csv (2026-09-13, GSC-observed query; no provider volume returned 2026-09-15)","reused country package 2026-09-13 (<30d); GSC-observed, volume unmeasured"
KSP0099,spain,es,adhs erwachsene test online,commercial,non-brand,brand-v1,mental-health,,https://www.myglobalhealth.online/spain/de/tools/adhd-test,,,,,desktop,2724,DataForSEO via OpenSEO,2026-09-15,ignore,"seo/spain/05-url-keyword-map.csv (2026-09-13, GSC-observed query; no provider volume returned 2026-09-15)","reused country package 2026-09-13 (<30d); GSC-observed, volume unmeasured"
KSP0100,spain,es,adhs-test online erwachsene,commercial,non-brand,brand-v1,mental-health,,https://www.myglobalhealth.online/spain/de/tools/adhd-test,,,,,desktop,2724,DataForSEO via OpenSEO,2026-09-15,ignore,"seo/spain/05-url-keyword-map.csv (2026-09-13, GSC-observed query; no provider volume returned 2026-09-15)","reused country package 2026-09-13 (<30d); GSC-observed, volume unmeasured"
KSP0101,spain,es,kostenloser adhs-test erwachsene,informational,non-brand,brand-v1,mental-health,,https://www.myglobalhealth.online/spain/de/tools/adhd-test,,,,,desktop,2724,DataForSEO via OpenSEO,2026-09-15,ignore,"seo/spain/05-url-keyword-map.csv (2026-09-13, GSC-observed query; no provider volume returned 2026-09-15)","reused country package 2026-09-13 (<30d); GSC-observed, volume unmeasured"
KSP0102,spain,es,kalorienbedarf berechnen sport,informational,non-brand,brand-v1,tools-calories,,https://www.myglobalhealth.online/spain/de/tools/calorie-calculator,,,,,desktop,2724,DataForSEO via OpenSEO,2026-09-15,ignore,"seo/spain/05-url-keyword-map.csv (2026-09-13, GSC-observed query; no provider volume returned 2026-09-15)","reused country package 2026-09-13 (<30d); GSC-observed, volume unmeasured"
KSP0103,spain,es,online medical follow up,commercial,non-brand,brand-v1,brand-and-other,,https://www.myglobalhealth.online/spain/en,,,,,desktop,2724,DataForSEO via OpenSEO,2026-09-15,ignore,"seo/spain/05-url-keyword-map.csv (2026-09-13, GSC-observed query; no provider volume returned 2026-09-15)","reused country package 2026-09-13 (<30d); GSC-observed, volume unmeasured"
KSP0104,spain,es,book online doctor appointment,transactional,non-brand,brand-v1,online-gp,,https://www.myglobalhealth.online/spain/en,,,,,desktop,2724,DataForSEO via OpenSEO,2026-09-15,ignore,"seo/spain/05-url-keyword-map.csv (2026-09-13, GSC-observed query; no provider volume returned 2026-09-15)","reused country package 2026-09-13 (<30d); GSC-observed, volume unmeasured"
KSP0105,spain,es,book online physician,transactional,non-brand,brand-v1,brand-and-other,,https://www.myglobalhealth.online/spain/en,,,,,desktop,2724,DataForSEO via OpenSEO,2026-09-15,ignore,"seo/spain/05-url-keyword-map.csv (2026-09-13, GSC-observed query; no provider volume returned 2026-09-15)","reused country package 2026-09-13 (<30d); GSC-observed, volume unmeasured"
KSP0106,spain,es,new blood pressure guidelines 2026 110 70,informational,non-brand,brand-v1,tools-blood-pressure,,https://www.myglobalhealth.online/spain/en/blog/how-to-lower-blood-pressure-what-works-according-to-the-guidelines-and-what-only,,,,,desktop,2724,DataForSEO via OpenSEO,2026-09-15,ignore,"seo/spain/05-url-keyword-map.csv (2026-09-13, GSC-observed query; no provider volume returned 2026-09-15)","reused country package 2026-09-13 (<30d); GSC-observed, volume unmeasured"
KSP0107,spain,es,online doctor consultation for skin problems,commercial,non-brand,brand-v1,dermatology,,https://www.myglobalhealth.online/spain/en/blog/online-dermatologist-spain,,,,,desktop,2724,DataForSEO via OpenSEO,2026-09-15,ignore,"seo/spain/05-url-keyword-map.csv (2026-09-13, GSC-observed query; no provider volume returned 2026-09-15)","reused country package 2026-09-13 (<30d); GSC-observed, volume unmeasured"
KSP0108,spain,es,online consultation for skin problems,commercial,non-brand,brand-v1,dermatology,,https://www.myglobalhealth.online/spain/en/blog/online-dermatologist-spain,,,,,desktop,2724,DataForSEO via OpenSEO,2026-09-15,ignore,"seo/spain/05-url-keyword-map.csv (2026-09-13, GSC-observed query; no provider volume returned 2026-09-15)","reused country package 2026-09-13 (<30d); GSC-observed, volume unmeasured"
KSP0109,spain,es,online dermatologist,commercial,non-brand,brand-v1,dermatology,,https://www.myglobalhealth.online/spain/en/blog/online-dermatologist-spain,,,,,desktop,2724,DataForSEO via OpenSEO,2026-09-15,ignore,"seo/spain/05-url-keyword-map.csv (2026-09-13, GSC-observed query; no provider volume returned 2026-09-15)","reused country package 2026-09-13 (<30d); GSC-observed, volume unmeasured"
KSP0110,spain,es,online dermatology,commercial,non-brand,brand-v1,dermatology,,https://www.myglobalhealth.online/spain/en/blog/online-dermatologist-spain,,,,,desktop,2724,DataForSEO via OpenSEO,2026-09-15,ignore,"seo/spain/05-url-keyword-map.csv (2026-09-13, GSC-observed query; no provider volume returned 2026-09-15)","reused country package 2026-09-13 (<30d); GSC-observed, volume unmeasured"
KSP0111,spain,es,online dermatology consultation,commercial,non-brand,brand-v1,dermatology,,https://www.myglobalhealth.online/spain/en/blog/online-dermatologist-spain,,,,,desktop,2724,DataForSEO via OpenSEO,2026-09-15,ignore,"seo/spain/05-url-keyword-map.csv (2026-09-13, GSC-observed query; no provider volume returned 2026-09-15)","reused country package 2026-09-13 (<30d); GSC-observed, volume unmeasured"
KSP0112,spain,es,burnout sick leave spain,informational,non-brand,brand-v1,brand-and-other,,https://www.myglobalhealth.online/spain/en/blog/sick-leave-anxiety-spain,,,,,desktop,2724,DataForSEO via OpenSEO,2026-09-15,ignore,"seo/spain/05-url-keyword-map.csv (2026-09-13, GSC-observed query; no provider volume returned 2026-09-15)","reused country package 2026-09-13 (<30d); GSC-observed, volume unmeasured"
KSP0113,spain,es,can i take mc for mental health,informational,non-brand,brand-v1,mental-health,,https://www.myglobalhealth.online/spain/en/blog/sick-leave-anxiety-spain,,,,,desktop,2724,DataForSEO via OpenSEO,2026-09-15,ignore,"seo/spain/05-url-keyword-map.csv (2026-09-13, GSC-observed query; no provider volume returned 2026-09-15)","reused country package 2026-09-13 (<30d); GSC-observed, volume unmeasured"
KSP0114,spain,es,digo en españa,informational,non-brand,brand-v1,brand-and-other,,https://www.myglobalhealth.online/spain/en/blog/sick-leave-anxiety-spain,,,,,desktop,2724,DataForSEO via OpenSEO,2026-09-15,ignore,"seo/spain/05-url-keyword-map.csv (2026-09-13, GSC-observed query; no provider volume returned 2026-09-15)","reused country package 2026-09-13 (<30d); GSC-observed, volume unmeasured"
KSP0115,spain,es,en espagne,informational,non-brand,brand-v1,brand-and-other,,https://www.myglobalhealth.online/spain/en/blog/sick-leave-anxiety-spain,,,,,desktop,2724,DataForSEO via OpenSEO,2026-09-15,ignore,"seo/spain/05-url-keyword-map.csv (2026-09-13, GSC-observed query; no provider volume returned 2026-09-15)","reused country package 2026-09-13 (<30d); GSC-observed, volume unmeasured"
KSP0116,spain,es,es por depresión,informational,non-brand,brand-v1,brand-and-other,,https://www.myglobalhealth.online/spain/en/blog/sick-leave-anxiety-spain,,,,,desktop,2724,DataForSEO via OpenSEO,2026-09-15,ignore,"seo/spain/05-url-keyword-map.csv (2026-09-13, GSC-observed query; no provider volume returned 2026-09-15)","reused country package 2026-09-13 (<30d); GSC-observed, volume unmeasured"
KSP0117,spain,es,health consultation,informational,non-brand,brand-v1,online-consult,,https://www.myglobalhealth.online/spain/en/book,,,,,desktop,2724,DataForSEO via OpenSEO,2026-09-15,ignore,"seo/spain/05-url-keyword-map.csv (2026-09-13, GSC-observed query; no provider volume returned 2026-09-15)","reused country package 2026-09-13 (<30d); GSC-observed, volume unmeasured"
KSP0118,spain,es,%teléfono de la esperanza 717 003 717 official,informational,non-brand,brand-v1,brand-and-other,,https://www.myglobalhealth.online/spain/en/doctors/dr-javier-villarte-betancor,,,,,desktop,2724,DataForSEO via OpenSEO,2026-09-15,ignore,"seo/spain/05-url-keyword-map.csv (2026-09-13, GSC-observed query; no provider volume returned 2026-09-15)","reused country package 2026-09-13 (<30d); GSC-observed, volume unmeasured"
KSP0119,spain,es,como denunciar,informational,non-brand,brand-v1,brand-and-other,,https://www.myglobalhealth.online/spain/en/legal/complaints-procedure,,,,,desktop,2724,DataForSEO via OpenSEO,2026-09-15,ignore,"seo/spain/05-url-keyword-map.csv (2026-09-13, GSC-observed query; no provider volume returned 2026-09-15)","reused country package 2026-09-13 (<30d); GSC-observed, volume unmeasured"
KSP0120,spain,es,que pasa luego,informational,non-brand,brand-v1,brand-and-other,,https://www.myglobalhealth.online/spain/en/legal/complaints-procedure,,,,,desktop,2724,DataForSEO via OpenSEO,2026-09-15,ignore,"seo/spain/05-url-keyword-map.csv (2026-09-13, GSC-observed query; no provider volume returned 2026-09-15)","reused country package 2026-09-13 (<30d); GSC-observed, volume unmeasured"
KSP0121,spain,es,which hair loss programs include doctor consultations?,informational,non-brand,brand-v1,dermatology,,https://www.myglobalhealth.online/spain/en/services/caida-cabello-online,,,,,desktop,2724,DataForSEO via OpenSEO,2026-09-15,ignore,"seo/spain/05-url-keyword-map.csv (2026-09-13, GSC-observed query; no provider volume returned 2026-09-15)","reused country package 2026-09-13 (<30d); GSC-observed, volume unmeasured"
KSP0122,spain,es,online obesity management,commercial,non-brand,brand-v1,weight-management,,https://www.myglobalhealth.online/spain/en/services/control-peso-online,,,,,desktop,2724,DataForSEO via OpenSEO,2026-09-15,ignore,"seo/spain/05-url-keyword-map.csv (2026-09-13, GSC-observed query; no provider volume returned 2026-09-15)","reused country package 2026-09-13 (<30d); GSC-observed, volume unmeasured"
KSP0123,spain,es,atencion dermatologica online,commercial,non-brand,brand-v1,dermatology,,https://www.myglobalhealth.online/spain/en/services/dermatologia-especialista-online,,,,,desktop,2724,DataForSEO via OpenSEO,2026-09-15,ignore,"seo/spain/05-url-keyword-map.csv (2026-09-13, GSC-observed query; no provider volume returned 2026-09-15)","reused country package 2026-09-13 (<30d); GSC-observed, volume unmeasured"
KSP0124,spain,es,consulta virtual dermatologo,informational,non-brand,brand-v1,dermatology,,https://www.myglobalhealth.online/spain/en/services/dermatologia-especialista-online,,,,,desktop,2724,DataForSEO via OpenSEO,2026-09-15,ignore,"seo/spain/05-url-keyword-map.csv (2026-09-13, GSC-observed query; no provider volume returned 2026-09-15)","reused country package 2026-09-13 (<30d); GSC-observed, volume unmeasured"
KSP0125,spain,es,doctors note spain fast,informational,non-brand,brand-v1,sick-certificate,,https://www.myglobalhealth.online/spain/en/services/justificante-medico-online,,,,,desktop,2724,DataForSEO via OpenSEO,2026-09-15,ignore,"seo/spain/05-url-keyword-map.csv (2026-09-13, GSC-observed query; no provider volume returned 2026-09-15)","reused country package 2026-09-13 (<30d); GSC-observed, volume unmeasured"
KSP0126,spain,es,doctors note spain same day,informational,non-brand,brand-v1,sick-certificate,,https://www.myglobalhealth.online/spain/en/services/justificante-medico-online,,,,,desktop,2724,DataForSEO via OpenSEO,2026-09-15,ignore,"seo/spain/05-url-keyword-map.csv (2026-09-13, GSC-observed query; no provider volume returned 2026-09-15)","reused country package 2026-09-13 (<30d); GSC-observed, volume unmeasured"
KSP0127,spain,es,online psychologist,commercial,non-brand,brand-v1,mental-health,,https://www.myglobalhealth.online/spain/en/services/psicologo-online,,,,,desktop,2724,DataForSEO via OpenSEO,2026-09-15,ignore,"seo/spain/05-url-keyword-map.csv (2026-09-13, GSC-observed query; no provider volume returned 2026-09-15)","reused country package 2026-09-13 (<30d); GSC-observed, volume unmeasured"
KSP0128,spain,es,online therapy in english spain,commercial,non-brand,brand-v1,mental-health,,https://www.myglobalhealth.online/spain/en/services/psicologo-online,,,,,desktop,2724,DataForSEO via OpenSEO,2026-09-15,ignore,"seo/spain/05-url-keyword-map.csv (2026-09-13, GSC-observed query; no provider volume returned 2026-09-15)","reused country package 2026-09-13 (<30d); GSC-observed, volume unmeasured"
KSP0129,spain,es,therapist online,commercial,non-brand,brand-v1,brand-and-other,,https://www.myglobalhealth.online/spain/en/services/psicologo-online,,,,,desktop,2724,DataForSEO via OpenSEO,2026-09-15,ignore,"seo/spain/05-url-keyword-map.csv (2026-09-13, GSC-observed query; no provider volume returned 2026-09-15)","reused country package 2026-09-13 (<30d); GSC-observed, volume unmeasured"
KSP0130,spain,es,child psychologist online,commercial,non-brand,brand-v1,mental-health,,https://www.myglobalhealth.online/spain/en/services/psicologo-online,,,,,desktop,2724,DataForSEO via OpenSEO,2026-09-15,ignore,"seo/spain/05-url-keyword-map.csv (2026-09-13, GSC-observed query; no provider volume returned 2026-09-15)","reused country package 2026-09-13 (<30d); GSC-observed, volume unmeasured"
KSP0131,spain,es,servicios de psiquiatria online,commercial,non-brand,brand-v1,mental-health,,https://www.myglobalhealth.online/spain/en/services/salud-mental-online,,,,,desktop,2724,DataForSEO via OpenSEO,2026-09-15,ignore,"seo/spain/05-url-keyword-map.csv (2026-09-13, GSC-observed query; no provider volume returned 2026-09-15)","reused country package 2026-09-13 (<30d); GSC-observed, volume unmeasured"
KSP0132,spain,es,depression clinic spain,informational,non-brand,brand-v1,online-consult,,https://www.myglobalhealth.online/spain/en/services/salud-mental-online,,,,,desktop,2724,DataForSEO via OpenSEO,2026-09-15,ignore,"seo/spain/05-url-keyword-map.csv (2026-09-13, GSC-observed query; no provider volume returned 2026-09-15)","reused country package 2026-09-13 (<30d); GSC-observed, volume unmeasured"
KSP0133,spain,es,osteoporosis risk assessment,informational,non-brand,brand-v1,brand-and-other,,https://www.myglobalhealth.online/spain/en/tools/osteoporosis-risk-checker,,,,,desktop,2724,DataForSEO via OpenSEO,2026-09-15,ignore,"seo/spain/05-url-keyword-map.csv (2026-09-13, GSC-observed query; no provider volume returned 2026-09-15)","reused country package 2026-09-13 (<30d); GSC-observed, volume unmeasured"
KSP0134,spain,es,osteoporosis test,informational,non-brand,brand-v1,brand-and-other,,https://www.myglobalhealth.online/spain/en/tools/osteoporosis-risk-checker,,,,,desktop,2724,DataForSEO via OpenSEO,2026-09-15,ignore,"seo/spain/05-url-keyword-map.csv (2026-09-13, GSC-observed query; no provider volume returned 2026-09-15)","reused country package 2026-09-13 (<30d); GSC-observed, volume unmeasured"
KSP0135,spain,es,bone density test covered by ohip,informational,non-brand,brand-v1,brand-and-other,,https://www.myglobalhealth.online/spain/en/tools/osteoporosis-risk-checker,,,,,desktop,2724,DataForSEO via OpenSEO,2026-09-15,ignore,"seo/spain/05-url-keyword-map.csv (2026-09-13, GSC-observed query; no provider volume returned 2026-09-15)","reused country package 2026-09-13 (<30d); GSC-observed, volume unmeasured"
KSP0136,spain,es,baja mental,informational,non-brand,brand-v1,sick-certificate,,https://www.myglobalhealth.online/spain/es/blog/baja-laboral-por-ansiedad-como-funciona,,,,,desktop,2724,DataForSEO via OpenSEO,2026-09-15,ignore,"seo/spain/05-url-keyword-map.csv (2026-09-13, GSC-observed query; no provider volume returned 2026-09-15)","reused country package 2026-09-13 (<30d); GSC-observed, volume unmeasured"
KSP0137,spain,es,estoy de baja por ansiedad y me ha llamado la mutua,informational,non-brand,brand-v1,sick-certificate,,https://www.myglobalhealth.online/spain/es/blog/baja-laboral-por-ansiedad-como-funciona,,,,,desktop,2724,DataForSEO via OpenSEO,2026-09-15,ignore,"seo/spain/05-url-keyword-map.csv (2026-09-13, GSC-observed query; no provider volume returned 2026-09-15)","reused country package 2026-09-13 (<30d); GSC-observed, volume unmeasured"
KSP0138,spain,es,cuando te llama la mutua estando de baja por ansiedad,informational,non-brand,brand-v1,sick-certificate,,https://www.myglobalhealth.online/spain/es/blog/baja-laboral-por-ansiedad-como-funciona,,,,,desktop,2724,DataForSEO via OpenSEO,2026-09-15,ignore,"seo/spain/05-url-keyword-map.csv (2026-09-13, GSC-observed query; no provider volume returned 2026-09-15)","reused country package 2026-09-13 (<30d); GSC-observed, volume unmeasured"
KSP0139,spain,es,disminución de la tensión,informational,non-brand,brand-v1,tools-blood-pressure,,https://www.myglobalhealth.online/spain/es/blog/como-bajar-la-tension-que-funciona-segun-la-evidencia,,,,,desktop,2724,DataForSEO via OpenSEO,2026-09-15,ignore,"seo/spain/05-url-keyword-map.csv (2026-09-13, GSC-observed query; no provider volume returned 2026-09-15)","reused country package 2026-09-13 (<30d); GSC-observed, volume unmeasured"
KSP0140,spain,es,para bajar la tension,informational,non-brand,brand-v1,tools-blood-pressure,,https://www.myglobalhealth.online/spain/es/blog/como-bajar-la-tension-que-funciona-segun-la-evidencia,,,,,desktop,2724,DataForSEO via OpenSEO,2026-09-15,ignore,"seo/spain/05-url-keyword-map.csv (2026-09-13, GSC-observed query; no provider volume returned 2026-09-15)","reused country package 2026-09-13 (<30d); GSC-observed, volume unmeasured"
KSP0141,spain,es,para bajar la tension arterial,informational,non-brand,brand-v1,tools-blood-pressure,,https://www.myglobalhealth.online/spain/es/blog/como-bajar-la-tension-que-funciona-segun-la-evidencia,,,,,desktop,2724,DataForSEO via OpenSEO,2026-09-15,ignore,"seo/spain/05-url-keyword-map.csv (2026-09-13, GSC-observed query; no provider volume returned 2026-09-15)","reused country package 2026-09-13 (<30d); GSC-observed, volume unmeasured"
KSP0142,spain,es,dermatologo online,commercial,non-brand,brand-v1,dermatology,,https://www.myglobalhealth.online/spain/es/blog/dermatologo-online-que-puede-resolver,,,,,desktop,2724,DataForSEO via OpenSEO,2026-09-15,ignore,"seo/spain/05-url-keyword-map.csv (2026-09-13, GSC-observed query; no provider volume returned 2026-09-15)","reused country package 2026-09-13 (<30d); GSC-observed, volume unmeasured"
KSP0143,spain,es,consulta dermatológica en línea,informational,non-brand,brand-v1,dermatology,,https://www.myglobalhealth.online/spain/es/blog/dermatologo-online-que-puede-resolver,,,,,desktop,2724,DataForSEO via OpenSEO,2026-09-15,ignore,"seo/spain/05-url-keyword-map.csv (2026-09-13, GSC-observed query; no provider volume returned 2026-09-15)","reused country package 2026-09-13 (<30d); GSC-observed, volume unmeasured"
KSP0144,spain,es,dermatologo atencion online,commercial,non-brand,brand-v1,dermatology,,https://www.myglobalhealth.online/spain/es/blog/dermatologo-online-que-puede-resolver,,,,,desktop,2724,DataForSEO via OpenSEO,2026-09-15,ignore,"seo/spain/05-url-keyword-map.csv (2026-09-13, GSC-observed query; no provider volume returned 2026-09-15)","reused country package 2026-09-13 (<30d); GSC-observed, volume unmeasured"
KSP0145,spain,es,tensión alta cuando ir a urgencias,informational,non-brand,brand-v1,tools-blood-pressure,,https://www.myglobalhealth.online/spain/es/blog/tension-alta-sintomas-cuando-urgencias,,,28,https://www.myglobalhealth.online/spain/es/blog/tension-alta-sintomas-cuando-urgencias,desktop,2724,DataForSEO via OpenSEO,2026-09-15,improve,"seo/spain/05-url-keyword-map.csv (2026-09-13, GSC-observed query; no provider volume returned 2026-09-15)","reused country package 2026-09-13 (<30d); GSC-observed, volume unmeasured"
KSP0146,spain,es,112 de tension,informational,non-brand,brand-v1,tools-blood-pressure,,https://www.myglobalhealth.online/spain/es/blog/tension-alta-sintomas-cuando-urgencias,,,,,desktop,2724,DataForSEO via OpenSEO,2026-09-15,ignore,"seo/spain/05-url-keyword-map.csv (2026-09-13, GSC-observed query; no provider volume returned 2026-09-15)","reused country package 2026-09-13 (<30d); GSC-observed, volume unmeasured"
KSP0147,spain,es,180/112,informational,non-brand,brand-v1,brand-and-other,,https://www.myglobalhealth.online/spain/es/blog/tension-alta-sintomas-cuando-urgencias,,,,,desktop,2724,DataForSEO via OpenSEO,2026-09-15,ignore,"seo/spain/05-url-keyword-map.csv (2026-09-13, GSC-observed query; no provider volume returned 2026-09-15)","reused country package 2026-09-13 (<30d); GSC-observed, volume unmeasured"
KSP0148,spain,es,online medical helpline,commercial,non-brand,brand-v1,brand-and-other,,https://www.myglobalhealth.online/spain/es/contact,,,,,desktop,2724,DataForSEO via OpenSEO,2026-09-15,ignore,"seo/spain/05-url-keyword-map.csv (2026-09-13, GSC-observed query; no provider volume returned 2026-09-15)","reused country package 2026-09-13 (<30d); GSC-observed, volume unmeasured"
KSP0149,spain,es,dr moreno montañez,informational,non-brand,brand-v1,brand-and-other,,https://www.myglobalhealth.online/spain/es/doctors/dr-alfredo-del-valle,,,,,desktop,2724,DataForSEO via OpenSEO,2026-09-15,ignore,"seo/spain/05-url-keyword-map.csv (2026-09-13, GSC-observed query; no provider volume returned 2026-09-15)","reused country package 2026-09-13 (<30d); GSC-observed, volume unmeasured"
KSP0150,spain,es,doctor moreno montañez,informational,non-brand,brand-v1,online-gp,,https://www.myglobalhealth.online/spain/es/doctors/dr-alfredo-del-valle,,,,,desktop,2724,DataForSEO via OpenSEO,2026-09-15,ignore,"seo/spain/05-url-keyword-map.csv (2026-09-13, GSC-observed query; no provider volume returned 2026-09-15)","reused country package 2026-09-13 (<30d); GSC-observed, volume unmeasured"
KBR0042,brazil,pt,doctor global,informational,non-brand,brand-v1,online-gp,,https://www.myglobalhealth.online/brazil/en,,,,,desktop,2076,DataForSEO via OpenSEO,2026-09-15,ignore,"seo/brazil/05-url-keyword-map.csv (2026-09-13, GSC-observed query; no provider volume returned 2026-09-15)","reused country package 2026-09-13 (<30d); GSC-observed, volume unmeasured"
KBR0043,brazil,pt,most popular health websites brazil,informational,non-brand,brand-v1,brand-and-other,,https://www.myglobalhealth.online/brazil/en,,,,,desktop,2076,DataForSEO via OpenSEO,2026-09-15,ignore,"seo/brazil/05-url-keyword-map.csv (2026-09-13, GSC-observed query; no provider volume returned 2026-09-15)","reused country package 2026-09-13 (<30d); GSC-observed, volume unmeasured"
KBR0044,brazil,pt,diabetes in brazil,informational,non-brand,brand-v1,health-conditions,,https://www.myglobalhealth.online/brazil/en/blog/diabetes-the-silent-disease,,,,,desktop,2076,DataForSEO via OpenSEO,2026-09-15,ignore,"seo/brazil/05-url-keyword-map.csv (2026-09-13, GSC-observed query; no provider volume returned 2026-09-15)","reused country package 2026-09-13 (<30d); GSC-observed, volume unmeasured"
KBR0045,brazil,pt,attendance medical certificate,informational,non-brand,brand-v1,sick-certificate,,https://www.myglobalhealth.online/brazil/en/blog/does-an-attendance-certificate-excuse-an-absence-the-difference-from-a-medical-c,,,,,desktop,2076,DataForSEO via OpenSEO,2026-09-15,ignore,"seo/brazil/05-url-keyword-map.csv (2026-09-13, GSC-observed query; no provider volume returned 2026-09-15)","reused country package 2026-09-13 (<30d); GSC-observed, volume unmeasured"
KBR0046,brazil,pt,absence certificate,informational,non-brand,brand-v1,sick-certificate,,https://www.myglobalhealth.online/brazil/en/blog/does-an-attendance-certificate-excuse-an-absence-the-difference-from-a-medical-c,,,,,desktop,2076,DataForSEO via OpenSEO,2026-09-15,ignore,"seo/brazil/05-url-keyword-map.csv (2026-09-13, GSC-observed query; no provider volume returned 2026-09-15)","reused country package 2026-09-13 (<30d); GSC-observed, volume unmeasured"
KBR0047,brazil,pt,da hapvida,informational,non-brand,brand-v1,brand-and-other,,https://www.myglobalhealth.online/brazil/en/blog/laboratory-test-request-brazil,,,,,desktop,2076,DataForSEO via OpenSEO,2026-09-15,ignore,"seo/brazil/05-url-keyword-map.csv (2026-09-13, GSC-observed query; no provider volume returned 2026-09-15)","reused country package 2026-09-13 (<30d); GSC-observed, volume unmeasured"
KBR0048,brazil,pt,posso pedir atestado,informational,non-brand,brand-v1,sick-certificate,,https://www.myglobalhealth.online/brazil/en/blog/online-medical-certificate-brazil,,,,,desktop,2076,DataForSEO via OpenSEO,2026-09-15,ignore,"seo/brazil/05-url-keyword-map.csv (2026-09-13, GSC-observed query; no provider volume returned 2026-09-15)","reused country package 2026-09-13 (<30d); GSC-observed, volume unmeasured"
KBR0049,brazil,pt,help global brazil login,informational,brand-collision,brand-v1,brand-and-other,,https://www.myglobalhealth.online/brazil/en/contact,,,,,desktop,2076,DataForSEO via OpenSEO,2026-09-15,ignore,"seo/brazil/05-url-keyword-map.csv (2026-09-13, GSC-observed query; no provider volume returned 2026-09-15)","reused country package 2026-09-13 (<30d); GSC-observed, volume unmeasured"
KBR0050,brazil,pt,doctor visit crm pharma,informational,non-brand,brand-v1,online-gp,,https://www.myglobalhealth.online/brazil/en/doctors,,,,,desktop,2076,DataForSEO via OpenSEO,2026-09-15,ignore,"seo/brazil/05-url-keyword-map.csv (2026-09-13, GSC-observed query; no provider volume returned 2026-09-15)","reused country package 2026-09-13 (<30d); GSC-observed, volume unmeasured"
KBR0051,brazil,pt,global help,informational,non-brand,brand-v1,brand-and-other,,https://www.myglobalhealth.online/brazil/en/press,,,,,desktop,2076,DataForSEO via OpenSEO,2026-09-15,ignore,"seo/brazil/05-url-keyword-map.csv (2026-09-13, GSC-observed query; no provider volume returned 2026-09-15)","reused country package 2026-09-13 (<30d); GSC-observed, volume unmeasured"
KBR0052,brazil,pt,ganho atestado,informational,non-brand,brand-v1,sick-certificate,,https://www.myglobalhealth.online/brazil/en/services/atestado-medico-online,,,,,desktop,2076,DataForSEO via OpenSEO,2026-09-15,ignore,"seo/brazil/05-url-keyword-map.csv (2026-09-13, GSC-observed query; no provider volume returned 2026-09-15)","reused country package 2026-09-13 (<30d); GSC-observed, volume unmeasured"
KBR0053,brazil,pt,bp rate in brazil,informational,non-brand,brand-v1,tools-blood-pressure,,https://www.myglobalhealth.online/brazil/en/tools/blood-pressure-chart,,,,,desktop,2076,DataForSEO via OpenSEO,2026-09-15,ignore,"seo/brazil/05-url-keyword-map.csv (2026-09-13, GSC-observed query; no provider volume returned 2026-09-15)","reused country package 2026-09-13 (<30d); GSC-observed, volume unmeasured"
KBR0054,brazil,pt,due pregnant,informational,non-brand,brand-v1,tools-pregnancy,,https://www.myglobalhealth.online/brazil/en/tools/due-date-calculator,,,,,desktop,2076,DataForSEO via OpenSEO,2026-09-15,ignore,"seo/brazil/05-url-keyword-map.csv (2026-09-13, GSC-observed query; no provider volume returned 2026-09-15)","reused country package 2026-09-13 (<30d); GSC-observed, volume unmeasured"
KBR0055,brazil,pt,due pregnancy,informational,non-brand,brand-v1,tools-pregnancy,,https://www.myglobalhealth.online/brazil/en/tools/due-date-calculator,,,,,desktop,2076,DataForSEO via OpenSEO,2026-09-15,ignore,"seo/brazil/05-url-keyword-map.csv (2026-09-13, GSC-observed query; no provider volume returned 2026-09-15)","reused country package 2026-09-13 (<30d); GSC-observed, volume unmeasured"
KBR0056,brazil,pt,certificado médico mi licencia digital,informational,non-brand,brand-v1,sick-certificate,,https://www.myglobalhealth.online/brazil/es/blog/certificado-medico-online-brasil,,,,,desktop,2076,DataForSEO via OpenSEO,2026-09-15,ignore,"seo/brazil/05-url-keyword-map.csv (2026-09-13, GSC-observed query; no provider volume returned 2026-09-15)","reused country package 2026-09-13 (<30d); GSC-observed, volume unmeasured"
KBR0057,brazil,pt,certificado de asistencia,informational,non-brand,brand-v1,brand-and-other,,https://www.myglobalhealth.online/brazil/es/blog/el-certificado-de-asistencia-justifica-la-falta-la-diferencia-con-el-certificado,,,,,desktop,2076,DataForSEO via OpenSEO,2026-09-15,ignore,"seo/brazil/05-url-keyword-map.csv (2026-09-13, GSC-observed query; no provider volume returned 2026-09-15)","reused country package 2026-09-13 (<30d); GSC-observed, volume unmeasured"
KBR0058,brazil,pt,decreto 27.048/1949 art. 12 atestado médico falta justificada,informational,non-brand,brand-v1,sick-certificate,,https://www.myglobalhealth.online/brazil/es/blog/el-certificado-de-asistencia-justifica-la-falta-la-diferencia-con-el-certificado,,,,,desktop,2076,DataForSEO via OpenSEO,2026-09-15,ignore,"seo/brazil/05-url-keyword-map.csv (2026-09-13, GSC-observed query; no provider volume returned 2026-09-15)","reused country package 2026-09-13 (<30d); GSC-observed, volume unmeasured"
KBR0059,brazil,pt,médico online para bebê,commercial,non-brand,brand-v1,paediatrics,,https://www.myglobalhealth.online/brazil/es/services/pediatria-online,,,,,desktop,2076,DataForSEO via OpenSEO,2026-09-15,ignore,"seo/brazil/05-url-keyword-map.csv (2026-09-13, GSC-observed query; no provider volume returned 2026-09-15)","reused country package 2026-09-13 (<30d); GSC-observed, volume unmeasured"
KBR0060,brazil,pt,test de tdah para adultos online,commercial,non-brand,brand-v1,mental-health,,https://www.myglobalhealth.online/brazil/es/tools/adhd-test,,,,,desktop,2076,DataForSEO via OpenSEO,2026-09-15,ignore,"seo/brazil/05-url-keyword-map.csv (2026-09-13, GSC-observed query; no provider volume returned 2026-09-15)","reused country package 2026-09-13 (<30d); GSC-observed, volume unmeasured"
KBR0061,brazil,pt,minha clinica help global,informational,brand-collision,brand-v1,brand-and-other,,https://www.myglobalhealth.online/brazil/pt,,,,,desktop,2076,DataForSEO via OpenSEO,2026-09-15,ignore,"seo/brazil/05-url-keyword-map.csv (2026-09-13, GSC-observed query; no provider volume returned 2026-09-15)","reused country package 2026-09-13 (<30d); GSC-observed, volume unmeasured"
KBR0062,brazil,pt,minha clinica.help global brazil,informational,brand-collision,brand-v1,brand-and-other,,https://www.myglobalhealth.online/brazil/pt,,,,,desktop,2076,DataForSEO via OpenSEO,2026-09-15,ignore,"seo/brazil/05-url-keyword-map.csv (2026-09-13, GSC-observed query; no provider volume returned 2026-09-15)","reused country package 2026-09-13 (<30d); GSC-observed, volume unmeasured"
KBR0063,brazil,pt,clinic.globalhealth,informational,brand-collision,brand-v1,brand-and-other,,https://www.myglobalhealth.online/brazil/pt/about,,,,,desktop,2076,DataForSEO via OpenSEO,2026-09-15,ignore,"seo/brazil/05-url-keyword-map.csv (2026-09-13, GSC-observed query; no provider volume returned 2026-09-15)","reused country package 2026-09-13 (<30d); GSC-observed, volume unmeasured"
KBR0064,brazil,pt,help global brazil trabalhe conosco,informational,brand-collision,brand-v1,brand-and-other,,https://www.myglobalhealth.online/brazil/pt/careers,,,,,desktop,2076,DataForSEO via OpenSEO,2026-09-15,ignore,"seo/brazil/05-url-keyword-map.csv (2026-09-13, GSC-observed query; no provider volume returned 2026-09-15)","reused country package 2026-09-13 (<30d); GSC-observed, volume unmeasured"
KBR0065,brazil,pt,consulta médico clínico geral online,commercial,non-brand,brand-v1,online-gp,,https://www.myglobalhealth.online/brazil/pt/services/consulta-clinica-online,,,,,desktop,2076,DataForSEO via OpenSEO,2026-09-15,ignore,"seo/brazil/05-url-keyword-map.csv (2026-09-13, GSC-observed query; no provider volume returned 2026-09-15)","reused country package 2026-09-13 (<30d); GSC-observed, volume unmeasured"
KBR0066,brazil,pt,consulta online para obesidade,commercial,non-brand,brand-v1,online-consult,,https://www.myglobalhealth.online/brazil/pt/services/controle-peso-online,,,,,desktop,2076,DataForSEO via OpenSEO,2026-09-15,ignore,"seo/brazil/05-url-keyword-map.csv (2026-09-13, GSC-observed query; no provider volume returned 2026-09-15)","reused country package 2026-09-13 (<30d); GSC-observed, volume unmeasured"
KBR0067,brazil,pt,médico para emagrecimento online,commercial,non-brand,brand-v1,weight-management,,https://www.myglobalhealth.online/brazil/pt/services/controle-peso-online,,,,,desktop,2076,DataForSEO via OpenSEO,2026-09-15,ignore,"seo/brazil/05-url-keyword-map.csv (2026-09-13, GSC-observed query; no provider volume returned 2026-09-15)","reused country package 2026-09-13 (<30d); GSC-observed, volume unmeasured"
KBR0068,brazil,pt,consulta para emagrecer online,commercial,non-brand,brand-v1,weight-management,,https://www.myglobalhealth.online/brazil/pt/services/controle-peso-online,,,,,desktop,2076,DataForSEO via OpenSEO,2026-09-15,ignore,"seo/brazil/05-url-keyword-map.csv (2026-09-13, GSC-observed query; no provider volume returned 2026-09-15)","reused country package 2026-09-13 (<30d); GSC-observed, volume unmeasured"
