url,status_code,fetch_class,title,title_length,meta_description,description_length,h1,word_count,indexable,noindex_reason,canonical,crawl_depth,internal_links_in,internal_links_out,response_time_ms,lighthouse_performance_score,lighthouse_lcp,lighthouse_cls,lighthouse_inp_tbt,lighthouse_fcp
https://www.myglobalhealth.online/,200,ok,Online Doctor Consultations in Europe & Brazil,46,"Speak with a locally-licensed doctor by video in Ireland, Portugal, Spain, Czechia, Romania or Brazil. Medical certificates, referrals and follow-up care.",154,,92,True,,,0,,33,325,,,,,
https://www.myglobalhealth.online/account,307,ok,,0,,0,,0,False,,,,,0,134,,,,,
https://www.myglobalhealth.online/brazil/en,200,ok,Online Doctor in Brazil | Video Consultations,45,"Video consultations with a CRM-registered doctor in Brazil. General care, prescription renewal and test requests depending on clinical assessment. Check times and price.",169,,1699,True,,,1,,55,177,,,,,
https://www.myglobalhealth.online/brazil/es,200,ok,Médico Online en Brasil | Consulta por Vídeo · Global Health,60,"Consulta por videollamada con un médico registrado en el CRM en Brasil. Medicina general, renovación de recetas y exámenes según la evaluación clínica. Consulta horarios y precio.",179,,1896,True,,,1,,55,163,,,,,
https://www.myglobalhealth.online/brazil/pt,200,ok,Médico Online no Brasil | Consulta por Vídeo · Global Health,60,"Consulta por videochamada com médico registrado no CRM. Clínica geral, renovação de receita e pedido de exames conforme avaliação clínica. Veja horários e preço.",161,,1849,True,,,1,,55,170,,,,,
https://www.myglobalhealth.online/brazil/pt/about,200,ok,Sobre a Global Health Brasil | Médicos online,45,"Global Health Brasil: consultas online por videochamada com médicos inscritos na Conselho Federal de Medicina, em Português / Inglês. O que oferecemos e quem somos.",164,,633,True,,,2,,36,354,,,,,
https://www.myglobalhealth.online/brazil/pt/blog,200,ok,Guias de saúde de médicos registrados em Brasil,47,"Guias de saúde baseados em evidências para o Brasil, escritos e revisados pela nossa equipe médica. Sem anúncios.",113,,452,True,,,2,,41,157,,,,,
https://www.myglobalhealth.online/brazil/pt/book,200,ok,Agende sua consulta — Brasil · Global Health,44,"Clínica médica no Brasil. Escolha o serviço, o médico, o horário e os dados do paciente.",88,,701,True,,,2,,54,221,,,,,
https://www.myglobalhealth.online/brazil/pt/careers,200,ok,Carreiras na Global Health Brasil,33,"Junte-se à Global Health em Brasil. Trabalhamos com médicos registados, equipas de apoio clínico e de tecnologia em toda a Europa e no Brasil. Veja como candidatar-se.",167,,277,True,,,2,,36,160,,,,,
https://www.myglobalhealth.online/brazil/pt/contact,200,ok,Contato | Médico Online Brasil | Global Health,46,Fale com a Global Health Brasil: info@myglobalhealth.online. Consultas online por videochamada com médicos registrados. Atendimento em português e inglês.,154,,440,True,,,2,,36,154,,,,,
https://www.myglobalhealth.online/brazil/pt/doctors,200,ok,Médicos registrados no CRM | Consultas online no Brasil,55,"Consulte médicos registrados no CRM disponíveis online no Brasil. Veja dados de registro, idiomas e horários de consulta por vídeo.",131,,1439,True,,,2,,37,199,,,,,
https://www.myglobalhealth.online/brazil/pt/doctors/dr-renato-sarmento,200,ok,Dr. Renato Sarmento — Médico de Família | CRM-SP 170.837,56,"Agende uma consulta por vídeo com o Dr. Renato Sarmento. Atendimento em português, inglês ou espanhol. Confira os horários disponíveis.",135,,2221,True,,,2,,55,406,,,,,
https://www.myglobalhealth.online/brazil/pt/faq,200,ok,Perguntas frequentes — Brasil · Global Health,45,"Brasil — Agendamentos, pagamentos, consultas, privacidade e quando o atendimento online não é a opção certa. Não encontrou o que precisa? Fale com a gente.",155,,569,True,,,2,,36,158,,,,,
https://www.myglobalhealth.online/brazil/pt/gp-consultation-online,200,ok,Consulta Médica Online no Brasil | Global Health,48,Consultas médicas online com médicos inscritos no Conselho Federal de Medicina (CFM) / CRM.,91,,1431,True,,,2,,56,187,,,,,
https://www.myglobalhealth.online/brazil/pt/legal,200,ok,Informação legal · Brasil · Global Health,41,"Documentos legais, registo da empresa e detalhes regulamentares para Global Health em Brasil.",93,,323,True,,,2,,41,272,,,,,
https://www.myglobalhealth.online/brazil/pt/legal/medical-disclaimer,200,ok,Aviso Médico · Brasil · Global Health,37,"Aviso Médico. Documentos legais, registo da empresa e detalhes regulamentares para Global Health em Brasil.",107,,401,True,,,2,,36,360,,,,,
https://www.myglobalhealth.online/brazil/pt/press,200,ok,Imprensa e Media — Global Health Brasil,39,"Informação para a imprensa sobre a Global Health em Brasil: quem opera o serviço, como é regulado, os mercados que servimos e como contactar a nossa área de imprensa.",166,,385,True,,,2,,37,175,,,,,
https://www.myglobalhealth.online/brazil/pt/pricing,200,ok,Escolha o seu plano mensal · Brasil · Global Health,51,"Cuidados mensais de medicina geral online com créditos de consulta, com preços para o Brasil.",93,,547,True,,,2,,39,450,,,,,
https://www.myglobalhealth.online/brazil/pt/services/atestado-medico-online,200,ok,Atestado médico: avaliação online | Global Health Brasil,56,Agende uma avaliação médica por vídeo. A emissão de atestado depende da avaliação clínica; a consulta não garante um documento ou sua aceitação.,144,,1565,True,,,2,,44,491,,,,,
https://www.myglobalhealth.online/brazil/pt/services/consulta-clinica-online,200,ok,Consulta Médica Online Brasil | Clínico Geral,45,Converse com um clínico geral por vídeo sobre sintomas e cuidados de saúde. Consulte os horários e o preço antes de agendar.,124,,1797,True,,,2,,43,270,,,,,
https://www.myglobalhealth.online/brazil/pt/services/consulta-pele-online,200,ok,Consulta de Pele Online Brasil | Clínico Geral,46,"Consulta de Pele: consulta por vídeo com médico de família. Confira a agenda, o preço e os limites do atendimento antes de reservar.",132,,1639,True,,,2,,42,218,,,,,
https://www.myglobalhealth.online/brazil/pt/services/controle-peso-online,200,ok,Controle de Peso Online Brasil | Avaliação Médica,49,"Controle de Peso: consulta por vídeo com médico de família. Confira a agenda, o preço e os limites do atendimento antes de reservar.",132,,2139,True,,,2,,43,275,,,,,
https://www.myglobalhealth.online/brazil/pt/services/doencas-cronicas-online,200,ok,Doenças Crônicas Online Brasil | Acompanhamento Médico,54,"Doenças Crônicas: consulta por vídeo com médico de família. Confira a agenda, o preço e os limites do atendimento antes de reservar.",132,,1983,True,,,2,,44,199,,,,,
https://www.myglobalhealth.online/brazil/pt/services/musculoesqueletico-online,200,ok,Dor Muscular e Articular Online Brasil | Clínico Geral,54,"Musculoesquelético: consulta por vídeo com médico de família. Confira a agenda, o preço e os limites do atendimento antes de reservar.",134,,1901,True,,,2,,43,363,,,,,
https://www.myglobalhealth.online/brazil/pt/services/parar-de-fumar-online,200,ok,Parar de Fumar Online Brasil | Apoio Médico · Global Health,59,"Parar de Fumar: consulta por vídeo com médico de família. Confira a agenda, o preço e os limites do atendimento antes de reservar.",130,,2239,True,,,2,,43,157,,,,,
https://www.myglobalhealth.online/brazil/pt/services/pediatria-online,200,ok,Saúde da criança: médico de família online | Brasil,51,Consulta por vídeo para crianças e adolescentes com médico de família. Confira horários e preço. Não é uma consulta com pediatra especialista.,142,,2046,True,,,2,,42,531,,,,,
https://www.myglobalhealth.online/brazil/pt/services/queda-cabelo-online,200,ok,Queda de Cabelo Online Brasil | Avaliação Médica,48,"Queda de Cabelo: consulta por vídeo com médico de família. Confira a agenda, o preço e os limites do atendimento antes de reservar.",131,,2130,True,,,2,,43,229,,,,,
https://www.myglobalhealth.online/brazil/pt/services/renovacao-receita-online,200,ok,Renovação de Receita Online Brasil | Clínico Geral,50,"Renovação de Receita: consulta por vídeo com médico de família. Confira a agenda, o preço e os limites do atendimento antes de reservar.",136,,1348,True,,,2,,40,410,,,,,
https://www.myglobalhealth.online/brazil/pt/services/saude-da-mulher-online,200,ok,Saúde da Mulher Online Brasil | Clínico Geral,45,"Saúde da Mulher: consulta por vídeo com médico de família. Confira a agenda, o preço e os limites do atendimento antes de reservar.",131,,1705,True,,,2,,43,477,,,,,
https://www.myglobalhealth.online/brazil/pt/services/saude-do-homem-online,200,ok,Saúde do Homem Online Brasil | Clínico Geral · Global Health,60,"Saúde do Homem: consulta por vídeo com médico de família. Confira a agenda, o preço e os limites do atendimento antes de reservar.",130,,2006,True,,,2,,43,487,,,,,
https://www.myglobalhealth.online/brazil/pt/services/saude-idoso-online,200,ok,Saúde do Idoso Online Brasil | Clínico Geral · Global Health,60,"Saúde do Idoso: consulta por vídeo com médico de família. Confira a agenda, o preço e os limites do atendimento antes de reservar.",130,,2677,True,,,2,,43,261,,,,,
https://www.myglobalhealth.online/brazil/pt/services/saude-mental-online,200,ok,Saúde Mental Online Brasil | Ansiedade e Depressão | Clínico Geral,66,"Saúde Mental: consulta por vídeo com médico de família. Confira a agenda, o preço e os limites do atendimento antes de reservar.",128,,1886,True,,,2,,43,1004,,,,,
https://www.myglobalhealth.online/brazil/pt/services/saude-sexual-ist-online,200,ok,Saúde Sexual e IST Online Brasil | Clínico Geral,48,"Saúde Sexual e IST: consulta por vídeo com médico de família. Confira a agenda, o preço e os limites do atendimento antes de reservar.",134,,2487,True,,,2,,43,230,,,,,
https://www.myglobalhealth.online/brazil/pt/services/saude-viagem-online,200,ok,Saúde de Viagem Online Brasil | Consulta Médica Antes de Viajar,63,"Saúde de Viagem: consulta por vídeo com médico de família. Confira a agenda, o preço e os limites do atendimento antes de reservar.",131,,1985,True,,,2,,43,257,,,,,
https://www.myglobalhealth.online/brazil/pt/services/segunda-opiniao-medica,200,ok,Segunda Opinião Médica Online Brasil | Clínico Geral,52,"Segunda Opinião Médica: consulta por vídeo com médico de família. Confira a agenda, o preço e os limites do atendimento antes de reservar.",138,,1790,True,,,2,,41,494,,,,,
https://www.myglobalhealth.online/brazil/pt/services/solicitacao-exames-online,200,ok,Solicitação de Exames Online Brasil | Pedido de Exames,54,Converse com um médico por vídeo sobre a necessidade de exames. A solicitação depende da avaliação clínica. Confira horários e preço.,133,,1903,True,,,2,,44,669,,,,,
https://www.myglobalhealth.online/brazil/pt/tools/adhd-test,200,ok,Teste de TDAH Brasil | Triagem Gratuita para Adultos,52,"Faça a triagem de TDAH em adultos com seis perguntas (ASRS v1.1, parte A) e veja o que as suas respostas significam. Uma triagem não é diagnóstico — quem diagnostica é o psiquiatra ou o psicólogo clínico.",204,,1824,True,,,2,,37,154,,,,,
https://www.myglobalhealth.online/brazil/pt/tools/blood-pressure-chart,200,ok,Pressão Arterial Normal Brasil | Tabela de Valores,50,"Compare sua pressão sistólica e diastólica com a tabela para adultos. Veja a categoria, o que ela significa e quais medidas exigem atendimento médico no mesmo dia.",163,,1650,True,,,2,,37,167,,,,,
https://www.myglobalhealth.online/brazil/pt/tools/bmi-calculator,200,ok,Calculadora IMC Brasil | Calcular o IMC Online,46,"Calcule seu índice de massa corporal em segundos. Sistema métrico ou imperial, categorias da OMS para adultos e o que o resultado significa na prática.",151,,1462,True,,,2,,37,370,,,,,
https://www.myglobalhealth.online/brazil/pt/tools/calorie-calculator,200,ok,Calculadora de Calorias Brasil | Calorias por Dia,49,"Calcule grátis quantas calorias por dia você precisa para manter, perder ou ganhar peso, pela equação de Mifflin-St Jeor. Resultado orientativo.",144,,1641,True,,,2,,37,366,,,,,
https://www.myglobalhealth.online/brazil/pt/tools/due-date-calculator,200,ok,Calculadora Gestacional e de Gravidez Brasil | DPP,50,"Calculadora gestacional grátis: veja de quantas semanas você está e a data provável do parto (DPP) a partir da última menstruação, ajustada ao seu ciclo.",153,,1557,True,,,2,,37,159,,,,,
https://www.myglobalhealth.online/brazil/pt/tools/osteoporosis-risk-checker,200,ok,Avaliação de Risco de Osteoporose Brasil | Preciso de uma Densitometria Óssea?,78,"Verifique os fatores de risco publicados para osteoporose e fratura de fragilidade, e veja se as orientações clínicas recomendam que seja avaliado. Não é o FRAX nem um diagnóstico — uma lista de verificação para levar ao médico.",228,,2004,True,,,2,,37,163,,,,,
https://www.myglobalhealth.online/brazil/pt/tools/ovulation-calculator,200,ok,Período Fértil Brasil | Calculadora de Ovulação,47,"Calcule seu período fértil e o dia previsto da ovulação a partir do primeiro dia da última menstruação. Ajusta-se à duração do seu ciclo, com os seis dias mais férteis detalhados.",179,,1734,True,,,2,,37,288,,,,,
https://www.myglobalhealth.online/brazil/pt/tools/sore-throat-checker,200,ok,Garganta Inflamada ou Amigdalite? Teste Brasil,46,"Responda a cinco perguntas sobre a sua dor de garganta e veja qual a chance de ser bacteriana, pelo escore de McIsaac usado na clínica. Inclui os sinais de alerta que pedem atendimento imediato. Não é diagnóstico nem teste de estreptococo.",239,,2119,True,,,2,,36,167,,,,,
https://www.myglobalhealth.online/cart,200,ok,Opening your cart · Global Health,33,Opening your cart...,20,,137,False,,,,,26,153,,,,,
https://www.myglobalhealth.online/czechia/cs,200,ok,Online lékař v Česku | Registrovaní lékaři · Global Health,58,Online konzultace s lékaři registrovanými v Česku. Vyberte službu a volný termín; další postup vždy závisí na klinickém posouzení.,130,,1891,True,,,1,,62,210,,,,,
https://www.myglobalhealth.online/czechia/cs/about,200,ok,O Global Health Česko | Online lékařská péče,44,"Global Health Česko nabízí videokonzultace s lékaři registrovanými u České lékařské komory. Zjistěte, kdo jsme a jak služba funguje.",132,,556,True,,,2,,39,162,,,,,
https://www.myglobalhealth.online/czechia/cs/blog,200,ok,Zdravotní články od registrovaných lékařů | Česko,49,"Zdravotní články pro Česko od registrovaných lékařů. Praktické informace, zdroje a jasné upozornění, kdy je potřeba osobní péče.",128,,450,True,,,2,,45,162,,,,,
https://www.myglobalhealth.online/czechia/cs/book,200,ok,Objednat online konzultaci | Global Health Česko,48,"Objednejte online konzultaci v Česku. Vyberte službu, lékaře a dostupný termín a poté bezpečně doplňte údaje pacienta.",118,,586,True,,,2,,53,158,,,,,
https://www.myglobalhealth.online/czechia/cs/careers,200,ok,Kariéra v Global Health Česko,29,"Připojte se ke Global Health v Česku. Spolupracujeme s registrovanými lékaři, klinickou podporou a technologickými týmy v Evropě a Brazílii.",140,,285,True,,,2,,41,156,,,,,
https://www.myglobalhealth.online/czechia/cs/contact,200,ok,Kontakt | Global Health Česko,29,Kontaktujte Global Health Česko telefonicky na +420 608 353 716 nebo e-mailem na info@myglobalhealth.online. Provozní údaje a sídlo najdete na stránce.,151,,434,True,,,2,,39,159,,,,,
https://www.myglobalhealth.online/czechia/cs/doctors,200,ok,Online lékaři v Česku | Ověřené profily · Global Health,55,"Prohlédněte si profily lékařů registrovaných v Česku. Ověřte registraci, jazyky a aktuální možnost online rezervace.",116,,1082,True,,,2,,47,207,,,,,
https://www.myglobalhealth.online/czechia/cs/doctors/dr-ahmed-maklad,200,ok,MUDr. Ahmed Maklad | Praktický lékař online v Česku · Czechia,61,"Profil MUDr. Ahmeda Maklada, praktického lékaře registrovaného u ČLK č. 1176686198. Ověřte jazyky, kvalifikaci a aktuální dostupnost konzultací.",144,,1677,True,,,2,,53,206,,,,,
https://www.myglobalhealth.online/czechia/cs/doctors/dr-gabriele-felici,200,ok,Dr Gabriele Felici — Doctor · Global Health,43,Dr Gabriele Felici is a Doctor registered in Czechia. Book an online consultation with Global Health.,101,,359,False,,,2,,39,182,,,,,
https://www.myglobalhealth.online/czechia/cs/doctors/dr-michael-nytra,200,ok,Dr Michael Nytra — Doctor · Global Health,41,Dr Michael Nytra is a Doctor registered in Czechia. Book an online consultation with Global Health.,99,,355,False,,,2,,39,180,,,,,
https://www.myglobalhealth.online/czechia/cs/doctors/khoiamul-islam,200,ok,MUDr. Khoiamul Islam | Praktický lékař online v Česku · Czechia,63,"Profil MUDr. Khoiamula Islama, praktického lékaře registrovaného u ČLK č. 1178781199. Ověřte jazyky a aktuální dostupnost online konzultací.",140,,1507,True,,,2,,52,203,,,,,
https://www.myglobalhealth.online/czechia/cs/doctors/mudr-nataliya-kharlamova,200,ok,MUDr Nataliya Kharlamova — Doctor · Global Health,49,MUDr Nataliya Kharlamova is a Doctor registered in Czechia. Book an online consultation with Global Health.,107,,357,False,,,2,,39,178,,,,,
https://www.myglobalhealth.online/czechia/cs/doctors/mudr-romana-pavlu,200,ok,MUDr. Romana Pavlů | Praktická lékařka online v Česku,53,"Profil MUDr. Romany Pavlů, praktické lékařky registrované u ČLK č. 5163514190. Ověřte jazyky, kvalifikaci a aktuální dostupnost konzultací.",139,,1908,True,,,2,,53,241,,,,,
https://www.myglobalhealth.online/czechia/cs/doctors/mudr-vojtech-cerny,200,ok,MUDr. Vojtěch Černý | Praktický lékař online v Česku,52,"Profil MUDr. Vojtěcha Černého, praktického lékaře registrovaného u ČLK č. 1172330197. Ověřte jazyky, kvalifikaci a aktuální dostupnost konzultací.",146,,1095,True,,,2,,39,267,,,,,
https://www.myglobalhealth.online/czechia/cs/doctors/mudr-yasmin-holz,200,ok,MUDr. Yasmin Holz | Praktická lékařka online v Česku,52,"Profil MUDr. Yasmin Holz, praktické lékařky registrované u ČLK č. 5178823192. Ověřte jazyky, kvalifikaci a aktuální dostupnost konzultací.",138,,1504,True,,,2,,53,238,,,,,
https://www.myglobalhealth.online/czechia/cs/faq,200,ok,Časté otázky | Global Health Česko,34,"Odpovědi na časté otázky o rezervaci, platbě, videokonzultaci, soukromí a situacích, kdy online péče není vhodná.",113,,528,True,,,2,,39,155,,,,,
https://www.myglobalhealth.online/czechia/cs/gp-consultation-online,200,ok,Praktický lékař online | Konzultace v Česku · Global Health,59,"Online konzultace s praktickým lékařem. Lékař posoudí potíže a další postup; recepty, dokumenty a doporučení nejsou automatické.",128,,1376,True,,,2,,58,176,,,,,
https://www.myglobalhealth.online/czechia/cs/legal,200,ok,Právní informace | Global Health Česko,38,"Právní dokumenty, údaje o provozovateli a regulační informace pro služby Global Health v Česku. Vyberte příslušný dokument.",123,,356,True,,,2,,44,156,,,,,
https://www.myglobalhealth.online/czechia/cs/legal/medical-disclaimer,200,ok,Zdravotní prohlášení | Global Health Česko,42,"Zdravotní prohlášení k online péči Global Health v Česku, včetně omezení služby a pokynů pro naléhavé zdravotní situace.",120,,2093,True,,,2,,39,177,,,,,
https://www.myglobalhealth.online/czechia/cs/press,200,ok,Pro média | Global Health Česko,31,"Informace pro média o Global Health v Česku: provozovatel, regulace, působnost a kontakt na tiskové oddělení pro ověření údajů.",127,,418,True,,,2,,41,154,,,,,
https://www.myglobalhealth.online/czechia/cs/pricing,200,ok,Měsíční plány online péče | Global Health Česko,47,"Porovnejte měsíční plány online péče v Česku, kredity na konzultace a další výhody. Aktuální ceny a podmínky jsou uvedeny u každého plánu.",138,,508,True,,,2,,42,162,,,,,
https://www.myglobalhealth.online/czechia/cs/tools/adhd-test,200,ok,ADHD test pro dospělé zdarma | Screening · Global Health,56,Vyplňte šest otázek screeningového testu ADHD pro dospělé. Výsledek není diagnóza; tu stanoví psychiatr nebo klinický psycholog.,128,,1524,True,,,2,,40,172,,,,,
https://www.myglobalhealth.online/czechia/cs/tools/blood-pressure-chart,200,ok,Krevní tlak: kalkulačka a tabulka hodnot · Global Health,56,"Zkontrolujte orientační kategorii krevního tlaku, správný postup měření a situace, kdy je vhodná konzultace nebo akutní pomoc.",126,,1413,True,,,2,,40,467,,,,,
https://www.myglobalhealth.online/czechia/cs/tools/bmi-calculator,200,ok,BMI kalkulačka | Výpočet BMI online · Global Health,51,Spočítejte si BMI z výšky a hmotnosti. Výsledek používá orientační kategorie pro dospělé a nenahrazuje individuální zdravotní posouzení.,136,,1277,True,,,2,,40,178,,,,,
https://www.myglobalhealth.online/czechia/cs/tools/calorie-calculator,200,ok,Kalkulačka kalorií | Denní kalorický příjem · Global Health,59,"Odhadněte denní kalorický příjem pro udržení, hubnutí nebo nabírání podle rovnice Mifflin-St Jeor. Výsledek je orientační.",122,,1401,True,,,2,,40,171,,,,,
https://www.myglobalhealth.online/czechia/cs/tools/due-date-calculator,200,ok,Těhotenská kalkulačka | Termín porodu a týdny,45,Odhadněte termín porodu a týden těhotenství podle prvního dne poslední menstruace a délky cyklu. Výsledek je orientační.,120,,1308,True,,,2,,40,219,,,,,
https://www.myglobalhealth.online/czechia/cs/tools/osteoporosis-risk-checker,200,ok,Riziko osteoporózy | Orientační kontrola · Global Health,56,"Projděte orientační rizikové faktory osteoporózy a zjistěte, kdy může být vhodné odborné posouzení. Nejde o FRAX ani diagnózu.",126,,1724,True,,,2,,40,302,,,,,
https://www.myglobalhealth.online/czechia/cs/tools/ovulation-calculator,200,ok,Ovulační kalkulačka | Plodné dny a ovulace · Global Health,58,Odhadněte den ovulace a plodné dny podle prvního dne poslední menstruace a délky cyklu. Výsledek je orientační.,111,,1422,True,,,2,,40,172,,,,,
https://www.myglobalhealth.online/czechia/cs/tools/sore-throat-checker,200,ok,Bolest v Krku Česko | Kontrola Angíny a Streptokoka,51,"Odpovězte na pět otázek o bolesti v krku a zjistěte, jak pravděpodobná je bakteriální příčina, podle McIsaacova skóre, které používají lékaři. Včetně varovných příznaků vyžadujících neodkladnou péči. Nejde o diagnózu ani o test na streptokoka.",243,,1738,True,,,2,,39,166,,,,,
https://www.myglobalhealth.online/czechia/de,200,ok,Online-Arzt Tschechien | Registrierte Hausärzte & Fachärzte,59,"Sprechen Sie noch heute per Videoanruf mit einem registrierten Arzt — Hausarzttermine, Atteste, Facharztüberweisungen. Termine am selben Tag, Tschechien.",153,,1903,True,,,1,,62,191,,,,,
https://www.myglobalhealth.online/czechia/en,200,ok,Online Doctor in the Czech Republic | Registered Doctors,56,Consult doctors registered in the Czech Republic by video. Choose a service and a live appointment; prescriptions and documents depend on clinical assessment.,158,,1953,True,,,1,,62,164,,,,,
https://www.myglobalhealth.online/czechia/en/book,200,ok,Book your consultation — Czechia · Global Health,48,"Czechia medical clinic. Choose a service, clinician, time, and patient details.",79,,591,True,,,2,,53,162,,,,,
https://www.myglobalhealth.online/czechia/en/contact,200,ok,Contact Global Health Czechia | Online Doctor Prague,52,"Contact Global Health Czechia: +420 608 353 716, info@myglobalhealth.online. Online consultations in Czech and English, registered office in Prague 1.",150,,471,True,,,2,,39,185,,,,,
https://www.myglobalhealth.online/czechia/en/doctors,200,ok,Doctors who actually pick up. — Czechia · Global Health,55,"Every clinician below is licensed in Czechia, vetted for online care, and reviewed by patients after each consultation.",119,,1141,True,,,2,,47,206,,,,,
https://www.myglobalhealth.online/czechia/en/doctors/mudr-vojtech-cerny,200,ok,MUDr. Vojtěch Černý — GP | ČLK 1172330197 | Global Health Czech Republic,72,Book a video consultation with MUDr. Vojtěch Černý — ČLK-registered GP in Czech Republic (ČLK 1172330197). Charles University Prague · PhD candidate · MBA · Emergency medicine background. Same-day appointments.,210,,1223,True,,,2,,39,219,,,,,
https://www.myglobalhealth.online/czechia/en/pricing,200,ok,Choose your monthly plan · Czechia · Global Health,50,"Monthly online GP care with consultation credits, specialist savings and wellness rewards, priced for Czechia.",110,,486,True,,,2,,42,149,,,,,
https://www.myglobalhealth.online/czechia/es,200,ok,Médico Online Chequia | Médicos y Especialistas Colegiados,58,"Consulte hoy con un médico colegiado por videollamada — consultas de medicina general, certificados médicos, derivaciones a especialistas. Citas el mismo día en Chequia.",169,,2167,True,,,1,,62,200,,,,,
https://www.myglobalhealth.online/czechia/pt,200,ok,Médico Online Chéquia | Clínicos e Especialistas Registados,59,"Consulte hoje um médico registado por videochamada — consultas de clínica geral, atestados médicos, referenciações para especialistas. Consultas no mesmo dia em Chéquia.",169,,2163,True,,,1,,62,390,,,,,
https://www.myglobalhealth.online/czechia/ro,200,ok,Medic Online Cehia | Medici și Specialiști Înregistrați,55,"Vorbiți azi cu un medic înregistrat prin apel video — consultații de medicină de familie, adeverințe medicale, trimiteri către specialiști. Programări în aceeași zi, Cehia.",172,,2113,True,,,1,,62,185,,,,,
https://www.myglobalhealth.online/forgot-password,200,ok,Forgot Password · Global Health,31,Request a password reset for your Global Health account.,56,,60,False,,,,,2,154,,,,,
https://www.myglobalhealth.online/ireland/cs,200,ok,Online lékař Irsko | Tentýž den | Global Health,47,"Promluvte si dnes s registrovaným lékařem v Irsku přes videohovor: praktický lékař, potvrzení a odeslání ke specialistovi. Termíny tentýž den.",142,,3104,True,,,1,,86,247,,,,,
https://www.myglobalhealth.online/ireland/cs/about,200,ok,O naší online klinice v Irsku | Global Health,45,"Poznejte Global Health Irsko, online kliniku s bezpečnými videokonzultacemi, místně registrovanými lékaři a přehlednými možnostmi objednání.",140,,561,True,,,,,41,162,,,,,
https://www.myglobalhealth.online/ireland/cs/blog,200,ok,Zdravotní příručky od registrovaných lékařů – Irsko,51,"Zdravotní příručky založené na důkazech pro Irsko, které napsal a zkontroloval náš lékařský tým.",96,,541,True,,,,,50,158,,,,,
https://www.myglobalhealth.online/ireland/cs/blog/illness-benefit-irsko-jak-zazadat,200,ok,Illness Benefit v Irsku: jak zažádat (2026) · Global Health,59,"Žádost o Illness Benefit v Irsku: formulář IB1, Certificate of Incapacity for Work, kdo jej smí vystavit a v čem se liší od nemocenské od zaměstnavatele.",153,,1964,True,,,,,48,185,,,,,
https://www.myglobalhealth.online/ireland/cs/blog/illness-benefit-irsko-vyse-davky-dane-termin,200,ok,Illness Benefit v Irsku: sazby a výplata 2026,45,"Zjistěte sazby Illness Benefit v Irsku pro rok 2026, kdy začíná výplata, jak se dávka daní a jak ji ovlivňuje nemocenská od zaměstnavatele.",139,,1243,True,,,,,46,168,,,,,
https://www.myglobalhealth.online/ireland/cs/blog/jak-ziskat-online-potvrzeni-o-pracovni-neschopnosti-v-irsku,200,ok,Online neschopenka v Irsku: co potřebujete vědět,48,"Zjistěte, jak funguje online potvrzení o pracovní neschopnosti v Irsku, co může požadovat zaměstnavatel a kdy je nutné osobní vyšetření.",136,,1249,True,,,,,50,179,,,,,
https://www.myglobalhealth.online/ireland/cs/blog/online-prakticky-lekar-nebo-osobni-navsteva-pruvodce-telemedicinou-a-akutni-peci,200,ok,"Online praktický lékař, nebo osobní návštěva? Kdy zvolit kterou péči (2026)",75,"Průvodce volbou mezi telemedicínou, osobním vyšetřením a akutní péčí v Irsku podle doporučení HSE, NHS a WHO.",109,,2028,True,,,,,47,182,,,,,
https://www.myglobalhealth.online/ireland/cs/blog/vysetreni-adhd-u-dospelych-v-irsku-verejna-cesta-soukroma-cesta-a-co-se-skutecne,200,ok,Vyšetření ADHD u dospělých v Irsku: cesty a cena,48,"Veřejná cesta přes HSE, ceny soukromého vyšetření, kdo může v Irsku diagnostikovat ADHD a co obnáší vyšetření dospělých podle standardu NICE.",141,,1778,True,,,,,53,225,,,,,
https://www.myglobalhealth.online/ireland/cs/book,200,ok,Objednejte si konzultaci — Irsko · Global Health,48,"Irsko lékařská klinika. Vyberte si službu, lékaře, čas a údaje pacienta.",72,,932,True,,,,,63,167,,,,,
https://www.myglobalhealth.online/ireland/cs/careers,200,ok,Kariéra v Global Health Irsko,29,"Připojte se ke Global Health v Irsko. Spolupracujeme s registrovanými lékaři, klinickou podporou a technologickými týmy po celé Evropě a v Brazílii. Zjistěte, jak se ucházet o práci.",182,,309,True,,,,,49,160,,,,,
https://www.myglobalhealth.online/ireland/cs/contact,200,ok,Kontakt na náš tým v Irsku | Global Health,42,"Kontaktujte Global Health Irsko kvůli objednání, platbě nebo účtu telefonicky či e-mailem. Dublinská adresa je sídlo, nikoli ordinace.",134,,425,True,,,,,41,157,,,,,
https://www.myglobalhealth.online/ireland/cs/doctors,200,ok,Online lékaři Irsko | Praktičtí lékaři a specialisté u IMC,58,"Prohlédněte si lékaře a kliniky registrované u IMC v Irsku. Zobrazte specializace, registrační údaje, jazyky a možnosti online objednání.",137,,1115,True,,,,,63,394,,,,,
https://www.myglobalhealth.online/ireland/cs/doctors/dr-abdelrahman-mustafa,200,ok,Dr Abdelrahman Mustafa | Praktický lékař | Irsko,48,"Irský profil Dr Abdelrahman Mustafa: profesní informace, jazyky, klinické zkušenosti a online služby spojené s tímto odborníkem.",128,,1718,True,,,,,52,214,,,,,
https://www.myglobalhealth.online/ireland/cs/doctors/dr-ahmed-maklad,200,ok,Dr Ahmed Maklad | Praktický lékař | Irsko · Global Health,57,"Irský profil Dr Ahmed Maklad: profesní informace, jazyky, klinické zkušenosti a online služby spojené s tímto odborníkem.",121,,1845,True,,,,,53,215,,,,,
https://www.myglobalhealth.online/ireland/cs/doctors/dr-arooj-iqbal-lodhi,200,ok,Dr Arooj Iqbal Lodhi | Doctor · Global Health,45,Dr Arooj Iqbal Lodhi is a Doctor registered in Ireland. Book an online consultation with Global Health.,103,,362,False,,,2,,41,299,,,,,
https://www.myglobalhealth.online/ireland/cs/doctors/dr-emmanuel-dabup,200,ok,Dr Emmanuel Dabup | Konzultant psychiatr | Irsko,48,"Irský profil Dr Emmanuel Dabup: profesní informace, jazyky, klinické zkušenosti a online služby spojené s tímto odborníkem.",123,,982,True,,,2,,42,214,,,,,
https://www.myglobalhealth.online/ireland/cs/doctors/dr-fahad-farooq,200,ok,Dr Fahad Farooq | Lékař v neurologické přípravě | Irsko,55,"Irský profil Dr Fahad Farooq: profesní informace, jazyky, klinické zkušenosti a online služby spojené s tímto odborníkem.",121,,1370,True,,,,,48,204,,,,,
https://www.myglobalhealth.online/ireland/cs/doctors/dr-fatima-ali,200,ok,Dr Fatima Ali | Lékařka v onkologické přípravě | Irsko,54,"Irský profil Dr Fatima Ali: profesní informace, jazyky, klinické zkušenosti a online služby spojené s tímto odborníkem.",119,,1039,True,,,2,,41,387,,,,,
https://www.myglobalhealth.online/ireland/cs/doctors/dr-mariam-faiz,200,ok,Dr Mariam Faiz | Praktická a estetická lékařka | Irsko,54,"Irský profil Dr Mariam Faiz: profesní informace, jazyky, klinické zkušenosti a online služby spojené s tímto odborníkem.",120,,1342,True,,,2,,48,421,,,,,
https://www.myglobalhealth.online/ireland/cs/doctors/dr-mohamed-fadzly-bin-mohamed,200,ok,Dr Mohamed Fadzly Bin Mohamed | Praktický lékař | Irsko,55,"Irský profil Dr Mohamed Fadzly Bin Mohamed: profesní informace, jazyky, klinické zkušenosti a online služby spojené s tímto odborníkem.",135,,1746,True,,,,,53,205,,,,,
https://www.myglobalhealth.online/ireland/cs/doctors/dr-mohammed-omar,200,ok,Dr Mohammed Omar | Konzultant kardiolog | Irsko,47,"Irský profil Dr Mohammed Omar: profesní informace, jazyky, klinické zkušenosti a online služby spojené s tímto odborníkem.",122,,987,True,,,2,,42,317,,,,,
https://www.myglobalhealth.online/ireland/cs/doctors/dr-muhammad-mataro,200,ok,Dr Muhammad Mataro | Praktický lékař | Irsko · Global Health,60,"Irský profil Dr Muhammad Mataro: profesní informace, jazyky, klinické zkušenosti a online služby spojené s tímto odborníkem.",124,,1790,True,,,,,55,210,,,,,
https://www.myglobalhealth.online/ireland/cs/doctors/dr-muhammad-tahir-arain,200,ok,Dr Muhammad Tahir Arain | Praktický lékař | Irsko,49,"Irský profil Dr Muhammad Tahir Arain: profesní informace, jazyky, klinické zkušenosti a online služby spojené s tímto odborníkem.",129,,1784,True,,,2,,52,251,,,,,
https://www.myglobalhealth.online/ireland/cs/doctors/dr-muhammad-usman-yoosuf,200,ok,Dr Muhammad Usman Yoosuf | Praktický lékař | Irsko,50,"Irský profil Dr Muhammad Usman Yoosuf: profesní informace, jazyky, klinické zkušenosti a online služby spojené s tímto odborníkem.",130,,1710,True,,,,,53,205,,,,,
https://www.myglobalhealth.online/ireland/cs/doctors/dr-raafat-ibrahim,200,ok,Dr Raafat Ibrahim | Konzultant pediatr | Irsko,46,"Irský profil Dr Raafat Ibrahim: profesní informace, jazyky, klinické zkušenosti a online služby spojené s tímto odborníkem.",123,,1260,True,,,2,,42,234,,,,,
https://www.myglobalhealth.online/ireland/cs/doctors/dr-raza-khan,200,ok,Dr Raza Khan | Praktický lékař | Irsko · Global Health,54,"Irský profil Dr Raza Khan: profesní informace, jazyky, klinické zkušenosti a online služby spojené s tímto odborníkem.",118,,1793,True,,,2,,53,330,,,,,
https://www.myglobalhealth.online/ireland/cs/doctors/dr-saadia-irfan,200,ok,Dr Saadia Irfan | Konzultantka pediatrie | Irsko,48,"Irský profil Dr Saadia Irfan: profesní informace, jazyky, klinické zkušenosti a online služby spojené s tímto odborníkem.",121,,1245,True,,,2,,46,172,,,,,
https://www.myglobalhealth.online/ireland/cs/doctors/dr-tiago-miguel-figueira,200,ok,Dr Tiago Miguel Figueira | Praktický lékař | Irsko,50,"Irský profil Dr Tiago Miguel Figueira: profesní informace, jazyky, klinické zkušenosti a online služby spojené s tímto odborníkem.",130,,1850,True,,,,,55,326,,,,,
https://www.myglobalhealth.online/ireland/cs/doctors/dr-yousif-mohamed,200,ok,Dr Yousif Mohamed | Praktický lékař | Irsko · Global Health,59,"Irský profil Dr Yousif Mohamed: profesní informace, jazyky, klinické zkušenosti a online služby spojené s tímto odborníkem.",123,,1788,True,,,2,,53,199,,,,,
https://www.myglobalhealth.online/ireland/cs/doctors/khoiamul-islam,200,ok,MUDr. Khoiamul Islam | Praktický lékař | Irsko,46,"Irský profil MUDr. Khoiamul Islam: profesní informace, jazyky, klinické zkušenosti a online služby spojené s tímto odborníkem.",126,,1134,True,,,2,,43,366,,,,,
https://www.myglobalhealth.online/ireland/cs/doctors/maristela-ferro-nepomuceno,200,ok,Maristela Ferro Nepomuceno | Psycholožka | Irsko,48,"Irský profil Maristela Ferro Nepomuceno: profesní informace, jazyky, klinické zkušenosti a online služby spojené s tímto odborníkem.",132,,949,True,,,2,,42,285,,,,,
https://www.myglobalhealth.online/ireland/cs/doctors/priscila-figueiredo,200,ok,Priscila Figueiredo | Konzultantka rehabilitace a wellness | Irsko,66,"Irský profil Priscila Figueiredo: profesní informace, jazyky, klinické zkušenosti a online služby spojené s tímto odborníkem.",125,,960,True,,,2,,42,181,,,,,
https://www.myglobalhealth.online/ireland/cs/doctors/roney-carli,200,ok,Roney Carli | Chiropraktik a manuální terapeut | Irsko,54,"Irský profil Roney Carli: profesní informace, jazyky, klinické zkušenosti a online služby spojené s tímto odborníkem.",117,,806,True,,,2,,41,325,,,,,
https://www.myglobalhealth.online/ireland/cs/doctors/silvia-alexandre-fernandes,200,ok,Silvia Alexandre Fernandes | Nutriční terapeutka | Irsko,56,"Irský profil Silvia Alexandre Fernandes: profesní informace, jazyky, klinické zkušenosti a online služby spojené s tímto odborníkem.",132,,981,True,,,2,,42,409,,,,,
https://www.myglobalhealth.online/ireland/cs/faq,200,ok,Časté otázky — Irsko · Global Health,36,"Irsko — Rezervace, platby, konzultace, ochrana soukromí a situace, kdy online péče není tou správnou cestou. Nenašli jste odpověď? Napište nám.",143,,558,False,,,,,41,154,,,,,
https://www.myglobalhealth.online/ireland/cs/gp-consultation-online,200,ok,Online praktický lékař v Irsku | Bezpečné videokonzultace,57,Objednejte se na online konzultaci s praktickým lékařem v Irsku. Bezpečné videokonzultace s lékaři registrovanými u Irish Medical Council.,138,,1863,True,,,,,64,178,,,,,
https://www.myglobalhealth.online/ireland/cs/health/arabic-speaking-doctor,200,ok,Lékař mluvící arabsky v Irsku | Online konzultace,49,Navštivte arabsky mluvícího lékaře registrovaného v Irsku online. Konzultace v arabštině pro arabsky mluvící komunitu v Irsku.,126,,450,True,,,,,58,179,,,,,
https://www.myglobalhealth.online/ireland/cs/health/diabetes,200,ok,Péče o diabetes Irsko | Online lékař · Global Health,52,"Průběžná péče o diabetes s online lékařem registrovaným v Irsku — kontrola hladiny cukru v krvi, podpora životního stylu a koordinovaná péče.",141,,328,True,,,,,48,174,,,,,
https://www.myglobalhealth.online/ireland/cs/health/expat-healthcare,200,ok,Zdravotní péče pro expaty v Irsku | Online lékař,48,"Online zdravotní péče pro expaty a mezinárodní rezidenty v Irsku — bez nutnosti registrace u místního praktického lékaře. Vícejazyčná péče, tentýž den.",151,,459,True,,,,,56,186,,,,,
https://www.myglobalhealth.online/ireland/cs/health/hypertension,200,ok,Péče o hypertenzi Irsko | Online lékař · Global Health,54,"Zvládejte vysoký krevní tlak s lékařem registrovaným v Irsku online. Konzultace, doporučení týkající se životního stylu a průběžná péče prostřednictvím zabezpečeného videohovoru.",178,,346,True,,,,,48,170,,,,,
https://www.myglobalhealth.online/ireland/cs/health/online-prescription-ireland,200,ok,Online kontrola receptu Irsko | Konzultace s praktickým lékařem,63,"Lékaři oprávnění vykonávat praxi v Irsku, kteří posuzují žádosti o opakovaný předpis u stávajících pacientů prostřednictvím zabezpečeného videohovoru.",150,,341,True,,,,,47,169,,,,,
https://www.myglobalhealth.online/ireland/cs/health/respiratory-infections,200,ok,Lékař na respirační infekce v Irsku | Tentýž den,48,"Infekce hrudníku, přetrvávající kašel a dýchací obtíže posouzené lékařem registrovaným v Irsku — video konzultace ve stejný den.",128,,340,True,,,,,51,176,,,,,
https://www.myglobalhealth.online/ireland/cs/legal,200,ok,Právní informace · Irsko · Global Health,40,"Právní dokumenty, registrace společnosti a regulační údaje pro Global Health v Irsko.",85,,412,True,,,,,46,159,,,,,
https://www.myglobalhealth.online/ireland/cs/legal/medical-disclaimer,200,ok,Medical Disclaimer · Irsko · Global Health,42,"Medical Disclaimer. Právní dokumenty, registrace společnosti a regulační údaje pro Global Health v Irsko.",105,,389,False,,,,,41,150,,,,,
https://www.myglobalhealth.online/ireland/cs/press,200,ok,Pro média — Global Health Irsko,31,"Informace pro média o Global Health v Irsko: kdo službu provozuje, jak je regulována, na jakých trzích působíme a jak kontaktovat naše tiskové oddělení.",152,,442,True,,,,,43,163,,,,,
https://www.myglobalhealth.online/ireland/cs/pricing,200,ok,Plány Online Lékaře v Irsku | Měsíční Členství,46,"Porovnejte měsíční plány online lékaře v Irsku s kredity na konzultace, vybranými slevami u specialistů a odměnami pro zdravý životní styl.",139,,485,True,,,,,44,191,,,,,
https://www.myglobalhealth.online/ireland/cs/repeat-prescription-request,200,ok,Seznamte se s našimi licencovanými předepisujícími lékaři. · Ireland,68,"Lékaři registrovaní k výkonu praxe v Ireland, kteří posuzují žádosti o opakovaný předpis pro stávající pacienty.",112,,270,True,,,,,41,182,,,,,
https://www.myglobalhealth.online/ireland/cs/see-a-specialist,200,ok,Online konzultace se specialisty v Irsku | Objednání podle oboru,64,"Objednejte se na online konzultaci se specialistou v Irsku. Porovnejte aktuálně dostupné obory, prohlédněte si údaje o specialistovi a zvolte termín.",149,,1507,True,,,,,55,174,,,,,
https://www.myglobalhealth.online/ireland/cs/services/acute-medical-consultation,200,ok,Online konzultace s lékařem v Irsku ještě dnes | Lékař online,61,"Objednejte si online konzultaci s lékařem v Irsku ještě dnes kvůli vhodným neurgentním příznakům, klinickému posouzení a doporučení dalších kroků.",146,,1037,True,,,,,54,172,,,,,
https://www.myglobalhealth.online/ireland/cs/services/chronic-disease-consultation,200,ok,Online konzultace chronického onemocnění v Irsku | Průběžná péče,64,"Objednejte si online konzultaci chronického onemocnění v Irsku pro strukturovanou kontrolu diagnostikované nemoci, bezpečnost léčby a plán další péče.",150,,1391,True,,,,,52,169,,,,,
https://www.myglobalhealth.online/ireland/cs/services/hair-loss-consultation,200,ok,Online konzultace vypadávání vlasů v Irsku | Lékařské posouzení,63,Objednejte si online konzultaci s lékařem registrovaným v Irsku kvůli vypadávání nebo řídnutí vlasů a získejte doporučení k vhodným dalším krokům.,146,,1856,True,,,,,50,163,,,,,
https://www.myglobalhealth.online/ireland/cs/services/mens-health-consultation,200,ok,Online konzultace mužského zdraví v Irsku | Důvěrně s lékařem,61,"Objednejte si důvěrnou online konzultaci mužského zdraví v Irsku kvůli sexuálním, hormonálním, prostatickým nebo obecným zdravotním potížím.",140,,1232,True,,,,,50,162,,,,,
https://www.myglobalhealth.online/ireland/cs/services/mental-health-consultation,200,ok,Online konzultace duševního zdraví v Irsku | Posouzení lékařem,62,"Objednejte si důvěrnou online konzultaci duševního zdraví s lékařem registrovaným v Irsku kvůli úzkosti, nízké náladě, stresu nebo potížím se spánkem.",150,,1915,True,,,,,49,180,,,,,
https://www.myglobalhealth.online/ireland/cs/services/musculoskeletal-pain-assessment,200,ok,Online posouzení pohybového aparátu v Irsku | Bolest a klouby,61,"Objednejte si online posouzení pohybového aparátu v Irsku kvůli vhodné bolesti zad či kloubů, ischiasu nebo potížím měkkých tkání a dalšímu doporučení.",151,,1603,True,,,,,50,164,,,,,
https://www.myglobalhealth.online/ireland/cs/services/paediatric-consultation,200,ok,Online dětská konzultace v Irsku | Lékař pro děti,49,"Objednejte si online dětskou konzultaci v Irsku kvůli vhodným neurgentním potížím kojenců, dětí nebo dospívajících a doporučení specialisty podle potřeby.",154,,1775,True,,,,,50,171,,,,,
https://www.myglobalhealth.online/ireland/cs/services/second-opinion-consultation,200,ok,Online druhý lékařský názor v Irsku | Nezávislé posouzení,57,"Objednejte si online druhý lékařský názor v Irsku pro nezávislou kontrolu diagnózy, léčebného plánu, lékařské zprávy nebo výsledku vyšetření.",141,,2096,True,,,,,50,167,,,,,
https://www.myglobalhealth.online/ireland/cs/services/sick-certificate-ireland,200,ok,Online pracovní neschopnost v Irsku | Lékařské posouzení dnes,61,Objednejte si online lékařské posouzení pro potvrzení o pracovní neschopnosti v Irsku. Doklad se vydává jen při klinické vhodnosti a není zaručen.,146,,1052,True,,,,,54,168,,,,,
https://www.myglobalhealth.online/ireland/cs/services/skin-dermatology-consultation,200,ok,Online konzultace kožních potíží v Irsku | Lékařské posouzení,61,"Objednejte si online konzultaci s lékařem registrovaným v Irsku kvůli vyrážce, ekzému, akné nebo jiným vhodným kožním potížím a dalšímu doporučení.",147,,1995,True,,,,,50,164,,,,,
https://www.myglobalhealth.online/ireland/cs/services/travel-health-consultation,200,ok,Online konzultace cestovní medicíny v Irsku | Lékař na cesty,60,"Objednejte si online konzultaci cestovní medicíny v Irsku pro posouzení rizik destinace, doporučení očkování, malárie a plánování před cestou.",142,,1977,True,,,,,47,178,,,,,
https://www.myglobalhealth.online/ireland/cs/services/treatment-review,200,ok,Kontrola opakovaného receptu v Irsku | Online posouzení lékařem,63,Objednejte si online lékařskou kontrolu stávající léčby nebo žádosti o opakovaný recept. Pokračování léčby není automatické a závisí na klinickém posouzení.,156,,1087,True,,,,,51,177,,,,,
https://www.myglobalhealth.online/ireland/cs/services/weight-management-consultation,200,ok,Online kontrola hmotnosti v Irsku | Konzultace s lékařem,56,"Objednejte si online lékařskou konzultaci ke kontrole hmotnosti v Irsku, která zahrnuje klinické posouzení, individuální doporučení a vhodné další možnosti.",156,,1662,True,,,,,50,164,,,,,
https://www.myglobalhealth.online/ireland/cs/services/womens-health-consultation,200,ok,Online konzultace ženského zdraví v Irsku | Důvěrně s lékařem,61,"Objednejte si důvěrnou online konzultaci ženského zdraví v Irsku kvůli menopauze, PCOS, antikoncepci nebo hormonálním či reprodukčním potížím.",142,,1517,True,,,,,50,176,,,,,
https://www.myglobalhealth.online/ireland/cs/tools/adhd-test,200,ok,ADHD Test Irsko | Bezplatný Screening Pro Dospělé,49,"Vyplňte screeningový test ADHD pro dospělé o šesti otázkách (ASRS v1.1, část A) a zjistěte, co vaše odpovědi znamenají. Výsledek screeningu není diagnóza — tu stanoví jen psychiatr nebo klinický psycholog.",205,,1427,True,,,,,42,172,,,,,
https://www.myglobalhealth.online/ireland/cs/tools/blood-pressure-chart,200,ok,Kalkulačka Krevního Tlaku Irsko | Tabulka Normálních Hodnot,59,Zadejte systolický a diastolický tlak a hned uvidíte kategorii podle evropské tabulky pro dospělé — co hodnota znamená a které vyžadují lékaře ještě týž den.,157,,1372,True,,,,,43,175,,,,,
https://www.myglobalhealth.online/ireland/cs/tools/bmi-calculator,200,ok,BMI Kalkulačka Irsko | Výpočet BMI Online · Global Health,57,"Spočítejte si index tělesné hmotnosti během několika sekund. Metrické i imperiální jednotky, kategorie WHO pro dospělé a co váš výsledek ve skutečnosti znamená.",160,,1230,True,,,,,43,176,,,,,
https://www.myglobalhealth.online/ireland/cs/tools/calorie-calculator,200,ok,Kalorická Kalkulačka Irsko | Výpočet Denního Příjmu,51,"Spočítejte si, kolik kalorií denně potřebujete na udržení hmotnosti, hubnutí nebo nabírání. Rovnice Mifflin-St Jeor, pět úrovní aktivity a co ta čísla ve skutečnosti znamenají — a registrovaní lékaři, pokud chcete jít dál.",222,,1355,True,,,,,43,174,,,,,
https://www.myglobalhealth.online/ireland/cs/tools/due-date-calculator,200,ok,Těhotenská Kalkulačka Irsko | Termín Porodu a Týdny,51,"Spočítejte si předpokládaný termín porodu a v kolikátém týdnu těhotenství jste, podle prvního dne poslední menstruace. Zohledňuje délku vašeho cyklu, včetně přehledu všech 40 týdnů.",181,,1230,True,,,,,42,177,,,,,
https://www.myglobalhealth.online/ireland/cs/tools/osteoporosis-risk-checker,200,ok,Kontrola Rizika Osteoporózy Irsko | Potřebuji Denzitometrii?,60,"Zkontrolujte zveřejněné rizikové faktory osteoporózy a zlomeniny z křehkosti a zjistěte, zda doporučené postupy radí nechat se vyšetřit. Nejde o FRAX ani o diagnózu — je to seznam k vyhledání rizika, se kterým můžete jít k lékaři.",230,,1635,True,,,,,42,169,,,,,
https://www.myglobalhealth.online/ireland/cs/tools/ovulation-calculator,200,ok,Ovulační Kalkulačka Irsko | Plodné Dny a Den Ovulace,52,Spočítejte si plodné dny a odhadovaný den ovulace podle prvního dne poslední menstruace. Zohledňuje délku vašeho cyklu a šest nejplodnějších dnů rozepisuje den po dni.,167,,1342,True,,,,,42,171,,,,,
https://www.myglobalhealth.online/ireland/cs/tools/sore-throat-checker,200,ok,Bolest v Krku Irsko | Kontrola Angíny a Streptokoka,51,"Odpovězte na pět otázek o bolesti v krku a zjistěte, jak pravděpodobná je bakteriální příčina, podle McIsaacova skóre, které používají lékaři. Včetně varovných příznaků vyžadujících neodkladnou péči. Nejde o diagnózu ani o test na streptokoka.",243,,1630,True,,,,,41,169,,,,,
https://www.myglobalhealth.online/ireland/de,200,ok,Online-Arzt Irland | Am selben Tag | Global Health,50,"Sprechen Sie noch heute per Videoanruf mit einem bei IMC registrierten Arzt für Hausarzttermine, Krankschreibungen und Facharztüberweisungen. Termine am selben Tag in ganz Irland ab 39 €.",187,,3062,True,,,1,,86,232,,,,,
https://www.myglobalhealth.online/ireland/de/about,200,ok,Über unsere Online-Praxis in Irland | Global Health,51,"Erfahren Sie, wie Global Health Irland sichere Videosprechstunden über eine Online-Praxis mit lokal registrierten Ärzten und klarer Buchung anbietet.",149,,567,True,,,,,41,162,,,,,
https://www.myglobalhealth.online/ireland/de/blog,200,ok,Gesundheitsleitfäden von zugelassenen Ärzten in Irland,54,"Evidenzbasierte Gesundheitsleitfäden für Irland, verfasst und geprüft von unserem medizinischen Team.",101,,489,True,,,,,50,165,,,,,
https://www.myglobalhealth.online/ireland/de/blog/adhs-diagnostik-bei-erwachsenen-in-irland-der-offentliche-weg-der-private-weg-un,200,ok,ADHS-Diagnostik bei Erwachsenen in Irland: Wege und Kosten,58,"Der öffentliche HSE-Weg, Kosten der privaten Diagnostik, wer ADHS in Irland diagnostizieren darf und was eine ADHS-Untersuchung nach NICE-Standard bei Erwachsenen beinhaltet.",174,,1882,True,,,,,53,197,,,,,
https://www.myglobalhealth.online/ireland/de/blog/bluttest-dublin,200,ok,Bluttest in Dublin: Leitfaden vom Arzt · Global Health,54,"Wo Sie in Dublin einen Bluttest machen lassen, ob Sie eine Anforderung brauchen, was gängige Paneele messen und was ein auffälliger Wert bedeutet.",146,,2097,True,,,,,48,184,,,,,
https://www.myglobalhealth.online/ireland/de/blog/illness-benefit-irland-betrag-zahlung-2026,200,ok,Illness Benefit Irland: Betrag und Zahlung 2026,47,"Aktuelle Illness-Benefit-Sätze in Irland, Zahlungsbeginn, Steuer und Zusammenspiel mit der gesetzlichen Lohnfortzahlung im Jahr 2026.",133,,1114,True,,,,,46,184,,,,,
https://www.myglobalhealth.online/ireland/de/blog/illness-benefit-irland-so-beantragen,200,ok,Illness Benefit in Irland: so beantragen Sie ihn,48,"Illness Benefit in Irland beantragen: Formular IB1, Certificate of Incapacity for Work, wer es ausstellen darf und der Unterschied zur Lohnfortzahlung.",151,,2134,True,,,,,48,184,,,,,
https://www.myglobalhealth.online/ireland/de/blog/online-arzt-oder-vor-ort-symptomleitfaden-zu-telemedizin-und-notfallversorgung,200,ok,Online-Arzt oder vor Ort? Wann welche Versorgung passt (2026),61,"Evidenzbasierter Leitfaden zur Wahl zwischen Telemedizin, Hausarztpraxis und Notfallversorgung in Irland nach HSE-, NHS- und WHO/ITU-Empfehlungen.",146,,1982,True,,,,,47,189,,,,,
https://www.myglobalhealth.online/ireland/de/blog/online-krankschreibung-in-irland-so-funktioniert-es,200,ok,Online-Krankschreibung Irland: Das müssen Sie wissen,52,"Online-Krankschreibung in Irland: Ablauf des Termins, Anforderungen des Arbeitgebers und wann eine Untersuchung vor Ort nötig ist.",130,,1368,True,,,,,50,163,,,,,
https://www.myglobalhealth.online/ireland/de/book,200,ok,Buchen Sie Ihre Beratung — Irland · Global Health,49,"Irland Arztpraxis. Wählen Sie einen Service, Arzt, Zeit und Patientendaten.",75,,829,True,,,,,63,162,,,,,
https://www.myglobalhealth.online/ireland/de/careers,200,ok,Karriere bei Global Health Irland,33,"Werden Sie Teil von Global Health in Irland. Wir arbeiten mit zugelassenen Ärzten, klinischem Support und Technologieteams in ganz Europa und Brasilien zusammen. Erfahren Sie, wie Sie sich bewerben können.",205,,270,True,,,,,49,158,,,,,
https://www.myglobalhealth.online/ireland/de/contact,200,ok,Kontakt zu unserem Team in Irland | Global Health,49,"Kontaktieren Sie Global Health Irland bei Fragen zu Buchung, Zahlung oder Konto per Telefon oder E-Mail. Die Dubliner Adresse ist nur der Firmensitz.",149,,402,True,,,,,41,154,,,,,
https://www.myglobalhealth.online/ireland/de/doctors,200,ok,Online-Ärzte Irland | Hausärzte und Fachärzte beim IMC,54,"Finden Sie beim IMC registrierte Ärzte und klinische Fachkräfte in Irland. Sehen Sie Fachgebiete, Registrierungsdaten, Sprachen und Online-Buchungsoptionen.",156,,1080,True,,,,,63,185,,,,,
https://www.myglobalhealth.online/ireland/de/doctors/dr-abdelrahman-mustafa,200,ok,Dr Abdelrahman Mustafa | Allgemeinmediziner | Irland,52,"Irland-Profil von Dr Abdelrahman Mustafa: berufliche Angaben, Sprachen, klinischer Hintergrund und diesem Behandler zugeordnete Online-Leistungen.",146,,1534,True,,,,,52,218,,,,,
https://www.myglobalhealth.online/ireland/de/doctors/dr-ahmed-maklad,200,ok,Dr Ahmed Maklad | Allgemeinmediziner | Irland,45,"Irland-Profil von Dr Ahmed Maklad: berufliche Angaben, Sprachen, klinischer Hintergrund und diesem Behandler zugeordnete Online-Leistungen.",139,,1745,True,,,,,53,235,,,,,
https://www.myglobalhealth.online/ireland/de/doctors/dr-arooj-iqbal-lodhi,200,ok,Dr Arooj Iqbal Lodhi | Doctor · Global Health,45,Dr Arooj Iqbal Lodhi is a Doctor registered in Ireland. Book an online consultation with Global Health.,103,,324,False,,,2,,41,181,,,,,
https://www.myglobalhealth.online/ireland/de/doctors/dr-emmanuel-dabup,200,ok,Dr Emmanuel Dabup | Facharzt für Psychiatrie | Irland,53,"Irland-Profil von Dr Emmanuel Dabup: berufliche Angaben, Sprachen, klinischer Hintergrund und diesem Behandler zugeordnete Online-Leistungen.",141,,963,True,,,2,,42,363,,,,,
https://www.myglobalhealth.online/ireland/de/doctors/dr-fahad-farooq,200,ok,Dr Fahad Farooq | Arzt in neurologischer Weiterbildung | Irland,63,"Irland-Profil von Dr Fahad Farooq: berufliche Angaben, Sprachen, klinischer Hintergrund und diesem Behandler zugeordnete Online-Leistungen.",139,,1278,True,,,,,48,199,,,,,
https://www.myglobalhealth.online/ireland/de/doctors/dr-fatima-ali,200,ok,Dr Fatima Ali | Ärztin in onkologischer Weiterbildung | Irland,62,"Irland-Profil von Dr Fatima Ali: berufliche Angaben, Sprachen, klinischer Hintergrund und diesem Behandler zugeordnete Online-Leistungen.",137,,996,True,,,2,,41,165,,,,,
https://www.myglobalhealth.online/ireland/de/doctors/dr-mariam-faiz,200,ok,Dr Mariam Faiz | Allgemeinmedizinerin und ästhetische Ärztin | Irland,69,"Irland-Profil von Dr Mariam Faiz: berufliche Angaben, Sprachen, klinischer Hintergrund und diesem Behandler zugeordnete Online-Leistungen.",138,,1252,True,,,2,,48,178,,,,,
https://www.myglobalhealth.online/ireland/de/doctors/dr-mohamed-fadzly-bin-mohamed,200,ok,Dr Mohamed Fadzly Bin Mohamed | Allgemeinmediziner | Irland,59,"Irland-Profil von Dr Mohamed Fadzly Bin Mohamed: berufliche Angaben, Sprachen, klinischer Hintergrund und diesem Behandler zugeordnete Online-Leistungen.",153,,1560,True,,,,,53,205,,,,,
https://www.myglobalhealth.online/ireland/de/doctors/dr-mohammed-omar,200,ok,Dr Mohammed Omar | Facharzt für Kardiologie | Irland,52,"Irland-Profil von Dr Mohammed Omar: berufliche Angaben, Sprachen, klinischer Hintergrund und diesem Behandler zugeordnete Online-Leistungen.",140,,946,True,,,2,,42,184,,,,,
https://www.myglobalhealth.online/ireland/de/doctors/dr-muhammad-mataro,200,ok,Dr Muhammad Mataro | Allgemeinmediziner | Irland,48,"Irland-Profil von Dr Muhammad Mataro: berufliche Angaben, Sprachen, klinischer Hintergrund und diesem Behandler zugeordnete Online-Leistungen.",142,,1643,True,,,,,55,227,,,,,
https://www.myglobalhealth.online/ireland/de/doctors/dr-muhammad-tahir-arain,200,ok,Dr Muhammad Tahir Arain | Allgemeinmediziner | Irland,53,"Irland-Profil von Dr Muhammad Tahir Arain: berufliche Angaben, Sprachen, klinischer Hintergrund und diesem Behandler zugeordnete Online-Leistungen.",147,,1607,True,,,2,,52,406,,,,,
https://www.myglobalhealth.online/ireland/de/doctors/dr-muhammad-usman-yoosuf,200,ok,Dr Muhammad Usman Yoosuf | Allgemeinmediziner | Irland,54,"Irland-Profil von Dr Muhammad Usman Yoosuf: berufliche Angaben, Sprachen, klinischer Hintergrund und diesem Behandler zugeordnete Online-Leistungen.",148,,1556,True,,,,,53,201,,,,,
https://www.myglobalhealth.online/ireland/de/doctors/dr-raafat-ibrahim,200,ok,Dr Raafat Ibrahim | Facharzt für Pädiatrie | Irland,51,"Irland-Profil von Dr Raafat Ibrahim: berufliche Angaben, Sprachen, klinischer Hintergrund und diesem Behandler zugeordnete Online-Leistungen.",141,,1242,True,,,2,,42,178,,,,,
https://www.myglobalhealth.online/ireland/de/doctors/dr-raza-khan,200,ok,Dr Raza Khan | Allgemeinmediziner | Irland · Global Health,58,"Irland-Profil von Dr Raza Khan: berufliche Angaben, Sprachen, klinischer Hintergrund und diesem Behandler zugeordnete Online-Leistungen.",136,,1592,True,,,2,,53,232,,,,,
https://www.myglobalhealth.online/ireland/de/doctors/dr-saadia-irfan,200,ok,Dr Saadia Irfan | Fachärztin für Pädiatrie | Irland,51,"Irland-Profil von Dr Saadia Irfan: berufliche Angaben, Sprachen, klinischer Hintergrund und diesem Behandler zugeordnete Online-Leistungen.",139,,1182,True,,,2,,46,177,,,,,
https://www.myglobalhealth.online/ireland/de/doctors/dr-tiago-miguel-figueira,200,ok,Dr Tiago Miguel Figueira | Allgemeinmediziner | Irland,54,"Irland-Profil von Dr Tiago Miguel Figueira: berufliche Angaben, Sprachen, klinischer Hintergrund und diesem Behandler zugeordnete Online-Leistungen.",148,,1633,True,,,,,55,443,,,,,
https://www.myglobalhealth.online/ireland/de/doctors/dr-yousif-mohamed,200,ok,Dr Yousif Mohamed | Allgemeinmediziner | Irland,47,"Irland-Profil von Dr Yousif Mohamed: berufliche Angaben, Sprachen, klinischer Hintergrund und diesem Behandler zugeordnete Online-Leistungen.",141,,1585,True,,,2,,53,365,,,,,
https://www.myglobalhealth.online/ireland/de/doctors/khoiamul-islam,200,ok,MUDr. Khoiamul Islam | Allgemeinmediziner | Irland,50,"Irland-Profil von MUDr. Khoiamul Islam: berufliche Angaben, Sprachen, klinischer Hintergrund und diesem Behandler zugeordnete Online-Leistungen.",144,,1125,True,,,2,,43,242,,,,,
https://www.myglobalhealth.online/ireland/de/doctors/maristela-ferro-nepomuceno,200,ok,Maristela Ferro Nepomuceno | Psychologin | Irland,49,"Irland-Profil von Maristela Ferro Nepomuceno: berufliche Angaben, Sprachen, klinischer Hintergrund und diesem Behandler zugeordnete Online-Leistungen.",150,,930,True,,,2,,42,183,,,,,
https://www.myglobalhealth.online/ireland/de/doctors/priscila-figueiredo,200,ok,Priscila Figueiredo | Beraterin für Rehabilitation und Wellness | Irland,72,"Irland-Profil von Priscila Figueiredo: berufliche Angaben, Sprachen, klinischer Hintergrund und diesem Behandler zugeordnete Online-Leistungen.",143,,912,True,,,2,,42,172,,,,,
https://www.myglobalhealth.online/ireland/de/doctors/roney-carli,200,ok,Roney Carli | Chiropraktiker und Manualtherapeut | Irland,57,"Irland-Profil von Roney Carli: berufliche Angaben, Sprachen, klinischer Hintergrund und diesem Behandler zugeordnete Online-Leistungen.",135,,753,True,,,2,,41,178,,,,,
https://www.myglobalhealth.online/ireland/de/doctors/silvia-alexandre-fernandes,200,ok,Silvia Alexandre Fernandes | Ernährungstherapeutin | Irland,59,"Irland-Profil von Silvia Alexandre Fernandes: berufliche Angaben, Sprachen, klinischer Hintergrund und diesem Behandler zugeordnete Online-Leistungen.",150,,920,True,,,2,,42,412,,,,,
https://www.myglobalhealth.online/ireland/de/faq,200,ok,Häufig gestellte Fragen — Irland · Global Health,48,"Irland — Buchungen, Zahlungen, Konsultationen, Datenschutz und wann Online-Versorgung nicht der richtige Weg ist. Nicht gefunden, was Sie suchen? Schreiben Sie uns.",164,,523,False,,,,,41,157,,,,,
https://www.myglobalhealth.online/ireland/de/gp-consultation-online,200,ok,Online-Hausarzt in Irland | Sichere Videokonsultationen,55,"Buchen Sie eine Online-Konsultation mit einem Hausarzt in Irland. Sichere Videotermine mit Ärzten, die beim Irish Medical Council registriert sind.",147,,1759,True,,,,,64,190,,,,,
https://www.myglobalhealth.online/ireland/de/health/arabic-speaking-doctor,200,ok,Arabischsprachiger Arzt Irland | Online-Beratung,48,"Sprechen Sie online mit einem arabischsprachigen, in Irland registrierten Arzt. Beratungen auf Arabisch für die arabischsprachige Gemeinschaft in Irland.",153,,425,True,,,,,58,167,,,,,
https://www.myglobalhealth.online/ireland/de/health/diabetes,200,ok,Diabetesversorgung Irland | Online-Arzt · Global Health,55,"Fortlaufende Diabetesbehandlung mit einem in Irland registrierten Arzt online — Blutzucker-Überprüfung, Unterstützung bei der Lebensweise und koordinierte Versorgung.",166,,284,True,,,,,48,182,,,,,
https://www.myglobalhealth.online/ireland/de/health/expat-healthcare,200,ok,Expat-Gesundheitsversorgung Irland | Online-Arzt,48,"Online-Gesundheitsversorgung für Expats und internationale Einwohner in Irland — keine lokale Registrierung bei einem Hausarzt erforderlich. Mehrsprachige Versorgung, noch am selben Tag.",186,,433,True,,,,,56,178,,,,,
https://www.myglobalhealth.online/ireland/de/health/hypertension,200,ok,Bluthochdruck-Versorgung Irland | Online-Arzt,45,"Bluthochdruck online mit einem in Irland registrierten Arzt behandeln. Bewertungen, Beratung zu Lebensstil und fortlaufende Betreuung per sicherem Videoanruf.",158,,310,True,,,,,48,174,,,,,
https://www.myglobalhealth.online/ireland/de/health/online-prescription-ireland,200,ok,Online-Rezeptprüfung Irland | Hausarztberatung,46,"In Irland zur Berufsausübung zugelassene Ärzte, die Anfragen für Wiederholungsrezepte bei bereits in Behandlung befindlichen Patienten per sicherer Videoanruf überprüfen.",170,,327,True,,,,,47,183,,,,,
https://www.myglobalhealth.online/ireland/de/health/respiratory-infections,200,ok,Arzt für Atemwegsinfektionen in Irland | Am selben Tag,54,"Brustinfektionen, anhaltender Husten und Atemwegssymptome, beurteilt von einem in Irland zugelassenen Arzt — Video-Termine am selben Tag.",137,,298,True,,,,,51,173,,,,,
https://www.myglobalhealth.online/ireland/de/legal,200,ok,Rechtliche Informationen · Irland · Global Health,49,"Rechtliche Dokumente, Handelsregistereintrag und regulatorische Angaben für Global Health in Irland.",100,,326,True,,,,,46,157,,,,,
https://www.myglobalhealth.online/ireland/de/legal/medical-disclaimer,200,ok,Medical Disclaimer · Irland · Global Health,43,"Medical Disclaimer. Rechtliche Dokumente, Handelsregistereintrag und regulatorische Angaben für Global Health in Irland.",120,,343,False,,,,,41,171,,,,,
https://www.myglobalhealth.online/ireland/de/press,200,ok,Presse & Medien — Global Health Irland,38,"Presseinformationen zu Global Health in Irland: Wer den Dienst betreibt, wie er reguliert ist, welche Märkte wir bedienen und wie Sie unsere Pressekontakte erreichen.",166,,411,True,,,,,43,153,,,,,
https://www.myglobalhealth.online/ireland/de/pricing,200,ok,Online-Arzt-Tarife Irland | Monatliche Versorgung,49,"Vergleichen Sie monatliche Online-Arzt-Tarife in Irland mit Beratungsguthaben, ausgewählten Facharztvorteilen und Wellness-Prämien. Jederzeit kündbar.",150,,413,True,,,,,44,179,,,,,
https://www.myglobalhealth.online/ireland/de/repeat-prescription-request,200,ok,Lernen Sie unsere zugelassenen verschreibenden Ärzte kennen. · Ireland,70,"In Ireland zur Berufsausübung zugelassene Ärzte, die Anträge auf Folgerezepte für bestehende Patienten prüfen.",110,,227,True,,,,,41,170,,,,,
https://www.myglobalhealth.online/ireland/de/see-a-specialist,200,ok,Online-Facharztkonsultationen in Irland | Nach Fachgebiet buchen,64,"Buchen Sie eine Online-Konsultation mit einem Facharzt in Irland. Vergleichen Sie aktuell verfügbare Fachgebiete, prüfen Sie Behandlerdetails und wählen Sie einen Termin.",170,,1511,True,,,,,55,188,,,,,
https://www.myglobalhealth.online/ireland/de/services/acute-medical-consultation,200,ok,Online-Arzttermin am selben Tag in Irland | Arzt online,55,"Buchen Sie einen Online-Arzttermin am selben Tag in Irland für geeignete, nicht dringende Beschwerden, eine klinische Beurteilung und Hinweise zu den nächsten Schritten.",169,,1020,True,,,,,54,166,,,,,
https://www.myglobalhealth.online/ireland/de/services/chronic-disease-consultation,200,ok,Online-Beratung bei chronischer Erkrankung in Irland | Langzeitbetreuung,72,"Buchen Sie eine Online-Beratung bei chronischer Erkrankung in Irland zur strukturierten Kontrolle einer Diagnose, Behandlungssicherheit und weiteren Versorgungsplanung.",168,,1429,True,,,,,52,167,,,,,
https://www.myglobalhealth.online/ireland/de/services/hair-loss-consultation,200,ok,Online-Haarausfall-Beratung in Irland | Ärztliche Beurteilung,61,Buchen Sie eine Online-Beratung bei einem in Irland registrierten Arzt zur Beurteilung von Haarausfall oder dünner werdendem Haar und zu geeigneten nächsten Schritten.,167,,1846,True,,,,,50,168,,,,,
https://www.myglobalhealth.online/ireland/de/services/mens-health-consultation,200,ok,Online-Männergesundheitsberatung in Irland | Vertraulich beim Arzt,66,"Buchen Sie eine vertrauliche Online-Beratung zur Männergesundheit in Irland bei sexuellen, hormonellen, Prostata- oder allgemeinen Gesundheitsbeschwerden.",154,,1228,True,,,,,50,171,,,,,
https://www.myglobalhealth.online/ireland/de/services/mental-health-consultation,200,ok,Online-Beratung zur psychischen Gesundheit in Irland | Ärztliche Beurteilung,76,"Buchen Sie eine vertrauliche Online-Beratung bei einem in Irland registrierten Arzt zu Angst, gedrückter Stimmung, Stress oder Schlafproblemen.",143,,1890,True,,,,,49,280,,,,,
https://www.myglobalhealth.online/ireland/de/services/musculoskeletal-pain-assessment,200,ok,Online-Beurteilung des Bewegungsapparats in Irland | Schmerz und Gelenke,72,"Buchen Sie eine Online-Beurteilung des Bewegungsapparats in Irland bei geeigneten Rücken- oder Gelenkschmerzen, Ischias oder Weichteilbeschwerden und zur weiteren Beratung.",172,,1529,True,,,,,50,172,,,,,
https://www.myglobalhealth.online/ireland/de/services/paediatric-consultation,200,ok,Online-Kindersprechstunde in Irland | Arzt für Kinder,53,"Buchen Sie eine Online-Kindersprechstunde in Irland für geeignete, nicht dringende Beschwerden bei Babys, Kindern oder Jugendlichen und Hinweise zur Überweisung bei Bedarf.",172,,1744,True,,,,,50,190,,,,,
https://www.myglobalhealth.online/ireland/de/services/referral-and-investigations,200,ok,Online-Überweisung vom Hausarzt in Irland | Untersuchungen & Fachärzte,70,"Buchen Sie eine ärztliche Online-Beurteilung für Überweisungsschreiben, Bluttests, MRT, Untersuchungen oder Fachärzte, sofern dies klinisch angezeigt ist.",154,,1739,True,,,,,51,183,,,,,
https://www.myglobalhealth.online/ireland/de/services/second-opinion-consultation,200,ok,Ärztliche Zweitmeinung online in Irland | Unabhängige Beurteilung,65,"Buchen Sie eine ärztliche Zweitmeinung online in Irland zur unabhängigen hausärztlichen Prüfung einer Diagnose, eines Behandlungsplans, Arztbriefs oder Befunds.",160,,2110,True,,,,,50,178,,,,,
https://www.myglobalhealth.online/ireland/de/services/sick-certificate-ireland,200,ok,Online-Krankmeldung in Irland | Ärztliche Beurteilung am selben Tag,67,Buchen Sie eine ärztliche Online-Beurteilung für eine Krankmeldung in Irland. Eine Bescheinigung wird nur bei klinischer Eignung ausgestellt und ist nicht garantiert.,166,,1004,True,,,,,54,170,,,,,
https://www.myglobalhealth.online/ireland/de/services/skin-dermatology-consultation,200,ok,Online-Hautberatung in Irland | Ärztliche Beurteilung,53,"Buchen Sie eine Online-Hautberatung bei einem in Irland registrierten Arzt zu Ausschlag, Ekzem, Akne oder anderen geeigneten Hautproblemen und zur weiteren Abklärung.",166,,1949,True,,,,,50,173,,,,,
https://www.myglobalhealth.online/ireland/de/services/travel-health-consultation,200,ok,Online-Reisegesundheitsberatung in Irland | Reisemedizinischer Arzt,67,"Buchen Sie eine Online-Reisegesundheitsberatung in Irland zur Risikobewertung des Reiseziels, Impfberatung, Malariavorsorge und Planung vor der Reise.",150,,1783,True,,,,,47,171,,,,,
https://www.myglobalhealth.online/ireland/de/services/treatment-review,200,ok,Folgerezept-Prüfung in Irland | Ärztliche Online-Beurteilung,60,"Buchen Sie eine ärztliche Online-Prüfung einer bestehenden Behandlung oder Folgerezeptanfrage. Eine Fortsetzung erfolgt nicht automatisch, sondern nach klinischer Beurteilung.",175,,1081,True,,,,,51,170,,,,,
https://www.myglobalhealth.online/ireland/de/services/weight-management-consultation,200,ok,Online-Gewichtsmanagement in Irland | Ärztliche Beratung,56,"Buchen Sie eine ärztlich geleitete Online-Beratung zum Gewichtsmanagement in Irland mit klinischer Beurteilung, individueller Beratung und geeigneter Nachsorge.",160,,1503,True,,,,,50,190,,,,,
https://www.myglobalhealth.online/ireland/de/services/womens-health-consultation,200,ok,Online-Frauengesundheitsberatung in Irland | Vertraulich beim Arzt,66,"Buchen Sie eine vertrauliche Online-Beratung zur Frauengesundheit in Irland bei Wechseljahren, PCOS, Verhütung sowie hormonellen oder reproduktiven Beschwerden.",160,,1419,True,,,,,50,161,,,,,
https://www.myglobalhealth.online/ireland/de/tools/adhd-test,200,ok,ADHS Test Irland | Kostenloser Selbsttest für Erwachsene,56,"Machen Sie den Sechs-Fragen-Screener für ADHS bei Erwachsenen (ASRS v1.1, Teil A) und sehen Sie, was Ihre Antworten bedeuten. Ein Screening ist keine Diagnose — die stellen nur Psychiatrie oder klinische Psychologie.",216,,1461,True,,,,,42,162,,,,,
https://www.myglobalhealth.online/ireland/de/tools/blood-pressure-chart,200,ok,Blutdrucktabelle Irland | Was Ihr Wert Bedeutet,47,"Vergleichen Sie Ihren systolischen und diastolischen Wert mit der europäischen Blutdrucktabelle für Erwachsene. Kategorie, Bedeutung und welche Werte noch am selben Tag ärztlich abgeklärt gehören.",196,,1404,True,,,,,43,174,,,,,
https://www.myglobalhealth.online/ireland/de/tools/bmi-calculator,200,ok,BMI-Rechner Irland | BMI Kostenlos Berechnen · Global Health,60,"Berechnen Sie Ihren Body-Mass-Index in Sekunden. Metrisch oder imperial, WHO-Kategorien für Erwachsene und was Ihr Ergebnis tatsächlich bedeutet.",145,,1175,True,,,,,43,172,,,,,
https://www.myglobalhealth.online/ireland/de/tools/calorie-calculator,200,ok,Kalorienrechner Irland | Täglichen Kalorienbedarf Berechnen,59,"Berechnen Sie, wie viele Kalorien Sie täglich brauchen, um Ihr Gewicht zu halten, abzunehmen oder zuzunehmen. Mifflin-St-Jeor-Formel, fünf Aktivitätsstufen und was die Zahlen wirklich bedeuten.",193,,1325,True,,,,,43,180,,,,,
https://www.myglobalhealth.online/ireland/de/tools/due-date-calculator,200,ok,Geburtstermin Berechnen Irland | Schwangerschaftswochen,55,"Berechnen Sie Ihren errechneten Geburtstermin und die aktuelle Schwangerschaftswoche ab dem ersten Tag der letzten Periode. Berücksichtigt Ihre Zykluslänge, mit allen 40 Wochen im Überblick.",190,,1264,True,,,,,42,154,,,,,
https://www.myglobalhealth.online/ireland/de/tools/osteoporosis-risk-checker,200,ok,Osteoporose-Risikocheck Irland | Brauche Ich Eine Knochendichtemessung?,71,"Prüfen Sie die veröffentlichten Risikofaktoren für Osteoporose und Fragilitätsfrakturen und sehen Sie, ob Leitlinien eine Abklärung empfehlen. Kein FRAX, keine Diagnose — eine Checkliste zur Früherkennung, die Sie zu einem Arzttermin mitnehmen können.",251,,1621,True,,,,,42,176,,,,,
https://www.myglobalhealth.online/ireland/de/tools/ovulation-calculator,200,ok,Eisprung Berechnen Irland | Fruchtbare Tage Und Eisprung,56,"Berechnen Sie Ihre fruchtbaren Tage und den voraussichtlichen Eisprung ab dem ersten Tag der letzten Periode. Berücksichtigt Ihre Zykluslänge, mit den sechs fruchtbarsten Tagen im Detail.",187,,1397,True,,,,,42,168,,,,,
https://www.myglobalhealth.online/ireland/de/tools/sore-throat-checker,200,ok,Mandelentzündung-Check Irland | Halsschmerzen einordnen,55,"Beantworten Sie fünf Fragen zu Ihren Halsschmerzen und sehen Sie, wie wahrscheinlich eine bakterielle Ursache ist — mit dem McIsaac-Score, den Ärztinnen und Ärzte nutzen. Inklusive der Warnzeichen, die dringend abgeklärt gehören. Keine Diagnose und kein Streptokokken-Test.",273,,1721,True,,,,,41,163,,,,,
https://www.myglobalhealth.online/ireland/en,200,ok,Online Doctor Ireland | IMC-Registered GPs & Specialists | Same Day,67,"See an IMC-registered doctor by video call today for GP consultations, sick certs and specialist referrals. Same-day appointments anywhere in Ireland from €39.",159,,3103,True,,,1,,86,245,,,,,
https://www.myglobalhealth.online/ireland/en/about,200,ok,About Our Online Clinic in Ireland | Global Health,50,Learn how Global Health Ireland delivers secure video consultations through an online clinic with locally registered doctors and clear booking options.,151,,584,True,,,,,41,154,,,,,
https://www.myglobalhealth.online/ireland/en/blog,200,ok,Health Guides from Registered Doctors in Ireland,48,"Evidence-based health guides for Ireland, written and reviewed by our medical team. No ads, no fluff.",101,,547,True,,,,,50,154,,,,,
https://www.myglobalhealth.online/ireland/en/blog/adult-adhd-assessment-ireland-public-private-routes,200,ok,Adult ADHD assessment in Ireland: routes and cost,49,"HSE waiting times, private assessment costs, who can diagnose ADHD in Ireland and what a NICE-standard adult ADHD assessment involves.",134,,1819,True,,,,,49,158,,,,,
https://www.myglobalhealth.online/ireland/en/blog/blood-tests-dublin-what-to-know,200,ok,Blood Tests in Dublin: A GP's Guide (2026) · Global Health,58,"Where to get a blood test in Dublin, whether you need a GP referral, what common panels measure, fasting rules, and what an out-of-range result means.",150,,2300,True,,,,,48,177,,,,,
https://www.myglobalhealth.online/ireland/en/blog/illness-benefit-ireland-how-to-claim,200,ok,Illness Benefit Ireland: How to Claim (2026 Guide),50,"How to claim Illness Benefit in Ireland: the IB1 form, the Certificate of Incapacity for Work, who can issue it, and how it differs from sick leave.",148,,2377,True,,,,,48,182,,,,,
https://www.myglobalhealth.online/ireland/en/blog/illness-benefit-payment-ireland-rate-tax-timing,200,ok,Illness Benefit Ireland: 2026 rates and timing,46,"See 2026 Illness Benefit rates in Ireland, when payment starts, weekly timing, tax and how employer sick pay affects the first paid day.",136,,1202,True,,,,,46,181,,,,,
https://www.myglobalhealth.online/ireland/en/blog/sick-certificate-ireland-employee-rights,200,ok,Sick Cert Online Ireland: What You Need to Know,47,"Need a sick cert online in Ireland? Learn how the appointment works, what your employer may require, and when you need an in-person assessment.",143,,1432,True,,,,,48,186,,,,,
https://www.myglobalhealth.online/ireland/en/blog/when-to-see-a-gp-online-vs-in-person,200,ok,Online GP or In Person? When to See a Doctor Online vs In Person (2026),71,"Evidence-based guide to choosing between telehealth, in-person GP care and emergency services in Ireland, aligned with HSE, NHS and WHO telehealth guidance.",156,,2409,True,,,,,47,189,,,,,
https://www.myglobalhealth.online/ireland/en/book,200,ok,Book your consultation — Ireland · Global Health,48,"Ireland medical clinic. Choose a service, clinician, time, and patient details.",79,,773,True,,,,,63,153,,,,,
https://www.myglobalhealth.online/ireland/en/careers,200,ok,Careers at Global Health Ireland,32,"Join Global Health in Ireland. We work with registered doctors, clinical support and technology teams across Europe and Brazil. See how to apply.",145,,286,True,,,,,49,161,,,,,
https://www.myglobalhealth.online/ireland/en/contact,200,ok,Contact Our Ireland Team | Global Health,40,"Contact Global Health Ireland for booking, billing or account support by phone or email. Our Dublin address is a registered office, not a walk-in clinic.",153,,515,True,,,,,41,151,,,,,
https://www.myglobalhealth.online/ireland/en/doctors,200,ok,Online Doctors Ireland | IMC-Registered GPs & Specialists,57,"Browse IMC-registered doctors and clinicians in Ireland. View specialties, registration details, languages and online booking options.",134,,1385,True,,,,,63,177,,,,,
https://www.myglobalhealth.online/ireland/en/doctors/dr-abdelrahman-mustafa,200,ok,Dr Abdelrahman Mustafa | General Practitioner in Ireland,56,"Ireland profile for Dr Abdelrahman Mustafa, General Practitioner: professional background, languages and online services linked to this clinician.",146,,1825,True,,,,,52,216,,,,,
https://www.myglobalhealth.online/ireland/en/doctors/dr-ahmed-maklad,200,ok,Dr Ahmed Maklad | General Practitioner in Ireland,49,"Ireland profile for Dr Ahmed Maklad, General Practitioner: professional background, languages and online services linked to this clinician.",139,,1843,True,,,,,53,216,,,,,
https://www.myglobalhealth.online/ireland/en/doctors/dr-arooj-iqbal-lodhi,200,ok,Dr Arooj Iqbal Lodhi | Doctor · Global Health,45,Dr Arooj Iqbal Lodhi is a Doctor registered in Ireland. Book an online consultation with Global Health.,103,,344,False,,,2,,41,186,,,,,
https://www.myglobalhealth.online/ireland/en/doctors/dr-emmanuel-dabup,200,ok,Dr Emmanuel Dabup | Consultant Psychiatrist in Ireland,54,"Ireland profile for Dr Emmanuel Dabup, Consultant Psychiatrist: professional background, languages and online services linked to this clinician.",144,,1181,True,,,2,,42,204,,,,,
https://www.myglobalhealth.online/ireland/en/doctors/dr-fahad-farooq,200,ok,Dr Fahad Farooq | Neurology Registrar in Ireland,48,"Ireland profile for Dr Fahad Farooq, Neurology Registrar: professional background, languages and online services linked to this clinician.",138,,1806,True,,,,,48,420,,,,,
https://www.myglobalhealth.online/ireland/en/doctors/dr-fatima-ali,200,ok,Dr Fatima Ali | Medical Oncology Registrar in Ireland,53,"Ireland profile for Dr Fatima Ali, Medical Oncology Registrar: professional background, languages and online services linked to this clinician.",143,,1522,True,,,2,,41,440,,,,,
https://www.myglobalhealth.online/ireland/en/doctors/dr-mariam-faiz,200,ok,Dr Mariam Faiz | GP & Aesthetic Physician in Ireland,52,"Ireland profile for Dr Mariam Faiz, GP & Aesthetic Physician: professional background, languages and online services linked to this clinician.",142,,1733,True,,,2,,48,279,,,,,
https://www.myglobalhealth.online/ireland/en/doctors/dr-mohamed-fadzly-bin-mohamed,200,ok,Dr Mohamed Fadzly Bin Mohamed | General Practitioner in Ireland,63,"Ireland profile for Dr Mohamed Fadzly Bin Mohamed, General Practitioner: professional background, languages and online services linked to this clinician.",153,,1892,True,,,,,53,215,,,,,
https://www.myglobalhealth.online/ireland/en/doctors/dr-mohammed-omar,200,ok,Dr Mohammed Omar | Consultant Cardiologist in Ireland,53,"Ireland profile for Dr Mohammed Omar, Consultant Cardiologist: professional background, languages and online services linked to this clinician.",143,,1112,True,,,2,,42,343,,,,,
https://www.myglobalhealth.online/ireland/en/doctors/dr-muhammad-mataro,200,ok,Dr Muhammad Mataro | General Practitioner in Ireland,52,"Ireland profile for Dr Muhammad Mataro, General Practitioner: professional background, languages and online services linked to this clinician.",142,,1887,True,,,,,55,215,,,,,
https://www.myglobalhealth.online/ireland/en/doctors/dr-muhammad-tahir-arain,200,ok,Dr Muhammad Tahir Arain | General Practitioner in Ireland,57,"Ireland profile for Dr Muhammad Tahir Arain, General Practitioner: professional background, languages and online services linked to this clinician.",147,,1973,True,,,2,,52,259,,,,,
https://www.myglobalhealth.online/ireland/en/doctors/dr-muhammad-usman-yoosuf,200,ok,Dr Muhammad Usman Yoosuf | General Practitioner in Ireland,58,"Ireland profile for Dr Muhammad Usman Yoosuf, General Practitioner: professional background, languages and online services linked to this clinician.",148,,1833,True,,,,,53,209,,,,,
https://www.myglobalhealth.online/ireland/en/doctors/dr-raafat-ibrahim,200,ok,Dr Raafat Ibrahim | Consultant Paediatrician in Ireland,55,"Ireland profile for Dr Raafat Ibrahim, Consultant Paediatrician: professional background, languages and online services linked to this clinician.",145,,1702,True,,,2,,42,239,,,,,
https://www.myglobalhealth.online/ireland/en/doctors/dr-raza-khan,200,ok,Dr Raza Khan | General Practitioner in Ireland,46,"Ireland profile for Dr Raza Khan, General Practitioner: professional background, languages and online services linked to this clinician.",136,,1930,True,,,2,,53,272,,,,,
https://www.myglobalhealth.online/ireland/en/doctors/dr-saadia-irfan,200,ok,Dr Saadia Irfan | Paediatric Consultant in Ireland,50,"Ireland profile for Dr Saadia Irfan, Paediatric Consultant: professional background, languages and online services linked to this clinician.",140,,1538,True,,,2,,46,802,,,,,
https://www.myglobalhealth.online/ireland/en/doctors/dr-tiago-miguel-figueira,200,ok,Dr Tiago Miguel Figueira | General Practitioner in Ireland,58,"Ireland profile for Dr Tiago Miguel Figueira, General Practitioner: professional background, languages and online services linked to this clinician.",148,,1692,True,,,,,55,242,,,,,
https://www.myglobalhealth.online/ireland/en/doctors/dr-yousif-mohamed,200,ok,Dr Yousif Mohamed | General Practitioner in Ireland,51,"Ireland profile for Dr Yousif Mohamed, General Practitioner: professional background, languages and online services linked to this clinician.",141,,1905,True,,,2,,53,249,,,,,
https://www.myglobalhealth.online/ireland/en/doctors/khoiamul-islam,200,ok,MUDr. Khoiamul Islam | General Practitioner in Ireland,54,"Ireland profile for MUDr. Khoiamul Islam, General Practitioner: professional background, languages and online services linked to this clinician.",144,,1365,True,,,2,,43,209,,,,,
https://www.myglobalhealth.online/ireland/en/doctors/maristela-ferro-nepomuceno,200,ok,Maristela Ferro Nepomuceno | Psychologist in Ireland,52,"Ireland profile for Maristela Ferro Nepomuceno, Psychologist: professional background, languages and online services linked to this clinician.",142,,1355,True,,,2,,42,240,,,,,
https://www.myglobalhealth.online/ireland/en/doctors/priscila-figueiredo,200,ok,Priscila Figueiredo | Rehabilitation & Wellness Consultant in Ireland,69,"Ireland profile for Priscila Figueiredo, Rehabilitation & Wellness Consultant: professional background, languages and online services linked to this clinician.",159,,1302,True,,,2,,42,363,,,,,
https://www.myglobalhealth.online/ireland/en/doctors/roney-carli,200,ok,Roney Carli | Chiropractor & Manual Therapist in Ireland,56,"Ireland profile for Roney Carli, Chiropractor & Manual Therapist: professional background, languages and online services linked to this clinician.",146,,815,True,,,2,,41,420,,,,,
https://www.myglobalhealth.online/ireland/en/doctors/silvia-alexandre-fernandes,200,ok,Silvia Alexandre Fernandes | Nutritional Therapist in Ireland,61,"Ireland profile for Silvia Alexandre Fernandes, Nutritional Therapist: professional background, languages and online services linked to this clinician.",151,,1447,True,,,2,,42,208,,,,,
https://www.myglobalhealth.online/ireland/en/faq,200,ok,Frequently asked questions — Ireland · Global Health,52,"Ireland — Booking, payment, consultations, privacy, and when online care is not the right route. Can't find what you need? Drop us a line.",138,,549,True,,,,,41,165,,,,,
https://www.myglobalhealth.online/ireland/en/gp-consultation-online,200,ok,Online GP Ireland | Secure Video Consultations,46,Book an online GP consultation in Ireland with a doctor registered with the Irish Medical Council. Secure video appointments for everyday health concerns.,154,,1789,True,,,,,64,164,,,,,
https://www.myglobalhealth.online/ireland/en/health/arabic-speaking-doctor,200,ok,Arabic-Speaking Doctor Ireland | Online Consultation,52,"See an Arabic-speaking, Irish-registered doctor online — GP consultations, sick certs, repeat prescriptions, plus cardiology and neurology in Arabic.",149,,809,True,,,,,70,167,,,,,
https://www.myglobalhealth.online/ireland/en/health/diabetes,200,ok,Diabetes Care Ireland | Online Doctor · Global Health,53,"Ongoing diabetes management with an Irish-registered doctor online — blood-sugar review, lifestyle support, and coordinated care.",129,,294,True,,,,,48,170,,,,,
https://www.myglobalhealth.online/ireland/en/health/expat-healthcare,200,ok,Expat Healthcare Ireland | Online Doctor · Global Health,56,"Online healthcare for expats in Ireland — no GP registration needed. Consultations in Arabic, Urdu, Portuguese, Spanish, French, Czech and more.",144,,772,True,,,,,71,197,,,,,
https://www.myglobalhealth.online/ireland/en/health/hypertension,200,ok,Hypertension Care Ireland | Online Doctor · Global Health,57,"Manage high blood pressure with an Irish-registered doctor online. Reviews, lifestyle guidance, and ongoing care via secure video call.",135,,319,True,,,,,48,180,,,,,
https://www.myglobalhealth.online/ireland/en/health/online-prescription-ireland,200,ok,Online Prescription Review Ireland | GP Consultation,52,"Doctors registered to practise in Ireland who review repeat prescription requests for established patients, by secure video call.",129,,419,True,,,,,46,680,,,,,
https://www.myglobalhealth.online/ireland/en/health/respiratory-infections,200,ok,Respiratory Infection Doctor Ireland | Same-Day,47,"Chest infections, persistent cough, sore throat and sinus symptoms assessed by an Irish-registered doctor — same-day video appointments, sick cert where warranted.",163,,684,True,,,,,51,174,,,,,
https://www.myglobalhealth.online/ireland/en/legal,200,ok,Legal information · Ireland · Global Health,43,"Legal documents, company registration and regulatory details for Global Health in Ireland.",90,,383,True,,,,,46,157,,,,,
https://www.myglobalhealth.online/ireland/en/legal/medical-disclaimer,200,ok,Medical Disclaimer · Ireland · Global Health,44,"Medical Disclaimer. Legal documents, company registration and regulatory details for Global Health in Ireland.",110,,367,True,,,,,41,170,,,,,
https://www.myglobalhealth.online/ireland/en/press,200,ok,Press & Media — Global Health Ireland,37,"Press information about Global Health in Ireland: who operates the service, how it is regulated, the markets we serve and how to reach our press contact.",153,,421,True,,,,,43,149,,,,,
https://www.myglobalhealth.online/ireland/en/pricing,200,ok,Online GP Membership Plans Ireland | Monthly Care,49,"Compare monthly online GP membership plans in Ireland, with consultation credits, selected specialist savings and wellness rewards. Cancel anytime.",147,,438,True,,,,,44,191,,,,,
https://www.myglobalhealth.online/ireland/en/repeat-prescription-request,200,ok,Meet our licensed prescribers. · Ireland · Global Health,56,Doctors registered to practise in Ireland who review repeat prescription requests for established patients.,107,,248,True,,,,,41,176,,,,,
https://www.myglobalhealth.online/ireland/en/see-a-specialist,200,ok,Online Specialist Consultations Ireland | Book by Specialty,59,"Book an online specialist consultation in Ireland. Compare the specialties currently available, review clinician details and choose an appointment time.",152,,1481,True,,,,,55,188,,,,,
https://www.myglobalhealth.online/ireland/en/services/acute-medical-consultation,200,ok,Same-Day Doctor Consultation Ireland | See a Doctor Online,58,"Book a same-day online doctor consultation in Ireland for suitable non-emergency symptoms, clinical assessment and advice on appropriate next steps.",148,,1131,True,,,,,58,240,,,,,
https://www.myglobalhealth.online/ireland/en/services/chronic-disease-consultation,200,ok,Online Chronic Disease Consultation Ireland | Ongoing Care,58,"Book an online chronic disease consultation in Ireland for structured review of a diagnosed long-term condition, treatment safety and ongoing-care planning.",156,,1474,True,,,,,56,269,,,,,
https://www.myglobalhealth.online/ireland/en/services/hair-loss-consultation,200,ok,Online Hair Loss Consultation Ireland | Doctor Assessment,57,Book an online hair loss consultation with an Irish-registered doctor for hair thinning or alopecia assessment and advice on appropriate next steps.,148,,1971,True,,,,,53,245,,,,,
https://www.myglobalhealth.online/ireland/en/services/mens-health-consultation,200,ok,Online Men's Health Consultation Ireland | Confidential GP,58,"Book a confidential online men's health consultation in Ireland for GP assessment of sexual health, hormonal, prostate or general men's health concerns.",152,,1353,True,,,,,54,280,,,,,
https://www.myglobalhealth.online/ireland/en/services/mental-health-consultation,200,ok,Online Mental Health Consultation Ireland | GP Assessment,57,"Book a confidential online mental health consultation with an Irish-registered GP for anxiety, low mood, stress or sleep concerns and appropriate next steps.",157,,2027,True,,,,,53,176,,,,,
https://www.myglobalhealth.online/ireland/en/services/musculoskeletal-pain-assessment,200,ok,Online Musculoskeletal Assessment Ireland | Pain & Joint Care,61,"Book an online musculoskeletal assessment in Ireland for suitable back pain, joint pain, sciatica or soft-tissue concerns and advice on appropriate care.",153,,1725,True,,,,,54,269,,,,,
https://www.myglobalhealth.online/ireland/en/services/paediatric-consultation,200,ok,Online Paediatric GP Ireland | Children's Doctor Consultation,61,"Book an online paediatric GP consultation in Ireland for suitable non-emergency concerns affecting babies, children or teenagers, with referral advice when needed.",163,,1931,True,,,,,54,272,,,,,
https://www.myglobalhealth.online/ireland/en/services/referral-and-investigations,200,ok,"Online GP Referral Ireland | Tests, Scans & Specialist Letters",62,"Book an online GP assessment for a referral letter, blood tests, MRI, scans or specialist review. Referrals are provided only when clinically indicated.",152,,1852,True,,,,,53,464,,,,,
https://www.myglobalhealth.online/ireland/en/services/second-opinion-consultation,200,ok,Online Medical Second Opinion Ireland | Independent GP Review,61,"Book an online medical second opinion in Ireland for an independent GP-level review of a diagnosis, treatment plan, clinical letter or test result.",147,,2233,True,,,,,54,224,,,,,
https://www.myglobalhealth.online/ireland/en/services/sick-certificate-ireland,200,ok,Sick Cert Online Ireland | Same-Day Doctor Assessment,53,Book an online doctor assessment for a sick cert or sick note in Ireland. Any medical certificate depends on the clinical findings and the doctor's discretion.,159,,1303,True,,,,,59,224,,,,,
https://www.myglobalhealth.online/ireland/en/services/skin-dermatology-consultation,200,ok,Online Skin Consultation Ireland | GP Skin Assessment,53,"Book an online skin consultation with an Irish-registered GP for rashes, eczema, acne or other suitable skin concerns, with referral advice where needed.",153,,2058,True,,,,,52,362,,,,,
https://www.myglobalhealth.online/ireland/en/services/travel-health-consultation,200,ok,Online Travel Health Consultation Ireland | Pre-Travel Doctor,61,"Book an online travel health consultation in Ireland for destination-specific risk assessment, vaccine guidance, malaria advice and pre-travel planning.",152,,1988,True,,,,,49,164,,,,,
https://www.myglobalhealth.online/ireland/en/services/treatment-review,200,ok,Repeat Prescription Review Ireland | Online GP Assessment,57,Book an online GP review of an existing treatment or repeat-prescription request. Continuation is not automatic and depends on clinical assessment.,147,,1212,True,,,,,56,202,,,,,
https://www.myglobalhealth.online/ireland/en/services/weight-management-consultation,200,ok,Online Weight Management Ireland | Doctor-Led Consultation,58,"Book a doctor-led online weight management consultation in Ireland for a clinical assessment, personalised guidance and appropriate follow-up options.",150,,1743,True,,,,,53,273,,,,,
https://www.myglobalhealth.online/ireland/en/services/womens-health-consultation,200,ok,Online Women's Health Consultation Ireland | Confidential GP,60,"Book a confidential online women's health consultation in Ireland for GP assessment of menopause, PCOS, contraception, hormonal or reproductive concerns.",153,,1605,True,,,,,53,217,,,,,
https://www.myglobalhealth.online/ireland/en/tools/adhd-test,200,ok,ADHD Test Ireland | Free Adult ADHD Screening,45,Take the six-question adult ADHD screener (ASRS v1.1 Part A) and see what your answers mean. A screening result is not a diagnosis — only a psychiatrist or clinical psychologist can make one.,191,,1751,True,,,,,42,169,,,,,
https://www.myglobalhealth.online/ireland/en/tools/blood-pressure-chart,200,ok,Blood Pressure Chart Ireland | What Your Reading Means,54,"Check your systolic and diastolic numbers against the European adult blood pressure chart. See the category, what it means, and which readings need medical care the same day.",174,,1549,True,,,,,43,169,,,,,
https://www.myglobalhealth.online/ireland/en/tools/bmi-calculator,200,ok,BMI Calculator Ireland | Free Body Mass Index Check,51,"Work out your body mass index in seconds. Metric or imperial, WHO adult categories, and what your result actually means — with registered doctors if you want to go further.",172,,1374,True,,,,,43,190,,,,,
https://www.myglobalhealth.online/ireland/en/tools/calorie-calculator,200,ok,Calorie Calculator Ireland | Daily Calorie Needs,48,"Work out how many calories you need a day to maintain, lose or gain weight. Mifflin-St Jeor equation, five activity levels, and what the numbers actually mean — with registered doctors if you want to go further.",211,,1596,True,,,,,43,170,,,,,
https://www.myglobalhealth.online/ireland/en/tools/due-date-calculator,200,ok,Due Date Calculator Ireland | Pregnancy Week by Week,52,"Work out your estimated due date and how many weeks pregnant you are from the first day of your last period. Adjusts for your cycle length, with the full 40-week breakdown.",172,,1479,True,,,,,42,160,,,,,
https://www.myglobalhealth.online/ireland/en/tools/osteoporosis-risk-checker,200,ok,Osteoporosis Risk Checker Ireland | Should You Get a Bone Density Scan?,71,"Check the published risk factors for osteoporosis and fragility fracture, and see whether guidelines recommend you be assessed. Not FRAX, not a diagnosis — a case-finding checklist you can bring to a doctor.",207,,1805,True,,,,,42,157,,,,,
https://www.myglobalhealth.online/ireland/en/tools/ovulation-calculator,200,ok,Ovulation Calculator Ireland | Fertile Window Dates,51,"Work out your fertile window and estimated ovulation day from the first day of your last period. Adjusts for your own cycle length, with the six most fertile days set out day by day.",182,,1613,True,,,,,42,154,,,,,
https://www.myglobalhealth.online/ireland/en/tools/sore-throat-checker,200,ok,Tonsillitis or Strep Throat? Checker Ireland · Global Health,60,"Answer five questions about your sore throat and see how likely a bacterial cause is, using the McIsaac score clinicians use. Includes the warning signs that need urgent care. Not a diagnosis and not a strep test.",213,,1914,True,,,,,41,158,,,,,
https://www.myglobalhealth.online/ireland/es,200,ok,Médico Online Irlanda | Mismo día | Global Health,49,"Consulte hoy con un médico colegiado por videollamada en Irlanda: medicina general, certificados médicos y derivaciones. Citas el mismo día.",140,,3476,True,,,1,,86,233,,,,,
https://www.myglobalhealth.online/ireland/es/about,200,ok,Sobre nuestra clínica online en Irlanda | Global Health,55,"Conozca Global Health Irlanda, una clínica online con videoconsultas seguras, médicos registrados localmente y opciones de reserva explicadas con claridad.",155,,684,True,,,,,41,157,,,,,
https://www.myglobalhealth.online/ireland/es/blog,200,ok,Guías de salud de médicos colegiados en Irlanda,47,"Guías de salud basadas en evidencia para Irlanda, escritas y revisadas por nuestro equipo médico. Sin anuncios.",111,,627,True,,,,,50,163,,,,,
https://www.myglobalhealth.online/ireland/es/blog/analisis-de-sangre-dublin,200,ok,Análisis de sangre en Dublín: guía de un médico,47,"Dónde hacerse un análisis de sangre en Dublín, si hace falta petición médica, qué miden los paneles habituales, el ayuno y qué significa un valor alterado.",155,,2407,True,,,,,48,182,,,,,
https://www.myglobalhealth.online/ireland/es/blog/como-obtener-un-parte-de-baja-online-en-irlanda,200,ok,Parte de baja online en Irlanda: guía práctica,46,"Cómo funciona el parte de baja online en Irlanda, qué puede exigir la empresa y cuándo hace falta una valoración presencial.",124,,1578,True,,,,,50,186,,,,,
https://www.myglobalhealth.online/ireland/es/blog/evaluacion-del-tdah-en-adultos-en-irlanda-la-via-publica-la-via-privada-y-que-oc,200,ok,Evaluación del TDAH en adultos en Irlanda: vías y coste,55,"Vía pública del HSE, costes de la evaluación privada, quién puede diagnosticar el TDAH en Irlanda y en qué consiste una evaluación de adultos según el estándar NICE.",165,,2169,True,,,,,53,181,,,,,
https://www.myglobalhealth.online/ireland/es/blog/illness-benefit-irlanda-como-solicitarlo,200,ok,Illness Benefit Irlanda: cómo solicitarlo (guía 2026),53,"Solicitar el Illness Benefit en Irlanda: formulario IB1, Certificate of Incapacity for Work, quién puede emitirlo y diferencia con la baja de la empresa.",153,,2471,True,,,,,48,189,,,,,
https://www.myglobalhealth.online/ireland/es/blog/illness-benefit-irlanda-cuantia-pago-2026,200,ok,Illness Benefit Irlanda: cuantía y pagos 2026,45,"Consulta las cuantías del Illness Benefit en Irlanda en 2026, cuándo empieza el pago, cómo tributa y cómo encaja con la baja de empresa.",136,,1260,True,,,,,46,158,,,,,
https://www.myglobalhealth.online/ireland/es/blog/medico-online-o-presencial-guia-por-sintomas-sobre-telemedicina-y-urgencias,200,ok,¿Médico online o presencial? Cuándo elegir cada opción (2026),61,"Guía basada en evidencia para elegir entre telemedicina, consulta presencial y urgencias en Irlanda, según el HSE, el NHS y la OMS.",131,,2639,True,,,,,47,186,,,,,
https://www.myglobalhealth.online/ireland/es/book,200,ok,Reserva tu consulta — Irlanda · Global Health,45,"Clínica médica de Irlanda. Elige un servicio, profesional clínico, hora y datos del paciente.",93,,1038,True,,,,,63,164,,,,,
https://www.myglobalhealth.online/ireland/es/careers,200,ok,Empleo en Global Health Irlanda,31,"Únase a Global Health en Irlanda. Trabajamos con médicos colegiados, equipos de apoyo clínico y tecnología en toda Europa y Brasil. Vea cómo presentar su candidatura.",166,,337,True,,,,,49,162,,,,,
https://www.myglobalhealth.online/ireland/es/contact,200,ok,Contactar con nuestro equipo en Irlanda | Global Health,55,"Contacte con Global Health Irlanda para ayuda con reservas, pagos o su cuenta por teléfono o email. La dirección de Dublín es solo la sede social.",146,,517,True,,,,,41,153,,,,,
https://www.myglobalhealth.online/ireland/es/doctors,200,ok,Médicos Online Irlanda | Médicos y Especialistas en el IMC,58,"Consulte médicos y profesionales clínicos colegiados en el IMC en Irlanda. Vea especialidades, datos registrales, idiomas y opciones de reserva online.",151,,1295,True,,,,,63,193,,,,,
https://www.myglobalhealth.online/ireland/es/doctors/dr-abdelrahman-mustafa,200,ok,Dr Abdelrahman Mustafa | Médico de cabecera | Irlanda,53,"Perfil en Irlanda de Dr Abdelrahman Mustafa: información profesional, idiomas, experiencia clínica y servicios online asociados a este profesional.",147,,1949,True,,,,,52,270,,,,,
https://www.myglobalhealth.online/ireland/es/doctors/dr-ahmed-maklad,200,ok,Dr Ahmed Maklad | Médico de cabecera | Irlanda,46,"Perfil en Irlanda de Dr Ahmed Maklad: información profesional, idiomas, experiencia clínica y servicios online asociados a este profesional.",140,,2273,True,,,,,53,204,,,,,
https://www.myglobalhealth.online/ireland/es/doctors/dr-arooj-iqbal-lodhi,200,ok,Dr Arooj Iqbal Lodhi | Doctor · Global Health,45,Dr Arooj Iqbal Lodhi is a Doctor registered in Ireland. Book an online consultation with Global Health.,103,,415,False,,,2,,41,195,,,,,
https://www.myglobalhealth.online/ireland/es/doctors/dr-emmanuel-dabup,200,ok,Dr Emmanuel Dabup | Psiquiatra consultor | Irlanda,50,"Perfil en Irlanda de Dr Emmanuel Dabup: información profesional, idiomas, experiencia clínica y servicios online asociados a este profesional.",142,,1146,True,,,2,,42,318,,,,,
https://www.myglobalhealth.online/ireland/es/doctors/dr-fahad-farooq,200,ok,Dr Fahad Farooq | Médico residente de Neurología | Irlanda,58,"Perfil en Irlanda de Dr Fahad Farooq: información profesional, idiomas, experiencia clínica y servicios online asociados a este profesional.",140,,1588,True,,,,,48,213,,,,,
https://www.myglobalhealth.online/ireland/es/doctors/dr-fatima-ali,200,ok,Dr Fatima Ali | Médica residente de Oncología | Irlanda,55,"Perfil en Irlanda de Dr Fatima Ali: información profesional, idiomas, experiencia clínica y servicios online asociados a este profesional.",138,,1229,True,,,2,,41,439,,,,,
https://www.myglobalhealth.online/ireland/es/doctors/dr-mariam-faiz,200,ok,Dr Mariam Faiz | Médica de cabecera y estética | Irlanda,56,"Perfil en Irlanda de Dr Mariam Faiz: información profesional, idiomas, experiencia clínica y servicios online asociados a este profesional.",139,,1575,True,,,2,,48,186,,,,,
https://www.myglobalhealth.online/ireland/es/doctors/dr-mohamed-fadzly-bin-mohamed,200,ok,Dr Mohamed Fadzly Bin Mohamed | Médico de cabecera | Irlanda,60,"Perfil en Irlanda de Dr Mohamed Fadzly Bin Mohamed: información profesional, idiomas, experiencia clínica y servicios online asociados a este profesional.",154,,2003,True,,,,,53,200,,,,,
https://www.myglobalhealth.online/ireland/es/doctors/dr-mohammed-omar,200,ok,Dr Mohammed Omar | Cardiólogo consultor | Irlanda,49,"Perfil en Irlanda de Dr Mohammed Omar: información profesional, idiomas, experiencia clínica y servicios online asociados a este profesional.",141,,1151,True,,,2,,42,214,,,,,
https://www.myglobalhealth.online/ireland/es/doctors/dr-muhammad-mataro,200,ok,Dr Muhammad Mataro | Médico de cabecera | Irlanda,49,"Perfil en Irlanda de Dr Muhammad Mataro: información profesional, idiomas, experiencia clínica y servicios online asociados a este profesional.",143,,2052,True,,,,,55,203,,,,,
https://www.myglobalhealth.online/ireland/es/doctors/dr-muhammad-tahir-arain,200,ok,Dr Muhammad Tahir Arain | Médico de cabecera | Irlanda,54,"Perfil en Irlanda de Dr Muhammad Tahir Arain: información profesional, idiomas, experiencia clínica y servicios online asociados a este profesional.",148,,2038,True,,,2,,52,196,,,,,
https://www.myglobalhealth.online/ireland/es/doctors/dr-muhammad-usman-yoosuf,200,ok,Dr Muhammad Usman Yoosuf | Médico de cabecera | Irlanda,55,"Perfil en Irlanda de Dr Muhammad Usman Yoosuf: información profesional, idiomas, experiencia clínica y servicios online asociados a este profesional.",149,,1969,True,,,,,53,209,,,,,
https://www.myglobalhealth.online/ireland/es/doctors/dr-raafat-ibrahim,200,ok,Dr Raafat Ibrahim | Pediatra consultor | Irlanda,48,"Perfil en Irlanda de Dr Raafat Ibrahim: información profesional, idiomas, experiencia clínica y servicios online asociados a este profesional.",142,,1438,True,,,2,,42,386,,,,,
https://www.myglobalhealth.online/ireland/es/doctors/dr-raza-khan,200,ok,Dr Raza Khan | Médico de cabecera | Irlanda · Global Health,59,"Perfil en Irlanda de Dr Raza Khan: información profesional, idiomas, experiencia clínica y servicios online asociados a este profesional.",137,,2045,True,,,2,,53,207,,,,,
https://www.myglobalhealth.online/ireland/es/doctors/dr-saadia-irfan,200,ok,Dr Saadia Irfan | Consultora pediátrica | Irlanda,49,"Perfil en Irlanda de Dr Saadia Irfan: información profesional, idiomas, experiencia clínica y servicios online asociados a este profesional.",140,,1448,True,,,2,,46,207,,,,,
https://www.myglobalhealth.online/ireland/es/doctors/dr-tiago-miguel-figueira,200,ok,Dr Tiago Miguel Figueira | Médico de cabecera | Irlanda,55,"Perfil en Irlanda de Dr Tiago Miguel Figueira: información profesional, idiomas, experiencia clínica y servicios online asociados a este profesional.",149,,2102,True,,,,,55,1224,,,,,
https://www.myglobalhealth.online/ireland/es/doctors/dr-yousif-mohamed,200,ok,Dr Yousif Mohamed | Médico de cabecera | Irlanda,48,"Perfil en Irlanda de Dr Yousif Mohamed: información profesional, idiomas, experiencia clínica y servicios online asociados a este profesional.",142,,2057,True,,,2,,53,711,,,,,
https://www.myglobalhealth.online/ireland/es/doctors/khoiamul-islam,200,ok,MUDr. Khoiamul Islam | Médico de cabecera | Irlanda,51,"Perfil en Irlanda de MUDr. Khoiamul Islam: información profesional, idiomas, experiencia clínica y servicios online asociados a este profesional.",145,,1323,True,,,2,,43,696,,,,,
https://www.myglobalhealth.online/ireland/es/doctors/maristela-ferro-nepomuceno,200,ok,Maristela Ferro Nepomuceno | Psicóloga | Irlanda,48,"Perfil en Irlanda de Maristela Ferro Nepomuceno: información profesional, idiomas, experiencia clínica y servicios online asociados a este profesional.",151,,1117,True,,,2,,42,238,,,,,
https://www.myglobalhealth.online/ireland/es/doctors/priscila-figueiredo,200,ok,Priscila Figueiredo | Consultora de rehabilitación y bienestar | Irlanda,72,"Perfil en Irlanda de Priscila Figueiredo: información profesional, idiomas, experiencia clínica y servicios online asociados a este profesional.",144,,1119,True,,,2,,42,181,,,,,
https://www.myglobalhealth.online/ireland/es/doctors/roney-carli,200,ok,Roney Carli | Quiropráctico y terapeuta manual | Irlanda,56,"Perfil en Irlanda de Roney Carli: información profesional, idiomas, experiencia clínica y servicios online asociados a este profesional.",136,,940,True,,,2,,41,584,,,,,
https://www.myglobalhealth.online/ireland/es/doctors/silvia-alexandre-fernandes,200,ok,Silvia Alexandre Fernandes | Terapeuta nutricional | Irlanda,60,"Perfil en Irlanda de Silvia Alexandre Fernandes: información profesional, idiomas, experiencia clínica y servicios online asociados a este profesional.",151,,1148,True,,,2,,42,424,,,,,
https://www.myglobalhealth.online/ireland/es/faq,200,ok,Preguntas frecuentes — Irlanda · Global Health,46,"Irlanda — Reservas, pagos, consultas, privacidad y cuándo la atención online no es la opción adecuada. ¿No encuentra lo que busca? Contáctenos.",143,,594,False,,,,,41,159,,,,,
https://www.myglobalhealth.online/ireland/es/gp-consultation-online,200,ok,Médico de familia online en Irlanda | Videoconsultas seguras,60,Reserve una consulta online con un médico de familia en Irlanda. Videoconsultas seguras con médicos registrados en el Irish Medical Council.,140,,2070,True,,,,,64,180,,,,,
https://www.myglobalhealth.online/ireland/es/health/arabic-speaking-doctor,200,ok,Médico que habla árabe en Irlanda | Consulta en línea,53,Consulte a un médico registrado en Irlanda que habla árabe en línea. Consultas en árabe para la comunidad de habla árabe de Irlanda.,132,,516,True,,,,,58,185,,,,,
https://www.myglobalhealth.online/ireland/es/health/diabetes,200,ok,Atención de la Diabetes Irlanda | Médico en línea,49,"Manejo continuo de la diabetes con un médico colegiado en Irlanda en línea — revisión de la glucosa en sangre, apoyo en el estilo de vida y atención coordinada.",160,,382,True,,,,,48,181,,,,,
https://www.myglobalhealth.online/ireland/es/health/expat-healthcare,200,ok,Atención Sanitaria Para Expatriados En Irlanda | Médico En Línea,64,"Atención sanitaria en línea para expatriados y residentes internacionales en Irlanda: no es necesario registrarse con un médico de cabecera local. Atención multilingüe, el mismo día.",182,,520,True,,,,,56,176,,,,,
https://www.myglobalhealth.online/ireland/es/health/hypertension,200,ok,Atención de la hipertensión en Irlanda | Médico en línea,56,"Controle la hipertensión arterial con un médico colegiado en Irlanda en línea. Revisiones, orientación sobre estilo de vida y atención continuada mediante videollamada segura.",175,,386,True,,,,,48,171,,,,,
https://www.myglobalhealth.online/ireland/es/health/online-prescription-ireland,200,ok,Revisión de receta en línea Irlanda | Consulta con médico de cabecera,69,"Médicos habilitados para ejercer en Irlanda que revisan solicitudes de repetición de recetas para pacientes ya atendidos, por videollamada segura.",146,,379,True,,,,,47,168,,,,,
https://www.myglobalhealth.online/ireland/es/health/respiratory-infections,200,ok,Médico para infecciones respiratorias Irlanda | Mismo día,57,"Infecciones torácicas, tos persistente y síntomas respiratorios evaluados por un médico colegiado en Irlanda — citas por videollamada el mismo día.",147,,390,True,,,,,51,167,,,,,
https://www.myglobalhealth.online/ireland/es/legal,200,ok,Información legal · Irlanda · Global Health,43,"Documentos legales, registro mercantil y datos regulatorios de Global Health en Irlanda.",88,,447,True,,,,,46,154,,,,,
https://www.myglobalhealth.online/ireland/es/legal/medical-disclaimer,200,ok,Medical Disclaimer · Irlanda · Global Health,44,"Medical Disclaimer. Documentos legales, registro mercantil y datos regulatorios de Global Health en Irlanda.",108,,414,False,,,,,41,168,,,,,
https://www.myglobalhealth.online/ireland/es/press,200,ok,Prensa y medios — Global Health Irlanda,39,"Información de prensa sobre Global Health en Irlanda: quién opera el servicio, cómo está regulado, los mercados que atendemos y cómo contactar con nuestra área de prensa.",170,,504,True,,,,,43,163,,,,,
https://www.myglobalhealth.online/ireland/es/pricing,200,ok,Planes de Médico Online en Irlanda | Cuota Mensual,50,"Compare planes mensuales de médico online en Irlanda, con créditos para consultas, descuentos seleccionados en especialistas y ventajas de bienestar.",149,,552,True,,,,,44,183,,,,,
https://www.myglobalhealth.online/ireland/es/repeat-prescription-request,200,ok,Conoce a nuestros colegiados prescriptores. · Ireland,53,Médicos colegiados para ejercer en Ireland que revisan las solicitudes de recetas de repetición para pacientes habituales.,122,,313,True,,,,,41,175,,,,,
https://www.myglobalhealth.online/ireland/es/see-a-specialist,200,ok,Consultas con especialistas online en Irlanda | Reserve por especialidad,72,"Reserve una consulta online con un especialista en Irlanda. Compare las especialidades disponibles actualmente, revise los datos del profesional y elija una cita.",162,,1737,True,,,,,55,181,,,,,
https://www.myglobalhealth.online/ireland/es/services/acute-medical-consultation,200,ok,Consulta Médica Online el Mismo Día en Irlanda | Médico Online,62,"Reserve una consulta médica online el mismo día en Irlanda para síntomas no urgentes adecuados, evaluación clínica y orientación sobre los próximos pasos.",154,,1176,True,,,,,54,213,,,,,
https://www.myglobalhealth.online/ireland/es/services/chronic-disease-consultation,200,ok,Consulta Online de Enfermedad Crónica en Irlanda | Atención Continua,68,"Reserve una consulta online de enfermedad crónica en Irlanda para revisar una afección diagnosticada, la seguridad del tratamiento y el plan de atención continua.",162,,1624,True,,,,,52,199,,,,,
https://www.myglobalhealth.online/ireland/es/services/hair-loss-consultation,200,ok,Consulta Online por Caída del Cabello en Irlanda | Evaluación Médica,68,Reserve una consulta online con un médico registrado en Irlanda para evaluar la caída o el debilitamiento del cabello y recibir orientación sobre los próximos pasos.,165,,2281,True,,,,,50,164,,,,,
https://www.myglobalhealth.online/ireland/es/services/mens-health-consultation,200,ok,Consulta de Salud Masculina Online en Irlanda | Médico Confidencial,67,"Reserve una consulta confidencial de salud masculina online en Irlanda para evaluar problemas sexuales, hormonales, prostáticos o de salud general masculina.",157,,1449,True,,,,,50,168,,,,,
https://www.myglobalhealth.online/ireland/es/services/mental-health-consultation,200,ok,Consulta de Salud Mental Online en Irlanda | Evaluación Médica,62,"Reserve una consulta confidencial de salud mental online con un médico registrado en Irlanda para ansiedad, ánimo bajo, estrés o dificultades para dormir.",154,,2271,True,,,,,49,179,,,,,
https://www.myglobalhealth.online/ireland/es/services/musculoskeletal-pain-assessment,200,ok,Evaluación Musculoesquelética Online en Irlanda | Dolor y Articulaciones,72,"Reserve una evaluación musculoesquelética online en Irlanda para dolor de espalda o articulaciones, ciática o problemas adecuados de tejidos blandos y orientación clínica.",171,,1927,True,,,,,50,177,,,,,
https://www.myglobalhealth.online/ireland/es/services/paediatric-consultation,200,ok,Consulta Pediátrica Online en Irlanda | Médico para Niños,57,"Reserve una consulta pediátrica online en Irlanda para problemas no urgentes adecuados de bebés, niños o adolescentes y orientación sobre derivación cuando sea necesaria.",170,,2113,True,,,,,50,174,,,,,
https://www.myglobalhealth.online/ireland/es/services/referral-and-investigations,200,ok,Derivación Médica Online en Irlanda | Pruebas y Especialistas,61,"Reserve una evaluación médica online para una carta de derivación, análisis, resonancia, pruebas o revisión especializada, solo cuando esté clínicamente indicado.",162,,2156,True,,,,,51,172,,,,,
https://www.myglobalhealth.online/ireland/es/services/second-opinion-consultation,200,ok,Segunda Opinión Médica Online en Irlanda | Revisión Independiente,65,"Reserve una segunda opinión médica online en Irlanda para una revisión independiente a nivel de medicina general de un diagnóstico, tratamiento, carta clínica o resultado.",171,,2422,True,,,,,50,175,,,,,
https://www.myglobalhealth.online/ireland/es/services/sick-certificate-ireland,200,ok,Certificado Médico Online en Irlanda | Evaluación el Mismo Día,62,Reserve una evaluación médica online para solicitar un certificado de baja en Irlanda. Solo se emite cuando es clínicamente adecuado y no está garantizado.,155,,1212,True,,,,,54,171,,,,,
https://www.myglobalhealth.online/ireland/es/services/skin-dermatology-consultation,200,ok,Consulta de Piel Online en Irlanda | Evaluación Médica,54,"Reserve una consulta de piel online con un médico registrado en Irlanda para erupciones, eccema, acné u otros problemas adecuados y orientación sobre derivación.",161,,2339,True,,,,,50,174,,,,,
https://www.myglobalhealth.online/ireland/es/services/travel-health-consultation,200,ok,Consulta de Salud del Viajero Online en Irlanda | Médico de Viaje,65,"Reserve una consulta de salud del viajero online en Irlanda para evaluar riesgos del destino y recibir orientación sobre vacunas, malaria y planificación previa al viaje.",170,,2352,True,,,,,47,170,,,,,
https://www.myglobalhealth.online/ireland/es/services/treatment-review,200,ok,Revisión de Receta en Irlanda | Evaluación Médica Online,56,Reserve una revisión médica online de un tratamiento existente o una solicitud de renovación de receta. La continuación no es automática y depende de la evaluación clínica.,172,,1279,True,,,,,51,157,,,,,
https://www.myglobalhealth.online/ireland/es/services/weight-management-consultation,200,ok,Control de Peso Online en Irlanda | Consulta Médica,51,"Reserve una consulta médica online de control de peso en Irlanda para una evaluación clínica, orientación personalizada y opciones de seguimiento adecuadas.",156,,2010,True,,,,,50,234,,,,,
https://www.myglobalhealth.online/ireland/es/services/womens-health-consultation,200,ok,Consulta de Salud Femenina Online en Irlanda | Médico Confidencial,66,"Reserve una consulta confidencial de salud femenina online en Irlanda para evaluar menopausia, SOP, anticoncepción y problemas hormonales o reproductivos.",154,,1790,True,,,,,50,172,,,,,
https://www.myglobalhealth.online/ireland/es/tools/adhd-test,200,ok,Test de TDAH Irlanda | Cribado Gratuito para Adultos,52,"Haz el cribado de TDAH en adultos de seis preguntas (ASRS v1.1, parte A) y descubre qué significan tus respuestas. Un cribado no es un diagnóstico: solo un psiquiatra o un psicólogo clínico puede hacerlo.",204,,1812,True,,,,,42,173,,,,,
https://www.myglobalhealth.online/ireland/es/tools/blood-pressure-chart,200,ok,Baremos de Tensión Arterial Irlanda | Tabla de Valores Normales,63,"Introduce tu tensión sistólica y diastólica y consulta el baremo europeo para adultos: en qué categoría estás, qué significa y qué lecturas necesitan atención médica el mismo día.",179,,1698,True,,,,,43,173,,,,,
https://www.myglobalhealth.online/ireland/es/tools/bmi-calculator,200,ok,Calculadora IMC Irlanda | Calcular tu Índice de Masa Corporal,61,"Calcula tu índice de masa corporal en segundos. Sistema métrico o imperial, categorías de la OMS para adultos y qué significa realmente tu resultado.",149,,1480,True,,,,,43,164,,,,,
https://www.myglobalhealth.online/ireland/es/tools/calorie-calculator,200,ok,Calculadora de Calorías Irlanda | Calorías Diarias,50,"Calcula cuántas calorías necesitas al día para mantener, perder o ganar peso. Ecuación de Mifflin-St Jeor, cinco niveles de actividad y qué significan de verdad las cifras.",172,,1615,True,,,,,43,163,,,,,
https://www.myglobalhealth.online/ireland/es/tools/due-date-calculator,200,ok,Calculadora de Embarazo Irlanda | Fecha de Parto y Semanas,58,"Calcula tu fecha probable de parto y de cuántas semanas estás a partir del primer día de tu última regla. Se ajusta a la duración de tu ciclo, con las 40 semanas al detalle.",173,,1524,True,,,,,42,169,,,,,
https://www.myglobalhealth.online/ireland/es/tools/osteoporosis-risk-checker,200,ok,Evaluación de Riesgo de Osteoporosis Irlanda | ¿Necesito una Densitometría Ósea?,80,"Comprueba los factores de riesgo publicados de osteoporosis y fractura por fragilidad, y descubre si las guías clínicas recomiendan que te evalúen. No es el FRAX ni un diagnóstico — una lista de cribado para llevar al médico.",225,,2011,True,,,,,42,278,,,,,
https://www.myglobalhealth.online/ireland/es/tools/ovulation-calculator,200,ok,Calculadora de Ovulación Irlanda | Días Fértiles y Ovulación,60,"Calcula tus días fértiles y el día estimado de ovulación a partir del primer día de tu última regla. Se ajusta a la duración de tu ciclo, con los seis días más fértiles al detalle.",180,,1678,True,,,,,42,165,,,,,
https://www.myglobalhealth.online/ireland/es/tools/sore-throat-checker,200,ok,Test de Amigdalitis y Dolor de Garganta Irlanda | Centor,56,"Responde cinco preguntas sobre tu dolor de garganta y descubre qué probabilidad hay de una causa bacteriana, con la escala de McIsaac que usan los médicos. Incluye las señales de alarma que necesitan atención urgente. No es un diagnóstico ni una prueba de estreptococo.",269,,2035,True,,,,,41,168,,,,,
https://www.myglobalhealth.online/ireland/pt,200,ok,Médico Online Irlanda | No mesmo dia | Global Health,52,"Consulte hoje um médico registado por videochamada na Irlanda: clínica geral, atestados médicos e referenciações. Consultas no mesmo dia.",137,,3480,True,,,1,,86,230,,,,,
https://www.myglobalhealth.online/ireland/pt/about,200,ok,Sobre a nossa clínica online na Irlanda | Global Health,55,"Conheça a Global Health Irlanda, uma clínica online com videochamadas seguras, médicos registados localmente e opções de marcação apresentadas com clareza.",155,,685,True,,,,,41,162,,,,,
https://www.myglobalhealth.online/ireland/pt/blog,200,ok,Guias de saúde de médicos registados em Irlanda,47,"Guias de saúde baseados em evidências para Irlanda, escritos e revistos pela nossa equipa médica. Sem anúncios.",111,,619,True,,,,,50,166,,,,,
https://www.myglobalhealth.online/ireland/pt/blog/analises-de-sangue-dublin,200,ok,Análises de sangue em Dublin: guia de um médico,47,"Onde fazer análises de sangue em Dublin, se precisa de requisição médica, o que medem os painéis mais comuns, o jejum e o que significa um valor alterado.",154,,2393,True,,,,,48,180,,,,,
https://www.myglobalhealth.online/ireland/pt/blog/avaliacao-de-phda-em-adultos-na-irlanda-a-via-publica-a-via-privada-e-o-que-acon,200,ok,Avaliação de PHDA em adultos na Irlanda: vias e custo,53,"Percurso público do HSE, custos da avaliação privada, quem pode diagnosticar PHDA na Irlanda e em que consiste uma avaliação de adultos segundo a norma NICE.",157,,2155,True,,,,,53,156,,,,,
https://www.myglobalhealth.online/ireland/pt/blog/como-obter-um-atestado-medico-online-na-irlanda,200,ok,Atestado médico online na Irlanda: guia essencial,49,"Saiba como funciona o atestado médico online na Irlanda, o que o empregador pode exigir e quando é necessária uma consulta presencial.",134,,1553,True,,,,,50,163,,,,,
https://www.myglobalhealth.online/ireland/pt/blog/illness-benefit-irlanda-como-requerer,200,ok,Illness Benefit Irlanda: como requerer (guia 2026),50,"Requerer o Illness Benefit na Irlanda: formulário IB1, Certificate of Incapacity for Work, quem o pode emitir e a diferença para a baixa patronal.",146,,2434,True,,,,,48,183,,,,,
https://www.myglobalhealth.online/ireland/pt/blog/illness-benefit-irlanda-valor-pagamento-2026,200,ok,Illness Benefit Irlanda: valores e pagamentos 2026,50,"Veja os valores do Illness Benefit na Irlanda em 2026, quando começa o pagamento, como é tributado e como se relaciona com a baixa paga.",136,,1272,True,,,,,46,179,,,,,
https://www.myglobalhealth.online/ireland/pt/blog/medico-online-ou-consulta-presencial-guia-de-sintomas-para-telemedicina-e-urgenc,200,ok,Médico online ou presencial? Quando escolher cada opção (2026),62,"Guia baseado em evidência para escolher entre telemedicina, consulta presencial e urgência na Irlanda, segundo orientações do HSE, NHS e OMS.",141,,2638,True,,,,,47,383,,,,,
https://www.myglobalhealth.online/ireland/pt/book,200,ok,Marque a sua consulta — Irlanda · Global Health,47,"Clínica médica em Irlanda. Escolha um serviço, clínico, hora e dados do doente.",79,,1033,True,,,,,63,162,,,,,
https://www.myglobalhealth.online/ireland/pt/careers,200,ok,Carreiras na Global Health Irlanda,34,"Junte-se à Global Health em Irlanda. Trabalhamos com médicos registados, equipas de apoio clínico e de tecnologia em toda a Europa e no Brasil. Veja como candidatar-se.",168,,342,True,,,,,49,153,,,,,
https://www.myglobalhealth.online/ireland/pt/contact,200,ok,Contactar a nossa equipa na Irlanda | Global Health,51,"Contacte a Global Health Irlanda para apoio com marcações, pagamentos ou conta por telefone ou email. A morada de Dublin é apenas a sede social.",144,,528,True,,,,,41,170,,,,,
https://www.myglobalhealth.online/ireland/pt/doctors,200,ok,Médicos Online Irlanda | Clínicos e Especialistas no IMC,56,"Veja médicos e clínicos registados no IMC na Irlanda. Consulte especialidades, dados de registo, idiomas e opções de marcação online.",133,,1290,True,,,,,63,210,,,,,
https://www.myglobalhealth.online/ireland/pt/doctors/dr-abdelrahman-mustafa,200,ok,Dr Abdelrahman Mustafa | Médico de clínica geral | Irlanda,58,"Perfil na Irlanda de Dr Abdelrahman Mustafa: informações profissionais, idiomas, experiência clínica e serviços online associados a este profissional.",150,,1960,True,,,,,52,205,,,,,
https://www.myglobalhealth.online/ireland/pt/doctors/dr-ahmed-maklad,200,ok,Dr Ahmed Maklad | Médico de clínica geral | Irlanda,51,"Perfil na Irlanda de Dr Ahmed Maklad: informações profissionais, idiomas, experiência clínica e serviços online associados a este profissional.",143,,2242,True,,,,,53,203,,,,,
https://www.myglobalhealth.online/ireland/pt/doctors/dr-arooj-iqbal-lodhi,200,ok,Dr Arooj Iqbal Lodhi | Doctor · Global Health,45,Dr Arooj Iqbal Lodhi is a Doctor registered in Ireland. Book an online consultation with Global Health.,103,,409,False,,,2,,41,185,,,,,
https://www.myglobalhealth.online/ireland/pt/doctors/dr-emmanuel-dabup,200,ok,Dr Emmanuel Dabup | Psiquiatra consultor | Irlanda,50,"Perfil na Irlanda de Dr Emmanuel Dabup: informações profissionais, idiomas, experiência clínica e serviços online associados a este profissional.",145,,1120,True,,,2,,42,393,,,,,
https://www.myglobalhealth.online/ireland/pt/doctors/dr-fahad-farooq,200,ok,Dr Fahad Farooq | Médico em formação em Neurologia | Irlanda,60,"Perfil na Irlanda de Dr Fahad Farooq: informações profissionais, idiomas, experiência clínica e serviços online associados a este profissional.",143,,1584,True,,,,,48,816,,,,,
https://www.myglobalhealth.online/ireland/pt/doctors/dr-fatima-ali,200,ok,Dr Fatima Ali | Médica em formação em Oncologia | Irlanda,57,"Perfil na Irlanda de Dr Fatima Ali: informações profissionais, idiomas, experiência clínica e serviços online associados a este profissional.",141,,1192,True,,,2,,41,202,,,,,
https://www.myglobalhealth.online/ireland/pt/doctors/dr-mariam-faiz,200,ok,Dr Mariam Faiz | Médica de clínica geral e estética | Irlanda,61,"Perfil na Irlanda de Dr Mariam Faiz: informações profissionais, idiomas, experiência clínica e serviços online associados a este profissional.",142,,1551,True,,,2,,48,218,,,,,
https://www.myglobalhealth.online/ireland/pt/doctors/dr-mohamed-fadzly-bin-mohamed,200,ok,Dr Mohamed Fadzly Bin Mohamed | Médico de clínica geral | Irlanda,65,"Perfil na Irlanda de Dr Mohamed Fadzly Bin Mohamed: informações profissionais, idiomas, experiência clínica e serviços online associados a este profissional.",157,,1990,True,,,,,53,202,,,,,
https://www.myglobalhealth.online/ireland/pt/doctors/dr-mohammed-omar,200,ok,Dr Mohammed Omar | Cardiologista consultor | Irlanda,52,"Perfil na Irlanda de Dr Mohammed Omar: informações profissionais, idiomas, experiência clínica e serviços online associados a este profissional.",144,,1113,True,,,2,,42,225,,,,,
https://www.myglobalhealth.online/ireland/pt/doctors/dr-muhammad-mataro,200,ok,Dr Muhammad Mataro | Médico de clínica geral | Irlanda,54,"Perfil na Irlanda de Dr Muhammad Mataro: informações profissionais, idiomas, experiência clínica e serviços online associados a este profissional.",146,,2027,True,,,,,55,207,,,,,
https://www.myglobalhealth.online/ireland/pt/doctors/dr-muhammad-tahir-arain,200,ok,Dr Muhammad Tahir Arain | Médico de clínica geral | Irlanda,59,"Perfil na Irlanda de Dr Muhammad Tahir Arain: informações profissionais, idiomas, experiência clínica e serviços online associados a este profissional.",151,,2036,True,,,2,,52,378,,,,,
https://www.myglobalhealth.online/ireland/pt/doctors/dr-muhammad-usman-yoosuf,200,ok,Dr Muhammad Usman Yoosuf | Médico de clínica geral | Irlanda,60,"Perfil na Irlanda de Dr Muhammad Usman Yoosuf: informações profissionais, idiomas, experiência clínica e serviços online associados a este profissional.",152,,1951,True,,,,,53,198,,,,,
https://www.myglobalhealth.online/ireland/pt/doctors/dr-raafat-ibrahim,200,ok,Dr Raafat Ibrahim | Pediatra consultor | Irlanda,48,"Perfil na Irlanda de Dr Raafat Ibrahim: informações profissionais, idiomas, experiência clínica e serviços online associados a este profissional.",145,,1408,True,,,2,,42,300,,,,,
https://www.myglobalhealth.online/ireland/pt/doctors/dr-raza-khan,200,ok,Dr Raza Khan | Médico de clínica geral | Irlanda,48,"Perfil na Irlanda de Dr Raza Khan: informações profissionais, idiomas, experiência clínica e serviços online associados a este profissional.",140,,2033,True,,,2,,53,207,,,,,
https://www.myglobalhealth.online/ireland/pt/doctors/dr-saadia-irfan,200,ok,Dr Saadia Irfan | Consultora em pediatria | Irlanda,51,"Perfil na Irlanda de Dr Saadia Irfan: informações profissionais, idiomas, experiência clínica e serviços online associados a este profissional.",143,,1439,True,,,2,,46,282,,,,,
https://www.myglobalhealth.online/ireland/pt/doctors/dr-tiago-miguel-figueira,200,ok,Dr Tiago Miguel Figueira | Médico de clínica geral | Irlanda,60,"Perfil na Irlanda de Dr Tiago Miguel Figueira: informações profissionais, idiomas, experiência clínica e serviços online associados a este profissional.",152,,2201,True,,,,,55,235,,,,,
https://www.myglobalhealth.online/ireland/pt/doctors/dr-yousif-mohamed,200,ok,Dr Yousif Mohamed | Médico de clínica geral | Irlanda,53,"Perfil na Irlanda de Dr Yousif Mohamed: informações profissionais, idiomas, experiência clínica e serviços online associados a este profissional.",145,,2033,True,,,2,,53,337,,,,,
https://www.myglobalhealth.online/ireland/pt/doctors/khoiamul-islam,200,ok,MUDr. Khoiamul Islam | Médico de clínica geral | Irlanda,56,"Perfil na Irlanda de MUDr. Khoiamul Islam: informações profissionais, idiomas, experiência clínica e serviços online associados a este profissional.",148,,1289,True,,,2,,43,207,,,,,
https://www.myglobalhealth.online/ireland/pt/doctors/maristela-ferro-nepomuceno,200,ok,Maristela Ferro Nepomuceno | Psicóloga | Irlanda,48,"Perfil na Irlanda de Maristela Ferro Nepomuceno: informações profissionais, idiomas, experiência clínica e serviços online associados a este profissional.",154,,1068,True,,,2,,42,597,,,,,
https://www.myglobalhealth.online/ireland/pt/doctors/priscila-figueiredo,200,ok,Priscila Figueiredo | Consultora de reabilitação e bem-estar | Irlanda,70,"Perfil na Irlanda de Priscila Figueiredo: informações profissionais, idiomas, experiência clínica e serviços online associados a este profissional.",147,,1087,True,,,2,,42,198,,,,,
https://www.myglobalhealth.online/ireland/pt/doctors/roney-carli,200,ok,Roney Carli | Quiroprático e terapeuta manual | Irlanda,55,"Perfil na Irlanda de Roney Carli: informações profissionais, idiomas, experiência clínica e serviços online associados a este profissional.",139,,926,True,,,2,,41,198,,,,,
https://www.myglobalhealth.online/ireland/pt/doctors/silvia-alexandre-fernandes,200,ok,Silvia Alexandre Fernandes | Terapeuta nutricional | Irlanda,60,"Perfil na Irlanda de Silvia Alexandre Fernandes: informações profissionais, idiomas, experiência clínica e serviços online associados a este profissional.",154,,1130,True,,,2,,42,190,,,,,
https://www.myglobalhealth.online/ireland/pt/faq,200,ok,Perguntas frequentes — Irlanda · Global Health,46,"Irlanda — Reservas, pagamentos, consultas, privacidade e quando os cuidados online não são a opção certa. Não encontrou o que precisa? Fale connosco.",149,,593,False,,,,,41,156,,,,,
https://www.myglobalhealth.online/ireland/pt/gp-consultation-online,200,ok,Médico de família online na Irlanda | Videoconsultas seguras,60,Marque uma consulta online com um médico de família na Irlanda. Videoconsultas seguras com médicos registados no Irish Medical Council.,135,,2065,True,,,,,64,203,,,,,
https://www.myglobalhealth.online/ireland/pt/health/arabic-speaking-doctor,200,ok,Médico que fala árabe na Irlanda | Consulta online,50,Consulte online um médico que fala árabe e está registado na Irlanda. Consultas em árabe para a comunidade árabe‑falante da Irlanda.,132,,504,True,,,,,58,177,,,,,
https://www.myglobalhealth.online/ireland/pt/health/diabetes,200,ok,Cuidados com a Diabetes na Irlanda | Médico Online,50,"Gestão contínua da diabetes com um médico registado na Irlanda online — revisão da glicemia, apoio ao estilo de vida e cuidados coordenados.",140,,366,True,,,,,48,159,,,,,
https://www.myglobalhealth.online/ireland/pt/health/expat-healthcare,200,ok,Cuidados de Saúde para Expatriados na Irlanda | Médico Online,61,"Cuidados de saúde online para expatriados e residentes internacionais na Irlanda — sem necessidade de inscrição num médico de família local. Multilingue, cuidados no mesmo dia.",176,,508,True,,,,,56,169,,,,,
https://www.myglobalhealth.online/ireland/pt/health/hypertension,200,ok,Cuidados de Hipertensão Irlanda | Médico Online,47,"Gerencie a pressão arterial elevada com um médico registado na Irlanda online. Avaliações, orientação sobre estilo de vida e acompanhamento contínuo por videochamada segura.",173,,387,True,,,,,48,173,,,,,
https://www.myglobalhealth.online/ireland/pt/health/online-prescription-ireland,200,ok,Revisão de Receita Online na Irlanda | Consulta com Médico de Família,69,"Médicos registados para exercer na Irlanda que analisam pedidos de renovação de receita para doentes já seguidos, por videochamada segura.",138,,383,True,,,,,47,171,,,,,
https://www.myglobalhealth.online/ireland/pt/health/respiratory-infections,200,ok,Médico para infeção respiratória na Irlanda | No mesmo dia,58,"Infeções do peito, tosse persistente e sintomas respiratórios avaliados por um médico registado na Irlanda — consultas por vídeo no próprio dia.",144,,388,True,,,,,51,450,,,,,
https://www.myglobalhealth.online/ireland/pt/legal,200,ok,Informação legal · Irlanda · Global Health,42,"Documentos legais, registo da empresa e detalhes regulamentares para Global Health em Irlanda.",94,,439,True,,,,,46,152,,,,,
https://www.myglobalhealth.online/ireland/pt/legal/medical-disclaimer,200,ok,Medical Disclaimer · Irlanda · Global Health,44,"Medical Disclaimer. Documentos legais, registo da empresa e detalhes regulamentares para Global Health em Irlanda.",114,,410,False,,,,,41,170,,,,,
https://www.myglobalhealth.online/ireland/pt/press,200,ok,Imprensa e Media — Global Health Irlanda,40,"Informação para a imprensa sobre a Global Health em Irlanda: quem opera o serviço, como é regulado, os mercados que servimos e como contactar a nossa área de imprensa.",167,,497,True,,,,,43,160,,,,,
https://www.myglobalhealth.online/ireland/pt/pricing,200,ok,Planos de Médico Online na Irlanda | Adesão Mensal,50,"Compare planos mensais de médico online na Irlanda, com créditos para consultas, descontos selecionados em especialistas e benefícios de bem-estar.",147,,575,True,,,,,44,178,,,,,
https://www.myglobalhealth.online/ireland/pt/repeat-prescription-request,200,ok,Conheça os nossos licenciados prescritores. · Ireland,53,Médicos registados para exercer em Ireland que analisam pedidos de prescrição renovável para doentes já acompanhados.,117,,305,True,,,,,41,182,,,,,
https://www.myglobalhealth.online/ireland/pt/see-a-specialist,200,ok,Consultas de Especialidade Online na Irlanda | Marcar por Especialidade,71,"Marque uma consulta de especialidade online na Irlanda. Compare as especialidades atualmente disponíveis, reveja os dados do profissional e escolha um horário.",159,,1743,True,,,,,55,174,,,,,
https://www.myglobalhealth.online/ireland/pt/services/acute-medical-consultation,200,ok,Consulta Médica Online no Mesmo Dia na Irlanda | Médico Online,62,"Marque uma consulta médica online no mesmo dia na Irlanda para sintomas não urgentes adequados, avaliação clínica e orientação sobre os próximos passos.",152,,1177,True,,,,,54,217,,,,,
https://www.myglobalhealth.online/ireland/pt/services/chronic-disease-consultation,200,ok,Consulta Online de Doença Crónica na Irlanda | Cuidados Contínuos,65,"Marque uma consulta online de doença crónica na Irlanda para revisão estruturada de uma condição diagnosticada, segurança do tratamento e planeamento de cuidados contínuos.",172,,1633,True,,,,,52,187,,,,,
https://www.myglobalhealth.online/ireland/pt/services/hair-loss-consultation,200,ok,Consulta Online para Queda de Cabelo na Irlanda | Avaliação Médica,66,"Marque uma consulta online com um médico registado na Irlanda para avaliar queda de cabelo, cabelo fino ou alopecia e receber orientação sobre os próximos passos.",162,,2230,True,,,,,50,176,,,,,
https://www.myglobalhealth.online/ireland/pt/services/mens-health-consultation,200,ok,Consulta de Saúde Masculina Online na Irlanda | Médico Confidencial,67,"Marque uma consulta confidencial de saúde masculina online na Irlanda para avaliação de questões sexuais, hormonais, da próstata ou de saúde geral do homem.",156,,1450,True,,,,,50,171,,,,,
https://www.myglobalhealth.online/ireland/pt/services/mental-health-consultation,200,ok,Consulta de Saúde Mental Online na Irlanda | Avaliação Médica,61,"Marque uma consulta confidencial de saúde mental online com um médico registado na Irlanda para ansiedade, humor baixo, stress ou dificuldades de sono.",151,,2278,True,,,,,49,167,,,,,
https://www.myglobalhealth.online/ireland/pt/services/musculoskeletal-pain-assessment,200,ok,Avaliação Musculoesquelética Online na Irlanda | Dor e Articulações,67,"Marque uma avaliação musculoesquelética online na Irlanda para dores adequadas nas costas ou articulações, ciática ou lesões dos tecidos moles e orientação clínica.",164,,1876,True,,,,,50,183,,,,,
https://www.myglobalhealth.online/ireland/pt/services/paediatric-consultation,200,ok,Consulta Pediátrica Online na Irlanda | Médico para Crianças,60,"Marque uma consulta pediátrica online na Irlanda para problemas não urgentes adequados de bebés, crianças ou adolescentes e orientação sobre encaminhamento quando necessário.",174,,2097,True,,,,,50,174,,,,,
https://www.myglobalhealth.online/ireland/pt/services/referral-and-investigations,200,ok,Encaminhamento Médico Online na Irlanda | Exames e Especialistas,64,"Marque uma avaliação médica online para carta de encaminhamento, análises, ressonância, exames ou especialista, apenas quando clinicamente indicado.",148,,2178,True,,,,,51,164,,,,,
https://www.myglobalhealth.online/ireland/pt/services/second-opinion-consultation,200,ok,Segunda Opinião Médica Online na Irlanda | Avaliação Independente,65,"Marque uma segunda opinião médica online na Irlanda para revisão independente ao nível de medicina geral de diagnóstico, plano de tratamento, carta clínica ou resultado de exame.",178,,2411,True,,,,,50,175,,,,,
https://www.myglobalhealth.online/ireland/pt/services/sick-certificate-ireland,200,ok,Atestado Médico Online na Irlanda | Avaliação no Mesmo Dia,58,Marque uma avaliação médica online para um atestado de doença na Irlanda. O documento só é emitido quando clinicamente adequado e não é garantido.,146,,1232,True,,,,,54,175,,,,,
https://www.myglobalhealth.online/ireland/pt/services/skin-dermatology-consultation,200,ok,Consulta de Pele Online na Irlanda | Avaliação Médica,53,"Marque uma consulta de pele online com um médico registado na Irlanda para erupções, eczema, acne ou outras queixas adequadas e orientação sobre encaminhamento.",160,,2290,True,,,,,50,172,,,,,
https://www.myglobalhealth.online/ireland/pt/services/travel-health-consultation,200,ok,Consulta de Saúde do Viajante Online na Irlanda | Médico de Viagem,66,"Marque uma consulta de saúde do viajante online na Irlanda para avaliação de riscos do destino, orientação sobre vacinas, malária e planeamento antes da viagem.",160,,2341,True,,,,,47,231,,,,,
https://www.myglobalhealth.online/ireland/pt/services/treatment-review,200,ok,Revisão de Receita na Irlanda | Avaliação Médica Online,55,Marque uma revisão médica online de um tratamento existente ou pedido de renovação de receita. A continuação não é automática e depende da avaliação clínica.,157,,1273,True,,,,,51,171,,,,,
https://www.myglobalhealth.online/ireland/pt/services/weight-management-consultation,200,ok,Gestão de Peso Online na Irlanda | Consulta Médica,50,"Marque uma consulta médica online de gestão de peso na Irlanda para avaliação clínica, orientação personalizada e opções de acompanhamento adequadas.",149,,1997,True,,,,,50,177,,,,,
https://www.myglobalhealth.online/ireland/pt/services/womens-health-consultation,200,ok,Consulta de Saúde da Mulher Online na Irlanda | Médico Confidencial,67,"Marque uma consulta confidencial de saúde da mulher online na Irlanda para avaliação de menopausa, SOP, contraceção, questões hormonais ou reprodutivas.",152,,1788,True,,,,,50,162,,,,,
https://www.myglobalhealth.online/ireland/pt/tools/adhd-test,200,ok,Teste de PHDA Irlanda | Rastreio Gratuito para Adultos,54,"Faça o rastreio de PHDA no adulto com seis perguntas (ASRS v1.1, parte A) e veja o que as suas respostas significam. Um rastreio não é um diagnóstico — esse só pode ser feito por um psiquiatra ou um psicólogo clínico.",217,,1804,True,,,,,42,164,,,,,
https://www.myglobalhealth.online/ireland/pt/tools/blood-pressure-chart,200,ok,Tensão Arterial Normal Irlanda | Tabela de Valores,50,"Compare os seus valores de tensão sistólica e diastólica com a tabela europeia para adultos. Veja a categoria, o que significa e que leituras exigem cuidados médicos no próprio dia.",181,,1671,True,,,,,43,170,,,,,
https://www.myglobalhealth.online/ireland/pt/tools/bmi-calculator,200,ok,Calculadora IMC Irlanda | Calcular IMC Online,45,"Calcule o seu índice de massa corporal em segundos. Sistema métrico ou imperial, categorias da OMS para adultos e o que o resultado significa na prática.",153,,1496,True,,,,,43,170,,,,,
https://www.myglobalhealth.online/ireland/pt/tools/calorie-calculator,200,ok,Calculadora Calorias Irlanda | Calorias Diárias,47,"Calcule quantas calorias precisa por dia para manter, perder ou ganhar peso. Equação de Mifflin-St Jeor, cinco níveis de atividade e o que os números significam na prática.",172,,1646,True,,,,,43,170,,,,,
https://www.myglobalhealth.online/ireland/pt/tools/due-date-calculator,200,ok,Calculadora de Gravidez Irlanda | Semanas e Data do Parto,57,"Calcule a data provável do parto e de quantas semanas está a partir do primeiro dia da última menstruação. Ajusta-se à duração do seu ciclo, com as 40 semanas em detalhe.",170,,1512,True,,,,,42,161,,,,,
https://www.myglobalhealth.online/ireland/pt/tools/osteoporosis-risk-checker,200,ok,Avaliação de Risco de Osteoporose Irlanda | Preciso de uma Densitometria Óssea?,79,"Verifique os fatores de risco publicados para osteoporose e fratura de fragilidade, e veja se as orientações clínicas recomendam que seja avaliado. Não é o FRAX nem um diagnóstico — uma lista de verificação para levar ao médico.",228,,1952,True,,,,,42,169,,,,,
https://www.myglobalhealth.online/ireland/pt/tools/ovulation-calculator,200,ok,Período Fértil Irlanda | Calculadora de Ovulação,48,"Calcule os seus dias férteis e o dia previsto de ovulação a partir do primeiro dia da última menstruação. Ajusta-se à duração do seu ciclo, com os seis dias mais férteis em detalhe.",181,,1696,True,,,,,42,166,,,,,
https://www.myglobalhealth.online/ireland/pt/tools/sore-throat-checker,200,ok,Amigdalite ou Vírus? Avaliação da Dor de Garganta Irlanda,57,"Responda a cinco perguntas sobre a sua dor de garganta e veja qual a probabilidade de uma causa bacteriana, com a escala de McIsaac que os clínicos utilizam. Inclui os sinais de alarme que exigem cuidados urgentes. Não é um diagnóstico nem um teste de estreptococos.",266,,2036,True,,,,,41,169,,,,,
https://www.myglobalhealth.online/ireland/ro,200,ok,Medic Online Irlanda | Aceeași zi | Global Health,49,"Vorbiți azi prin apel video cu un medic înregistrat în Irlanda: medicină de familie, adeverințe medicale și trimiteri. Programări în aceeași zi.",144,,3423,True,,,1,,86,240,,,,,
https://www.myglobalhealth.online/ireland/ro/about,200,ok,Despre clinica noastră online din Irlanda | Global Health,57,"Aflați cum Global Health Irlanda oferă consultații video sigure printr-o clinică online, cu medici înregistrați local și opțiuni clare de programare.",149,,610,True,,,,,41,159,,,,,
https://www.myglobalhealth.online/ireland/ro/blog,200,ok,Ghiduri de sănătate de la medici înregistrați în Irlanda,56,"Ghiduri de sănătate bazate pe dovezi pentru Irlanda, scrise și revizuite de echipa noastră medicală.",100,,568,True,,,,,50,164,,,,,
https://www.myglobalhealth.online/ireland/ro/blog/analize-de-sange-dublin,200,ok,Analize de sânge în Dublin: ghidul unui medic,45,"Unde faceți analize de sânge în Dublin, dacă aveți nevoie de trimitere, ce măsoară pachetele obișnuite și ce înseamnă o valoare modificată.",139,,2188,True,,,,,48,250,,,,,
https://www.myglobalhealth.online/ireland/ro/blog/cum-obtii-online-un-certificat-medical-pentru-serviciu-in-irlanda,200,ok,Certificat medical online în Irlanda: ghid practic,50,"Află cum obții online un certificat medical în Irlanda, ce poate cere angajatorul și când este necesară evaluarea în persoană.",126,,1436,True,,,,,50,165,,,,,
https://www.myglobalhealth.online/ireland/ro/blog/evaluarea-adhd-la-adulti-in-irlanda-calea-publica-calea-privata-si-ce-se-intampl,200,ok,Evaluarea ADHD la adulți în Irlanda: căi și cost,48,"Traseul public HSE, costurile evaluării private, cine poate diagnostica ADHD în Irlanda și ce presupune o evaluare a adulților conform standardului NICE.",153,,2056,True,,,,,53,180,,,,,
https://www.myglobalhealth.online/ireland/ro/blog/illness-benefit-irlanda-cum-soliciti,200,ok,Illness Benefit în Irlanda: cum soliciți indemnizația,53,"Cerere Illness Benefit în Irlanda: formularul IB1, Certificate of Incapacity for Work, cine îl eliberează și diferența față de concediul de la angajator.",153,,2217,True,,,,,48,180,,,,,
https://www.myglobalhealth.online/ireland/ro/blog/illness-benefit-irlanda-suma-plata-2026,200,ok,Illness Benefit Irlanda: sume și plăți 2026 · Global Health,59,"Află sumele Illness Benefit din Irlanda în 2026, când începe plata, cum se impozitează și cum se corelează cu plata angajatorului.",130,,1213,True,,,,,46,176,,,,,
https://www.myglobalhealth.online/ireland/ro/blog/medic-online-sau-consultatie-in-persoana-ghid-dupa-simptome-pentru-telemedicina-,200,ok,Medic online sau în persoană? Când alegi fiecare opțiune (2026),63,"Ghid bazat pe dovezi pentru alegerea între telemedicină, consultație în persoană și urgențe în Irlanda, conform HSE, NHS și OMS.",128,,2576,True,,,,,47,230,,,,,
https://www.myglobalhealth.online/ireland/ro/book,200,ok,Programează-ți consultația — Irlanda · Global Health,52,"Clinică medicală din Irlanda. Alege un serviciu, un clinician, o oră și detaliile pacientului.",94,,1013,True,,,,,63,169,,,,,
https://www.myglobalhealth.online/ireland/ro/careers,200,ok,Cariere la Global Health Irlanda,32,"Alăturați-vă Global Health în Irlanda. Lucrăm cu medici înregistrați, echipe de suport clinic și echipe tehnologice în toată Europa și în Brazilia. Vedeți cum vă puteți depune candidatura.",188,,322,True,,,,,49,159,,,,,
https://www.myglobalhealth.online/ireland/ro/contact,200,ok,Contactați echipa noastră din Irlanda | Global Health,53,"Contactați Global Health Irlanda pentru programări, plăți sau cont prin telefon ori e-mail. Adresa din Dublin este sediu social, nu clinică fizică.",147,,474,True,,,,,41,156,,,,,
https://www.myglobalhealth.online/ireland/ro/doctors,200,ok,Medici Online Irlanda | Medici și Specialiști Înregistrați la IMC,65,"Căutați medici și clinicieni înregistrați la IMC în Irlanda. Vedeți specialități, date de înregistrare, limbi vorbite și opțiuni de programare online.",150,,1243,True,,,,,63,244,,,,,
https://www.myglobalhealth.online/ireland/ro/doctors/dr-abdelrahman-mustafa,200,ok,Dr Abdelrahman Mustafa | Medic de familie | Irlanda,51,"Profilul din Irlanda al lui Dr Abdelrahman Mustafa: informații profesionale, limbi vorbite, experiență clinică și servicii online asociate acestui profesionist.",160,,1859,True,,,,,52,474,,,,,
https://www.myglobalhealth.online/ireland/ro/doctors/dr-ahmed-maklad,200,ok,Dr Ahmed Maklad | Medic de familie | Irlanda · Global Health,60,"Profilul din Irlanda al lui Dr Ahmed Maklad: informații profesionale, limbi vorbite, experiență clinică și servicii online asociate acestui profesionist.",153,,2109,True,,,,,53,210,,,,,
https://www.myglobalhealth.online/ireland/ro/doctors/dr-arooj-iqbal-lodhi,200,ok,Dr Arooj Iqbal Lodhi | Doctor · Global Health,45,Dr Arooj Iqbal Lodhi is a Doctor registered in Ireland. Book an online consultation with Global Health.,103,,379,False,,,2,,41,421,,,,,
https://www.myglobalhealth.online/ireland/ro/doctors/dr-emmanuel-dabup,200,ok,Dr Emmanuel Dabup | Psihiatru consultant | Irlanda,50,"Profilul din Irlanda al lui Dr Emmanuel Dabup: informații profesionale, limbi vorbite, experiență clinică și servicii online asociate acestui profesionist.",155,,1073,True,,,2,,42,195,,,,,
https://www.myglobalhealth.online/ireland/ro/doctors/dr-fahad-farooq,200,ok,Dr Fahad Farooq | Medic rezident în neurologie | Irlanda,56,"Profilul din Irlanda al lui Dr Fahad Farooq: informații profesionale, limbi vorbite, experiență clinică și servicii online asociate acestui profesionist.",153,,1508,True,,,,,48,184,,,,,
https://www.myglobalhealth.online/ireland/ro/doctors/dr-fatima-ali,200,ok,Dr Fatima Ali | Medic rezident în oncologie | Irlanda,53,"Profilul din Irlanda al lui Dr Fatima Ali: informații profesionale, limbi vorbite, experiență clinică și servicii online asociate acestui profesionist.",151,,1122,True,,,2,,41,333,,,,,
https://www.myglobalhealth.online/ireland/ro/doctors/dr-mariam-faiz,200,ok,Dr Mariam Faiz | Medic de familie și estetică | Irlanda,55,"Profilul din Irlanda al lui Dr Mariam Faiz: informații profesionale, limbi vorbite, experiență clinică și servicii online asociate acestui profesionist.",152,,1484,True,,,2,,48,191,,,,,
https://www.myglobalhealth.online/ireland/ro/doctors/dr-mohamed-fadzly-bin-mohamed,200,ok,Dr Mohamed Fadzly Bin Mohamed | Medic de familie | Irlanda,58,"Profilul din Irlanda al lui Dr Mohamed Fadzly Bin Mohamed: informații profesionale, limbi vorbite, experiență clinică și servicii online asociate acestui profesionist.",167,,1900,True,,,,,53,209,,,,,
https://www.myglobalhealth.online/ireland/ro/doctors/dr-mohammed-omar,200,ok,Dr Mohammed Omar | Cardiolog consultant | Irlanda,49,"Profilul din Irlanda al lui Dr Mohammed Omar: informații profesionale, limbi vorbite, experiență clinică și servicii online asociate acestui profesionist.",154,,1049,True,,,2,,42,243,,,,,
https://www.myglobalhealth.online/ireland/ro/doctors/dr-muhammad-mataro,200,ok,Dr Muhammad Mataro | Medic de familie | Irlanda,47,"Profilul din Irlanda al lui Dr Muhammad Mataro: informații profesionale, limbi vorbite, experiență clinică și servicii online asociate acestui profesionist.",156,,1940,True,,,,,55,200,,,,,
https://www.myglobalhealth.online/ireland/ro/doctors/dr-muhammad-tahir-arain,200,ok,Dr Muhammad Tahir Arain | Medic de familie | Irlanda,52,"Profilul din Irlanda al lui Dr Muhammad Tahir Arain: informații profesionale, limbi vorbite, experiență clinică și servicii online asociate acestui profesionist.",161,,1934,True,,,2,,52,299,,,,,
https://www.myglobalhealth.online/ireland/ro/doctors/dr-muhammad-usman-yoosuf,200,ok,Dr Muhammad Usman Yoosuf | Medic de familie | Irlanda,53,"Profilul din Irlanda al lui Dr Muhammad Usman Yoosuf: informații profesionale, limbi vorbite, experiență clinică și servicii online asociate acestui profesionist.",162,,1857,True,,,,,53,213,,,,,
https://www.myglobalhealth.online/ireland/ro/doctors/dr-raafat-ibrahim,200,ok,Dr Raafat Ibrahim | Pediatru consultant | Irlanda,49,"Profilul din Irlanda al lui Dr Raafat Ibrahim: informații profesionale, limbi vorbite, experiență clinică și servicii online asociate acestui profesionist.",155,,1337,True,,,2,,42,226,,,,,
https://www.myglobalhealth.online/ireland/ro/doctors/dr-raza-khan,200,ok,Dr Raza Khan | Medic de familie | Irlanda · Global Health,57,"Profilul din Irlanda al lui Dr Raza Khan: informații profesionale, limbi vorbite, experiență clinică și servicii online asociate acestui profesionist.",150,,1932,True,,,2,,53,252,,,,,
https://www.myglobalhealth.online/ireland/ro/doctors/dr-saadia-irfan,200,ok,Dr Saadia Irfan | Consultant pediatric | Irlanda,48,"Profilul din Irlanda al lui Dr Saadia Irfan: informații profesionale, limbi vorbite, experiență clinică și servicii online asociate acestui profesionist.",153,,1365,True,,,2,,46,413,,,,,
https://www.myglobalhealth.online/ireland/ro/doctors/dr-tiago-miguel-figueira,200,ok,Dr Tiago Miguel Figueira | Medic de familie | Irlanda,53,"Profilul din Irlanda al lui Dr Tiago Miguel Figueira: informații profesionale, limbi vorbite, experiență clinică și servicii online asociate acestui profesionist.",162,,2010,True,,,,,55,606,,,,,
https://www.myglobalhealth.online/ireland/ro/doctors/dr-yousif-mohamed,200,ok,Dr Yousif Mohamed | Medic de familie | Irlanda,46,"Profilul din Irlanda al lui Dr Yousif Mohamed: informații profesionale, limbi vorbite, experiență clinică și servicii online asociate acestui profesionist.",155,,1950,True,,,2,,53,273,,,,,
https://www.myglobalhealth.online/ireland/ro/doctors/khoiamul-islam,200,ok,MUDr. Khoiamul Islam | Medic de familie | Irlanda,49,"Profilul din Irlanda al lui MUDr. Khoiamul Islam: informații profesionale, limbi vorbite, experiență clinică și servicii online asociate acestui profesionist.",158,,1213,True,,,2,,43,200,,,,,
https://www.myglobalhealth.online/ireland/ro/doctors/maristela-ferro-nepomuceno,200,ok,Maristela Ferro Nepomuceno | Psiholog | Irlanda,47,"Profilul din Irlanda al lui Maristela Ferro Nepomuceno: informații profesionale, limbi vorbite, experiență clinică și servicii online asociate acestui profesionist.",164,,1009,True,,,2,,42,197,,,,,
https://www.myglobalhealth.online/ireland/ro/doctors/priscila-figueiredo,200,ok,Priscila Figueiredo | Consultant în recuperare și wellness | Irlanda,68,"Profilul din Irlanda al lui Priscila Figueiredo: informații profesionale, limbi vorbite, experiență clinică și servicii online asociate acestui profesionist.",157,,1043,True,,,2,,42,258,,,,,
https://www.myglobalhealth.online/ireland/ro/doctors/roney-carli,200,ok,Roney Carli | Chiropractician și terapeut manual | Irlanda,58,"Profilul din Irlanda al lui Roney Carli: informații profesionale, limbi vorbite, experiență clinică și servicii online asociate acestui profesionist.",149,,869,True,,,2,,41,293,,,,,
https://www.myglobalhealth.online/ireland/ro/doctors/silvia-alexandre-fernandes,200,ok,Silvia Alexandre Fernandes | Terapeut nutrițional | Irlanda,59,"Profilul din Irlanda al lui Silvia Alexandre Fernandes: informații profesionale, limbi vorbite, experiență clinică și servicii online asociate acestui profesionist.",164,,1069,True,,,2,,42,181,,,,,
https://www.myglobalhealth.online/ireland/ro/faq,200,ok,Întrebări frecvente — Irlanda · Global Health,45,"Irlanda — Rezervări, plăți, consultații, confidențialitate și când îngrijirea online nu este soluția potrivită. Nu găsiți ce căutați? Scrieți-ne.",145,,574,False,,,,,41,155,,,,,
https://www.myglobalhealth.online/ireland/ro/gp-consultation-online,200,ok,Medic de familie online în Irlanda | Consultații video sigure,61,Programați o consultație online cu un medic de familie în Irlanda. Consultații video sigure cu medici înregistrați la Irish Medical Council.,140,,2096,True,,,,,64,190,,,,,
https://www.myglobalhealth.online/ireland/ro/health/arabic-speaking-doctor,200,ok,Medic vorbitor de arabă în Irlanda | Consultație online,55,"Consultați online un medic vorbitor de arabă, înregistrat în Irlanda. Consultații în arabă pentru comunitatea vorbitoare de arabă din Irlanda.",142,,486,True,,,,,58,177,,,,,
https://www.myglobalhealth.online/ireland/ro/health/diabetes,200,ok,Îngrijirea diabetului în Irlanda | Medic online,47,"Gestionarea continuă a diabetului cu un medic înregistrat în Irlanda, online — evaluarea glicemiei, sprijin pentru stilul de viață și îngrijire coordonată.",155,,336,True,,,,,48,170,,,,,
https://www.myglobalhealth.online/ireland/ro/health/expat-healthcare,200,ok,Asistență medicală pentru expatriați în Irlanda | Medic online,62,"Asistență medicală online pentru expați și rezidenți internaționali în Irlanda — nu este necesară înregistrarea la medicul de familie local. Îngrijire în mai multe limbi, în aceeași zi.",185,,502,True,,,,,56,168,,,,,
https://www.myglobalhealth.online/ireland/ro/health/hypertension,200,ok,Îngrijirea hipertensiunii în Irlanda | Medic online,51,"Gestionați tensiunea arterială crescută cu un medic înregistrat în Irlanda, online. Consultații, îndrumări privind stilul de viață și îngrijire continuă prin apel video securizat.",179,,363,True,,,,,48,172,,,,,
https://www.myglobalhealth.online/ireland/ro/health/online-prescription-ireland,200,ok,Revizuire online a rețetei în Irlanda | Consultație la medicul de familie,73,"Medici înregistrați pentru a profesa în Irlanda, care analizează cererile de rețete repetate pentru pacienți existenți, prin apel video securizat.",146,,352,True,,,,,47,168,,,,,
https://www.myglobalhealth.online/ireland/ro/health/respiratory-infections,200,ok,Medic pentru infecții respiratorii în Irlanda | În aceeași zi,61,"Infecții toracice, tuse persistentă și simptome respiratorii evaluate de un medic înregistrat în Irlanda — consultații video în aceeași zi.",139,,355,True,,,,,51,174,,,,,
https://www.myglobalhealth.online/ireland/ro/legal,200,ok,Informații legale · Irlanda · Global Health,43,"Documente legale, înregistrarea companiei și detalii de reglementare pentru Global Health în Irlanda.",101,,416,True,,,,,46,158,,,,,
https://www.myglobalhealth.online/ireland/ro/legal/medical-disclaimer,200,ok,Medical Disclaimer · Irlanda · Global Health,44,"Medical Disclaimer. Documente legale, înregistrarea companiei și detalii de reglementare pentru Global Health în Irlanda.",121,,391,False,,,,,41,170,,,,,
https://www.myglobalhealth.online/ireland/ro/press,200,ok,Presă și media — Global Health Irlanda,38,"Informații de presă despre Global Health în Irlanda: cine operează serviciul, cum este reglementat, piețele pe care le deservim și cum ne puteți contacta departamentul de presă.",177,,469,True,,,,,43,155,,,,,
https://www.myglobalhealth.online/ireland/ro/pricing,200,ok,Planuri Medic Online Irlanda | Abonament Lunar,46,"Comparați planurile lunare de medic online din Irlanda, cu credite pentru consultații, reduceri selectate la specialiști și beneficii de wellness.",146,,511,True,,,,,44,193,,,,,
https://www.myglobalhealth.online/ireland/ro/repeat-prescription-request,200,ok,Cunoaște prescriptorii noștri autorizați. · Ireland,51,Medici înregistrați pentru a profesa în Ireland care evaluează cererile de rețete repetate pentru pacienții existenți.,118,,279,True,,,,,41,181,,,,,
https://www.myglobalhealth.online/ireland/ro/see-a-specialist,200,ok,Consultații online de specialitate în Irlanda | Rezervare după specialitate,75,"Rezervați o consultație online de specialitate în Irlanda. Comparați specialitățile disponibile în prezent, verificați detaliile clinicianului și alegeți un interval orar.",171,,1715,True,,,,,55,186,,,,,
https://www.myglobalhealth.online/ireland/ro/services/acute-medical-consultation,200,ok,Consultație medicală online în aceeași zi în Irlanda | Medic online,67,"Programați o consultație medicală online în aceeași zi în Irlanda pentru simptome neurgente adecvate, evaluare clinică și recomandări privind pașii următori.",157,,1155,True,,,,,54,190,,,,,
https://www.myglobalhealth.online/ireland/ro/services/chronic-disease-consultation,200,ok,Consultație online pentru boli cronice în Irlanda | Îngrijire continuă,70,"Programați o consultație online pentru boli cronice în Irlanda, cu evaluarea structurată a afecțiunii diagnosticate, siguranța tratamentului și planificarea îngrijirii.",168,,1604,True,,,,,52,186,,,,,
https://www.myglobalhealth.online/ireland/ro/services/hair-loss-consultation,200,ok,Consultație online pentru căderea părului în Irlanda | Evaluare medicală,72,Programați o consultație online cu un medic înregistrat în Irlanda pentru evaluarea căderii sau subțierii părului și recomandări privind pașii următori.,152,,2153,True,,,,,50,181,,,,,
https://www.myglobalhealth.online/ireland/ro/services/mens-health-consultation,200,ok,Consultație online pentru sănătatea bărbaților în Irlanda | Confidențial,72,"Programați o consultație confidențială online pentru sănătatea bărbaților în Irlanda privind probleme sexuale, hormonale, de prostată sau de sănătate generală.",159,,1405,True,,,,,50,172,,,,,
https://www.myglobalhealth.online/ireland/ro/services/mental-health-consultation,200,ok,Consultație online de sănătate mintală în Irlanda | Evaluare medicală,69,"Programați o consultație confidențială online cu un medic înregistrat în Irlanda pentru anxietate, dispoziție scăzută, stres sau dificultăți de somn.",149,,2245,True,,,,,49,171,,,,,
https://www.myglobalhealth.online/ireland/ro/services/musculoskeletal-pain-assessment,200,ok,Evaluare musculo-scheletală online în Irlanda | Dureri și articulații,69,"Programați o evaluare musculo-scheletală online în Irlanda pentru dureri adecvate de spate sau articulații, sciatică ori probleme ale țesuturilor moi și recomandări clinice.",173,,1825,True,,,,,50,178,,,,,
https://www.myglobalhealth.online/ireland/ro/services/paediatric-consultation,200,ok,Consultație pediatrică online în Irlanda | Medic pentru copii,61,"Programați o consultație pediatrică online în Irlanda pentru probleme neurgente adecvate ale bebelușilor, copiilor sau adolescenților și recomandări de trimitere când este necesar.",180,,2103,True,,,,,50,170,,,,,
https://www.myglobalhealth.online/ireland/ro/services/referral-and-investigations,200,ok,Trimitere medicală online în Irlanda | Analize și specialiști,61,"Programați o evaluare medicală online pentru scrisoare de trimitere, analize, RMN, investigații sau specialist, numai atunci când este indicat clinic.",150,,2203,True,,,,,51,173,,,,,
https://www.myglobalhealth.online/ireland/ro/services/second-opinion-consultation,200,ok,A doua opinie medicală online în Irlanda | Evaluare independentă,64,"Programați o a doua opinie medicală online în Irlanda pentru evaluarea independentă a unui diagnostic, plan de tratament, scrisori medicale sau rezultat de analiză.",164,,2529,True,,,,,50,174,,,,,
https://www.myglobalhealth.online/ireland/ro/services/sick-certificate-ireland,200,ok,Certificat medical online în Irlanda | Evaluare în aceeași zi,61,Programați o evaluare medicală online pentru un certificat de concediu medical în Irlanda. Documentul se emite doar când este adecvat clinic și nu este garantat.,161,,1229,True,,,,,54,165,,,,,
https://www.myglobalhealth.online/ireland/ro/services/skin-dermatology-consultation,200,ok,Consultație online pentru probleme ale pielii în Irlanda | Evaluare medicală,76,"Programați o consultație online cu un medic înregistrat în Irlanda pentru erupții, eczemă, acnee sau alte probleme adecvate și recomandări de trimitere.",152,,2327,True,,,,,50,164,,,,,
https://www.myglobalhealth.online/ireland/ro/services/travel-health-consultation,200,ok,Consultație de sănătate pentru călătorii în Irlanda | Medic online,66,"Programați o consultație online de sănătate pentru călătorii în Irlanda pentru riscurile destinației, recomandări despre vaccinuri, malarie și planificare înaintea călătoriei.",175,,2310,True,,,,,47,161,,,,,
https://www.myglobalhealth.online/ireland/ro/services/treatment-review,200,ok,Evaluare pentru reînnoirea rețetei în Irlanda | Medic online,60,Programați o evaluare medicală online a unui tratament existent sau a unei cereri de reînnoire a rețetei. Continuarea nu este automată și depinde de evaluarea clinică.,167,,1253,True,,,,,51,169,,,,,
https://www.myglobalhealth.online/ireland/ro/services/weight-management-consultation,200,ok,Managementul greutății online în Irlanda | Consultație medicală,63,"Programați o consultație medicală online pentru managementul greutății în Irlanda, cu evaluare clinică, recomandări personalizate și opțiuni adecvate de monitorizare.",166,,1926,True,,,,,50,173,,,,,
https://www.myglobalhealth.online/ireland/ro/services/womens-health-consultation,200,ok,Consultație online pentru sănătatea femeilor în Irlanda | Confidențial,70,"Programați o consultație confidențială online pentru sănătatea femeilor în Irlanda privind menopauza, SOP, contracepția și probleme hormonale sau reproductive.",159,,1764,True,,,,,50,166,,,,,
https://www.myglobalhealth.online/ireland/ro/tools/adhd-test,200,ok,Test ADHD Irlanda | Screening Gratuit pentru Adulți,51,"Completează testul de screening ADHD pentru adulți, cu șase întrebări (ASRS v1.1, partea A), și vezi ce înseamnă răspunsurile tale. Un screening nu este un diagnostic — acesta poate fi pus doar de un medic psihiatru sau de un psiholog clinician.",245,,1660,True,,,,,42,170,,,,,
https://www.myglobalhealth.online/ireland/ro/tools/blood-pressure-chart,200,ok,Tensiune Arterială Normală Irlanda | Tabel de Valori,52,"Compară tensiunea sistolică și diastolică cu tabelul european pentru adulți. Vezi categoria, ce înseamnă și ce valori au nevoie de îngrijire medicală în aceeași zi.",164,,1565,True,,,,,43,167,,,,,
https://www.myglobalhealth.online/ireland/ro/tools/bmi-calculator,200,ok,Calculator IMC Irlanda | Calculează-ți IMC · Global Health,58,"Calculează-ți indicele de masă corporală în câteva secunde. Sistem metric sau imperial, categoriile OMS pentru adulți și ce înseamnă cu adevărat rezultatul tău.",160,,1400,True,,,,,43,167,,,,,
https://www.myglobalhealth.online/ireland/ro/tools/calorie-calculator,200,ok,Calculator Calorii Irlanda | Necesarul Zilnic de Calorii,56,"Calculează de câte calorii ai nevoie pe zi ca să îți menții, să scazi sau să crești greutatea. Ecuația Mifflin-St Jeor, cinci niveluri de activitate și ce înseamnă de fapt cifrele.",180,,1571,True,,,,,43,162,,,,,
https://www.myglobalhealth.online/ireland/ro/tools/due-date-calculator,200,ok,Calculator de Sarcină Irlanda | Data Nașterii și Săptămâni,58,"Află data probabilă a nașterii și în ce săptămână de sarcină ești, pornind de la prima zi a ultimei menstruații. Se ajustează după durata ciclului tău, cu toate cele 40 de săptămâni detaliate.",192,,1433,True,,,,,42,163,,,,,
https://www.myglobalhealth.online/ireland/ro/tools/osteoporosis-risk-checker,200,ok,Verificare Risc de Osteoporoză Irlanda | Ai Nevoie de o Densitometrie Osoasă?,77,Verifică factorii de risc publicați pentru osteoporoză și fractura de fragilitate și vezi dacă ghidurile clinice recomandă să fii evaluat(ă). Nu este FRAX și nu este un diagnostic — o listă de identificare a riscului pe care o poți duce la medic.,246,,1924,True,,,,,42,174,,,,,
https://www.myglobalhealth.online/ireland/ro/tools/ovulation-calculator,200,ok,Calculator Ovulație Irlanda | Zile Fertile și Ziua Ovulației,60,"Află zilele fertile și ziua estimată a ovulației pornind de la prima zi a ultimei menstruații. Se ajustează după durata ciclului tău, cu cele șase zile cele mai fertile detaliate.",179,,1578,True,,,,,42,182,,,,,
https://www.myglobalhealth.online/ireland/ro/tools/sore-throat-checker,200,ok,Amigdalită sau Virus? Verificare Durere în Gât Irlanda,54,"Răspunde la cinci întrebări despre durerea ta în gât și vezi cât de probabilă este o cauză bacteriană, folosind scorul McIsaac pe care îl folosesc medicii. Include semnele de alarmă care necesită îngrijire urgentă. Nu este un diagnostic și nu este un test pentru streptococ.",274,,1979,True,,,,,41,166,,,,,
https://www.myglobalhealth.online/login,200,ok,Sign in · Global Health,23,Sign in to Global Health.,25,,51,False,,,,,4,145,,,,,
https://www.myglobalhealth.online/portugal/cs,200,ok,Online lékař Portugalsko | Registrovaní lékaři a specialisté,60,"Promluvte si ještě dnes s registrovaným lékařem přes videohovor — konzultace s praktickým lékařem, potvrzení, odeslání ke specialistovi. Termíny tentýž den, Portugalsko.",169,,1898,True,,,1,,78,176,,,,,
https://www.myglobalhealth.online/portugal/de,200,ok,Online-Arzt Portugal | Registrierte Hausärzte & Fachärzte,57,"Sprechen Sie noch heute per Videoanruf mit einem registrierten Arzt — Hausarzttermine, Atteste, Facharztüberweisungen. Termine am selben Tag, Portugal.",151,,2167,True,,,1,,78,176,,,,,
https://www.myglobalhealth.online/portugal/en,200,ok,Online Doctor Portugal | Registered GPs & Specialists,53,"See a registered doctor online today — GP consultations, medical certificates, specialist referrals. Same-day video appointments in Portugal.",141,,2273,True,,,1,,78,183,,,,,
https://www.myglobalhealth.online/portugal/es,200,ok,Médico Online Portugal | Médicos y Especialistas Colegiados,59,"Consulte hoy con un médico colegiado por videollamada — consultas de medicina general, certificados médicos, derivaciones a especialistas. Citas el mismo día en Portugal.",170,,2512,True,,,1,,78,185,,,,,
https://www.myglobalhealth.online/portugal/pt,200,ok,Global Health Portugal | Cuidados médicos online,48,"Conheça os cuidados médicos online da Global Health em Portugal. Consulte os serviços disponíveis, os médicos e os passos para marcar uma consulta.",147,,2511,True,,,1,,78,181,,,,,
https://www.myglobalhealth.online/portugal/pt/about,200,ok,Sobre a Global Health Portugal | Médicos online,47,"Global Health Portugal: consultas online por videochamada com médicos inscritos na Ordem dos Médicos, em Português / Inglês. O que oferecemos e quem somos.",155,,699,True,,,2,,40,157,,,,,
https://www.myglobalhealth.online/portugal/pt/blog,200,ok,Guias de saúde de médicos registados em Portugal,48,"Guias de saúde baseados em evidências para Portugal, escritos e revistos pela nossa equipa médica. Sem anúncios.",112,,659,True,,,2,,49,166,,,,,
https://www.myglobalhealth.online/portugal/pt/book,200,ok,Marque a sua consulta — Portugal · Global Health,48,"Clínica médica em Portugal. Escolha um serviço, clínico, hora e dados do doente.",80,,928,True,,,2,,62,161,,,,,
https://www.myglobalhealth.online/portugal/pt/careers,200,ok,Carreiras na Global Health Portugal,35,"Junte-se à Global Health em Portugal. Trabalhamos com médicos registados, equipas de apoio clínico e de tecnologia em toda a Europa e no Brasil. Veja como candidatar-se.",169,,441,True,,,2,,54,160,,,,,
https://www.myglobalhealth.online/portugal/pt/contact,200,ok,Contactos | Médico Online Sintra | Global Health,48,"Contacte a Global Health: +351 919 990 810, info@myglobalhealth.online. Consultas online com médicos inscritos na Ordem dos Médicos. Sede em Sintra.",148,,598,True,,,2,,40,149,,,,,
https://www.myglobalhealth.online/portugal/pt/doctors,200,ok,Médicos Online em Portugal | Global Health,42,Conheça médicos e especialistas disponíveis para consulta online em Portugal e consulte as credenciais apresentadas em cada perfil.,131,,1499,True,,,2,,55,168,,,,,
https://www.myglobalhealth.online/portugal/pt/doctors/beatriz-carvalho,200,ok,Beatriz Sousa — Psicóloga Clínica | OPP 31618,45,Agende uma sessão com Beatriz Sousa — Psicóloga Clínica registada na OPP (nº 31618). TCC · Intervenção em crise · Neuropsicologia · Reprodução medicamente assistida · Português e inglês. Consulta no mesmo dia.,209,,1294,True,,,2,,41,207,,,,,
https://www.myglobalhealth.online/portugal/pt/doctors/dra-ana-varges-gomes,200,ok,Dra. Ana Varges Gomes — Oncologista Clínica | OM 44172,54,Agende uma videoconsulta com Dra. Ana Varges Gomes — oncologista clínica registada na OM (nº 44172). Cancro da cabeça e pescoço e pulmão.,137,,1679,True,,,2,,41,197,,,,,
https://www.myglobalhealth.online/portugal/pt/doctors/dra-nadia-cavaco,200,ok,Dra. Nádia Cavaco — Médica de Clínica Geral | OM 73521,54,Agende uma videoconsulta com Dra. Nádia Cavaco — médica de clínica geral registada na OM (nº 73521). Atenção primária · Telemedicina.,133,,1803,True,,,2,,52,219,,,,,
https://www.myglobalhealth.online/portugal/pt/doctors/dr-ana-leal-neto,200,ok,Dra. Ana Leal Neto — Cardiologista | OM 60410,45,"Agende uma videoconsulta com Dra. Ana Leal Neto — cardiologista registada na OM (nº 60410). Insuficiência cardíaca · Português, inglês e francês.",145,,1853,True,,,2,,47,204,,,,,
https://www.myglobalhealth.online/portugal/pt/doctors/dr-egas-moura,200,ok,Dr. Egas Moura — Pediatra | OM 34823 · Global Health,52,Agende uma videoconsulta com Dr. Egas Moura — pediatra registado na OM (nº 34823). 20+ anos experiência · Neonatologia · Português e inglês.,140,,1554,True,,,2,,41,216,,,,,
https://www.myglobalhealth.online/portugal/pt/doctors/dr-joana-branco-maia,200,ok,Dra. Joana Branco Maia — Médica e Psicóloga Clínica | OM 64572 · OPP 12055,74,Agende uma videoconsulta com Dra. Joana Branco Maia — médica (OM 64572) e psicóloga clínica (OPP 12055). Saúde mental integrada.,128,,2315,True,,,2,,57,202,,,,,
https://www.myglobalhealth.online/portugal/pt/doctors/dr-joao-de-oliveira-e-silva,200,ok,Dr. João de Oliveira e Silva — Medicina Geral e Familiar | OM 68445,67,Agende uma videoconsulta com Dr. João de Oliveira e Silva — médico registado na OM (nº 68445). Medicina Geral e Familiar · Português e inglês.,142,,2038,True,,,2,,54,204,,,,,
https://www.myglobalhealth.online/portugal/pt/doctors/dr-lucas-alvarenga-berto,200,ok,Dr. Lucas Alvarenga Berto — Médico de Clínica Geral | OM 79932,62,Agende uma videoconsulta com Dr. Lucas Alvarenga Berto — médico registado na OM (nº 79932). Medicina de emergência · Português e inglês.,136,,2051,True,,,2,,53,201,,,,,
https://www.myglobalhealth.online/portugal/pt/doctors/dr-margarida-andrade,200,ok,Dra. Margarida Andrade — Medicina Geral e Familiar | OM 78297,61,"Agende uma videoconsulta com Dra. Margarida Andrade — médica registada na OM (nº 78297). Urgência, Pediatria e MGF · Português, inglês e espanhol.",146,,1924,True,,,2,,53,194,,,,,
https://www.myglobalhealth.online/portugal/pt/doctors/dr-martim-delgado,200,ok,Dr. Martim Delgado — Medicina Geral e Familiar | OM 70349,57,"Dr. Martim Delgado, OM 70349: Universidade de Masaryk, Hospital de Santa Maria, MGF e telemedicina. Português, inglês, espanhol e checo.",136,,2128,True,,,2,,53,208,,,,,
https://www.myglobalhealth.online/portugal/pt/doctors/dr-pedro-santos,200,ok,Dr. Pedro Santos — Oncologista Médico | OM 33133,48,Agende uma videoconsulta com Dr. Pedro Santos — oncologista médico registado na OM (nº 33133). 30+ anos experiência · Português e inglês.,137,,1623,True,,,2,,41,178,,,,,
https://www.myglobalhealth.online/portugal/pt/doctors/dr-ruben-pereira,200,ok,Dr. Rúben Pereira — Clínica Geral e Psiquiatria | OM 77228,58,Agende uma videoconsulta com Dr. Rúben Pereira — médico registado na OM (nº 77228). Interno de Psiquiatria · Português e inglês.,128,,2175,True,,,2,,53,209,,,,,
https://www.myglobalhealth.online/portugal/pt/doctors/dr-telmo-coelho,200,ok,Dr. Telmo Coelho — Psiquiatra | OM 48028 · Global Health,56,"Dr. Telmo Coelho, psiquiatra OM 48028: CH São João; Hospital das Forças Armadas; Psiquiatria Forense e Psicotraumatologia. Português e inglês.",142,,1608,True,,,2,,42,200,,,,,
https://www.myglobalhealth.online/portugal/pt/doctors/dr-tiago-miguel-figueira,200,ok,Dr. Tiago Figueira — Médico de Clínica Geral | OM 77986 · Portugal,66,"Dr. Tiago Figueira, OM 77986: MUDr. pela Universidade de Masaryk, experiência em Cirurgia Geral na Irlanda e Diretor Clínico da Global Health.",142,,2092,True,,,2,,57,200,,,,,
https://www.myglobalhealth.online/portugal/pt/doctors/dr-vitor-hugo-de-matos-pais,200,ok,Dr. Vítor Pais — Medicina Geral e Familiar | OM 64505,53,"Dr. Vítor Pais, médico de MGF, OM 64505: ULS Cova da Beira, Guarda e Castelo Branco; Medicina Preventiva e Tabagismo. Português e inglês.",137,,2149,True,,,2,,54,217,,,,,
https://www.myglobalhealth.online/portugal/pt/faq,200,ok,Perguntas frequentes sobre consultas online | Portugal,54,"Respostas sobre marcações, pagamentos, videochamadas, privacidade e situações em que uma consulta online pode não ser adequada.",127,,478,True,,,2,,40,159,,,,,
https://www.myglobalhealth.online/portugal/pt/gp-consultation-online,200,ok,Clínico Geral Online em Portugal | Global Health,48,Consulte um médico online em Portugal por videochamada. Veja os serviços de clínica geral e escolha um horário disponível no calendário do médico.,146,,1716,True,,,2,,65,176,,,,,
https://www.myglobalhealth.online/portugal/pt/legal,200,ok,Informação legal · Portugal · Global Health,43,"Documentos legais, registo da empresa e detalhes regulamentares para Global Health em Portugal.",95,,443,True,,,2,,45,165,,,,,
https://www.myglobalhealth.online/portugal/pt/legal/medical-disclaimer,200,ok,Disclaimer Médico · Portugal · Global Health,44,"Disclaimer Médico. Documentos legais, registo da empresa e detalhes regulamentares para Global Health em Portugal.",114,,3162,True,,,2,,40,177,,,,,
https://www.myglobalhealth.online/portugal/pt/press,200,ok,Imprensa e Media — Global Health Portugal,41,"Informação para a imprensa sobre a Global Health em Portugal: quem opera o serviço, como é regulado, os mercados que servimos e como contactar a nossa área de imprensa.",168,,430,True,,,2,,41,160,,,,,
https://www.myglobalhealth.online/portugal/pt/pricing,200,ok,Escolha o seu plano mensal · Portugal · Global Health,53,"Cuidados mensais de medicina geral online com créditos de consulta e poupança em especialistas, com preços para Portugal.",121,,622,True,,,2,,43,158,,,,,
https://www.myglobalhealth.online/portugal/pt/see-a-specialist,200,ok,Consultas de Especialidade Online em Portugal,45,Consulte as especialidades médicas disponíveis online em Portugal e escolha um horário no calendário do profissional.,117,,1332,True,,,2,,52,182,,,,,
https://www.myglobalhealth.online/portugal/pt/tools/adhd-test,200,ok,Teste de PHDA Portugal | Rastreio gratuito para adultos,55,"Faça o rastreio de PHDA no adulto com seis perguntas (ASRS v1.1, parte A). Um rastreio não é um diagnóstico — cabe a um psiquiatra ou psicólogo clínico.",152,,1925,True,,,2,,41,167,,,,,
https://www.myglobalhealth.online/portugal/pt/tools/blood-pressure-chart,200,ok,Tabela de Tensão Arterial: Valores | Portugal,45,Compare a tensão sistólica e diastólica com a tabela europeia para adultos. Veja a categoria e as leituras que exigem cuidados médicos no próprio dia.,150,,1735,True,,,2,,42,170,,,,,
https://www.myglobalhealth.online/portugal/pt/tools/bmi-calculator,200,ok,Calculadora de IMC Portugal | Calcular IMC online,49,"Calcule o seu índice de massa corporal em segundos. Sistema métrico ou imperial, categorias da OMS para adultos e o que o resultado significa na prática.",153,,1554,True,,,2,,41,173,,,,,
https://www.myglobalhealth.online/portugal/pt/tools/calorie-calculator,200,ok,Calculadora de calorias Portugal | Calorias diárias,51,"Calcule quantas calorias precisa por dia para manter, perder ou ganhar peso. Equação de Mifflin-St Jeor e cinco níveis de atividade. Valor orientativo.",151,,1721,True,,,2,,41,172,,,,,
https://www.myglobalhealth.online/portugal/pt/tools/due-date-calculator,200,ok,Calculadora de gravidez Portugal | Semanas e data do parto,58,Calcule a data provável do parto e de quantas semanas está a partir do primeiro dia da última menstruação. Ajusta-se à duração do seu ciclo.,140,,1635,True,,,2,,41,169,,,,,
https://www.myglobalhealth.online/portugal/pt/tools/osteoporosis-risk-checker,200,ok,Risco de osteoporose Portugal | Verificação orientativa,55,Verifique os fatores de risco de osteoporose e fratura de fragilidade e veja quando é indicada avaliação clínica. Não é o FRAX nem um diagnóstico.,146,,2057,True,,,2,,41,177,,,,,
https://www.myglobalhealth.online/portugal/pt/tools/ovulation-calculator,200,ok,Período fértil Portugal | Calculadora de ovulação,49,Calcule os seus dias férteis e o dia previsto de ovulação a partir do primeiro dia da última menstruação. Ajusta-se à duração do seu ciclo.,139,,1807,True,,,2,,41,173,,,,,
https://www.myglobalhealth.online/portugal/pt/tools/sore-throat-checker,200,ok,Amigdalite ou Vírus? Avaliação da Dor de Garganta Portugal,58,"Responda a cinco perguntas sobre a sua dor de garganta e veja qual a probabilidade de uma causa bacteriana, com a escala de McIsaac que os clínicos utilizam. Inclui os sinais de alarme que exigem cuidados urgentes. Não é um diagnóstico nem um teste de estreptococos.",266,,2182,True,,,2,,40,202,,,,,
https://www.myglobalhealth.online/portugal/ro,200,ok,Medic Online Portugalia | Medici și Specialiști Înregistrați,60,"Vorbiți azi cu un medic înregistrat prin apel video — consultații de medicină de familie, adeverințe medicale, trimiteri către specialiști. Programări în aceeași zi, Portugalia.",177,,2099,True,,,1,,78,171,,,,,
https://www.myglobalhealth.online/privacy,200,ok,Privacy notice · Global Health,30,Global Health provides online medical consultations across several European countries. The legal entity acting as data controller depends on the country you book in — see our country pages for local details.,207,,540,True,,,,,33,146,,,,,
https://www.myglobalhealth.online/register,200,ok,Register · Global Health,24,Create a patient account for Global Health.,43,,90,False,,,,,5,180,,,,,
https://www.myglobalhealth.online/romania/cs,200,ok,Online lékař Rumunsko | Registrovaní lékaři a specialisté,57,Online lékařské konzultace v Rumunsku v rumunštině nebo angličtině. Vyberte si lékaře a při rezervaci ověřte dostupné termíny.,126,,1558,True,,,1,,61,188,,,,,
https://www.myglobalhealth.online/romania/de,200,ok,Online-Arzt Rumänien | Registrierte Hausärzte & Fachärzte,57,Online-Sprechstunden in Rumänien auf Rumänisch oder Englisch. Wählen Sie einen Arzt und prüfen Sie bei der Buchung die verfügbaren Termine.,139,,1595,True,,,1,,61,173,,,,,
https://www.myglobalhealth.online/romania/en,200,ok,Online Doctor Romania | Registered GPs & Specialists,52,"Online medical consultations in Romania, in Romanian or English. Choose your doctor and check available appointment times when booking.",135,,1617,True,,,1,,61,183,,,,,
https://www.myglobalhealth.online/romania/es,200,ok,Médico Online Rumanía | Médicos y Especialistas Colegiados,58,"Consultas médicas online en Rumanía, en rumano o inglés. Elija un médico y compruebe los horarios disponibles al reservar.",122,,1802,True,,,1,,61,184,,,,,
https://www.myglobalhealth.online/romania/pt,200,ok,Médico Online Roménia | Clínicos e Especialistas Registados,59,"Consultas médicas online na Roménia, em romeno ou inglês. Escolha o médico e confirme os horários disponíveis ao marcar.",120,,1795,True,,,1,,61,176,,,,,
https://www.myglobalhealth.online/romania/ro,200,ok,Medic Online România | Medici și Specialiști Înregistrați,57,"Consultații medicale online în România, în română sau engleză. Alegeți medicul și verificați orele disponibile la programare.",125,,1902,True,,,1,,61,167,,,,,
https://www.myglobalhealth.online/romania/ro/about,200,ok,Despre Global Health România | Medici online · Global Health,60,"Global Health România: consultații online prin apel video cu medici înregistrați la Colegiul Medicilor din România, în română / engleză. Ce oferim și cine suntem.",162,,609,True,,,2,,41,168,,,,,
https://www.myglobalhealth.online/romania/ro/blog,200,ok,Ghiduri de sănătate de la medici înregistrați în România,56,"Ghiduri de sănătate bazate pe dovezi pentru România, scrise și revizuite de echipa noastră medicală.",100,,486,True,,,2,,48,211,,,,,
https://www.myglobalhealth.online/romania/ro/book,200,ok,Programează-ți consultația — România · Global Health,52,"Clinică medicală din România. Alege un serviciu, un clinician, o oră și detaliile pacientului.",94,,806,True,,,2,,58,164,,,,,
https://www.myglobalhealth.online/romania/ro/careers,200,ok,Cariere la Global Health România,32,"Alăturați-vă Global Health în România. Lucrăm cu medici înregistrați, echipe de suport clinic și echipe tehnologice în toată Europa și în Brazilia. Vedeți cum vă puteți depune candidatura.",188,,258,True,,,2,,41,269,,,,,
https://www.myglobalhealth.online/romania/ro/contact,200,ok,Contact | Medic Online România | Global Health,46,Contactați Global Health România: info@myglobalhealth.online. Consultații online prin apel video cu medici înregistrați. Asistență în română și engleză.,152,,396,True,,,2,,41,159,,,,,
https://www.myglobalhealth.online/romania/ro/doctors,200,ok,Medici înregistrați CMR | Consultații online în România,55,"Răsfoiți 3 medici și specialiști înregistrați la CMR disponibili online în România. Vizualizați profiluri, specializări și limbi. Rezervați în aceeași zi.",154,,1140,True,,,2,,44,199,,,,,
https://www.myglobalhealth.online/romania/ro/doctors/dr-alexandra-palaga,200,ok,Dr. Alexandra Palaga: Pediatru Specialist | CMR 159625,54,"Rezervați o consultație video cu Dr. Alexandra Palaga, pediatru specialist înregistrat la CMR (nr. 159625). UMF Carol Davila · Urgențe pediatrice · Gastroenterologie și nutriție · Boală celiacă · ESPGHAN. Programare în aceeași zi.",230,,1287,True,,,2,,42,199,,,,,
https://www.myglobalhealth.online/romania/ro/doctors/dr-andreea-lorena-bica,200,ok,Dr. Andreea-Lorena Bica: Neurolog | CMR 147502,46,"Rezervați o consultație video cu Dr. Andreea-Lorena Bica, neurolog specialist înregistrat la CMR (nr. 147502). UMF Craiova · Spitalul Elias București · AVC, epilepsie, boli neurodegenerative. Programare în aceeași zi.",217,,1152,True,,,2,,42,289,,,,,
https://www.myglobalhealth.online/romania/ro/doctors/dr-robert-gabriel-brindus,200,ok,Dr. Robert Brînduș: Medic de Familie | CMR 152462,49,"Rezervați o consultație video cu Dr. Robert Brînduș, medic de familie înregistrat la CMR (nr. 152462). Formare specializată ATI · Spitalul Floreasca București · Tallaght University Hospital · EDAIC. Programare în aceeași zi.",224,,1917,True,,,2,,56,231,,,,,
https://www.myglobalhealth.online/romania/ro/faq,200,ok,Întrebări frecvente — România · Global Health,45,"România — Rezervări, plăți, consultații, confidențialitate și când îngrijirea online nu este soluția potrivită. Nu găsiți ce căutați? Scrieți-ne.",145,,519,True,,,2,,41,189,,,,,
https://www.myglobalhealth.online/romania/ro/gp-consultation-online,200,ok,Consultație Medicală Online în România | Global Health,54,Consultații medicale online cu medici înregistrați la Colegiul Medicilor din România.,85,,1472,True,,,2,,56,275,,,,,
https://www.myglobalhealth.online/romania/ro/lab-tests,200,ok,Teste de sănătate cu informații specifice · Romania,51,"Această pagină listează testele disponibile în prezent în Romania. Fiecare test are propriul preț, stoc, informații despre probă și termen estimat, când sunt configurate.",170,,617,True,,,2,,44,226,,,,,
https://www.myglobalhealth.online/romania/ro/legal,200,ok,Informații legale · România · Global Health,43,"Documente legale, înregistrarea companiei și detalii de reglementare pentru Global Health în România.",101,,311,True,,,2,,46,162,,,,,
https://www.myglobalhealth.online/romania/ro/legal/medical-disclaimer,200,ok,Declinarea responsabilității medicale · România,47,"Declinarea responsabilității medicale. Documente legale, înregistrarea companiei și detalii de reglementare pentru Global Health în România.",140,,2306,True,,,2,,41,268,,,,,
https://www.myglobalhealth.online/romania/ro/press,200,ok,Presă și media | Global Health România,38,"Informații de presă despre Global Health în România: cine operează serviciul, cum este reglementat, piețele pe care le deservim și cum ne puteți contacta departamentul de presă.",177,,366,True,,,2,,42,314,,,,,
https://www.myglobalhealth.online/romania/ro/pricing,200,ok,Alegeți planul dumneavoastră lunar · România · Global Health,60,"Îngrijire lunară online de la medicul de familie, cu credite de consultații și economii la specialiști, la prețuri pentru România.",130,,523,True,,,2,,44,163,,,,,
https://www.myglobalhealth.online/romania/ro/see-a-specialist,200,ok,Îngrijire de specialitate asociată unui serviciu activ · Romania,64,"Global Health listează consultațiile online de specialitate disponibile în prezent în Romania. Disponibilitatea depinde de serviciu, de cadrul medical și de program. Unele probleme necesită o examinare în persoană sau un alt cadru de îngrijire.",244,,1142,True,,,2,,47,179,,,,,
https://www.myglobalhealth.online/romania/ro/services/consultatie-neurologie,200,ok,Consultație de neurologie online | România · Global Health,58,Consultație de neurologie online. Consultații în română și engleză. Verificați medicul și orele disponibile înainte de rezervare.,129,,632,True,,,2,,48,250,,,,,
https://www.myglobalhealth.online/romania/ro/services/evaluare-durere,200,ok,Evaluare specializată a durerii online | România,48,"Evaluare de specialitate pentru durerea cronică sau severă. Specialistul nostru autorizat CMR oferă evaluare clinică orientată pe controlul durerii, opțiuni terapeutice și coordonarea investigațiilor necesare.",209,,507,True,,,2,,47,207,,,,,
https://www.myglobalhealth.online/romania/ro/tools/adhd-test,200,ok,Test ADHD România | Screening Gratuit pentru Adulți,51,"Completează testul de screening ADHD pentru adulți, cu șase întrebări (ASRS v1.1, partea A), și vezi ce înseamnă răspunsurile tale. Un screening nu este un diagnostic. Acesta poate fi pus doar de un medic psihiatru sau de un psiholog clinician.",244,,1722,True,,,2,,42,194,,,,,
https://www.myglobalhealth.online/romania/ro/tools/blood-pressure-chart,200,ok,Tensiune Arterială Normală România | Tabel de Valori,52,"Compară tensiunea sistolică și diastolică cu tabelul european pentru adulți. Vezi categoria, ce înseamnă și ce valori au nevoie de îngrijire medicală în aceeași zi.",164,,1575,True,,,2,,42,250,,,,,
https://www.myglobalhealth.online/romania/ro/tools/bmi-calculator,200,ok,Calculator IMC România | Calculează-ți IMC · Global Health,58,"Calculează-ți indicele de masă corporală în câteva secunde. Sistem metric sau imperial, categoriile OMS pentru adulți și ce înseamnă cu adevărat rezultatul tău.",160,,1402,True,,,2,,42,205,,,,,
https://www.myglobalhealth.online/romania/ro/tools/calorie-calculator,200,ok,Calculator Calorii România | Necesarul Zilnic de Calorii,56,"Calculează de câte calorii ai nevoie pe zi ca să îți menții, să scazi sau să crești greutatea. Ecuația Mifflin-St Jeor, cinci niveluri de activitate și ce înseamnă de fapt cifrele.",180,,1581,True,,,2,,42,265,,,,,
https://www.myglobalhealth.online/romania/ro/tools/due-date-calculator,200,ok,Calculator de Sarcină România | Data Nașterii și Săptămâni,58,"Află data probabilă a nașterii și în ce săptămână de sarcină ești, pornind de la prima zi a ultimei menstruații. Se ajustează după durata ciclului tău, cu toate cele 40 de săptămâni detaliate.",192,,1505,True,,,2,,42,167,,,,,
https://www.myglobalhealth.online/romania/ro/tools/osteoporosis-risk-checker,200,ok,Verificare Risc de Osteoporoză România | Ai Nevoie de o Densitometrie Osoasă?,77,"Verifică factorii de risc publicați pentru osteoporoză și fractura de fragilitate și vezi dacă ghidurile clinice recomandă să fii evaluat(ă). Nu este FRAX și nu este un diagnostic, o listă de identificare a riscului pe care o poți duce la medic.",245,,1985,True,,,2,,42,237,,,,,
https://www.myglobalhealth.online/romania/ro/tools/ovulation-calculator,200,ok,Calculator Ovulație România | Zile Fertile și Ziua Ovulației,60,"Află zilele fertile și ziua estimată a ovulației pornind de la prima zi a ultimei menstruații. Se ajustează după durata ciclului tău, cu cele șase zile cele mai fertile detaliate.",179,,1639,True,,,2,,42,163,,,,,
https://www.myglobalhealth.online/romania/ro/tools/sore-throat-checker,200,ok,Amigdalită sau Virus? Verificare Durere în Gât România,54,"Răspunde la cinci întrebări despre durerea ta în gât și vezi cât de probabilă este o cauză bacteriană, folosind scorul McIsaac pe care îl folosesc medicii. Include semnele de alarmă care necesită îngrijire urgentă. Nu este un diagnostic și nu este un test pentru streptococ.",274,,2052,True,,,2,,41,274,,,,,
https://www.myglobalhealth.online/spain/cs,200,ok,Online lékař Španělsko | Registrovaní lékaři a specialisté,58,"Promluvte si ještě dnes s registrovaným lékařem přes videohovor — konzultace s praktickým lékařem, potvrzení, odeslání ke specialistovi. Termíny tentýž den, Španělsko.",167,,1955,True,,,1,,77,178,,,,,
https://www.myglobalhealth.online/spain/de,200,ok,Online-Arzt Spanien | Registrierte Hausärzte & Fachärzte,56,"Sprechen Sie noch heute per Videoanruf mit einem registrierten Arzt — Hausarzttermine, Atteste, Facharztüberweisungen. Termine am selben Tag, Spanien.",150,,1961,True,,,1,,77,172,,,,,
https://www.myglobalhealth.online/spain/en,200,ok,Online Doctor Spain | Registered GPs & Specialists,50,"See a registered doctor online today — GP consultations, medical certificates, specialist referrals. Same-day video appointments in Spain.",138,,2027,True,,,1,,77,183,,,,,
https://www.myglobalhealth.online/spain/es,200,ok,Médico Online España | Médicos y Especialistas Colegiados,57,"Consulte hoy con un médico colegiado por videollamada — medicina general, certificados médicos, derivaciones a especialistas. Mismo día en España.",146,,2405,True,,,1,,77,185,,,,,
https://www.myglobalhealth.online/spain/pt,200,ok,Médico Online Espanha | Clínicos e Especialistas Registados,59,"Consulte hoje um médico registado por videochamada — consultas de clínica geral, atestados médicos, referenciações para especialistas. Consultas no mesmo dia em Espanha.",169,,2173,True,,,1,,77,182,,,,,
https://www.myglobalhealth.online/spain/ro,200,ok,Medic Online Spania | Medici și Specialiști Înregistrați,56,"Vorbiți azi cu un medic înregistrat prin apel video — consultații de medicină de familie, adeverințe medicale, trimiteri către specialiști. Programări în aceeași zi, Spania.",173,,2125,True,,,1,,77,175,,,,,
https://www.myglobalhealth.online/terms,200,ok,Terms of service · Global Health,32,"These terms apply when you use Global Health to book or attend an online consultation. By booking, you agree to them. They are general terms of use and are not a substitute for the specific consent and clinical information you receive at the time of your consultation.",268,,669,True,,,,,32,154,,,,,
