query,rank,type,domain,url,title,description
lékař online,1,ai_overview,,,,
lékař online,2,organic,www.zpmvcr.cz,https://www.zpmvcr.cz/pojistenci/lekar-na-telefonu,Lékař na telefonu | ZP MV ČR,"Nonstop služba „Lékař na telefonu“ je zdarma, klient případně hradí pouze hovor na pevnou telefonní linku dle tarifu svého operátora. Zpětné volání a hovor s ..."
lékař online,3,organic,www.meddi.com,https://www.meddi.com/cz/o-aplikaci,Lékař pro Vás a Vaše děti do 6 minut kdykoli a kdekoli na ...,"Aplikace s nadstandardní péčí · Tisíce lékařů ve Vaší dlani · eRecepty, potvrzení, žádanky okamžitě a kdekoli na světě · Mějte čas na to podstatné: zdraví a rodinu."
lékař online,4,organic,www.konzultacelekare.cz,https://www.konzultacelekare.cz/,Konzultace s lékařem online | KonzultaceLékaře.cz,Lékařská online poradna pro pacienty. Zvolte nejlepšího lékaře a konzultujte svůj problém přes internet. Konzultace s popředními specialisty.
lékař online,5,organic,euc.cz,https://euc.cz/nase-zarizeni/kliniky/euc-klinika-praha-sustova/muj-praktik-online/,Můj praktik online,"Váš lékař je dostupný online každý pracovní den (zkontrolujte si online ordinační dobu svého lékaře); Zařídíme eRecept, e-žádanku na COVID, žádanku na ..."
lékař online,6,people_also_ask,,,,
lékař online,7,organic,www.medevio.cz,https://www.medevio.cz/,Medevio - software pro lékaře,"Objednejte se k lékaři jednoduše online, komunikujte na dálku a mějte svou zdravotní dokumentaci vždy po ruce. Už žádné čekání. Zjistit více pro pacienty. Jak ..."
lékař online,8,organic,www.canadian.cz,https://www.canadian.cz/cs/clanky-a-novinky/doktor-v-mobilu/,Doktor v mobilu,"15. 12. 2021 — Ke slovu se stále častěji dostává i takzvaná telemedicína. Pacient se za lékařem nevydává osobně, vyšetření probíhá prostřednictvím videohovoru ..."
lékař online,9,organic,www.epediatr.cz,https://www.epediatr.cz/,ePediatr - Váš online dětský lékař,"Online poradna pro rodiče a náctileté. Zeptejte se kdykoliv a odkudkoliv, 24/7. Rady a novinky přímo od dětských lékařů s praxí."
lékař online,10,organic,pr.denik.cz,https://pr.denik.cz/pece-o-zdravi/vysetreni-v-lekari-online-24-7-z-bezpeci-a-pohodli-vaseho-domova/,Vyšetření v Lékaři online 24/7 z bezpečí a pohodlí vašeho ...,"Samotné vyšetření je rychlé a efektivní, trvá většinou deset minut. Můžete se připojit kdykoli a odkudkoli, diskrétně a bezpečně z pohodlí domova. Potřebujete ..."
lékař online,11,organic,www.praktickylekar.online,https://www.praktickylekar.online/,Praktický lékař - Praktickýlékař.online,Praktický lékař.online. Tyto stránky jsou určeny pouze odborným pracovníkům ve zdravotnictví. Informace zde prezentované nejsou určeny pro laickou veřejnost ...
lékař online,12,related_searches,,,,
lékař online,13,organic,www.rbp213.cz,https://www.rbp213.cz/pojistenci/dalsi-vyhody-od-rbp/lekar-na-telefonu/a-73/,Lékař na telefonu | Zdravotní pojišťovna RBP 213,Stačí zavolat na linku: 840 111 245 a jako pojištěnec RBP máte přístup k této službě zcela zdarma v rámci běžných nákladů na telefonní hovor. Díky tomu můžete ...
lékař online,14,organic,www.navstevalekare.cz,https://www.navstevalekare.cz/,Návštěvalékaře.cz | Objednání k lékaři přes internet,Najděte lékaře a objednejte se online. Největší portál na vyhledávání lékařů. doctors. jméno lékaře nebo specializace nebo město.
lékař online,15,organic,www.mojeambulance.cz,https://www.mojeambulance.cz/,MOJE AMBULANCE - Váš praktický lékař | mojeambulance.cz,"MOJE AMBULANCE – největší síť ordinací praktických lékařů pro dospělé v ČR. 12hodinová ordinační doba, online registrace i objednávka, hrazeno ze ZP."
lékař online,16,organic,pro.znamylekar.cz,https://pro.znamylekar.cz/nabidka/hlavni-funkce/online-konzultace,Online konzultace,"Díky konzultaci online již není vzdálenost žádný problém. Snadno konzultujete pacienty z různých měst, což Vám otevírá možnost oslovit nové pacienty – i mimo ..."
lékař online,17,organic,www.drdigital.care,https://www.drdigital.care/,Dr. Digital,"Buďte zdravější! Celý ekosystém vašeho zdraví přímo v mobilu. Online konzultace, monitoring zdraví a péče odkudkoliv kdekoliv."
lékař online,18,organic,www.zdravotnickydenik.cz,https://www.zdravotnickydenik.cz/2021/04/telemedicinu-v-ramci-sluzby-lekar-online-24-7-v-soucasnosti-vyuziva-pres-tisic-pacientu-mesicne-prevazuji-zeny/,Telemedicínu v rámci služby Lékař online 24/7 ...,10. 4. 2021 — „Telemedicína neznamená jen zavolat si o recept. V rámci naší služby Lékař online 24/7 mají pacienti 24 hodin denně a 7 dní v týdnu přístup k ...
lékař online,19,organic,www.ulekare.cz,https://www.ulekare.cz/mobilni-aplikace,Lékařská poradna v mobilu,Mobilní aplikací uLékaře.cz vás provede naše virtuální sestra. Položí vám pár jednoduchých otázek a pomůže vám co nejlépe popsat váš zdravotní problém.
lékař online,20,organic,euc.cz,https://euc.cz/,EUC | Největší poskytovatel ambulantní péče v ČR,Objednáváme online. Najít kliniku. Domácí péče. Poskytujeme kvalifikovanou domácí péči ve 13 krajích ČR (48 okresech). Zjistit více. Jednodenní chirurgie.
online lékař,1,ai_overview,,,,
online lékař,2,organic,www.konzultacelekare.cz,https://www.konzultacelekare.cz/,Konzultace s lékařem online | KonzultaceLékaře.cz,Lékařská online poradna pro pacienty. Zvolte nejlepšího lékaře a konzultujte svůj problém přes internet. Konzultace s popředními specialisty.
online lékař,3,organic,www.zpmvcr.cz,https://www.zpmvcr.cz/pojistenci/lekar-na-telefonu,Lékař na telefonu | ZP MV ČR,"Nonstop služba „Lékař na telefonu“ je zdarma, klient případně hradí pouze hovor na pevnou telefonní linku dle tarifu svého operátora. Zpětné volání a hovor s ..."
online lékař,4,organic,www.meddi.com,https://www.meddi.com/cz/o-aplikaci,Lékař pro Vás a Vaše děti do 6 minut kdykoli a kdekoli na ...,"Spojte se s lékařem vždy, když ho potřebujete přes běžný hovor, chat nebo videohovor. Jednoduše, bezpečně a rychle."
online lékař,5,organic,euc.cz,https://euc.cz/nase-zarizeni/kliniky/euc-klinika-praha-sustova/muj-praktik-online/,Můj praktik online,"Váš lékař je dostupný online každý pracovní den (zkontrolujte si online ordinační dobu svého lékaře); Zařídíme eRecept, e-žádanku na COVID, žádanku na ..."
online lékař,6,organic,www.medevio.cz,https://www.medevio.cz/,Medevio - software pro lékaře,"Objednejte se k lékaři jednoduše online, komunikujte na dálku a mějte svou zdravotní dokumentaci vždy po ruce. Už žádné čekání. Zjistit více pro pacienty. Jak ..."
online lékař,7,organic,www.epediatr.cz,https://www.epediatr.cz/,ePediatr - Váš online dětský lékař,"Online poradna pro rodiče a náctileté. Zeptejte se kdykoliv a odkudkoliv, 24/7. Rady a novinky přímo od dětských lékařů s praxí."
online lékař,8,people_also_ask,,,,
online lékař,9,organic,www.canadian.cz,https://www.canadian.cz/cs/clanky-a-novinky/deniky-vlm-o-lekari-online-247-s-vitezslavem-havlisem/,Deníky VLM o Lékaři online 24/7 s Vítězslavem Havlišem,"4. 11. 2020 — Lékař online 24/7 není jen obyčejnou internetovou poradnou. Jde o skutečnou konzultaci s lékařem v reálném čase, který je pacientům k dispozici ..."
online lékař,10,organic,pr.denik.cz,https://pr.denik.cz/pece-o-zdravi/vysetreni-v-lekari-online-24-7-z-bezpeci-a-pohodli-vaseho-domova/,Vyšetření v Lékaři online 24/7 z bezpečí a pohodlí vašeho ...,"Samotné vyšetření je rychlé a efektivní, trvá většinou deset minut. Můžete se připojit kdykoli a odkudkoli, diskrétně a bezpečně z pohodlí domova. Potřebujete ..."
online lékař,11,organic,www.praktickylekar.online,https://www.praktickylekar.online/,Praktický lékař - Praktickýlékař.online,Praktický lékař.online. Tyto stránky jsou určeny pouze odborným pracovníkům ve zdravotnictví. Informace zde prezentované nejsou určeny pro laickou veřejnost ...
online lékař,12,related_searches,,,,
online lékař,13,organic,www.navstevalekare.cz,https://www.navstevalekare.cz/,Návštěvalékaře.cz | Objednání k lékaři přes internet,Najděte lékaře a objednejte se online. Největší portál na vyhledávání lékařů. doctors. jméno lékaře nebo specializace nebo město.
online lékař,14,organic,www.rbp213.cz,https://www.rbp213.cz/pojistenci/dalsi-vyhody-od-rbp/lekar-na-telefonu/a-73/,Lékař na telefonu | Zdravotní pojišťovna RBP 213,Stačí zavolat na linku: 840 111 245 a jako pojištěnec RBP máte přístup k této službě zcela zdarma v rámci běžných nákladů na telefonní hovor. Díky tomu můžete ...
online lékař,15,organic,onlineambulance.cz,https://onlineambulance.cz/,Moje Ambulance | nová mobilní aplikace,"Se svou pobočkou můžeš komunikovat online. Patříš mezi ty, kteří si telefonování s cizími lidmi neužívají? Díky appce vyřídíš všechno potřebné online."
online lékař,16,organic,www.mojeambulance.cz,https://www.mojeambulance.cz/,MOJE AMBULANCE - Váš praktický lékař | mojeambulance.cz,"MOJE AMBULANCE – největší síť ordinací praktických lékařů pro dospělé v ČR. 12hodinová ordinační doba, online registrace i objednávka, hrazeno ze ZP."
online lékař,17,organic,www.drdigital.care,https://www.drdigital.care/,Dr. Digital,"Buďte zdravější! Celý ekosystém vašeho zdraví přímo v mobilu. Online konzultace, monitoring zdraví a péče odkudkoliv kdekoliv."
online lékař,18,organic,www.ulekare.cz,https://www.ulekare.cz/mobilni-aplikace,Lékařská poradna v mobilu,Mobilní aplikací uLékaře.cz vás provede naše virtuální sestra. Položí vám pár jednoduchých otázek a pomůže vám co nejlépe popsat váš zdravotní problém.
online lékař,19,organic,euc.cz,https://euc.cz/,EUC | Největší poskytovatel ambulantní péče v ČR,Objednáváme online. Najít kliniku. Domácí péče. Poskytujeme kvalifikovanou domácí péči ve 13 krajích ČR (48 okresech). Zjistit více. Jednodenní chirurgie.
online lékař,20,organic,www.znamylekar.cz,https://www.znamylekar.cz/otazky-odpovedi,Položte otázku našim lékařům,"Prohlédněte si dotazy pro lékaře a specialisty, přečtěte si odpovědi specialistů a položte svou vlastní otázku."
praktický lékař online,1,organic,www.praktickylekar.online,https://www.praktickylekar.online/,Praktický lékař - Praktickýlékař.online,Praktický lékař.online. Tyto stránky jsou určeny pouze odborným pracovníkům ve zdravotnictví. Informace zde prezentované nejsou určeny pro laickou veřejnost ...
praktický lékař online,2,organic,www.mojeambulance.cz,https://www.mojeambulance.cz/,MOJE AMBULANCE - Váš praktický lékař | mojeambulance.cz,"MOJE AMBULANCE – největší síť ordinací praktických lékařů pro dospělé v ČR. 12hodinová ordinační doba, online registrace i objednávka, hrazeno ze ZP."
praktický lékař online,3,organic,euc.cz,https://euc.cz/nase-zarizeni/kliniky/euc-klinika-praha-sustova/muj-praktik-online/,Můj praktik online,Přímé spojení s Vaším praktickým lékařem v online ordinační době lékaře · Váš lékař je dostupný online každý pracovní den (zkontrolujte si online ordinační dobu ...
praktický lékař online,4,organic,www.zpmvcr.cz,https://www.zpmvcr.cz/pojistenci/lekar-na-telefonu,Lékař na telefonu | ZP MV ČR,"Nonstop služba „Lékař na telefonu“ je zdarma, klient případně hradí pouze hovor na pevnou telefonní linku dle tarifu svého operátora. Zpětné volání a hovor s ..."
praktický lékař online,5,organic,www.znamylekar.cz,https://www.znamylekar.cz/prakticky-lekar/online,Praktičtí lékaři online,"Na ZnamyLerak.cz najděte praktičtí lékaři, které nabízí online konzultace : přečtěte si recenze a objednejte si návštěvu online."
praktický lékař online,6,organic,www.prolekare.cz,https://www.prolekare.cz/casopisy/prakticky-lekar/pouze-online,Pouze online Praktický lékař - proLékaře.cz,Stránky proLékaře.cz jsou určeny výhradně odborníkům ve zdravotnictví. Čtěte prohlášení a Zásady zpracování osobních údajů. ×.
praktický lékař online,7,people_also_ask,,,,
praktický lékař online,8,organic,lekar.kapitoly-online.cz,https://lekar.kapitoly-online.cz/tag/prakticky-lekar,Články se štítkem: praktický lékař,"Dospělí chodí na preventivní prohlídky u praktického lékaře častěji než před deseti lety, u dětí je ale trend opačný. Podíl pojištěnců,…"
praktický lékař online,9,organic,open.spotify.com,https://open.spotify.com/show/4YLTskE9BYHgmv7IRmwjcl,Praktici | Podcast on Spotify,"Listen to Praktici on Spotify. Jsme generalisti – musíme se umět orientovat v řadě témat, rozhodovat rychle. Stanovení diagnózy a nasměrování pacienta může ..."
praktický lékař online,10,organic,euc.cz,https://euc.cz/nase-zarizeni/kliniky/euc-klinika-kladno/muj-praktik-online/,Můj praktik online | EUC,Přímé spojení s Vaším praktickým lékařem v online ordinační době lékaře · Váš lékař je dostupný online každý pracovní den (zkontrolujte si online ordinační dobu ...
praktický lékař online,11,related_searches,,,,
praktický lékař online,12,organic,euc.cz,https://euc.cz/nase-zarizeni/kliniky/euc-klinika-kladno/muj-praktik-online/,Můj praktik online | EUC,Přímé spojení s Vaším praktickým lékařem v online ordinační době lékaře · Váš lékař je dostupný online každý pracovní den (zkontrolujte si online ordinační dobu ...
praktický lékař online,13,organic,www.ulekare.cz,https://www.ulekare.cz/jak-funguje-poradna,"Péče o zdraví online, rychle as úsměvem","S kalendářem uLékaře.cz máte své zdraví pod kontrolou. Všechny prohlídky a očkování najdete na jednom místě, další termín vyšetření pohlídáme."
praktický lékař online,14,organic,onlineambulance.cz,https://onlineambulance.cz/,Moje Ambulance | nová mobilní aplikace,"Proč zrovna MOJE AMBULANCE? Jednoduchá registrace, při které nemusíš na pobočku; 12hodinová ordinační doba; 33 poboček v 19 městech; Profesionální zdravotní ..."
praktický lékař online,15,organic,www.praktickylekarpraha.cz,https://www.praktickylekarpraha.cz/,Praktický lékař pro dospělé | Praha 1,Evy Krčové přes online objednávací systém. Naši lékaři. Příjemný a zkušený personál vám pomůže v akutních případech i v rámci preventivní péče. MUDr. Monika ...
praktický lékař online,16,organic,www.konzultacelekare.cz,https://www.konzultacelekare.cz/,Konzultace s lékařem online | KonzultaceLékaře.cz,Konzultace s lékařem z bezpečí domova. Až 70% problémů můžete vyřešit bez návštěvy ambulance; Lékaři s nejlepšími hodnoceními.
praktický lékař online,17,organic,www.myglobalhealth.online,https://www.myglobalhealth.online/czechia/cs/gp-consultation-online,Online konzultace s praktickým lékařem v Česku - Global Health,"Lékař registrovaný v ČLK posoudí vaše příznaky na videu a vystaví eNeschopenku elektronicky, je-li to klinicky odůvodněno. Termín ještě dnes. From. 850 Kč."
praktický lékař online,18,organic,www.ozp.cz,https://www.ozp.cz/tiskove-centrum/tiskova-zprava-2020-04-24,Klienti OZP můžou během nouzového stavu využít virtuální ...,24. 4. 2020 — Virtuální klinika funguje přes počítač nebo přes mobilní telefon či tablet. Klient se nejprve online zaregistruje a vyplní základní údaje o svém ...
praktický lékař online,19,organic,www.praktickylekar.com,https://www.praktickylekar.com/,Ordinace praktického lékaře - Praktický lékař,"Předepsání dlouhodobě užívaných léků je možné si zažádat emailem: ordinace@praktickylekar.com, osobně telefonicky 608 330 707 (ne sms) nebo předáním papírku se ..."
praktický lékař online,20,organic,www.drmax.cz,https://www.drmax.cz/kartavyhod/on-line-lekarska-konzultace,Zeptejte se lékaře on-line se 40% slevou,"26. 8. 2021 — Zeptejte se praktika či pediatra, odpověď přijde do 6 hodin. Poradna funguje 24 hodin, 7 dní v týdnu. Internetová lékařská poradna uLékaře."
praktik online,1,organic,www.praktickylekar.online,https://www.praktickylekar.online/,Praktický lékař - Praktickýlékař.online,Praktický lékař.online. Tyto stránky jsou určeny pouze odborným pracovníkům ve zdravotnictví. Informace zde prezentované nejsou určeny pro laickou veřejnost ...
praktik online,2,organic,euc.cz,https://euc.cz/nase-zarizeni/kliniky/euc-klinika-praha-opatovska/muj-praktik-online/,Můj praktik online,"Jak to funguje? · 1. Vyplníte krátký dotazník. Jste-li registrování na této klinice, můžete po vyplnění dotazníku konzultovat online · 2. Spojíme vás s lékařem."
praktik online,3,organic,euc.cz,https://euc.cz/nase-zarizeni/kliniky/euc-klinika-kladno/muj-praktik-online/,Můj praktik online | EUC,"Objednáme Vás na fyzickou návštěvu. Vystavíme e-recept, léky si můžete objednat online. Vystavíme e-žádanku na COVID19. ×. Můj praktik online. Máte zájem ..."
praktik online,4,organic,www.facebook.com,https://www.facebook.com/EUCKlinikaOstrava/videos/v-euc-se-sna%C5%BE%C3%ADme-m%C4%9Bnit-tv%C3%A1%C5%99-%C4%8Desk%C3%A9ho-zdravotnictv%C3%AD-proto-p%C5%99ich%C3%A1z%C3%ADme-s-inovativn%C3%ADm/728301912747365/,V #EUC se snažíme měnit tvář českého zdravotnictví! Proto ...,"Zdravotnická skupina EUC na svých klinikách poskytuje službu Můj praktik online, která umožňuje s praktickým lékařem vyřešit řadu úkonů na dálku ..."
praktik online,5,organic,euc.cz,https://euc.cz/muj-praktik-online-plzen/,Můj praktik online Plzeň,"Váš praktik může fungovat i online · Přechod od současného lékaře vyřídíme za vás · Komplexní návazná péče v rámci kliniky · Objednáváme na čas, méně čekáte ..."
praktik online,6,organic,praxepraktik.cz,https://praxepraktik.cz/objednani-do-ordinace/,Objednání do ordinace,"Prosíme, využívejte možnost online objednání k vyšetření přes záložku „Systém pacienta“ na našich webových stránkách či se objednejte telefonicky. Upozorňujeme, ..."
praktik online,7,organic,www.medevio.cz,https://www.medevio.cz/pro-lekare-praktik,Medevio pro praktické lékaře,"Díky online platbám mohou pacienti zaplatit předem, pohodlně a bezpečně. Ušetříte tím čas v ordinaci, a navíc snížíte počet pacientů, kteří bez omluvy nedorazí."
praktik online,8,organic,www.praktikcz.eu,https://www.praktikcz.eu/,Praktik.cz,"CHCEME VRÁTIT NAŠÍ PROFESI SEBEVĚDOMÍ. Vážená paní kolegyně, vážený pane kolego, vítáme vás na stránkách svobodných praktických lékařů."
praktik online,9,organic,www.myglobalhealth.online,https://www.myglobalhealth.online/czechia/cs/blog/lekar-online-24-7-co-vyresi,Lékař online 24/7: co konzultace na dálku vyřeší a co ne,"7. 8. 2026 — Online lékař je lékař, se kterým mluvíte přes video nebo telefon místo v ordinaci. Vyřeší dobře akutní běžné potíže, u kterých rozhoduje popis ..."
praktik online,10,related_searches,,,,
praktik online,11,organic,praktik.cz,https://praktik.cz/Produkty.aspx?kategorie=22,E-shop - produkty ke koupi,"Zde najdete širokou paletu produktu, které si od nás můžete zakoupit přímo online. Nabízíme jak komplexní softwarové vybavení pro lékaře různých specializaci ..."
praktik online,12,organic,open.spotify.com,https://open.spotify.com/show/4YLTskE9BYHgmv7IRmwjcl,Praktici | Podcast on Spotify,"Listen to Praktici on Spotify. Jsme generalisti – musíme se umět orientovat v řadě témat, rozhodovat rychle. Stanovení diagnózy a nasměrování pacienta může ..."
praktik online,13,organic,app.vaspraktikpraha.cz,https://app.vaspraktikpraha.cz/,Aplikace Váš praktik - Vaše zdraví na jednom místě,"Snadné řešení zdravotních problémů, zdravotní notifikace, recepty, prémiové články a členské slevy na produkty. To vše v naší aplikaci Váš praktik."
praktik online,14,organic,www.tribune.cz,https://www.tribune.cz/vsechny-clanky/online-registrace-u-praktika-pomaha-nejen-systemu/,Online registrace u praktika pomáhá nejen systému | MT,"12. 5. 2025 — S online službou mohou lidé vidět, co mají k dispozici, a dokončit registraci v několika jednoduchých krocích z libovolného místa,“ uvedla Dr."
praktik online,15,organic,www.zpmvcr.cz,https://www.zpmvcr.cz/pojistenci/lekar-na-telefonu,Lékař na telefonu | ZP MV ČR,"Kdy je lékař na telefonu? Služba „Lékař na telefonu“ je pro pojištěnce Zdravotní pojišťovny ministerstva vnitra ČR k dispozici 24 hodin denně, 7 dní v týdnu."
praktik online,16,organic,pr.denik.cz,https://pr.denik.cz/doporucujeme/nechte-se-vysetrit-u-lekare-online-a-kdykoli-potrebujete/,Nechte se vyšetřit u lékaře online a kdykoli potřebujete,"11. 10. 2022 — Zkušený lékař se s vámi spojí do 30 minut pomocí chatu nebo videa a bude s vámi konzultovat problémy stejně, jako kdybyste byli v ordinaci. Po ..."
praktik online,17,organic,www.nzip.cz,http://www.nzip.cz/poskytovatel/prakticky-lekar/02333872000000,"Praxe PRAKTIK, s.r.o. | NZIP",Samost.ordinace prakt.lék.pro dospělé. Kontaktní údaje. ordinace@praxepraktik.cz · www.praxepraktik.cz · +420 222 710 433. 02333872. Ordinační doba. Pondělí.
praktik online,18,organic,online.solen.cz,https://online.solen.cz/,Solen online: Solen,"Vítáme vás na on-line modulu, v rámci kterého se můžete vzdělávat z pohodlí domova. Většina kurzů je pořádána dle Stavovského předpisu ČLK č."
praktik online,19,organic,www.praktikcz.eu,https://www.praktikcz.eu/,Praktik.cz,"CHCEME VRÁTIT NAŠÍ PROFESI SEBEVĚDOMÍ. Vážená paní kolegyně, vážený pane kolego, vítáme vás na stránkách svobodných praktických lékařů."
praktik online,20,organic,mladipraktici.cz,https://mladipraktici.cz/jak-se-stat-praktickym-lekarem,Jak se stát praktickým lékařem,Ordinace praktika je vstupní branou pacienta do zdravotní péče. Praktičtí lékaři tvoří první kontakt se zdravotním systémem a jsou v něm důvěrnými průvodci.
konzultace s lékařem online,1,organic,www.konzultacelekare.cz,https://www.konzultacelekare.cz/,Konzultace s lékařem online | KonzultaceLékaře.cz,"Popíšete Váš zdravotní problém, můžete doplnit fotografie a/nebo lékařskou zprávu. Vámi zvolený lékař Vám následně odpoví a doporučí další postup."
konzultace s lékařem online,2,organic,www.zpmvcr.cz,https://www.zpmvcr.cz/pojistenci/lekar-na-telefonu,Lékař na telefonu | ZP MV ČR,"Vytočte linku +420 283 002 772. Tím se spojíte s koordinátorem medicínské asistence. Koordinátor zjistí, co je podstatou vašeho dotazu, a pokud je schopen ..."
konzultace s lékařem online,3,organic,www.znamylekar.cz,https://www.znamylekar.cz/pro-pacienty/online-konzultace,"Konzultace na dálku, chat i návštěvy online","ZnamyLekar.cz specialisté, kteří nabízejí online konzultace, chat a telekonzultace. Zůstaňte doma a zjistěte, jak získat pomoc na dálku."
konzultace s lékařem online,4,organic,www.meddi.com,https://www.meddi.com/cz/o-aplikaci,Lékař pro Vás a Vaše děti do 6 minut kdykoli a kdekoli na ...,Všechny funkce MEDDI app · Licence pro jednoho uživatele · Dostupnost lékařů ve službě 24/7 · Garance spojení s lékařem do 2 hodin · Neomezený počet vyšetření · EU ...
konzultace s lékařem online,5,ai_overview,,,,
konzultace s lékařem online,6,organic,www.drmax.cz,https://www.drmax.cz/kartavyhod/on-line-lekarska-konzultace,Zeptejte se lékaře on-line se 40% slevou,"26. 8. 2021 — Zeptejte se praktika či pediatra, odpověď přijde do 6 hodin. Poradna funguje 24 hodin, 7 dní v týdnu. Internetová lékařská poradna uLékaře."
konzultace s lékařem online,7,organic,www.epediatr.cz,https://www.epediatr.cz/poradna/konzultace/,Online konzultace,1. Položte dotaz nebo popište zdravotní problém ; 2. Zvolte rychlost odpovědi (odpovídáme 24/7) ; 3. Obdržíte odpověď od našeho dětského lékaře.
konzultace s lékařem online,8,organic,pro.znamylekar.cz,https://pro.znamylekar.cz/nabidka/hlavni-funkce/online-konzultace,Online konzultace,"Konzultace online jsou typem vzdálené návštěvy ve formě chatu, videohovoru nebo telefonátu. Je to nástroj dostupný jako součást balíčku Plus a VIP. Kalendář ..."
konzultace s lékařem online,9,organic,www.canadian.cz,https://www.canadian.cz/cs/clanky-a-novinky/doktor-v-mobilu/,Doktor v mobilu,"15. 12. 2021 — S Lékařem online 24/7 můžete zůstat celou dobu v posteli, přes mobil nebo počítač se s vámi nejpozději do třiceti minut spojí lékař a přes ..."
konzultace s lékařem online,10,organic,www.novinky.cz,https://www.novinky.cz/clanek/domaci-zpravy-plzensky-kraj-konzultace-s-lekarem-primo-z-obyvaku-plzensky-kraj-chce-spustit-online-pohotovost-40505314,Konzultace s lékařem přímo z obýváku. Plzeňský kraj chce ...,"20. 1. 2025 — Zájemci kontaktují lékaře díky aplikaci a spojí se s ním přes webovou kameru. „Poskytne první konzultaci, udělá anamnézu, pošle e-recept nebo ..."
konzultace s lékařem online,11,related_searches,,,,
konzultace s lékařem online,12,organic,euc.cz,https://euc.cz/nase-zarizeni/kliniky/euc-klinika-praha-sustova/muj-praktik-online/,Můj praktik online,Přímé spojení s Vaším praktickým lékařem v online ordinační době lékaře; Váš lékař je dostupný online každý pracovní den (zkontrolujte si online ordinační dobu ...
konzultace s lékařem online,13,organic,www.esthe-laser.cz,https://www.esthe-laser.cz/onlinekonzultace/,Online konzultace,"Stačí vyplnit krátký formulář, přiložit fotky a nejpozději do 36 hodin* máte v e-mailu odpověď a klid a jistotu, že víte co dál. Obzvlášť teď v létě vám online ..."
konzultace s lékařem online,14,organic,www.myglobalhealth.online,https://www.myglobalhealth.online/czechia/cs/gp-consultation-online,Online konzultace s praktickým lékařem v Česku - Global Health,"Konzultujte s praktickým lékařem registrovaným u ČLK z pohodlí domova. eNeschopenka, elektronický recept, doporučení ke specialistovi."
konzultace s lékařem online,15,organic,www.firmy.cz,https://www.firmy.cz/detail/13933062-konzultace-lekare-online-policka-horni-predmesti.html,"Konzultace lékaře online (Polička, Horní Předměstí)","Online lékařské konzultace pro dospělé pacienty. Rozbor krevních výsledků, cukrovka, hypertenze, bolesti zad, ledviny, barva moči. Konzultace probíhá online, ..."
konzultace s lékařem online,16,organic,www.navstevalekare.cz,https://www.navstevalekare.cz/,Návštěvalékaře.cz | Objednání k lékaři přes internet,"Přehledný, rozsáhlý a spolehlivý seznam lékařů, zdravotnických zařízení, lékáren a pohotovostí v České republice."
konzultace s lékařem online,17,organic,www.konzultacelekare.cz,https://www.konzultacelekare.cz/specialisti.html,KonzultaceLékaře.cz | Seznam lékařů,"Konzultace s lékařem - zvolte lékaře · Kožní lékař, Dermatologie · Urolog - urologie · Neurolog - neurologie · Gynekolog - gynekologie · Oční lékař - oftalmologie."
konzultace s lékařem online,18,organic,www.zdravotnickydenik.cz,https://www.zdravotnickydenik.cz/2021/04/telemedicinu-v-ramci-sluzby-lekar-online-24-7-v-soucasnosti-vyuziva-pres-tisic-pacientu-mesicne-prevazuji-zeny/,Telemedicínu v rámci služby Lékař online 24/7 ...,"10. 4. 2021 — Před spojením s lékařem pacient předem vyplní registraci a inteligentní strukturovaný dotazník, v němž uvede údaje o svém zdravotním stavu."
konzultace s lékařem online,19,organic,www.ulekare.cz,https://www.ulekare.cz/mobilni-aplikace,Lékařská poradna v mobilu,Mobilní aplikací uLékaře.cz vás provede naše virtuální sestra. Položí vám pár jednoduchých otázek a pomůže vám co nejlépe popsat váš zdravotní problém.
konzultace s lékařem online,20,organic,almiaderm.cz,https://almiaderm.cz/online-konzultace-uvod/,Online konzultace úvod,Využijte možnost konzultovat svůj kožní problém z pohodlí domova! · vyfoťte svůj kožní problém · vyplňte dotazník · přiložte lékařskou zprávu · Zaplaťte.
lékař online 24/7,1,ai_overview,,,,
lékař online 24/7,2,organic,moje.euc.cz,https://moje.euc.cz/terms-and-conditions/attachement-doctor-online,Příloha č. 1 – Speciální podmínky užití – Lékař online 24/7,"Distanční zdravotní služby jsou přístupné Uživatelům po dobu 24 hodin každý den v kalendářním roce, avšak výjimkou jsou Distanční zdravotní služby poskytované ..."
lékař online 24/7,3,organic,www.meddi.com,https://www.meddi.com/cz/o-aplikaci,Lékař pro Vás a Vaše děti do 6 minut kdykoli a kdekoli na ...,Všechny funkce MEDDI app · Licence pro jednoho uživatele · Dostupnost lékařů ve službě 24/7 · Garance spojení s lékařem do 2 hodin · Neomezený počet vyšetření · EU ...
lékař online 24/7,4,organic,www.zpmvcr.cz,https://www.zpmvcr.cz/pojistenci/lekar-na-telefonu,Lékař na telefonu | ZP MV ČR,"Kdy je lékař na telefonu? Služba „Lékař na telefonu“ je pro pojištěnce Zdravotní pojišťovny ministerstva vnitra ČR k dispozici 24 hodin denně, 7 dní v týdnu."
lékař online 24/7,5,organic,pr.denik.cz,https://pr.denik.cz/pece-o-zdravi/vysetreni-v-lekari-online-24-7-z-bezpeci-a-pohodli-vaseho-domova/,Vyšetření v Lékaři online 24/7 z bezpečí a pohodlí vašeho ...,"Vyšetření Lékařem online 24/7 začíná online registrací, po které přijde aktivační email. Ten vám umožní připojit se do aplikace, přes kterou probíhá vyšetření ..."
lékař online 24/7,6,organic,www.canadian.cz,https://www.canadian.cz/cs/clanky-a-novinky/doktor-v-mobilu/,Doktor v mobilu,15. 12. 2021 — Doktor v mobilu | Canadian Medical. Logo · +420 222 300 300 Mám zájem o péči Programy Lékař online 24/7 Chat ... Lékař online 24/7. Tu teď využívá ...
lékař online 24/7,7,people_also_ask,,,,
lékař online 24/7,8,organic,www.konzultacelekare.cz,https://www.konzultacelekare.cz/,Konzultace s lékařem online | KonzultaceLékaře.cz,Konzultace s lékařem z bezpečí domova. Až 70% problémů můžete vyřešit bez návštěvy ambulance; Lékaři s nejlepšími hodnoceními.
lékař online 24/7,9,organic,www.nemcb.cz,https://www.nemcb.cz/aktuality/jihocesky-kraj-spousti-pro-jihocechy-lekarskou-pohotovost-online/,Jihočeský kraj spouští pro Jihočechy lékařskou pohotovost ...,"30. 7. 2024 — Tato nová služba bude k dispozici 24 hodin denně, 7 dní v týdnu, a to zcela zdarma pro obyvatele s trvalým bydlištěm v Jihočeském kraji. Od 1."
lékař online 24/7,10,organic,poliklinika.skoda-auto.cz,https://poliklinika.skoda-auto.cz/documents/2050051/2075439/90x50_vizitka.pdf/ebaacbdb-f024-a3bd-6312-a10ceafad57a?version=1.0&t=1693477609709&download=true,Aktivujte si službu Lékař online 24/7 ještě dnes!,Nečekejte na termín a nechte se vyšetřit pohodlně online. Naši lékaři reagují do 30 min. Mějte praktického lékaře stále u sebe!
lékař online 24/7,11,organic,euc.cz,https://euc.cz/,EUC | Největší poskytovatel ambulantní péče v ČR,Objednáváme online. Najít kliniku. Domácí péče. Poskytujeme kvalifikovanou domácí péči ve 13 krajích ČR (48 okresech). Zjistit více. Jednodenní chirurgie.
lékař online 24/7,12,related_searches,,,,
lékař online 24/7,13,organic,www.zdravotnickydenik.cz,https://www.zdravotnickydenik.cz/2021/04/telemedicinu-v-ramci-sluzby-lekar-online-24-7-v-soucasnosti-vyuziva-pres-tisic-pacientu-mesicne-prevazuji-zeny/,Telemedicínu v rámci služby Lékař online 24/7 ...,10. 4. 2021 — „Telemedicína neznamená jen zavolat si o recept. V rámci naší služby Lékař online 24/7 mají pacienti 24 hodin denně a 7 dní v týdnu přístup k ...
lékař online 24/7,14,organic,www.drdigital.care,https://www.drdigital.care/znojmo/,"Znojmo, buď zdravější - Dr. Digital","Znojmo, buď zdravější! Znojmo ve spolupráci s Dr. Digital přináší lidem moderní telemedicínu – lékař odkudkoliv, kdykoliv."
lékař online 24/7,15,organic,www.rbp213.cz,https://www.rbp213.cz/pojistenci/dalsi-vyhody-od-rbp/lekar-na-telefonu/a-73/,Lékař na telefonu | Zdravotní pojišťovna RBP 213,Stačí zavolat na linku: 840 111 245 a jako pojištěnec RBP máte přístup k této službě zcela zdarma v rámci běžných nákladů na telefonní hovor. Díky tomu můžete ...
lékař online 24/7,16,organic,www.visa.cz,https://www.visa.cz/visabenefit/lekar-na-telefonu.html,lekar na telefonu | Visa,"Visa Lékař na telefonu je nejsnadnější a nejrychlejší cestou, jak konzultovat vaše zdravotní obtíže kdykoliv a kdekoliv. Služba funguje 24 hodin denně po ..."
lékař online 24/7,17,organic,www.znojmocity.cz,https://www.znojmocity.cz/znojmo-spousti-online-zdravotni-sluzbu-lekare-lide-zastihnou-kdykoliv-i-v-noci/d-103426,Znojmo spouští online zdravotní službu. Lékaře lidé ...,"6. 10. 2025 — Ta nabídne rychlou odbornou pomoc bez nutnosti osobní návštěvy zdravotnického zařízení, a to zdarma. Stačí chytrý telefon nebo počítač a během ..."
lékař online 24/7,18,organic,www.epediatr.cz,https://www.epediatr.cz/,ePediatr - Váš online dětský lékař,"Online poradna pro rodiče a náctileté. Zeptejte se kdykoliv a odkudkoliv, 24/7. Rady a novinky přímo od dětských lékařů s praxí."
lékař online 24/7,19,organic,www.canadian.cz,https://www.canadian.cz/cs/clanky-a-novinky/deniky-vlm-o-lekari-online-247-s-vitezslavem-havlisem/,Deníky VLM o Lékaři online 24/7 s Vítězslavem Havlišem,"4. 11. 2020 — Lékař online 24/7 není jen obyčejnou internetovou poradnou. Jde o skutečnou konzultaci s lékařem v reálném čase, který je pacientům k dispozici ..."
lékař online 24/7,20,organic,archiv.hn.cz,https://archiv.hn.cz/c1-66913850-lekar-on-line-predepise-e-recept-nebo-zadanku-na-covid-test-do-30-minut-musite-ale-zaplatit-290-korun,Služba Lékař on-line vydá e-recept nebo žádanku na covid ...,"25. 4. 2021 — Druhý model Lékař online 24/7 je otevřený pro každého, kdo kdykoli potřebuje okamžitou péči. Tam garantujeme dostupnost do 30 minut. HN: Tato ..."
online doktor,1,organic,www.konzultacelekare.cz,https://www.konzultacelekare.cz/,Konzultace s lékařem online | KonzultaceLékaře.cz,Lékařská online poradna pro pacienty. Zvolte nejlepšího lékaře a konzultujte svůj problém přes internet. Konzultace s popředními specialisty.
online doktor,2,ai_overview,,,,
online doktor,3,organic,www.zpmvcr.cz,https://www.zpmvcr.cz/pojistenci/lekar-na-telefonu,Lékař na telefonu | ZP MV ČR,"Nonstop služba „Lékař na telefonu“ je zdarma, klient případně hradí pouze hovor na pevnou telefonní linku dle tarifu svého operátora. Zpětné volání a hovor s ..."
online doktor,4,organic,www.canadian.cz,https://www.canadian.cz/cs/clanky-a-novinky/doktor-v-mobilu/,Doktor v mobilu,"15. 12. 2021 — Ke slovu se stále častěji dostává i takzvaná telemedicína. Pacient se za lékařem nevydává osobně, vyšetření probíhá prostřednictvím videohovoru ..."
online doktor,5,organic,euc.cz,https://euc.cz/nase-zarizeni/kliniky/euc-klinika-praha-sustova/muj-praktik-online/,Můj praktik online,"Váš lékař je dostupný online každý pracovní den (zkontrolujte si online ordinační dobu svého lékaře); Zařídíme eRecept, e-žádanku na COVID, žádanku na ..."
online doktor,6,organic,www.medevio.cz,https://www.medevio.cz/,Medevio - software pro lékaře,"Objednejte se k lékaři jednoduše online, komunikujte na dálku a mějte svou zdravotní dokumentaci vždy po ruce. Už žádné čekání. Zjistit více pro pacienty ..."
online doktor,7,people_also_ask,,,,
online doktor,8,organic,www.drdigital.care,https://www.drdigital.care/,Dr. Digital,"Buďte zdravější! Celý ekosystém vašeho zdraví přímo v mobilu. Online konzultace, monitoring zdraví a péče odkudkoliv kdekoliv."
online doktor,9,organic,www.meddi.com,https://www.meddi.com/cz/o-aplikaci,Lékař pro Vás a Vaše děti do 6 minut kdykoli a kdekoli na ...,"Spojte se s lékařem vždy, když ho potřebujete přes běžný hovor, chat nebo videohovor. Jednoduše, bezpečně a rychle."
online doktor,10,organic,www.epediatr.cz,https://www.epediatr.cz/,ePediatr - Váš online dětský lékař,"Online poradna pro rodiče a náctileté. Zeptejte se kdykoliv a odkudkoliv, 24/7. Rady a novinky přímo od dětských lékařů s praxí."
online doktor,11,organic,www.facebook.com,https://www.facebook.com/doktoronlinecz/?locale=cs_CZ,Doktor online (@doktoronlinecz),"Kromě klasické pediatrie u nás můžete využít také dětskou kardiologii či vzácné rady našich laktačních poradkyň. Zároveň, díky většímu počtu personálu, naše ..."
online doktor,12,related_searches,,,,
online doktor,13,organic,doktor.cz,https://doktor.cz/,"Doktor.cz - Najděte lékaře, kterému můžete důvěřovat",Najděte ověřené lékaře podle oboru a lokality. Přečtěte si zkušenosti od skutečných pacientů a kontaktujte pracoviště přímo.
online doktor,14,organic,pr.denik.cz,https://pr.denik.cz/doporucujeme/doktor-online-vysetreni-z-pohodli-domova/,Doktor online: Vyšetření z pohodlí domova - PR Deník - Denik,"14. 11. 2022 — Především čerstvé maminky tak jistě ocení “přítele na telefonu” z pohodlí domova v podobě Doktora online, který jim do několika minut pomůže s ..."
online doktor,15,organic,www.rbp213.cz,https://www.rbp213.cz/pojistenci/dalsi-vyhody-od-rbp/lekar-na-telefonu/a-73/,Lékař na telefonu | Zdravotní pojišťovna RBP 213,Stačí zavolat na linku: 840 111 245 a jako pojištěnec RBP máte přístup k této službě zcela zdarma v rámci běžných nákladů na telefonní hovor. Díky tomu můžete ...
online doktor,16,organic,www.znamylekar.cz,https://www.znamylekar.cz/pro-pacienty/online-konzultace,"Konzultace na dálku, chat i návštěvy online","Objednejte si online konzultaci a ihned obdržíte odbornou pomoc včetně řádného vyšetření. Půjde to i na dálku. Najděte specialistu. 49 000 specialistů, kteří ..."
online doktor,17,organic,my.medevio.cz,https://my.medevio.cz/doktor-online/,Doktor Online,Medevio. Stáhnout aplikaci Medevio. Stáhnout. Medevio · Přihlášení. Čeština. ​. Načítání.
online doktor,18,organic,www.navstevalekare.cz,https://www.navstevalekare.cz/,Návštěvalékaře.cz | Objednání k lékaři přes internet,"Přehledný, rozsáhlý a spolehlivý seznam lékařů, zdravotnických zařízení, lékáren a pohotovostí v České republice."
online doktor,19,organic,www.drmax.cz,https://www.drmax.cz/kartavyhod/on-line-lekarska-konzultace,Zeptejte se lékaře on-line se 40% slevou,"26. 8. 2021 — Zeptejte se praktika či pediatra, odpověď přijde do 6 hodin. Poradna funguje 24 hodin, 7 dní v týdnu. Internetová lékařská poradna uLékaře."
online doktor,20,organic,www.ulekare.cz,https://www.ulekare.cz/mobilni-aplikace,Lékařská poradna v mobilu,Mobilní aplikací uLékaře.cz vás provede naše virtuální sestra. Položí vám pár jednoduchých otázek a pomůže vám co nejlépe popsat váš zdravotní problém.
online pohotovost,1,ai_overview,,,,
online pohotovost,2,organic,www.pohotovostpk.cz,https://www.pohotovostpk.cz/,Online pohotovost Plzeňského kraje — lékař 24/7,"Online pohotovost dostupná 24 hodin denně, 7 dní v týdnu. Pro obyvatele Plzeňského kraje zdarma. Spojte se s lékařem odkudkoliv."
online pohotovost,3,organic,www.jihoceskapohotovost.cz,https://www.jihoceskapohotovost.cz/,online Jihočeská pohotovost,"Kdykoli a kdekoli pro Jihočechy ZDARMA · Jednoduše se zaregistrujte, přihlaste se a spojte se s lékařem prostřednictvím chatu nebo videohovoru. · Online ..."
online pohotovost,4,organic,www.sokolov.cz,https://www.sokolov.cz/karlovarska-pohotovost-nova-online-sluzba-zdarma-pro-obyvatele-kraje/d-12269,Karlovarská pohotovost: Nová online služba zdarma pro ...,"1. 3. 2025 — Karlovarská pohotovost bude fungovat nonstop, 24 hodin denně, včetně víkendů a svátků. Spojení s lékařem proběhne prostřednictvím chatu nebo ..."
online pohotovost,5,organic,nemkv.cz,https://nemkv.cz/pohotovost,Karlovarský kraj spustil 1. března on-line pohotovost,Karlovarský kraj spustil 1. března on-line pohotovost · Lékařská pohotovostní služba pro dospělé: 354 225 601 (640) · Lékařská pohotovostní služba pro děti: 354 ...
online pohotovost,6,people_also_ask,,,,
online pohotovost,7,organic,www.kraj-jihocesky.cz,https://www.kraj-jihocesky.cz/cs/jihocesky-kraj-spousti-pro-jihocechy-lekarskou-pohotovost-online,Jihočeský kraj spouští pro Jihočechy lékařskou pohotovost ...,"1. 8. 2024 — „Online jihočeská pohotovost neslouží k poskytování neodkladné či akutní péče, avšak může fungovat jako alternativní kontakt mezi pacientem a ..."
online pohotovost,8,organic,www.karlovarskapohotovost.cz,https://www.karlovarskapohotovost.cz/,Karlovarská pohotovost | Karlovarská pohotovost by MEDDI app,"Karlovarská pohotovost. Kdykoli a kdekoli pro obyvatele Karlovarského kraje zdarma. Zadejte svoje telefonní číslo. +358 Aland Islands, Finland ..."
online pohotovost,9,organic,www.youtube.com,https://www.youtube.com/watch?v=u1eYu15r4Qg,Online jihočeská pohotovost - jak se zaregistrovat,"Tam, kde zdravotní stav nevyžaduje osobní návštěvu ordinace lékaře, přichází Jihočeský kraj s konceptem online jihočeské pohotovosti."
online pohotovost,10,organic,www.velkahledsebe.cz,https://www.velkahledsebe.cz/udalosti-v-obci-1/aktuality/online-pohotovost-3703cs.html,Online pohotovost - Oficiální stránky obce Velká Hleďsebe,"13. 8. 2025 — Online pohotovost · Je provozována 24 hod denně, 7 dní v týdnu, tedy včetně víkendů a svátků. · Je určena občanům s trvalým bydlištěm v ..."
online pohotovost,11,organic,www.nemcb.cz,https://www.nemcb.cz/pohotovost/,Lékárenská pohotovost,V akutních situacích jsme vám k dispozici na telefonním čísle 387 87 3103. Neakutní dotazy prosíme řešte v běžné pracovní době lékárny. Lékárenská pohotovost ...
online pohotovost,12,related_searches,,,,
online pohotovost,13,organic,nasezdravotnictvi.cz,https://nasezdravotnictvi.cz/aktualita/online-pohotovost-pomoc-na-dalku-nebo-matouci-sluzba-lekari-varuji-pred-riziky,"Online pohotovost: pomoc na dálku, nebo matoucí služba? ...",20. 4. 2026 — „‚Online pohotovost' není lékařskou pohotovostní službou a nemůže nahrazovat poskytování zdravotních služeb v případech akutních a neodkladných ...
online pohotovost,14,organic,prachatice.eu,https://prachatice.eu/jihoceska-online-pohotovost/d-46692,Jihočeská online pohotovost,"Jihočeská online pohotovost je služba, která poskytuje lékařské konzultace a poradenství prostřednictvím internetu a je k dispozice 7 dní v týdnu, 24 hodin ..."
online pohotovost,15,organic,onlineambulance.cz,https://onlineambulance.cz/,Moje Ambulance | nová mobilní aplikace,"Proč zrovna MOJE AMBULANCE? Jednoduchá registrace, při které nemusíš na pobočku; 12hodinová ordinační doba; 33 poboček v 19 městech; Profesionální zdravotní ..."
online pohotovost,16,organic,domazlicky.denik.cz,https://domazlicky.denik.cz/zpravy-region/plzensky-kraj-spustil-online-pohotovost-lekare-mate-na-dosah-odkudkoli/,"Plzeňský kraj spustil online pohotovost, lékaře máte na dosah ...",25. 6. 2026 — Stačí se jednoduše zaregistrovat na webu pohotovostpk.cz a službu je možné začít využívat okamžitě. Pacienti si mohou zvolit formu komunikace – ...
online pohotovost,17,organic,www.facebook.com,https://www.facebook.com/jihoceskatelevize/videos/jiho%C4%8Desk%C3%A1-pohotovost-online/583026987453544/,Spojení s lékařem online po telefonu se na jihu Čech ...,"Spojení s lékařem online po telefonu se na jihu Čech osvědčilo. Mobilní aplikaci, která umožňuje spojení s lékařem 24 hodin denně sedm dní v ..."
online pohotovost,18,organic,www.zpmvcr.cz,https://www.zpmvcr.cz/pojistenci/lekar-na-telefonu,Lékař na telefonu | ZP MV ČR,"283 002 772 ... Nonstop služba „Lékař na telefonu“ je zdarma, klient případně hradí pouze hovor na pevnou telefonní linku dle tarifu svého operátora. Zpětné ..."
online pohotovost,19,organic,nemda.cz,https://nemda.cz/jihocesky-kraj-ma-pohotovost-on-line-24-h-7-dni/,Jihočeský kraj má pohotovost on-line 24 h/7 dní,K využití služby je potřeba počítač či chytrý telefon. Spojení s lékařem je k dispozici do 30 minut od zadání požadavku a probíhá formou chatu nebo videohovoru.
online pohotovost,20,organic,www.facebook.com,https://www.facebook.com/plzensky.kr/videos/hal%C3%B3-tady-je-v%C3%A1%C5%A1-l%C3%A9ka%C5%99-%EF%B8%8F-online-pohotovost-plze%C5%88sk%C3%A9ho-kraje-je-tu-pro-v%C3%A1s-zdarma/1525649329239755/,"Haló, tady je váš lékař 👨‍⚕️ 👉 Online pohotovost Plzeňského ...","Haló, tady je váš lékař ‍⚕️ Online pohotovost Plzeňského kraje je tu pro vás zdarma kdykoli a kdekoli."
lékař online Praha,1,ai_overview,,,,
lékař online Praha,2,organic,www.mojeambulance.cz,https://www.mojeambulance.cz/,MOJE AMBULANCE - Váš praktický lékař | mojeambulance.cz,"MOJE AMBULANCE – největší síť ordinací praktických lékařů pro dospělé v ČR. 12hodinová ordinační doba, online registrace i objednávka, hrazeno ze ZP."
lékař online Praha,3,organic,vaspraktikpraha.cz,https://vaspraktikpraha.cz/praha-15,Praktický lékař Praha 15,Praktický lékař Praha 15 ✓ Ordinace praktického lékaře pro dospělé Váš praktik Praha 15 přijímá nové pacienty ✓ Online registrace zdarma.
lékař online Praha,4,organic,www.ordinacepankrac.cz,https://www.ordinacepankrac.cz/,Ordinace Pankrác,"V naší odbornosti pečujeme o akutní i chronické pacienty, dispenzarizujeme diabetiky a pacienty s kardiovaskulárním onemocněním, řešíme sociální zajištění ..."
lékař online Praha,5,organic,euc.cz,https://euc.cz/nase-zarizeni/kliniky/euc-klinika-praha-sustova/muj-praktik-online/,Můj praktik online,Přímé spojení s Vaším praktickým lékařem v online ordinační době lékaře · Váš lékař je dostupný online každý pracovní den (zkontrolujte si online ordinační dobu ...
lékař online Praha,6,organic,www.medevio.cz,https://www.medevio.cz/,Medevio - software pro lékaře,"Objednejte se k lékaři jednoduše online, komunikujte na dálku a mějte svou zdravotní dokumentaci vždy po ruce. Už žádné čekání. Zjistit více pro pacienty ..."
lékař online Praha,7,organic,www.zpmvcr.cz,https://www.zpmvcr.cz/pojistenci/lekar-na-telefonu,Lékař na telefonu | ZP MV ČR,"Nonstop služba „Lékař na telefonu“ je zdarma, klient případně hradí pouze hovor na pevnou telefonní linku dle tarifu svého operátora. Zpětné volání a hovor s ..."
lékař online Praha,8,organic,www.navstevalekare.cz,https://www.navstevalekare.cz/,Návštěvalékaře.cz | Objednání k lékaři přes internet,"Přehledný, rozsáhlý a spolehlivý seznam lékařů, zdravotnických zařízení, lékáren a pohotovostí v České republice."
lékař online Praha,9,organic,vaspraktikpraha.cz,https://vaspraktikpraha.cz/prakticky-lekar-praha,Praktický lékař Praha,"Praktický lékař pro dospělé v ordinacích Váš praktik Praha je odborník ve svém oboru, který klade důraz na prevenci a bude se Vám věnovat důsledně a s empatií."
lékař online Praha,10,people_also_ask,,,,
lékař online Praha,11,organic,www.ordinacepraha.cz,https://www.ordinacepraha.cz/,ordinacePRAHA.cz: Praktický lékař Praha 11 – Chodov,"E-recept, výsledky a některé zdravotní obtíže vyřídíte online přes aplikaci sestra Emmy — kdykoli, klidně večer z gauče. A když je potřeba návštěva ordinace, ..."
lékař online Praha,12,related_searches,,,,
lékař online Praha,13,organic,www.asclepius.cz,https://www.asclepius.cz/,Asclepius Medical: Praktický lékař | Praha 4,"Ordinace Asclepius Medical přijímá nové pacienty. Pokud hledáte praktického lékaře, využijte možnost on-line rezervace termínu registrace."
lékař online Praha,14,organic,www.lekarnusle.cz,https://www.lekarnusle.cz/on-line_komunikace/,On-line komunikace,Online vstup pro pacienty registrované v naší ordinaci s e-mailem v kartě · Zadání objednávky k návštěvě lékaře · Zaslání žádosti o recept · Zaslání informace k ...
lékař online Praha,15,organic,www.smartmed.cz,http://www.smartmed.cz/nase-sluzby/online-objednani-k-lekari/,Online objednání k lékaři - Praha - smartMED,"Objednání k lékaři na Vámi vybrané datum a čas je určeno pro pacienty bez akutních problémů, kteří nevyžadují neodkladnou lékařskou péči. Online objednání je ..."
lékař online Praha,16,organic,www.myclinic.cz,https://www.myclinic.cz/,Soukromá rodinná klinika MY CLINIC v Praze 6 - MY CLINIC,Soukromá klinika MY CLINIC Praha - rodinná klinika poskytující profesionální lékařskou péči s důrazem na osobní přístup k pacientovi. Široká škála specializací.
lékař online Praha,17,organic,www.reservio.cz,https://www.reservio.cz/CZ/Praha/health/doctor/s/services-practitioner,Praktický lékař Praha - Online rezervace a recenze podniků,"Vyberte nejlepší podnik pro službu Praktický lékař. ⭐ Hodnocení ověřených zákazníků, srovnání cen pro město Praha, objednání termínu online."
lékař online Praha,18,organic,www.unicare.cz,https://www.unicare.cz/cs/lekarske-specializace-prakticky-lekar/,Soukromý praktický lékař v Praze - Unicare Medical Center,Na jednom místě zajišťujeme kompletní zdravotní péči bez nutnosti složitého objednávání a přecházení mezi pracovišti: preventivní prohlídky a personalizované ...
lékař online Praha,19,organic,www.praktickylekarpraha.cz,https://www.praktickylekarpraha.cz/,Praktický lékař pro dospělé | Praha 1,Evy Krčové přes online objednávací systém. Naši lékaři. Příjemný a zkušený personál vám pomůže v akutních případech i v rámci preventivní péče. MUDr. Monika ...
lékař online Praha,20,organic,www.konzultacelekare.cz,https://www.konzultacelekare.cz/,Konzultace s lékařem online | KonzultaceLékaře.cz,Lékařská online poradna pro pacienty. Zvolte nejlepšího lékaře a konzultujte svůj problém přes internet. Konzultace s popředními specialisty.
lékař pro cizince Praha,1,ai_overview,,,,
lékař pro cizince Praha,2,organic,www.fnmotol.cz,https://www.fnmotol.cz/oddeleni-pece-o-samoplatce/zdravotni-pece-pro-cizince/,Zdravotní péče pro cizince,"Fakultní nemocnice v Motole poskytuje pacientům komplexní vysoce specializovanou péči jak v rámci urgentní a akutní péče, tak i v rámci péče plánované a ..."
lékař pro cizince Praha,3,organic,www.atodamedical.cz,https://www.atodamedical.cz/prakticky-lekar-praha,Praktický lékař Praha 7 - naši praktičtí lékaři jsou tu pro vás,"Praktický lékař pro cizince - Praha. Mluvíme plynně anglicky, rádi pomůžeme cizincům ze všech koutů světa. Praktický lékař pro firmy. Ty nejlepší služby ..."
lékař pro cizince Praha,4,organic,swc.cuni.cz,https://swc.cuni.cz/UKSWC-58.html,Lékařská péče - Staff Welcome Centre Univerzita Karlova,"Lékařská zařízení v Praze ; Praha 1. Městská poliklinika Praha. Spálená 12, tel.: 222 924 268. Po-Čt: 19.00–6.00. Pá: 16.00-6.00. So, Ne a svátky: non-stop."
lékař pro cizince Praha,5,organic,metropolevsech.eu,https://metropolevsech.eu/cs/potrebuji-resit/zdravotnictvi-zdravotni-a-socialni-pojisteni/lekari-a-pohotovost/nemocnice-v-praze-specializovane-na-peci-o-cizince/,Nemocnice v Praze | PRAHA,24. 6. 2026 — Na jejich webových stránkách najdete užitečné informace ohledně ošetření určeného přímo pro migranty. Dětská cizinecká recepce: +420 224 433 690.
lékař pro cizince Praha,6,organic,www.vfn.cz,https://www.vfn.cz/kariera/informace-pro-cizince/,Informace pro cizince,"Všeobecná fakultní nemocnice v Praze nabízí profesní uplatnění cizincům, kteří již splnili aprobační zkoušku pro nelékařská zdravotnická povolání, cizincům, ..."
lékař pro cizince Praha,7,organic,metropolevsech.eu,https://metropolevsech.eu/cs/potrebuji-resit/zdravotnictvi-zdravotni-a-socialni-pojisteni/lekari-a-pohotovost/,Systém zdravotní péče | PRAHA,"15. 7. 2026 — Každý, i cizinec, by měl být zaregistrovaný u praktického lékaře. Zaregistrujte se u praktického lékaře co nejdříve, abyste se měli kam obrátit, ..."
lékař pro cizince Praha,8,organic,www.frenkee.cz,https://www.frenkee.cz/kalkulacka/cizinci,Online sjednání pojištění cizinců,"Srovnej a sjednej pojištění auta, majetku, cestovní, odpovědnosti i pro cizince online. Frenkee ti pomůže najít řešení, které dává smysl — jednoduše, ..."
lékař pro cizince Praha,9,organic,visaczech.cz,https://visaczech.cz/blog/register-with-doctor-czechia-foreigners-guide,Registrace u praktického lékaře pro cizince v Česku - VisaCzech,"17. 12. 2025 — Řešení: Nebojte se telefonovat do více ordinací. V Praze, Brně, Ostravě či Plzni může být nutné oslovit až 10–15 lékařů. Postup registrace krok ..."
lékař pro cizince Praha,10,organic,www.fnmotol.cz,https://www.fnmotol.cz/oddeleni-pece-o-samoplatce/aktuality/,Aktuality,"Ordinační hodiny Cizinecké ambulance pro dospělé od 1.9.2022: Po MUDr. Valentová, 7:30 – 14:00. St MUDr. Valentová, 7:30 – 14:00."
lékař pro cizince Praha,11,related_searches,,,,
lékař pro cizince Praha,12,organic,newinprague.cz,https://newinprague.cz/zdravotnictvi,Zdravotnictví – V Praze jsme doma,cizinci s trvalým pobytem · azylanti · držitelé doplňkové ochrany · držitelé dočasné ochrany · cizinci mladší 18 let s platným povolením k dlouhodobému pobytu ...
lékař pro cizince Praha,13,organic,www.kataloglekaru.cz,https://www.kataloglekaru.cz/cz/katalog/x/dle-zarizeni/nemocnice-fakultni/praha/praha-05/fn-v-motole-oddeleni-pece-o-cizince.html,FN v Motole - Oddělení péče o cizince,"FN v Motole - Oddělení péče o cizince. nemocnice - fakultní : Praha : Praha 05. Obory. praktický lékař pro děti a dorost, všeobecné lékařství. Odbornosti."
lékař pro cizince Praha,14,organic,cs.vzpforforeigners.cz,https://cs.vzpforforeigners.cz/find-a-doctor,Najít anglicky mluvícího doktora - Zdravotní pojištění PVZP,"Fakultní nemocnice Motol má v přízemí u hlavního vchodu specializované oddělení pro cizince, které poskytuje cizincům služby zdravotní pojišťovny a je ..."
lékař pro cizince Praha,15,organic,prahamed.cz,https://prahamed.cz/,PrahaMed,"Moderně vybavená ordinace · Lokalita pražského Žižkova s výbornou dopravní dostupností · Objednání na konkrétní čas, minimalizace časových ztrát, krátké objednací ..."
lékař pro cizince Praha,16,organic,www.mojeambulance.cz,https://www.mojeambulance.cz/novinka-praha/,Konzultace s lékařem v cizím jazyce! | mojeambulance.cz,"16. 2. 2016 — Vážení klienti, · přicházíme s novinkou pro naše zahraniční spoluobčany, aby řešení jejich zdravotních problémů probíhalo bez jazykových překážek ..."
lékař pro cizince Praha,17,organic,www.facebook.com,https://www.facebook.com/mzcrcz/posts/ordinace-praktick%C3%A9ho-l%C3%A9ka%C5%99e-pro-ukrajince-ve-v%C5%A1eobecn%C3%A1-fakultn%C3%AD-nemocnice-v-praz/5014451958659085/,Ordinace praktického lékaře pro Ukrajince ve Všeobecná ...,"Lékaři ordinují tři dny v týdnu bez předchozího objednání a na místě je buď ukrajinsky hovořící lékař nebo tlumočník. ☝️ Dětem, těhotným ..."
lékař pro cizince Praha,18,organic,www.mediclinic.cz,https://www.mediclinic.cz/domaci-pece/praha,Praha - Domácí péče | mediclinic.cz,Rádi Vám podáme pomocnou ruku při péči o Vaše blízké. Domácí zdravotní péči poskytujeme po celé Praze a to 7 dní v týdnu.
lékař pro cizince Praha,19,organic,medianna.cz,https://medianna.cz/yermak,MUDr. Olena Yermak / Váš praktický lékař v Praze,MUDr. Olena Yermak je kvalifikovaná lékařka s rozsáhlou odbornou praxí v oblasti kardiologie a všeobecného lékařství. Svou profesní kariéru zahájila na ...
lékař pro cizince Praha,20,organic,nasezdravotnictvi.cz,https://nasezdravotnictvi.cz/aktualita/seznam-mist-kde-pracuji-lekari-cizinci-bez-odbornych-a-jazykovych-zkousek-1,"Seznam míst, kde pracují lékaři cizinci bez odborných a ...","4. 9. 2018 — Seznam míst, kde pracují lékaři cizinci bez odborných a jazykových zkoušek ... PRAHA. Nemocnice na Bulovce Interní odd. 1x. Ortopedické odd. 1x"
neschopenka online,1,organic,eportal.cssz.cz,https://eportal.cssz.cz/web/portal/-/sluzby/informace-o-docasne-pracovni-neschopnosti,Informace o dočasné pracovní neschopnosti - ePortál ČSSZ,"Služba poskytuje seznam všech dočasných pracovních neschopností pojištěnce, které vznikly v aktuálním roce a 5 let zpětně. více informací o službě. Služba ..."
neschopenka online,2,people_also_ask,,,,
neschopenka online,3,ai_overview,,,,
neschopenka online,4,organic,www.cssz.gov.cz,https://www.cssz.gov.cz/web/eneschopenka,Úvod - eNeschopenka,"Elektronický systém eNeschopenky : je ošetřujícímu lékaři k dispozici buď na ePortálu ČSSZ, nebo v jeho lékařském softwaru; umožňuje ošetřujícímu lékaři ..."
neschopenka online,5,organic,eportal.cssz.cz,https://eportal.cssz.cz/,ePortál ČSSZ,"Už nemusíte osobně na úřad. O důchod můžete požádat i online. Je to snadné, rychlé a pohodlné. Zjistit více."
neschopenka online,6,organic,www.koop.cz,https://www.koop.cz/navody-a-dokumenty/nejcastejsi-dotazy/reseni-skod/u-pojisteni-osob/jak-si-stahnout-eneschopenku,Co potřebujete k neschopence,"Nevytiskl vám lékař neschopenku? Stáhněte si eNeschopenku. Najdete ji na odkazu, který vám přijde od ČSSZ jako sms zpráva. Z ní se přihlásíte na portál ČSSZ ..."
neschopenka online,7,organic,www.nzip.cz,http://www.nzip.cz/clanek/1158-eneschopenka-potvrzeni-o-trvani-docasne-pracovni-neschopnosti,Elektronická neschopenka (eNeschopenka) | NZIP,"Pacient už tedy nemusí předávat doklady zaměstnavateli, náhrada mzdy i nemocenské mu přijde automaticky. Nemocnému dál zůstává v papírové podobě jen průkaz ..."
neschopenka online,8,organic,www.cssz.gov.cz,https://www.cssz.gov.cz/nemocenske,Nemocenské,"Elektronická hlášení jsou od lékaře zasílána přímo na OSSZ, pojištěnci vystavuje pouze průkaz dočasně práce neschopného pojištěnce. Není tedy třeba předávat, ..."
neschopenka online,9,organic,www.e15.cz,https://www.e15.cz/finexpert/prispevky-a-davky/jste-na-neschopence-pres-eportal-cssz-ziskate-potvrzeni-i-prehled-davek-1430966,potvrzení a přehled dávek přes ePortál ČSSZ,"19. 2. 2026 — Na pracovní neschopence vyřídíte řadu věcí online. ePortál ČSSZ nabídne přehled dávek, historii DPN i možnost získat potřebná potvrzení."
neschopenka online,10,organic,www.pracomat.cz,https://www.pracomat.cz/poradna/otazky-odpovedi/1280-eneschopenka-kde-ji-najdu.html,eNeschopenka Kde ji najdu a jaké informace obsahuje?,"29. 4. 2026 — Po přihlášení hledejte službu Informace o dočasné pracovní neschopnosti. Ta poskytuje seznam dočasných pracovních neschopností pojištěnce, které ..."
neschopenka online,11,organic,www.prolekare.cz,https://www.prolekare.cz/casopisy/prakticky-lekar/2020-5-15/elektronicka-neschopenka-126343,Elektronická neschopenka - proLékaře.cz,"K převzetí elektronické neschopenky potřebuje nový lékař znát její číslo. To v systému nenajde, může ho zjistit pouze z papírového průkazu pacienta. Lékař tedy ..."
neschopenka online,12,related_searches,,,,
neschopenka online,13,organic,eportal.cssz.cz,https://eportal.cssz.cz/web/portal/priprav-potvrzeni-pn,Potvrzení o dočasné pracovní neschopnosti - ePortál ČSSZ,Pro náhled na seznam všech dočasných pracovních neschopností můžete využít online službu Informace o dočasné pracovní neschopnosti. více informací o službě.
neschopenka online,14,organic,www.myglobalhealth.online,https://www.myglobalhealth.online/czechia/cs/blog/neschopenka-jak-funguje-eneschopenka,Neschopenka: jak funguje eNeschopenka (2026),"7. 8. 2026 — Dočasná pracovní neschopnost je od roku 2020 plně elektronická. Papír už nikam nenosíte — nese ho za vás lékař, do systému ČSSZ. Neschopenka ..."
neschopenka online,15,organic,www.finance.cz,https://www.finance.cz/aktuality/sledujte-svou-neschopenku-a-davky-jednoduse-online-na-eportalu-cssz/,Sledujte svou neschopenku a dávky jednoduše online na ...,18. 2. 2026 — Služba umožňuje zobrazit přehled všech případů dočasné pracovní neschopnosti za aktuální rok i až pět let zpětně. U každého případu jsou ...
neschopenka online,16,organic,www.proprarodice.cz,https://www.proprarodice.cz/c/elektronicka-neschopenka-eneschopenka-1678,Elektronická neschopenka (eNeschopenka),"6. 2. 2025 — Díky eNeschopence již ale nemocný nemusí sám žádat o nemocenskou, to zařizuje elektronicky lékař. Peníze mu přijdou stejným způsobem jako ..."
neschopenka online,17,organic,www.cssz.gov.cz,https://www.cssz.gov.cz/web/eneschopenka/nejcastejsi-dotazy,Nejčastější dotazy - eNeschopenka,"Zaměstnavatel si může notifikační službu aktivovat prostřednictvím ePortálu ČSSZ (online službou nebo interaktivním tiskopisem), zvolí datovou schránku, příp."
neschopenka online,18,organic,www.vema.cz,https://www.vema.cz/cs-cz/eneschopenka-tipy-ktere-musite-vedet-nez-zacnete-elektronicky-resit-pracovni-neschopnost,Elektronická neschopenka - snadná komunikace,Od 1. ledna 2020 se naostro spustí provoz povinné eNeschopenky. Máte všechno na nový systém připravené? Potřebujete třeba dva speciální certifikáty.
neschopenka online,19,organic,www.emaminy.cz,https://www.emaminy.cz/c/neschopenka-pod-kontrolou-eportal-cssz-nabizi-pojistencum-okamzity-prehled-online-2619,ePortál ČSSZ nabízí pojištěncům okamžitý přehled online,25. 2. 2026 — Potvrzení online: Přímo na portálu si můžete vygenerovat Potvrzení o dočasné pracovní neschopnosti pro zaměstnavatele či jiné úřady. Bezpečnost: ...
neschopenka online,20,organic,mpsv.gov.cz,https://mpsv.gov.cz/elektronicka-neschopenka-prehledne,Elektronická neschopenka přehledně,"1. 11. 2018 — Elektronizace dočasných pracovních neschopností přinese značné zjednodušení při zpracování této agendy. Uleví zaměstnavatelům, lékařům i ..."
eNeschopenka online,1,ai_overview,,,,
eNeschopenka online,2,organic,eportal.cssz.cz,https://eportal.cssz.cz/web/portal/-/sluzby/informace-o-docasne-pracovni-neschopnosti,Informace o dočasné pracovní neschopnosti - ePortál ČSSZ,"Služba poskytuje seznam všech dočasných pracovních neschopností pojištěnce, které vznikly v aktuálním roce a 5 let zpětně. více informací o službě. Služba ..."
eNeschopenka online,3,organic,www.cssz.gov.cz,https://www.cssz.gov.cz/web/eneschopenka,Úvod - eNeschopenka,"Elektronický systém eNeschopenky: je ošetřujícímu lékaři k dispozici buď na ePortálu ČSSZ, nebo v jeho lékařském softwaru; umožňuje ošetřujícímu lékaři ..."
eNeschopenka online,4,organic,eportal.cssz.cz,https://eportal.cssz.cz/,ePortál ČSSZ,"Už nemusíte osobně na úřad. O důchod můžete požádat i online. Je to snadné, rychlé a pohodlné. Zjistit více."
eNeschopenka online,5,organic,www.nzip.cz,http://www.nzip.cz/clanek/1158-eneschopenka-potvrzeni-o-trvani-docasne-pracovni-neschopnosti,Elektronická neschopenka (eNeschopenka) | NZIP,"V průkazu práce neschopného je zaznamenán termín příští návštěvy lékaře, čas povolených vycházek, záznam o nástupu/propuštění z lůžkové péče, záznam o předání ..."
eNeschopenka online,6,people_also_ask,,,,
eNeschopenka online,7,organic,www.koop.cz,https://www.koop.cz/navody-a-dokumenty/nejcastejsi-dotazy/reseni-skod/u-pojisteni-osob/jak-si-stahnout-eneschopenku,Co potřebujete k neschopence,"Nevytiskl vám lékař neschopenku? Stáhněte si eNeschopenku. Najdete ji na odkazu, který vám přijde od ČSSZ jako sms zpráva. Z ní se přihlásíte na portál ČSSZ ..."
eNeschopenka online,8,organic,www.cssz.gov.cz,https://www.cssz.gov.cz/web/eneschopenka/zakladni-informace-pro-zamestnavatele,Základní informace - eNeschopenka,Zaměstnavatel má k dispozici online služby pro ověření či stažení údajů o dočasných pracovních neschopnostech svých zaměstnanců a na vyžádání (online službou ...
eNeschopenka online,9,organic,www.pracomat.cz,https://www.pracomat.cz/poradna/otazky-odpovedi/1280-eneschopenka-kde-ji-najdu.html,eNeschopenka Kde ji najdu a jaké informace obsahuje?,29. 4. 2026 — Informace o eNeschopence najdete v ePortálu ČSSZ na https://eportal.cssz.cz/. Pro přihlášení potřebujete elektronickou identifikaci - typicky ...
eNeschopenka online,10,organic,www.e15.cz,https://www.e15.cz/finexpert/prispevky-a-davky/jste-na-neschopence-pres-eportal-cssz-ziskate-potvrzeni-i-prehled-davek-1430966,potvrzení a přehled dávek přes ePortál ČSSZ,"19. 2. 2026 — Na pracovní neschopence vyřídíte řadu věcí online. ePortál ČSSZ nabídne přehled dávek, historii DPN i možnost získat potřebná potvrzení."
eNeschopenka online,11,organic,www.kurzy.cz,https://www.kurzy.cz/prispevky-davky/e-neschopenka/,Elektronická neschopenka - eNeschopenka,"Od roku 2020 se změnila papírová neschopenka na elektronickou neschopenku - eNeschopenku. Systém zajišťuje automatickou komunikaci mezi lékařem, ..."
eNeschopenka online,12,related_searches,,,,
eNeschopenka online,13,organic,www.myglobalhealth.online,https://www.myglobalhealth.online/czechia/cs/blog/neschopenka-jak-funguje-eneschopenka,Neschopenka: jak funguje eNeschopenka (2026),"7. 8. 2026 — Dočasná pracovní neschopnost je od roku 2020 plně elektronická. Papír už nikam nenosíte — nese ho za vás lékař, do systému ČSSZ."
eNeschopenka online,14,organic,portal.pohoda.cz,https://portal.pohoda.cz/dane-ucetnictvi-mzdy/mzdy-a-prace/jak-bude-fungovat-eneschopenka/,Jak bude fungovat eNeschopenka?,"5. 8. 2019 — Služby ePortálu ČSSZ jsou přístupné po přihlášení datovou schránkou nebo přes portál NIA, přičemž zaměstnavatel může pověřit k využívání služeb ..."
eNeschopenka online,15,organic,eportal.cssz.cz,https://eportal.cssz.cz/web/portal/moje-konto,Přihlásit do ePortálu - ePortál ČSSZ,Vyberte si způsob přihlášení. Přihlášení prostřednictvím Identity občana je určeno pro fyzické osoby. Pro úspěšné ověření je nutné zadat souhlas s poskytnutím ...
eNeschopenka online,16,organic,www.banky.cz,https://www.banky.cz/clanky/jak-funguje-eneschopenka-kompletni-pruvodce-pro-zamestnance/,Jak funguje eNeschopenka – průvodce pro zaměstnance,18. 7. 2025 — Jednodušší a pohodlnější. Takové je hlášení a správa dočasné pracovní neschopnosti pomocí eNeschopenky – tedy elektronické neschopenky.
eNeschopenka online,17,organic,www.cssz.gov.cz,https://www.cssz.gov.cz/web/eneschopenka/nejcastejsi-dotazy,Nejčastější dotazy - eNeschopenka,"Zaměstnavatel si může notifikační službu aktivovat prostřednictvím ePortálu ČSSZ (online službou nebo interaktivním tiskopisem), zvolí datovou schránku, příp."
eNeschopenka online,18,organic,money.cz,https://money.cz/navod/eneschopenky/,eNeschopenky - Money S3,"1. 1. 2020 — Zásadně se tak zjednodušuje tok informací, protože eNeschopenka propojuje povinně elektronicky hned tři dotčené subjekty, lékaře, zaměstnavatele ..."
eNeschopenka online,19,organic,www.mojeambulance.cz,https://www.mojeambulance.cz/digitalizace-zdravotnictvi-jak-funguje-eneschopenka/,Digitalizace zdravotnictví: jak funguje eNeschopenka?,"27. 7. 2020 — Domů si odnesete už jenom jeden papír. · Šéfovi stačí zavolat, nebo napsat e-mail. · Zaměstnavatel má díky ePortálu České správy sociálního ..."
eNeschopenka online,20,organic,www.e15.cz,https://www.e15.cz/finexpert/prispevky-a-davky/jste-na-neschopence-pres-eportal-cssz-ziskate-potvrzeni-i-prehled-davek-1430966,potvrzení a přehled dávek přes ePortál ČSSZ,"19. 2. 2026 — Na pracovní neschopence vyřídíte řadu věcí online. ePortál ČSSZ nabídne přehled dávek, historii DPN i možnost získat potřebná potvrzení."
jak funguje eNeschopenka,1,ai_overview,,,,
jak funguje eNeschopenka,2,organic,www.cssz.gov.cz,https://www.cssz.gov.cz/web/eneschopenka/nejcastejsi-dotazy,Nejčastější dotazy - eNeschopenka,Každý poskytovatel zdravotních služeb bude pro komunikaci v rámci nového systému eNeschopenky identifikován pomocí identifikačního čísla pracoviště pro e-podání ...
jak funguje eNeschopenka,3,people_also_ask,,,,
jak funguje eNeschopenka,4,organic,www.cssz.gov.cz,https://www.cssz.gov.cz/web/eneschopenka,Úvod - eNeschopenka,"Elektronický systém eNeschopenky: je ošetřujícímu lékaři k dispozici buď na ePortálu ČSSZ, nebo v jeho lékařském softwaru; umožňuje ošetřujícímu lékaři ..."
jak funguje eNeschopenka,5,organic,www.mojeambulance.cz,https://www.mojeambulance.cz/digitalizace-zdravotnictvi-jak-funguje-eneschopenka/,Digitalizace zdravotnictví: jak funguje eNeschopenka?,"27. 7. 2020 — Díky novému systému nemusíte průkaz nikam nosit, slouží totiž především vám. Najdete na něm termíny dalších kontrol, údaje o trvání neschopenky, ..."
jak funguje eNeschopenka,6,organic,www.vema.cz,https://www.vema.cz/cs-cz/eneschopenka-2023-kdy-a-jak-ji-pouzivat,eNeschopenka 2023: Kdy a jak ji používat,"Termín eNeschopenka označuje elektronickou formu potvrzení o pracovní neschopnosti, kterou lze v České republice používat od roku 2020. Na rozdíl od klasické ..."
jak funguje eNeschopenka,7,organic,www.e15.cz,https://www.e15.cz/finexpert/prace-a-mzda/pracovni-neschopenka-2025-plat-kontrola-vychazky-a-jak-funguje-1410332,"Pracovní neschopenka 2025: Plat, kontrola, vycházky, jak ...",27. 11. 2025 — eNeschopenka: Jak funguje elektronická neschopenka? · Při vyplňování eNeschopenky zadá lékař do systému rodné číslo pacienta. · Lékař připojí ...
jak funguje eNeschopenka,8,organic,www.banky.cz,https://www.banky.cz/clanky/jak-funguje-eneschopenka-kompletni-pruvodce-pro-zamestnance/,Jak funguje eNeschopenka – průvodce pro zaměstnance,"18. 7. 2025 — Jak už jsme zmínili, prvních 14 dní dočasné pracovní neschopnosti dostáváte náhradu mzdy od zaměstnavatele. Její výše je 60 % z redukovaného ..."
jak funguje eNeschopenka,9,organic,dostupnyadvokat.cz,https://dostupnyadvokat.cz/blog/neschopenka-vychazky,Neschopenka: jak fungují vycházky a kdy může přijít ...,19. 3. 2025 — Vycházky při nemocenské stanovuje ošetřující lékař a mohou trvat nejvýše 6 hodin denně v rozmezí 7:00–19:00. Mohou být rozdělené do více ...
jak funguje eNeschopenka,10,organic,www.nzip.cz,http://www.nzip.cz/clanek/1158-eneschopenka-potvrzeni-o-trvani-docasne-pracovni-neschopnosti,Elektronická neschopenka (eNeschopenka) | NZIP,"Díky eNeschopence již ale nemocný nemusí sám žádat o nemocenskou, to zařizuje elektronicky lékař. Peníze mu přijdou stejným způsobem jako výplata. Stále platí, ..."
jak funguje eNeschopenka,11,organic,www.fakturaonline.cz,https://www.fakturaonline.cz/podnikateluv-pruvodce/finance-a-ucetnictvi/statni-podpora/nemocenska-a-neschopenka-jak-to-funguje-a-kolik-behem-nemoci-dostanete,Nemocenská a neschopenka: jak to funguje a kolik během ...,"24. 6. 2026 — Nemocenská je dávka z nemocenského pojištění, kterou stát vyplácí od 15. dne pracovní neschopnosti – do té doby dostáváte od zaměstnavatele ..."
jak funguje eNeschopenka,12,related_searches,,,,
jak funguje eNeschopenka,13,organic,www.mediclinic.cz,https://www.mediclinic.cz/clanky/neschopenka-jak-to-vlastne-funguje,Neschopenka – jak to vlastně funguje? - Články | Mediclinic.cz,"Potvrzení o trvání pracovní neschopnosti, tzv. lístek na peníze, vystavuje lékař po 14 dnech trvání pracovní neschopnosti a dále na konci každého měsíce. Pokud ..."
jak funguje eNeschopenka,14,organic,www.proprarodice.cz,https://www.proprarodice.cz/c/elektronicka-neschopenka-eneschopenka-1678,Elektronická neschopenka (eNeschopenka),"6. 2. 2025 — Pacient už tedy nemusí předávat doklady zaměstnavateli, náhrada mzdy i nemocenské mu přijde automaticky. Nemocnému dál zůstává v papírové podobě ..."
jak funguje eNeschopenka,15,organic,www.myglobalhealth.online,https://www.myglobalhealth.online/czechia/cs/blog/neschopenka-jak-funguje-eneschopenka,Neschopenka: jak funguje eNeschopenka (2026),"7. 8. 2026 — Dočasná pracovní neschopnost je od roku 2020 plně elektronická. Papír už nikam nenosíte — nese ho za vás lékař, do systému ČSSZ. Neschopenka ..."
jak funguje eNeschopenka,16,organic,eportal.cssz.cz,https://eportal.cssz.cz/web/portal/-/sluzby/informace-o-docasne-pracovni-neschopnosti,Informace o dočasné pracovní neschopnosti - ePortál ČSSZ,"Služba poskytuje seznam všech dočasných pracovních neschopností pojištěnce, které vznikly v aktuálním roce a 5 let zpětně. více informací o službě. Služba ..."
jak funguje eNeschopenka,17,organic,www.zakonyprolidi.cz,https://www.zakonyprolidi.cz/blog/docasna-pracovni-neschopnost-a-vyplata-nemocenskeho.htm,Dočasná pracovní neschopnost a výplata nemocenského,16. 12. 2025 — Nemocenské je jedna ze 6 dávek vyplácených fyzické osobě z jejího nemocenského pojištění při splnění zdravotních podmínek.
jak funguje eNeschopenka,18,organic,www.simplea.cz,https://www.simplea.cz/neschopenka-a-vse-o-ni,Neschopenka a vše o ní,"Jak funguje eNeschopenka. Eletrknická neschopenka (eNeschopenka) o třech dílech nahradila v roce 2020 původní papírovou neschopenku, která měla pět částí."
jak funguje eNeschopenka,19,organic,www.kurzy.cz,https://www.kurzy.cz/prispevky-davky/pracovni-neschopnost/,Pracovní neschopnost: prvních 14 dnů nemoci náleží ...,"Pracovní neschopnost vzniká, pokud je člověk lékařem dočasně uznán neschopen výkonu své práce ze zdravotních důvodů. Důvodem dočasné pracovní neschopnosti ..."
jak funguje eNeschopenka,20,organic,www.facebook.com,https://www.facebook.com/kurzy.cz/videos/onemocn%C4%9Bl-jsi-takhle-funguje-neschopenka-a-nemocensk%C3%A1-pap%C3%ADrov%C3%A9-neschopenky-u%C5%BE-se/2982594001950047/,Onemocněl jsi? Takhle funguje neschopenka a nemocenská ...,Lékař vystaví eNeschopenku a systém ji automaticky pošle zaměstnavateli i sociálce. Prvních 14 dní ti platí zaměstnavatel náhradu mzdy ...
eRecept online,1,organic,pacient.erecept.sukl.cz,https://pacient.erecept.sukl.cz/,eRecept - SÚKL,Aplikace nabízí přístup k vašim elektronickým receptům a záznamům očkování. Aplikace umožnuje nastavení souhlasů do lékového záznamu a souhlasů k očkovacímu ...
eRecept online,2,organic,www.drmaxlekynapredpis.cz,https://www.drmaxlekynapredpis.cz/,eRecept: Léky na předpis,Jak si vytvořím on-line rezervaci léku na eReceptu? Rezervaci on-line si vytvoříte jednoduše na www.drmaxlekynapredpis.cz nebo v mobilní aplikaci Dr.Max. Pro ...
eRecept online,3,organic,epreskripce.gov.cz,https://epreskripce.gov.cz/,ePreskripce – Oficiální web elektronické preskripce,O eReceptu. eRecept je recept vystavený v elektronické podobě. Lékařem vystavený eRecept je uložen do tzv. Centrálního úložiště elektronických receptů (CÚER).
eRecept online,4,ai_overview,,,,
eRecept online,5,organic,portal.gov.cz,http://portal.gov.cz/sluzby-vs/aplikace-erecept-pro-pacienty-S11087,Aplikace eRecept pro pacienty - gov.cz,"Prostřednictvím webové a mobilní aplikace eRecept má pacient přístup ke všem o něm vedeným údajům, včetně lékového záznamu, nastavení souhlasů k němu a ..."
eRecept online,6,people_also_ask,,,,
eRecept online,7,organic,www.benunapredpis.cz,https://www.benunapredpis.cz/,Rezervujte eRecepty online,"Díky rezervaci eReceptu sami vidíte, jaké léky máte předepsané a také jejich dostupnost na více než 400 BENU Lékárnách po ČR. Máte tak léky na jednom místě ..."
eRecept online,8,organic,www.mojelekarna.cz,https://www.mojelekarna.cz/e-recept,eRecept,"Vyberte lékárnu ze seznamu, ve které si chcete své léky rezervovat a vložte kód eReceptu, své kontaktní údaje a po odeslání obdržíte na Váš mobilní telefon ..."
eRecept online,9,organic,gynlink.cz,https://gynlink.cz/,Gynlink,"Co je to eRecept? Lékařský recept (předpis) vystavený lékařem v elektronické podobě. Má svůj unikátní kód, pod kterým ho v centrálním registru lékárník dohledá."
eRecept online,10,organic,www.benu.cz,https://www.benu.cz/caste-otazky-erecept,Časté dotazy týkající se eReceptu a On-line rezervací léků ...,Dotazy týkající se eReceptu. Co je eRecept? Jak dlouho platí eRecept? Může lékař nastavit delší platnost eReceptu? Jak zjistit obsah eReceptu?
eRecept online,11,organic,system.erecept.sukl.cz,https://system.erecept.sukl.cz/,Přihlaste se do aplikace eRecept - SÚKL,"Aplikace nabízí přístup k funkcím systému eRecept (modul eRecept, modul ePoukaz, modul eOčkování). Aplikace je určena pro profesionální pracovníky ve ..."
eRecept online,12,related_searches,,,,
eRecept online,13,organic,www.nzip.cz,http://www.nzip.cz/clanek/482-elektronicky-recept-erecept,Elektronický recept (eRecept) a jeho funkce,"Systém eRecept umožňuje předepsat léky na dálku, bez nutnosti navštívit lékaře. Shromažďuje také informace o všech předepsaných lécích, a díky tomu může ..."
eRecept online,14,organic,erecept-alphega.cz,https://erecept-alphega.cz/,erecept-alphega.cz,"Zadejte 12-místné číslo eReceptu, vyberte si jednu z 300 Alphega lékáren a léky si vyzvedněte. Potřebujete poradit? Volejte +420 800 800 118 Po-Pá: ..."
eRecept online,15,organic,apps.apple.com,https://apps.apple.com/cz/app/erecept/id1271309582,eRecept - App Store - Apple,Co je eRecept? eRecept je recept vystavený v elektronické podobě. Lékařem vystavený eRecept je uložen do tzv. Centrálního úložiště elektronických receptů ...
eRecept online,16,organic,epreskripce.gov.cz,https://epreskripce.gov.cz/aplikace-erecept/,Aplikace eRecept,O eReceptu · Pacient · Odborní pracovníci · Dodavatel · Často kladené otázky · Statistika Přístupy · Úvodní stránka · Aplikace eRecept. Aplikace eRecept.
eRecept online,17,organic,www.mojeambulance.cz,https://www.mojeambulance.cz/online-objednavka/2c/,Předpis léků | mojeambulance.cz,"eRecept vám bude zaslán formou SMS na vámi uvedené telefonní číslo v hlavičce žádosti. Upozorňuje, že uvedené číslo se musí shodovat s telefonním číslem v ..."
eRecept online,18,organic,www.em-med.cz,https://www.em-med.cz/poruba/erecept.php,eRecept,"Jedná se o novou moderní elektronickou formu předpisu léků, vhodnou zejména k zasílání receptů u chronicky nemocných pacientů s dlouhodobou léčbou. e-recept."
eRecept online,19,organic,play.google.com,https://play.google.com/store/apps/details?id=cz.sukl.ereceptpacient&hl=cs,eRecept – Aplikace na Google Play,"Aplikace poskytuje uživatelům zobrazení jejich elektronických receptů (eReceptů), elektronických poukazů (ePoukazů) a očkovacích záznamů (do 11/2022)."
eRecept online,20,organic,www.zhkhk.cz,https://www.zhkhk.cz/cs/news/18143-1/novinka-dejte-o-erecept-pohodln-online,Novinka: Žádejte o eRecept pohodlně online!,31. 10. 2024 — Jak to funguje? Pacienti mohou o eRecept požádat z pohodlí domova – stačí vyplnit formulář na našich webových stránkách. Náš zdravotnický tým ...
online recept na léky,1,organic,gynlink.cz,https://gynlink.cz/,Gynlink,Jak funguje eRecept? · Vyberete si lék a vyplníte dotazník · Na základě poskytnutých informací posoudíme váš zdravotní stav · Uhradíte poplatek za zákaznický ...
online recept na léky,2,organic,www.drmaxlekynapredpis.cz,https://www.drmaxlekynapredpis.cz/,eRecept: Léky na předpis,"Šetřete čas. Rezervujte si léky na předpis on-line. Stačí mít svůj eRecept. Až budou Vaše léky připravené, kontaktuje Vás lékárna SMS zprávou a e-mailem."
online recept na léky,3,organic,www.mojeambulance.cz,https://www.mojeambulance.cz/online-objednavka/2c/,Předpis léků | mojeambulance.cz,"eRecept vám bude zaslán formou SMS na vámi uvedené telefonní číslo v hlavičce žádosti. Upozorňuje, že uvedené číslo se musí shodovat s telefonním číslem v naší ..."
online recept na léky,4,ai_overview,,,,
online recept na léky,5,organic,epreskripce.gov.cz,https://epreskripce.gov.cz/,ePreskripce – Oficiální web elektronické preskripce,O eReceptu. eRecept je recept vystavený v elektronické podobě. Lékařem vystavený eRecept je uložen do tzv. Centrálního úložiště elektronických receptů (CÚER).
online recept na léky,6,people_also_ask,,,,
online recept na léky,7,organic,www.benunapredpis.cz,https://www.benunapredpis.cz/,Rezervujte eRecepty online,"Díky rezervaci eReceptu sami vidíte, jaké léky máte předepsané a také jejich dostupnost na více než 400 BENU Lékárnách po ČR. Máte tak léky na jednom místě ..."
online recept na léky,8,organic,www.mojelekarna.cz,https://www.mojelekarna.cz/e-recept,eRecept,"Vyberte lékárnu ze seznamu, ve které si chcete své léky rezervovat a vložte kód eReceptu, své kontaktní údaje a po odeslání obdržíte na Váš mobilní telefon ..."
online recept na léky,9,organic,www.benu.cz,https://www.benu.cz/caste-otazky-erecept,Časté dotazy týkající se eReceptu a On-line rezervací léků ...,eRecept je předpis na léky vystavený v elektronické podobě. eRecept vystaví lékař a informace o předepsaných lécích uloží do databáze Centrálního úložiště ...
online recept na léky,10,organic,pacient.erecept.sukl.cz,https://pacient.erecept.sukl.cz/,Přihlaste se,Přihlaste se do aplikace eRecept. Aplikace nabízí přístup k vašim elektronickým receptům a záznamům očkování. Aplikace umožnuje nastavení souhlasů do lékového ...
online recept na léky,11,organic,portal.gov.cz,http://portal.gov.cz/sluzby-vs/aplikace-erecept-pro-pacienty-S11087,Aplikace eRecept pro pacienty - gov.cz,"Prostřednictvím webové a mobilní aplikace eRecept má pacient přístup ke všem o něm vedeným údajům, včetně lékového záznamu, nastavení souhlasů k němu a ..."
online recept na léky,12,related_searches,,,,
online recept na léky,13,organic,www.khl.cz,https://www.khl.cz/cs/elektronicky-recept?listId=61,Elektronický recept,"Není nutné si své léky vyzvednout ihned, platnost eReceptu je ve většině případů 14 dní, pokud se nejedná o recept z pohotovosti, nebo recept opakovací. Své ..."
online recept na léky,14,organic,www.nzip.cz,http://www.nzip.cz/clanek/482-elektronicky-recept-erecept,Elektronický recept (eRecept) a jeho funkce,"Systém eRecept umožňuje předepsat léky na dálku, bez nutnosti navštívit lékaře. Shromažďuje také informace o všech předepsaných lécích, a díky tomu může ..."
online recept na léky,15,organic,www.drmaxlekynapredpis.cz,https://www.drmaxlekynapredpis.cz/dle-ereceptu,Rezervace léků na předpis,"Šetřete čas. Rezervujte si léky na předpis on-line. Stačí mít svůj eRecept. Až budou Vaše léky připravené, kontaktuje Vás lékárna SMS zprávou a e-mailem."
online recept na léky,16,organic,www.facebook.com,https://www.facebook.com/mojeambulance/videos/v%C3%ADte-%C5%BEe-trvale-u%C5%BE%C3%ADvan%C3%A9-l%C3%A9ky-si-u-n%C3%A1s-m%C5%AF%C5%BEete-p%C5%99edepsat-snadno-i-online-%EF%B8%8F-sta%C4%8D%C3%AD-vy/1292296392205430/,"Víte, že trvale užívané léky si u nás můžete předepsat snadno ...","Víte, že trvale užívané léky si u nás můžete předepsat snadno i online ? 🖍️ Stačí vyplnit formulář v appce Moje Ambulance – a je to!"
online recept na léky,17,organic,erecept-alphega.cz,https://erecept-alphega.cz/,Rezervace léků na předpis | Alphega,"Zadejte 12-místné číslo eReceptu, vyberte si jednu z 300 Alphega lékáren a léky si vyzvedněte. Potřebujete poradit? Volejte +420 800 800 118 Po-Pá: 9:00-15:00."
online recept na léky,18,organic,europa.eu,https://europa.eu/youreurope/citizens/health/prescription-medicine-abroad/prescriptions/index_cs.htm,přeshraniční předpis - Europa.eu,
online recept na léky,19,organic,www.lekarnauhrineves.cz,https://www.lekarnauhrineves.cz/e-recept/,E-recept :: lekarnauhrineves,"Moderní způsob, jak získat své léky bez zbytečného papírování. Lékař Vám místo klasického receptu odešle elektronický kód, který uloží do Centrálního ..."
online recept na léky,20,organic,www.em-med.cz,https://www.em-med.cz/belskyles/erecept.php,eRecept,"Jedná se o novou moderní elektronickou formu předpisu léků, vhodnou zejména k zasílání receptů u chronicky nemocných pacientů s dlouhodobou léčbou. e-recept."
obnovení receptu online,1,ai_overview,,,,
obnovení receptu online,2,organic,epreskripce.gov.cz,https://epreskripce.gov.cz/,ePreskripce – Oficiální web elektronické preskripce,O eReceptu. eRecept je recept vystavený v elektronické podobě. Lékařem vystavený eRecept je uložen do tzv. Centrálního úložiště elektronických receptů (CÚER).
obnovení receptu online,3,organic,www.drmaxlekynapredpis.cz,https://www.drmaxlekynapredpis.cz/,eRecept: Léky na předpis,"Vystaví Vám papírovou průvodku eReceptu, podobnou klasickému receptu, s dvanáctimístným kódem. ... Zašle Vám identifikátor (12-ti místný kód) prostřednictvím SMS ..."
obnovení receptu online,4,organic,www.benunapredpis.cz,https://www.benunapredpis.cz/,Rezervujte eRecepty online,"Běžte na stránky benunapredpis.cz nebo do BENU aplikace, klikněte na „Rezervovat eRecept“, vložte jeden nebo více receptů a vyhledejte lékárnu. V tomhle kroku ..."
obnovení receptu online,5,organic,www.benu.cz,https://www.benu.cz/caste-otazky-erecept,Časté dotazy týkající se eReceptu a On-line rezervací léků ...,"V případě, že jste ztratili průvodku eReceptu nebo jste smazali SMS s kódem eReceptu receptu, lze vydat eRecept po načtení čísla občanského průkazu nebo ..."
obnovení receptu online,6,organic,www.mojelekarna.cz,https://www.mojelekarna.cz/e-recept,eRecept,"Jakmile Vám léky připravíme, budeme Vás informovat prostřednictvím SMS na Váš mobilní telefon. Číslo eReceptu *. Datum platnosti eReceptu *."
obnovení receptu online,7,organic,pacient.erecept.sukl.cz,https://pacient.erecept.sukl.cz/,Přihlaste se,Přihlaste se do aplikace eRecept. Aplikace nabízí přístup k vašim elektronickým receptům a záznamům očkování. Aplikace umožnuje nastavení souhlasů do lékového ...
obnovení receptu online,8,organic,gynlink.cz,https://gynlink.cz/,Gynlink,Jak funguje eRecept? · Vyberete si lék a vyplníte dotazník · Na základě poskytnutých informací posoudíme váš zdravotní stav · Uhradíte poplatek za zákaznický ...
obnovení receptu online,9,organic,portal.gov.cz,http://portal.gov.cz/sluzby-vs/aplikace-erecept-pro-pacienty-S11087,Aplikace eRecept pro pacienty - gov.cz,"Prostřednictvím webové a mobilní aplikace eRecept má pacient přístup ke všem o něm vedeným údajům, včetně lékového záznamu, nastavení souhlasů k němu a ..."
obnovení receptu online,10,organic,www.mojeambulance.cz,https://www.mojeambulance.cz/online-objednavka/2c/,Předpis léků | mojeambulance.cz,"eRecept vám bude zaslán formou SMS na vámi uvedené telefonní číslo v hlavičce žádosti. Upozorňuje, že uvedené číslo se musí shodovat s telefonním číslem v naší ..."
obnovení receptu online,11,related_searches,,,,
obnovení receptu online,12,organic,www.drmax.cz,https://www.drmax.cz/zeptejte-se-lekarnika/e-recept41,e-recept,e-recept | Dr. Max lékárna.
obnovení receptu online,13,organic,www.nzip.cz,http://www.nzip.cz/clanek/482-elektronicky-recept-erecept,Elektronický recept (eRecept) a jeho funkce,"Běžný elektronický recept platí 14 dnů, lékař může jeho platnost prodloužit až na 1 rok. Výjimkou je recept vystavený pohotovostní lékařskou službou, ten platí ..."
obnovení receptu online,14,organic,erecept-alphega.cz,https://erecept-alphega.cz/,Rezervace léků na předpis | Alphega,"12místný kód můžete opsat, zkopírovat z SMS nebo použijte tlačítko fotoaparátu pro nascanování QR kódu. Pro přidání dalšího eReceptu použijte ikonu +."
obnovení receptu online,15,organic,www.myglobalhealth.online,https://www.myglobalhealth.online/czechia/cs/services/obnoveni-lecby,Obnova léčby online | eRecept bez čekání - Global Health,"Obnova léčby online — bez čekárny, s eRecepty · Lékař registrovaný v Czechia · Okamžité potvrzení e-mailem · Souhrn konzultace v ceně."
obnovení receptu online,16,organic,www.drmaxlekynapredpis.cz,https://www.drmaxlekynapredpis.cz/dle-ereceptu,Rezervace léků na předpis,"Šetřete čas. Rezervujte si léky na předpis on-line. Stačí mít svůj eRecept. Až budou Vaše léky připravené, kontaktuje Vás lékárna SMS zprávou a e-mailem."
obnovení receptu online,17,organic,www.facebook.com,https://www.facebook.com/nemocnicest/videos/-recept-bez-%C4%8Dek%C3%A1n%C3%AD-v-%C4%8Dek%C3%A1rn%C4%9B-jde-tod%C3%ADky-aplikaci-mzdrav%C3%AD-si-m%C5%AF%C5%BEete-jednodu%C5%A1e-po%C5%BE/4529998133915839/,Recept bez čekání v čekárně? Jde to. Díky aplikaci mZdraví si ...,Recept bez čekání v čekárně? Jde to. Díky aplikaci mZdraví si můžete jednoduše požádat o opakovaný eRecept přímo z telefonu. Bez zbytečného ...
obnovení receptu online,18,organic,www.lekarnauhrineves.cz,https://www.lekarnauhrineves.cz/e-recept/,E-recept :: lekarnauhrineves,"Vyplňte číslo Vašeho eReceptu. 12místný kód můžete opsat, zkopírovat z SMS nebo použijte tlačítko fotoaparátu pro nascanování QR kódu. Vyberte si Alphega ..."
obnovení receptu online,19,organic,www.lekarnakunstat.cz,https://www.lekarnakunstat.cz/blog/jak-si-jednoduse-zadat-e-recept-online-a-vyzvednout-si-leky-v-nasi-lekarne,Jak na eRecept online a vyzvednutí léků v naší lékárně,"3. 9. 2025 — Jednoduchý návod, jak si zadat eRecept online přes Moje lékárna a mít léky připravené k vyzvednutí v naší lékárně v Kunštátě."
obnovení receptu online,20,organic,www.em-med.cz,https://www.em-med.cz/poruba/erecept.php,eRecept,"eRecept neboli takzvaná elektronická preskripce je moderní forma předpisu léků, vhodná pro pacienty, kteří nemusí jen kvůli receptu navštívit lékařskou ..."
žádanka online,1,ai_overview,,,,
žádanka online,2,organic,www.ezdravi.gov.cz,https://www.ezdravi.gov.cz/katalog-sluzeb/5,EŽádanky,"21. 8. 2026 — Okamžitý a bezpečný přístup k elektronické zdravotní dokumentaci, eŽádankám, eReceptům a dalším službám elektronického zdravotnictví."
žádanka online,3,organic,www.unilabs.cz,https://www.unilabs.cz/cs/odbornici/e-zadanka,E-Žádanka,"Unilabs v současné době umožňuje vytvářet e-Žádanku pro biochemii, hematologii, imunologii, alergologii a mikrobiologii. e-Žádanky pro genetiku a patologii ..."
žádanka online,4,organic,www.synlab.cz,https://www.synlab.cz/pro-lekare/zadanky,Online žádanky - kompletní seznam,"SYNLAB nabízí žádanky pro 16 odborností, mezi ně patří biochemie, alergologie, bakteriologie, genetika, cytologie. Dále také STATIM pro naléhavé případy."
žádanka online,5,organic,ncez.mzcr.cz,http://ncez.mzcr.cz/cs/node/5542,Systém eŽádanky,"V systému eŽádanky vystupují v roli žadatele (vystavuje elektronické žádanky), a/nebo příjemce (přijímá, zpracovává a vyřizuje elektronické žádanky). Služby a ..."
žádanka online,6,organic,mzd.gov.cz,https://mzd.gov.cz/tiskove-centrum-mz/spusteni-nove-digitalni-sluzby-portal-lekare-a-pacienta/,Portál lékaře a pacienta přinese první verzi elektronických ...,"2. 1. 2026 — Portál elektronického zdravotnictví umožní lékařům vystavovat elektronické žádanky například na zobrazovací, konziliární či fyzioterapeutická ..."
žádanka online,7,organic,www.spadia.cz,https://www.spadia.cz/zdravotnici/provoz/zadanky/,Žádanky,"Žádanka veterinární, 03.07.2026. Elektronické žádanky on-line. Vytvořit žádanku on-line přes systém Virtual LAB. NEPŘEHLÉDNĚTE. ×. RBP v srpnu přispěje na ..."
žádanka online,8,organic,www.interimun.cz,https://www.interimun.cz/57/Elektronicka_zadanka/,Elektronická žádanka,"Služba zasílání elektronických žádanek do laboratoře je pro lékaře ZDARMA. Snadná orientace - tematické členění do záložek, barevné rozlišení; Předvyplnění ..."
žádanka online,9,organic,www.mojeambulance.cz,https://www.mojeambulance.cz/online-objednavka/3g/,"Odborné vyšetření, žádanka | mojeambulance.cz","Vystavení žádanky praktickým lékařem nebývá v mnoha případech nutné a dojde tak k urychlení vašeho vyšetření. V případě, že specialista od praktického lékaře ..."
žádanka online,10,organic,www.euclaboratore.cz,https://www.euclaboratore.cz/lekar/zadanky-a-souhlasy/,Žádanky a souhlasy,Univerzální žádanka (metody přeposílané do smluvních laboratoří ) · Nakupujte v naší online lékárně · Nechte se vyšetřit online · Objednejte laboratorní test ...
žádanka online,11,related_searches,,,,
žádanka online,12,organic,www.seznamzpravy.cz,https://www.seznamzpravy.cz/clanek/domaci-zivot-v-cesku-misto-papiru-od-lekaru-zadanka-do-mobilu-zkratit-ma-i-cekani-na-vysetreni-253160,Místo papírů od lékařů žádanka do mobilu. Zkrátit má i ...,5. 6. 2024 — Elektronickou žádanku v mobilu by mohli první pacienti dostat už příští rok. Zjednoduší to cestu k lékaři. Pacientům by ale mohla zkrátit i ...
žádanka online,13,organic,www.agellab.cz,https://www.agellab.cz/ilab,ON-LINE nástroje pro lékaře spolupracující se sítí ...,"Výhody elektronické žádanky pro lékaře a zdravotnická zařízení: Usnadňuje, zjednodušuje a zrychluje lékaři objednávku laboratorních vyšetření. Je modulární ..."
žádanka online,14,organic,eregpublicsecure.ksrzis.cz,https://eregpublicsecure.ksrzis.cz/Registr/CUD/Zadanka,Chyba - Žádanky testů COVID-19,"Žádanka je dostupná pouze oprávněným uživatelům. Bližší informace naleznete na https://www.uzis.cz/res/file/dokumenty/formulare/zadanka-covid-19.pdf, ..."
žádanka online,15,organic,www.eradiologie.cz,https://www.eradiologie.cz/pro-lekare/,Pro lékaře,Online žádanky můžete samozřejmě vyplnit a odesílat i jako neregistrovaný uživatel. Využití webového portálu povede i ke zkvalitnění zdravotní péče ...
žádanka online,16,organic,laboklin.cz,https://laboklin.cz/zadanky/,Žádanky,"Stáhněte si genetickou žádanku a otevřete katalog cen · V katalogu najděte testy, které chcete objednat · Napište jejich názvy a kódy na genetickou žádanku a ..."
žádanka online,17,organic,www.facebook.com,https://www.facebook.com/ncez.mzcr.cz/videos/elektronick%C3%A9-%C5%BE%C3%A1danky-zat%C3%ADm-p%C5%99es-port%C3%A1l-ezdrav%C3%AD-napojen%C3%AD-ambulantn%C3%ADch-syst%C3%A9m%C5%AF-se-/1484398706391028/,"Elektronické žádanky: zatím přes Portál eZdraví, napojení ...",Elektronická žádanka by měla být v ambulantních systémech dostupná ve druhé polovině roku. Vedle toho se v praxi využívají také ePosudky pro ...
žádanka online,18,organic,www.novinky.cz,https://www.novinky.cz/clanek/domaci-e-zadanky-na-vysetreni-zatim-moc-nefunguji-40555723,E-žádanky na vyšetření zatím moc nefungují,"4. 1. 2026 — Pacienti své žádanky uvidí na webovém portálu eZdraví nebo v mobilní aplikaci EZKarta. Ta nahradila aplikaci Tečka, kterou lidé používali v době ..."
žádanka online,19,organic,www.agilab-group.cz,https://www.agilab-group.cz/lekar/zadanky/,Žádanky,"Žádanky · Doporučení · Ceník vyšetření · Laboratorní příručka · Spolupráce · Výsledky ON-LINE. Žádanka pro biochemická, imunologická a hematologická vyšetření."
žádanka online,20,organic,www.vidia-diagnostika.cz,https://www.vidia-diagnostika.cz/zadanky-ke-stazeni,Žádanky ke stažení,"Žádanky ke stažení. Žádanka A - Biochemie, hematologie, inf. sérologie Žádanka B - Bakteriologie (dříve C) Žádanka - OGTT Žádanka - Gynekologie."
doporučení ke specialistovi,1,ai_overview,,,,
doporučení ke specialistovi,2,organic,doktor.cz,https://doktor.cz/clanky/kdy-potrebujete-doporuceni-od-lekare,Kdy potřebujete doporučení od praktického lékaře,"13. 3. 2026 — Ke komu POTŘEBUJETE doporučení ; Neurologii — bolesti hlavy, bolesti zad, závratě ; Kardiologii — vysoký krevní tlak, bolesti na hrudi ; Ortopedii ..."
doporučení ke specialistovi,3,organic,www.nzip.cz,http://www.nzip.cz/clanek/269-vas-odborny-lekar,Váš odborný lékař | NZIP,Spolu s doporučením k přijetí specializovaným lékařem zasílá registrující lékař též písemné odůvodnění a důležité zdravotní údaje včetně výsledků předem ...
doporučení ke specialistovi,4,organic,www.vitalia.cz,https://www.vitalia.cz/clanky/svobodny-pristup-k-odbornemu-lekari/,"Doporučení obvoďáka nepotřebujete, i když vám tvrdí opak","16. 5. 2011 — Podtrženo a sečteno: Pacient/ka v dnešní době může jít bez doporučení přímo ke specialistovi a ten jej musí přijmout, pokud má volné kapacity."
doporučení ke specialistovi,5,people_also_ask,,,,
doporučení ke specialistovi,6,organic,www.idnes.cz,https://www.idnes.cz/zpravy/domaci/povinne-doporuceni-ke-specialistovi-je-krokem-zpet.A000911151028nazory_jkl,Povinné doporučení ke specialistovi je krokem zpět,"11. 9. 2000 — V lékařské praxi specialisty se setkávám s tím, že do ordinace přicházejí i lidé bez doporučení od praktického lékaře."
doporučení ke specialistovi,7,organic,www.reflex.cz,https://www.reflex.cz/clanek/komentare/79062/svobodna-volba-lekare-aneb-potrebujete-doporuceni-praktika.html,Svobodná volba lékaře aneb potřebujete doporučení ...,"26. 4. 2017 — Podtrženo a sečteno: Pacient/ka v dnešní době může jít bez doporučení přímo ke specialistovi a ten je musí přijmout, pokud má volné kapacity."
doporučení ke specialistovi,8,organic,www.reddit.com,https://www.reddit.com/r/FamilyMedicine/comments/18q0h0s/how_do_you_deal_with_patients_who_want_a_referral/?tl=cs,"Jak řešíš pacienty, co chtějí doporučení k specialistům?","Jsou informováni, když je doporučení napsáno, jsou informováni, když je schváleno, a PAK kontaktují specializované oddělení, aby si tam ..."
doporučení ke specialistovi,9,organic,www.poliklinikaprosek.cz,https://www.poliklinikaprosek.cz/pacienti/pruvodce-zdravotnimi-sluzbami,Průvodce zdravotními službami,Důležitá poznámka: Vždy bez doporučení i v případě běžného vyšetření můžete navštívit kromě registrujících lékařů ambulanci kožního lékaře a oční. Zdravotní ...
doporučení ke specialistovi,10,organic,www.seznamzpravy.cz,https://www.seznamzpravy.cz/clanek/zdravi-plus-lekar-nechce-napsat-zadanku-ke-specialistovi-co-delat-309493,Praktik odmítá vypsat žádanku: Co můžete dělat,"4. 7. 2026 — Trpíte migrénami, berete více a více léků, ale doporučení k neurologovi stále nemáte. Potýkáte se s bolestmi kloubů, nicméně váš lékař je ..."
doporučení ke specialistovi,11,organic,mzd.gov.cz,https://mzd.gov.cz/tiskove-centrum-mz/lekaru-je-dost-chodime-k-nim-ale-zbytecne-casto-rika-odbornice-z-ministerstva-zdravotnictvi/,"Lékařů je dost, chodíme k nim ale zbytečně často, říká ...","Jinde bývá běžné, že ke specialistovi jdete až na základě doporučení praktického lékaře (tzv. gatekeeping), u nás je svobodná volba poskytovatele. Takže ..."
doporučení ke specialistovi,12,related_searches,,,,
doporučení ke specialistovi,13,organic,www.ferovanemocnice.cz,https://www.ferovanemocnice.cz/pravni-poradna/souhlas-a-rozhodovani-pacienta-32/n-ke-specialistov-33.html,Právní poradna pro pacienty,"30. 1. 2009 — Pacient si tedy může vybrat: buď navštíví praktického lékaře a nechá se vyšetřit a případně si vystavit doporučení ke specialistovi, nebo se ..."
doporučení ke specialistovi,14,organic,www.idnes.cz,https://www.idnes.cz/zpravy/domaci/ke-specialistovi-bez-doporuceni-praktickeho-lekare-zaplatite-200-korun.A100805_170126_domaci_taj/diskuse,Ke specialistovi bez doporučení praktického lékaře? ...,"10. 8. 2010 — Lidé, kteří se s potížemi vydají rovnou k ambulantnímu specialistovi a nenechají si napsat doporučení od praktického lékaře, zaplatí za ..."
doporučení ke specialistovi,15,organic,www.prahalove.cz,https://www.prahalove.cz/objednani-ke-specialistovi-praha/,Jak se v Praze objednat ke specialistovi a kdy ... - Prahalove.cz,"18. 8. 2026 — Potřebuju ke specialistovi vždy doporučení? Ne vždy. K většině ambulantních specialistů se jde s doporučením od praktika, ale některé ..."
doporučení ke specialistovi,16,organic,metropolevsech.eu,https://metropolevsech.eu/cs/zdravotni-informace-pro-drzitele-docasne-ochrany/jak-si-najit-praktickeho-lekare/,Jak si najít praktického lékaře? | PRAHA,"žádanku na vyšetření ke specialistům (např. gastroenterolog, endokrinolog, alergolog, kardiolog, neurolog…). Ke specialistovi se můžete objednat i bez žádanky, ..."
doporučení ke specialistovi,17,organic,www.ortopedie-kojetin.cz,https://www.ortopedie-kojetin.cz/dotaz/potrebuji-doporuceni-,Potřebuji doporučení? -,Musím mít k vyšetření doporučení? Odpověď: V současnosti není doporučení praktického lékaře vyžadováno. V některých případech je to ale vhodnější.
doporučení ke specialistovi,18,organic,medicina-centrum.cz,https://medicina-centrum.cz/povinnosti-praktickych-lekaru-a-ambulantnich-specialistu/,Povinnosti praktických lékařů a ambulantních specialistů,"předepisování léků; indikaci vyšetření (zobrazovacích, laboratorních apod.) doporučení k rehabilitaci; vystavení a vedení dočasné pracovní neschopnosti (DPN)."
doporučení ke specialistovi,19,organic,www.nzip.cz,http://www.nzip.cz/rejstrikovy-pojem/124,odesílání pacientů ke specialistům | NZIP,"Doporučení k vyšetření u specialisty, žádanka na laboratorní vyšetření nebo zobrazovací metody není nárokové a praktický lékař ho nemusí vystavit, pokud ho ..."
doporučení ke specialistovi,20,organic,www.odpovedi.cz,https://www.odpovedi.cz/otazky/je-vzdy-potreba-doporuceni-od-praktickeho-lekare,Je vždy potřeba doporučení od praktického lékaře?,"Ne, není potřeba nikdy – objednat se ke specialistovi můžeš i bez jakéhokoli doporučení… Ale je lepší se předem s ´obvoďákem´ domluvit – abys nemusela těch ..."
lékařská zpráva online,1,ai_overview,,,,
lékařská zpráva online,2,organic,eportal.cssz.cz,https://eportal.cssz.cz/web/portal/-/tiskopisy/lps-dmr,Podrobná lékařská zpráva (Detailed Medical Report),"Tiskopis vyplňuje ošetřující lékař v souladu s platnými vnitrostátními předpisy na základě provedeného vyšetření, objednaného ze strany lékařské posudkové ..."
lékařská zpráva online,3,organic,www.cssz.gov.cz,https://www.cssz.gov.cz/podrobna-lekarska-zprava,Podrobná lékařská zpráva,Formulář vyplňuje v ČR ošetřující lékař v souladu s platnými vnitrostátními předpisy na základě žádanky o provedení vyšetření a vyplnění tiskopisu od ČSSZ .
lékařská zpráva online,4,organic,portalobcana.gov.cz,https://portalobcana.gov.cz/cs/napoveda/clanky-a-navody/zdravotnicka-dokumentace,Zdravotnická dokumentace | portalobcana.cz - Portál občana,"V Portálu občana si můžete stáhnout elektronický výpis ze zdravotnické dokumentace. A to od poskytovatelů zdravotních služeb, kteří jsou připojení k Národnímu ..."
lékařská zpráva online,5,organic,www.online.ikem.cz,https://www.online.ikem.cz/lekarske-zpravy,Lékařské zprávy,"Všechny lékařské zprávy a vyšetření budete mít aktuální a na jednom místě. I ty, které jste si nahráli sami z ostatních lékařských zařízení."
lékařská zpráva online,6,organic,eportal.cssz.cz,https://eportal.cssz.cz/tiskopisy-pro-lekare,Pro lékaře - ePortál ČSSZ,Podrobná lékařská zpráva (Detailed Medical Report). Zjistit více · Vyplnit. 89 627 8. Potvrzení o nařízení karantény. Zjistit více. 89 622 2. Potvrzení o trvání ...
lékařská zpráva online,7,organic,play.google.com,https://play.google.com/store/apps/details?id=com.whocodes.medical_report_analyzer&hl=cs,Medical Report Check Online,Chcete zkontrolovat lékařskou zprávu online? MedGPT je váš osobní tlumočník lékařských zpráv. Už vás nebaví dešifrovat složitý lékařský žargon?
lékařská zpráva online,8,people_also_ask,,,,
lékařská zpráva online,9,organic,www.businessinfo.cz,https://www.businessinfo.cz/formulare/formular-e-213-podrobna-lekarska-zprava-cssz/,Vzor formuláře E 213 Podrobná lékařská zpráva (ČSSZ),"Žádá-li osoba o invalidní důchod z jiného členského státu, je třeba vyplnit formulář E 213 (Podrobná lékařská zpráva)."
lékařská zpráva online,10,organic,portal.gov.cz,http://portal.gov.cz/sluzby-vs/nahlizeni-do-prevzate-zdravotnicke-dokumentace-a-porizovani-jejich-vypisu-nebo-kopii-S1013,Nahlížení do převzaté zdravotnické dokumentace a ...,"Pokud krajský úřad není schopen zajistit nahlížení do zdravotnické dokumentace, pořídí pro oprávněnou osobu kopii zdravotnické dokumentace do 5 dnů ode dne, kdy ..."
lékařská zpráva online,11,organic,www.ezdravi.gov.cz,https://www.ezdravi.gov.cz/,Národní portál elektronického zdravotnictví,"Okamžitý a bezpečný přístup k elektronické zdravotní dokumentaci, eŽádankám, eReceptům a dalším službám elektronického zdravotnictví."
lékařská zpráva online,12,related_searches,,,,
lékařská zpráva online,13,organic,www.ipzs.gov.cz,https://www.ipzs.gov.cz/pro-lekare-formulare,Formuláře,"K žádosti přiložíte lékařskou zprávu s odůvodněním změny pobytu, případně jinou přílohu, která se k dané žádosti vztahuje. Primárně podávejte žádost přes službu ..."
lékařská zpráva online,14,organic,www.jaknainternet.cz,https://www.jaknainternet.cz/page/3636/ehealth/,eHealth,Pacient může prostřednictvím pacientských portálů nahlížet do své zdravotní dokumentace a pročíst si například své lékařské zprávy a v případě potřeby je ...
lékařská zpráva online,15,organic,eportal.cssz.cz,https://eportal.cssz.cz/web/portal/-/tiskopisy/lzkore,Lékařská zpráva (Korea) - tiskopis CZ/KR 213 - ePortál ČSSZ,"Lékařská zpráva (Korea) - tiskopis CZ/KR 213. Tiskopis je určen pro potřeby posouzení zdravotního stavu osob, které pobývají v Koreji a žádají o český ..."
lékařská zpráva online,16,organic,mzd.gov.cz,https://mzd.gov.cz/,Ministerstvo zdravotnictví,"Více lékařů a zdravotníků pro české zdravotnictví. Vládní programy přinášejí první výsledky. Ministerstvo zdravotnictví společně s Ministerstvem školství, ..."
lékařská zpráva online,17,organic,www.mzdravi.cz,https://www.mzdravi.cz/,mZdraví,"Stáhněte si zdarma aplikaci mZdraví a už nehledejte lékařskou zprávu, objednejte k lékaři, požádejte o obnovu receptů, porozumějte svým laboratorních ..."
lékařská zpráva online,18,organic,www.meetaugust.ai,https://www.meetaugust.ai/cs/articles/how-to-get-a-doctors-note-for-work-your-online-and-in-person-guide,Jak získat lékařskou zprávu pro práci: Váš online a osobní ...,"22. 6. 2026 — Potřebujete lékařskou zprávu ve stejný den? August AI telehealth služby vám pomohou rozhodnout, zda online návštěva lékaře odpovídá vašim ..."
lékařská zpráva online,19,organic,mpsv.gov.cz,https://mpsv.gov.cz/potvrzeni-o-zdravotnim-stavu-vydane-osetrujicim-lekarem,Potvrzení o zdravotním stavu vydané ošetřujícím lékařem,"Chystáte se vyplnit formulář a podat žádost? Šetřete svůj čas a ""úřadujte"" elektronicky z domova. Zašlete nám žádost prostřednictvím IDENTITY OBČANA."
lékařská zpráva online,20,organic,eportal.cssz.cz,https://eportal.cssz.cz/web/portal/-/tiskopisy/lzjapo,Lékařská zpráva (Japonsko) - tiskopis J/CZ 213 - ePortál ČSSZ,"Tiskopis je určen pro potřeby posouzení zdravotního stavu osob, které pobývají v Japonsku a žádají o český invalidní důchod podle Smlouvy mezi ČR a ..."
druhý názor lékaře,1,ai_overview,,,,
druhý názor lékaře,2,organic,www.vzp.cz,https://www.vzp.cz/o-nas/tiskove-centrum/otazky-tydne/druhy-nazor,Druhý názor,"26. 9. 2022 — O druhý názor (tzv. second opinion) můžete požádat v případě, kdy máte závažné zdravotní problémy či onemocnění, která hrozí operací nebo ..."
druhý názor lékaře,3,organic,www.mou.cz,https://www.mou.cz/druhy-nazor/t1519,Druhý názor - Brno,Druhý názor – je o konzultaci zdravotního stavu a postupu léčby u pacienta s onkologickou diagnózou léčeného v jiném zdravotnickém zařízení.
druhý názor lékaře,4,organic,www.ftn.cz,https://www.ftn.cz/druhy-nazor-1664/,Druhý názor,"Právo na druhý názor pacient nemůže využít při poskytování neodkladné péče, a dále pokud je ve vazbě, výkonu trestu odnětí svobody nebo zabezpečovací detence."
druhý názor lékaře,5,organic,www.onkologonline.cz,https://www.onkologonline.cz/cz/,Druhý názor,"Lékařská oponentura, tzv. second opinion je ve vyspělých zemích běžná praxe, kdy pacienti konzultují svůj zdravotní stav a navrhovanou léčbu s více lékaři."
druhý názor lékaře,6,organic,www.myclinic.cz,https://www.myclinic.cz/second-opinion-druhy-nazor-lekare,Second opinion – druhý názor lékaře,"Nabízíme vám službu druhého názoru lékaře (second opinion), která vám umožní získat odborný pohled na vaši diagnózu nebo léčebný plán. Naši lékaři pečlivě ..."
druhý názor lékaře,7,organic,www.nazorlekare.cz,https://www.nazorlekare.cz/,Názor lékaře - lékaři radí lidem,"Tím získáváte jistotu, že druhý názor lékaře maximálně zohlední individuální přístup a doporučení lékaře bude v souladu s moderními postupy v daném oboru."
druhý názor lékaře,8,organic,www.mojemedicina.cz,https://www.mojemedicina.cz/pruvodce-pacienta/diagnozy/zhoubne-nadory-prsu/lecba/second_opinion.html,DRUHÝ NÁZOR – tzv. SECOND OPINION,"Zejména v případě závažné diagnózy, mají pacienti právo požádat o druhý odborný názor (tzv. second opinion). Tento postup umožňuje konzultovat zdravotní ..."
druhý názor lékaře,9,organic,www.nzip.cz,http://www.nzip.cz/clanek/238-pravo-na-druhy-nazor,Právo na druhý názor | NZIP,"I když svému lékaři důvěřujete, mohou nastat situace, kdy uvítáte názor dalšího lékaře (například vážné onemocnění, kdy se plánuje zásadní operace, apod.)."
druhý názor lékaře,10,organic,hlaspacientu.cz,https://hlaspacientu.cz/co-se-deje/reknete-svemu-lekari-o-moznosti-on-line-konzultace-ziskejte-druhy-nazor-na-svou-lecbu/,Řekněte svému lékaři o možnosti on-line konzultace,"Pokud váš lékař využije on-line konzultaci s odborníky, získá: Druhý pohled: Další odborný názor na váš zdravotní stav. Aktuální informace: Přehled o ..."
druhý názor lékaře,11,related_searches,,,,
druhý názor lékaře,12,organic,hlaspacientu.cz,https://hlaspacientu.cz/co-se-deje/reknete-svemu-lekari-o-moznosti-on-line-konzultace-ziskejte-druhy-nazor-na-svou-lecbu/,Řekněte svému lékaři o možnosti on-line konzultace,"Pokud váš lékař využije on-line konzultaci s odborníky, získá: Druhý pohled: Další odborný názor na váš zdravotní stav. Aktuální informace: Přehled o ..."
druhý názor lékaře,13,organic,www.proprarodice.cz,https://www.proprarodice.cz/c/co-znamena-druhy-nazor-2246,Co znamená druhý názor?,8. 10. 2025 — Právo pacienta na druhý názor umožňuje konzultovat diagnózu i léčbu s jinými odborníky a získat jistotu o správném postupu terapie.
druhý názor lékaře,14,organic,www.tribune.cz,https://www.tribune.cz/zdravotnictvi/neverite-ze-vas-doktor-leci-dobre-muzete-jit-za-jinym/,"Nevěříte, že vás doktor léčí dobře? Můžete jít za jiným | MT","""Dosud pacienti improvizují a mnohdy si druhý pohled lékaře shánějí tajně, aby to ten jejich nevěděl. Zákon jejich právo legitimizuje,"" říká náměstek ministra ..."
druhý názor lékaře,15,organic,usmevnejenprokrystofa.cz,https://usmevnejenprokrystofa.cz/co-me-ceka/lecba-kontroly-odbery,"Léčba, kontroly, odběry","Poslechněte si druhý názor. Přestože svému lékaři důvěřujete, mohou přijít pochyby, zda je vaše diagnóza opravdu správná. Pro váš vnitřní klid ji někdy stačí ..."
druhý názor lékaře,16,organic,www.linkos.cz,https://www.linkos.cz/lekar-a-multidisciplinarni-tym/primarni-pece/druhy-nazor-na-lecbu-onkologickych-pacientu-i-pacientu-s-revmatickym-onemocnenim/,Druhý názor na léčbu onkologických pacientů i ...,2. 6. 2020 — V praxi je rozhodování o nejvhodnější léčbě často dost komplikované. Ne vždy je čas nebo možnost poradit se s ostatními kolegy.
druhý názor lékaře,17,organic,www.ordinace.cz,https://www.ordinace.cz/clanek/pravo-na-druhy-nazor/,Má pacient právo na druhý názor?,"O druhý názor (tzv. second opinion) můžete požádat v případě, kdy máte závažné zdravotní problémy či onemocnění, která hrozí operací nebo dlouhodobým léčením ..."
druhý názor lékaře,18,organic,www.mediprofi.cz,https://www.mediprofi.cz/33/pravo-pacienta-na-druhy-nazor-a-konzultacni-sluzby-uniqueidmRRWSbk196FNf8-jVUh4EpT9gM6LsLxGEsrakJJX2TQ/,Právo pacienta na druhý názor a konzultační služby,"21. 6. 2025 — Smyslem konzultačních služeb je dovést pacienta ke skutečně informovanému souhlasu na základě všech dostupných informací, neboť navzdory snahám ..."
druhý názor lékaře,19,organic,www.unicreditbank.cz,https://www.unicreditbank.cz/cs/ostatni/druhy-lekarsky-nazor.html,Druhý lékařský názor – odborníci,Díky službě Služba Druhý lékařský názor můžete konzultovat svůj zdravotní stav s předními lékařskými odborníky z celého světa. Ať už potřebujete získat více ...
druhý názor lékaře,20,organic,ceskepodcasty.cz,https://ceskepodcasty.cz/podcast/druhy-nazor,Druhý názor,"Podcast redakce Medical Tribune a Tribune.cz o aktuálních tématech v medicíně a zdravotnictví s osobnostmi, které o nich mají co říct. Nový rozhovor každý týden ..."
kožní lékař online,1,organic,www.mediket.ch,https://www.mediket.ch/cs/contact-us-cz/consult-specialist-cz/,Kožní poradna - Mediket,Nevíte si se svou kůží rady a chcete se poradit s odborníkem? Popište co nejlépe své potíže a my na Vaši zprávu v krátké době odpovíme. · Jméno a příjmení: · E- ...
kožní lékař online,2,organic,www.institutdermatologie.cz,https://www.institutdermatologie.cz/online-dermatologicka-poradna-s-ereceptem/,Online dermatologická poradna | E-recept bez návštěvy ...,"Vyřešte své kožní potíže pohodlně online a bez čekání. Odborná pomoc dermatologa do 24–48 hodin. Služba je určena dospělým i dětem, nabízíme bezpečí, ..."
kožní lékař online,3,organic,www.konzultacelekare.cz,https://www.konzultacelekare.cz/,Konzultace s lékařem online | KonzultaceLékaře.cz,Lékařská online poradna pro pacienty. Zvolte nejlepšího lékaře a konzultujte svůj problém přes internet. Konzultace s popředními specialisty.
kožní lékař online,4,organic,www.ordinace.cz,https://www.ordinace.cz/clanek/online-konzultace-s-koznim-lekarem-akne-materska-znamenka-i-padani-vlasu/,"Online konzultace s kožním lékařem: akné, mateřská ...","Pokud i vy potřebujete pomoci, a to v mnoha medicínských oborech, pak stačí jednoduše popsat své zdravotní problémy za pomocí jednoduchého dotazníku, ..."
kožní lékař online,5,ai_overview,,,,
kožní lékař online,6,organic,www.euderma.eu,https://www.euderma.eu/sos,SOS,On-line konzultace oboru dermatovenerologie · Pouze pro lékaře - praktiky a specialisty · ZDARMA · Odpovědi do 3 pracovních dnů ...
kožní lékař online,7,organic,www.navstevalekare.cz,https://www.navstevalekare.cz/lekari/kozni-lekar-dermatovenerolog-dermatolog-s51006.html,"Kožní lékař, dermatovenerolog, dermatolog","Objednejte se ONLINE ! Seznam lékařů se specializací ‍⚕️ Kožní lékař, dermatovenerolog, dermatolog na portálu NávštěvaLékaře.cz."
kožní lékař online,8,organic,www.esthe-laser.cz,https://www.esthe-laser.cz/onlinekonzultace/,Online konzultace,Online konzultace zahrnuje · Konzultace 1 kožního problému podle popisu a fotek · Výsledek do 36 hodin v rámci pracovních dní · Doporučení léčebného postupu · Platí ...
kožní lékař online,9,organic,almiaderm.cz,https://almiaderm.cz/online-konzultace-uvod/,Online konzultace úvod,Využijte možnost konzultovat svůj kožní problém z pohodlí domova ! · vyfoťte svůj kožní problém · vyplňte dotazník · přiložte lékařskou zprávu · Zaplaťte.
kožní lékař online,10,people_also_ask,,,,
kožní lékař online,11,organic,www.healthplus.cz,https://www.healthplus.cz/clanek/moznost-konzultace-s-dermatolozkou-pres-video-hovory,Možnost konzultace s dermatoložkou přes video hovory,1. 2. 2022 — Nyní je možné s ní konzultovat veškeré vaše kožní problémy online přes videohovory - ve většině případů vám paní doktorka může pomoci na dálku ...
kožní lékař online,12,related_searches,,,,
kožní lékař online,13,organic,euc.cz,https://euc.cz/obory-lecby/dermatovenerologie-kozni/,Dermatovenerologie (kožní) - Obory léčby,Některé problémy spadající do oboru dermatologie ovšem zvládnete vyřešit i online (například s našimi Lékaři online 24/7). Související články. Více článků ...
kožní lékař online,14,organic,skinderm.cz,https://skinderm.cz/objednani-online/,Objednání online,"26. 12. 2025 — Zadání objednávky k návštěvě lékaře – máte k dispozici kalendář s přehledem termínů, vyplníte formulář a po odeslání a zpracování u lékaře ..."
kožní lékař online,15,organic,www.mojeambulance.cz,https://www.mojeambulance.cz/online-objednavka/1e/,Kožní problémy | mojeambulance.cz,"MOJE AMBULANCE – největší síť ordinací praktických lékařů pro dospělé v ČR. 12hodinová ordinační doba, online registrace i objednávka, hrazeno ze ZP."
kožní lékař online,16,organic,www.on-line24.cz,https://www.on-line24.cz/lekarske-obory/dermatologie,Dermatologie,"komplexní dermatologická péče o dospělé i děti · korektivní dermatologie, dermatochirurgie · vyšetření pigmentových projevů dermatoskopem · preventivní ..."
kožní lékař online,17,organic,www.poliklinikamodrany.cz,https://www.poliklinikamodrany.cz/aktuality/online-objednavani-kozni-oddeleni/,Spouštíme ONLINE objednávání na kožním oddělení,"26. 2. 2019 — V případě, že u vašeho lékaře není volný online termín, můžete se objednat i nadále telefonicky nebo emailem. Nezapomeňte termín potvrdit ..."
kožní lékař online,18,organic,app.medmetrix.pl,https://app.medmetrix.pl/cs/blog/online-dermatolog-online-dermatologick-lka,Dermatolog online - Dermatologické konzultace online,"Online dermatolog je specialista dostupný prostřednictvím internetu, který poskytuje diagnostické a terapeutické služby. Vzdálená dermatologická konzultace ..."
kožní lékař online,19,organic,www.znamylekar.cz,https://www.znamylekar.cz/dermatolog,Dermatolog,"Dermatolog je to lékař, kterého hledáte? Seznam lékařů podle specializace dermatolog. Přečtěte si názory pacientů a vyberte nejlepšího."
kožní lékař online,20,organic,www.dermamedica.cz,https://www.dermamedica.cz/,Home - Dermamedica,"Zabýváme se léčbou kožních onemocnění jako jsou akné, ekzémy, plísňová onemocnění kůže a nehtů, kožní nádory nebo chronické rány. V diagnostice využíváme ..."
dermatolog online,1,organic,www.institutdermatologie.cz,https://www.institutdermatologie.cz/online-dermatologicka-poradna-s-ereceptem/,Online dermatologická poradna | E-recept bez návštěvy ...,"Vyřešte své kožní potíže pohodlně online a bez čekání. Odborná pomoc dermatologa do 24–48 hodin. Služba je určena dospělým i dětem, nabízíme bezpečí, ..."
dermatolog online,2,organic,www.esthe-laser.cz,https://www.esthe-laser.cz/onlinekonzultace/,Online konzultace,Online konzultace zahrnuje · Konzultace 1 kožního problému podle popisu a fotek · Výsledek do 36 hodin v rámci pracovních dní · Doporučení léčebného postupu · Platí ...
dermatolog online,3,organic,www.konzultacelekare.cz,https://www.konzultacelekare.cz/,Konzultace s lékařem online | KonzultaceLékaře.cz,Lékařská online poradna pro pacienty. Zvolte nejlepšího lékaře a konzultujte svůj problém přes internet. Konzultace s popředními specialisty.
dermatolog online,4,organic,www.mediket.ch,https://www.mediket.ch/cs/contact-us-cz/consult-specialist-cz/,Kožní poradna - Mediket,Nevíte si se svou kůží rady a chcete se poradit s odborníkem? Odborník na dermatologii je připraven k zodpovězení vašich otázek.
dermatolog online,5,ai_overview,,,,
dermatolog online,6,organic,www.euderma.eu,https://www.euderma.eu/sos,SOS,"Mnoho let se věnuje léčbě kožních projevů lymské boreliózy, vitiligu, lupénce, ekzému a kožním nádorům. Podílí se na zavádění nových léčebných a diagnostických ..."
dermatolog online,7,organic,www.on-line24.cz,https://www.on-line24.cz/lekarske-obory/dermatologie,Dermatologie,"Dermatologie · komplexní dermatologická péče o dospělé i děti · korektivní dermatologie, dermatochirurgie · vyšetření pigmentových projevů dermatoskopem ..."
dermatolog online,8,people_also_ask,,,,
dermatolog online,9,organic,almiaderm.cz,https://almiaderm.cz/online-konzultace-uvod/,Online konzultace úvod,Využijte možnost konzultovat svůj kožní problém z pohodlí domova ! · vyfoťte svůj kožní problém · vyplňte dotazník · přiložte lékařskou zprávu · Zaplaťte.
dermatolog online,10,organic,euc.cz,https://euc.cz/obory-lecby/dermatovenerologie-kozni/,Dermatovenerologie (kožní) - Obory léčby,Dermatovenerologie (kožní) – objednání online nebo na níže uvedeném telefonním čísle. Lékaři a ordinace.
dermatolog online,11,organic,skinderm.cz,https://skinderm.cz/objednani-online/,Objednání online,"26. 12. 2025 — Zadání objednávky k návštěvě lékaře – máte k dispozici kalendář s přehledem termínů, vyplníte formulář a po odeslání a zpracování u lékaře ..."
dermatolog online,12,related_searches,,,,
dermatolog online,13,organic,www.dermweb.cz,https://www.dermweb.cz/,Portál pro dermatovenerology - Dermatovenerologie,"Portál dermweb.cz je určen dermatovenerologům, kterým nabízí aktuální odborné články, vzdělávací kurzy a praktické informace pro každodenní praxi."
dermatolog online,14,organic,dermatolozka.cz,https://dermatolozka.cz/online-sluzby/,Online služby,"jméno a příjmení · rodné číslo · jaký recept/ recepty potřebujete · jaký je váš zdravotní stav (zlepšení, zhoršení stavu) · případně nové léky, alergie, těhotenství ..."
dermatolog online,15,organic,www.myglobalhealth.online,https://www.myglobalhealth.online/spain/cs/blog/dermatolog-online-spanelsko,Dermatolog online: co vyřeší a co ne - Global Health,"14. 8. 2026 — Dermatolog online dokáže posoudit, diagnostikovat a léčit velkou část nejčastějších kožních potíží — akné, růžovku, ekzém, lupénku, kopřivku, ..."
dermatolog online,16,organic,www.onlinedermatolog.cz,https://www.onlinedermatolog.cz/,Online dermatolog | Esthé,"Konzultace s dermatologem na dálku. Popište svůj kožní problém, do 36 hodin máte vyjádření lékaře. Online dermatolog pomůže odkudkoli z ČR i zahraničí."
dermatolog online,17,organic,www.ordinace.cz,https://www.ordinace.cz/clanek/online-konzultace-s-koznim-lekarem-akne-materska-znamenka-i-padani-vlasu/,"Online konzultace s kožním lékařem: akné, mateřská ...","Všechny dotazy ohledně kůže je vám připravena zodpovědět MUDr. Nina Benáková z Dermatovenerologické kliniky 1. LF UK v Praze. Patří do týmu specialistů, kteří ..."
dermatolog online,18,organic,www.euderma.eu,https://www.euderma.eu/,Dermatologie prof. Hercogové,"On-line konzultace oboru dermatovenerologie pouze pro lékaře. Vážení kolegové, nabízíme zdarma superkonziliární vyšetření na dálku - postupujte podle pokynů ..."
dermatolog online,19,organic,www.znanylekarz.pl,https://www.znanylekarz.pl/dermatolog/online,Dermatolodzy online - Dermatolog,"Znajdź dermatologa, który oferuje konsultacje dermatologiczne online, wideokonsultacje i telekonsultacje. Przeczytaj opinie i umów wizytę na Znanylekarz.pl."
dermatolog online,20,organic,www.medirecoclinic.cz,https://www.medirecoclinic.cz/dermatologie,Dermatologie,"Poskytujeme komplexní péči v oblasti kožních onemocnění, od diagnostiky až po léčbu. Využíváme moderní metody fototerapie a specializované vyšetřovací ..."
dětský lékař online,1,organic,www.epediatr.cz,https://www.epediatr.cz/,ePediatr - Váš online dětský lékař,"Online poradna pro rodiče a náctileté. Zeptejte se kdykoliv a odkudkoliv, 24/7. Rady a novinky přímo od dětských lékařů s praxí."
dětský lékař online,2,organic,my.medevio.cz,https://my.medevio.cz/doktor-online/,Doktor Online,Medevio. Stáhnout aplikaci Medevio. Stáhnout. Medevio · Přihlášení. Čeština. ​. Načítání.
dětský lékař online,3,organic,www.olivovna.cz,https://www.olivovna.cz/zkuseny-pediatr-radi-online,Zkušený pediatr radí online,"20. 7. 2023 — Poradna pro pediatrické problémy, které také řešíme v Olivově dětské léčebně (bronchiální asthma, recidivující infekce dýchacích cest, poruchy ..."
dětský lékař online,4,organic,www.nestlebaby.cz,https://www.nestlebaby.cz/online-konzultace-s-lekarem-zdarma,ONLINE KONZULTACE S LÉKAŘEM ZDARMA,"S bezplatnou online lékařskou službou, kterou nabízí Nestlé Familynes, se můžete okamžitě spojit s odborníkem, aniž byste museli opustit domov."
dětský lékař online,5,organic,www.epediatr.cz,https://www.epediatr.cz/poradna/konzultace/,Online konzultace,1. Položte dotaz nebo popište zdravotní problém ; 2. Zvolte rychlost odpovědi (odpovídáme 24/7) ; 3. Obdržíte odpověď od našeho dětského lékaře.
dětský lékař online,6,organic,www.meddi.com,https://www.meddi.com/cz/o-aplikaci,Lékař pro Vás a Vaše děti do 6 minut kdykoli a kdekoli na ...,"Spojte se s lékařem vždy, když ho potřebujete přes běžný hovor, chat nebo videohovor. Jednoduše, bezpečně a rychle."
dětský lékař online,7,organic,www.zpmvcr.cz,https://www.zpmvcr.cz/pojistenci/lekar-na-telefonu,Lékař na telefonu | ZP MV ČR,"Nonstop služba „Lékař na telefonu“ je zdarma, klient případně hradí pouze hovor na pevnou telefonní linku dle tarifu svého operátora. Zpětné volání a hovor s ..."
dětský lékař online,8,organic,www.babyonline.cz,https://www.babyonline.cz/poradna/detsky-lekar,Dětský lékař - poradna,"Zdravím, můj syn (5 m) je už od narození lekavý, ale tím stylem, že stačí, aby si někdo nečekaně kýchnul nebo se nahlas zasmál, a dostane záchvat breku."
dětský lékař online,9,organic,www.detskylekar.cz,https://www.detskylekar.cz/,Dětský lékař,"Vítejte na stránkách Sdružení praktických lékařů pro děti a dorost České republiky (SPLDD). V této sekci naleznete informace pro laickou veřejnost, které mohou ..."
dětský lékař online,10,organic,www.ulekare.cz,https://www.ulekare.cz/online-konzultace-s-detskym-lekarem,Poraďte se s dětským lékařem,"Pokud pediatr doporučí specializované vyšetření, naše zdravotní sestřička vám pomůže s vyhledáním specialisty a objednáním dle místa vašeho bydliště. Díky naší ..."
dětský lékař online,11,related_searches,,,,
dětský lékař online,12,organic,www.instagram.com,https://www.instagram.com/epediatr/,ePediatr (@epediatr) • Instagram photos and videos,974 followers · 159 following · 45 posts · @epediatr: “Nová online poradna se skutečnými dětskými lékaři s praxí ‍⚕️    ‍⚕️”
dětský lékař online,13,organic,www.olivovna.cz,https://www.olivovna.cz/poradna-pediatra-online,Poradna pediatra online má otevřeno stále,"16. 6. 2021 — Jiří Havránek vám poradí zdarma v Poradně pediatra Olivovy dětské léčebny. Nepotřebujete se objednávat, výhodou jsou i ordinační hodiny. Jakmile ..."
dětský lékař online,14,organic,www.babyastramedico.cz,https://www.babyastramedico.cz/,Dětský lékař,OD 1.8.2026 JE NUTNÉ SE OBJEDNAT I S NEMOCNÝM DÍTĚTEM. NAPIŠTĚ NÁM PŘES MEDEVIO A V KRÁTKOSTI POPIŠTĚ DŮVOD NÁVŠTĚVY. ORDINAČNÍ HODINY. Pondělí: 7.00 - 9.00 ...
dětský lékař online,15,organic,www.myglobalhealth.online,https://www.myglobalhealth.online/czechia/cs/services/detsky-lekar-online,Dětský lékař online | Konzultace pro děti - Global Health,Dětský lékař online — konzultace pro děti ve stejný den · 15minutová schůzka · Lékař registrovaný v Czechia · Okamžité potvrzení e-mailem · Souhrn konzultace v ceně.
dětský lékař online,16,organic,www.navstevalekare.cz,https://www.navstevalekare.cz/,Návštěvalékaře.cz | Objednání k lékaři přes internet,Najděte lékaře a objednejte se online. Největší portál na vyhledávání lékařů. doctors. jméno lékaře nebo specializace nebo město.
dětský lékař online,17,organic,www.facebook.com,https://www.facebook.com/doktoronlinecz/?locale=cs_CZ,Doktor online (@doktoronlinecz),"Seznamte se s DOKTOREM ONLINE! Více už Vám řekne MUDr. Radovan Sedláček, jeden z našich zkušených pediatrů, který se s veškerou péčí a láskou postará o ..."
dětský lékař online,18,organic,www.canadian.cz,https://www.canadian.cz/cs/specializace/pediatrie/,Pediatrie,Pediatrická pohotovost v Praze a okolí. Náš dětský lékař je pro vás na telefonu nepřetržitě 24 hodin denně. V případě potřeby vám poradí s jakýmkoliv problémem ...
dětský lékař online,19,organic,www.atodamedical.cz,https://www.atodamedical.cz/detsky-lekar-pediatr,"Dětský lékař (pediatr, doktorka) - Praha 7 - Pediatrie","U nás nemusíte komunikovat přes online platformy, můžete zavolat našim dětským lékařům a vše probereme a určíme dostatečný čas už pro první návštěvu a nemusíte ..."
dětský lékař online,20,organic,www.detskylekar.org,https://www.detskylekar.org/,DĚTSKÝ LÉKAŘ,Přijímáme nové pacienty do pediatrických ordinací · Více než 10 let pediatrické praxe · Smlouvy s většinou zdravotních pojišťoven · Možnost objednání návštěvy na ...
pediatr online,1,organic,www.epediatr.cz,https://www.epediatr.cz/,ePediatr - Váš online dětský lékař,"Online poradna pro rodiče a náctileté. Zeptejte se kdykoliv a odkudkoliv, 24/7. Rady a novinky přímo od dětských lékařů s praxí."
pediatr online,2,organic,my.medevio.cz,https://my.medevio.cz/doktor-online/,Doktor Online,Medevio. Stáhnout aplikaci Medevio. Stáhnout. Medevio · Přihlášení. Čeština. ​. Načítání.
pediatr online,3,organic,www.olivovna.cz,https://www.olivovna.cz/zkuseny-pediatr-radi-online,Zkušený pediatr radí online,"20. 7. 2023 — Poradna pro pediatrické problémy, které také řešíme v Olivově dětské léčebně (bronchiální asthma, recidivující infekce dýchacích cest, poruchy ..."
pediatr online,4,organic,www.epediatr.cz,https://www.epediatr.cz/poradna/konzultace/,Online konzultace,1. Položte dotaz nebo popište zdravotní problém ; 2. Zvolte rychlost odpovědi (odpovídáme 24/7) ; 3. Obdržíte odpověď od našeho dětského lékaře.
pediatr online,5,ai_overview,,,,
pediatr online,6,organic,www.ulekare.cz,https://www.ulekare.cz/online-konzultace-s-detskym-lekarem,Poraďte se s dětským lékařem,"Naši lékaři jsou vám plně k dispozici nonstop, včetně večerních hodin, víkendů a svátků. POZOR! Řešíte-li cokoli akutního, například bolest břicha v kombinaci s ..."
pediatr online,7,organic,www.babyonline.cz,https://www.babyonline.cz/poradna/detsky-lekar,Dětský lékař - poradna,"Zdravím, můj syn (5 m) je už od narození lekavý, ale tím stylem, že stačí, aby si někdo nečekaně kýchnul nebo se nahlas zasmál, a dostane záchvat breku."
pediatr online,8,organic,www.meddi.com,https://www.meddi.com/cz/o-aplikaci,Lékař pro Vás a Vaše děti do 6 minut kdykoli a kdekoli na ...,"Spojte se s lékařem vždy, když ho potřebujete přes běžný hovor, chat nebo videohovor. Jednoduše, bezpečně a rychle."
pediatr online,9,organic,www.zpmvcr.cz,https://www.zpmvcr.cz/pojistenci/lekar-na-telefonu,Lékař na telefonu | ZP MV ČR,"Nevyznáte se v lékařské zprávě, nerozumíte výsledkům z laboratoře nebo si nejste jistí, zda můžete užít určitý lék? Obraťte se na našeho lékaře na telefonu, ..."
pediatr online,10,organic,www.instagram.com,https://www.instagram.com/epediatr/,ePediatr (@epediatr) • Instagram photos and videos,974 followers · 159 following · 45 posts · @epediatr: “Nová online poradna se skutečnými dětskými lékaři s praxí ‍⚕️    ‍⚕️”
pediatr online,11,related_searches,,,,
pediatr online,12,organic,www.olivovna.cz,https://www.olivovna.cz/poradna-pediatra-online,Poradna pediatra online má otevřeno stále,"16. 6. 2021 — Nepotřebujete se objednávat, výhodou jsou i ordinační hodiny. Jakmile bude mít pan doktor možnost, ochotně vám odpoví. a najdete ji na portálu ..."
pediatr online,13,organic,www.pediatrics.cz,https://www.pediatrics.cz/pediatricke-kazuistiky-online/,Pediatrické kazuistiky online,"27. 5. 2021 — Program webináře: MUDr. Jakub Jonáš, Ph.D: „Asi dva dny křeče“ (KARIM FNM Praha); MUDr. Veronika Dvořáková: Neobvyklá příčina odmítání příkrmů u ..."
pediatr online,14,organic,www.canadian.cz,https://www.canadian.cz/cs/specializace/pediatrie/,Pediatrie,V případě potřeby vám poradí s jakýmkoliv problémem nebo vás navštíví u vás doma (viz mapa). Citlivý přístup pediatrů a dostatek času. Citlivý a vnímavý přístup ...
pediatr online,15,organic,www.znamylekar.cz,https://www.znamylekar.cz/pediatr/online,Pediatři online - Pediatr,"Na ZnamyLerak.cz najděte pediatři, které nabízí online konzultace : přečtěte si recenze a objednejte si návštěvu online."
pediatr online,16,organic,www.facebook.com,https://www.facebook.com/doktoronlinecz/?locale=cs_CZ,Doktor online (@doktoronlinecz),"Seznamte se s DOKTOREM ONLINE! Více už Vám řekne MUDr. Radovan Sedláček, jeden z našich zkušených pediatrů, který se s veškerou péčí a láskou postará o ..."
pediatr online,17,organic,play.google.com,https://play.google.com/store/apps/details?id=com.pediatra&hl=cs,Pediatra H24 – Aplikace na Google Play,"Pediatr H24 je odborná lékařská poradenská služba působící 24 hodin denně, 7 dní v týdnu. Jsme váš důvěryhodný pediatr online!"
pediatr online,18,organic,www.edumedic.cz,https://www.edumedic.cz/,Edumedic - VZDĚLÁVACÍ VIDEOPORTÁL PRO LÉKAŘE,"Edumedic přináší širokou paletu forem vzdělávání tak, aby si každý lékař mohl vybrat možnost osobního rozvoje, která mu nejvíce vyhovuje."
pediatr online,19,organic,www.detskylekar.cz,https://www.detskylekar.cz/,Dětský lékař,Pro rodiče. Vítejte na stránkách Sdružení praktických lékařů pro děti a dorost České republiky. V této sekci naleznete informace pro zdravotnické ...
pediatr online,20,organic,www.healthplus.cz,https://www.healthplus.cz/zdravotni-pece/detsky-lekar,Osobní lékař pro děti – pediatr,"Základní program – poskytuje sadu preventivních vyšetření, dohled dětského osobního lékaře, eHealth a možnost bezplatně využívat služeb našich 90 specialistů."
psycholog online,1,organic,mojra.cz,https://mojra.cz/,Online psycholog | Psychologická poradna Mojra.cz,"Najděte online psychologa do 15 minut. Přes 80 odborníků, konzultace v 15 jazycích, anonymně z domova."
psycholog online,2,organic,app.terapie.cz,https://app.terapie.cz/,Najděte toho správného terapeuta | Terapie.cz,"Nejste v tom sami. Na Terapie.cz snadno najdete psychologa/terapeuta, který vám sedne. ✔️ Prověření terapeuti ✔️ Rychlé termíny ✔️ Osobní i online ..."
psycholog online,3,ai_overview,,,,
psycholog online,4,organic,hedepy.cz,https://hedepy.cz/,Hedepy: Terapie online i osobně | Najděte si terapeuta,"Vyberte si ověřeného terapeuta pro terapii online i osobně. Hedepy vám pomůže najít odborníka podle tématu, preferencí i termínu, který vám vyhovuje."
psycholog online,5,organic,nepanikar.eu,https://nepanikar.eu/,Nepanikař – Web aplikace pro první pomoc při psychických ...,"Aplikace „Nepanikař“ poskytuje zdarma rychlou první psychologickou pomoc. Obsahuje moduly: deprese, úzkost/panika, sebepoškozování, myšlenky na sebevraždu, moje ..."
psycholog online,6,organic,linkasluchatko.cz,https://linkasluchatko.cz/psychologicka-pomoc-zdarma/,Psychologická pomoc zdarma,"Sluchátko je tu pro vás. Naše pomoc ve formě psychoterapie je bezplatná, anonymní a snadno dostupná. U nás za psychoterapii neplatíte, hradíte pouze poplatek za ..."
psycholog online,7,people_also_ask,,,,
psycholog online,8,organic,www.mendora.cz,https://www.mendora.cz/,Mendora: Potřebujete pomoc psychologa? Setkejte se online,"Online. 990 Kč / 50 minut. 58 doporučení. Jako psycholog a terapeut se ve své práci opírám především o odborné vzdělání, můj přístup je orientovaný na řešení."
psycholog online,9,organic,psycholog-adicare.cz,https://psycholog-adicare.cz/terapie-online-terapie-na-dalku/,"Terapie online, terapie na dálku - Psycholog AdiCare","Domluví se s Vámi na vhodné platformě, na níž bude online psychoterapie probíhat. Nejčastěji s našimi klienti komunikujeme přes skype, messenger nebo whatsapp."
psycholog online,10,organic,mindwell.cz,https://mindwell.cz/,Mindwell: Odborná péče o duševní zdraví | Mindwell,"Digitální terapeutické programy pro řešení úzkosti, deprese, syndromu vyhoření, nedostatku sebedůvěry a posílení psychické odolnosti."
psycholog online,11,organic,www.znamylekar.cz,https://www.znamylekar.cz/psycholog/online,Psychologové online - ZnamyLekar.cz,
psycholog online,12,related_searches,,,,
psycholog online,13,organic,www.vasmedic.cz,https://www.vasmedic.cz/online-terapie/,Terapie online | Klinika komplexní péče,"Online terapie se hodí pro každého, kdo potřebuje: · řešit aktuální stres, úzkost, strach či vztahové problémy · podporu v náročném období (studium, rodičovství, ..."
psycholog online,14,organic,www.psychoterapie-andel.cz,https://www.psychoterapie-andel.cz/online/,Psycholog ONLINE | PSYCHOTERAPIE ANDĚL,"Psycholog, psychoterapeut, nutriční terapeutka či kouč pro děti či dospělé. Náš tým tvoří zkušení odborníci ve svém oboru, každý má svůj styl práce a také ..."
psycholog online,15,organic,mojra.cz,https://mojra.cz/nasi-psychologove,Psychologická poradna MOJRA - Psycholog | Psycholog online,"Vyberte si z 79 ověřených psychologů a psychoterapeutů. Online konzultace z pohodlí domova — přes video, telefon nebo chat. Objednejte se ještě dnes. Nevíte si ..."
psycholog online,16,organic,www.onlinepsycholog.eu,https://www.onlinepsycholog.eu/,"Psycholog online | Stres, smutek, vyhoření - poradíme na dálku","INDIVIDUÁLNÍ KONZULTACE · Rozpustíme stresové situace i pocity osamělosti. · Podíváme se na výzvy, kterým čelíte se svými partnery, rodinou a dětmi."
psycholog online,17,organic,psycholog-online.cz,https://psycholog-online.cz/,psycholog-online.cz – Psychologické poradenství a terapie ...,"5. 6. 2026 — Průzkumy ukazují, že online terapie je stejně účinná jako terapie tváří v tvář. Terapii můžete dělat z domova, práce, cest i ze zahraničí."
psycholog online,18,organic,www.psycholozkamisa.cz,https://www.psycholozkamisa.cz/online-psycholog,"Online psycholog: Zjistěte, proč může být terapie přes ...","Online terapie je moderní, dostupná a efektivní cesta k duševní pohodě. A pokud hledáte ověřený přístup, online KBT terapie je skvělou volbou – podpořenou ..."
psycholog online,19,organic,mojra.cz,https://mojra.cz/psychologicka-poradna,Psychologická poradna online,"Najděte online psychologa do 15 minut. Přes 80 odborníků, konzultace v 15 jazycích, anonymně z domova."
psycholog online,20,organic,www.terapio.cz,https://www.terapio.cz/,Vyberte si svého terapeuta na online nebo osobní sezení ...,"Najděte si toho pravého terapeuta na terapio.cz - cesta k profesionálním online a osobním sezením, plně přizpůsobeným vašim požadavkům."
psychiatr online,1,organic,hedepy.cz,https://hedepy.cz/psychiatrie,Psychiatrie online - Okamžitě dostupný lékař,"Ano, vyšetření i případný předpis léků zvládneme online · Předpis léků a lékářské vyšetření zvládnete z domova. · Nemusíte nic instalovat, připojíte se online z ..."
psychiatr online,2,organic,adicare.cz,https://adicare.cz/psychiatrie-online/,Psychiatrie online: konzultace i e-recepty,"Odborná psychiatrická péče dostupná odkudkoliv. Konzultace probíhá formou videohovoru, recepty zasíláme elektronicky. Plnohodnotná péče s důrazem na ..."
psychiatr online,3,organic,www.dpc.cz,https://www.dpc.cz/psychiatrie-online,"Psychiatrie, Psychoterapie, Psychologie - Psychiatr online","Jsme ambulantní tým psychologů a psychiatrů. Nabízíme individuální psychoterapii, poradenství i koordinaci další péče. Společně hledáme cestu k dlouhodobé ..."
psychiatr online,4,organic,onlinepsychiatrie.cz,https://onlinepsychiatrie.cz/,onlinepsychiatrie.cz - Kristýna Stránská a Kateřina Faixová,"Poskytujeme odbornou péči a podporu v oblasti duševního zdraví. Nabízíme komplexní psychiatrické vyšetření, vč. nasazení medikace."
psychiatr online,5,ai_overview,,,,
psychiatr online,6,organic,www.znamylekar.cz,https://www.znamylekar.cz/psychiatr/online,Psychiatři online - Psychiatr,"Na ZnamyLerak.cz najděte psychiatři, které nabízí online konzultace : přečtěte si recenze a objednejte si návštěvu online."
psychiatr online,7,organic,searchtest.seznam.cz,https://searchtest.seznam.cz/?q=psychiatr%20online&sourceid=web&thru=related&sId=zJs3UoBjHOJZMdxUCVo7,psychiatr online – Seznam.cz,"Online psychiatrická péče s AI : anonymní screening deprese (PHQ-9), úzkosti (GAD-7), ADHD u dětí (SNAP-IV) a dalších. Zabezpečené zprávy s certifikovanými ..."
psychiatr online,8,organic,psycholog-adicare.cz,https://psycholog-adicare.cz/psychiatrie/psychiatrie-jsme-tu-pro-vas-i-online/,Psychiatrie – jsme tu pro Vás i online - Psycholog AdiCare,Psychiatrickou léčbu nabízíme ve třech formách : · Sháníte psychiatrickou pomoc okamžitě? · Nechcete nikam dojíždět a čekat s ostatními pacienty v čekárně?
psychiatr online,9,people_also_ask,,,,
psychiatr online,10,organic,nepanikar.eu,https://nepanikar.eu/,Nepanikař – Web aplikace pro první pomoc při psychických ...,"Aplikace „Nepanikař“ poskytuje zdarma rychlou první psychologickou pomoc. Obsahuje moduly: deprese, úzkost/panika, sebepoškozování, myšlenky na sebevraždu, moje ..."
psychiatr online,11,organic,e-psychiatrie.cz,https://e-psychiatrie.cz/cs,"e-psychiatrie.cz | Online psychiatrie — děti, mládež i dospělí","Online psychiatrická péče s AI : anonymní screening deprese (PHQ-9), úzkosti (GAD-7), ADHD u dětí (SNAP-IV) a dalších. Zabezpečené zprávy s certifikovanými ..."
psychiatr online,12,related_searches,,,,
psychiatr online,13,organic,www.psychosomatika-praha.cz,https://www.psychosomatika-praha.cz/zdravotnicke-sluzby/online-psychoterapie/,Online psychoterapie,"Přijímáme nové pacienty či klienty! Veškerá péče, která je možná přes telefon či skype, zahrnuje psychiatrické vyšetření a psychoterapii!"
psychiatr online,14,organic,www.firmy.cz,https://www.firmy.cz/?q=psychiatr+online,psychiatr online,"Systemická hypnóza a psychologické poradenství v ordinaci a online pro celou ČR. Pomáhám lidem řešit: odvykání kouření, úzkost a stres, fobie a strachy, ..."
psychiatr online,15,organic,psycholog-adicare.cz,https://psycholog-adicare.cz/psychiatrie/,Psychiatrie – jsme tu pro Vás - Psycholog AdiCare,"Klienti mohou využít nejkvalitnějších psychiatrických služeb našich předních odborníků s mnohaletou praxí. Specializujeme se na široké spektrum diagnóz, ..."
psychiatr online,16,organic,www.psymed.cz,https://www.psymed.cz/cs/our-services-psychiatry/,Psychiatrie - PSYMED,"PSYMED vám umožní osobní nebo online sezení (nebo kombinaci obou). PSYMED nabízí manažery klientské péče, kteří koordinují agendu péče o pacienta. Kontakt."
psychiatr online,17,organic,www.medevio.cz,https://www.medevio.cz/pro-lekare-psychiatr,Společně na cestě k lepší péči o duševní zdraví,"Přehledný kalendář můžete otevřít pacientům, aby se mohli sami objednávat nebo přeobjednávat online. Vy určujete pravidla, schvalujete objednání a volné termíny ..."
psychiatr online,18,organic,www.inep.cz,https://www.inep.cz/cs,INEP,Zaměřujeme se na většinu neurologických a psychiatrických onemocnění. Máme specializované poradny cílené na diagnostiku a léčbu řady neuropsychiatrických ...
psychiatr online,19,organic,mindwell.cz,https://mindwell.cz/,Mindwell: Odborná péče o duševní zdraví | Mindwell,"Odborná podpora při zvládání úzkosti, deprese nebo OCD v pohodlí a soukromí domova, bez dlouhého čekání na termín. Vyplnit žádost · Aktivovat program."
psychiatr online,20,organic,mojra.cz,https://mojra.cz/,Online psycholog | Psychologická poradna Mojra.cz,"Najděte online psychologa do 15 minut. Přes 80 odborníků, konzultace v 15 jazycích, anonymně z domova."
krevní testy,1,ai_overview,,,,
krevní testy,2,organic,www.eshop-synlab.cz,https://www.eshop-synlab.cz/jednotlive-testy-ke-kombinaci/?srsltid=AfmBOop0kIB2MxPWMLl2QigwJp8LhRkc97d8f8blXkSGo77j75CJsQ9C,Laboratorní vyšetření pro samoplátce,Laboratorní testy pro samoplátce pomáhají sledovat aktuální zdravotní stav nad rámec preventivních lékařských prohlídek. Z rozboru krve či moči lze vyčíst ...
krevní testy,3,organic,cz.unilabs.online,https://cz.unilabs.online/,"Unilabs Online | Krevní testy, odběry krve a vyšetření z krve","Na Unilabs Online nabízíme 50+ laboratorních vyšetření na více než 130 odběrových místech po celé ČR. Zvolte si termín, místo a jděte na vyšetření už dnes."
krevní testy,4,organic,www.euclaboratore.cz,https://www.euclaboratore.cz/samoplatce/jak-to-u-nas-funguje/,Jak to u nás funguje?,"Je to jednoduché... 1 - Rozhodněte se a udělejte to. Uvidíte, že to nic není. 2 - Navštivte odběrové místo a sdělte své požadavky sestřičce."
krevní testy,5,people_also_ask,,,,
krevní testy,6,organic,vysetreni.agel.cz,https://vysetreni.agel.cz/,Odborná vyšetření sítě laboratoří Agellab pro veřejnost,"Pomocí našeho nejrozsáhlejšího komplexního balíčku vyšetření senzitivity na 287 potravin zjistíte, zda jste senzitivní na určité potraviny a působí vám potíže ..."
krevní testy,7,organic,www.labtestsonline.cz,https://www.labtestsonline.cz/novinky/krevni-testy-40.html,Krevní testy 40+,"Ty slouží laborantům jako rozlišovací znamení pro to, o jaký druh testu půjde. Z mé krve se hodnotily funkce jater, ledvin, štítné žlázy a také různé ukazatele ..."
krevní testy,8,organic,www.eshop-synlab.cz,https://www.eshop-synlab.cz/?srsltid=AfmBOoqIeWkGDAhLRVUPWqSl8f0k-cTqmsrmwA3E5AnE81_cWQwSKIKW,SYNLAB e-shop | laboratorní testy pro samoplátce,"Z jednoho vzorku krve se dozvíte, zda máte dostatek minerálů a nehrozí vám řídnutí kostí či svalové křeče. Ujistíte se, jestli netrpíte některou skrytou ..."
krevní testy,9,organic,www.unilabs.cz,https://www.unilabs.cz/cs,Unilabs | Jednička na laboratorní vyšetření v ČR,Letní sleva 20 % na testy z kategorie Sport & životní styl · Novinka v nabídce: krevní test na kortizol · Biochemie a hematologie · Mikrobiologie · Imunologie.
krevní testy,10,organic,www.wikiskripta.eu,https://www.wikiskripta.eu/w/Z%C3%A1kladn%C3%AD_laboratorn%C3%AD_vy%C5%A1et%C5%99en%C3%AD_krve_a_mo%C4%8De,Základní laboratorní vyšetření krve a moče,"Krevní elementy. Mezi základní hematologická vyšetření patří vyšetření krevního obrazu, vyšetření kostní dřeně a vyšetření koagulace."
krevní testy,11,organic,www.genx.cz,https://www.genx.cz/zakladni-krevni-test/?srsltid=AfmBOorlR8LeORJOxj9iwjWCUieP7motrx6KsQ74Ewavhs_7K1ZtFSwR,Základní krevní test | GenX®,"Základní krevní test je preventivní laboratorní vyšetření, které poskytuje rychlý přehled o vašem celkovém zdravotním stavu. Může pomoci odhalit anémii, zánět, ..."
krevní testy,12,related_searches,,,,
krevní testy,13,organic,www.ghcgenetics.cz,https://www.ghcgenetics.cz/krevni-testy/krevni-testy,Krevní testy,"Základní krevní test. Základní krevní test je rychlá kontrola nejdůležitějších krevních hodnot. Ukáže přehled o zánětu, krvetvorbě, játrech, ledvinách i ..."
krevní testy,14,organic,www.mujvit.cz,https://www.mujvit.cz/jak-funguji-krevni-testy-a-co-jednotlive-parametry-znamenaji?srsltid=AfmBOorJYcI5mAOjuznjHlItni9h3iC5_5wB2goyAqEdJGNbQTPqdebo,Jak fungují krevní testy a co jednotlivé parametry znamenají?,"Stručně: Krevní testy měří buňky, chemické látky, bílkoviny a další látky v krvi. Z výsledků se dá vyčíst krevní obraz, funkce jater a ledvin, hladiny minerálů, ..."
krevní testy,15,organic,esthesia.cz,https://esthesia.cz/sluzba/komplexni-rozbor-krve-levity/,Komplexní rozbor krve,"Komplexní krevní rozbor odhalí skrytá rizika, zlepší prevenci a pomůže vyřešit únavu, nedostatky i potíže se štítnou žlázou."
krevní testy,16,organic,www.euclekarna.cz,https://www.euclekarna.cz/laboratorni-vysetreni/46074/prevence-komplex,Komplexní preventivní test zdraví,Balíček obsahuje široké spektrum laboratorních vyšetření z krve a moči: Krevní obraz. Krevní obraz + diferenciál a krevní skupina. Metabolismus a orgány
krevní testy,17,organic,cz.unilabs.online,https://cz.unilabs.online/preventivni-vysetreni,Laboratorní vyšetření (z) krve | Výsledky do pár dní,Podstupte naše laboratorní vyšetření krve. Zvolte si svůj test a vyberte si z více jak 80 odběrových míst. Výsledky vám doručíme i do 24 hodin od vyšetření.
krevní testy,18,organic,www.synlab.cz,https://www.synlab.cz/,SYNLAB domovská stránka - Chráníme život každý den!,"Nabízíme Vám laboratorní, ambulantní a odběrové služby pro pacienty se žádankou a pro samoplátce. · Nabízíme více než 75 odběrových pracovišť · Provozujeme ..."
krevní testy,19,organic,www.labshop.cz,https://www.labshop.cz/,LABSHOP: Laboratorní vyšetření pro samoplátce bez ...,"Vyšetření kontroluje metabolismus, funkci jater a ledvin, hladinu minerálů, krevní obraz, cholesterol, vitamin D a další důležité ukazatele ovlivňující ..."
krevní testy,20,organic,euc.cz,https://euc.cz/clanky-a-novinky/clanky/zajima-vas-o-cem-vypovidaji-vase-vysledky-krve-nahlednete-do-naseho-slovnicku/,"Zajímá vás, o čem vypovídají vaše výsledky krve? ...","20. 11. 2020 — Odběr krve se obvykle provádí ze žilní nebo kapilární krve. Lékař, který vás na odběr krve posílá, už na žádance uvede, jaká konkrétní vyšetření ..."
krevní testy Praha,1,organic,www.eshop-synlab.cz,https://www.eshop-synlab.cz/jednotlive-testy-ke-kombinaci/?srsltid=AfmBOoqjtyqeT_MHleu6r_LxZ7lVERvJ6sPOLgK0MUdUqS9V1abb2nAT,Laboratorní vyšetření pro samoplátce,Laboratorní testy pro samoplátce pomáhají sledovat aktuální zdravotní stav nad rámec preventivních lékařských prohlídek. Z rozboru krve či moči lze vyčíst ...
krevní testy Praha,2,organic,cz.unilabs.online,https://cz.unilabs.online/,"Unilabs Online | Krevní testy, odběry krve a vyšetření z krve","Vyberte si z více než 50 vyšetření, přes 120 odběrových míst a desítek termínů každý den. Objednejte se a klidně za 3 minuty již můžete jít na odběr. K většině ..."
krevní testy Praha,3,organic,www.euclaboratore.cz,https://www.euclaboratore.cz/samoplatce/jak-to-u-nas-funguje/,Jak to u nás funguje?,"Možnost provedení laboratorního vyšetření za přímou úhradu bez doporučení lékaře je rychlým řešením, jak prověřit svůj zdravotní stav. Na výběr máte z několika ..."
krevní testy Praha,4,ai_overview,,,,
krevní testy Praha,5,organic,www.eshop-synlab.cz,https://www.eshop-synlab.cz/?srsltid=AfmBOorRb7NapAeae786Jh-QVGM1jQCNhGo30BWQRTR1e9sWw37vD_vz,SYNLAB e-shop | laboratorní testy pro samoplátce,Na své zdraví se zeptejte krve. Otestujte svůj aktuální zdravotní stav u největšího poskytovatele laboratorní diagnostiky v Evropě.
krevní testy Praha,6,organic,www.unilabs.cz,https://www.unilabs.cz/cs,Unilabs | Jednička na laboratorní vyšetření v ČR,Letní sleva 20 % na testy z kategorie Sport & životní styl · Novinka v nabídce: krevní test na kortizol · Biochemie a hematologie · Mikrobiologie · Imunologie.
krevní testy Praha,7,people_also_ask,,,,
krevní testy Praha,8,organic,vysetreni.agel.cz,https://vysetreni.agel.cz/,Odborná vyšetření sítě laboratoří Agellab pro veřejnost,E-shop laboratorních vyšetření skupiny AGEL zaměřující se na preventivní vyšetření pro širokou veřejnost.
krevní testy Praha,9,organic,www.synlab.cz,https://www.synlab.cz/,SYNLAB domovská stránka - Chráníme život každý den!,"Nabízíme Vám laboratorní, ambulantní a odběrové služby pro pacienty se žádankou a pro samoplátce. · Nabízíme více než 75 odběrových pracovišť · Provozujeme ..."
krevní testy Praha,10,organic,cz.unilabs.online,https://cz.unilabs.online/krevni-testy-praha,Krevní testy Praha | Unilabs Online | 20+ odběrových míst,"Zjistěte jedním testem protilátky na HIV, syfilis, chlamydie, herpes či hepatitidu B a C. Celkem vám vyšetříme 13 parametrů a výsledky doručíme do pár dní."
krevní testy Praha,11,organic,www.citylab.cz,https://www.citylab.cz/odberove-misto/praha-zizkov,"Odběr krve Praha 3 Žižkov, Seifertova I Citylab","Adresa. Seifertova 89, 130 00, Praha 3. Provozní doba. Po–Pá 6.00–12.00. Kontakty. Telefon: 775 884 971. Citylab Praha – Žižkov."
krevní testy Praha,12,related_searches,,,,
krevní testy Praha,13,organic,www.unilabs.cz,https://www.unilabs.cz/cs/odberova-mista/praha,Odběrová místa - Praha,Odběrová místa - Praha ; Čsl. Armády 827 Hostivice. Čsl. Armády 827. 1.patro. Hostivice. 253 01 ; PARTNERSKÉ odběrové místo - Tovární 19 Jirny. PARTNERSKÉ ...
krevní testy Praha,14,organic,www.euclekarna.cz,https://www.euclekarna.cz/laboratorni-vysetreni/,Laboratorní a zdravotní vyšetření,"Trápí vás chronická únava? Krevní test odhalí anémii a nedostatek železa. Výsledky rychle, objednejte online. 270 Kč."
krevní testy Praha,15,organic,www.labshop.cz,https://www.labshop.cz/,LABSHOP: Laboratorní vyšetření pro samoplátce bez ...,"Vyšetření kontroluje metabolismus, funkci jater a ledvin, hladinu minerálů, krevní obraz, cholesterol, vitamin D a další důležité ukazatele ovlivňující ..."
krevní testy Praha,16,organic,www.firmy.cz,https://www.firmy.cz/stitek/krevni-testy/Prvni-pomoc-a-zdravotnictvi/Zdravotnicke-sluzby/Zdravotnicka-zarizeni/Zdravotnicke-laboratore/Odbery-krve/kraj-praha/praha-5/3468-prahapage%3D1,"Krevní testy, Odběry krve Praha","Na Firmy.cz najdete 25 firem, které v kategorii odběry krve nabízí Krevní testy v Praze a okolí. Vybrat si můžete z firem v okolí, třeba Unilabs (AeskuLab) ..."
krevní testy Praha,17,organic,www.euclaboratore.cz,https://www.euclaboratore.cz/,EUC Laboratoře,"Pražským EUC Laboratořím se řadu let daří držet krok ve špičkovém přístrojovém vybavení pro laboratorní diagnostiku ve všech svých oborech – klinické biochemii, ..."
krevní testy Praha,18,organic,www.atodamedical.cz,https://www.atodamedical.cz/krevni-testy-vysetreni-krve/,Krevní testy a vyšetření krve bez doporučení lékaře pro ...,U nás vám provedeme následující testy krve: krevní testy na vitamíny a minerály (cena odběru krve je individuálně stanovena v závislosti na konkrétním druhu ...
krevní testy Praha,19,organic,prevedig.cz,https://prevedig.cz/,Prevedig.cz,"Test se provádí ze žilní krve. Cena vyšetření je 1690 Kč. Upozornění: Pokud jste uživatelem PrEP s nepravidelným užíváním, doporučujeme zopakovat toto ..."
krevní testy Praha,20,organic,euc.cz,https://euc.cz/nase-zarizeni/laboratore-a-odberova-mista/odberova-mista-praha/,Odběrová místa Praha,Odběrová místa Praha · EUC Lékárna Praha - Majerského · EUC Lékárna Praha - Počernická · EUC Lékárna Praha - Florenc · EUC Klinika Praha - Bořislavka · EUC Klinika ...
cestovní medicína Praha,1,local_pack,www.centrumcestovnimediciny.cz,http://www.centrumcestovnimediciny.cz/,Centrum cestovní medicíny a prevence,"Havelská 517/14 · 777 763 155 
Brzy zavírá · 16 
Služby na místě 
"
cestovní medicína Praha,2,local_pack,www.fnmotol.cz,https://www.fnmotol.cz/kliniky-a-ambulance/kliniky-dospela-cast/klinika-infekcnich-nemoci-a-cestovni-mediciny-2-lf-uk-a-fn-motol/#submenu-centrum-cestovni-mediciny,Očkovací centrum a Centrum cestovní medicíny FN Motol a Homolka (pracoviště Motol),"V Úvalu 84 · 224 432 336 
Otevřeno · Zavírá v 19 
"
cestovní medicína Praha,3,local_pack,www.ockovacicentrum.cz,http://www.ockovacicentrum.cz/,Avenier - Očkování a cestovní medicína,"Ženské domovy, Ostrovského 253/3 · 545 123 321 
Otevřeno · Zavírá v 19 
"
cestovní medicína Praha,4,organic,centrumcestovnimediciny.cz,https://centrumcestovnimediciny.cz/,Centrum cestovní medicíny: Cestovní a preventivní očkování ...,"Očkování před cestou, tuzemské i firemní očkování v centru Prahy. Poradíme s individuálním plánem, objednejte se online, telefonicky nebo e-mailem."
cestovní medicína Praha,5,organic,www.ockovacicentrum.cz,https://www.ockovacicentrum.cz/,Očkování proti nemocem v ČR i v zahraničí | AVENIER ...,"Objednejte se online na očkování v 22 očkovacích centrech v ČR, na konkrétní hodinu bez čekání. Očkování, předcestovní konzultace i doplňkový sortiment."
cestovní medicína Praha,6,organic,www.zuusti.cz,https://www.zuusti.cz/ockovani-a-cestovni-medicina-praha-8-sokolovska-60/,Očkování a cestovní medicína – Praha 8 – Sokolovská 60,"Očkování a cestovní medicína. Praha 8 - Sokolovská 60. InfORMACE A OBJEDNÁVKY OČKOVÁNÍ – INFOLINKA ZDRAVOTNÍHO ÚSTAVU. PO – PÁ, 8:00 – 16:30 ..."
cestovní medicína Praha,7,organic,infektologie.cz,https://infektologie.cz/ockcentra/praha.htm,Očkovací centra,Očkovací centra. Kraj: Praha. Očkovací centrum poliklinika. Revoluční 19. Praha 1 www.ockovacicentrum.cz/?p=kontakty. Zdravotní ústav se sídlem v Ústí nad ...
cestovní medicína Praha,8,organic,www.firmy.cz,https://www.firmy.cz/detail/12968057-centrum-cestovni-mediciny-praha-stare-mesto.html,"Centrum cestovní medicíny (Praha, Staré Město)","Popis firmy. Naše centrum poskytuje očkování pro cestovatele do rizikových oblastí, včetně konzultace, doporučení vybavení lékárny a ochranných prostředků."
cestovní medicína Praha,9,local_pack,www.ockovacicentrum.cz,http://www.ockovacicentrum.cz/,Avenier - Očkování a cestovní medicína,"Praha 2 · 545 123 321 
Otevřeno · Zavírá v 17 
"
cestovní medicína Praha,10,local_pack,www.ockovani-zahranici.cz,http://www.ockovani-zahranici.cz/,Středisko očkování a ces.lékařství sro,"Praha 4 · 241 744 481 
Otevřeno · Zavírá v 18 
"
cestovní medicína Praha,11,local_pack,www.ockovacicentrum.cz,https://www.ockovacicentrum.cz/cz/oc-praha2,Centrum Očkování A Cestovní Medicíny Praha 2 - 1. Lékařská Fakulta,"Studničkova 2028 · 800 123 321 
"
cestovní medicína Praha,12,organic,www.ftn.cz,https://www.ftn.cz/centrum-ockovani-a-cestovni-mediciny-689/,Centrum očkování a cestovní medicíny,Centrum očkování a cestovní medicíny je na pavilonu A1 (vchod z podloubí). Děkujeme za pochopení. Proti hepatitidě typu A očkujeme bez objednání každý pracovní ...
cestovní medicína Praha,13,organic,www.ockovani-zahranici.cz,https://www.ockovani-zahranici.cz/,Chraňte své zdraví na cestách - Středisko očkování a ...,"Máme 6 očkovacích středisek v České republice · Doporučíme vám nejen vhodné očkování, ale i praktické doplňky · Zkontrolujeme váš zdravotní stav před cestou i po ..."
cestovní medicína Praha,14,people_also_ask,,,,
cestovní medicína Praha,15,organic,ockoreport.uzis.cz,https://ockoreport.uzis.cz/,Přehled očkovacích míst,"ÚVN Praha - Centrum očkování a cestovní medicíny. U Vojenské nemocnice 1200/1, 162 00 Praha, Břevnov. Ano. VZP, VoZP, ČPZP, OZP, ZPŠ, ZPMV ČR, RBP, Samoplátce."
cestovní medicína Praha,16,organic,www.uvn.cz,https://www.uvn.cz/cs/centrum-ockovani-a-cestovni-mediciny-uvn,Centrum očkování a cestovní medicíny,"Další služby: · Sestavení plánu očkování · Vystavení mezinárodního očkovacího průkazu a certifikátu dle WHO (žlutá zimnice) · Konzultace antimalarické profylaxe, ..."
cestovní medicína Praha,17,organic,euc.cz,https://euc.cz/nase-zarizeni/kliniky/euc-klinika-praha-kartouzska/ockovani-a-cestovni-lekarstvi/,Očkování a cestovní lékařství | Praha - Kartouzská,Středisko očkování a cestovního lékařství s.r.o.. Očkování a cestovní lékařství. Soukromá ordinace. Praha Kartouzská. +420 775 735 326 · ivhomolova@gmail.com.
cestovní medicína Praha,18,related_searches,,,,
cestovní medicína Praha,19,organic,euc.cz,https://euc.cz/nase-zarizeni/kliniky/euc-klinika-praha-kartouzska/ockovani-a-cestovni-lekarstvi/,Očkování a cestovní lékařství | Praha - Kartouzská,Středisko očkování a cestovního lékařství s.r.o.. Očkování a cestovní lékařství. Soukromá ordinace. Praha Kartouzská. +420 775 735 326 · ivhomolova@gmail.com.
cestovní medicína Praha,20,organic,www.atodamedical.cz,https://www.atodamedical.cz/ockovaci-centrum-praha-ockovani/,Očkovací centrum (Praha): Komplexní očkování pro děti i ...,"Naše moderní zařízení supluje centrum očkování a cestovní medicíny (Praha). Pomůžeme vám vybrat vhodné očkování podle věku, zdravotního stavu i plánovaných cest ..."
telemedicína Česko,1,ai_overview,,,,
telemedicína Česko,2,organic,euc.cz,https://euc.cz/clanky-a-novinky/clanky/kam-kraci-ceska-telemedicina-lekarske-vysetreni-na-dalku-chrani-pacienty-pred-nebezpecnou-samodiagnostikou/,Kam kráčí česká telemedicína? Lékařské vyšetření na ...,"15. 10. 2021 — Jde o online přenos lékařských informací pomocí videa, chatu nebo třeba prostřednictvím aplikace na chytrém telefonu, kdy se pacient spojí se ..."
telemedicína Česko,3,organic,www.wikiskripta.eu,https://www.wikiskripta.eu/w/Telemedic%C3%ADna,Telemedicína,Telemedicína je součástí eHealth (elektronizovaného zdravotnictví) a označuje poskytování medicínských služeb na velké vzdálenosti. Proto je někdy používáno ...
telemedicína Česko,4,organic,www.zdravotnickydenik.cz,https://www.zdravotnickydenik.cz/2025/04/konec-vymluvam-cesko-musi-naskocit-na-vlnu-telemediciny/,Konec výmluvám! Česko musí naskočit na vlnu telemedicíny,"30. 4. 2025 — Telemedicínu lze rozdělit do tří oblastí: Telemonitoring; Interaktivní telemedicína – telekonzultace, teletriáž; Asynchronní telemedicínská ..."
telemedicína Česko,5,organic,ncez.mzcr.cz,http://ncez.mzcr.cz/cs/milnik-c-3-pravidladokumentypodklady-interoperabilita-telemedicina/pravidla-pro-rozvoj-telemediciny,Pravidla pro rozvoj telemedicíny v ČR,"Cílem dokumentu je stanovení pravidel upravujících služby v oblasti telemedicíny, která vymezí podmínky poskytování těchto služeb. Definice norem ..."
telemedicína Česko,6,people_also_ask,,,,
telemedicína Česko,7,organic,www.svl.cz,https://www.svl.cz/svl-docs/doporucene-postupy/27/dp-telemedicina-2026.pdf,TELEMEDICÍNA,autor: MUDC Mucha · Počet citací tohoto článku: 1 — Telemedicína jako rychle se rozvíjející forma zdravotní péče v primární péči musí být používána v souladu se zásadami lékařské etiky a péče o ...
telemedicína Česko,8,organic,ntmc.fnol.cz,https://ntmc.fnol.cz/co-je-to-telemedicina,Co je to telemedicína?,"Telemedicína využívá k přenosu dat hlasové, obrazové i datové služby. Patří sem např.: telefonická konzultace lékaře s pacientem,; konzultace mezi lékařem a ..."
telemedicína Česko,9,organic,www.vzp.cz,https://www.vzp.cz/o-nas/aktuality/telemedicina-nenahradi-lekare-ale-usnadni-jim-praci-odlehci-take-pohotovostem,"Telemedicína nenahradí lékaře, ale usnadní jim práci. ...","1. 12. 2025 — Ta v Česku obsluhuje už téměř milion pacientů v regionech, které svým obyvatelům předplácejí mobilní aplikaci Meddi app, a dalších 900 tisíc ..."
telemedicína Česko,10,organic,edu.ceskatelevize.cz,https://edu.ceskatelevize.cz/video/4340-telemedicina,Telemedicína,"Telemedicína. Moderní medicína vymýšlí způsoby a technologie, jak chirurgům ulehčit vyčerpávající práci. Novinkou je telemedicína – léčení pacientů na dálku ..."
telemedicína Česko,11,organic,msp.gov.cz,https://msp.gov.cz/web/msp/-/modern%C3%AD-telemedic%C3%ADna-pom%C3%A1h%C3%A1-a-%C5%A1et%C5%99%C3%AD,Moderní telemedicína pomáhá a šetří,Do oblasti zdravotní péče o vězněné osoby vstoupila další moderní technologie – telemedicína. Ta umožňuje diagnostikovat a ošetřit výrazně větší množství ...
telemedicína Česko,12,related_searches,,,,
telemedicína Česko,13,organic,msp.gov.cz,https://msp.gov.cz/web/msp/-/modern%C3%AD-telemedic%C3%ADna-pom%C3%A1h%C3%A1-a-%C5%A1et%C5%99%C3%AD,Moderní telemedicína pomáhá a šetří,Do oblasti zdravotní péče o vězněné osoby vstoupila další moderní technologie – telemedicína. Ta umožňuje diagnostikovat a ošetřit výrazně větší množství ...
telemedicína Česko,14,organic,www.facebook.com,https://www.facebook.com/telemedicinaceskarepublika/,Telemedicína ČR (@telemedicinaceskarepublika),Telemedicína dnes není jen telefonát s lékařem. Vedle telefonických konzultací rychle rostou i videohovory nebo vzdálený monitoring chronických pacientů — ...
telemedicína Česko,15,organic,mladilekari.cz,https://mladilekari.cz/2020/12/06/telemedicina-v-cr-ma-od-rijna-dalsiho-velkeho-hrace/,Telemedicína v ČR má od října velkého hráče!,"6. 12. 2020 — V ČR došlo v říjnu 2020 k oficiálnímu spuštění telemedicínské aplikace MEDDI. Jedná se o telemedicínskou aplikaci, která umožňuje spojení ..."
telemedicína Česko,16,organic,telemedicina.gov.cz,https://telemedicina.gov.cz/,Telemedicína Homepage - Telemedicína,"Aktuality, souvislosti a vývoj telemedicíny v Česku i zahraničí na jednom místě. Přejít na web. Přihlásit se do telemedicíny. Získejte ..."
telemedicína Česko,17,organic,arws.cz,https://arws.cz/novinky-v-arrows/telemedicina-v-roce-2026,Telemedicína v roce 2026 | ARROWS,27. 1. 2026 — Telemedicína v roce 2026 je zdravotní službou se stejnými nároky na odbornost jako péče poskytovaná osobně a navíc vyžaduje bezpečné ověření ...
telemedicína Česko,18,organic,cs.wikipedia.org,https://cs.wikipedia.org/wiki/Telemedic%C3%ADna,Telemedicína – Wikipedie,"Telemedicína je dálkový přenos lékařských informací (tlak, puls atd.) od pacienta k doktorovi, prostřednictvím telekomunikačních a informačních technologií: ..."
telemedicína Česko,19,organic,bmedic.cz,https://bmedic.cz/telemedicina-dobry-pomocnik-spatny-pan/,"Telemedicína: dobrý pomocník, špatný pán","10. 7. 2025 — Telemedicína zahrnuje širokou škálu zdravotnických služeb poskytovaných „na dálku“. Typickým příkladem je videokonzultace s lékařem, kdy pacient ..."
telemedicína Česko,20,organic,dspace.cuni.cz,https://dspace.cuni.cz/bitstream/handle/20.500.11956/204629/120521191.pdf?sequence=1,Telemedicína v příhraniční oblasti České republiky ...,"autor: T Novotný · 2025 — Telemedicína v ČR a nové trendy v soustřeďování a zpracování obrazových informací v medicíně. Brno: Masarykova univerzita, Filozofická ..."

