url_id,norm,final_url,target_country,language,page_type,content_entity_id,source_file_or_model,title,meta_description,h1,word_count,faq_count,superlative_hits,em_per_1k,em_dash_count,exclamation_count,impressions_W1,clicks_W1,primary_query,scanner_flags,sel,evidence,json_ld_types,indexability
U001917,https://www.myglobalhealth.online/ireland/en/blog/illness-benefit-payment-ireland-rate-tax-timing,https://www.myglobalhealth.online/ireland/en/blog/illness-benefit-payment-ireland-rate-tax-timing,Ireland,en,blog_post,,,Illness Benefit Ireland: 2026 rates and timing,"See 2026 Illness Benefit rates in Ireland, when payment starts, weekly timing, tax and how employer sick pay affects the first paid day.",How Much Is Illness Benefit in Ireland in 2026?,1272.0,4.0,0.0,3.930817610062893,5.0,0.0,851.0,4.0,illness benefit rates,none,top10_market,seo/tracking/raw/2026-09-15/A2-probe/text/U001917.txt,MedicalOrganization|ImageObject|Country|Country|Country|Country|Country|Country|ContactPoint|PostalAddress|PropertyValue|PropertyValue|PropertyValue|WebSite|Article|MedicalWebPage|ImageObject|Thing|Organization|MedicalOrganization|BreadcrumbList|ListItem|ListItem|ListItem|FAQPage|Question|Answer|Question|Answer|Question|Answer|Question|Answer,index
U001916,https://www.myglobalhealth.online/ireland/en/blog/illness-benefit-ireland-how-to-claim,https://www.myglobalhealth.online/ireland/en/blog/illness-benefit-ireland-how-to-claim,Ireland,en,blog_post,,,Illness Benefit Ireland: How to Claim (2026 Guide),"How to claim Illness Benefit in Ireland: the IB1 form, the Certificate of Incapacity for Work, who can issue it, and how it differs from sick leave.",Illness Benefit in Ireland: How to Claim and How to Get the Medical Certificate,2690.0,6.0,0.0,8.921933085501859,24.0,0.0,749.0,3.0,illness benefit ireland,em_dash_8.9/1k,top10_market,seo/tracking/raw/2026-09-15/A2-probe/text/U001916.txt,MedicalOrganization|ImageObject|Country|Country|Country|Country|Country|Country|ContactPoint|PostalAddress|PropertyValue|PropertyValue|PropertyValue|WebSite|Article|MedicalWebPage|Person|MedicalOrganization|PropertyValue|EducationalOccupationalCredential|Organization|Organization|ImageObject|Thing|Organization|MedicalOrganization|BreadcrumbList|ListItem|ListItem|ListItem|FAQPage|Question|Answer|Question|Answer|Question|Answer|Question|Answer|Question|Answer|Question|Answer,index
U002040,https://www.myglobalhealth.online/ireland/en/tools/adhd-test,https://www.myglobalhealth.online/ireland/en/tools/adhd-test,Ireland,en,tool,,,ADHD Test Ireland | Free Adult ADHD Screening,Take the six-question adult ADHD screener (ASRS v1.1 Part A) and see what your answers mean. A screening result is not a diagnosis — only a psychiatrist or clinical psychologist can make one.,ADHD test Ireland,2089.0,8.0,0.0,9.573958831977022,20.0,0.0,348.0,0.0,adhd assessment,em_dash_9.6/1k,top10_market,seo/tracking/raw/2026-09-15/A2-probe/text/U002040.txt,MedicalOrganization|ImageObject|Country|Country|Country|Country|Country|Country|ContactPoint|PostalAddress|PropertyValue|PropertyValue|PropertyValue|WebSite|MedicalWebPage|FAQPage|Question|Answer|Question|Answer|Question|Answer|Question|Answer|Question|Answer|Question|Answer|Question|Answer|Question|Answer|BreadcrumbList|ListItem|ListItem,index
U002043,https://www.myglobalhealth.online/ireland/en/tools/calorie-calculator,https://www.myglobalhealth.online/ireland/en/tools/calorie-calculator,Ireland,en,tool,,,Calorie Calculator Ireland | Daily Calorie Needs,"Work out how many calories you need a day to maintain, lose or gain weight. Mifflin-St Jeor equation, five activity levels, and what the numbers actually mean — with registered doctors if you want to go further.",Calorie calculator Ireland,1946.0,8.0,2.0,8.735868448098664,17.0,0.0,340.0,1.0,calorie calculator,em_dash_8.7/1k,top10_market,seo/tracking/raw/2026-09-15/A2-probe/text/U002043.txt,MedicalOrganization|ImageObject|Country|Country|Country|Country|Country|Country|ContactPoint|PostalAddress|PropertyValue|PropertyValue|PropertyValue|WebSite|MedicalWebPage|FAQPage|Question|Answer|Question|Answer|Question|Answer|Question|Answer|Question|Answer|Question|Answer|Question|Answer|Question|Answer|BreadcrumbList|ListItem|ListItem,index
U001913,https://www.myglobalhealth.online/ireland/en/blog/blood-tests-dublin-what-to-know,https://www.myglobalhealth.online/ireland/en/blog/blood-tests-dublin-what-to-know,Ireland,en,blog_post,,,Blood Tests in Dublin: A GP's Guide (2026) · Global Health,"Where to get a blood test in Dublin, whether you need a GP referral, what common panels measure, fasting rules, and what an out-of-range result means.","Blood Tests in Dublin: Where to Go, What to Ask For, and How to Read the Result",2582.0,6.0,0.0,7.745933384972889,20.0,0.0,258.0,0.0,blood test dublin,none,top10_market,seo/tracking/raw/2026-09-15/A2-probe/text/U001913.txt,MedicalOrganization|ImageObject|Country|Country|Country|Country|Country|Country|ContactPoint|PostalAddress|PropertyValue|PropertyValue|PropertyValue|WebSite|Article|MedicalWebPage|Person|MedicalOrganization|PropertyValue|EducationalOccupationalCredential|Organization|Organization|ImageObject|Thing|Organization|MedicalOrganization|BreadcrumbList|ListItem|ListItem|ListItem|FAQPage|Question|Answer|Question|Answer|Question|Answer|Question|Answer|Question|Answer|Question|Answer,index
U002042,https://www.myglobalhealth.online/ireland/en/tools/bmi-calculator,https://www.myglobalhealth.online/ireland/en/tools/bmi-calculator,Ireland,en,tool,,,BMI Calculator Ireland | Free Body Mass Index Check,"Work out your body mass index in seconds. Metric or imperial, WHO adult categories, and what your result actually means — with registered doctors if you want to go further.",BMI calculator Ireland,1637.0,8.0,0.0,5.497861942577886,9.0,0.0,210.0,0.0,bmi calculator ireland,none,top10_market,seo/tracking/raw/2026-09-15/A2-probe/text/U002042.txt,MedicalOrganization|ImageObject|Country|Country|Country|Country|Country|Country|ContactPoint|PostalAddress|PropertyValue|PropertyValue|PropertyValue|WebSite|MedicalWebPage|FAQPage|Question|Answer|Question|Answer|Question|Answer|Question|Answer|Question|Answer|Question|Answer|Question|Answer|Question|Answer|BreadcrumbList|ListItem|ListItem,index
U002041,https://www.myglobalhealth.online/ireland/en/tools/blood-pressure-chart,https://www.myglobalhealth.online/ireland/en/tools/blood-pressure-chart,Ireland,en,tool,,,Blood Pressure Chart Ireland | What Your Reading Means,"Check your systolic and diastolic numbers against the European adult blood pressure chart. See the category, what it means, and which readings need medical care the same day.",Blood pressure chart Ireland,1839.0,8.0,0.0,4.893964110929852,9.0,0.0,196.0,0.0,blood pressure chart,none,top10_market,seo/tracking/raw/2026-09-15/A2-probe/text/U002041.txt,MedicalOrganization|ImageObject|Country|Country|Country|Country|Country|Country|ContactPoint|PostalAddress|PropertyValue|PropertyValue|PropertyValue|WebSite|MedicalWebPage|FAQPage|Question|Answer|Question|Answer|Question|Answer|Question|Answer|Question|Answer|Question|Answer|Question|Answer|Question|Answer|BreadcrumbList|ListItem|ListItem,index
HOME-IE,https://www.myglobalhealth.online/ireland/en,https://www.myglobalhealth.online/ireland/en,Ireland,en,market_home,,,Online Doctor Ireland | IMC-Registered GPs & Specialists | Same Day,"See an IMC-registered doctor by video call today for GP consultations, sick certs and specialist referrals. Same-day appointments anywhere in Ireland from €39.","Online Doctor Ireland | IMC-registered physicians, same day.",3763.0,6.0,0.0,10.895562051554611,41.0,0.0,165.0,7.0,global health,em_dash_10.9/1k,top10_market,seo/tracking/raw/2026-09-15/A2-probe/text/HOME-IE.txt,MedicalOrganization|ImageObject|Country|Country|Country|Country|Country|Country|ContactPoint|PostalAddress|PropertyValue|PropertyValue|PropertyValue|WebSite|MedicalOrganization|MedicalOrganization|Country|Organization|BreadcrumbList|ListItem|ListItem|FAQPage|Question|Answer|Question|Answer|Question|Answer|Question|Answer|Question|Answer|Question|Answer,index
U002044,https://www.myglobalhealth.online/ireland/en/tools/due-date-calculator,https://www.myglobalhealth.online/ireland/en/tools/due-date-calculator,Ireland,en,tool,,,Due Date Calculator Ireland | Pregnancy Week by Week,"Work out your estimated due date and how many weeks pregnant you are from the first day of your last period. Adjusts for your cycle length, with the full 40-week breakdown.",Due date calculator Ireland,1812.0,8.0,0.0,4.966887417218543,9.0,0.0,129.0,0.0,due date calculator,soft_404_signal,top10_market,seo/tracking/raw/2026-09-15/A2-probe/text/U002044.txt,MedicalOrganization|ImageObject|Country|Country|Country|Country|Country|Country|ContactPoint|PostalAddress|PropertyValue|PropertyValue|PropertyValue|WebSite|MedicalWebPage|FAQPage|Question|Answer|Question|Answer|Question|Answer|Question|Answer|Question|Answer|Question|Answer|Question|Answer|Question|Answer|BreadcrumbList|ListItem|ListItem,index
U001912,https://www.myglobalhealth.online/ireland/en/blog/adult-adhd-assessment-ireland-public-private-routes,https://www.myglobalhealth.online/ireland/en/blog/adult-adhd-assessment-ireland-public-private-routes,Ireland,en,blog_post,,,Adult ADHD assessment in Ireland: routes and cost,"HSE waiting times, private assessment costs, who can diagnose ADHD in Ireland and what a NICE-standard adult ADHD assessment involves.","Adult ADHD assessment in Ireland: the public route, the private route and what actually happens in the room",1905.0,4.0,0.0,3.149606299212598,6.0,0.0,93.0,0.0,adhd assessment,none,top10_market,seo/tracking/raw/2026-09-15/A2-probe/text/U001912.txt,MedicalOrganization|ImageObject|Country|Country|Country|Country|Country|Country|ContactPoint|PostalAddress|PropertyValue|PropertyValue|PropertyValue|WebSite|Article|MedicalWebPage|Person|MedicalOrganization|PropertyValue|EducationalOccupationalCredential|Organization|Organization|ImageObject|Thing|Organization|MedicalOrganization|BreadcrumbList|ListItem|ListItem|ListItem|FAQPage|Question|Answer|Question|Answer|Question|Answer|Question|Answer,index
HOME-PT,https://www.myglobalhealth.online/portugal/pt,https://www.myglobalhealth.online/portugal/pt,Portugal,pt,market_home,,,Global Health Portugal | Cuidados médicos online,"Conheça os cuidados médicos online da Global Health em Portugal. Consulte os serviços disponíveis, os médicos e os passos para marcar uma consulta.",Cuidados médicos online em Portugal,2501.0,6.0,0.0,13.194722111155539,33.0,0.0,676.0,7.0,medico online portugal,none,top10_market,seo/tracking/raw/2026-09-15/A2-probe/text/HOME-PT.txt,MedicalOrganization|ImageObject|Country|Country|Country|Country|Country|Country|ContactPoint|PostalAddress|PropertyValue|PropertyValue|PropertyValue|WebSite|MedicalOrganization|MedicalOrganization|Country|PropertyValue|Organization|BreadcrumbList|ListItem|ListItem|FAQPage|Question|Answer|Question|Answer|Question|Answer|Question|Answer|Question|Answer|Question|Answer,index
U002957,https://www.myglobalhealth.online/portugal/pt/blog/atestado-medico-para-carta-de-conducao,https://www.myglobalhealth.online/portugal/pt/blog/atestado-medico-para-carta-de-conducao,Portugal,pt,blog_post,,,Atestado médico carta condução: grupos 1 e 2 · Global Health,"Atestado médico da carta em Portugal: categorias dos Grupos 1 e 2, avaliação psicológica, envio eletrónico ao IMT e limites da consulta.","Atestado médico para carta de condução: Grupo 1, Grupo 2 e envio ao IMT",1293.0,4.0,0.0,6.960556844547564,9.0,0.0,255.0,0.0,atestado para carta de condução,none,top10_market,seo/tracking/raw/2026-09-15/A2-probe/text/U002957.txt,MedicalOrganization|ImageObject|Country|Country|Country|Country|Country|Country|ContactPoint|PostalAddress|PropertyValue|PropertyValue|PropertyValue|WebSite|Article|MedicalWebPage|ImageObject|Thing|Organization|MedicalOrganization|BreadcrumbList|ListItem|ListItem|ListItem|FAQPage|Question|Answer|Question|Answer|Question|Answer|Question|Answer,index
U002930,https://www.myglobalhealth.online/portugal/es/services/consulta-medica,https://www.myglobalhealth.online/portugal/es/services/consulta-medica,Portugal,es,service,service:pt:consulta-medica,,Consulta Médica Online en Portugal | Cita el Mismo Día,"Hable con un médico colegiado en la Ordem dos Médicos hoy, por videollamada segura. Consultas disponibles el mismo día para síntomas agudos y cuestiones clínicas. Reserve ya. También aceptamos Medicare para este servicio.",Consulta de Medicina General Online en Portugal,1419.0,5.0,0.0,7.751937984496124,11.0,0.0,233.0,0.0,medico online portugal,none,top10_market,seo/tracking/raw/2026-09-15/A2-probe/text/U002930.txt,MedicalOrganization|ImageObject|Country|Country|Country|Country|Country|Country|ContactPoint|PostalAddress|PropertyValue|PropertyValue|PropertyValue|WebSite|FAQPage|Question|Answer|Question|Answer|Question|Answer|Question|Answer|Question|Answer|BreadcrumbList|ListItem|ListItem|ListItem|MedicalWebPage|Person|MedicalOrganization|PropertyValue|EducationalOccupationalCredential|Organization|Organization|MedicalProcedure|ReserveAction|Service|Country|MedicalOrganization|Offer|QuantitativeValue,index
U003052,https://www.myglobalhealth.online/portugal/pt/tools/blood-pressure-chart,https://www.myglobalhealth.online/portugal/pt/tools/blood-pressure-chart,Portugal,pt,tool,,,Tabela de Tensão Arterial: Valores | Portugal,Compare a tensão sistólica e diastólica com a tabela europeia para adultos. Veja a categoria e as leituras que exigem cuidados médicos no próprio dia.,Tabela de tensão arterial Portugal,2001.0,8.0,2.0,5.497251374312843,11.0,0.0,201.0,2.0,tabela de medição de tensão arterial,none,top10_market,seo/tracking/raw/2026-09-15/A2-probe/text/U003052.txt,MedicalOrganization|ImageObject|Country|Country|Country|Country|Country|Country|ContactPoint|PostalAddress|PropertyValue|PropertyValue|PropertyValue|WebSite|MedicalWebPage|FAQPage|Question|Answer|Question|Answer|Question|Answer|Question|Answer|Question|Answer|Question|Answer|Question|Answer|Question|Answer|BreadcrumbList|ListItem|ListItem,index
U002832,https://www.myglobalhealth.online/portugal/en/services/consulta-cardiologia,https://www.myglobalhealth.online/portugal/en/services/consulta-cardiologia,Portugal,en,service,service:pt:consulta-cardiologia,,Online Cardiology Consultation Portugal | Cardiologist,"Consultation with a cardiologist registered with the Portuguese Medical Association. Cardiovascular risk assessment, management of heart conditions, and second opinions, by secure video call.",Cardiology Consultation,2465.0,8.0,0.0,30.02028397565923,74.0,0.0,136.0,0.0,online doctor consultation cardiologist,em_dash_30.0/1k,top10_market,seo/tracking/raw/2026-09-15/A2-probe/text/U002832.txt,MedicalOrganization|ImageObject|Country|Country|Country|Country|Country|Country|ContactPoint|PostalAddress|PropertyValue|PropertyValue|PropertyValue|WebSite|FAQPage|Question|Answer|Question|Answer|Question|Answer|Question|Answer|Question|Answer|Question|Answer|Question|Answer|Question|Answer|BreadcrumbList|ListItem|ListItem|ListItem|MedicalWebPage|Person|MedicalOrganization|PropertyValue|EducationalOccupationalCredential|Organization|Organization|MedicalProcedure|ReserveAction|Service|Country|MedicalOrganization|Offer|QuantitativeValue,index
U003000,https://www.myglobalhealth.online/portugal/pt/doctors/dr-telmo-coelho,https://www.myglobalhealth.online/portugal/pt/doctors/dr-telmo-coelho,Portugal,pt,doctor,doctor:pt:dr-telmo-coelho,,Dr. Telmo Coelho — Psiquiatra | OM 48028 · Global Health,"Dr. Telmo Coelho, psiquiatra OM 48028: CH São João; Hospital das Forças Armadas; Psiquiatria Forense e Psicotraumatologia. Português e inglês.",Dr Telmo Coelho,2021.0,6.0,0.0,10.390895596239485,21.0,0.0,95.0,3.0,dr telmo coelho psiquiatra,none,top10_market,seo/tracking/raw/2026-09-15/A2-probe/text/U003000.txt,MedicalOrganization|ImageObject|Country|Country|Country|Country|Country|Country|ContactPoint|PostalAddress|PropertyValue|PropertyValue|PropertyValue|WebSite|Person|ImageObject|MedicalOrganization|PropertyValue|EducationalOccupationalCredential|Organization|Organization|BreadcrumbList|ListItem|ListItem|ListItem|ListItem|FAQPage|Question|Answer|Question|Answer|Question|Answer|Question|Answer|Question|Answer|Question|Answer,index
U002959,https://www.myglobalhealth.online/portugal/pt/blog/baixa-medica-quanto-se-recebe-como-calcular,https://www.myglobalhealth.online/portugal/pt/blog/baixa-medica-quanto-se-recebe-como-calcular,Portugal,pt,blog_post,,,Baixa médica: quanto se recebe em 2026 · Global Health,"Veja as taxas de 55% a 75%, a fórmula da remuneração de referência, os dias de espera e um exemplo de subsídio de doença em 2026.",Baixa médica: quanto se recebe e como é calculada,1230.0,4.0,0.0,2.4390243902439024,3.0,0.0,78.0,0.0,baixa por cirurgia de ambulatório quanto se recebe 2026,none,top10_market,seo/tracking/raw/2026-09-15/A2-probe/text/U002959.txt,MedicalOrganization|ImageObject|Country|Country|Country|Country|Country|Country|ContactPoint|PostalAddress|PropertyValue|PropertyValue|PropertyValue|WebSite|Article|MedicalWebPage|ImageObject|Thing|Organization|MedicalOrganization|BreadcrumbList|ListItem|ListItem|ListItem|FAQPage|Question|Answer|Question|Answer|Question|Answer|Question|Answer,index
U002781,https://www.myglobalhealth.online/portugal/en/blog/travel-health-consultation-portugal,https://www.myglobalhealth.online/portugal/en/blog/travel-health-consultation-portugal,Portugal,en,blog_post,,,Travel health consultation in Portugal · Global Health,"Travel health consultation in Portugal: what is assessed, where it is done, what to bring and the role of the International Vaccination Centres.","Travel health consultation in Portugal: where to go, when to book and what to bring",2813.0,6.0,1.0,15.641663704230359,44.0,0.0,51.0,0.0,consulta do viajante online,em_dash_15.6/1k,top10_market,seo/tracking/raw/2026-09-15/A2-probe/text/U002781.txt,MedicalOrganization|ImageObject|Country|Country|Country|Country|Country|Country|ContactPoint|PostalAddress|PropertyValue|PropertyValue|PropertyValue|WebSite|Article|MedicalWebPage|Person|MedicalOrganization|PropertyValue|EducationalOccupationalCredential|Organization|Organization|ImageObject|Thing|Organization|MedicalOrganization|BreadcrumbList|ListItem|ListItem|ListItem|FAQPage|Question|Answer|Question|Answer|Question|Answer|Question|Answer|Question|Answer|Question|Answer,index
U002862,https://www.myglobalhealth.online/portugal/es,https://www.myglobalhealth.online/portugal/es,Portugal,es,market_home,,,Médico Online Portugal | Médicos y Especialistas Colegiados,"Consulte hoy con un médico colegiado por videollamada — consultas de medicina general, certificados médicos, derivaciones a especialistas. Citas el mismo día en Portugal.",Atención médica online en Portugal,2496.0,6.0,0.0,13.221153846153847,33.0,0.0,38.0,0.0,cita medico,none,top10_market,seo/tracking/raw/2026-09-15/A2-probe/text/U002862.txt,MedicalOrganization|ImageObject|Country|Country|Country|Country|Country|Country|ContactPoint|PostalAddress|PropertyValue|PropertyValue|PropertyValue|WebSite|MedicalOrganization|MedicalOrganization|Country|PropertyValue|Organization|BreadcrumbList|ListItem|ListItem|FAQPage|Question|Answer|Question|Answer|Question|Answer|Question|Answer|Question|Answer|Question|Answer,index
U002830,https://www.myglobalhealth.online/portugal/en/services/certificado-medico-carta-de-conducao,https://www.myglobalhealth.online/portugal/en/services/certificado-medico-carta-de-conducao,Portugal,en,service,service:pt:certificado-medico-carta-de-conducao,,Driving Licence Medical Certificate Online Portugal,"Online medical assessment for a driving fitness certificate, Group 1 and Group 2. Doctor registered with the Portuguese Medical Association, document accepted by the IMT. Book now. We also accept Medicare for this service.",Driving Licence Medical Certificate,2064.0,8.0,3.0,12.112403100775195,25.0,0.0,24.0,1.0,medical certificate portugal,superlative_hits=3|em_dash_12.1/1k,top10_market,seo/tracking/raw/2026-09-15/A2-probe/text/U002830.txt,MedicalOrganization|ImageObject|Country|Country|Country|Country|Country|Country|ContactPoint|PostalAddress|PropertyValue|PropertyValue|PropertyValue|WebSite|FAQPage|Question|Answer|Question|Answer|Question|Answer|Question|Answer|Question|Answer|Question|Answer|Question|Answer|Question|Answer|BreadcrumbList|ListItem|ListItem|ListItem|MedicalWebPage|Person|MedicalOrganization|PropertyValue|EducationalOccupationalCredential|Organization|Organization|MedicalProcedure|ReserveAction|Service|Country|MedicalOrganization|Offer|QuantitativeValue,index
HOME-ES,https://www.myglobalhealth.online/spain/es,https://www.myglobalhealth.online/spain/es,Spain,es,market_home,,,Médico Online España | Médicos y Especialistas Colegiados,"Consulte hoy con un médico colegiado por videollamada — medicina general, certificados médicos, derivaciones a especialistas. Mismo día en España.",Atención médica online en España,2426.0,6.0,0.0,15.663643858202802,38.0,0.0,2012.0,2.0,medicos online,none,top10_market,seo/tracking/raw/2026-09-15/A2-probe/text/HOME-ES.txt,MedicalOrganization|ImageObject|Country|Country|Country|Country|Country|Country|ContactPoint|PostalAddress|PropertyValue|PropertyValue|PropertyValue|WebSite|MedicalOrganization|MedicalOrganization|Country|Organization|BreadcrumbList|ListItem|ListItem|FAQPage|Question|Answer|Question|Answer|Question|Answer|Question|Answer|Question|Answer|Question|Answer,index
U004460,https://www.myglobalhealth.online/spain/es/tools/blood-pressure-chart,https://www.myglobalhealth.online/spain/es/tools/blood-pressure-chart,Spain,es,tool,,,Baremos de Tensión Arterial España | Tabla de Valores Normales,"Introduce tu tensión sistólica y diastólica y consulta el baremo europeo para adultos: en qué categoría estás, qué significa y qué lecturas necesitan atención médica el mismo día.",Tensión arterial normal España,2046.0,8.0,2.0,0.4887585532746823,1.0,0.0,955.0,2.0,tabla tension arterial,none,top10_market,seo/tracking/raw/2026-09-15/A2-probe/text/U004460.txt,MedicalOrganization|ImageObject|Country|Country|Country|Country|Country|Country|ContactPoint|PostalAddress|PropertyValue|PropertyValue|PropertyValue|WebSite|MedicalWebPage|FAQPage|Question|Answer|Question|Answer|Question|Answer|Question|Answer|Question|Answer|Question|Answer|Question|Answer|Question|Answer|BreadcrumbList|ListItem|ListItem,index
U004465,https://www.myglobalhealth.online/spain/es/tools/ovulation-calculator,https://www.myglobalhealth.online/spain/es/tools/ovulation-calculator,Spain,es,tool,,,Calculadora de Ovulación España | Días Fértiles y Ovulación,"Calcula tus días fértiles y el día estimado de ovulación a partir del primer día de tu última regla. Se ajusta a la duración de tu ciclo, con los seis días más fértiles al detalle.",Calculadora de ovulación España,2081.0,8.0,0.0,0.4805382027871216,1.0,0.0,290.0,0.0,calculadora los dias fertiles,none,top10_market,seo/tracking/raw/2026-09-15/A2-probe/text/U004465.txt,MedicalOrganization|ImageObject|Country|Country|Country|Country|Country|Country|ContactPoint|PostalAddress|PropertyValue|PropertyValue|PropertyValue|WebSite|MedicalWebPage|FAQPage|Question|Answer|Question|Answer|Question|Answer|Question|Answer|Question|Answer|Question|Answer|Question|Answer|Question|Answer|BreadcrumbList|ListItem|ListItem,index
U004388,https://www.myglobalhealth.online/spain/es/blog/dermatologo-online-que-puede-resolver,https://www.myglobalhealth.online/spain/es/blog/dermatologo-online-que-puede-resolver,Spain,es,blog_post,,,Dermatólogo online: qué resuelve y qué no · Global Health,"Dermatólogo online en España: qué problemas de piel se resuelven por vídeo o fotografía, cuáles exigen consulta presencial y cómo hacer buenas fotos.",Dermatólogo online: qué puede resolver y qué necesita ser presencial,2667.0,6.0,5.0,8.248968878890139,22.0,0.0,288.0,0.0,dermatologo atencion online,superlative_hits=5,top10_market,seo/tracking/raw/2026-09-15/A2-probe/text/U004388.txt,MedicalOrganization|ImageObject|Country|Country|Country|Country|Country|Country|ContactPoint|PostalAddress|PropertyValue|PropertyValue|PropertyValue|WebSite|Article|MedicalWebPage|Person|MedicalOrganization|PropertyValue|EducationalOccupationalCredential|Organization|Organization|ImageObject|Thing|Organization|MedicalOrganization|BreadcrumbList|ListItem|ListItem|ListItem|FAQPage|Question|Answer|Question|Answer|Question|Answer|Question|Answer|Question|Answer|Question|Answer,index
U004361,https://www.myglobalhealth.online/spain/en/services/dermatologia-especialista-online,https://www.myglobalhealth.online/spain/en/services/dermatologia-especialista-online,Spain,en,service,service:es:dermatologia-especialista-online,,Specialist Dermatology Online Spain | Dermatologist,"Complex skin condition, severe acne, or suspicious lesion? Our OMC-registered dermatologists offer specialist assessments by video call with high-resolution image analysis. Same-day appointments anywhere in Spain.","Specialist Dermatology — Online Assessment with Dermatologist, Same Day",2407.0,9.0,0.0,30.7436643124221,74.0,0.0,199.0,0.0,atencion dermatologica online,em_dash_30.7/1k,top10_market,seo/tracking/raw/2026-09-15/A2-probe/text/U004361.txt,MedicalOrganization|ImageObject|Country|Country|Country|Country|Country|Country|ContactPoint|PostalAddress|PropertyValue|PropertyValue|PropertyValue|WebSite|FAQPage|Question|Answer|Question|Answer|Question|Answer|Question|Answer|Question|Answer|Question|Answer|Question|Answer|Question|Answer|Question|Answer|BreadcrumbList|ListItem|ListItem|ListItem|MedicalWebPage|Person|MedicalOrganization|PropertyValue|EducationalOccupationalCredential|Organization|Organization|MedicalProcedure|ReserveAction|Service|Country|MedicalOrganization|Offer|QuantitativeValue,index
U004535,https://www.myglobalhealth.online/spain/pt/services/psiquiatra-online,https://www.myglobalhealth.online/spain/pt/services/psiquiatra-online,Spain,pt,service,service:es:psiquiatra-online,,Psiquiatra Online Espanha | Consulta Psiquiátrica Especialista,"TDAH, transtorno bipolar ou outra preocupação psiquiátrica? Psiquiatras inscritos avaliam o seu caso por videochamada segura, em qualquer ponto de Espanha.",Psiquiatria Especialista — Avaliação Psiquiátrica Online,2982.0,10.0,0.0,25.150905432595575,75.0,0.0,173.0,0.0,psiquiatra online,none,top10_market,seo/tracking/raw/2026-09-15/A2-probe/text/U004535.txt,MedicalOrganization|ImageObject|Country|Country|Country|Country|Country|Country|ContactPoint|PostalAddress|PropertyValue|PropertyValue|PropertyValue|WebSite|FAQPage|Question|Answer|Question|Answer|Question|Answer|Question|Answer|Question|Answer|Question|Answer|Question|Answer|Question|Answer|Question|Answer|Question|Answer|BreadcrumbList|ListItem|ListItem|ListItem|MedicalWebPage|Person|MedicalOrganization|PropertyValue|EducationalOccupationalCredential|Organization|Organization|MedicalProcedure|ReserveAction|Service|Country|MedicalOrganization|Offer|QuantitativeValue,index
U004367,https://www.myglobalhealth.online/spain/en/services/psicologo-online,https://www.myglobalhealth.online/spain/en/services/psicologo-online,Spain,en,service,service:es:psicologo-online,,Psychologist Online Spain | Therapy | Registered Clinical Psychologist,"Anxiety, depression, trauma, or psychological concern in Spain? Our registered clinical psychologists offer psychotherapy and psychological assessment by secure video call. Same-day appointments in English.",Clinical Psychology — Online Therapy with Registered Psychologist in Spain,2464.0,10.0,0.0,29.22077922077922,72.0,0.0,167.0,0.0,online psychologist,em_dash_29.2/1k,top10_market,seo/tracking/raw/2026-09-15/A2-probe/text/U004367.txt,MedicalOrganization|ImageObject|Country|Country|Country|Country|Country|Country|ContactPoint|PostalAddress|PropertyValue|PropertyValue|PropertyValue|WebSite|FAQPage|Question|Answer|Question|Answer|Question|Answer|Question|Answer|Question|Answer|Question|Answer|Question|Answer|Question|Answer|Question|Answer|Question|Answer|BreadcrumbList|ListItem|ListItem|ListItem|MedicalWebPage|Person|MedicalOrganization|PropertyValue|EducationalOccupationalCredential|Organization|Organization|MedicalProcedure|ReserveAction|Service|Country|MedicalOrganization|Offer|QuantitativeValue,index
U004386,https://www.myglobalhealth.online/spain/es/blog/baja-laboral-por-ansiedad-como-funciona,https://www.myglobalhealth.online/spain/es/blog/baja-laboral-por-ansiedad-como-funciona,Spain,es,blog_post,,,Baja laboral por ansiedad: quién la emite en España,"Baja laboral por ansiedad en España: quién emite el parte de baja, qué evalúa el médico, qué información recibe la empresa y qué es la inspección médica.",Baja laboral por ansiedad: quién la emite y qué se evalúa,3007.0,6.0,4.0,7.316262055204523,22.0,0.0,158.0,0.0,mi médico no me da la baja por ansiedad,superlative_hits=4,top10_market,seo/tracking/raw/2026-09-15/A2-probe/text/U004386.txt,MedicalOrganization|ImageObject|Country|Country|Country|Country|Country|Country|ContactPoint|PostalAddress|PropertyValue|PropertyValue|PropertyValue|WebSite|Article|MedicalWebPage|Person|MedicalOrganization|PropertyValue|EducationalOccupationalCredential|Organization|Organization|ImageObject|Thing|Organization|MedicalOrganization|BreadcrumbList|ListItem|ListItem|ListItem|FAQPage|Question|Answer|Question|Answer|Question|Answer|Question|Answer|Question|Answer|Question|Answer,index
U004403,https://www.myglobalhealth.online/spain/es/doctors/dr-alfredo-del-valle,https://www.myglobalhealth.online/spain/es/doctors/dr-alfredo-del-valle,Spain,es,doctor,doctor:es:dr-alfredo-del-valle,,Dr. Alfredo del Valle — Dermatólogo | CGCOM 282885136,"Videoconsulta con el Dr. Alfredo del Valle, dermatólogo colegiado (CGCOM 282885136). Dermatología médica y estética, en español e inglés.",Dr. Alfredo del Valle Moreno Montañez,1667.0,6.0,0.0,7.798440311937612,13.0,0.0,127.0,20.0,alfredo del valle moreno montañez,none,top10_market,seo/tracking/raw/2026-09-15/A2-probe/text/U004403.txt,MedicalOrganization|ImageObject|Country|Country|Country|Country|Country|Country|ContactPoint|PostalAddress|PropertyValue|PropertyValue|PropertyValue|WebSite|Person|ImageObject|MedicalOrganization|PropertyValue|EducationalOccupationalCredential|Organization|Organization|BreadcrumbList|ListItem|ListItem|ListItem|ListItem|FAQPage|Question|Answer|Question|Answer|Question|Answer|Question|Answer|Question|Answer|Question|Answer,index
U004368,https://www.myglobalhealth.online/spain/en/services/psiquiatra-online,https://www.myglobalhealth.online/spain/en/services/psiquiatra-online,Spain,en,service,service:es:psiquiatra-online,,Psychiatrist Online Spain | Specialist Psychiatric Assessment,"ADHD, bipolar disorder or another psychiatric concern in Spain? Registered psychiatrists assess you by secure video call, wherever you are in Spain.",Specialist Psychiatry — Online Psychiatric Assessment in Spain,2702.0,10.0,1.0,29.607698001480383,80.0,0.0,123.0,0.0,psiquiatra online,em_dash_29.6/1k,top10_market,seo/tracking/raw/2026-09-15/A2-probe/text/U004368.txt,MedicalOrganization|ImageObject|Country|Country|Country|Country|Country|Country|ContactPoint|PostalAddress|PropertyValue|PropertyValue|PropertyValue|WebSite|FAQPage|Question|Answer|Question|Answer|Question|Answer|Question|Answer|Question|Answer|Question|Answer|Question|Answer|Question|Answer|Question|Answer|Question|Answer|BreadcrumbList|ListItem|ListItem|ListItem|MedicalWebPage|Person|MedicalOrganization|PropertyValue|EducationalOccupationalCredential|Organization|Organization|MedicalProcedure|ReserveAction|Service|Country|MedicalOrganization|Offer|QuantitativeValue,index
U000877,https://www.myglobalhealth.online/czechia/cs/tools/bmi-calculator,https://www.myglobalhealth.online/czechia/cs/tools/bmi-calculator,Czechia,cs,tool,,,BMI kalkulačka | Výpočet BMI online · Global Health,Spočítejte si BMI z výšky a hmotnosti. Výsledek používá orientační kategorie pro dospělé a nenahrazuje individuální zdravotní posouzení.,BMI kalkulačka,1464.0,8.0,0.0,8.196721311475411,12.0,0.0,847.0,0.0,bmi kalkulačka,none,top10_market,seo/tracking/raw/2026-09-15/A2-probe/text/U000877.txt,MedicalOrganization|ImageObject|Country|Country|Country|Country|Country|Country|ContactPoint|PostalAddress|PropertyValue|PropertyValue|PropertyValue|WebSite|MedicalWebPage|FAQPage|Question|Answer|Question|Answer|Question|Answer|Question|Answer|Question|Answer|Question|Answer|Question|Answer|Question|Answer|BreadcrumbList|ListItem|ListItem,index
U000876,https://www.myglobalhealth.online/czechia/cs/tools/blood-pressure-chart,https://www.myglobalhealth.online/czechia/cs/tools/blood-pressure-chart,Czechia,cs,tool,,,Krevní tlak: kalkulačka a tabulka hodnot · Global Health,"Zkontrolujte orientační kategorii krevního tlaku, správný postup měření a situace, kdy je vhodná konzultace nebo akutní pomoc.",Kalkulačka a tabulka krevního tlaku,1600.0,8.0,0.0,8.75,14.0,0.0,712.0,20.0,krevní tlak kalkulačka,none,top10_market,seo/tracking/raw/2026-09-15/A2-probe/text/U000876.txt,MedicalOrganization|ImageObject|Country|Country|Country|Country|Country|Country|ContactPoint|PostalAddress|PropertyValue|PropertyValue|PropertyValue|WebSite|MedicalWebPage|FAQPage|Question|Answer|Question|Answer|Question|Answer|Question|Answer|Question|Answer|Question|Answer|Question|Answer|Question|Answer|BreadcrumbList|ListItem|ListItem,index
U000879,https://www.myglobalhealth.online/czechia/cs/tools/due-date-calculator,https://www.myglobalhealth.online/czechia/cs/tools/due-date-calculator,Czechia,cs,tool,,,Těhotenská kalkulačka | Termín porodu a týdny,Odhadněte termín porodu a týden těhotenství podle prvního dne poslední menstruace a délky cyklu. Výsledek je orientační.,Těhotenská kalkulačka,1496.0,8.0,0.0,7.352941176470588,11.0,0.0,273.0,2.0,v kolikátém týdnu se rodí,none,top10_market,seo/tracking/raw/2026-09-15/A2-probe/text/U000879.txt,MedicalOrganization|ImageObject|Country|Country|Country|Country|Country|Country|ContactPoint|PostalAddress|PropertyValue|PropertyValue|PropertyValue|WebSite|MedicalWebPage|FAQPage|Question|Answer|Question|Answer|Question|Answer|Question|Answer|Question|Answer|Question|Answer|Question|Answer|Question|Answer|BreadcrumbList|ListItem|ListItem,index
U000818,https://www.myglobalhealth.online/czechia/cs/blog/neschopenka-jak-funguje-eneschopenka,https://www.myglobalhealth.online/czechia/cs/blog/neschopenka-jak-funguje-eneschopenka,Czechia,cs,blog_post,,,Neschopenka: jak funguje eNeschopenka (2026) · Global Health,"Jak funguje elektronická neschopenka: kdo ji smí vystavit, jak se o ní dozví zaměstnavatel, pravidla vycházek a kdy lze neschopenku vystavit zpětně.","Neschopenka: jak funguje eNeschopenka, vycházky a výplata nemocenské",1909.0,6.0,0.0,8.90518596123625,17.0,0.0,243.0,0.0,neschopenka,none,top10_market,seo/tracking/raw/2026-09-15/A2-probe/text/U000818.txt,MedicalOrganization|ImageObject|Country|Country|Country|Country|Country|Country|ContactPoint|PostalAddress|PropertyValue|PropertyValue|PropertyValue|WebSite|Article|MedicalWebPage|Person|MedicalOrganization|PropertyValue|EducationalOccupationalCredential|Organization|Organization|ImageObject|Thing|Organization|MedicalOrganization|BreadcrumbList|ListItem|ListItem|ListItem|FAQPage|Question|Answer|Question|Answer|Question|Answer|Question|Answer|Question|Answer|Question|Answer,index
U000881,https://www.myglobalhealth.online/czechia/cs/tools/ovulation-calculator,https://www.myglobalhealth.online/czechia/cs/tools/ovulation-calculator,Czechia,cs,tool,,,Ovulační kalkulačka | Plodné dny a ovulace · Global Health,Odhadněte den ovulace a plodné dny podle prvního dne poslední menstruace a délky cyklu. Výsledek je orientační.,Ovulační kalkulačka,1639.0,8.0,0.0,9.762050030506407,16.0,0.0,157.0,1.0,ovulační kalkulačka,none,top10_market,seo/tracking/raw/2026-09-15/A2-probe/text/U000881.txt,MedicalOrganization|ImageObject|Country|Country|Country|Country|Country|Country|ContactPoint|PostalAddress|PropertyValue|PropertyValue|PropertyValue|WebSite|MedicalWebPage|FAQPage|Question|Answer|Question|Answer|Question|Answer|Question|Answer|Question|Answer|Question|Answer|Question|Answer|Question|Answer|BreadcrumbList|ListItem|ListItem,index
U000878,https://www.myglobalhealth.online/czechia/cs/tools/calorie-calculator,https://www.myglobalhealth.online/czechia/cs/tools/calorie-calculator,Czechia,cs,tool,,,Kalkulačka kalorií | Denní kalorický příjem · Global Health,"Odhadněte denní kalorický příjem pro udržení, hubnutí nebo nabírání podle rovnice Mifflin-St Jeor. Výsledek je orientační.",Kalkulačka kalorií,1594.0,8.0,0.0,14.429109159347552,23.0,0.0,153.0,1.0,kalorická kalkulačka,none,top10_market,seo/tracking/raw/2026-09-15/A2-probe/text/U000878.txt,MedicalOrganization|ImageObject|Country|Country|Country|Country|Country|Country|ContactPoint|PostalAddress|PropertyValue|PropertyValue|PropertyValue|WebSite|MedicalWebPage|FAQPage|Question|Answer|Question|Answer|Question|Answer|Question|Answer|Question|Answer|Question|Answer|Question|Answer|Question|Answer|BreadcrumbList|ListItem|ListItem,index
U000959,https://www.myglobalhealth.online/czechia/en/blog/neschopenka-czech-sick-note-explained,https://www.myglobalhealth.online/czechia/en/blog/neschopenka-czech-sick-note-explained,Czechia,en,blog_post,,,Neschopenka: the Czech sick note explained · Global Health,"How the Czech eNeschopenka works: who may issue it, how your employer is notified, the rules on permitted outings, and when it can be backdated.",Neschopenka: how the Czech electronic sick note actually works,2336.0,6.0,0.0,6.8493150684931505,16.0,0.0,138.0,0.0,neschopenka anglicky,none,top10_market,seo/tracking/raw/2026-09-15/A2-probe/text/U000959.txt,MedicalOrganization|ImageObject|Country|Country|Country|Country|Country|Country|ContactPoint|PostalAddress|PropertyValue|PropertyValue|PropertyValue|WebSite|Article|MedicalWebPage|Person|MedicalOrganization|PropertyValue|EducationalOccupationalCredential|Organization|Organization|ImageObject|Thing|Organization|MedicalOrganization|BreadcrumbList|ListItem|ListItem|ListItem|FAQPage|Question|Answer|Question|Answer|Question|Answer|Question|Answer|Question|Answer|Question|Answer,index
HOME-CZ,https://www.myglobalhealth.online/czechia/cs,https://www.myglobalhealth.online/czechia/cs,Czechia,cs,market_home,,,Online lékař v Česku | Registrovaní lékaři · Global Health,Online konzultace s lékaři registrovanými v Česku. Vyberte službu a volný termín; další postup vždy závisí na klinickém posouzení.,Online lékařská péče v Česku,1884.0,6.0,1.0,9.023354564755838,17.0,0.0,124.0,8.0,global health,none,top10_market,seo/tracking/raw/2026-09-15/A2-probe/text/HOME-CZ.txt,MedicalOrganization|ImageObject|Country|Country|Country|Country|Country|Country|ContactPoint|PostalAddress|PropertyValue|PropertyValue|PropertyValue|WebSite|MedicalOrganization|MedicalOrganization|Country|PropertyValue|Organization|BreadcrumbList|ListItem|ListItem|FAQPage|Question|Answer|Question|Answer|Question|Answer|Question|Answer|Question|Answer|Question|Answer,index
U000875,https://www.myglobalhealth.online/czechia/cs/tools/adhd-test,https://www.myglobalhealth.online/czechia/cs/tools/adhd-test,Czechia,cs,tool,,,ADHD test pro dospělé zdarma | Screening · Global Health,Vyplňte šest otázek screeningového testu ADHD pro dospělé. Výsledek není diagnóza; tu stanoví psychiatr nebo klinický psycholog.,ADHD test pro dospělé,1743.0,8.0,0.0,14.34308663224326,25.0,0.0,112.0,4.0,adhd test,none,top10_market,seo/tracking/raw/2026-09-15/A2-probe/text/U000875.txt,MedicalOrganization|ImageObject|Country|Country|Country|Country|Country|Country|ContactPoint|PostalAddress|PropertyValue|PropertyValue|PropertyValue|WebSite|MedicalWebPage|FAQPage|Question|Answer|Question|Answer|Question|Answer|Question|Answer|Question|Answer|Question|Answer|Question|Answer|Question|Answer|BreadcrumbList|ListItem|ListItem,index
U000816,https://www.myglobalhealth.online/czechia/cs/blog/lekar-online-24-7-co-vyresi,https://www.myglobalhealth.online/czechia/cs/blog/lekar-online-24-7-co-vyresi,Czechia,cs,blog_post,,,Lékař online 24/7: co lze řešit a kdy nestačí,"Zjistěte, co lze bezpečně probrat s lékařem online, jak konzultace probíhá a kdy je nutné osobní nebo akutní vyšetření.",Co vyřeší lékař online a kdy nestačí,2100.0,6.0,1.0,13.333333333333334,28.0,0.0,72.0,0.0,praktik online,none,top10_market,seo/tracking/raw/2026-09-15/A2-probe/text/U000816.txt,MedicalOrganization|ImageObject|Country|Country|Country|Country|Country|Country|ContactPoint|PostalAddress|PropertyValue|PropertyValue|PropertyValue|WebSite|Article|MedicalWebPage|Person|MedicalOrganization|PropertyValue|EducationalOccupationalCredential|Organization|Organization|ImageObject|Thing|Organization|MedicalOrganization|BreadcrumbList|ListItem|ListItem|ListItem|FAQPage|Question|Answer|Question|Answer|Question|Answer|Question|Answer|Question|Answer|Question|Answer,index
U004066,https://www.myglobalhealth.online/romania/ro/tools/calorie-calculator,https://www.myglobalhealth.online/romania/ro/tools/calorie-calculator,Romania,ro,tool,,,Calculator Calorii România | Necesarul Zilnic de Calorii,"Calculează de câte calorii ai nevoie pe zi ca să îți menții, să scazi sau să crești greutatea. Ecuația Mifflin-St Jeor, cinci niveluri de activitate și ce înseamnă de fapt cifrele.",Calculator calorii România,1882.0,8.0,1.0,0.0,0.0,0.0,2689.0,31.0,calculator calorii,none,top10_market,seo/tracking/raw/2026-09-15/A2-probe/text/U004066.txt,MedicalOrganization|ImageObject|Country|Country|Country|Country|Country|Country|ContactPoint|PostalAddress|PropertyValue|PropertyValue|PropertyValue|WebSite|MedicalWebPage|FAQPage|Question|Answer|Question|Answer|Question|Answer|Question|Answer|Question|Answer|Question|Answer|Question|Answer|Question|Answer|BreadcrumbList|ListItem|ListItem,index
U004065,https://www.myglobalhealth.online/romania/ro/tools/bmi-calculator,https://www.myglobalhealth.online/romania/ro/tools/bmi-calculator,Romania,ro,tool,,,Calculator IMC România | Calculează-ți IMC · Global Health,"Calculează-ți indicele de masă corporală în câteva secunde. Sistem metric sau imperial, categoriile OMS pentru adulți și ce înseamnă cu adevărat rezultatul tău.",Calculator IMC România,1668.0,8.0,0.0,0.0,0.0,0.0,373.0,0.0,calculator imc,none,top10_market,seo/tracking/raw/2026-09-15/A2-probe/text/U004065.txt,MedicalOrganization|ImageObject|Country|Country|Country|Country|Country|Country|ContactPoint|PostalAddress|PropertyValue|PropertyValue|PropertyValue|WebSite|MedicalWebPage|FAQPage|Question|Answer|Question|Answer|Question|Answer|Question|Answer|Question|Answer|Question|Answer|Question|Answer|Question|Answer|BreadcrumbList|ListItem|ListItem,index
U003803,https://www.myglobalhealth.online/romania/en,https://www.myglobalhealth.online/romania/en,Romania,en,market_home,,,Online Doctor Romania | Registered GPs & Specialists,"Online medical consultations in Romania, in Romanian or English. Choose your doctor and check available appointment times when booking.",Online medical care in Romania,1672.0,6.0,0.0,4.186602870813397,7.0,0.0,349.0,0.0,romania specialist,none,top10_market,seo/tracking/raw/2026-09-15/A2-probe/text/U003803.txt,MedicalOrganization|ImageObject|Country|Country|Country|Country|Country|Country|ContactPoint|PostalAddress|PropertyValue|PropertyValue|PropertyValue|WebSite|MedicalOrganization|MedicalOrganization|Country|Organization|BreadcrumbList|ListItem|ListItem|FAQPage|Question|Answer|Question|Answer|Question|Answer|Question|Answer|Question|Answer|Question|Answer,index
U003809,https://www.myglobalhealth.online/romania/en/blog/low-blood-pressure-why-it-happens-what-to-do-right-away-and-when-not-to-wait,https://www.myglobalhealth.online/romania/en/blog/low-blood-pressure-why-it-happens-what-to-do-right-away-and-when-not-to-wait,Romania,en,blog_post,,,"Low blood pressure: causes, what to do, and when to call 112","What low blood pressure means, the common causes, the steps recommended by the European guideline when you feel dizzy, why sugar water doesn't help, and when it's an emergency.","Low blood pressure: why it happens, what to do right away, and when not to wait",1797.0,4.0,1.0,0.0,0.0,0.0,278.0,0.0,nhs low blood pressure 90/60 symptoms official,none,top10_market,seo/tracking/raw/2026-09-15/A2-probe/text/U003809.txt,MedicalOrganization|ImageObject|Country|Country|Country|Country|Country|Country|ContactPoint|PostalAddress|PropertyValue|PropertyValue|PropertyValue|WebSite|Article|MedicalWebPage|Person|MedicalOrganization|PropertyValue|EducationalOccupationalCredential|Organization|Organization|ImageObject|Thing|Organization|MedicalOrganization|BreadcrumbList|ListItem|ListItem|ListItem|FAQPage|Question|Answer|Question|Answer|Question|Answer|Question|Answer,index
HOME-RO,https://www.myglobalhealth.online/romania/ro,https://www.myglobalhealth.online/romania/ro,Romania,ro,market_home,,,Medic Online România | Medici și Specialiști Înregistrați,"Consultații medicale online în România, în română sau engleză. Alegeți medicul și verificați orele disponibile la programare.",Îngrijire medicală online în România,1928.0,6.0,0.0,3.6307053941908713,7.0,0.0,196.0,0.0,consultatii online,none,top10_market,seo/tracking/raw/2026-09-15/A2-probe/text/HOME-RO.txt,MedicalOrganization|ImageObject|Country|Country|Country|Country|Country|Country|ContactPoint|PostalAddress|PropertyValue|PropertyValue|PropertyValue|WebSite|MedicalOrganization|MedicalOrganization|Country|Organization|BreadcrumbList|ListItem|ListItem|FAQPage|Question|Answer|Question|Answer|Question|Answer|Question|Answer|Question|Answer|Question|Answer,index
U004067,https://www.myglobalhealth.online/romania/ro/tools/due-date-calculator,https://www.myglobalhealth.online/romania/ro/tools/due-date-calculator,Romania,ro,tool,,,Calculator de Sarcină România | Data Nașterii și Săptămâni,"Află data probabilă a nașterii și în ce săptămână de sarcină ești, pornind de la prima zi a ultimei menstruații. Se ajustează după durata ciclului tău, cu toate cele 40 de săptămâni detaliate.",Calculator de sarcină România,1803.0,8.0,0.0,0.0,0.0,0.0,173.0,1.0,calculator sarcina,soft_404_signal,top10_market,seo/tracking/raw/2026-09-15/A2-probe/text/U004067.txt,MedicalOrganization|ImageObject|Country|Country|Country|Country|Country|Country|ContactPoint|PostalAddress|PropertyValue|PropertyValue|PropertyValue|WebSite|MedicalWebPage|FAQPage|Question|Answer|Question|Answer|Question|Answer|Question|Answer|Question|Answer|Question|Answer|Question|Answer|Question|Answer|BreadcrumbList|ListItem|ListItem,index
U003931,https://www.myglobalhealth.online/romania/es/tools/bmi-calculator,https://www.myglobalhealth.online/romania/es/tools/bmi-calculator,Romania,es,tool,,,Calculadora IMC Rumanía | Calcular tu Índice de Masa Corporal,"Calcula tu índice de masa corporal en segundos. Sistema métrico o imperial, categorías de la OMS para adultos y qué significa realmente tu resultado.",Calculadora IMC Rumanía,1584.0,6.0,3.0,0.0,0.0,0.0,106.0,0.0,indice masa corporala calculator,superlative_hits=3,top10_market,seo/tracking/raw/2026-09-15/A2-probe/text/U003931.txt,MedicalOrganization|ImageObject|Country|Country|Country|Country|Country|Country|ContactPoint|PostalAddress|PropertyValue|PropertyValue|PropertyValue|WebSite|MedicalWebPage|FAQPage|Question|Answer|Question|Answer|Question|Answer|Question|Answer|Question|Answer|Question|Answer|BreadcrumbList|ListItem|ListItem,index
U003678,https://www.myglobalhealth.online/romania/cs/blog/normalni-krevni-tlak-podle-veku-uzitecny-pruvodce-bez-zavadejicich-tabulek,https://www.myglobalhealth.online/romania/cs/blog/normalni-krevni-tlak-podle-veku-uzitecny-pruvodce-bez-zavadejicich-tabulek,Romania,cs,blog_post,,,Normální krevní tlak podle věku · Global Health,"Zjistěte, jaký krevní tlak je u dospělých normální, co se mění s věkem a kdy opakovaně zvýšené hodnoty konzultovat s lékařem.",Normální krevní tlak podle věku: užitečný průvodce bez zavádějících tabulek,1922.0,6.0,0.0,0.0,0.0,0.0,61.0,0.0,normální tlak,none,top10_market,seo/tracking/raw/2026-09-15/A2-probe/text/U003678.txt,MedicalOrganization|ImageObject|Country|Country|Country|Country|Country|Country|ContactPoint|PostalAddress|PropertyValue|PropertyValue|PropertyValue|WebSite|Article|MedicalWebPage|ImageObject|Thing|Organization|MedicalOrganization|BreadcrumbList|ListItem|ListItem|ListItem|FAQPage|Question|Answer|Question|Answer|Question|Answer|Question|Answer|Question|Answer|Question|Answer,index
U004007,https://www.myglobalhealth.online/romania/ro/blog/ce-scade-tensiunea-arteriala-rapid-sigur,https://www.myglobalhealth.online/romania/ro/blog/ce-scade-tensiunea-arteriala-rapid-sigur,Romania,ro,blog_post,,,Ce scade tensiunea rapid: pași siguri · Global Health,"Ce faceți după o valoare mare, când sunați la 112 și de ce nu luați captopril, doze suplimentare ori remedii improvizate.",Ce scade tensiunea rapid? Pași siguri și când sunați la 112,1557.0,4.0,0.0,0.0,0.0,0.0,56.0,0.0,ce scade tensiunea imediat,none,top10_market,seo/tracking/raw/2026-09-15/A2-probe/text/U004007.txt,MedicalOrganization|ImageObject|Country|Country|Country|Country|Country|Country|ContactPoint|PostalAddress|PropertyValue|PropertyValue|PropertyValue|WebSite|Article|MedicalWebPage|ImageObject|Thing|Organization|MedicalOrganization|BreadcrumbList|ListItem|ListItem|ListItem|FAQPage|Question|Answer|Question|Answer|Question|Answer|Question|Answer,index
U003878,https://www.myglobalhealth.online/romania/es/blog/presion-arterial-normal-guia-util-por-edad-sin-tablas-enganosas,https://www.myglobalhealth.online/romania/es/blog/presion-arterial-normal-guia-util-por-edad-sin-tablas-enganosas,Romania,es,blog_post,,,Presión arterial normal por edad en adultos · Global Health,"Descubra qué presión arterial se considera normal en adultos, qué cambia con la edad y cuándo debe consultar las cifras elevadas repetidas.","Presión arterial normal: guía útil por edad, sin tablas engañosas",2340.0,6.0,0.0,0.0,0.0,0.0,51.0,0.0,presion arterial normal,none,top10_market,seo/tracking/raw/2026-09-15/A2-probe/text/U003878.txt,MedicalOrganization|ImageObject|Country|Country|Country|Country|Country|Country|ContactPoint|PostalAddress|PropertyValue|PropertyValue|PropertyValue|WebSite|Article|MedicalWebPage|ImageObject|Thing|Organization|MedicalOrganization|BreadcrumbList|ListItem|ListItem|ListItem|FAQPage|Question|Answer|Question|Answer|Question|Answer|Question|Answer|Question|Answer|Question|Answer,index
U000302,https://www.myglobalhealth.online/brazil/en,https://www.myglobalhealth.online/brazil/en,Brazil,en,market_home,,,Online Doctor in Brazil | Video Consultations,"Video consultations with a CRM-registered doctor in Brazil. General care, prescription renewal and test requests depending on clinical assessment. Check times and price.",Online medical care in Brazil,1747.0,5.0,1.0,2.8620492272467084,5.0,0.0,544.0,0.0,medical appointment,none,top10_market,seo/tracking/raw/2026-09-15/A2-probe/text/U000302.txt,MedicalOrganization|ImageObject|Country|Country|Country|Country|Country|Country|ContactPoint|PostalAddress|PropertyValue|PropertyValue|PropertyValue|WebSite|MedicalOrganization|MedicalOrganization|Country|Organization|BreadcrumbList|ListItem|ListItem|FAQPage|Question|Answer|Question|Answer|Question|Answer|Question|Answer|Question|Answer,index
U000484,https://www.myglobalhealth.online/brazil/pt/tools/due-date-calculator,https://www.myglobalhealth.online/brazil/pt/tools/due-date-calculator,Brazil,pt,tool,,,Calculadora Gestacional e de Gravidez Brasil | DPP,"Calculadora gestacional grátis: veja de quantas semanas você está e a data provável do parto (DPP) a partir da última menstruação, ajustada ao seu ciclo.",Calculadora gestacional Brasil,1852.0,8.0,0.0,4.859611231101512,9.0,0.0,381.0,0.0,calculadora gestacional,soft_404_signal,top10_market,seo/tracking/raw/2026-09-15/A2-probe/text/U000484.txt,MedicalOrganization|ImageObject|Country|Country|Country|Country|Country|Country|ContactPoint|PostalAddress|PropertyValue|PropertyValue|PropertyValue|WebSite|MedicalWebPage|FAQPage|Question|Answer|Question|Answer|Question|Answer|Question|Answer|Question|Answer|Question|Answer|Question|Answer|Question|Answer|BreadcrumbList|ListItem|ListItem,index
U000481,https://www.myglobalhealth.online/brazil/pt/tools/blood-pressure-chart,https://www.myglobalhealth.online/brazil/pt/tools/blood-pressure-chart,Brazil,pt,tool,,,Pressão Arterial Normal Brasil | Tabela de Valores,"Compare sua pressão sistólica e diastólica com a tabela para adultos. Veja a categoria, o que ela significa e quais medidas exigem atendimento médico no mesmo dia.",Pressão arterial normal Brasil,1950.0,8.0,2.0,6.153846153846154,12.0,0.0,94.0,0.0,tabela de pressão arterial,none,top10_market,seo/tracking/raw/2026-09-15/A2-probe/text/U000481.txt,MedicalOrganization|ImageObject|Country|Country|Country|Country|Country|Country|ContactPoint|PostalAddress|PropertyValue|PropertyValue|PropertyValue|WebSite|MedicalWebPage|FAQPage|Question|Answer|Question|Answer|Question|Answer|Question|Answer|Question|Answer|Question|Answer|Question|Answer|Question|Answer|BreadcrumbList|ListItem|ListItem,index
HOME-BR,https://www.myglobalhealth.online/brazil/pt,https://www.myglobalhealth.online/brazil/pt,Brazil,pt,market_home,,,Médico Online no Brasil | Consulta por Vídeo · Global Health,"Consulta por videochamada com médico registrado no CRM. Clínica geral, renovação de receita e pedido de exames conforme avaliação clínica. Veja horários e preço.",Cuidados médicos online no Brasil,1869.0,5.0,1.0,4.280363830925628,8.0,0.0,56.0,0.0,minha clinica help global,none,top10_market,seo/tracking/raw/2026-09-15/A2-probe/text/HOME-BR.txt,MedicalOrganization|ImageObject|Country|Country|Country|Country|Country|Country|ContactPoint|PostalAddress|PropertyValue|PropertyValue|PropertyValue|WebSite|MedicalOrganization|MedicalOrganization|Country|Organization|BreadcrumbList|ListItem|ListItem|FAQPage|Question|Answer|Question|Answer|Question|Answer|Question|Answer|Question|Answer,index
U000444,https://www.myglobalhealth.online/brazil/pt/faq,https://www.myglobalhealth.online/brazil/pt/faq,Brazil,pt,faq,,,Perguntas frequentes — Brasil · Global Health,"Brasil — Agendamentos, pagamentos, consultas, privacidade e quando o atendimento online não é a opção certa. Não encontrou o que precisa? Fale com a gente.","Respostas, sem linguagem de marketing.",2310.0,18.0,0.0,8.225108225108226,19.0,0.0,36.0,0.0,clinic global health,none,top10_market,seo/tracking/raw/2026-09-15/A2-probe/text/U000444.txt,MedicalOrganization|ImageObject|Country|Country|Country|Country|Country|Country|ContactPoint|PostalAddress|PropertyValue|PropertyValue|PropertyValue|WebSite|FAQPage|Question|Answer|Question|Answer|Question|Answer|Question|Answer|Question|Answer|Question|Answer|Question|Answer|Question|Answer|Question|Answer|Question|Answer|Question|Answer|Question|Answer|Question|Answer|Question|Answer|Question|Answer|Question|Answer|Question|Answer|Question|Answer|BreadcrumbList|ListItem|ListItem|ListItem,index
U000306,https://www.myglobalhealth.online/brazil/en/blog/does-an-attendance-certificate-excuse-an-absence-the-difference-from-a-medical-c,https://www.myglobalhealth.online/brazil/en/blog/does-an-attendance-certificate-excuse-an-absence-the-difference-from-a-medical-c,Brazil,en,blog_post,,,Attendance Certificate and Absences: What the Law Says,"The difference between an attendance certificate and a medical certificate, when the CLT guarantees an absence, what the certificate must include, and what a doctor can state.",Does an Attendance Certificate Excuse an Absence? The Difference from a Medical Certificate and What the CLT Guarantees,2065.0,4.0,0.0,6.295399515738499,13.0,0.0,32.0,0.0,sim,none,top10_market,seo/tracking/raw/2026-09-15/A2-probe/text/U000306.txt,MedicalOrganization|ImageObject|Country|Country|Country|Country|Country|Country|ContactPoint|PostalAddress|PropertyValue|PropertyValue|PropertyValue|WebSite|Article|MedicalWebPage|Person|MedicalOrganization|PropertyValue|EducationalOccupationalCredential|Organization|Organization|ImageObject|Thing|Organization|MedicalOrganization|BreadcrumbList|ListItem|ListItem|ListItem|FAQPage|Question|Answer|Question|Answer|Question|Answer|Question|Answer,index
U000433,https://www.myglobalhealth.online/brazil/pt/blog/solicitacao-de-exames-laboratoriais-online,https://www.myglobalhealth.online/brazil/pt/blog/solicitacao-de-exames-laboratoriais-online,Brazil,pt,blog_post,,,Solicitação de exames laboratoriais: como funciona,"Solicitação de exames laboratoriais: o que o pedido médico precisa conter, como funciona em PDF assinado digitalmente e quando o exame é feito sem pedido.",Solicitação de exames laboratoriais: como funciona o pedido médico,2424.0,6.0,2.0,8.25082508250825,20.0,0.0,29.0,0.0,solicitação de exames laboratoriais,none,top10_market,seo/tracking/raw/2026-09-15/A2-probe/text/U000433.txt,MedicalOrganization|ImageObject|Country|Country|Country|Country|Country|Country|ContactPoint|PostalAddress|PropertyValue|PropertyValue|PropertyValue|WebSite|Article|MedicalWebPage|Person|MedicalOrganization|PropertyValue|EducationalOccupationalCredential|Organization|Organization|ImageObject|Thing|Organization|MedicalOrganization|BreadcrumbList|ListItem|ListItem|ListItem|FAQPage|Question|Answer|Question|Answer|Question|Answer|Question|Answer|Question|Answer|Question|Answer,index
U000463,https://www.myglobalhealth.online/brazil/pt/services/controle-peso-online,https://www.myglobalhealth.online/brazil/pt/services/controle-peso-online,Brazil,pt,service,service:br:controle-peso-online,,Controle de Peso Online Brasil | Avaliação Médica,"Controle de Peso: consulta por vídeo com médico de família. Confira a agenda, o preço e os limites do atendimento antes de reservar.",Controle de Peso Online — Avaliação Médica por Videochamada,2725.0,8.0,0.0,22.38532110091743,61.0,0.0,26.0,0.0,consulta online para obesidade,none,top10_market,seo/tracking/raw/2026-09-15/A2-probe/text/U000463.txt,MedicalOrganization|ImageObject|Country|Country|Country|Country|Country|Country|ContactPoint|PostalAddress|PropertyValue|PropertyValue|PropertyValue|WebSite|FAQPage|Question|Answer|Question|Answer|Question|Answer|Question|Answer|Question|Answer|Question|Answer|Question|Answer|Question|Answer|BreadcrumbList|ListItem|ListItem|ListItem|MedicalWebPage|Person|MedicalOrganization|PropertyValue|EducationalOccupationalCredential|Organization|Organization|MedicalProcedure|ReserveAction|Service|Country|MedicalOrganization|Offer|QuantitativeValue,index
U000471,https://www.myglobalhealth.online/brazil/pt/services/saude-do-homem-online,https://www.myglobalhealth.online/brazil/pt/services/saude-do-homem-online,Brazil,pt,service,service:br:saude-do-homem-online,,Saúde do Homem Online Brasil | Clínico Geral · Global Health,"Saúde do Homem: consulta por vídeo com médico de família. Confira a agenda, o preço e os limites do atendimento antes de reservar.",Saúde do Homem Online — Consulta com Clínico Geral por Videochamada,2588.0,8.0,0.0,36.70788253477589,95.0,0.0,20.0,0.0,consulta online saúde masculina,none,top10_market,seo/tracking/raw/2026-09-15/A2-probe/text/U000471.txt,MedicalOrganization|ImageObject|Country|Country|Country|Country|Country|Country|ContactPoint|PostalAddress|PropertyValue|PropertyValue|PropertyValue|WebSite|FAQPage|Question|Answer|Question|Answer|Question|Answer|Question|Answer|Question|Answer|Question|Answer|Question|Answer|Question|Answer|BreadcrumbList|ListItem|ListItem|ListItem|MedicalWebPage|Person|MedicalOrganization|PropertyValue|EducationalOccupationalCredential|Organization|Organization|MedicalProcedure|ReserveAction|Service|Country|MedicalOrganization|Offer|QuantitativeValue,index
U000317,https://www.myglobalhealth.online/brazil/en/contact,https://www.myglobalhealth.online/brazil/en/contact,Brazil,en,contact,,,Contact Global Health Brazil | Online Doctor · Global Health,"Contact Global Health Brazil: info@myglobalhealth.online. Online video consultations with registered doctors, in Portuguese and English.",Contact Global Health Brazil,392.0,4.0,0.0,0.0,0.0,0.0,19.0,0.0,help global brazil login,none,top10_market,seo/tracking/raw/2026-09-15/A2-probe/text/U000317.txt,MedicalOrganization|ImageObject|Country|Country|Country|Country|Country|Country|ContactPoint|PostalAddress|PropertyValue|PropertyValue|PropertyValue|WebSite|MedicalOrganization|MedicalOrganization|Country|ContactPoint|Organization|FAQPage|Question|Answer|Question|Answer|Question|Answer|Question|Answer|BreadcrumbList|ListItem|ListItem|ListItem,index
U001658,https://www.myglobalhealth.online/ireland/cs/blog/jak-ziskat-online-potvrzeni-o-pracovni-neschopnosti-v-irsku,https://www.myglobalhealth.online/ireland/cs/blog/jak-ziskat-online-potvrzeni-o-pracovni-neschopnosti-v-irsku,Ireland,cs,blog_post,,,Online neschopenka v Irsku: co potřebujete vědět,"Zjistěte, jak funguje online potvrzení o pracovní neschopnosti v Irsku, co může požadovat zaměstnavatel a kdy je nutné osobní vyšetření.",Jak získat online potvrzení o pracovní neschopnosti v Irsku,1282.0,4.0,0.0,0.0,0.0,0.0,2.0,0.0,online panel v irsku,google_folded_canonical,scanner_flag,seo/tracking/raw/2026-09-15/A2-probe/text/U001658.txt,MedicalOrganization|ImageObject|Country|Country|Country|Country|Country|Country|ContactPoint|PostalAddress|PropertyValue|PropertyValue|PropertyValue|WebSite|Article|MedicalWebPage|Person|MedicalOrganization|PropertyValue|EducationalOccupationalCredential|Organization|Organization|ImageObject|Thing|Organization|MedicalOrganization|BreadcrumbList|ListItem|ListItem|ListItem|FAQPage|Question|Answer|Question|Answer|Question|Answer|Question|Answer,index
U002776,https://www.myglobalhealth.online/portugal/en/blog/hand-foot-and-mouth-disease-signs-and-treatment,https://www.myglobalhealth.online/portugal/en/blog/hand-foot-and-mouth-disease-signs-and-treatment,Portugal,en,blog_post,,,"Hand, foot and mouth disease: Signs and treatment","Your complete HSE-aligned guide to hand, foot and mouth disease in Irish children. Covers symptoms, treatment at home, when to go to A&E, and how to stop…","Hand, foot and mouth disease: Signs and treatment",2822.0,0.0,2.0,9.922041105598867,28.0,0.0,1.0,0.0,kode icd 10 flu singapura adalah,em_dash_9.9/1k|google_folded_canonical,scanner_flag,seo/tracking/raw/2026-09-15/A2-probe/text/U002776.txt,MedicalOrganization|ImageObject|Country|Country|Country|Country|Country|Country|ContactPoint|PostalAddress|PropertyValue|PropertyValue|PropertyValue|WebSite|Article|MedicalWebPage|Person|MedicalOrganization|PropertyValue|EducationalOccupationalCredential|Organization|Organization|ImageObject|Thing|Organization|MedicalOrganization|BreadcrumbList|ListItem|ListItem|ListItem,index
U001915,https://www.myglobalhealth.online/ireland/en/blog/hand-foot-and-mouth-disease-signs-and-treatment,https://www.myglobalhealth.online/ireland/en/blog/hand-foot-and-mouth-disease-signs-and-treatment,Ireland,en,blog_post,,,"Hand, foot and mouth disease: Signs and treatment","Your complete HSE-aligned guide to hand, foot and mouth disease in Irish children. Covers symptoms, treatment at home, when to go to A&E, and how to stop…","Hand, foot and mouth disease: Signs and treatment",2837.0,0.0,2.0,9.869580542826931,28.0,0.0,0.0,0.0,,em_dash_9.9/1k|google_folded_canonical,scanner_flag,seo/tracking/raw/2026-09-15/A2-probe/text/U001915.txt,MedicalOrganization|ImageObject|Country|Country|Country|Country|Country|Country|ContactPoint|PostalAddress|PropertyValue|PropertyValue|PropertyValue|WebSite|Article|MedicalWebPage|Person|MedicalOrganization|PropertyValue|EducationalOccupationalCredential|Organization|Organization|ImageObject|Thing|Organization|MedicalOrganization|BreadcrumbList|ListItem|ListItem|ListItem,index
U002599,https://www.myglobalhealth.online/portugal/cs/blog/nemoc-rukou-nohou-a-ust-priznaky-a-lecba,https://www.myglobalhealth.online/portugal/cs/blog/nemoc-rukou-nohou-a-ust-priznaky-a-lecba,Portugal,cs,blog_post,,,"Nemoc rukou, nohou a úst: příznaky a léčba · Global Health","Jak poznat a léčit nemoc rukou, nohou a úst u dětí v Irsku. Příznaky, domácí péče, kdy na pohotovost a jak zabránit šíření.","Nemoc rukou, nohou a úst: příznaky a léčba",2835.0,0.0,2.0,9.876543209876543,28.0,0.0,0.0,0.0,,google_folded_canonical,scanner_flag,seo/tracking/raw/2026-09-15/A2-probe/text/U002599.txt,MedicalOrganization|ImageObject|Country|Country|Country|Country|Country|Country|ContactPoint|PostalAddress|PropertyValue|PropertyValue|PropertyValue|WebSite|Article|MedicalWebPage|Person|MedicalOrganization|PropertyValue|EducationalOccupationalCredential|Organization|Organization|ImageObject|Thing|Organization|MedicalOrganization|BreadcrumbList|ListItem|ListItem|ListItem,index
U001661,https://www.myglobalhealth.online/ireland/cs/blog/nemoc-rukou-nohou-a-ust-priznaky-a-lecba,https://www.myglobalhealth.online/ireland/cs/blog/nemoc-rukou-nohou-a-ust-priznaky-a-lecba,Ireland,cs,blog_post,,,"Nemoc rukou, nohou a úst: příznaky a léčba · Global Health","Jak poznat a léčit nemoc rukou, nohou a úst u dětí v Irsku. Příznaky, domácí péče, kdy na pohotovost a jak zabránit šíření.","Nemoc rukou, nohou a úst: příznaky a léčba",2825.0,0.0,2.0,9.91150442477876,28.0,0.0,0.0,0.0,,google_folded_canonical,scanner_flag,seo/tracking/raw/2026-09-15/A2-probe/text/U001661.txt,MedicalOrganization|ImageObject|Country|Country|Country|Country|Country|Country|ContactPoint|PostalAddress|PropertyValue|PropertyValue|PropertyValue|WebSite|Article|MedicalWebPage|Person|MedicalOrganization|PropertyValue|EducationalOccupationalCredential|Organization|Organization|ImageObject|Thing|Organization|MedicalOrganization|BreadcrumbList|ListItem|ListItem|ListItem,index
U002780,https://www.myglobalhealth.online/portugal/en/blog/self-certification-sick-leave-portugal,https://www.myglobalhealth.online/portugal/en/blog/self-certification-sick-leave-portugal,Portugal,en,blog_post,,,Self-certification or sick note in Portugal? · Global Health,"Autodeclaração de doença or baixa médica in Portugal: who issues each, how to submit on Segurança Social Direta and which one opens sickness benefit.",Self-certification or a medical certificate: which one you need in Portugal,2298.0,6.0,0.0,7.397737162750218,17.0,0.0,0.0,0.0,,google_folded_canonical,scanner_flag,seo/tracking/raw/2026-09-15/A2-probe/text/U002780.txt,MedicalOrganization|ImageObject|Country|Country|Country|Country|Country|Country|ContactPoint|PostalAddress|PropertyValue|PropertyValue|PropertyValue|WebSite|Article|MedicalWebPage|Person|MedicalOrganization|PropertyValue|EducationalOccupationalCredential|Organization|Organization|ImageObject|Thing|Organization|MedicalOrganization|BreadcrumbList|ListItem|ListItem|ListItem|FAQPage|Question|Answer|Question|Answer|Question|Answer|Question|Answer|Question|Answer|Question|Answer,index
U004463,https://www.myglobalhealth.online/spain/es/tools/due-date-calculator,https://www.myglobalhealth.online/spain/es/tools/due-date-calculator,Spain,es,tool,,,Calculadora de Embarazo España | Fecha de Parto y Semanas,"Calcula tu fecha probable de parto y de cuántas semanas estás a partir del primer día de tu última regla. Se ajusta a la duración de tu ciclo, con las 40 semanas al detalle.",Calculadora de embarazo España,1919.0,8.0,0.0,0.5211047420531526,1.0,0.0,36.0,1.0,calcular fecha parto,soft_404_signal,scanner_flag,seo/tracking/raw/2026-09-15/A2-probe/text/U004463.txt,MedicalOrganization|ImageObject|Country|Country|Country|Country|Country|Country|ContactPoint|PostalAddress|PropertyValue|PropertyValue|PropertyValue|WebSite|MedicalWebPage|FAQPage|Question|Answer|Question|Answer|Question|Answer|Question|Answer|Question|Answer|Question|Answer|Question|Answer|Question|Answer|BreadcrumbList|ListItem|ListItem,index
U003055,https://www.myglobalhealth.online/portugal/pt/tools/due-date-calculator,https://www.myglobalhealth.online/portugal/pt/tools/due-date-calculator,Portugal,pt,tool,,,Calculadora de gravidez Portugal | Semanas e data do parto,Calcule a data provável do parto e de quantas semanas está a partir do primeiro dia da última menstruação. Ajusta-se à duração do seu ciclo.,Calculadora da data do parto Portugal,1907.0,8.0,0.0,4.719454640797063,9.0,0.0,8.0,0.0,calculadora da gravidez,soft_404_signal,scanner_flag,seo/tracking/raw/2026-09-15/A2-probe/text/U003055.txt,MedicalOrganization|ImageObject|Country|Country|Country|Country|Country|Country|ContactPoint|PostalAddress|PropertyValue|PropertyValue|PropertyValue|WebSite|MedicalWebPage|FAQPage|Question|Answer|Question|Answer|Question|Answer|Question|Answer|Question|Answer|Question|Answer|Question|Answer|Question|Answer|BreadcrumbList|ListItem|ListItem,index
U000360,https://www.myglobalhealth.online/brazil/en/tools/due-date-calculator,https://www.myglobalhealth.online/brazil/en/tools/due-date-calculator,Brazil,en,tool,,,Due Date Calculator Brazil | Pregnancy Week by Week,"Work out your estimated due date and how many weeks pregnant you are from the first day of your last period. Adjusts for your cycle length, with the full 40-week breakdown.",Due date calculator Brazil,1757.0,8.0,0.0,6.260671599317018,11.0,0.0,4.0,0.0,due pregnant,soft_404_signal,scanner_flag,seo/tracking/raw/2026-09-15/A2-probe/text/U000360.txt,MedicalOrganization|ImageObject|Country|Country|Country|Country|Country|Country|ContactPoint|PostalAddress|PropertyValue|PropertyValue|PropertyValue|WebSite|MedicalWebPage|FAQPage|Question|Answer|Question|Answer|Question|Answer|Question|Answer|Question|Answer|Question|Answer|Question|Answer|Question|Answer|BreadcrumbList|ListItem|ListItem,index
U002052,https://www.myglobalhealth.online/ireland/es/blog/analisis-de-sangre-dublin,https://www.myglobalhealth.online/ireland/es/blog/analisis-de-sangre-dublin,Ireland,es,blog_post,,,Análisis de sangre en Dublín: guía de un médico,"Dónde hacerse un análisis de sangre en Dublín, si hace falta petición médica, qué miden los paneles habituales, el ayuno y qué significa un valor alterado.","Análisis de sangre en Dublín: dónde hacerlos, qué pedir y cómo leer el resultado",2630.0,6.0,1.0,2.661596958174905,7.0,0.0,3.0,0.0,dublin blood test,soft_404_signal,scanner_flag,seo/tracking/raw/2026-09-15/A2-probe/text/U002052.txt,MedicalOrganization|ImageObject|Country|Country|Country|Country|Country|Country|ContactPoint|PostalAddress|PropertyValue|PropertyValue|PropertyValue|WebSite|Article|MedicalWebPage|Person|MedicalOrganization|PropertyValue|EducationalOccupationalCredential|Organization|Organization|ImageObject|Thing|Organization|MedicalOrganization|BreadcrumbList|ListItem|ListItem|ListItem|FAQPage|Question|Answer|Question|Answer|Question|Answer|Question|Answer|Question|Answer|Question|Answer,index
U000422,https://www.myglobalhealth.online/brazil/es/tools/due-date-calculator,https://www.myglobalhealth.online/brazil/es/tools/due-date-calculator,Brazil,es,tool,,,Calculadora de Embarazo Brasil | Fecha de Parto y Semanas,"Calcula tu fecha probable de parto y de cuántas semanas estás a partir del primer día de tu última regla. Se ajusta a la duración de tu ciclo, con las 40 semanas al detalle.",Calculadora de embarazo Brasil,1694.0,6.0,0.0,0.5903187721369539,1.0,0.0,0.0,0.0,,soft_404_signal,scanner_flag,seo/tracking/raw/2026-09-15/A2-probe/text/U000422.txt,MedicalOrganization|ImageObject|Country|Country|Country|Country|Country|Country|ContactPoint|PostalAddress|PropertyValue|PropertyValue|PropertyValue|WebSite|MedicalWebPage|FAQPage|Question|Answer|Question|Answer|Question|Answer|Question|Answer|Question|Answer|Question|Answer|BreadcrumbList|ListItem|ListItem,index
U001019,https://www.myglobalhealth.online/czechia/en/tools/due-date-calculator,https://www.myglobalhealth.online/czechia/en/tools/due-date-calculator,Czechia,en,tool,,,Due Date Calculator Czechia | Pregnancy Week by Week,"Work out your estimated due date and how many weeks pregnant you are from the first day of your last period. Adjusts for your cycle length, with the full 40-week breakdown.",Due date calculator Czechia,1745.0,8.0,0.0,6.303724928366762,11.0,0.0,0.0,0.0,,soft_404_signal,scanner_flag,seo/tracking/raw/2026-09-15/A2-probe/text/U001019.txt,MedicalOrganization|ImageObject|Country|Country|Country|Country|Country|Country|ContactPoint|PostalAddress|PropertyValue|PropertyValue|PropertyValue|WebSite|MedicalWebPage|FAQPage|Question|Answer|Question|Answer|Question|Answer|Question|Answer|Question|Answer|Question|Answer|Question|Answer|Question|Answer|BreadcrumbList|ListItem|ListItem,index
U001088,https://www.myglobalhealth.online/czechia/es/tools/due-date-calculator,https://www.myglobalhealth.online/czechia/es/tools/due-date-calculator,Czechia,es,tool,,,Calculadora de Embarazo Chequia | Fecha de Parto y Semanas,"Calcula tu fecha probable de parto y de cuántas semanas estás a partir del primer día de tu última regla. Se ajusta a la duración de tu ciclo, con las 40 semanas al detalle.",Calculadora de embarazo Chequia,1698.0,6.0,0.0,1.1778563015312131,2.0,0.0,0.0,0.0,,soft_404_signal,scanner_flag,seo/tracking/raw/2026-09-15/A2-probe/text/U001088.txt,MedicalOrganization|ImageObject|Country|Country|Country|Country|Country|Country|ContactPoint|PostalAddress|PropertyValue|PropertyValue|PropertyValue|WebSite|MedicalWebPage|FAQPage|Question|Answer|Question|Answer|Question|Answer|Question|Answer|Question|Answer|Question|Answer|BreadcrumbList|ListItem|ListItem,index
U001157,https://www.myglobalhealth.online/czechia/pt/tools/due-date-calculator,https://www.myglobalhealth.online/czechia/pt/tools/due-date-calculator,Czechia,pt,tool,,,Calculadora de Gravidez Chéquia | Semanas e Data do Parto,"Calcule a data provável do parto e de quantas semanas está a partir do primeiro dia da última menstruação. Ajusta-se à duração do seu ciclo, com as 40 semanas em detalhe.",Calculadora da data do parto Chéquia,1674.0,6.0,0.0,4.778972520908004,8.0,0.0,0.0,0.0,,soft_404_signal,scanner_flag,seo/tracking/raw/2026-09-15/A2-probe/text/U001157.txt,MedicalOrganization|ImageObject|Country|Country|Country|Country|Country|Country|ContactPoint|PostalAddress|PropertyValue|PropertyValue|PropertyValue|WebSite|MedicalWebPage|FAQPage|Question|Answer|Question|Answer|Question|Answer|Question|Answer|Question|Answer|Question|Answer|BreadcrumbList|ListItem|ListItem,index
U001226,https://www.myglobalhealth.online/czechia/ro/tools/due-date-calculator,https://www.myglobalhealth.online/czechia/ro/tools/due-date-calculator,Czechia,ro,tool,,,Calculator de Sarcină Cehia | Data Nașterii și Săptămâni,"Află data probabilă a nașterii și în ce săptămână de sarcină ești, pornind de la prima zi a ultimei menstruații. Se ajustează după durata ciclului tău, cu toate cele 40 de săptămâni detaliate.",Calculator de sarcină Cehia,1594.0,6.0,0.0,5.018820577164366,8.0,0.0,0.0,0.0,,soft_404_signal,scanner_flag,seo/tracking/raw/2026-09-15/A2-probe/text/U001226.txt,MedicalOrganization|ImageObject|Country|Country|Country|Country|Country|Country|ContactPoint|PostalAddress|PropertyValue|PropertyValue|PropertyValue|WebSite|MedicalWebPage|FAQPage|Question|Answer|Question|Answer|Question|Answer|Question|Answer|Question|Answer|Question|Answer|BreadcrumbList|ListItem|ListItem,index
U002174,https://www.myglobalhealth.online/ireland/es/tools/due-date-calculator,https://www.myglobalhealth.online/ireland/es/tools/due-date-calculator,Ireland,es,tool,,,Calculadora de Embarazo Irlanda | Fecha de Parto y Semanas,"Calcula tu fecha probable de parto y de cuántas semanas estás a partir del primer día de tu última regla. Se ajusta a la duración de tu ciclo, con las 40 semanas al detalle.",Calculadora de embarazo Irlanda,1709.0,6.0,0.0,0.5851375073142189,1.0,0.0,0.0,0.0,,soft_404_signal,scanner_flag,seo/tracking/raw/2026-09-15/A2-probe/text/U002174.txt,MedicalOrganization|ImageObject|Country|Country|Country|Country|Country|Country|ContactPoint|PostalAddress|PropertyValue|PropertyValue|PropertyValue|WebSite|MedicalWebPage|FAQPage|Question|Answer|Question|Answer|Question|Answer|Question|Answer|Question|Answer|Question|Answer|BreadcrumbList|ListItem|ListItem,index
U002307,https://www.myglobalhealth.online/ireland/pt/tools/due-date-calculator,https://www.myglobalhealth.online/ireland/pt/tools/due-date-calculator,Ireland,pt,tool,,,Calculadora de Gravidez Irlanda | Semanas e Data do Parto,"Calcule a data provável do parto e de quantas semanas está a partir do primeiro dia da última menstruação. Ajusta-se à duração do seu ciclo, com as 40 semanas em detalhe.",Calculadora da data do parto Irlanda,1696.0,6.0,0.0,4.127358490566038,7.0,0.0,0.0,0.0,,soft_404_signal,scanner_flag,seo/tracking/raw/2026-09-15/A2-probe/text/U002307.txt,MedicalOrganization|ImageObject|Country|Country|Country|Country|Country|Country|ContactPoint|PostalAddress|PropertyValue|PropertyValue|PropertyValue|WebSite|MedicalWebPage|FAQPage|Question|Answer|Question|Answer|Question|Answer|Question|Answer|Question|Answer|Question|Answer|BreadcrumbList|ListItem|ListItem,index
U002437,https://www.myglobalhealth.online/ireland/ro/tools/due-date-calculator,https://www.myglobalhealth.online/ireland/ro/tools/due-date-calculator,Ireland,ro,tool,,,Calculator de Sarcină Irlanda | Data Nașterii și Săptămâni,"Află data probabilă a nașterii și în ce săptămână de sarcină ești, pornind de la prima zi a ultimei menstruații. Se ajustează după durata ciclului tău, cu toate cele 40 de săptămâni detaliate.",Calculator de sarcină Irlanda,1616.0,6.0,0.0,4.331683168316832,7.0,0.0,0.0,0.0,,soft_404_signal,scanner_flag,seo/tracking/raw/2026-09-15/A2-probe/text/U002437.txt,MedicalOrganization|ImageObject|Country|Country|Country|Country|Country|Country|ContactPoint|PostalAddress|PropertyValue|PropertyValue|PropertyValue|WebSite|MedicalWebPage|FAQPage|Question|Answer|Question|Answer|Question|Answer|Question|Answer|Question|Answer|Question|Answer|BreadcrumbList|ListItem|ListItem,index
U002858,https://www.myglobalhealth.online/portugal/en/tools/due-date-calculator,https://www.myglobalhealth.online/portugal/en/tools/due-date-calculator,Portugal,en,tool,,,Due Date Calculator Portugal | Pregnancy Week by Week,"Work out your estimated due date and how many weeks pregnant you are from the first day of your last period. Adjusts for your cycle length, with the full 40-week breakdown.",Due date calculator Portugal,1774.0,8.0,0.0,6.200676437429538,11.0,0.0,0.0,0.0,,soft_404_signal,scanner_flag,seo/tracking/raw/2026-09-15/A2-probe/text/U002858.txt,MedicalOrganization|ImageObject|Country|Country|Country|Country|Country|Country|ContactPoint|PostalAddress|PropertyValue|PropertyValue|PropertyValue|WebSite|MedicalWebPage|FAQPage|Question|Answer|Question|Answer|Question|Answer|Question|Answer|Question|Answer|Question|Answer|Question|Answer|Question|Answer|BreadcrumbList|ListItem|ListItem,index
U002948,https://www.myglobalhealth.online/portugal/es/tools/due-date-calculator,https://www.myglobalhealth.online/portugal/es/tools/due-date-calculator,Portugal,es,tool,,,Calculadora de Embarazo Portugal | Fecha de Parto y Semanas,"Calcula tu fecha probable de parto y de cuántas semanas estás a partir del primer día de tu última regla. Se ajusta a la duración de tu ciclo, con las 40 semanas al detalle.",Calculadora de embarazo Portugal,1707.0,6.0,0.0,0.5858230814294083,1.0,0.0,0.0,0.0,,soft_404_signal,scanner_flag,seo/tracking/raw/2026-09-15/A2-probe/text/U002948.txt,MedicalOrganization|ImageObject|Country|Country|Country|Country|Country|Country|ContactPoint|PostalAddress|PropertyValue|PropertyValue|PropertyValue|WebSite|MedicalWebPage|FAQPage|Question|Answer|Question|Answer|Question|Answer|Question|Answer|Question|Answer|Question|Answer|BreadcrumbList|ListItem|ListItem,index
U003145,https://www.myglobalhealth.online/portugal/ro/tools/due-date-calculator,https://www.myglobalhealth.online/portugal/ro/tools/due-date-calculator,Portugal,ro,tool,,,Calculator de Sarcină Portugalia | Data Nașterii și Săptămâni,"Află data probabilă a nașterii și în ce săptămână de sarcină ești, pornind de la prima zi a ultimei menstruații. Se ajustează după durata ciclului tău, cu toate cele 40 de săptămâni detaliate.",Calculator de sarcină Portugalia,1602.0,6.0,0.0,4.369538077403246,7.0,0.0,0.0,0.0,,soft_404_signal,scanner_flag,seo/tracking/raw/2026-09-15/A2-probe/text/U003145.txt,MedicalOrganization|ImageObject|Country|Country|Country|Country|Country|Country|ContactPoint|PostalAddress|PropertyValue|PropertyValue|PropertyValue|WebSite|MedicalWebPage|FAQPage|Question|Answer|Question|Answer|Question|Answer|Question|Answer|Question|Answer|Question|Answer|BreadcrumbList|ListItem|ListItem,index
U003866,https://www.myglobalhealth.online/romania/en/tools/due-date-calculator,https://www.myglobalhealth.online/romania/en/tools/due-date-calculator,Romania,en,tool,,,Due Date Calculator Romania | Pregnancy Week by Week,"Work out your estimated due date and how many weeks pregnant you are from the first day of your last period. Adjusts for your cycle length, with the full 40-week breakdown.",Due date calculator Romania,1773.0,8.0,0.0,0.0,0.0,0.0,0.0,0.0,,soft_404_signal,scanner_flag,seo/tracking/raw/2026-09-15/A2-probe/text/U003866.txt,MedicalOrganization|ImageObject|Country|Country|Country|Country|Country|Country|ContactPoint|PostalAddress|PropertyValue|PropertyValue|PropertyValue|WebSite|MedicalWebPage|FAQPage|Question|Answer|Question|Answer|Question|Answer|Question|Answer|Question|Answer|Question|Answer|Question|Answer|Question|Answer|BreadcrumbList|ListItem|ListItem,index
U003933,https://www.myglobalhealth.online/romania/es/tools/due-date-calculator,https://www.myglobalhealth.online/romania/es/tools/due-date-calculator,Romania,es,tool,,,Calculadora de Embarazo Rumanía | Fecha de Parto y Semanas,"Calcula tu fecha probable de parto y de cuántas semanas estás a partir del primer día de tu última regla. Se ajusta a la duración de tu ciclo, con las 40 semanas al detalle.",Calculadora de embarazo Rumanía,1722.0,6.0,0.0,0.0,0.0,0.0,0.0,0.0,,soft_404_signal,scanner_flag,seo/tracking/raw/2026-09-15/A2-probe/text/U003933.txt,MedicalOrganization|ImageObject|Country|Country|Country|Country|Country|Country|ContactPoint|PostalAddress|PropertyValue|PropertyValue|PropertyValue|WebSite|MedicalWebPage|FAQPage|Question|Answer|Question|Answer|Question|Answer|Question|Answer|Question|Answer|Question|Answer|BreadcrumbList|ListItem|ListItem,index
U004000,https://www.myglobalhealth.online/romania/pt/tools/due-date-calculator,https://www.myglobalhealth.online/romania/pt/tools/due-date-calculator,Romania,pt,tool,,,Calculadora de Gravidez Roménia | Semanas e Data do Parto,"Calcule a data provável do parto e de quantas semanas está a partir do primeiro dia da última menstruação. Ajusta-se à duração do seu ciclo, com as 40 semanas em detalhe.",Calculadora da data do parto Roménia,1687.0,6.0,0.0,0.0,0.0,0.0,0.0,0.0,,soft_404_signal,scanner_flag,seo/tracking/raw/2026-09-15/A2-probe/text/U004000.txt,MedicalOrganization|ImageObject|Country|Country|Country|Country|Country|Country|ContactPoint|PostalAddress|PropertyValue|PropertyValue|PropertyValue|WebSite|MedicalWebPage|FAQPage|Question|Answer|Question|Answer|Question|Answer|Question|Answer|Question|Answer|Question|Answer|BreadcrumbList|ListItem|ListItem,index
U004380,https://www.myglobalhealth.online/spain/en/tools/due-date-calculator,https://www.myglobalhealth.online/spain/en/tools/due-date-calculator,Spain,en,tool,,,Due Date Calculator Spain | Pregnancy Week by Week,"Work out your estimated due date and how many weeks pregnant you are from the first day of your last period. Adjusts for your cycle length, with the full 40-week breakdown.",Due date calculator Spain,1763.0,8.0,0.0,6.239364719228588,11.0,0.0,0.0,0.0,,soft_404_signal,scanner_flag,seo/tracking/raw/2026-09-15/A2-probe/text/U004380.txt,MedicalOrganization|ImageObject|Country|Country|Country|Country|Country|Country|ContactPoint|PostalAddress|PropertyValue|PropertyValue|PropertyValue|WebSite|MedicalWebPage|FAQPage|Question|Answer|Question|Answer|Question|Answer|Question|Answer|Question|Answer|Question|Answer|Question|Answer|Question|Answer|BreadcrumbList|ListItem|ListItem,index
U004547,https://www.myglobalhealth.online/spain/pt/tools/due-date-calculator,https://www.myglobalhealth.online/spain/pt/tools/due-date-calculator,Spain,pt,tool,,,Calculadora de Gravidez Espanha | Semanas e Data do Parto,"Calcule a data provável do parto e de quantas semanas está a partir do primeiro dia da última menstruação. Ajusta-se à duração do seu ciclo, com as 40 semanas em detalhe.",Calculadora da data do parto Espanha,1667.0,6.0,0.0,4.199160167966407,7.0,0.0,0.0,0.0,,soft_404_signal,scanner_flag,seo/tracking/raw/2026-09-15/A2-probe/text/U004547.txt,MedicalOrganization|ImageObject|Country|Country|Country|Country|Country|Country|ContactPoint|PostalAddress|PropertyValue|PropertyValue|PropertyValue|WebSite|MedicalWebPage|FAQPage|Question|Answer|Question|Answer|Question|Answer|Question|Answer|Question|Answer|Question|Answer|BreadcrumbList|ListItem|ListItem,index
U004630,https://www.myglobalhealth.online/spain/ro/tools/due-date-calculator,https://www.myglobalhealth.online/spain/ro/tools/due-date-calculator,Spain,ro,tool,,,Calculator de Sarcină Spania | Data Nașterii și Săptămâni,"Află data probabilă a nașterii și în ce săptămână de sarcină ești, pornind de la prima zi a ultimei menstruații. Se ajustează după durata ciclului tău, cu toate cele 40 de săptămâni detaliate.",Calculator de sarcină Spania,1589.0,6.0,0.0,4.405286343612335,7.0,0.0,0.0,0.0,,soft_404_signal,scanner_flag,seo/tracking/raw/2026-09-15/A2-probe/text/U004630.txt,MedicalOrganization|ImageObject|Country|Country|Country|Country|Country|Country|ContactPoint|PostalAddress|PropertyValue|PropertyValue|PropertyValue|WebSite|MedicalWebPage|FAQPage|Question|Answer|Question|Answer|Question|Answer|Question|Answer|Question|Answer|Question|Answer|BreadcrumbList|ListItem|ListItem,index
U004301,https://www.myglobalhealth.online/spain/en,https://www.myglobalhealth.online/spain/en,Spain,en,market_home,,,Online Doctor Spain | Registered GPs & Specialists,"See a registered doctor online today — GP consultations, medical certificates, specialist referrals. Same-day video appointments in Spain.",Online medical care in Spain,2085.0,6.0,1.0,13.908872901678656,29.0,0.0,115.0,0.0,online medical follow up,em_dash_13.9/1k,scanner_flag,seo/tracking/raw/2026-09-15/A2-probe/text/U004301.txt,MedicalOrganization|ImageObject|Country|Country|Country|Country|Country|Country|ContactPoint|PostalAddress|PropertyValue|PropertyValue|PropertyValue|WebSite|MedicalOrganization|MedicalOrganization|Country|Organization|BreadcrumbList|ListItem|ListItem|FAQPage|Question|Answer|Question|Answer|Question|Answer|Question|Answer|Question|Answer|Question|Answer,index
U004227,https://www.myglobalhealth.online/spain/de/blog/normaler-blutdruck-tabelle-nach-alter-und-geschlecht-ohne-mythen,https://www.myglobalhealth.online/spain/de/blog/normaler-blutdruck-tabelle-nach-alter-und-geschlecht-ohne-mythen,Spain,de,blog_post,,,Normaler Blutdruck: Tabelle nach Alter und Geschlecht,"Welcher Blutdruck bei Erwachsenen normal ist, warum es keine getrennte Tabelle für Männer und Frauen gibt und wann ärztlicher Rat sinnvoll ist.",Normaler Blutdruck: Tabelle nach Alter und Geschlecht ohne Mythen,2359.0,6.0,14.0,1.271725307333616,3.0,0.0,100.0,0.0,blutdruck frau 40 jahre,superlative_hits=14,scanner_flag,seo/tracking/raw/2026-09-15/A2-probe/text/U004227.txt,MedicalOrganization|ImageObject|Country|Country|Country|Country|Country|Country|ContactPoint|PostalAddress|PropertyValue|PropertyValue|PropertyValue|WebSite|Article|MedicalWebPage|Person|MedicalOrganization|PropertyValue|EducationalOccupationalCredential|Organization|Organization|ImageObject|Thing|Organization|MedicalOrganization|BreadcrumbList|ListItem|ListItem|ListItem|FAQPage|Question|Answer|Question|Answer|Question|Answer|Question|Answer|Question|Answer|Question|Answer,index
U000953,https://www.myglobalhealth.online/czechia/en,https://www.myglobalhealth.online/czechia/en,Czechia,en,market_home,,,Online Doctor in the Czech Republic | Registered Doctors,Consult doctors registered in the Czech Republic by video. Choose a service and a live appointment; prescriptions and documents depend on clinical assessment.,Online medical care in the Czech Republic,1980.0,6.0,2.0,8.080808080808081,16.0,0.0,41.0,2.0,czech doctor,em_dash_8.1/1k,scanner_flag,seo/tracking/raw/2026-09-15/A2-probe/text/U000953.txt,MedicalOrganization|ImageObject|Country|Country|Country|Country|Country|Country|ContactPoint|PostalAddress|PropertyValue|PropertyValue|PropertyValue|WebSite|MedicalOrganization|MedicalOrganization|Country|PropertyValue|Organization|BreadcrumbList|ListItem|ListItem|FAQPage|Question|Answer|Question|Answer|Question|Answer|Question|Answer|Question|Answer|Question|Answer,index
U004473,https://www.myglobalhealth.online/spain/pt/blog/dermatologista-online-espanha,https://www.myglobalhealth.online/spain/pt/blog/dermatologista-online-espanha,Spain,pt,blog_post,,,Dermatologista online: o que resolve e o que não,"Dermatologista online em Espanha: que problemas de pele se resolvem por vídeo ou fotografia, quais exigem consulta presencial e como fazer boas fotos.",Dermatologista online em Espanha: o que resolve e o que exige consulta presencial,2664.0,6.0,6.0,8.258258258258257,22.0,0.0,38.0,0.0,consulta online dermatologista,superlative_hits=6,scanner_flag,seo/tracking/raw/2026-09-15/A2-probe/text/U004473.txt,MedicalOrganization|ImageObject|Country|Country|Country|Country|Country|Country|ContactPoint|PostalAddress|PropertyValue|PropertyValue|PropertyValue|WebSite|Article|MedicalWebPage|Person|MedicalOrganization|PropertyValue|EducationalOccupationalCredential|Organization|Organization|ImageObject|Thing|Organization|MedicalOrganization|BreadcrumbList|ListItem|ListItem|ListItem|FAQPage|Question|Answer|Question|Answer|Question|Answer|Question|Answer|Question|Answer|Question|Answer,index
U004309,https://www.myglobalhealth.online/spain/en/blog/online-dermatologist-spain,https://www.myglobalhealth.online/spain/en/blog/online-dermatologist-spain,Spain,en,blog_post,,,Online dermatologist: what it solves and what not,"Online dermatologist in Spain: which skin problems are solved by video or photograph, which require an in-person visit, and how to take usable photos.",Online dermatologist in Spain: what it solves and what must be seen in person,2622.0,6.0,1.0,9.534706331045005,25.0,0.0,35.0,0.0,online doctor consultation for skin problems,em_dash_9.5/1k,scanner_flag,seo/tracking/raw/2026-09-15/A2-probe/text/U004309.txt,MedicalOrganization|ImageObject|Country|Country|Country|Country|Country|Country|ContactPoint|PostalAddress|PropertyValue|PropertyValue|PropertyValue|WebSite|Article|MedicalWebPage|Person|MedicalOrganization|PropertyValue|EducationalOccupationalCredential|Organization|Organization|ImageObject|Thing|Organization|MedicalOrganization|BreadcrumbList|ListItem|ListItem|ListItem|FAQPage|Question|Answer|Question|Answer|Question|Answer|Question|Answer|Question|Answer|Question|Answer,index
U002045,https://www.myglobalhealth.online/ireland/en/tools/osteoporosis-risk-checker,https://www.myglobalhealth.online/ireland/en/tools/osteoporosis-risk-checker,Ireland,en,tool,,,Osteoporosis Risk Checker Ireland | Should You Get a Bone Density Scan?,"Check the published risk factors for osteoporosis and fragility fracture, and see whether guidelines recommend you be assessed. Not FRAX, not a diagnosis — a case-finding checklist you can bring to a doctor.",Osteoporosis risk checker Ireland,2077.0,8.0,0.0,11.555127587867116,24.0,0.0,32.0,0.0,osteoporosis screening,em_dash_11.6/1k,scanner_flag,seo/tracking/raw/2026-09-15/A2-probe/text/U002045.txt,MedicalOrganization|ImageObject|Country|Country|Country|Country|Country|Country|ContactPoint|PostalAddress|PropertyValue|PropertyValue|PropertyValue|WebSite|MedicalWebPage|FAQPage|Question|Answer|Question|Answer|Question|Answer|Question|Answer|Question|Answer|Question|Answer|Question|Answer|Question|Answer|BreadcrumbList|ListItem|ListItem,index
U001951,https://www.myglobalhealth.online/ireland/en/doctors/dr-raafat-ibrahim,https://www.myglobalhealth.online/ireland/en/doctors/dr-raafat-ibrahim,Ireland,en,doctor,doctor:ie:dr-raafat-ibrahim,,Dr Raafat Ibrahim | Consultant Paediatrician in Ireland,"Ireland profile for Dr Raafat Ibrahim, Consultant Paediatrician: professional background, languages and online services linked to this clinician.",Dr Raafat Ibrahim,2223.0,6.0,1.0,8.547008547008549,19.0,0.0,25.0,0.0,raafat ibrahim,em_dash_8.5/1k,scanner_flag,seo/tracking/raw/2026-09-15/A2-probe/text/U001951.txt,MedicalOrganization|ImageObject|Country|Country|Country|Country|Country|Country|ContactPoint|PostalAddress|PropertyValue|PropertyValue|PropertyValue|WebSite|Person|ImageObject|MedicalOrganization|PropertyValue|EducationalOccupationalCredential|Organization|Organization|BreadcrumbList|ListItem|ListItem|ListItem|ListItem|FAQPage|Question|Answer|Question|Answer|Question|Answer|Question|Answer|Question|Answer|Question|Answer,index
U003745,https://www.myglobalhealth.online/romania/de/blog/normaler-blutdruck-hilfreicher-leitfaden-nach-alter-ohne-irrefuhrende-tabellen,https://www.myglobalhealth.online/romania/de/blog/normaler-blutdruck-hilfreicher-leitfaden-nach-alter-ohne-irrefuhrende-tabellen,Romania,de,blog_post,,,Normaler Blutdruck nach Alter: Werte richtig einordnen,"Welcher Blutdruck bei Erwachsenen normal ist, was sich mit dem Alter verändert und wann wiederholt hohe Werte ärztlich abgeklärt werden sollten.","Normaler Blutdruck: hilfreicher Leitfaden nach Alter, ohne irreführende Tabellen",2154.0,6.0,15.0,0.0,0.0,0.0,18.0,0.0,blutdrucktabelle nach alter,superlative_hits=15,scanner_flag,seo/tracking/raw/2026-09-15/A2-probe/text/U003745.txt,MedicalOrganization|ImageObject|Country|Country|Country|Country|Country|Country|ContactPoint|PostalAddress|PropertyValue|PropertyValue|PropertyValue|WebSite|Article|MedicalWebPage|ImageObject|Thing|Organization|MedicalOrganization|BreadcrumbList|ListItem|ListItem|ListItem|FAQPage|Question|Answer|Question|Answer|Question|Answer|Question|Answer|Question|Answer|Question|Answer,index
U000960,https://www.myglobalhealth.online/czechia/en/blog/online-doctor-czechia-what-it-solves,https://www.myglobalhealth.online/czechia/en/blog/online-doctor-czechia-what-it-solves,Czechia,en,blog_post,,,Online doctor 24/7 in Czechia: what it solves,"What an online consultation with a doctor in Czechia can safely solve, what needs an in-person examination, when to call 155, and what a GP still does.",Online doctor 24/7 in Czechia: what a remote consultation solves and what it does not,2581.0,6.0,1.0,11.235955056179774,29.0,0.0,11.0,0.0,24/7 doctor,em_dash_11.2/1k,scanner_flag,seo/tracking/raw/2026-09-15/A2-probe/text/U000960.txt,MedicalOrganization|ImageObject|Country|Country|Country|Country|Country|Country|ContactPoint|PostalAddress|PropertyValue|PropertyValue|PropertyValue|WebSite|Article|MedicalWebPage|Person|MedicalOrganization|PropertyValue|EducationalOccupationalCredential|Organization|Organization|ImageObject|Thing|Organization|MedicalOrganization|BreadcrumbList|ListItem|ListItem|ListItem|FAQPage|Question|Answer|Question|Answer|Question|Answer|Question|Answer|Question|Answer|Question|Answer,index
U002681,https://www.myglobalhealth.online/portugal/de,https://www.myglobalhealth.online/portugal/de,Portugal,de,market_home,,,Online-Arzt Portugal | Registrierte Hausärzte & Fachärzte,"Sprechen Sie noch heute per Videoanruf mit einem registrierten Arzt — Hausarzttermine, Atteste, Facharztüberweisungen. Termine am selben Tag, Portugal.",Online-medizinische Versorgung in Portugal,2198.0,6.0,8.0,15.013648771610555,33.0,0.0,11.0,0.0,arzt,superlative_hits=8,scanner_flag,seo/tracking/raw/2026-09-15/A2-probe/text/U002681.txt,MedicalOrganization|ImageObject|Country|Country|Country|Country|Country|Country|ContactPoint|PostalAddress|PropertyValue|PropertyValue|PropertyValue|WebSite|MedicalOrganization|MedicalOrganization|Country|PropertyValue|Organization|BreadcrumbList|ListItem|ListItem|FAQPage|Question|Answer|Question|Answer|Question|Answer|Question|Answer|Question|Answer|Question|Answer,index
U004372,https://www.myglobalhealth.online/spain/en/services/salud-mental-online,https://www.myglobalhealth.online/spain/en/services/salud-mental-online,Spain,en,service,service:es:salud-mental-online,,Mental Health Online Spain | Clinical Assessment | English Doctor,"Anxiety, depression, burnout, or mental health concern in Spain? Our OMC-registered doctors offer confidential GP-level mental health assessments by secure video call. Same-day appointments available.","Mental Health Assessment — Online, Confidential, in Spain",2087.0,8.0,4.0,25.395304264494488,53.0,0.0,11.0,0.0,servicios de psiquiatria online,superlative_hits=4|em_dash_25.4/1k,scanner_flag,seo/tracking/raw/2026-09-15/A2-probe/text/U004372.txt,MedicalOrganization|ImageObject|Country|Country|Country|Country|Country|Country|ContactPoint|PostalAddress|PropertyValue|PropertyValue|PropertyValue|WebSite|FAQPage|Question|Answer|Question|Answer|Question|Answer|Question|Answer|Question|Answer|Question|Answer|Question|Answer|Question|Answer|BreadcrumbList|ListItem|ListItem|ListItem|MedicalWebPage|Person|MedicalOrganization|PropertyValue|EducationalOccupationalCredential|Organization|Organization|MedicalProcedure|ReserveAction|Service|Country|MedicalOrganization|Offer|QuantitativeValue,index
U003736,https://www.myglobalhealth.online/romania/de,https://www.myglobalhealth.online/romania/de,Romania,de,market_home,,,Online-Arzt Rumänien | Registrierte Hausärzte & Fachärzte,Online-Sprechstunden in Rumänien auf Rumänisch oder Englisch. Wählen Sie einen Arzt und prüfen Sie bei der Buchung die verfügbaren Termine.,Online-medizinische Versorgung in Rumänien,1661.0,6.0,8.0,4.214328717639976,7.0,0.0,9.0,1.0,rumänische hausarzt in der nähe,superlative_hits=8,scanner_flag,seo/tracking/raw/2026-09-15/A2-probe/text/U003736.txt,MedicalOrganization|ImageObject|Country|Country|Country|Country|Country|Country|ContactPoint|PostalAddress|PropertyValue|PropertyValue|PropertyValue|WebSite|MedicalOrganization|MedicalOrganization|Country|Organization|BreadcrumbList|ListItem|ListItem|FAQPage|Question|Answer|Question|Answer|Question|Answer|Question|Answer|Question|Answer|Question|Answer,index
U004280,https://www.myglobalhealth.online/spain/de/services/justificante-medico-online,https://www.myglobalhealth.online/spain/de/services/justificante-medico-online,Spain,de,service,service:es:justificante-medico-online,,Online-Ärztliches Attest Spanien | Privates ärztliches Attest,"Privates ärztliches Attest nötig? Zugelassene Ärzte beurteilen Sie per Video und stellen es aus, wenn gerechtfertigt. Kein Ersatz für den parte de baja.",Online-ärztliche Bescheinigung — Privates klinisches Attest am selben Tag,1958.0,8.0,11.0,12.768130745658835,25.0,0.0,9.0,0.0,online ã¤rztliches attest,superlative_hits=11,scanner_flag,seo/tracking/raw/2026-09-15/A2-probe/text/U004280.txt,MedicalOrganization|ImageObject|Country|Country|Country|Country|Country|Country|ContactPoint|PostalAddress|PropertyValue|PropertyValue|PropertyValue|WebSite|FAQPage|Question|Answer|Question|Answer|Question|Answer|Question|Answer|Question|Answer|Question|Answer|Question|Answer|Question|Answer|BreadcrumbList|ListItem|ListItem|ListItem|MedicalWebPage|Person|MedicalOrganization|PropertyValue|EducationalOccupationalCredential|Organization|Organization|MedicalProcedure|ReserveAction|Service|Country|MedicalOrganization|Offer|QuantitativeValue,index
U001997,https://www.myglobalhealth.online/ireland/en/press,https://www.myglobalhealth.online/ireland/en/press,Ireland,en,press,,,Press & Media — Global Health Ireland,"Press information about Global Health in Ireland: who operates the service, how it is regulated, the markets we serve and how to reach our press contact.",Press & media,321.0,0.0,0.0,9.345794392523365,3.0,0.0,8.0,0.0,global medics timesheet,em_dash_9.3/1k,scanner_flag,seo/tracking/raw/2026-09-15/A2-probe/text/U001997.txt,MedicalOrganization|ImageObject|Country|Country|Country|Country|Country|Country|ContactPoint|PostalAddress|PropertyValue|PropertyValue|PropertyValue|WebSite|MedicalOrganization|MedicalOrganization|Country|PostalAddress|ContactPoint|Organization|BreadcrumbList|ListItem|ListItem|ListItem,index
U001012,https://www.myglobalhealth.online/czechia/en/services/zenske-zdravi-online,https://www.myglobalhealth.online/czechia/en/services/zenske-zdravi-online,Czechia,en,service,service:cz:zenske-zdravi-online,,Women's Health Online | Czech Republic | English Doctor,"Confidential consultations for contraception, hormonal health, menopause, and women's health. Our ČLK-registered doctors offer confidential assessments in English by secure video call. Same-day appointments.",Women's Health — Confidential Online Assessment in English,1896.0,6.0,1.0,20.042194092827007,38.0,0.0,7.0,0.0,online gynekologie,em_dash_20.0/1k,scanner_flag,seo/tracking/raw/2026-09-15/A2-probe/text/U001012.txt,MedicalOrganization|ImageObject|Country|Country|Country|Country|Country|Country|ContactPoint|PostalAddress|PropertyValue|PropertyValue|PropertyValue|WebSite|FAQPage|Question|Answer|Question|Answer|Question|Answer|Question|Answer|Question|Answer|Question|Answer|BreadcrumbList|ListItem|ListItem|ListItem|MedicalWebPage|Person|MedicalOrganization|PropertyValue|EducationalOccupationalCredential|Organization|Organization|MedicalProcedure|ReserveAction|Service|Country|MedicalOrganization|Offer|QuantitativeValue,index
U001923,https://www.myglobalhealth.online/ireland/en/careers,https://www.myglobalhealth.online/ireland/en/careers,Ireland,en,careers,,,Careers at Global Health Ireland,"Join Global Health in Ireland. We work with registered doctors, clinical support and technology teams across Europe and Brazil. See how to apply.",Careers at Global Health,176.0,0.0,0.0,51.13636363636364,9.0,0.0,6.0,1.0,global medics ireland,em_dash_51.1/1k,scanner_flag,seo/tracking/raw/2026-09-15/A2-probe/text/U001923.txt,MedicalOrganization|ImageObject|Country|Country|Country|Country|Country|Country|ContactPoint|PostalAddress|PropertyValue|PropertyValue|PropertyValue|WebSite|BreadcrumbList|ListItem|ListItem|ListItem,index
U002848,https://www.myglobalhealth.online/portugal/en/services/saude-da-mulher,https://www.myglobalhealth.online/portugal/en/services/saude-da-mulher,Portugal,en,service,service:pt:saude-da-mulher,,Online Women's Health Consultation Portugal | Confidential Doctor,"Confidential women's health assessment with a doctor registered with the Portuguese Medical Association. Contraception, hormonal health, menopause, PCOS, and more, by secure video call.",Women's Health Consultation,1927.0,7.0,0.0,19.719771665801765,38.0,0.0,6.0,0.0,consulta online ginecologia,em_dash_19.7/1k,scanner_flag,seo/tracking/raw/2026-09-15/A2-probe/text/U002848.txt,MedicalOrganization|ImageObject|Country|Country|Country|Country|Country|Country|ContactPoint|PostalAddress|PropertyValue|PropertyValue|PropertyValue|WebSite|FAQPage|Question|Answer|Question|Answer|Question|Answer|Question|Answer|Question|Answer|Question|Answer|Question|Answer|BreadcrumbList|ListItem|ListItem|ListItem|MedicalWebPage|Person|MedicalOrganization|PropertyValue|EducationalOccupationalCredential|Organization|Organization|MedicalProcedure|ReserveAction|Service|Country|MedicalOrganization|Offer|QuantitativeValue,index
U000942,https://www.myglobalhealth.online/czechia/de/services/zenske-zdravi-online,https://www.myglobalhealth.online/czechia/de/services/zenske-zdravi-online,Czechia,de,service,service:cz:zenske-zdravi-online,,Frauengesundheit Online | Tschechische Republik | Englischsprachiger Arzt,"Verhütung, Hormonhaushalt, Wechseljahre oder ein anderes Anliegen zur Frauengesundheit? Unsere bei der ČLK registrierten Ärzte bieten vertrauliche Beratungen auf Englisch per sicherem Videoanruf. Termine noch am selben Tag.",Frauengesundheit — vertrauliche Online-Beratung auf Englisch,1864.0,6.0,10.0,20.3862660944206,38.0,0.0,5.0,0.0,online-konsultation frauengesundheit,superlative_hits=10,scanner_flag,seo/tracking/raw/2026-09-15/A2-probe/text/U000942.txt,MedicalOrganization|ImageObject|Country|Country|Country|Country|Country|Country|ContactPoint|PostalAddress|PropertyValue|PropertyValue|PropertyValue|WebSite|FAQPage|Question|Answer|Question|Answer|Question|Answer|Question|Answer|Question|Answer|Question|Answer|BreadcrumbList|ListItem|ListItem|ListItem|MedicalWebPage|Person|MedicalOrganization|PropertyValue|EducationalOccupationalCredential|Organization|Organization|MedicalProcedure|ReserveAction|Service|Country|MedicalOrganization|Offer|QuantitativeValue,index
U001866,https://www.myglobalhealth.online/ireland/de/services/chronic-disease-consultation,https://www.myglobalhealth.online/ireland/de/services/chronic-disease-consultation,Ireland,de,service,service:ie:chronic-disease-consultation,,Online-Beratung bei chronischer Erkrankung in Irland | Langzeitbetreuung,"Buchen Sie eine Online-Beratung bei chronischer Erkrankung in Irland zur strukturierten Kontrolle einer Diagnose, Behandlungssicherheit und weiteren Versorgungsplanung.",Online-Beratung bei chronischer Erkrankung in Irland,1913.0,6.0,4.0,0.5227391531625718,1.0,0.0,5.0,0.0,was ist hse-chron und wofür nutzt man es?,superlative_hits=4,scanner_flag,seo/tracking/raw/2026-09-15/A2-probe/text/U001866.txt,MedicalOrganization|ImageObject|Country|Country|Country|Country|Country|Country|ContactPoint|PostalAddress|PropertyValue|PropertyValue|PropertyValue|WebSite|FAQPage|Question|Answer|Question|Answer|Question|Answer|Question|Answer|Question|Answer|Question|Answer|BreadcrumbList|ListItem|ListItem|ListItem|MedicalWebPage|Person|MedicalOrganization|PropertyValue|EducationalOccupationalCredential|Organization|Organization|MedicalProcedure,index
U003812,https://www.myglobalhealth.online/romania/en/blog/normal-blood-pressure-a-practical-guide-by-age-without-misleading-tables,https://www.myglobalhealth.online/romania/en/blog/normal-blood-pressure-a-practical-guide-by-age-without-misleading-tables,Romania,en,blog_post,,,Normal blood pressure by age · Global Health,"Learn which blood pressure readings are normal in adults, what changes with age, and when repeated high readings need medical review.","Normal blood pressure: a practical guide by age, without misleading tables",2214.0,6.0,9.0,0.0,0.0,0.0,5.0,0.0,blood pressure 152/78,superlative_hits=9,scanner_flag,seo/tracking/raw/2026-09-15/A2-probe/text/U003812.txt,MedicalOrganization|ImageObject|Country|Country|Country|Country|Country|Country|ContactPoint|PostalAddress|PropertyValue|PropertyValue|PropertyValue|WebSite|Article|MedicalWebPage|ImageObject|Thing|Organization|MedicalOrganization|BreadcrumbList|ListItem|ListItem|ListItem|FAQPage|Question|Answer|Question|Answer|Question|Answer|Question|Answer|Question|Answer|Question|Answer,index
U000307,https://www.myglobalhealth.online/brazil/en/blog/laboratory-test-request-brazil,https://www.myglobalhealth.online/brazil/en/blog/laboratory-test-request-brazil,Brazil,en,blog_post,,,Laboratory test requests in Brazil: how they work,"Requesting laboratory tests in Brazil: what the medical request must contain, how a digitally signed PDF works and when tests are done without a request.",Requesting laboratory tests in Brazil: how the medical request works,2454.0,6.0,1.0,8.149959250203748,20.0,0.0,4.0,0.0,hemato,em_dash_8.1/1k,scanner_flag,seo/tracking/raw/2026-09-15/A2-probe/text/U000307.txt,MedicalOrganization|ImageObject|Country|Country|Country|Country|Country|Country|ContactPoint|PostalAddress|PropertyValue|PropertyValue|PropertyValue|WebSite|Article|MedicalWebPage|Person|MedicalOrganization|PropertyValue|EducationalOccupationalCredential|Organization|Organization|ImageObject|Thing|Organization|MedicalOrganization|BreadcrumbList|ListItem|ListItem|ListItem|FAQPage|Question|Answer|Question|Answer|Question|Answer|Question|Answer|Question|Answer|Question|Answer,index
U001970,https://www.myglobalhealth.online/ireland/en/health/respiratory-infections,https://www.myglobalhealth.online/ireland/en/health/respiratory-infections,Ireland,en,health_legacy,,,Respiratory Infection Doctor Ireland | Same-Day,"Chest infections, persistent cough, sore throat and sinus symptoms assessed by an Irish-registered doctor — same-day video appointments, sick cert where warranted.",Respiratory Infections — Online Doctor Ireland,759.0,4.0,0.0,15.810276679841897,12.0,0.0,4.0,0.0,site:www.myglobalhealth.online,em_dash_15.8/1k,scanner_flag,seo/tracking/raw/2026-09-15/A2-probe/text/U001970.txt,MedicalOrganization|ImageObject|Country|Country|Country|Country|Country|Country|ContactPoint|PostalAddress|PropertyValue|PropertyValue|PropertyValue|WebSite|Article|MedicalWebPage|Organization|MedicalOrganization|BreadcrumbList|ListItem|ListItem|MedicalOrganization|MedicalOrganization|Country|Organization|FAQPage|Question|Answer|Question|Answer|Question|Answer|Question|Answer,index
U000318,https://www.myglobalhealth.online/brazil/en/doctors,https://www.myglobalhealth.online/brazil/en/doctors,Brazil,en,doctors_index,,,CRM-Registered Doctors | Online Consultations in Brazil,"See CRM-registered doctors available online in Brazil. View registration details, languages and video consultation times.",Doctors who actually pick up.,1647.0,8.0,3.0,4.857316332726169,8.0,0.0,3.0,0.0,doctor visit crm pharma,superlative_hits=3,scanner_flag,seo/tracking/raw/2026-09-15/A2-probe/text/U000318.txt,MedicalOrganization|ImageObject|Country|Country|Country|Country|Country|Country|ContactPoint|PostalAddress|PropertyValue|PropertyValue|PropertyValue|WebSite|BreadcrumbList|ListItem|ListItem|ListItem|ItemList|ListItem|Person|ImageObject|MedicalOrganization|PropertyValue|EducationalOccupationalCredential|Organization|Organization|FAQPage|Question|Answer|Question|Answer|Question|Answer|Question|Answer|Question|Answer|Question|Answer|Question|Answer|Question|Answer,index
U000891,https://www.myglobalhealth.online/czechia/de/blog/neschopenka-krankschreibung-in-tschechien,https://www.myglobalhealth.online/czechia/de/blog/neschopenka-krankschreibung-in-tschechien,Czechia,de,blog_post,,,Neschopenka: Krankschreibung in Tschechien · Global Health,"Wie die eNeschopenka in Tschechien funktioniert: wer sie ausstellen darf, wie der Arbeitgeber informiert wird und wann sie rückdatiert werden kann.",Neschopenka: wie die elektronische Krankschreibung in Tschechien funktioniert,2137.0,6.0,4.0,7.955077211043519,17.0,0.0,3.0,0.0,neschopenka,superlative_hits=4,scanner_flag,seo/tracking/raw/2026-09-15/A2-probe/text/U000891.txt,MedicalOrganization|ImageObject|Country|Country|Country|Country|Country|Country|ContactPoint|PostalAddress|PropertyValue|PropertyValue|PropertyValue|WebSite|Article|MedicalWebPage|Person|MedicalOrganization|PropertyValue|EducationalOccupationalCredential|Organization|Organization|ImageObject|Thing|Organization|MedicalOrganization|BreadcrumbList|ListItem|ListItem|ListItem|FAQPage|Question|Answer|Question|Answer|Question|Answer|Question|Answer|Question|Answer|Question|Answer,index
U001781,https://www.myglobalhealth.online/ireland/de,https://www.myglobalhealth.online/ireland/de,Ireland,de,market_home,,,Online-Arzt Irland | Am selben Tag | Global Health,"Sprechen Sie noch heute per Videoanruf mit einem bei IMC registrierten Arzt für Hausarzttermine, Krankschreibungen und Facharztüberweisungen. Termine am selben Tag in ganz Irland ab 39 €.","Online-Arzt Irland | bei IMC registrierte Ärzte, am selben Tag.",3707.0,6.0,16.0,11.060156460749933,41.0,0.0,3.0,0.0,hausarzt,superlative_hits=16,scanner_flag,seo/tracking/raw/2026-09-15/A2-probe/text/U001781.txt,MedicalOrganization|ImageObject|Country|Country|Country|Country|Country|Country|ContactPoint|PostalAddress|PropertyValue|PropertyValue|PropertyValue|WebSite|MedicalOrganization|MedicalOrganization|Country|Organization|BreadcrumbList|ListItem|ListItem|FAQPage|Question|Answer|Question|Answer|Question|Answer|Question|Answer|Question|Answer|Question|Answer,index
U002711,https://www.myglobalhealth.online/portugal/de/doctors/dr-ruben-pereira,https://www.myglobalhealth.online/portugal/de/doctors/dr-ruben-pereira,Portugal,de,doctor,doctor:pt:dr-ruben-pereira,,Dr Ruben Pereira - Allgemeinmedizin | Global Health,"Konsultieren Sie Dr. Rúben Pereira, Spezialist für Psychiatrie und Sportmedizin, mit fundierter wissenschaftlicher Ausbildung. Online-Sprechstunde bei Global Health",Dr Ruben Pereira,1971.0,6.0,7.0,7.102993404363267,14.0,0.0,3.0,0.0,ruben pereira,superlative_hits=7,scanner_flag,seo/tracking/raw/2026-09-15/A2-probe/text/U002711.txt,MedicalOrganization|ImageObject|Country|Country|Country|Country|Country|Country|ContactPoint|PostalAddress|PropertyValue|PropertyValue|PropertyValue|WebSite|Person|ImageObject|MedicalOrganization|PropertyValue|EducationalOccupationalCredential|Organization|Organization|BreadcrumbList|ListItem|ListItem|ListItem|ListItem|FAQPage|Question|Answer|Question|Answer|Question|Answer|Question|Answer|Question|Answer|Question|Answer,index
U000482,https://www.myglobalhealth.online/brazil/pt/tools/bmi-calculator,https://www.myglobalhealth.online/brazil/pt/tools/bmi-calculator,Brazil,pt,tool,,,Calculadora IMC Brasil | Calcular o IMC Online,"Calcule seu índice de massa corporal em segundos. Sistema métrico ou imperial, categorias da OMS para adultos e o que o resultado significa na prática.",Calculadora IMC Brasil,1748.0,8.0,3.0,6.864988558352402,12.0,0.0,2.0,0.0,"gestгo de saъdebrl7200%-33%mйdio53 2,65 9,48 880720720880720720590480880590720590",superlative_hits=3,scanner_flag,seo/tracking/raw/2026-09-15/A2-probe/text/U000482.txt,MedicalOrganization|ImageObject|Country|Country|Country|Country|Country|Country|ContactPoint|PostalAddress|PropertyValue|PropertyValue|PropertyValue|WebSite|MedicalWebPage|FAQPage|Question|Answer|Question|Answer|Question|Answer|Question|Answer|Question|Answer|Question|Answer|Question|Answer|Question|Answer|BreadcrumbList|ListItem|ListItem,index
U000883,https://www.myglobalhealth.online/czechia/de,https://www.myglobalhealth.online/czechia/de,Czechia,de,market_home,,,Online-Arzt Tschechien | Registrierte Hausärzte & Fachärzte,"Sprechen Sie noch heute per Videoanruf mit einem registrierten Arzt — Hausarzttermine, Atteste, Facharztüberweisungen. Termine am selben Tag, Tschechien.",Online-medizinische Versorgung in Tschechien,1939.0,6.0,11.0,8.251676121712222,16.0,0.0,2.0,0.0,deutsch sprechender arzt in der nähe,superlative_hits=11,scanner_flag,seo/tracking/raw/2026-09-15/A2-probe/text/U000883.txt,MedicalOrganization|ImageObject|Country|Country|Country|Country|Country|Country|ContactPoint|PostalAddress|PropertyValue|PropertyValue|PropertyValue|WebSite|MedicalOrganization|MedicalOrganization|Country|PropertyValue|Organization|BreadcrumbList|ListItem|ListItem|FAQPage|Question|Answer|Question|Answer|Question|Answer|Question|Answer|Question|Answer|Question|Answer,index
U001789,https://www.myglobalhealth.online/ireland/de/blog/illness-benefit-irland-so-beantragen,https://www.myglobalhealth.online/ireland/de/blog/illness-benefit-irland-so-beantragen,Ireland,de,blog_post,,,Illness Benefit in Irland: so beantragen Sie ihn,"Illness Benefit in Irland beantragen: Formular IB1, Certificate of Incapacity for Work, wer es ausstellen darf und der Unterschied zur Lohnfortzahlung.",Illness Benefit in Irland: Antrag stellen und ärztliche Bescheinigung erhalten,2407.0,6.0,3.0,12.048192771084338,29.0,0.0,2.0,0.0,irland?,superlative_hits=3,scanner_flag,seo/tracking/raw/2026-09-15/A2-probe/text/U001789.txt,MedicalOrganization|ImageObject|Country|Country|Country|Country|Country|Country|ContactPoint|PostalAddress|PropertyValue|PropertyValue|PropertyValue|WebSite|Article|MedicalWebPage|Person|MedicalOrganization|PropertyValue|EducationalOccupationalCredential|Organization|Organization|ImageObject|Thing|Organization|MedicalOrganization|BreadcrumbList|ListItem|ListItem|ListItem|FAQPage|Question|Answer|Question|Answer|Question|Answer|Question|Answer|Question|Answer|Question|Answer,index
U002803,https://www.myglobalhealth.online/portugal/en/doctors/dr-telmo-coelho,https://www.myglobalhealth.online/portugal/en/doctors/dr-telmo-coelho,Portugal,en,doctor,doctor:pt:dr-telmo-coelho,,Dr Telmo Coelho - Psychiatrist | Global Health,"Dr. Telmo Coelho, Psychiatrist with extensive hospital, forensic and community experience. Book your online appointment.",Dr Telmo Coelho,1552.0,6.0,0.0,13.530927835051546,21.0,0.0,2.0,0.0,telmo coelho,em_dash_13.5/1k,scanner_flag,seo/tracking/raw/2026-09-15/A2-probe/text/U002803.txt,MedicalOrganization|ImageObject|Country|Country|Country|Country|Country|Country|ContactPoint|PostalAddress|PropertyValue|PropertyValue|PropertyValue|WebSite|Person|ImageObject|MedicalOrganization|PropertyValue|EducationalOccupationalCredential|Organization|Organization|BreadcrumbList|ListItem|ListItem|ListItem|ListItem|FAQPage|Question|Answer|Question|Answer|Question|Answer|Question|Answer|Question|Answer|Question|Answer,index
U003778,https://www.myglobalhealth.online/romania/de/services/caderea-parului-online,https://www.myglobalhealth.online/romania/de/services/caderea-parului-online,Romania,de,service,service:ro:caderea-parului-online,,Beratung bei Haarausfall | Rumänien · Global Health,Beratung bei Haarausfall. Beratung auf Rumänisch und Englisch. Prüfen Sie Arzt und verfügbare Termine vor der Buchung.,Beratung bei Haarausfall,764.0,4.0,7.0,0.0,0.0,0.0,2.0,0.0,online beratung bei haarausfall,superlative_hits=7,scanner_flag,seo/tracking/raw/2026-09-15/A2-probe/text/U003778.txt,MedicalOrganization|ImageObject|Country|Country|Country|Country|Country|Country|ContactPoint|PostalAddress|PropertyValue|PropertyValue|PropertyValue|WebSite|FAQPage|Question|Answer|Question|Answer|Question|Answer|Question|Answer|BreadcrumbList|ListItem|ListItem|ListItem|MedicalWebPage|Person|MedicalOrganization|PropertyValue|EducationalOccupationalCredential|Organization|Organization|MedicalProcedure|ReserveAction|Service|Country|MedicalOrganization|Offer|QuantitativeValue,index
U004218,https://www.myglobalhealth.online/spain/de,https://www.myglobalhealth.online/spain/de,Spain,de,market_home,,,Online-Arzt Spanien | Registrierte Hausärzte & Fachärzte,"Sprechen Sie noch heute per Videoanruf mit einem registrierten Arzt — Hausarzttermine, Atteste, Facharztüberweisungen. Termine am selben Tag, Spanien.",Online-medizinische Versorgung in Spanien,2028.0,6.0,9.0,14.299802761341223,29.0,0.0,2.0,0.0,site:www.myglobalhealth.online,superlative_hits=9,scanner_flag,seo/tracking/raw/2026-09-15/A2-probe/text/U004218.txt,MedicalOrganization|ImageObject|Country|Country|Country|Country|Country|Country|ContactPoint|PostalAddress|PropertyValue|PropertyValue|PropertyValue|WebSite|MedicalOrganization|MedicalOrganization|Country|Organization|BreadcrumbList|ListItem|ListItem|FAQPage|Question|Answer|Question|Answer|Question|Answer|Question|Answer|Question|Answer|Question|Answer,index
U004325,https://www.myglobalhealth.online/spain/en/doctors/dr-javier-villarte-betancor,https://www.myglobalhealth.online/spain/en/doctors/dr-javier-villarte-betancor,Spain,en,doctor,doctor:es:dr-javier-villarte-betancor,,Dr Javier Villarte Betancor - Psychologist | Global Health,"Javier Villarte Betancor, Health Psychologist specialized in CBT, ACT and DBT. Expert in anxiety, emotional regulation and borderline personality disorder. Online consultation at Global Health.",Javier Villarte Betancor,1347.0,6.0,0.0,11.135857461024498,15.0,0.0,2.0,0.0,%teléfono de la esperanza 717 003 717 official,em_dash_11.1/1k,scanner_flag,seo/tracking/raw/2026-09-15/A2-probe/text/U004325.txt,MedicalOrganization|ImageObject|Country|Country|Country|Country|Country|Country|ContactPoint|PostalAddress|PropertyValue|PropertyValue|PropertyValue|WebSite|Person|ImageObject|MedicalOrganization|PropertyValue|EducationalOccupationalCredential|Organization|Organization|BreadcrumbList|ListItem|ListItem|ListItem|ListItem|FAQPage|Question|Answer|Question|Answer|Question|Answer|Question|Answer|Question|Answer|Question|Answer,index
U000320,https://www.myglobalhealth.online/brazil/en/faq,https://www.myglobalhealth.online/brazil/en/faq,Brazil,en,faq,,,Frequently asked questions — Brazil · Global Health,"Brazil — Booking, payment, consultations, privacy, and when online care is not the right route. Can't find what you need? Drop us a line.","Questions, answered without the marketing speak.",2289.0,18.0,0.0,8.73743993010048,20.0,0.0,1.0,0.0,help global brazil,em_dash_8.7/1k,scanner_flag,seo/tracking/raw/2026-09-15/A2-probe/text/U000320.txt,MedicalOrganization|ImageObject|Country|Country|Country|Country|Country|Country|ContactPoint|PostalAddress|PropertyValue|PropertyValue|PropertyValue|WebSite|FAQPage|Question|Answer|Question|Answer|Question|Answer|Question|Answer|Question|Answer|Question|Answer|Question|Answer|Question|Answer|Question|Answer|Question|Answer|Question|Answer|Question|Answer|Question|Answer|Question|Answer|Question|Answer|Question|Answer|Question|Answer|Question|Answer|BreadcrumbList|ListItem|ListItem|ListItem,index
U000334,https://www.myglobalhealth.online/brazil/en/press,https://www.myglobalhealth.online/brazil/en/press,Brazil,en,press,,,Press & Media — Global Health Brazil,"Press information about Global Health in Brazil: who operates the service, how it is regulated, the markets we serve and how to reach our press contact.",Press & media,248.0,0.0,0.0,8.064516129032258,2.0,0.0,1.0,0.0,global help,em_dash_8.1/1k,scanner_flag,seo/tracking/raw/2026-09-15/A2-probe/text/U000334.txt,MedicalOrganization|ImageObject|Country|Country|Country|Country|Country|Country|ContactPoint|PostalAddress|PropertyValue|PropertyValue|PropertyValue|WebSite|MedicalOrganization|MedicalOrganization|Country|ContactPoint|Organization|BreadcrumbList|ListItem|ListItem|ListItem,index
U000336,https://www.myglobalhealth.online/brazil/en/services/atestado-medico-online,https://www.myglobalhealth.online/brazil/en/services/atestado-medico-online,Brazil,en,service,service:br:atestado-medico-online,,Medical certificate assessment | Global Health Brazil,Book a medical assessment by video. A medical certificate depends on the assessment; booking does not guarantee a document or its acceptance.,Medical certificate: video assessment,1733.0,8.0,2.0,24.235429890363534,42.0,0.0,1.0,0.0,ganho atestado,em_dash_24.2/1k,scanner_flag,seo/tracking/raw/2026-09-15/A2-probe/text/U000336.txt,MedicalOrganization|ImageObject|Country|Country|Country|Country|Country|Country|ContactPoint|PostalAddress|PropertyValue|PropertyValue|PropertyValue|WebSite|FAQPage|Question|Answer|Question|Answer|Question|Answer|Question|Answer|Question|Answer|Question|Answer|Question|Answer|Question|Answer|BreadcrumbList|ListItem|ListItem|ListItem|MedicalWebPage|Person|MedicalOrganization|PropertyValue|EducationalOccupationalCredential|Organization|Organization|MedicalProcedure|ReserveAction|Service|Country|MedicalOrganization|Offer|QuantitativeValue,index
U000882,https://www.myglobalhealth.online/czechia/cs/tools/sore-throat-checker,https://www.myglobalhealth.online/czechia/cs/tools/sore-throat-checker,Czechia,cs,tool,,,Bolest v Krku Česko | Kontrola Angíny a Streptokoka,"Odpovězte na pět otázek o bolesti v krku a zjistěte, jak pravděpodobná je bakteriální příčina, podle McIsaacova skóre, které používají lékaři. Včetně varovných příznaků vyžadujících neodkladnou péči. Nejde o diagnózu ani o test na streptokoka.","Angína, nebo virová bolest v krku Česko",2006.0,8.0,3.0,10.967098703888334,22.0,0.0,1.0,0.0,centorovo skore,superlative_hits=3,scanner_flag,seo/tracking/raw/2026-09-15/A2-probe/text/U000882.txt,MedicalOrganization|ImageObject|Country|Country|Country|Country|Country|Country|ContactPoint|PostalAddress|PropertyValue|PropertyValue|PropertyValue|WebSite|MedicalWebPage|FAQPage|Question|Answer|Question|Answer|Question|Answer|Question|Answer|Question|Answer|Question|Answer|Question|Answer|Question|Answer|BreadcrumbList|ListItem|ListItem,index
U000952,https://www.myglobalhealth.online/czechia/de/tools/sore-throat-checker,https://www.myglobalhealth.online/czechia/de/tools/sore-throat-checker,Czechia,de,tool,,,Mandelentzündung-Check Tschechien | Halsschmerzen einordnen,"Beantworten Sie fünf Fragen zu Ihren Halsschmerzen und sehen Sie, wie wahrscheinlich eine bakterielle Ursache ist — mit dem McIsaac-Score, den Ärztinnen und Ärzte nutzen. Inklusive der Warnzeichen, die dringend abgeklärt gehören. Keine Diagnose und kein Streptokokken-Test.",Mandelentzündung und Halsschmerzen-Check Tschechien,1973.0,6.0,4.0,13.177901672579827,26.0,0.0,1.0,0.0,habe ich eine mandelentzündung teste dich,superlative_hits=4,scanner_flag,seo/tracking/raw/2026-09-15/A2-probe/text/U000952.txt,MedicalOrganization|ImageObject|Country|Country|Country|Country|Country|Country|ContactPoint|PostalAddress|PropertyValue|PropertyValue|PropertyValue|WebSite|MedicalWebPage|FAQPage|Question|Answer|Question|Answer|Question|Answer|Question|Answer|Question|Answer|Question|Answer|BreadcrumbList|ListItem|ListItem,index
U000973,https://www.myglobalhealth.online/czechia/en/doctors/dr-ahmed-maklad,https://www.myglobalhealth.online/czechia/en/doctors/dr-ahmed-maklad,Czechia,en,doctor,doctor:cz:dr-ahmed-maklad,,Dr. Ahmed Maklad | Online Doctor Ireland — Global Health · Czechia,Masaryk University graduate and surgical resident with GP experience across Europe and Egypt. Consultations in English and Arabic. Same-day appointments available. telemedicine. Serving patients across Ireland through Global Health.,MUDr. Ahmed Maklad,2239.0,6.0,3.0,3.573023671281822,8.0,0.0,1.0,0.0,dr maklad,superlative_hits=3,scanner_flag,seo/tracking/raw/2026-09-15/A2-probe/text/U000973.txt,MedicalOrganization|ImageObject|Country|Country|Country|Country|Country|Country|ContactPoint|PostalAddress|PropertyValue|PropertyValue|PropertyValue|WebSite|Person|ImageObject|MedicalOrganization|PropertyValue|EducationalOccupationalCredential|Organization|Organization|BreadcrumbList|ListItem|ListItem|ListItem|ListItem|FAQPage|Question|Answer|Question|Answer|Question|Answer|Question|Answer|Question|Answer|Question|Answer,index
U002689,https://www.myglobalhealth.online/portugal/de/blog/krankmeldung-selbsterklaerung-portugal,https://www.myglobalhealth.online/portugal/de/blog/krankmeldung-selbsterklaerung-portugal,Portugal,de,blog_post,,,Selbsterklärung oder Krankmeldung in Portugal?,"Autodeclaração de doença oder baixa médica in Portugal: wer was ausstellt, wie die Einreichung bei Segurança Social Direta läuft, was Krankengeld eröffnet.",Selbsterklärung oder ärztliche Krankmeldung in Portugal: was Sie brauchen,2167.0,6.0,17.0,8.767881864328565,19.0,0.0,1.0,0.0,portugal,superlative_hits=17,scanner_flag,seo/tracking/raw/2026-09-15/A2-probe/text/U002689.txt,MedicalOrganization|ImageObject|Country|Country|Country|Country|Country|Country|ContactPoint|PostalAddress|PropertyValue|PropertyValue|PropertyValue|WebSite|Article|MedicalWebPage|Person|MedicalOrganization|PropertyValue|EducationalOccupationalCredential|Organization|Organization|ImageObject|Thing|Organization|MedicalOrganization|BreadcrumbList|ListItem|ListItem|ListItem|FAQPage|Question|Answer|Question|Answer|Question|Answer|Question|Answer|Question|Answer|Question|Answer,index
U002771,https://www.myglobalhealth.online/portugal/en,https://www.myglobalhealth.online/portugal/en,Portugal,en,market_home,,,Online Doctor Portugal | Registered GPs & Specialists,"See a registered doctor online today — GP consultations, medical certificates, specialist referrals. Same-day video appointments in Portugal.",Online medical care in Portugal,2295.0,6.0,0.0,14.37908496732026,33.0,0.0,1.0,0.0,doctor in portugal,em_dash_14.4/1k,scanner_flag,seo/tracking/raw/2026-09-15/A2-probe/text/U002771.txt,MedicalOrganization|ImageObject|Country|Country|Country|Country|Country|Country|ContactPoint|PostalAddress|PropertyValue|PropertyValue|PropertyValue|WebSite|MedicalOrganization|MedicalOrganization|Country|PropertyValue|Organization|BreadcrumbList|ListItem|ListItem|FAQPage|Question|Answer|Question|Answer|Question|Answer|Question|Answer|Question|Answer|Question|Answer,index
U002785,https://www.myglobalhealth.online/portugal/en/careers,https://www.myglobalhealth.online/portugal/en/careers,Portugal,en,careers,,,Careers at Global Health Portugal,"Join Global Health in Portugal. We work with registered doctors, clinical support and technology teams across Europe and Brazil. See how to apply.",Careers at Global Health,254.0,0.0,0.0,59.05511811023622,15.0,0.0,1.0,0.0,global health jobs,em_dash_59.1/1k,scanner_flag,seo/tracking/raw/2026-09-15/A2-probe/text/U002785.txt,MedicalOrganization|ImageObject|Country|Country|Country|Country|Country|Country|ContactPoint|PostalAddress|PropertyValue|PropertyValue|PropertyValue|WebSite|BreadcrumbList|ListItem|ListItem|ListItem,index
U002808,https://www.myglobalhealth.online/portugal/en/faq,https://www.myglobalhealth.online/portugal/en/faq,Portugal,en,faq,,,Frequently asked questions — Portugal · Global Health,"Portugal — Booking, payment, consultations, privacy, and when online care is not the right route. Can't find what you need? Drop us a line.","Questions, answered without the marketing speak.",2174.0,18.0,0.0,8.73965041398344,19.0,0.0,1.0,0.0,my global health,em_dash_8.7/1k,scanner_flag,seo/tracking/raw/2026-09-15/A2-probe/text/U002808.txt,MedicalOrganization|ImageObject|Country|Country|Country|Country|Country|Country|ContactPoint|PostalAddress|PropertyValue|PropertyValue|PropertyValue|WebSite|FAQPage|Question|Answer|Question|Answer|Question|Answer|Question|Answer|Question|Answer|Question|Answer|Question|Answer|Question|Answer|Question|Answer|Question|Answer|Question|Answer|Question|Answer|Question|Answer|Question|Answer|Question|Answer|Question|Answer|Question|Answer|Question|Answer|BreadcrumbList|ListItem|ListItem|ListItem,index
U004296,https://www.myglobalhealth.online/spain/de/tools/calorie-calculator,https://www.myglobalhealth.online/spain/de/tools/calorie-calculator,Spain,de,tool,,,Kalorienrechner Spanien | Täglichen Kalorienbedarf Berechnen,"Berechnen Sie, wie viele Kalorien Sie täglich brauchen, um Ihr Gewicht zu halten, abzunehmen oder zuzunehmen. Mifflin-St-Jeor-Formel, fünf Aktivitätsstufen und was die Zahlen wirklich bedeuten.",Kostenloser Kalorienrechner Spanien,1460.0,6.0,6.0,12.32876712328767,18.0,0.0,1.0,0.0,kalorienbedarf berechnen sport,superlative_hits=6,scanner_flag,seo/tracking/raw/2026-09-15/A2-probe/text/U004296.txt,MedicalOrganization|ImageObject|Country|Country|Country|Country|Country|Country|ContactPoint|PostalAddress|PropertyValue|PropertyValue|PropertyValue|WebSite|MedicalWebPage|FAQPage|Question|Answer|Question|Answer|Question|Answer|Question|Answer|Question|Answer|Question|Answer|BreadcrumbList|ListItem|ListItem,index
U000325,https://www.myglobalhealth.online/brazil/en/legal/complaints-procedure,https://www.myglobalhealth.online/brazil/en/legal/complaints-procedure,Brazil,en,legal,,,Complaints Procedure · Brazil · Global Health,"Complaints Procedure. Legal documents, company registration and regulatory details for Global Health in Brazil.",Complaints Procedure,835.0,0.0,0.0,33.532934131736525,28.0,0.0,0.0,0.0,,em_dash_33.5/1k,scanner_flag,seo/tracking/raw/2026-09-15/A2-probe/text/U000325.txt,MedicalOrganization|ImageObject|Country|Country|Country|Country|Country|Country|ContactPoint|PostalAddress|PropertyValue|PropertyValue|PropertyValue|WebSite|BreadcrumbList|ListItem|ListItem|ListItem,index
U000368,https://www.myglobalhealth.online/brazil/es/blog/diabetes-la-enfermedad-silenciosa-3,https://www.myglobalhealth.online/brazil/es/blog/diabetes-la-enfermedad-silenciosa-3,Brazil,es,blog_post,,,"Diabetes en Brasil: Causas, Síntomas y Tratamientos","Guía completa sobre la diabetes en Brasil: causas, síntomas, tratamientos con GLP-1 y SGLT2, y cuidados esenciales. Escrito por un médico especialista.",Diabetes: la enfermedad silenciosa,5735.0,7.0,7.0,2.092414995640802,12.0,0.0,0.0,0.0,,superlative_hits=7,scanner_flag,seo/tracking/raw/2026-09-15/A2-probe/text/U000368.txt,MedicalOrganization|ImageObject|Country|Country|Country|Country|Country|Country|ContactPoint|PostalAddress|PropertyValue|PropertyValue|PropertyValue|WebSite|Article|MedicalWebPage|Person|MedicalOrganization|PropertyValue|EducationalOccupationalCredential|Organization|Organization|ImageObject|Thing|Organization|MedicalOrganization|BreadcrumbList|ListItem|ListItem|ListItem|FAQPage|Question|Answer|Question|Answer|Question|Answer|Question|Answer|Question|Answer|Question|Answer|Question|Answer,index
U000381,https://www.myglobalhealth.online/brazil/es/doctors/dr-renato-sarmento,https://www.myglobalhealth.online/brazil/es/doctors/dr-renato-sarmento,Brazil,es,doctor,doctor:br:dr-renato-sarmento,,Dr. Renato Sarmento — Medicina de Familia y Comunidad,"Reserva una consulta por vídeo con el Dr. Renato Sarmento en portugués, inglés o español. Consulta los horarios disponibles.",Dr. Renato Sarmento,2761.0,6.0,8.0,6.881564650488953,19.0,0.0,0.0,0.0,,superlative_hits=8,scanner_flag,seo/tracking/raw/2026-09-15/A2-probe/text/U000381.txt,MedicalOrganization|ImageObject|Country|Country|Country|Country|Country|Country|ContactPoint|PostalAddress|PropertyValue|PropertyValue|PropertyValue|WebSite|Person|ImageObject|MedicalOrganization|PropertyValue|EducationalOccupationalCredential|Organization|Organization|BreadcrumbList|ListItem|ListItem|ListItem|ListItem|FAQPage|Question|Answer|Question|Answer|Question|Answer|Question|Answer|Question|Answer|Question|Answer,index
U000392,https://www.myglobalhealth.online/brazil/es/legal/privacy-policy,https://www.myglobalhealth.online/brazil/es/legal/privacy-policy,Brazil,es,legal,,,Política de Privacidad · Brasil · Global Health,"Política de Privacidad. Documentos legales, registro mercantil y datos regulatorios de Global Health en Brasil.",Política de Privacidad,4292.0,0.0,3.0,6.290773532152842,27.0,0.0,0.0,0.0,,superlative_hits=3,scanner_flag,seo/tracking/raw/2026-09-15/A2-probe/text/U000392.txt,MedicalOrganization|ImageObject|Country|Country|Country|Country|Country|Country|ContactPoint|PostalAddress|PropertyValue|PropertyValue|PropertyValue|WebSite|BreadcrumbList|ListItem|ListItem|ListItem,index
U000400,https://www.myglobalhealth.online/brazil/es/services/consulta-pele-online,https://www.myglobalhealth.online/brazil/es/services/consulta-pele-online,Brazil,es,service,service:br:consulta-pele-online,,Consulta de Piel Online Brasil | Médico General,"Consulta de piel: consulta por vídeo con un médico de familia. Revisa la agenda, el precio y los límites de la atención antes de reservar.",Consulta de Piel Online — Evaluación con Médico General por Videollamada,2296.0,7.0,4.0,34.40766550522648,79.0,0.0,0.0,0.0,,superlative_hits=4,scanner_flag,seo/tracking/raw/2026-09-15/A2-probe/text/U000400.txt,MedicalOrganization|ImageObject|Country|Country|Country|Country|Country|Country|ContactPoint|PostalAddress|PropertyValue|PropertyValue|PropertyValue|WebSite|FAQPage|Question|Answer|Question|Answer|Question|Answer|Question|Answer|Question|Answer|Question|Answer|Question|Answer|BreadcrumbList|ListItem|ListItem|ListItem|MedicalWebPage|Person|MedicalOrganization|PropertyValue|EducationalOccupationalCredential|Organization|Organization|MedicalProcedure|ReserveAction|Service|Country|MedicalOrganization|Offer|QuantitativeValue,index
U000431,https://www.myglobalhealth.online/brazil/pt/blog/diabetes-doenca-silenciosa,https://www.myglobalhealth.online/brazil/pt/blog/diabetes-doenca-silenciosa,Brazil,pt,blog_post,,,"Diabetes no Brasil: Causas, Sintomas e Tratamentos 2026","Guia completo sobre diabetes no Brasil: causas, sintomas, tratamentos com GLP-1 e SGLT2, e cuidados essenciais. Escrito por médico especialista.",Diabetes a Doença Silenciosa,5458.0,7.0,7.0,15.390252839868083,84.0,0.0,0.0,0.0,,superlative_hits=7,scanner_flag,seo/tracking/raw/2026-09-15/A2-probe/text/U000431.txt,MedicalOrganization|ImageObject|Country|Country|Country|Country|Country|Country|ContactPoint|PostalAddress|PropertyValue|PropertyValue|PropertyValue|WebSite|Article|MedicalWebPage|Person|MedicalOrganization|PropertyValue|EducationalOccupationalCredential|Organization|Organization|ImageObject|Thing|Organization|MedicalOrganization|BreadcrumbList|ListItem|ListItem|ListItem|FAQPage|Question|Answer|Question|Answer|Question|Answer|Question|Answer|Question|Answer|Question|Answer|Question|Answer,index
U000443,https://www.myglobalhealth.online/brazil/pt/doctors/dr-renato-sarmento,https://www.myglobalhealth.online/brazil/pt/doctors/dr-renato-sarmento,Brazil,pt,doctor,doctor:br:dr-renato-sarmento,,Dr. Renato Sarmento — Médico de Família | CRM-SP 170.837,"Agende uma consulta por vídeo com o Dr. Renato Sarmento. Atendimento em português, inglês ou espanhol. Confira os horários disponíveis.",Dr. Renato Sarmento,2660.0,6.0,7.0,7.142857142857142,19.0,0.0,0.0,0.0,,superlative_hits=7,scanner_flag,seo/tracking/raw/2026-09-15/A2-probe/text/U000443.txt,MedicalOrganization|ImageObject|Country|Country|Country|Country|Country|Country|ContactPoint|PostalAddress|PropertyValue|PropertyValue|PropertyValue|WebSite|Person|ImageObject|MedicalOrganization|PropertyValue|EducationalOccupationalCredential|Organization|Organization|BreadcrumbList|ListItem|ListItem|ListItem|ListItem|FAQPage|Question|Answer|Question|Answer|Question|Answer|Question|Answer|Question|Answer|Question|Answer,index
U000454,https://www.myglobalhealth.online/brazil/pt/legal/privacy-policy,https://www.myglobalhealth.online/brazil/pt/legal/privacy-policy,Brazil,pt,legal,,,Política de Privacidade · Brasil · Global Health,"Política de Privacidade. Documentos legais, registo da empresa e detalhes regulamentares para Global Health em Brasil.",Política de Privacidade,4084.0,0.0,3.0,6.611165523996082,27.0,0.0,0.0,0.0,,superlative_hits=3,scanner_flag,seo/tracking/raw/2026-09-15/A2-probe/text/U000454.txt,MedicalOrganization|ImageObject|Country|Country|Country|Country|Country|Country|ContactPoint|PostalAddress|PropertyValue|PropertyValue|PropertyValue|WebSite|BreadcrumbList|ListItem|ListItem|ListItem,index
U000460,https://www.myglobalhealth.online/brazil/pt/services/atestado-medico-online,https://www.myglobalhealth.online/brazil/pt/services/atestado-medico-online,Brazil,pt,service,service:br:atestado-medico-online,,Atestado médico: avaliação online | Global Health Brasil,Agende uma avaliação médica por vídeo. A emissão de atestado depende da avaliação clínica; a consulta não garante um documento ou sua aceitação.,Atestado médico: avaliação por vídeo,1781.0,8.0,4.0,24.143739472206626,43.0,0.0,0.0,0.0,,superlative_hits=4,scanner_flag,seo/tracking/raw/2026-09-15/A2-probe/text/U000460.txt,MedicalOrganization|ImageObject|Country|Country|Country|Country|Country|Country|ContactPoint|PostalAddress|PropertyValue|PropertyValue|PropertyValue|WebSite|FAQPage|Question|Answer|Question|Answer|Question|Answer|Question|Answer|Question|Answer|Question|Answer|Question|Answer|Question|Answer|BreadcrumbList|ListItem|ListItem|ListItem|MedicalWebPage|Person|MedicalOrganization|PropertyValue|EducationalOccupationalCredential|Organization|Organization|MedicalProcedure|ReserveAction|Service|Country|MedicalOrganization|Offer|QuantitativeValue,index
