"keyword","locale","market","location_code","owner_url","source","search_volume","keyword_difficulty","intent","cpc","priority","notes"
"calculator calorii","ro","Romania","2642","https://www.myglobalhealth.online/romania/ro/tools/calorie-calculator","GSC visible query","","","","","P2","Observed owner; query language may differ from page locale. Confirm intent before rewriting."
"calculator cate calorii trebuie sa mananci pe zi","ro","Romania","2642","https://www.myglobalhealth.online/romania/ro/tools/calorie-calculator","GSC visible query","","","","","P2","Observed owner; query language may differ from page locale. Confirm intent before rewriting."
"calculator de calorii","ro","Romania","2642","https://www.myglobalhealth.online/romania/ro/tools/calorie-calculator","GSC visible query","","","","","P2","Observed owner; query language may differ from page locale. Confirm intent before rewriting."
"calculator deficit caloric femei","ro","Romania","2642","https://www.myglobalhealth.online/romania/ro/tools/calorie-calculator","GSC visible query","","","","","P2","Observed owner; query language may differ from page locale. Confirm intent before rewriting."
"calcul calorii","ro","Romania","2642","https://www.myglobalhealth.online/romania/ro/tools/calorie-calculator","GSC visible query","","","","","P2","Observed owner; query language may differ from page locale. Confirm intent before rewriting."
"calcul saptamani sarcina","ro","Romania","2642","https://www.myglobalhealth.online/romania/ro/tools/due-date-calculator","GSC visible query","","","","","P2","Observed owner; query language may differ from page locale. Confirm intent before rewriting."
"calculator calorii deficit","ro","Romania","2642","https://www.myglobalhealth.online/romania/ro/tools/calorie-calculator","GSC visible query","","","","","P2","Observed owner; query language may differ from page locale. Confirm intent before rewriting."
"calculator calorii online","ro","Romania","2642","https://www.myglobalhealth.online/romania/ro/tools/calorie-calculator","GSC visible query","","","","","P2","Observed owner; query language may differ from page locale. Confirm intent before rewriting."
"calculator calorii zilnice","ro","Romania","2642","https://www.myglobalhealth.online/romania/ro/tools/calorie-calculator","GSC visible query","","","","","P2","Observed owner; query language may differ from page locale. Confirm intent before rewriting."
"calculator deficit caloric gratis","ro","Romania","2642","https://www.myglobalhealth.online/romania/ro/tools/calorie-calculator","GSC visible query","","","","","P2","Observed owner; query language may differ from page locale. Confirm intent before rewriting."
"calculator kalorii","ro","Romania","2642","https://www.myglobalhealth.online/romania/ro/tools/calorie-calculator","GSC visible query","","","","","P2","Observed owner; query language may differ from page locale. Confirm intent before rewriting."
"praktischer arzt in der nähe","de","Romania","2642","https://www.myglobalhealth.online/romania/de","GSC visible query","","","","","P2","Observed owner; query language may differ from page locale. Confirm intent before rewriting."
"scrisoare medicală","ro","Romania","2642","https://www.myglobalhealth.online/romania/ro/blog/scrisoare-medicala-cine-o-elibereaza","GSC visible query | research_focused","880","0","informational","0.04","P2","Observed owner; query language may differ from page locale. Confirm intent before rewriting."
"112/54 blood pressure","en","Romania","2642","https://www.myglobalhealth.online/romania/en/blog/low-blood-pressure-why-it-happens-what-to-do-right-away-and-when-not-to-wait","GSC visible query","","","","","P2","Observed owner; query language may differ from page locale. Confirm intent before rewriting."
"112/60 blood pressure female","en","Romania","2642","https://www.myglobalhealth.online/romania/en/blog/low-blood-pressure-why-it-happens-what-to-do-right-away-and-when-not-to-wait","GSC visible query","","","","","P2","Observed owner; query language may differ from page locale. Confirm intent before rewriting."
"126/94 blood pressure","en","Romania","2642","https://www.myglobalhealth.online/romania/en/blog/normal-blood-pressure-a-practical-guide-by-age-without-misleading-tables","GSC visible query","","","","","P2","Observed owner; query language may differ from page locale. Confirm intent before rewriting."
"132/84 blood pressure","en","Romania","2642","https://www.myglobalhealth.online/romania/en/blog/normal-blood-pressure-a-practical-guide-by-age-without-misleading-tables","GSC visible query","","","","","P2","Observed owner; query language may differ from page locale. Confirm intent before rewriting."
"132/84 blutdruck","de","Romania","2642","https://www.myglobalhealth.online/romania/de/blog/normaler-blutdruck-hilfreicher-leitfaden-nach-alter-ohne-irrefuhrende-tabellen","GSC visible query","","","","","P2","Observed owner; query language may differ from page locale. Confirm intent before rewriting."
"adhd adulti romania","ro","Romania","2642","https://www.myglobalhealth.online/romania/ro/tools/adhd-test","GSC visible query","","","","","P2","Observed owner; query language may differ from page locale. Confirm intent before rewriting."
"adhd diagnostic","ro","Romania","2642","https://www.myglobalhealth.online/romania/ro/tools/adhd-test","GSC visible query","","","","","P2","Observed owner; query language may differ from page locale. Confirm intent before rewriting."
"adhd test adulti","ro","Romania","2642","https://www.myglobalhealth.online/romania/ro/tools/adhd-test","GSC visible query","","","","","P2","Observed owner; query language may differ from page locale. Confirm intent before rewriting."
"afla daca esti insarcinata online","ro","Romania","2642","https://www.myglobalhealth.online/romania/ro/tools/due-date-calculator","GSC visible query","","","","","P2","Observed owner; query language may differ from page locale. Confirm intent before rewriting."
"appointment doctor","ro","Romania","2642","https://www.myglobalhealth.online/romania/ro","GSC visible query","","","","","P2","Observed owner; query language may differ from page locale. Confirm intent before rewriting."
"arztbrief","de","Romania","2642","https://www.myglobalhealth.online/romania/de/blog/arztbrief-rumaenien","GSC visible query","","","","","P2","Observed owner; query language may differ from page locale. Confirm intent before rewriting."
"ask a doctor online","en","Romania","2642","https://www.myglobalhealth.online/romania/en","GSC visible query","","","","","P2","Observed owner; query language may differ from page locale. Confirm intent before rewriting."
"asrs v1.1 romana","ro","Romania","2642","https://www.myglobalhealth.online/romania/ro/tools/adhd-test","GSC visible query","","","","","P2","Observed owner; query language may differ from page locale. Confirm intent before rewriting."
"best doctor online","en","Romania","2642","https://www.myglobalhealth.online/romania/en","GSC visible query","","","","","P2","Observed owner; query language may differ from page locale. Confirm intent before rewriting."
"best online doctor","en","Romania","2642","https://www.myglobalhealth.online/romania/en","GSC visible query","","","","","P2","Observed owner; query language may differ from page locale. Confirm intent before rewriting."
"blood pressure 152/78","en","Romania","2642","https://www.myglobalhealth.online/romania/en/blog/normal-blood-pressure-a-practical-guide-by-age-without-misleading-tables","GSC visible query","","","","","P2","Observed owner; query language may differ from page locale. Confirm intent before rewriting."
"blood pressure 30/50","en","Romania","2642","https://www.myglobalhealth.online/romania/en/blog/normal-blood-pressure-a-practical-guide-by-age-without-misleading-tables","GSC visible query","","","","","P2","Observed owner; query language may differ from page locale. Confirm intent before rewriting."
"blood pressure in romanian","en","Romania","2642","https://www.myglobalhealth.online/romania/en/tools/blood-pressure-chart","GSC visible query","","","","","P2","Observed owner; query language may differ from page locale. Confirm intent before rewriting."
"blutdruck 130 zu 60","de","Romania","2642","https://www.myglobalhealth.online/romania/de/blog/normaler-blutdruck-hilfreicher-leitfaden-nach-alter-ohne-irrefuhrende-tabellen","GSC visible query","","","","","P2","Observed owner; query language may differ from page locale. Confirm intent before rewriting."
"blutdruck 132/84","de","Romania","2642","https://www.myglobalhealth.online/romania/de/blog/normaler-blutdruck-hilfreicher-leitfaden-nach-alter-ohne-irrefuhrende-tabellen","GSC visible query","","","","","P2","Observed owner; query language may differ from page locale. Confirm intent before rewriting."
"blutdruck 60 jahre mann","de","Romania","2642","https://www.myglobalhealth.online/romania/de/blog/normaler-blutdruck-hilfreicher-leitfaden-nach-alter-ohne-irrefuhrende-tabellen","GSC visible query","","","","","P2","Observed owner; query language may differ from page locale. Confirm intent before rewriting."
"blutdruck durchschnitt","de","Romania","2642","https://www.myglobalhealth.online/romania/de/blog/normaler-blutdruck-hilfreicher-leitfaden-nach-alter-ohne-irrefuhrende-tabellen","GSC visible query","","","","","P2","Observed owner; query language may differ from page locale. Confirm intent before rewriting."
"blutdruck im alter","de","Romania","2642","https://www.myglobalhealth.online/romania/de/blog/normaler-blutdruck-hilfreicher-leitfaden-nach-alter-ohne-irrefuhrende-tabellen","GSC visible query","","","","","P2","Observed owner; query language may differ from page locale. Confirm intent before rewriting."
"blutdruck tabelle alter","de","Romania","2642","https://www.myglobalhealth.online/romania/de/blog/normaler-blutdruck-hilfreicher-leitfaden-nach-alter-ohne-irrefuhrende-tabellen","GSC visible query","","","","","P2","Observed owner; query language may differ from page locale. Confirm intent before rewriting."
"blutdruck tabelle männer","de","Romania","2642","https://www.myglobalhealth.online/romania/de/blog/normaler-blutdruck-hilfreicher-leitfaden-nach-alter-ohne-irrefuhrende-tabellen","GSC visible query","","","","","P2","Observed owner; query language may differ from page locale. Confirm intent before rewriting."
"blutdruck tabelle nach alter","de","Romania","2642","https://www.myglobalhealth.online/romania/de/blog/normaler-blutdruck-hilfreicher-leitfaden-nach-alter-ohne-irrefuhrende-tabellen","GSC visible query","","","","","P2","Observed owner; query language may differ from page locale. Confirm intent before rewriting."
"blutdruck-tabelle männer","de","Romania","2642","https://www.myglobalhealth.online/romania/de/blog/normaler-blutdruck-hilfreicher-leitfaden-nach-alter-ohne-irrefuhrende-tabellen","GSC visible query","","","","","P2","Observed owner; query language may differ from page locale. Confirm intent before rewriting."
"blutdrucktabelle nach alter","de","Romania","2642","https://www.myglobalhealth.online/romania/de/blog/normaler-blutdruck-hilfreicher-leitfaden-nach-alter-ohne-irrefuhrende-tabellen","GSC visible query","","","","","P2","Observed owner; query language may differ from page locale. Confirm intent before rewriting."
"bmi calculator romana","es","Romania","2642","https://www.myglobalhealth.online/romania/es/tools/bmi-calculator","GSC visible query","","","","","P2","Observed owner; query language may differ from page locale. Confirm intent before rewriting."
"bmi calculator romania","ro","Romania","2642","https://www.myglobalhealth.online/romania/ro/tools/bmi-calculator","GSC visible query","","","","","P2","Observed owner; query language may differ from page locale. Confirm intent before rewriting."
"boli cronice incluse in programul national de sanatate","ro","Romania","2642","https://www.myglobalhealth.online/romania/ro/blog/boli-cronice-programe-nationale-de-sanatate","GSC visible query","","","","","P2","Observed owner; query language may differ from page locale. Confirm intent before rewriting."
"book doctor","en","Romania","2642","https://www.myglobalhealth.online/romania/en","GSC visible query","","","","","P2","Observed owner; query language may differ from page locale. Confirm intent before rewriting."
"calcul bmi barbati","ro","Romania","2642","https://www.myglobalhealth.online/romania/ro/tools/bmi-calculator","GSC visible query","","","","","P2","Observed owner; query language may differ from page locale. Confirm intent before rewriting."
"calcul bmi femei","ro","Romania","2642","https://www.myglobalhealth.online/romania/ro/tools/bmi-calculator","GSC visible query","","","","","P2","Observed owner; query language may differ from page locale. Confirm intent before rewriting."
"calcul calorii alimente","ro","Romania","2642","https://www.myglobalhealth.online/romania/ro/tools/calorie-calculator","GSC visible query","","","","","P2","Observed owner; query language may differ from page locale. Confirm intent before rewriting."
"calcul calorii pe zi","ro","Romania","2642","https://www.myglobalhealth.online/romania/ro/tools/calorie-calculator","GSC visible query","","","","","P2","Observed owner; query language may differ from page locale. Confirm intent before rewriting."
"calcul calorii zilnice","ro","Romania","2642","https://www.myglobalhealth.online/romania/ro/tools/calorie-calculator","GSC visible query","","","","","P2","Observed owner; query language may differ from page locale. Confirm intent before rewriting."
"calcul deficit caloric","ro","Romania","2642","https://www.myglobalhealth.online/romania/ro/tools/calorie-calculator","GSC visible query","","","","","P2","Observed owner; query language may differ from page locale. Confirm intent before rewriting."
"calcul deficit caloric femei","ro","Romania","2642","https://www.myglobalhealth.online/romania/ro/tools/calorie-calculator","GSC visible query","","","","","P2","Observed owner; query language may differ from page locale. Confirm intent before rewriting."
"calcul imc","ro","Romania","2642","https://www.myglobalhealth.online/romania/ro/tools/bmi-calculator","GSC visible query","","","","","P2","Observed owner; query language may differ from page locale. Confirm intent before rewriting."
"calcul imc adulti","ro","Romania","2642","https://www.myglobalhealth.online/romania/ro/tools/bmi-calculator","GSC visible query","","","","","P2","Observed owner; query language may differ from page locale. Confirm intent before rewriting."
"calcul imc femei","ro","Romania","2642","https://www.myglobalhealth.online/romania/ro/tools/bmi-calculator","GSC visible query","","","","","P2","Observed owner; query language may differ from page locale. Confirm intent before rewriting."
"calcul imc in functie de varsta","ro","Romania","2642","https://www.myglobalhealth.online/romania/ro/tools/bmi-calculator","GSC visible query","","","","","P2","Observed owner; query language may differ from page locale. Confirm intent before rewriting."
"calcul imc obezitate","es","Romania","2642","https://www.myglobalhealth.online/romania/es/tools/bmi-calculator","GSC visible query","","","","","P2","Observed owner; query language may differ from page locale. Confirm intent before rewriting."
"calcul imc varsta","es","Romania","2642","https://www.myglobalhealth.online/romania/es/tools/bmi-calculator","GSC visible query","","","","","P2","Observed owner; query language may differ from page locale. Confirm intent before rewriting."
"calcul indice de masa corporala","ro","Romania","2642","https://www.myglobalhealth.online/romania/ro/tools/bmi-calculator","GSC visible query","","","","","P2","Observed owner; query language may differ from page locale. Confirm intent before rewriting."
"calcul indice masa corporala in functie de varsta","ro","Romania","2642","https://www.myglobalhealth.online/romania/ro/tools/bmi-calculator","GSC visible query","","","","","P2","Observed owner; query language may differ from page locale. Confirm intent before rewriting."
"calcul kcal","ro","Romania","2642","https://www.myglobalhealth.online/romania/ro/tools/calorie-calculator","GSC visible query","","","","","P2","Observed owner; query language may differ from page locale. Confirm intent before rewriting."
"calcul necesar caloric","ro","Romania","2642","https://www.myglobalhealth.online/romania/ro/tools/calorie-calculator","GSC visible query","","","","","P2","Observed owner; query language may differ from page locale. Confirm intent before rewriting."
"calcul obezitate bmi","ro","Romania","2642","https://www.myglobalhealth.online/romania/ro/tools/bmi-calculator","GSC visible query","","","","","P2","Observed owner; query language may differ from page locale. Confirm intent before rewriting."
"calcul perioada fertila","ro","Romania","2642","https://www.myglobalhealth.online/romania/ro/tools/ovulation-calculator","GSC visible query","","","","","P2","Observed owner; query language may differ from page locale. Confirm intent before rewriting."
"calcul saptamana sarcina","ro","Romania","2642","https://www.myglobalhealth.online/romania/ro/tools/due-date-calculator","GSC visible query","","","","","P2","Observed owner; query language may differ from page locale. Confirm intent before rewriting."
"calcul sarcina saptamani","ro","Romania","2642","https://www.myglobalhealth.online/romania/ro/tools/due-date-calculator","GSC visible query","","","","","P2","Observed owner; query language may differ from page locale. Confirm intent before rewriting."
"calculadora imc","es","Romania","2642","https://www.myglobalhealth.online/romania/es/tools/bmi-calculator","GSC visible query","","","","","P2","Observed owner; query language may differ from page locale. Confirm intent before rewriting."
"calcular imc","es","Romania","2642","https://www.myglobalhealth.online/romania/es/tools/bmi-calculator","GSC visible query","","","","","P2","Observed owner; query language may differ from page locale. Confirm intent before rewriting."
"calculare calorii","ro","Romania","2642","https://www.myglobalhealth.online/romania/ro/tools/calorie-calculator","GSC visible query","","","","","P2","Observed owner; query language may differ from page locale. Confirm intent before rewriting."
"calculare deficit caloric","ro","Romania","2642","https://www.myglobalhealth.online/romania/ro/tools/calorie-calculator","GSC visible query","","","","","P2","Observed owner; query language may differ from page locale. Confirm intent before rewriting."
"calculare imc","es","Romania","2642","https://www.myglobalhealth.online/romania/es/tools/bmi-calculator","GSC visible query","","","","","P2","Observed owner; query language may differ from page locale. Confirm intent before rewriting."
"calculare imc in functie de varsta","ro","Romania","2642","https://www.myglobalhealth.online/romania/ro/tools/bmi-calculator","GSC visible query","","","","","P2","Observed owner; query language may differ from page locale. Confirm intent before rewriting."
"calculare saptamani sarcina","ro","Romania","2642","https://www.myglobalhealth.online/romania/ro/tools/due-date-calculator","GSC visible query","","","","","P2","Observed owner; query language may differ from page locale. Confirm intent before rewriting."
"calcularea caloriilor","ro","Romania","2642","https://www.myglobalhealth.online/romania/ro/tools/calorie-calculator","GSC visible query","","","","","P2","Observed owner; query language may differ from page locale. Confirm intent before rewriting."
"calculator ardere calorii","ro","Romania","2642","https://www.myglobalhealth.online/romania/ro/tools/calorie-calculator","GSC visible query","","","","","P2","Observed owner; query language may differ from page locale. Confirm intent before rewriting."
"calculator bmi barbati","ro","Romania","2642","https://www.myglobalhealth.online/romania/ro/tools/bmi-calculator","GSC visible query","","","","","P2","Observed owner; query language may differ from page locale. Confirm intent before rewriting."
"calculator bmi femei","ro","Romania","2642","https://www.myglobalhealth.online/romania/ro/tools/bmi-calculator","GSC visible query","","","","","P2","Observed owner; query language may differ from page locale. Confirm intent before rewriting."
"calculator calori","ro","Romania","2642","https://www.myglobalhealth.online/romania/ro/tools/calorie-calculator","GSC visible query","","","","","P2","Observed owner; query language may differ from page locale. Confirm intent before rewriting."
"calculator caloric","ro","Romania","2642","https://www.myglobalhealth.online/romania/ro/tools/calorie-calculator","GSC visible query","","","","","P2","Observed owner; query language may differ from page locale. Confirm intent before rewriting."
"calculator caloric alimente","ro","Romania","2642","https://www.myglobalhealth.online/romania/ro/tools/calorie-calculator","GSC visible query","","","","","P2","Observed owner; query language may differ from page locale. Confirm intent before rewriting."
"calculator caloric deficit","ro","Romania","2642","https://www.myglobalhealth.online/romania/ro/tools/calorie-calculator","GSC visible query","","","","","P2","Observed owner; query language may differ from page locale. Confirm intent before rewriting."
"calculator calorii alimente","ro","Romania","2642","https://www.myglobalhealth.online/romania/ro/tools/calorie-calculator","GSC visible query","","","","","P2","Observed owner; query language may differ from page locale. Confirm intent before rewriting."
"calculator calorii alimente zilnice","ro","Romania","2642","https://www.myglobalhealth.online/romania/ro/tools/calorie-calculator","GSC visible query","","","","","P2","Observed owner; query language may differ from page locale. Confirm intent before rewriting."
"calculator calorii consumate","es","Romania","2642","https://www.myglobalhealth.online/romania/es/tools/calorie-calculator","GSC visible query","","","","","P2","Observed owner; query language may differ from page locale. Confirm intent before rewriting."
"calculator calorii gratuit","ro","Romania","2642","https://www.myglobalhealth.online/romania/ro/tools/calorie-calculator","GSC visible query","","","","","P2","Observed owner; query language may differ from page locale. Confirm intent before rewriting."
"calculator calorii mancare","ro","Romania","2642","https://www.myglobalhealth.online/romania/ro/tools/calorie-calculator","GSC visible query","","","","","P2","Observed owner; query language may differ from page locale. Confirm intent before rewriting."
"calculator calorii mentinere","ro","Romania","2642","https://www.myglobalhealth.online/romania/ro/tools/calorie-calculator","GSC visible query","","","","","P2","Observed owner; query language may differ from page locale. Confirm intent before rewriting."
"calculator calorii necesare","ro","Romania","2642","https://www.myglobalhealth.online/romania/ro/tools/calorie-calculator","GSC visible query","","","","","P2","Observed owner; query language may differ from page locale. Confirm intent before rewriting."
"calculator calorii pe zi","ro","Romania","2642","https://www.myglobalhealth.online/romania/ro/tools/calorie-calculator","GSC visible query","","","","","P2","Observed owner; query language may differ from page locale. Confirm intent before rewriting."
"calculator calorii pentru slabit","ro","Romania","2642","https://www.myglobalhealth.online/romania/ro/tools/calorie-calculator","GSC visible query","","","","","P2","Observed owner; query language may differ from page locale. Confirm intent before rewriting."
"calculator calorii slabire","ro","Romania","2642","https://www.myglobalhealth.online/romania/ro/tools/calorie-calculator","GSC visible query","","","","","P2","Observed owner; query language may differ from page locale. Confirm intent before rewriting."
"calculator calorii slabit","ro","Romania","2642","https://www.myglobalhealth.online/romania/ro/tools/calorie-calculator","GSC visible query","","","","","P2","Observed owner; query language may differ from page locale. Confirm intent before rewriting."
"calculator calorii slabit gratis","ro","Romania","2642","https://www.myglobalhealth.online/romania/ro/tools/calorie-calculator","GSC visible query","","","","","P2","Observed owner; query language may differ from page locale. Confirm intent before rewriting."
"calculator data nasterii dupa data conceptiei","ro","Romania","2642","https://www.myglobalhealth.online/romania/ro/tools/due-date-calculator","GSC visible query","","","","","P2","Observed owner; query language may differ from page locale. Confirm intent before rewriting."
"calculator data probabila a nasterii","ro","Romania","2642","https://www.myglobalhealth.online/romania/ro/tools/due-date-calculator","GSC visible query","","","","","P2","Observed owner; query language may differ from page locale. Confirm intent before rewriting."
"calculator de calori","ro","Romania","2642","https://www.myglobalhealth.online/romania/ro/tools/calorie-calculator","GSC visible query","","","","","P2","Observed owner; query language may differ from page locale. Confirm intent before rewriting."
"calculator de calorii gratuit","ro","Romania","2642","https://www.myglobalhealth.online/romania/ro/tools/calorie-calculator","GSC visible query","","","","","P2","Observed owner; query language may differ from page locale. Confirm intent before rewriting."
"calculator de calorii online","ro","Romania","2642","https://www.myglobalhealth.online/romania/ro/tools/calorie-calculator","GSC visible query","","","","","P2","Observed owner; query language may differ from page locale. Confirm intent before rewriting."
"calculator de calorii pentru slabit","ro","Romania","2642","https://www.myglobalhealth.online/romania/ro/tools/calorie-calculator","GSC visible query","","","","","P2","Observed owner; query language may differ from page locale. Confirm intent before rewriting."
"calculator de kcal","ro","Romania","2642","https://www.myglobalhealth.online/romania/ro/tools/calorie-calculator","GSC visible query","","","","","P2","Observed owner; query language may differ from page locale. Confirm intent before rewriting."
"calculator de ovulatie","ro","Romania","2642","https://www.myglobalhealth.online/romania/ro/tools/ovulation-calculator","GSC visible query","","","","","P2","Observed owner; query language may differ from page locale. Confirm intent before rewriting."
"calculator de sarcina","ro","Romania","2642","https://www.myglobalhealth.online/romania/ro/tools/due-date-calculator","GSC visible query","","","","","P2","Observed owner; query language may differ from page locale. Confirm intent before rewriting."
"calculator deficit caloric","ro","Romania","2642","https://www.myglobalhealth.online/romania/ro/tools/calorie-calculator","GSC visible query","","","","","P2","Observed owner; query language may differ from page locale. Confirm intent before rewriting."
"calculator deficit caloric femei gratis","ro","Romania","2642","https://www.myglobalhealth.online/romania/ro/tools/calorie-calculator","GSC visible query","","","","","P2","Observed owner; query language may differ from page locale. Confirm intent before rewriting."
"calculator deficit caloric pentru slabit","ro","Romania","2642","https://www.myglobalhealth.online/romania/ro/tools/calorie-calculator","GSC visible query","","","","","P2","Observed owner; query language may differ from page locale. Confirm intent before rewriting."
"calculator fertilitate","ro","Romania","2642","https://www.myglobalhealth.online/romania/ro/tools/ovulation-calculator","GSC visible query","","","","","P2","Observed owner; query language may differ from page locale. Confirm intent before rewriting."
"calculator imc","ro","Romania","2642","https://www.myglobalhealth.online/romania/ro/tools/bmi-calculator","GSC visible query","","","","","P2","Observed owner; query language may differ from page locale. Confirm intent before rewriting."
"calculator imc adulti","es","Romania","2642","https://www.myglobalhealth.online/romania/es/tools/bmi-calculator","GSC visible query","","","","","P2","Observed owner; query language may differ from page locale. Confirm intent before rewriting."
"calculator imc barbati","ro","Romania","2642","https://www.myglobalhealth.online/romania/ro/tools/bmi-calculator","GSC visible query","","","","","P2","Observed owner; query language may differ from page locale. Confirm intent before rewriting."
"calculator imc femei","ro","Romania","2642","https://www.myglobalhealth.online/romania/ro/tools/bmi-calculator","GSC visible query","","","","","P2","Observed owner; query language may differ from page locale. Confirm intent before rewriting."
"calculator imc in functie de varsta","ro","Romania","2642","https://www.myglobalhealth.online/romania/ro/tools/bmi-calculator","GSC visible query","","","","","P2","Observed owner; query language may differ from page locale. Confirm intent before rewriting."
"calculator imc varsta","ro","Romania","2642","https://www.myglobalhealth.online/romania/ro/tools/bmi-calculator","GSC visible query","","","","","P2","Observed owner; query language may differ from page locale. Confirm intent before rewriting."
"calculator indice de masa corporala","es","Romania","2642","https://www.myglobalhealth.online/romania/es/tools/bmi-calculator","GSC visible query","","","","","P2","Observed owner; query language may differ from page locale. Confirm intent before rewriting."
"calculator indice masa corporala","ro","Romania","2642","https://www.myglobalhealth.online/romania/ro/tools/bmi-calculator","GSC visible query","","","","","P2","Observed owner; query language may differ from page locale. Confirm intent before rewriting."
"calculator indice masa corporala dupa varsta","ro","Romania","2642","https://www.myglobalhealth.online/romania/ro/tools/bmi-calculator","GSC visible query","","","","","P2","Observed owner; query language may differ from page locale. Confirm intent before rewriting."
"calculator indice masa corporala in functie de varsta","ro","Romania","2642","https://www.myglobalhealth.online/romania/ro/tools/bmi-calculator","GSC visible query","","","","","P2","Observed owner; query language may differ from page locale. Confirm intent before rewriting."
"calculator kalori","ro","Romania","2642","https://www.myglobalhealth.online/romania/ro/tools/calorie-calculator","GSC visible query","","","","","P2","Observed owner; query language may differ from page locale. Confirm intent before rewriting."
"calculator kcal","ro","Romania","2642","https://www.myglobalhealth.online/romania/ro/tools/calorie-calculator","GSC visible query","","","","","P2","Observed owner; query language may differ from page locale. Confirm intent before rewriting."
"calculator kcal necesare","ro","Romania","2642","https://www.myglobalhealth.online/romania/ro/tools/calorie-calculator","GSC visible query","","","","","P2","Observed owner; query language may differ from page locale. Confirm intent before rewriting."
"calculator kcal slabit","ro","Romania","2642","https://www.myglobalhealth.online/romania/ro/tools/calorie-calculator","GSC visible query","","","","","P2","Observed owner; query language may differ from page locale. Confirm intent before rewriting."
"calculator kilocalorii","ro","Romania","2642","https://www.myglobalhealth.online/romania/ro/tools/calorie-calculator","GSC visible query","","","","","P2","Observed owner; query language may differ from page locale. Confirm intent before rewriting."
"calculator masa corporala","ro","Romania","2642","https://www.myglobalhealth.online/romania/ro/tools/bmi-calculator","GSC visible query","","","","","P2","Observed owner; query language may differ from page locale. Confirm intent before rewriting."
"calculator nastere copil","ro","Romania","2642","https://www.myglobalhealth.online/romania/ro/tools/due-date-calculator","GSC visible query","","","","","P2","Observed owner; query language may differ from page locale. Confirm intent before rewriting."
"calculator nastere dupa data conceptiei","ro","Romania","2642","https://www.myglobalhealth.online/romania/ro/tools/due-date-calculator","GSC visible query","","","","","P2","Observed owner; query language may differ from page locale. Confirm intent before rewriting."
"calculator necesar caloric","ro","Romania","2642","https://www.myglobalhealth.online/romania/ro/tools/calorie-calculator","GSC visible query","","","","","P2","Observed owner; query language may differ from page locale. Confirm intent before rewriting."
"calculator necesar calorii","ro","Romania","2642","https://www.myglobalhealth.online/romania/ro/tools/calorie-calculator","GSC visible query","","","","","P2","Observed owner; query language may differ from page locale. Confirm intent before rewriting."
"calculator ovulatie","ro","Romania","2642","https://www.myglobalhealth.online/romania/ro/tools/ovulation-calculator","GSC visible query","","","","","P2","Observed owner; query language may differ from page locale. Confirm intent before rewriting."
"calculator pentru calorii","ro","Romania","2642","https://www.myglobalhealth.online/romania/ro/tools/calorie-calculator","GSC visible query","","","","","P2","Observed owner; query language may differ from page locale. Confirm intent before rewriting."
"calculator saptamani sarcina","ro","Romania","2642","https://www.myglobalhealth.online/romania/ro/tools/due-date-calculator","GSC visible query","","","","","P2","Observed owner; query language may differ from page locale. Confirm intent before rewriting."
"calculator sarcina","ro","Romania","2642","https://www.myglobalhealth.online/romania/ro/tools/due-date-calculator","GSC visible query","","","","","P2","Observed owner; query language may differ from page locale. Confirm intent before rewriting."
"calculator sarcina 100%","ro","Romania","2642","https://www.myglobalhealth.online/romania/ro/tools/due-date-calculator","GSC visible query","","","","","P2","Observed owner; query language may differ from page locale. Confirm intent before rewriting."
"calculator sarcina ciclu neregulat","ro","Romania","2642","https://www.myglobalhealth.online/romania/ro/tools/due-date-calculator","GSC visible query","","","","","P2","Observed owner; query language may differ from page locale. Confirm intent before rewriting."
"calculator sarcina data conceptiei","ro","Romania","2642","https://www.myglobalhealth.online/romania/ro/tools/due-date-calculator","GSC visible query","","","","","P2","Observed owner; query language may differ from page locale. Confirm intent before rewriting."
"calculator sarcina dr max","ro","Romania","2642","https://www.myglobalhealth.online/romania/ro/tools/due-date-calculator","GSC visible query","","","","","P2","Observed owner; query language may differ from page locale. Confirm intent before rewriting."
"calculator sarcina pe luni","ro","Romania","2642","https://www.myglobalhealth.online/romania/ro/tools/due-date-calculator","GSC visible query","","","","","P2","Observed owner; query language may differ from page locale. Confirm intent before rewriting."
"calculator sarcina pe luni si saptamani tabel","ro","Romania","2642","https://www.myglobalhealth.online/romania/ro/tools/due-date-calculator","GSC visible query","","","","","P2","Observed owner; query language may differ from page locale. Confirm intent before rewriting."
"calculator sarcina pe saptamani","ro","Romania","2642","https://www.myglobalhealth.online/romania/ro/tools/due-date-calculator","GSC visible query","","","","","P2","Observed owner; query language may differ from page locale. Confirm intent before rewriting."
"calculator sarcina pe saptamani poze","ro","Romania","2642","https://www.myglobalhealth.online/romania/ro/tools/due-date-calculator","GSC visible query","","","","","P2","Observed owner; query language may differ from page locale. Confirm intent before rewriting."
"calculator sarcina pe saptamani si luni","ro","Romania","2642","https://www.myglobalhealth.online/romania/ro/tools/due-date-calculator","GSC visible query","","","","","P2","Observed owner; query language may differ from page locale. Confirm intent before rewriting."
"calculator sarcina regina maria","ro","Romania","2642","https://www.myglobalhealth.online/romania/ro/tools/due-date-calculator","GSC visible query","","","","","P2","Observed owner; query language may differ from page locale. Confirm intent before rewriting."
"calculator tensiune","es","Romania","2642","https://www.myglobalhealth.online/romania/es/tools/blood-pressure-chart","GSC visible query","","","","","P2","Observed owner; query language may differ from page locale. Confirm intent before rewriting."
"calculator tensiune arteriala in functie de varsta","ro","Romania","2642","https://www.myglobalhealth.online/romania/ro/blog/tensiune-arteriala-normala-varsta-adulti","GSC visible query","","","","","P2","Observed owner; query language may differ from page locale. Confirm intent before rewriting."
"calculator test sarcina","ro","Romania","2642","https://www.myglobalhealth.online/romania/ro/tools/due-date-calculator","GSC visible query","","","","","P2","Observed owner; query language may differ from page locale. Confirm intent before rewriting."
"calculatorul de calorii","ro","Romania","2642","https://www.myglobalhealth.online/romania/ro/tools/calorie-calculator","GSC visible query","","","","","P2","Observed owner; query language may differ from page locale. Confirm intent before rewriting."
"calculeaza bmi femei","ro","Romania","2642","https://www.myglobalhealth.online/romania/ro/tools/bmi-calculator","GSC visible query","","","","","P2","Observed owner; query language may differ from page locale. Confirm intent before rewriting."
"calculeaza calorii","ro","Romania","2642","https://www.myglobalhealth.online/romania/ro/tools/calorie-calculator","GSC visible query","","","","","P2","Observed owner; query language may differ from page locale. Confirm intent before rewriting."
"calculeaza caloriile","ro","Romania","2642","https://www.myglobalhealth.online/romania/ro/tools/calorie-calculator","GSC visible query","","","","","P2","Observed owner; query language may differ from page locale. Confirm intent before rewriting."
"calculeaza imc","es","Romania","2642","https://www.myglobalhealth.online/romania/es/tools/bmi-calculator","GSC visible query","","","","","P2","Observed owner; query language may differ from page locale. Confirm intent before rewriting."
"calculeaza imc in functie de varsta","ro","Romania","2642","https://www.myglobalhealth.online/romania/ro/tools/bmi-calculator","GSC visible query","","","","","P2","Observed owner; query language may differ from page locale. Confirm intent before rewriting."
"calculeaza indice de masa corporala","es","Romania","2642","https://www.myglobalhealth.online/romania/es/tools/bmi-calculator","GSC visible query","","","","","P2","Observed owner; query language may differ from page locale. Confirm intent before rewriting."
"calculeaza kcal","ro","Romania","2642","https://www.myglobalhealth.online/romania/ro/tools/calorie-calculator","GSC visible query","","","","","P2","Observed owner; query language may differ from page locale. Confirm intent before rewriting."
"calculeaza mi caloriile","ro","Romania","2642","https://www.myglobalhealth.online/romania/ro/tools/calorie-calculator","GSC visible query","","","","","P2","Observed owner; query language may differ from page locale. Confirm intent before rewriting."
"calculeaza sarcina","ro","Romania","2642","https://www.myglobalhealth.online/romania/ro/tools/due-date-calculator","GSC visible query","","","","","P2","Observed owner; query language may differ from page locale. Confirm intent before rewriting."
"calculul imc in functie de varsta","ro","Romania","2642","https://www.myglobalhealth.online/romania/ro/tools/bmi-calculator","GSC visible query","","","","","P2","Observed owner; query language may differ from page locale. Confirm intent before rewriting."
"calendar nastere","ro","Romania","2642","https://www.myglobalhealth.online/romania/ro/tools/due-date-calculator","GSC visible query","","","","","P2","Observed owner; query language may differ from page locale. Confirm intent before rewriting."
"calendar saptamani sarcina","ro","Romania","2642","https://www.myglobalhealth.online/romania/ro/tools/due-date-calculator","GSC visible query","","","","","P2","Observed owner; query language may differ from page locale. Confirm intent before rewriting."
"calendar sarcina","ro","Romania","2642","https://www.myglobalhealth.online/romania/ro/tools/due-date-calculator","GSC visible query","","","","","P2","Observed owner; query language may differ from page locale. Confirm intent before rewriting."
"calendar sarcina saptamani","ro","Romania","2642","https://www.myglobalhealth.online/romania/ro/tools/due-date-calculator","GSC visible query","","","","","P2","Observed owner; query language may differ from page locale. Confirm intent before rewriting."
"calorias","pt","Romania","2642","https://www.myglobalhealth.online/romania/pt/tools/calorie-calculator","GSC visible query","","","","","P2","Observed owner; query language may differ from page locale. Confirm intent before rewriting."
"calorii azi","ro","Romania","2642","https://www.myglobalhealth.online/romania/ro/tools/calorie-calculator","GSC visible query","","","","","P2","Observed owner; query language may differ from page locale. Confirm intent before rewriting."
"calorii calcul","ro","Romania","2642","https://www.myglobalhealth.online/romania/ro/tools/calorie-calculator","GSC visible query","","","","","P2","Observed owner; query language may differ from page locale. Confirm intent before rewriting."
"calorii calculator","ro","Romania","2642","https://www.myglobalhealth.online/romania/ro/tools/calorie-calculator","GSC visible query","","","","","P2","Observed owner; query language may differ from page locale. Confirm intent before rewriting."
"calorii deficit calculator","ro","Romania","2642","https://www.myglobalhealth.online/romania/ro/tools/calorie-calculator","GSC visible query","","","","","P2","Observed owner; query language may differ from page locale. Confirm intent before rewriting."
"calorii mentinere","ro","Romania","2642","https://www.myglobalhealth.online/romania/ro/tools/calorie-calculator","GSC visible query","","","","","P2","Observed owner; query language may differ from page locale. Confirm intent before rewriting."
"calorii mentinere calculator","ro","Romania","2642","https://www.myglobalhealth.online/romania/ro/tools/calorie-calculator","GSC visible query","","","","","P2","Observed owner; query language may differ from page locale. Confirm intent before rewriting."
"cand ai tensiunea mica ce trebuie sa faci","en","Romania","2642","https://www.myglobalhealth.online/romania/en/blog/low-blood-pressure-why-it-happens-what-to-do-right-away-and-when-not-to-wait","GSC visible query","","","","","P2","Observed owner; query language may differ from page locale. Confirm intent before rewriting."
"care este tensiunea normala","ro","Romania","2642","https://www.myglobalhealth.online/romania/ro/blog/tensiune-arteriala-normala-varsta-adulti","GSC visible query","","","","","P2","Observed owner; query language may differ from page locale. Confirm intent before rewriting."
"cat are valabilitate o scrisoare medicala","ro","Romania","2642","https://www.myglobalhealth.online/romania/ro/blog/scrisoare-medicala-cine-o-elibereaza","GSC visible query | research_focused","90","0","informational","","P2","Observed owner; query language may differ from page locale. Confirm intent before rewriting."
"cat este tensiunea normala in functie de varsta","ro","Romania","2642","https://www.myglobalhealth.online/romania/ro/blog/tensiune-arteriala-normala-varsta-adulti","GSC visible query","","","","","P2","Observed owner; query language may differ from page locale. Confirm intent before rewriting."
"cat inseamna 500 calorii in kg","ro","Romania","2642","https://www.myglobalhealth.online/romania/ro/tools/calorie-calculator","GSC visible query","","","","","P2","Observed owner; query language may differ from page locale. Confirm intent before rewriting."
"cat timp este valabila o scrisoare medicala","ro","Romania","2642","https://www.myglobalhealth.online/romania/ro/blog/scrisoare-medicala-cine-o-elibereaza","GSC visible query","","","","","P2","Observed owner; query language may differ from page locale. Confirm intent before rewriting."
"cate calorii am aici","ro","Romania","2642","https://www.myglobalhealth.online/romania/ro/tools/calorie-calculator","GSC visible query","","","","","P2","Observed owner; query language may differ from page locale. Confirm intent before rewriting."
"cate calorii am aici?","ro","Romania","2642","https://www.myglobalhealth.online/romania/ro/tools/calorie-calculator","GSC visible query","","","","","P2","Observed owner; query language may differ from page locale. Confirm intent before rewriting."
"cate calorii am mancat azi","ro","Romania","2642","https://www.myglobalhealth.online/romania/ro/tools/calorie-calculator","GSC visible query","","","","","P2","Observed owner; query language may differ from page locale. Confirm intent before rewriting."
"cate calorii are asta?","ro","Romania","2642","https://www.myglobalhealth.online/romania/ro/tools/calorie-calculator","GSC visible query","","","","","P2","Observed owner; query language may differ from page locale. Confirm intent before rewriting."
"cate calorii are nevoie un om pe zi","ro","Romania","2642","https://www.myglobalhealth.online/romania/ro/tools/calorie-calculator","GSC visible query","","","","","P2","Observed owner; query language may differ from page locale. Confirm intent before rewriting."
"cate calorii are un kg","ro","Romania","2642","https://www.myglobalhealth.online/romania/ro/tools/calorie-calculator","GSC visible query","","","","","P2","Observed owner; query language may differ from page locale. Confirm intent before rewriting."
"cate calorii consuma un om pe zi","ro","Romania","2642","https://www.myglobalhealth.online/romania/ro/tools/calorie-calculator","GSC visible query","","","","","P2","Observed owner; query language may differ from page locale. Confirm intent before rewriting."
"cate calorii trebuie sa arzi ca sa slabesti 1 kg","ro","Romania","2642","https://www.myglobalhealth.online/romania/ro/tools/calorie-calculator","GSC visible query","","","","","P2","Observed owner; query language may differ from page locale. Confirm intent before rewriting."
"cate calorii trebuie sa arzi pe zi","ro","Romania","2642","https://www.myglobalhealth.online/romania/ro/tools/calorie-calculator","GSC visible query","","","","","P2","Observed owner; query language may differ from page locale. Confirm intent before rewriting."
"cate calorii trebuie sa consum ca sa slabesc","ro","Romania","2642","https://www.myglobalhealth.online/romania/ro/tools/calorie-calculator","GSC visible query","","","","","P2","Observed owner; query language may differ from page locale. Confirm intent before rewriting."
"cate calorii trebuie sa consumam pentru a slabi 1 kg","ro","Romania","2642","https://www.myglobalhealth.online/romania/ro/tools/calorie-calculator","GSC visible query","","","","","P2","Observed owner; query language may differ from page locale. Confirm intent before rewriting."
"cate calorii trebuie sa consumi ca sa slabesti","ro","Romania","2642","https://www.myglobalhealth.online/romania/ro/tools/calorie-calculator","GSC visible query","","","","","P2","Observed owner; query language may differ from page locale. Confirm intent before rewriting."
"cate calorii trebuie sa consumi zilnic","ro","Romania","2642","https://www.myglobalhealth.online/romania/ro/tools/calorie-calculator","GSC visible query","","","","","P2","Observed owner; query language may differ from page locale. Confirm intent before rewriting."
"cate calorii trebuie sa mananc","ro","Romania","2642","https://www.myglobalhealth.online/romania/ro/tools/calorie-calculator","GSC visible query","","","","","P2","Observed owner; query language may differ from page locale. Confirm intent before rewriting."
"cate calorii trebuie sa mananc ca sa slabesc","ro","Romania","2642","https://www.myglobalhealth.online/romania/ro/tools/calorie-calculator","GSC visible query","","","","","P2","Observed owner; query language may differ from page locale. Confirm intent before rewriting."
"cate calorii trebuie sa mananc ca sa slabesc calculator","ro","Romania","2642","https://www.myglobalhealth.online/romania/ro/tools/calorie-calculator","GSC visible query","","","","","P2","Observed owner; query language may differ from page locale. Confirm intent before rewriting."
"cate calorii trebuie sa mananci pe zi","ro","Romania","2642","https://www.myglobalhealth.online/romania/ro/tools/calorie-calculator","GSC visible query","","","","","P2","Observed owner; query language may differ from page locale. Confirm intent before rewriting."
"cate calorii trebuie sa mananci pe zi ca sa slabesti","ro","Romania","2642","https://www.myglobalhealth.online/romania/ro/tools/calorie-calculator","GSC visible query","","","","","P2","Observed owner; query language may differ from page locale. Confirm intent before rewriting."
"cate calorii trebuie sa mananci pe zi in functie de greutate","ro","Romania","2642","https://www.myglobalhealth.online/romania/ro/tools/calorie-calculator","GSC visible query","","","","","P2","Observed owner; query language may differ from page locale. Confirm intent before rewriting."
"cate calorii trebuie sa mananci pe zi pentru a slabi","ro","Romania","2642","https://www.myglobalhealth.online/romania/ro/tools/calorie-calculator","GSC visible query","","","","","P2","Observed owner; query language may differ from page locale. Confirm intent before rewriting."
"cate kcal trebuie sa mananci pe zi","ro","Romania","2642","https://www.myglobalhealth.online/romania/ro/tools/calorie-calculator","GSC visible query","","","","","P2","Observed owner; query language may differ from page locale. Confirm intent before rewriting."
"cate kilocalorii trebuie sa mananci pe zi","ro","Romania","2642","https://www.myglobalhealth.online/romania/ro/tools/calorie-calculator","GSC visible query","","","","","P2","Observed owner; query language may differ from page locale. Confirm intent before rewriting."
"cate luni de sarcina am","ro","Romania","2642","https://www.myglobalhealth.online/romania/ro/tools/due-date-calculator","GSC visible query","","","","","P2","Observed owner; query language may differ from page locale. Confirm intent before rewriting."
"cculator kilocalorii minime","ro","Romania","2642","https://www.myglobalhealth.online/romania/ro/tools/calorie-calculator","GSC visible query","","","","","P2","Observed owner; query language may differ from page locale. Confirm intent before rewriting."
"ce este scrisoarea medicala","ro","Romania","2642","https://www.myglobalhealth.online/romania/ro/blog/scrisoare-medicala-cine-o-elibereaza","GSC visible query | research_focused","30","","informational","","P2","Observed owner; query language may differ from page locale. Confirm intent before rewriting."
"ce scade tensiunea imediat","ro","Romania","2642","https://www.myglobalhealth.online/romania/ro/blog/ce-scade-tensiunea-arteriala-rapid-sigur","GSC visible query","","","","","P2","Observed owner; query language may differ from page locale. Confirm intent before rewriting."
"ce scade tensiunea rapid","ro","Romania","2642","https://www.myglobalhealth.online/romania/ro/blog/ce-scade-tensiunea-arteriala-rapid-sigur","GSC visible query","","","","","P2","Observed owner; query language may differ from page locale. Confirm intent before rewriting."
"ce scade tensiunea urgent","ro","Romania","2642","https://www.myglobalhealth.online/romania/ro/blog/ce-scade-tensiunea-arteriala-rapid-sigur","GSC visible query","","","","","P2","Observed owner; query language may differ from page locale. Confirm intent before rewriting."
"ce trebuie sa faci cand ai tensiunea mare","en","Romania","2642","https://www.myglobalhealth.online/romania/en/blog/how-to-lower-blood-pressure-quickly-and-safely","GSC visible query","","","","","P2","Observed owner; query language may differ from page locale. Confirm intent before rewriting."
"cel mai bun calculator de calorii","ro","Romania","2642","https://www.myglobalhealth.online/romania/ro/tools/calorie-calculator","GSC visible query","","","","","P2","Observed owner; query language may differ from page locale. Confirm intent before rewriting."
"cita medico","es","Romania","2642","https://www.myglobalhealth.online/romania/es","GSC visible query","","","","","P2","Observed owner; query language may differ from page locale. Confirm intent before rewriting."
"consult a doctor","en","Romania","2642","https://www.myglobalhealth.online/romania/en","GSC visible query","","","","","P2","Observed owner; query language may differ from page locale. Confirm intent before rewriting."
"consult doctor","en","Romania","2642","https://www.myglobalhealth.online/romania/en","GSC visible query","","","","","P2","Observed owner; query language may differ from page locale. Confirm intent before rewriting."
"consult online doctor","en","Romania","2642","https://www.myglobalhealth.online/romania/en","GSC visible query","","","","","P2","Observed owner; query language may differ from page locale. Confirm intent before rewriting."
"consultatie medic online","ro","Romania","2642","https://www.myglobalhealth.online/romania/ro","GSC visible query","","","","","P2","Observed owner; query language may differ from page locale. Confirm intent before rewriting."
"consultatie medicala online","ro","Romania","2642","https://www.myglobalhealth.online/romania/ro","GSC visible query | Editorial service label","","","","","P2","Observed owner; query language may differ from page locale. Confirm intent before rewriting."
"consultatii medicale online","ro","Romania","2642","https://www.myglobalhealth.online/romania/ro","GSC visible query | research_ro","40","64","commercial","1.24","P2","Observed owner; query language may differ from page locale. Confirm intent before rewriting."
"cum calculezi imc","ro","Romania","2642","https://www.myglobalhealth.online/romania/ro/tools/bmi-calculator","GSC visible query","","","","","P2","Observed owner; query language may differ from page locale. Confirm intent before rewriting."
"cum scad tensiunea rapid","ro","Romania","2642","https://www.myglobalhealth.online/romania/ro/blog/ce-scade-tensiunea-arteriala-rapid-sigur","GSC visible query","","","","","P2","Observed owner; query language may differ from page locale. Confirm intent before rewriting."
"cum se calculeaza deficitul caloric","ro","Romania","2642","https://www.myglobalhealth.online/romania/ro/tools/calorie-calculator","GSC visible query","","","","","P2","Observed owner; query language may differ from page locale. Confirm intent before rewriting."
"cum se calculeaza imc","ro","Romania","2642","https://www.myglobalhealth.online/romania/ro/tools/bmi-calculator","GSC visible query","","","","","P2","Observed owner; query language may differ from page locale. Confirm intent before rewriting."
"cum se calculeaza ovulatia","ro","Romania","2642","https://www.myglobalhealth.online/romania/ro/tools/ovulation-calculator","GSC visible query","","","","","P2","Observed owner; query language may differ from page locale. Confirm intent before rewriting."
"cum se calculeaza saptamanile de sarcina","ro","Romania","2642","https://www.myglobalhealth.online/romania/ro/tools/due-date-calculator","GSC visible query","","","","","P2","Observed owner; query language may differ from page locale. Confirm intent before rewriting."
"cum se calculeaza sarcina","ro","Romania","2642","https://www.myglobalhealth.online/romania/ro/tools/due-date-calculator","GSC visible query","","","","","P2","Observed owner; query language may differ from page locale. Confirm intent before rewriting."
"data probabila a nasterii","ro","Romania","2642","https://www.myglobalhealth.online/romania/ro/tools/due-date-calculator","GSC visible query","","","","","P2","Observed owner; query language may differ from page locale. Confirm intent before rewriting."
"de ce nu scade tensiunea cu captopril","ro","Romania","2642","https://www.myglobalhealth.online/romania/ro/blog/ce-scade-tensiunea-arteriala-rapid-sigur","GSC visible query","","","","","P2","Observed owner; query language may differ from page locale. Confirm intent before rewriting."
"deficit caloric calcul","ro","Romania","2642","https://www.myglobalhealth.online/romania/ro/tools/calorie-calculator","GSC visible query","","","","","P2","Observed owner; query language may differ from page locale. Confirm intent before rewriting."
"deficit caloric calculator","ro","Romania","2642","https://www.myglobalhealth.online/romania/ro/tools/calorie-calculator","GSC visible query","","","","","P2","Observed owner; query language may differ from page locale. Confirm intent before rewriting."
"deficit caloric calculator gratuit","ro","Romania","2642","https://www.myglobalhealth.online/romania/ro/tools/calorie-calculator","GSC visible query","","","","","P2","Observed owner; query language may differ from page locale. Confirm intent before rewriting."
"diagnosticare adhd adulti","ro","Romania","2642","https://www.myglobalhealth.online/romania/ro/tools/adhd-test","GSC visible query","","","","","P2","Observed owner; query language may differ from page locale. Confirm intent before rewriting."
"doctor appoiment","en","Romania","2642","https://www.myglobalhealth.online/romania/en","GSC visible query","","","","","P2","Observed owner; query language may differ from page locale. Confirm intent before rewriting."
"doctor appointment","en","Romania","2642","https://www.myglobalhealth.online/romania/en","GSC visible query","","","","","P2","Observed owner; query language may differ from page locale. Confirm intent before rewriting."
"doctor appointments","en","Romania","2642","https://www.myglobalhealth.online/romania/en","GSC visible query","","","","","P2","Observed owner; query language may differ from page locale. Confirm intent before rewriting."
"doctor appoitment","en","Romania","2642","https://www.myglobalhealth.online/romania/en","GSC visible query","","","","","P2","Observed owner; query language may differ from page locale. Confirm intent before rewriting."
"doctor at any time","en","Romania","2642","https://www.myglobalhealth.online/romania/en","GSC visible query","","","","","P2","Observed owner; query language may differ from page locale. Confirm intent before rewriting."
"doctor booking online","en","Romania","2642","https://www.myglobalhealth.online/romania/en","GSC visible query","","","","","P2","Observed owner; query language may differ from page locale. Confirm intent before rewriting."
"doctor consultation","en","Romania","2642","https://www.myglobalhealth.online/romania/en","GSC visible query","","","","","P2","Observed owner; query language may differ from page locale. Confirm intent before rewriting."
"doctor general","en","Romania","2642","https://www.myglobalhealth.online/romania/en","GSC visible query","","","","","P2","Observed owner; query language may differ from page locale. Confirm intent before rewriting."
"doctor generalist","en","Romania","2642","https://www.myglobalhealth.online/romania/en","GSC visible query","","","","","P2","Observed owner; query language may differ from page locale. Confirm intent before rewriting."
"doctor ginecolog online","ro","Romania","2642","https://www.myglobalhealth.online/romania/ro","GSC visible query","","","","","P2","Observed owner; query language may differ from page locale. Confirm intent before rewriting."
"doctor help","en","Romania","2642","https://www.myglobalhealth.online/romania/en","GSC visible query","","","","","P2","Observed owner; query language may differ from page locale. Confirm intent before rewriting."
"doctor home visit","en","Romania","2642","https://www.myglobalhealth.online/romania/en","GSC visible query","","","","","P2","Observed owner; query language may differ from page locale. Confirm intent before rewriting."
"doctor in romania","ro","Romania","2642","https://www.myglobalhealth.online/romania/ro","GSC visible query","","","","","P2","Observed owner; query language may differ from page locale. Confirm intent before rewriting."
"doctor on phone","en","Romania","2642","https://www.myglobalhealth.online/romania/en","GSC visible query","","","","","P2","Observed owner; query language may differ from page locale. Confirm intent before rewriting."
"doctor online","ro","Romania","2642","https://www.myglobalhealth.online/romania/ro","GSC visible query | research_ro","","","","","P2","Observed owner; query language may differ from page locale. Confirm intent before rewriting."
"doctor online appointment","en","Romania","2642","https://www.myglobalhealth.online/romania/en","GSC visible query","","","","","P2","Observed owner; query language may differ from page locale. Confirm intent before rewriting."
"doctor online consultation","en","Romania","2642","https://www.myglobalhealth.online/romania/en","GSC visible query","","","","","P2","Observed owner; query language may differ from page locale. Confirm intent before rewriting."
"doctor online romania","en","Romania","2642","https://www.myglobalhealth.online/romania/en","GSC visible query","","","","","P2","Observed owner; query language may differ from page locale. Confirm intent before rewriting."
"doctor romania","en","Romania","2642","https://www.myglobalhealth.online/romania/en","GSC visible query","","","","","P2","Observed owner; query language may differ from page locale. Confirm intent before rewriting."
"doctor take","en","Romania","2642","https://www.myglobalhealth.online/romania/en","GSC visible query","","","","","P2","Observed owner; query language may differ from page locale. Confirm intent before rewriting."
"doctor url","en","Romania","2642","https://www.myglobalhealth.online/romania/en","GSC visible query","","","","","P2","Observed owner; query language may differ from page locale. Confirm intent before rewriting."
"doctor's appointment","en","Romania","2642","https://www.myglobalhealth.online/romania/en","GSC visible query","","","","","P2","Observed owner; query language may differ from page locale. Confirm intent before rewriting."
"doctor+platform","en","Romania","2642","https://www.myglobalhealth.online/romania/en","GSC visible query","","","","","P2","Observed owner; query language may differ from page locale. Confirm intent before rewriting."
"doctor+reservation","en","Romania","2642","https://www.myglobalhealth.online/romania/en","GSC visible query","","","","","P2","Observed owner; query language may differ from page locale. Confirm intent before rewriting."
"doctors","en","Romania","2642","https://www.myglobalhealth.online/romania/en","GSC visible query","","","","","P2","Observed owner; query language may differ from page locale. Confirm intent before rewriting."
"doctors appointment","en","Romania","2642","https://www.myglobalhealth.online/romania/en","GSC visible query","","","","","P2","Observed owner; query language may differ from page locale. Confirm intent before rewriting."
"doctors appointments","ro","Romania","2642","https://www.myglobalhealth.online/romania/ro","GSC visible query","","","","","P2","Observed owner; query language may differ from page locale. Confirm intent before rewriting."
"doctors consultation online","en","Romania","2642","https://www.myglobalhealth.online/romania/en","GSC visible query","","","","","P2","Observed owner; query language may differ from page locale. Confirm intent before rewriting."
"doctors online","en","Romania","2642","https://www.myglobalhealth.online/romania/en","GSC visible query","","","","","P2","Observed owner; query language may differ from page locale. Confirm intent before rewriting."
"doctors online consultation","en","Romania","2642","https://www.myglobalhealth.online/romania/en","GSC visible query","","","","","P2","Observed owner; query language may differ from page locale. Confirm intent before rewriting."
"doctors website","en","Romania","2642","https://www.myglobalhealth.online/romania/en","GSC visible query","","","","","P2","Observed owner; query language may differ from page locale. Confirm intent before rewriting."
"dr medic ro","de","Romania","2642","https://www.myglobalhealth.online/romania/de","GSC visible query","","","","","P2","Observed owner; query language may differ from page locale. Confirm intent before rewriting."
"eliberare scrisoare medicala","ro","Romania","2642","https://www.myglobalhealth.online/romania/ro/blog/scrisoare-medicala-cine-o-elibereaza","GSC visible query | research_focused","70","0","informational","","P2","Observed owner; query language may differ from page locale. Confirm intent before rewriting."
"facetime doctor","en","Romania","2642","https://www.myglobalhealth.online/romania/en","GSC visible query","","","","","P2","Observed owner; query language may differ from page locale. Confirm intent before rewriting."
"fidelis care doctors","en","Romania","2642","https://www.myglobalhealth.online/romania/en","GSC visible query","","","","","P2","Observed owner; query language may differ from page locale. Confirm intent before rewriting."
"formula calcul calorii","ro","Romania","2642","https://www.myglobalhealth.online/romania/ro/tools/calorie-calculator","GSC visible query","","","","","P2","Observed owner; query language may differ from page locale. Confirm intent before rewriting."
"global health","ro","Romania","2642","https://www.myglobalhealth.online/romania/ro/faq","GSC visible query","","","","","P2","Observed owner; query language may differ from page locale. Confirm intent before rewriting."
"global health clinic","en","Romania","2642","https://www.myglobalhealth.online/romania/en","GSC visible query","","","","","P2","Observed owner; query language may differ from page locale. Confirm intent before rewriting."
"global medical health bucuresti","en","Romania","2642","https://www.myglobalhealth.online/romania/en","GSC visible query","","","","","P2","Observed owner; query language may differ from page locale. Confirm intent before rewriting."
"gp doctor","en","Romania","2642","https://www.myglobalhealth.online/romania/en","GSC visible query","","","","","P2","Observed owner; query language may differ from page locale. Confirm intent before rewriting."
"graf bmi kalkulačky","cs","Romania","2642","https://www.myglobalhealth.online/romania/cs/tools/bmi-calculator","GSC visible query","","","","","P2","Observed owner; query language may differ from page locale. Confirm intent before rewriting."
"hausarzt l","de","Romania","2642","https://www.myglobalhealth.online/romania/de","GSC visible query","","","","","P2","Observed owner; query language may differ from page locale. Confirm intent before rewriting."
"hausarzte","de","Romania","2642","https://www.myglobalhealth.online/romania/de","GSC visible query","","","","","P2","Observed owner; query language may differ from page locale. Confirm intent before rewriting."
"hipertension arterial valores normales","es","Romania","2642","https://www.myglobalhealth.online/romania/es/blog/presion-arterial-normal-guia-util-por-edad-sin-tablas-enganosas","GSC visible query","","","","","P2","Observed owner; query language may differ from page locale. Confirm intent before rewriting."
"how can i get a doctors note","en","Romania","2642","https://www.myglobalhealth.online/romania/en/blog/medical-letter-romania","GSC visible query","","","","","P2","Observed owner; query language may differ from page locale. Confirm intent before rewriting."
"ideální krevní tlak","cs","Romania","2642","https://www.myglobalhealth.online/romania/cs/blog/normalni-krevni-tlak-podle-veku-uzitecny-pruvodce-bez-zavadejicich-tabulek","GSC visible query","","","","","P2","Observed owner; query language may differ from page locale. Confirm intent before rewriting."
"imc","ro","Romania","2642","https://www.myglobalhealth.online/romania/ro/tools/bmi-calculator","GSC visible query","","","","","P2","Observed owner; query language may differ from page locale. Confirm intent before rewriting."
"imc adulti","es","Romania","2642","https://www.myglobalhealth.online/romania/es/tools/bmi-calculator","GSC visible query","","","","","P2","Observed owner; query language may differ from page locale. Confirm intent before rewriting."
"imc barbati","ro","Romania","2642","https://www.myglobalhealth.online/romania/ro/tools/bmi-calculator","GSC visible query","","","","","P2","Observed owner; query language may differ from page locale. Confirm intent before rewriting."
"imc barbati in functie de varsta","ro","Romania","2642","https://www.myglobalhealth.online/romania/ro/tools/bmi-calculator","GSC visible query","","","","","P2","Observed owner; query language may differ from page locale. Confirm intent before rewriting."
"imc calcul","ro","Romania","2642","https://www.myglobalhealth.online/romania/ro/tools/bmi-calculator","GSC visible query","","","","","P2","Observed owner; query language may differ from page locale. Confirm intent before rewriting."
"imc calculator","es","Romania","2642","https://www.myglobalhealth.online/romania/es/tools/bmi-calculator","GSC visible query","","","","","P2","Observed owner; query language may differ from page locale. Confirm intent before rewriting."
"imc calculator online","es","Romania","2642","https://www.myglobalhealth.online/romania/es/tools/bmi-calculator","GSC visible query","","","","","P2","Observed owner; query language may differ from page locale. Confirm intent before rewriting."
"imc calculer","es","Romania","2642","https://www.myglobalhealth.online/romania/es/tools/bmi-calculator","GSC visible query","","","","","P2","Observed owner; query language may differ from page locale. Confirm intent before rewriting."
"imc formula de calcul","ro","Romania","2642","https://www.myglobalhealth.online/romania/ro/tools/bmi-calculator","GSC visible query","","","","","P2","Observed owner; query language may differ from page locale. Confirm intent before rewriting."
"imc indice de masa corporala calculator","es","Romania","2642","https://www.myglobalhealth.online/romania/es/tools/bmi-calculator","GSC visible query","","","","","P2","Observed owner; query language may differ from page locale. Confirm intent before rewriting."
"imc normal","es","Romania","2642","https://www.myglobalhealth.online/romania/es/tools/bmi-calculator","GSC visible query","","","","","P2","Observed owner; query language may differ from page locale. Confirm intent before rewriting."
"imc tabel","ro","Romania","2642","https://www.myglobalhealth.online/romania/ro/tools/bmi-calculator","GSC visible query","","","","","P2","Observed owner; query language may differ from page locale. Confirm intent before rewriting."
"imc valori","ro","Romania","2642","https://www.myglobalhealth.online/romania/ro/tools/bmi-calculator","GSC visible query","","","","","P2","Observed owner; query language may differ from page locale. Confirm intent before rewriting."
"indice bmi","es","Romania","2642","https://www.myglobalhealth.online/romania/es/tools/bmi-calculator","GSC visible query","","","","","P2","Observed owner; query language may differ from page locale. Confirm intent before rewriting."
"indice de masa corporal","ro","Romania","2642","https://www.myglobalhealth.online/romania/ro/tools/bmi-calculator","GSC visible query","","","","","P2","Observed owner; query language may differ from page locale. Confirm intent before rewriting."
"indice de masa corporala","ro","Romania","2642","https://www.myglobalhealth.online/romania/ro/tools/bmi-calculator","GSC visible query","","","","","P2","Observed owner; query language may differ from page locale. Confirm intent before rewriting."
"indice de masa corporala adulti","es","Romania","2642","https://www.myglobalhealth.online/romania/es/tools/bmi-calculator","GSC visible query","","","","","P2","Observed owner; query language may differ from page locale. Confirm intent before rewriting."
"indice de masa corporala calculator","es","Romania","2642","https://www.myglobalhealth.online/romania/es/tools/bmi-calculator","GSC visible query","","","","","P2","Observed owner; query language may differ from page locale. Confirm intent before rewriting."
"indice de masa corporala obezitate","ro","Romania","2642","https://www.myglobalhealth.online/romania/ro/tools/bmi-calculator","GSC visible query","","","","","P2","Observed owner; query language may differ from page locale. Confirm intent before rewriting."
"indice imc","ro","Romania","2642","https://www.myglobalhealth.online/romania/ro/tools/bmi-calculator","GSC visible query","","","","","P2","Observed owner; query language may differ from page locale. Confirm intent before rewriting."
"indice masa corporala","es","Romania","2642","https://www.myglobalhealth.online/romania/es/tools/bmi-calculator","GSC visible query","","","","","P2","Observed owner; query language may differ from page locale. Confirm intent before rewriting."
"indice masa corporala adulti","es","Romania","2642","https://www.myglobalhealth.online/romania/es/tools/bmi-calculator","GSC visible query","","","","","P2","Observed owner; query language may differ from page locale. Confirm intent before rewriting."
"indice masa corporala calculator","es","Romania","2642","https://www.myglobalhealth.online/romania/es/tools/bmi-calculator","GSC visible query","","","","","P2","Observed owner; query language may differ from page locale. Confirm intent before rewriting."
"indice masa corporala femei","ro","Romania","2642","https://www.myglobalhealth.online/romania/ro/tools/bmi-calculator","GSC visible query","","","","","P2","Observed owner; query language may differ from page locale. Confirm intent before rewriting."
"indice masa corporala in functie de varsta","ro","Romania","2642","https://www.myglobalhealth.online/romania/ro/tools/bmi-calculator","GSC visible query","","","","","P2","Observed owner; query language may differ from page locale. Confirm intent before rewriting."
"indicele de masa corporala","ro","Romania","2642","https://www.myglobalhealth.online/romania/ro/tools/bmi-calculator","GSC visible query","","","","","P2","Observed owner; query language may differ from page locale. Confirm intent before rewriting."
"indicele de masa corporala formula","ro","Romania","2642","https://www.myglobalhealth.online/romania/ro/tools/bmi-calculator","GSC visible query","","","","","P2","Observed owner; query language may differ from page locale. Confirm intent before rewriting."
"indicele de masa corporala imc","ro","Romania","2642","https://www.myglobalhealth.online/romania/ro/tools/bmi-calculator","GSC visible query","","","","","P2","Observed owner; query language may differ from page locale. Confirm intent before rewriting."
"international+doctor","en","Romania","2642","https://www.myglobalhealth.online/romania/en","GSC visible query","","","","","P2","Observed owner; query language may differ from page locale. Confirm intent before rewriting."
"intreaba medicul online","ro","Romania","2642","https://www.myglobalhealth.online/romania/ro","GSC visible query","","","","","P2","Observed owner; query language may differ from page locale. Confirm intent before rewriting."
"jak dlouho platí žádanka od lékaře","cs","Romania","2642","https://www.myglobalhealth.online/romania/cs/blog/lekarska-zprava-rumunsko","GSC visible query","","","","","P2","Observed owner; query language may differ from page locale. Confirm intent before rewriting."
"jak okamžitě snížit krevní tlak","cs","Romania","2642","https://www.myglobalhealth.online/romania/cs/blog/jak-bezpecne-snizit-vysoky-tlak-rumunsko","GSC visible query","","","","","P2","Observed owner; query language may differ from page locale. Confirm intent before rewriting."
"jaký je normální krevní tlak","cs","Romania","2642","https://www.myglobalhealth.online/romania/cs/blog/normalni-krevni-tlak-podle-veku-uzitecny-pruvodce-bez-zavadejicich-tabulek","GSC visible query","","","","","P2","Observed owner; query language may differ from page locale. Confirm intent before rewriting."
"jaký je normální tlak","cs","Romania","2642","https://www.myglobalhealth.online/romania/cs/blog/normalni-krevni-tlak-podle-veku-uzitecny-pruvodce-bez-zavadejicich-tabulek","GSC visible query","","","","","P2","Observed owner; query language may differ from page locale. Confirm intent before rewriting."
"jaký tlak je normální","cs","Romania","2642","https://www.myglobalhealth.online/romania/cs/blog/normalni-krevni-tlak-podle-veku-uzitecny-pruvodce-bez-zavadejicich-tabulek","GSC visible query","","","","","P2","Observed owner; query language may differ from page locale. Confirm intent before rewriting."
"kolik je normalni tlak","cs","Romania","2642","https://www.myglobalhealth.online/romania/cs/blog/normalni-krevni-tlak-podle-veku-uzitecny-pruvodce-bez-zavadejicich-tabulek","GSC visible query","","","","","P2","Observed owner; query language may differ from page locale. Confirm intent before rewriting."
"krevni tlak dle veku","cs","Romania","2642","https://www.myglobalhealth.online/romania/cs/blog/normalni-krevni-tlak-podle-veku-uzitecny-pruvodce-bez-zavadejicich-tabulek","GSC visible query","","","","","P2","Observed owner; query language may differ from page locale. Confirm intent before rewriting."
"krevní tlak hodnoty","cs","Romania","2642","https://www.myglobalhealth.online/romania/cs/blog/normalni-krevni-tlak-podle-veku-uzitecny-pruvodce-bez-zavadejicich-tabulek","GSC visible query","","","","","P2","Observed owner; query language may differ from page locale. Confirm intent before rewriting."
"krevní tlak podle věku","cs","Romania","2642","https://www.myglobalhealth.online/romania/cs/blog/normalni-krevni-tlak-podle-veku-uzitecny-pruvodce-bez-zavadejicich-tabulek","GSC visible query","","","","","P2","Observed owner; query language may differ from page locale. Confirm intent before rewriting."
"lo normal de la tensión","es","Romania","2642","https://www.myglobalhealth.online/romania/es/blog/presion-arterial-normal-guia-util-por-edad-sin-tablas-enganosas","GSC visible query","","","","","P2","Observed owner; query language may differ from page locale. Confirm intent before rewriting."
"local medical clinic","ro","Romania","2642","https://www.myglobalhealth.online/romania/ro","GSC visible query","","","","","P2","Observed owner; query language may differ from page locale. Confirm intent before rewriting."
"luni sarcina","ro","Romania","2642","https://www.myglobalhealth.online/romania/ro/tools/due-date-calculator","GSC visible query","","","","","P2","Observed owner; query language may differ from page locale. Confirm intent before rewriting."
"lunile de sarcina","ro","Romania","2642","https://www.myglobalhealth.online/romania/ro/tools/due-date-calculator","GSC visible query","","","","","P2","Observed owner; query language may differ from page locale. Confirm intent before rewriting."
"lunile de sarcina pe saptamani","ro","Romania","2642","https://www.myglobalhealth.online/romania/ro/tools/due-date-calculator","GSC visible query","","","","","P2","Observed owner; query language may differ from page locale. Confirm intent before rewriting."
"masa corporala","ro","Romania","2642","https://www.myglobalhealth.online/romania/ro/tools/bmi-calculator","GSC visible query","","","","","P2","Observed owner; query language may differ from page locale. Confirm intent before rewriting."
"medic de familie online","ro","Romania","2642","https://www.myglobalhealth.online/romania/ro","GSC visible query","","","","","P2","Observed owner; query language may differ from page locale. Confirm intent before rewriting."
"medic ginecolog online","ro","Romania","2642","https://www.myglobalhealth.online/romania/ro","GSC visible query","","","","","P2","Observed owner; query language may differ from page locale. Confirm intent before rewriting."
"medic online","ro","Romania","2642","https://www.myglobalhealth.online/romania/ro","GSC visible query | research_ro","390","31","informational","1.58","P2","Observed owner; query language may differ from page locale. Confirm intent before rewriting."
"medic online gratis non stop","ro","Romania","2642","https://www.myglobalhealth.online/romania/ro","GSC visible query","","","","","P2","Observed owner; query language may differ from page locale. Confirm intent before rewriting."
"medic online romania","ro","Romania","2642","https://www.myglobalhealth.online/romania/ro","GSC visible query","","","","","P2","Observed owner; query language may differ from page locale. Confirm intent before rewriting."
"medic pediatru online","ro","Romania","2642","https://www.myglobalhealth.online/romania/ro/services/consultatie-pediatrie","GSC visible query | research_ro","","","","","P1","Romanian query reassigned to Romanian specialist owner; original landing URL retained in raw GSC"
"medical appointment","en","Romania","2642","https://www.myglobalhealth.online/romania/en","GSC visible query","","","","","P2","Observed owner; query language may differ from page locale. Confirm intent before rewriting."
"medical consultation","en","Romania","2642","https://www.myglobalhealth.online/romania/en","GSC visible query","","","","","P2","Observed owner; query language may differ from page locale. Confirm intent before rewriting."
"medical consultations","en","Romania","2642","https://www.myglobalhealth.online/romania/en","GSC visible query","","","","","P2","Observed owner; query language may differ from page locale. Confirm intent before rewriting."
"medical doctor online consultation","en","Romania","2642","https://www.myglobalhealth.online/romania/en","GSC visible query","","","","","P2","Observed owner; query language may differ from page locale. Confirm intent before rewriting."
"medical online","ro","Romania","2642","https://www.myglobalhealth.online/romania/ro","GSC visible query","","","","","P2","Observed owner; query language may differ from page locale. Confirm intent before rewriting."
"medical testing","en","Romania","2642","https://www.myglobalhealth.online/romania/en/lab-tests","GSC visible query","","","","","P2","Observed owner; query language may differ from page locale. Confirm intent before rewriting."
"medical website","en","Romania","2642","https://www.myglobalhealth.online/romania/en","GSC visible query","","","","","P2","Observed owner; query language may differ from page locale. Confirm intent before rewriting."
"medicala 3 programare online","ro","Romania","2642","https://www.myglobalhealth.online/romania/ro","GSC visible query","","","","","P2","Observed owner; query language may differ from page locale. Confirm intent before rewriting."
"medici online","ro","Romania","2642","https://www.myglobalhealth.online/romania/ro","GSC visible query","","","","","P2","Observed owner; query language may differ from page locale. Confirm intent before rewriting."
"medici online 24 ore su 24 gratis","en","Romania","2642","https://www.myglobalhealth.online/romania/en","GSC visible query","","","","","P2","Observed owner; query language may differ from page locale. Confirm intent before rewriting."
"medici romania","ro","Romania","2642","https://www.myglobalhealth.online/romania/ro","GSC visible query","","","","","P2","Observed owner; query language may differ from page locale. Confirm intent before rewriting."
"medicina general consulta","es","Romania","2642","https://www.myglobalhealth.online/romania/es","GSC visible query","","","","","P2","Observed owner; query language may differ from page locale. Confirm intent before rewriting."
"medicina online","ro","Romania","2642","https://www.myglobalhealth.online/romania/ro","GSC visible query","","","","","P2","Observed owner; query language may differ from page locale. Confirm intent before rewriting."
"medicine doctor","en","Romania","2642","https://www.myglobalhealth.online/romania/en","GSC visible query","","","","","P2","Observed owner; query language may differ from page locale. Confirm intent before rewriting."
"medicine online","en","Romania","2642","https://www.myglobalhealth.online/romania/en","GSC visible query","","","","","P2","Observed owner; query language may differ from page locale. Confirm intent before rewriting."
"medico","es","Romania","2642","https://www.myglobalhealth.online/romania/es","GSC visible query","","","","","P2","Observed owner; query language may differ from page locale. Confirm intent before rewriting."
"medicos online","es","Romania","2642","https://www.myglobalhealth.online/romania/es","GSC visible query","","","","","P2","Observed owner; query language may differ from page locale. Confirm intent before rewriting."
"medlineplus low blood pressure 90/60","en","Romania","2642","https://www.myglobalhealth.online/romania/en/blog/low-blood-pressure-why-it-happens-what-to-do-right-away-and-when-not-to-wait","GSC visible query","","","","","P2","Observed owner; query language may differ from page locale. Confirm intent before rewriting."
"medlineplus low blood pressure 90/60 definition","en","Romania","2642","https://www.myglobalhealth.online/romania/en/blog/low-blood-pressure-why-it-happens-what-to-do-right-away-and-when-not-to-wait","GSC visible query","","","","","P2","Observed owner; query language may differ from page locale. Confirm intent before rewriting."
"medlineplus low blood pressure 90/60 symptoms emergency","en","Romania","2642","https://www.myglobalhealth.online/romania/en/blog/low-blood-pressure-why-it-happens-what-to-do-right-away-and-when-not-to-wait","GSC visible query","","","","","P2","Observed owner; query language may differ from page locale. Confirm intent before rewriting."
"medlineplus low blood pressure below 90/60","en","Romania","2642","https://www.myglobalhealth.online/romania/en/blog/low-blood-pressure-why-it-happens-what-to-do-right-away-and-when-not-to-wait","GSC visible query","","","","","P2","Observed owner; query language may differ from page locale. Confirm intent before rewriting."
"medlineplus low blood pressure emergency symptoms fainting chest pain","en","Romania","2642","https://www.myglobalhealth.online/romania/en/blog/low-blood-pressure-why-it-happens-what-to-do-right-away-and-when-not-to-wait","GSC visible query","","","","","P2","Observed owner; query language may differ from page locale. Confirm intent before rewriting."
"medlineplus low blood pressure emergency symptoms fainting chest pain confusion","en","Romania","2642","https://www.myglobalhealth.online/romania/en/blog/low-blood-pressure-why-it-happens-what-to-do-right-away-and-when-not-to-wait","GSC visible query","","","","","P2","Observed owner; query language may differ from page locale. Confirm intent before rewriting."
"medlineplus low blood pressure emergency symptoms fainting confusion","en","Romania","2642","https://www.myglobalhealth.online/romania/en/blog/low-blood-pressure-why-it-happens-what-to-do-right-away-and-when-not-to-wait","GSC visible query","","","","","P2","Observed owner; query language may differ from page locale. Confirm intent before rewriting."
"medlineplus low blood pressure emergency symptoms official","en","Romania","2642","https://www.myglobalhealth.online/romania/en/blog/low-blood-pressure-why-it-happens-what-to-do-right-away-and-when-not-to-wait","GSC visible query","","","","","P2","Observed owner; query language may differ from page locale. Confirm intent before rewriting."
"medlineplus low blood pressure hypotension","en","Romania","2642","https://www.myglobalhealth.online/romania/en/blog/low-blood-pressure-why-it-happens-what-to-do-right-away-and-when-not-to-wait","GSC visible query","","","","","P2","Observed owner; query language may differ from page locale. Confirm intent before rewriting."
"medlineplus low blood pressure hypotension symptoms emergency","en","Romania","2642","https://www.myglobalhealth.online/romania/en/blog/low-blood-pressure-why-it-happens-what-to-do-right-away-and-when-not-to-wait","GSC visible query","","","","","P2","Observed owner; query language may differ from page locale. Confirm intent before rewriting."
"medlineplus low blood pressure less than 90/60","en","Romania","2642","https://www.myglobalhealth.online/romania/en/blog/low-blood-pressure-why-it-happens-what-to-do-right-away-and-when-not-to-wait","GSC visible query","","","","","P2","Observed owner; query language may differ from page locale. Confirm intent before rewriting."
"medlineplus low blood pressure less than 90/60 definition","en","Romania","2642","https://www.myglobalhealth.online/romania/en/blog/low-blood-pressure-why-it-happens-what-to-do-right-away-and-when-not-to-wait","GSC visible query","","","","","P2","Observed owner; query language may differ from page locale. Confirm intent before rewriting."
"medlineplus low blood pressure symptoms cold clammy skin","en","Romania","2642","https://www.myglobalhealth.online/romania/en/blog/low-blood-pressure-why-it-happens-what-to-do-right-away-and-when-not-to-wait","GSC visible query","","","","","P2","Observed owner; query language may differ from page locale. Confirm intent before rewriting."
"model scrisoare medicala medic de familie","ro","Romania","2642","https://www.myglobalhealth.online/romania/ro/blog/scrisoare-medicala-cine-o-elibereaza","GSC visible query","","","","","P2","Observed owner; query language may differ from page locale. Confirm intent before rewriting."
"my doctors","en","Romania","2642","https://www.myglobalhealth.online/romania/en","GSC visible query","","","","","P2","Observed owner; query language may differ from page locale. Confirm intent before rewriting."
"my global health","ro","Romania","2642","https://www.myglobalhealth.online/romania/ro/faq","GSC visible query","","","","","P2","Observed owner; query language may differ from page locale. Confirm intent before rewriting."
"necesar caloric","ro","Romania","2642","https://www.myglobalhealth.online/romania/ro/tools/calorie-calculator","GSC visible query","","","","","P2","Observed owner; query language may differ from page locale. Confirm intent before rewriting."
"necesar caloric calculator","ro","Romania","2642","https://www.myglobalhealth.online/romania/ro/tools/calorie-calculator","GSC visible query","","","","","P2","Observed owner; query language may differ from page locale. Confirm intent before rewriting."
"necesar caloric femei","ro","Romania","2642","https://www.myglobalhealth.online/romania/ro/tools/calorie-calculator","GSC visible query","","","","","P2","Observed owner; query language may differ from page locale. Confirm intent before rewriting."
"necesar calorii","ro","Romania","2642","https://www.myglobalhealth.online/romania/ro/tools/calorie-calculator","GSC visible query","","","","","P2","Observed owner; query language may differ from page locale. Confirm intent before rewriting."
"necesar calorii barbati","ro","Romania","2642","https://www.myglobalhealth.online/romania/ro/tools/calorie-calculator","GSC visible query","","","","","P2","Observed owner; query language may differ from page locale. Confirm intent before rewriting."
"necesar calorii zilnic","ro","Romania","2642","https://www.myglobalhealth.online/romania/ro/tools/calorie-calculator","GSC visible query","","","","","P2","Observed owner; query language may differ from page locale. Confirm intent before rewriting."
"necesarul zilnic de calorii","ro","Romania","2642","https://www.myglobalhealth.online/romania/ro/tools/calorie-calculator","GSC visible query","","","","","P2","Observed owner; query language may differ from page locale. Confirm intent before rewriting."
"nhlbi low blood pressure 90/60 symptoms","en","Romania","2642","https://www.myglobalhealth.online/romania/en/blog/low-blood-pressure-why-it-happens-what-to-do-right-away-and-when-not-to-wait","GSC visible query","","","","","P2","Observed owner; query language may differ from page locale. Confirm intent before rewriting."
"niveles normales de tensión","es","Romania","2642","https://www.myglobalhealth.online/romania/es/blog/presion-arterial-normal-guia-util-por-edad-sin-tablas-enganosas","GSC visible query","","","","","P2","Observed owner; query language may differ from page locale. Confirm intent before rewriting."
"normalan tlak","cs","Romania","2642","https://www.myglobalhealth.online/romania/cs/blog/normalni-krevni-tlak-podle-veku-uzitecny-pruvodce-bez-zavadejicich-tabulek","GSC visible query","","","","","P2","Observed owner; query language may differ from page locale. Confirm intent before rewriting."
"normaler blutdruck frau 65 jahre","de","Romania","2642","https://www.myglobalhealth.online/romania/de/blog/normaler-blutdruck-hilfreicher-leitfaden-nach-alter-ohne-irrefuhrende-tabellen","GSC visible query","","","","","P2","Observed owner; query language may differ from page locale. Confirm intent before rewriting."
"normalni tlak u zeny","cs","Romania","2642","https://www.myglobalhealth.online/romania/cs/blog/normalni-krevni-tlak-podle-veku-uzitecny-pruvodce-bez-zavadejicich-tabulek","GSC visible query","","","","","P2","Observed owner; query language may differ from page locale. Confirm intent before rewriting."
"normalni tlak zena","cs","Romania","2642","https://www.myglobalhealth.online/romania/cs/blog/normalni-krevni-tlak-podle-veku-uzitecny-pruvodce-bez-zavadejicich-tabulek","GSC visible query","","","","","P2","Observed owner; query language may differ from page locale. Confirm intent before rewriting."
"normwerte blutdruck who","de","Romania","2642","https://www.myglobalhealth.online/romania/de/blog/normaler-blutdruck-hilfreicher-leitfaden-nach-alter-ohne-irrefuhrende-tabellen","GSC visible query","","","","","P2","Observed owner; query language may differ from page locale. Confirm intent before rewriting."
"normální krevní tlak","cs","Romania","2642","https://www.myglobalhealth.online/romania/cs/blog/normalni-krevni-tlak-podle-veku-uzitecny-pruvodce-bez-zavadejicich-tabulek","GSC visible query","","","","","P2","Observed owner; query language may differ from page locale. Confirm intent before rewriting."
"normální tlak","cs","Romania","2642","https://www.myglobalhealth.online/romania/cs/blog/normalni-krevni-tlak-podle-veku-uzitecny-pruvodce-bez-zavadejicich-tabulek","GSC visible query","","","","","P2","Observed owner; query language may differ from page locale. Confirm intent before rewriting."
"normální tlak krve","cs","Romania","2642","https://www.myglobalhealth.online/romania/cs/blog/normalni-krevni-tlak-podle-veku-uzitecny-pruvodce-bez-zavadejicich-tabulek","GSC visible query","","","","","P2","Observed owner; query language may differ from page locale. Confirm intent before rewriting."
"normální tlak podle věku","cs","Romania","2642","https://www.myglobalhealth.online/romania/cs/blog/normalni-krevni-tlak-podle-veku-uzitecny-pruvodce-bez-zavadejicich-tabulek","GSC visible query","","","","","P2","Observed owner; query language may differ from page locale. Confirm intent before rewriting."
"normální tlak člověka","cs","Romania","2642","https://www.myglobalhealth.online/romania/cs/blog/normalni-krevni-tlak-podle-veku-uzitecny-pruvodce-bez-zavadejicich-tabulek","GSC visible query","","","","","P2","Observed owner; query language may differ from page locale. Confirm intent before rewriting."
"nízký tlak příznaky","cs","Romania","2642","https://www.myglobalhealth.online/romania/cs/blog/nizky-krevni-tlak-proc-se-objevuje-co-delat-hned-a-kdy-uz-necekat","GSC visible query","","","","","P2","Observed owner; query language may differ from page locale. Confirm intent before rewriting."
"on call doctor","en","Romania","2642","https://www.myglobalhealth.online/romania/en","GSC visible query","","","","","P2","Observed owner; query language may differ from page locale. Confirm intent before rewriting."
"online doctor","en","Romania","2642","https://www.myglobalhealth.online/romania/en","GSC visible query","","","","","P2","Observed owner; query language may differ from page locale. Confirm intent before rewriting."
"online doctor appointment","ro","Romania","2642","https://www.myglobalhealth.online/romania/ro","GSC visible query","","","","","P2","Observed owner; query language may differ from page locale. Confirm intent before rewriting."
"online doctor chat","en","Romania","2642","https://www.myglobalhealth.online/romania/en","GSC visible query","","","","","P2","Observed owner; query language may differ from page locale. Confirm intent before rewriting."
"online doctor prescription","en","Romania","2642","https://www.myglobalhealth.online/romania/en","GSC visible query","","","","","P2","Observed owner; query language may differ from page locale. Confirm intent before rewriting."
"online doctor service","en","Romania","2642","https://www.myglobalhealth.online/romania/en","GSC visible query","","","","","P2","Observed owner; query language may differ from page locale. Confirm intent before rewriting."
"online doctors appointment","en","Romania","2642","https://www.myglobalhealth.online/romania/en","GSC visible query","","","","","P2","Observed owner; query language may differ from page locale. Confirm intent before rewriting."
"online medical help","en","Romania","2642","https://www.myglobalhealth.online/romania/en","GSC visible query","","","","","P2","Observed owner; query language may differ from page locale. Confirm intent before rewriting."
"onlinemedical","en","Romania","2642","https://www.myglobalhealth.online/romania/en","GSC visible query","","","","","P2","Observed owner; query language may differ from page locale. Confirm intent before rewriting."
"optimální krevní tlak podle věku","cs","Romania","2642","https://www.myglobalhealth.online/romania/cs/blog/normalni-krevni-tlak-podle-veku-uzitecny-pruvodce-bez-zavadejicich-tabulek","GSC visible query","","","","","P2","Observed owner; query language may differ from page locale. Confirm intent before rewriting."
"ovulatia calculator","ro","Romania","2642","https://www.myglobalhealth.online/romania/ro/tools/ovulation-calculator","GSC visible query","","","","","P2","Observed owner; query language may differ from page locale. Confirm intent before rewriting."
"ovulační kalkulačka","cs","Romania","2642","https://www.myglobalhealth.online/romania/cs/tools/due-date-calculator","GSC visible query","","","","","P2","Observed owner; query language may differ from page locale. Confirm intent before rewriting."
"platforma medicala online","ro","Romania","2642","https://www.myglobalhealth.online/romania/ro","GSC visible query","","","","","P2","Observed owner; query language may differ from page locale. Confirm intent before rewriting."
"professional doctor","en","Romania","2642","https://www.myglobalhealth.online/romania/en","GSC visible query","","","","","P2","Observed owner; query language may differ from page locale. Confirm intent before rewriting."
"programare doctor","ro","Romania","2642","https://www.myglobalhealth.online/romania/ro","GSC visible query","","","","","P2","Observed owner; query language may differ from page locale. Confirm intent before rewriting."
"programare doctor online","ro","Romania","2642","https://www.myglobalhealth.online/romania/ro","GSC visible query","","","","","P2","Observed owner; query language may differ from page locale. Confirm intent before rewriting."
"programare medic online","ro","Romania","2642","https://www.myglobalhealth.online/romania/ro","GSC visible query","","","","","P2","Observed owner; query language may differ from page locale. Confirm intent before rewriting."
"programare online medic","ro","Romania","2642","https://www.myglobalhealth.online/romania/ro","GSC visible query","","","","","P2","Observed owner; query language may differ from page locale. Confirm intent before rewriting."
"programare online medic de familie","ro","Romania","2642","https://www.myglobalhealth.online/romania/ro","GSC visible query","","","","","P2","Observed owner; query language may differ from page locale. Confirm intent before rewriting."
"promluvte si s lékařem","cs","Romania","2642","https://www.myglobalhealth.online/romania/cs","GSC visible query","","","","","P2","Observed owner; query language may differ from page locale. Confirm intent before rewriting."
"romania doctor","en","Romania","2642","https://www.myglobalhealth.online/romania/en","GSC visible query","","","","","P2","Observed owner; query language may differ from page locale. Confirm intent before rewriting."
"romania doctors","ro","Romania","2642","https://www.myglobalhealth.online/romania/ro","GSC visible query","","","","","P2","Observed owner; query language may differ from page locale. Confirm intent before rewriting."
"romania medical test","en","Romania","2642","https://www.myglobalhealth.online/romania/en/lab-tests","GSC visible query","","","","","P2","Observed owner; query language may differ from page locale. Confirm intent before rewriting."
"romanian doctor","en","Romania","2642","https://www.myglobalhealth.online/romania/en","GSC visible query","","","","","P2","Observed owner; query language may differ from page locale. Confirm intent before rewriting."
"romanian doctors","en","Romania","2642","https://www.myglobalhealth.online/romania/en","GSC visible query","","","","","P2","Observed owner; query language may differ from page locale. Confirm intent before rewriting."
"rumänische hausarzt in der nähe","de","Romania","2642","https://www.myglobalhealth.online/romania/de","GSC visible query","","","","","P2","Observed owner; query language may differ from page locale. Confirm intent before rewriting."
"saptamani de sarcina calcul","ro","Romania","2642","https://www.myglobalhealth.online/romania/ro/tools/due-date-calculator","GSC visible query","","","","","P2","Observed owner; query language may differ from page locale. Confirm intent before rewriting."
"saptamanile de sarcina","ro","Romania","2642","https://www.myglobalhealth.online/romania/ro/tools/due-date-calculator","GSC visible query","","","","","P2","Observed owner; query language may differ from page locale. Confirm intent before rewriting."
"saptamanile de sarcina in luni","ro","Romania","2642","https://www.myglobalhealth.online/romania/ro/tools/due-date-calculator","GSC visible query","","","","","P2","Observed owner; query language may differ from page locale. Confirm intent before rewriting."
"saptamanile in sarcina","ro","Romania","2642","https://www.myglobalhealth.online/romania/ro/tools/due-date-calculator","GSC visible query","","","","","P2","Observed owner; query language may differ from page locale. Confirm intent before rewriting."
"sarcina calculator","ro","Romania","2642","https://www.myglobalhealth.online/romania/ro/tools/due-date-calculator","GSC visible query","","","","","P2","Observed owner; query language may differ from page locale. Confirm intent before rewriting."
"sarcina pe luni","ro","Romania","2642","https://www.myglobalhealth.online/romania/ro/tools/due-date-calculator","GSC visible query","","","","","P2","Observed owner; query language may differ from page locale. Confirm intent before rewriting."
"sarcina pe luni si saptamani","ro","Romania","2642","https://www.myglobalhealth.online/romania/ro/tools/due-date-calculator","GSC visible query","","","","","P2","Observed owner; query language may differ from page locale. Confirm intent before rewriting."
"sarcina pe saptamani","ro","Romania","2642","https://www.myglobalhealth.online/romania/ro/tools/due-date-calculator","GSC visible query","","","","","P2","Observed owner; query language may differ from page locale. Confirm intent before rewriting."
"scade tensiunea imediat","ro","Romania","2642","https://www.myglobalhealth.online/romania/ro/blog/ce-scade-tensiunea-arteriala-rapid-sigur","GSC visible query","","","","","P2","Observed owner; query language may differ from page locale. Confirm intent before rewriting."
"scadere brusca de tensiune","ro","Romania","2642","https://www.myglobalhealth.online/romania/ro/blog/ce-scade-tensiunea-arteriala-rapid-sigur","GSC visible query","","","","","P2","Observed owner; query language may differ from page locale. Confirm intent before rewriting."
"scadere tensiune rapid","ro","Romania","2642","https://www.myglobalhealth.online/romania/ro/blog/ce-scade-tensiunea-arteriala-rapid-sigur","GSC visible query","","","","","P2","Observed owner; query language may differ from page locale. Confirm intent before rewriting."
"scrisoare medicala de la medicul specialist","ro","Romania","2642","https://www.myglobalhealth.online/romania/ro/blog/scrisoare-medicala-cine-o-elibereaza","GSC visible query | research_focused","","","","","P2","Observed owner; query language may differ from page locale. Confirm intent before rewriting."
"scrisoare medicala medic de familie","ro","Romania","2642","https://www.myglobalhealth.online/romania/ro/blog/scrisoare-medicala-cine-o-elibereaza","GSC visible query","","","","","P2","Observed owner; query language may differ from page locale. Confirm intent before rewriting."
"scrisoare medicala medic privat","ro","Romania","2642","https://www.myglobalhealth.online/romania/ro/blog/scrisoare-medicala-cine-o-elibereaza","GSC visible query","","","","","P2","Observed owner; query language may differ from page locale. Confirm intent before rewriting."
"scrisoare medicala model","ro","Romania","2642","https://www.myglobalhealth.online/romania/ro/blog/scrisoare-medicala-cine-o-elibereaza","GSC visible query","","","","","P2","Observed owner; query language may differ from page locale. Confirm intent before rewriting."
"servicios médicos","es","Romania","2642","https://www.myglobalhealth.online/romania/es","GSC visible query","","","","","P2","Observed owner; query language may differ from page locale. Confirm intent before rewriting."
"special doctor","en","Romania","2642","https://www.myglobalhealth.online/romania/en","GSC visible query","","","","","P2","Observed owner; query language may differ from page locale. Confirm intent before rewriting."
"správný krevní tlak podle věku","cs","Romania","2642","https://www.myglobalhealth.online/romania/cs/blog/normalni-krevni-tlak-podle-veku-uzitecny-pruvodce-bez-zavadejicich-tabulek","GSC visible query","","","","","P2","Observed owner; query language may differ from page locale. Confirm intent before rewriting."
"tabel imc","ro","Romania","2642","https://www.myglobalhealth.online/romania/ro/tools/bmi-calculator","GSC visible query","","","","","P2","Observed owner; query language may differ from page locale. Confirm intent before rewriting."
"tabel sarcina pe saptamani","ro","Romania","2642","https://www.myglobalhealth.online/romania/ro/tools/due-date-calculator","GSC visible query","","","","","P2","Observed owner; query language may differ from page locale. Confirm intent before rewriting."
"tabel tensiune dupa varsta","ro","Romania","2642","https://www.myglobalhealth.online/romania/ro/blog/tensiune-arteriala-normala-varsta-adulti","GSC visible query","","","","","P2","Observed owner; query language may differ from page locale. Confirm intent before rewriting."
"tabela de medição de tensão arterial","pt","Romania","2642","https://www.myglobalhealth.online/romania/pt/tools/blood-pressure-chart","GSC visible query","","","","","P2","Observed owner; query language may differ from page locale. Confirm intent before rewriting."
"tabla mujeres tension arterial normal","es","Romania","2642","https://www.myglobalhealth.online/romania/es/blog/presion-arterial-normal-guia-util-por-edad-sin-tablas-enganosas","GSC visible query","","","","","P2","Observed owner; query language may differ from page locale. Confirm intent before rewriting."
"tehotenska kalkulacka","cs","Romania","2642","https://www.myglobalhealth.online/romania/cs/tools/due-date-calculator","GSC visible query","","","","","P2","Observed owner; query language may differ from page locale. Confirm intent before rewriting."
"tension arterial normal","es","Romania","2642","https://www.myglobalhealth.online/romania/es/blog/presion-arterial-normal-guia-util-por-edad-sin-tablas-enganosas","GSC visible query","","","","","P2","Observed owner; query language may differ from page locale. Confirm intent before rewriting."
"tension arterial normal por edades","es","Romania","2642","https://www.myglobalhealth.online/romania/es/blog/presion-arterial-normal-guia-util-por-edad-sin-tablas-enganosas","GSC visible query","","","","","P2","Observed owner; query language may differ from page locale. Confirm intent before rewriting."
"tension arterial por edades","es","Romania","2642","https://www.myglobalhealth.online/romania/es/blog/presion-arterial-normal-guia-util-por-edad-sin-tablas-enganosas","GSC visible query","","","","","P2","Observed owner; query language may differ from page locale. Confirm intent before rewriting."
"tension normal por edades","es","Romania","2642","https://www.myglobalhealth.online/romania/es/blog/presion-arterial-normal-guia-util-por-edad-sin-tablas-enganosas","GSC visible query","","","","","P2","Observed owner; query language may differ from page locale. Confirm intent before rewriting."
"tension valores normales","es","Romania","2642","https://www.myglobalhealth.online/romania/es/blog/presion-arterial-normal-guia-util-por-edad-sin-tablas-enganosas","GSC visible query","","","","","P2","Observed owner; query language may differ from page locale. Confirm intent before rewriting."
"tensiune arteriala normala","ro","Romania","2642","https://www.myglobalhealth.online/romania/ro/blog/tensiune-arteriala-normala-varsta-adulti","GSC visible query","","","","","P2","Observed owner; query language may differ from page locale. Confirm intent before rewriting."
"tensiune normala","ro","Romania","2642","https://www.myglobalhealth.online/romania/ro/blog/tensiune-arteriala-normala-varsta-adulti","GSC visible query","","","","","P2","Observed owner; query language may differ from page locale. Confirm intent before rewriting."
"tensiune normala femei","ro","Romania","2642","https://www.myglobalhealth.online/romania/ro/blog/tensiune-arteriala-normala-varsta-adulti","GSC visible query","","","","","P2","Observed owner; query language may differ from page locale. Confirm intent before rewriting."
"tensiunea arteriala dupa varsta","ro","Romania","2642","https://www.myglobalhealth.online/romania/ro/blog/tensiune-arteriala-normala-varsta-adulti","GSC visible query","","","","","P2","Observed owner; query language may differ from page locale. Confirm intent before rewriting."
"tensiunea arteriala normala","ro","Romania","2642","https://www.myglobalhealth.online/romania/ro/blog/tensiune-arteriala-normala-varsta-adulti","GSC visible query","","","","","P2","Observed owner; query language may differ from page locale. Confirm intent before rewriting."
"tensiunea normala","ro","Romania","2642","https://www.myglobalhealth.online/romania/ro/blog/tensiune-arteriala-normala-varsta-adulti","GSC visible query","","","","","P2","Observed owner; query language may differ from page locale. Confirm intent before rewriting."
"tensiunea normala in functie de varsta tabel","ro","Romania","2642","https://www.myglobalhealth.online/romania/ro/blog/tensiune-arteriala-normala-varsta-adulti","GSC visible query","","","","","P2","Observed owner; query language may differ from page locale. Confirm intent before rewriting."
"tensiunea normala la adulti","ro","Romania","2642","https://www.myglobalhealth.online/romania/ro/blog/tensiune-arteriala-normala-varsta-adulti","GSC visible query","","","","","P2","Observed owner; query language may differ from page locale. Confirm intent before rewriting."
"tensión normal","es","Romania","2642","https://www.myglobalhealth.online/romania/es/blog/presion-arterial-normal-guia-util-por-edad-sin-tablas-enganosas","GSC visible query","","","","","P2","Observed owner; query language may differ from page locale. Confirm intent before rewriting."
"tensión normal mujer 50 años","es","Romania","2642","https://www.myglobalhealth.online/romania/es/blog/presion-arterial-normal-guia-util-por-edad-sin-tablas-enganosas","GSC visible query","","","","","P2","Observed owner; query language may differ from page locale. Confirm intent before rewriting."
"test adhd adulti gratis","ro","Romania","2642","https://www.myglobalhealth.online/romania/ro/tools/adhd-test","GSC visible query","","","","","P2","Observed owner; query language may differ from page locale. Confirm intent before rewriting."
"test adhd copii","ro","Romania","2642","https://www.myglobalhealth.online/romania/ro/tools/adhd-test","GSC visible query","","","","","P2","Observed owner; query language may differ from page locale. Confirm intent before rewriting."
"test adhd copii online","cs","Romania","2642","https://www.myglobalhealth.online/romania/cs/tools/adhd-test","GSC visible query","","","","","P2","Observed owner; query language may differ from page locale. Confirm intent before rewriting."
"test adhd gratuit","ro","Romania","2642","https://www.myglobalhealth.online/romania/ro/tools/adhd-test","GSC visible query","","","","","P2","Observed owner; query language may differ from page locale. Confirm intent before rewriting."
"test adhd in romana","cs","Romania","2642","https://www.myglobalhealth.online/romania/cs/tools/adhd-test","GSC visible query","","","","","P2","Observed owner; query language may differ from page locale. Confirm intent before rewriting."
"test de adhd gratis","ro","Romania","2642","https://www.myglobalhealth.online/romania/ro/tools/adhd-test","GSC visible query","","","","","P2","Observed owner; query language may differ from page locale. Confirm intent before rewriting."
"testadhd","ro","Romania","2642","https://www.myglobalhealth.online/romania/ro/tools/adhd-test","GSC visible query","","","","","P2","Observed owner; query language may differ from page locale. Confirm intent before rewriting."
"testare adhd","ro","Romania","2642","https://www.myglobalhealth.online/romania/ro/tools/adhd-test","GSC visible query","","","","","P2","Observed owner; query language may differ from page locale. Confirm intent before rewriting."
"testare adhd adulti","ro","Romania","2642","https://www.myglobalhealth.online/romania/ro/tools/adhd-test","GSC visible query","","","","","P2","Observed owner; query language may differ from page locale. Confirm intent before rewriting."
"teste adhd","cs","Romania","2642","https://www.myglobalhealth.online/romania/cs/tools/adhd-test","GSC visible query","","","","","P2","Observed owner; query language may differ from page locale. Confirm intent before rewriting."
"tlak hodnoty","cs","Romania","2642","https://www.myglobalhealth.online/romania/cs/blog/normalni-krevni-tlak-podle-veku-uzitecny-pruvodce-bez-zavadejicich-tabulek","GSC visible query","","","","","P2","Observed owner; query language may differ from page locale. Confirm intent before rewriting."
"tlak krve dle věku","cs","Romania","2642","https://www.myglobalhealth.online/romania/cs/blog/normalni-krevni-tlak-podle-veku-uzitecny-pruvodce-bez-zavadejicich-tabulek","GSC visible query","","","","","P2","Observed owner; query language may differ from page locale. Confirm intent before rewriting."
"tlak krve podle věku","cs","Romania","2642","https://www.myglobalhealth.online/romania/cs/blog/normalni-krevni-tlak-podle-veku-uzitecny-pruvodce-bez-zavadejicich-tabulek","GSC visible query","","","","","P2","Observed owner; query language may differ from page locale. Confirm intent before rewriting."
"tlak normální","cs","Romania","2642","https://www.myglobalhealth.online/romania/cs/blog/normalni-krevni-tlak-podle-veku-uzitecny-pruvodce-bez-zavadejicich-tabulek","GSC visible query","","","","","P2","Observed owner; query language may differ from page locale. Confirm intent before rewriting."
"tlak podle věku","cs","Romania","2642","https://www.myglobalhealth.online/romania/cs/blog/normalni-krevni-tlak-podle-veku-uzitecny-pruvodce-bez-zavadejicich-tabulek","GSC visible query","","","","","P2","Observed owner; query language may differ from page locale. Confirm intent before rewriting."
"travel doctor","ro","Romania","2642","https://www.myglobalhealth.online/romania/ro","GSC visible query","","","","","P2","Observed owner; query language may differ from page locale. Confirm intent before rewriting."
"trimestre sarcina","ro","Romania","2642","https://www.myglobalhealth.online/romania/ro/tools/due-date-calculator","GSC visible query","","","","","P2","Observed owner; query language may differ from page locale. Confirm intent before rewriting."
"valabilitate scrisoare medicala","ro","Romania","2642","https://www.myglobalhealth.online/romania/ro/blog/scrisoare-medicala-cine-o-elibereaza","GSC visible query","","","","","P2","Observed owner; query language may differ from page locale. Confirm intent before rewriting."
"valores de tensión arterial normales","es","Romania","2642","https://www.myglobalhealth.online/romania/es/blog/presion-arterial-normal-guia-util-por-edad-sin-tablas-enganosas","GSC visible query","","","","","P2","Observed owner; query language may differ from page locale. Confirm intent before rewriting."
"virtual doctor","en","Romania","2642","https://www.myglobalhealth.online/romania/en","GSC visible query","","","","","P2","Observed owner; query language may differ from page locale. Confirm intent before rewriting."
"vysoky tlak co delat","cs","Romania","2642","https://www.myglobalhealth.online/romania/cs/blog/jak-bezpecne-snizit-vysoky-tlak-rumunsko","GSC visible query","","","","","P2","Observed owner; query language may differ from page locale. Confirm intent before rewriting."
"welcher blutdruck ist normal in welchem alter","de","Romania","2642","https://www.myglobalhealth.online/romania/de/blog/normaler-blutdruck-hilfreicher-leitfaden-nach-alter-ohne-irrefuhrende-tabellen","GSC visible query","","","","","P2","Observed owner; query language may differ from page locale. Confirm intent before rewriting."
"what is the condition of low blood pressure measuring 90/60 mm hg or less? elevated blood pressure hypotension hypertension normal blood pressure","en","Romania","2642","https://www.myglobalhealth.online/romania/en/blog/low-blood-pressure-why-it-happens-what-to-do-right-away-and-when-not-to-wait","GSC visible query","","","","","P2","Observed owner; query language may differ from page locale. Confirm intent before rewriting."
"when is low blood pressure an emergency","en","Romania","2642","https://www.myglobalhealth.online/romania/en/blog/low-blood-pressure-why-it-happens-what-to-do-right-away-and-when-not-to-wait","GSC visible query","","","","","P2","Observed owner; query language may differ from page locale. Confirm intent before rewriting."
"www medic","ro","Romania","2642","https://www.myglobalhealth.online/romania/ro","GSC visible query","","","","","P2","Observed owner; query language may differ from page locale. Confirm intent before rewriting."
"zile fertile","ro","Romania","2642","https://www.myglobalhealth.online/romania/ro/tools/ovulation-calculator","GSC visible query","","","","","P2","Observed owner; query language may differ from page locale. Confirm intent before rewriting."
"zile fertile calculator","ro","Romania","2642","https://www.myglobalhealth.online/romania/ro/tools/ovulation-calculator","GSC visible query","","","","","P2","Observed owner; query language may differ from page locale. Confirm intent before rewriting."
"índice de masa corporal","es","Romania","2642","https://www.myglobalhealth.online/romania/es/tools/bmi-calculator","GSC visible query","","","","","P2","Observed owner; query language may differ from page locale. Confirm intent before rewriting."
"platforma consultatii online","ro","Romania","2642","https://www.myglobalhealth.online/romania/ro/services/medic-online-romania","research_ro","40","43","navigational","0.36","P1","Rule-mapped candidate; service scope checked, specific query meaning still governs use."
"intreaba un medic online","ro","Romania","2642","https://www.myglobalhealth.online/romania/ro/services/medic-online-romania","research_ro","30","","informational","1.71","P1","Rule-mapped candidate; service scope checked, specific query meaning still governs use."
"discuta cu un medic online","ro","Romania","2642","https://www.myglobalhealth.online/romania/ro/services/medic-online-romania","research_ro","20","","transactional","1.24","P1","Rule-mapped candidate; service scope checked, specific query meaning still governs use."
"ce face un medic pediatru","ro","Romania","2642","https://www.myglobalhealth.online/romania/ro/services/consultatie-pediatrie","research_ro","20","","informational","","P1","Rule-mapped candidate; service scope checked, specific query meaning still governs use."
"doctor online romania","ro","Romania","2642","https://www.myglobalhealth.online/romania/ro/services/medic-online-romania","research_ro","20","","navigational","3.29","P1","Rule-mapped candidate; service scope checked, specific query meaning still governs use."
"ce este un medic pediatru","ro","Romania","2642","https://www.myglobalhealth.online/romania/ro/services/consultatie-pediatrie","research_ro","10","","informational","","P1","Rule-mapped candidate; service scope checked, specific query meaning still governs use."
"pediatru online","ro","Romania","2642","https://www.myglobalhealth.online/romania/ro/services/consultatie-pediatrie","research_ro","","0","informational","","P1","Rule-mapped candidate; service scope checked, specific query meaning still governs use."
"consultatii online neurologie","ro","Romania","2642","https://www.myglobalhealth.online/romania/ro/services/consultatie-neurologie","research_ro","","","navigational","","P1","Rule-mapped candidate; service scope checked, specific query meaning still governs use."
"neurolog online","ro","Romania","2642","https://www.myglobalhealth.online/romania/ro/services/consultatie-neurologie","research_ro","","40","navigational","","P1","Rule-mapped candidate; service scope checked, specific query meaning still governs use."
"a doua opinie medicala","ro","Romania","2642","https://www.myglobalhealth.online/romania/ro/services/a-doua-opinie-medicala","research_ro | Editorial service label","90","0","informational","1.7","P1","Rule-mapped candidate; service scope checked, specific query meaning still governs use."
"a doua opinie medicala online","ro","Romania","2642","https://www.myglobalhealth.online/romania/ro/services/a-doua-opinie-medicala","research_ro","30","","informational","0.69","P1","Rule-mapped candidate; service scope checked, specific query meaning still governs use."
"consultatie online","ro","Romania","2642","https://www.myglobalhealth.online/romania/ro/services/medic-online-romania","research_ro","","21","navigational","","P1","Rule-mapped candidate; service scope checked, specific query meaning still governs use."
"alopecie areata","ro","Romania","2642","https://www.myglobalhealth.online/romania/ro/services/caderea-parului-online","research_focused","1900","5","informational","0.51","P1","Rule-mapped candidate; service scope checked, specific query meaning still governs use."
"caderea parului","ro","Romania","2642","https://www.myglobalhealth.online/romania/ro/services/caderea-parului-online","research_focused","1600","5","informational","0.58","P1","Rule-mapped candidate; service scope checked, specific query meaning still governs use."
"caderea parului cauze","ro","Romania","2642","https://www.myglobalhealth.online/romania/ro/services/caderea-parului-online","research_focused","590","0","informational","0.27","P1","Rule-mapped candidate; service scope checked, specific query meaning still governs use."
"caderea parului tratament","ro","Romania","2642","https://www.myglobalhealth.online/romania/ro/services/caderea-parului-online","research_focused","390","0","informational","0.62","P1","Rule-mapped candidate; service scope checked, specific query meaning still governs use."
"alopecie femei","ro","Romania","2642","https://www.myglobalhealth.online/romania/ro/services/caderea-parului-online","research_focused","390","0","informational","0.25","P1","Rule-mapped candidate; service scope checked, specific query meaning still governs use."
"caderea parului la femei","ro","Romania","2642","https://www.myglobalhealth.online/romania/ro/services/caderea-parului-online","research_focused","320","0","informational","0.53","P1","Rule-mapped candidate; service scope checked, specific query meaning still governs use."
"analize pentru caderea parului","ro","Romania","2642","https://www.myglobalhealth.online/romania/ro/services/caderea-parului-online","research_focused","320","0","informational","0.3","P1","Rule-mapped candidate; service scope checked, specific query meaning still governs use."
"tratament alopecie femei","ro","Romania","2642","https://www.myglobalhealth.online/romania/ro/services/caderea-parului-online","research_focused","320","0","informational","0.58","P1","Rule-mapped candidate; service scope checked, specific query meaning still governs use."
"ce boli ascunde caderea parului","ro","Romania","2642","https://www.myglobalhealth.online/romania/ro/services/caderea-parului-online","research_focused","260","0","informational","0.34","P1","Rule-mapped candidate; service scope checked, specific query meaning still governs use."
"alopecie tratament","ro","Romania","2642","https://www.myglobalhealth.online/romania/ro/services/caderea-parului-online","research_focused","210","0","informational","0.36","P1","Rule-mapped candidate; service scope checked, specific query meaning still governs use."
"alopecie areata femei","ro","Romania","2642","https://www.myglobalhealth.online/romania/ro/services/caderea-parului-online","research_focused","210","0","informational","0.41","P1","Rule-mapped candidate; service scope checked, specific query meaning still governs use."
"tratament pentru caderea parului la femei","ro","Romania","2642","https://www.myglobalhealth.online/romania/ro/services/caderea-parului-online","research_focused","140","0","informational","0.59","P1","Rule-mapped candidate; service scope checked, specific query meaning still governs use."
"caderea parului la barbati","ro","Romania","2642","https://www.myglobalhealth.online/romania/ro/services/caderea-parului-online","research_focused","90","0","informational","0.52","P1","Rule-mapped candidate; service scope checked, specific query meaning still governs use."
"tratament caderea parului femei","ro","Romania","2642","https://www.myglobalhealth.online/romania/ro/services/caderea-parului-online","research_focused","90","0","informational","0.61","P1","Rule-mapped candidate; service scope checked, specific query meaning still governs use."
"caderea parului la barbati 20 de ani","ro","Romania","2642","https://www.myglobalhealth.online/romania/ro/services/caderea-parului-online","research_focused","40","0","informational","0.98","P1","Rule-mapped candidate; service scope checked, specific query meaning still governs use."
"tratament pentru caderea parului la barbati","ro","Romania","2642","https://www.myglobalhealth.online/romania/ro/services/caderea-parului-online","research_focused","40","0","transactional","0.58","P1","Rule-mapped candidate; service scope checked, specific query meaning still governs use."
"caderea parului cauze femei","ro","Romania","2642","https://www.myglobalhealth.online/romania/ro/services/caderea-parului-online","research_focused","20","8","informational","0.59","P1","Rule-mapped candidate; service scope checked, specific query meaning still governs use."
"caderea parului la femei cauze si tratament","ro","Romania","2642","https://www.myglobalhealth.online/romania/ro/services/caderea-parului-online","research_focused","10","","commercial","0.28","P1","Rule-mapped candidate; service scope checked, specific query meaning still governs use."
"caderea parului cauze barbati","ro","Romania","2642","https://www.myglobalhealth.online/romania/ro/services/caderea-parului-online","research_focused","10","","informational","","P1","Rule-mapped candidate; service scope checked, specific query meaning still governs use."
"caderea parului la barbati tratament","ro","Romania","2642","https://www.myglobalhealth.online/romania/ro/services/caderea-parului-online","research_focused","10","0","transactional","0.43","P1","Rule-mapped candidate; service scope checked, specific query meaning still governs use."
"tipuri de alopecie femei","ro","Romania","2642","https://www.myglobalhealth.online/romania/ro/services/caderea-parului-online","research_focused","","","informational","","P1","Rule-mapped candidate; service scope checked, specific query meaning still governs use."
"medicina de familie","ro","Romania","2642","https://www.myglobalhealth.online/romania/ro/services/medic-online-romania","research_focused","","2","informational","","P1","Rule-mapped candidate; service scope checked, specific query meaning still governs use."
"controlul greutatii","ro","Romania","2642","https://www.myglobalhealth.online/romania/ro/services/controlul-greutatii","research_focused","40","40","informational","0.12","P1","Rule-mapped candidate; service scope checked, specific query meaning still governs use."
"controlul greutatii corporale","ro","Romania","2642","https://www.myglobalhealth.online/romania/ro/services/controlul-greutatii","research_focused","10","","informational","0.09","P1","Rule-mapped candidate; service scope checked, specific query meaning still governs use."
"cine elibereaza scrisoarea medicala","ro","Romania","2642","https://www.myglobalhealth.online/romania/ro/blog/scrisoare-medicala-cine-o-elibereaza","research_focused","30","0","informational","","P2","Rule-mapped candidate; service scope checked, specific query meaning still governs use."
"Druhý lékařský názor","cs","Romania","2642","https://www.myglobalhealth.online/romania/cs/services/a-doua-opinie-medicala","Editorial service label","","","","","P1","Proposed page intent; no search-volume claim"
"Kontrola chronických onemocnění","cs","Romania","2642","https://www.myglobalhealth.online/romania/cs/services/boli-cronice-online","Editorial service label","","","","","P1","Proposed page intent; no search-volume claim"
"Posouzení vypadávání vlasů","cs","Romania","2642","https://www.myglobalhealth.online/romania/cs/services/caderea-parului-online","Editorial service label","","","","","P1","Proposed page intent; no search-volume claim"
"Prvotní posouzení kožních potíží","cs","Romania","2642","https://www.myglobalhealth.online/romania/cs/services/consultatie-dermatologica","Editorial service label","","","","","P1","Proposed page intent; no search-volume claim"
"Online neurologická konzultace","cs","Romania","2642","https://www.myglobalhealth.online/romania/cs/services/consultatie-neurologie","Editorial service label","","","","","P1","Proposed page intent; no search-volume claim"
"Online konzultace s pediatrem","cs","Romania","2642","https://www.myglobalhealth.online/romania/cs/services/consultatie-pediatrie","Editorial service label","","","","","P1","Proposed page intent; no search-volume claim"
"Lékařská konzultace ke kontrole hmotnosti","cs","Romania","2642","https://www.myglobalhealth.online/romania/cs/services/controlul-greutatii","Editorial service label","","","","","P1","Proposed page intent; no search-volume claim"
"Posouzení bolesti svalů a kloubů","cs","Romania","2642","https://www.myglobalhealth.online/romania/cs/services/dureri-musculo-scheletice","Editorial service label","","","","","P1","Proposed page intent; no search-volume claim"
"Online lékařská konzultace","cs","Romania","2642","https://www.myglobalhealth.online/romania/cs/services/medic-online-romania","Editorial service label","","","","","P1","Proposed page intent; no search-volume claim"
"Všeobecná konzultace pro děti","cs","Romania","2642","https://www.myglobalhealth.online/romania/cs/services/medic-pediatru-online","Editorial service label","","","","","P1","Proposed page intent; no search-volume claim"
"Lékařská konzultace před cestou","cs","Romania","2642","https://www.myglobalhealth.online/romania/cs/services/medicina-calatoriei","Editorial service label","","","","","P1","Proposed page intent; no search-volume claim"
"Posouzení pokračování léčby","cs","Romania","2642","https://www.myglobalhealth.online/romania/cs/services/reinnoire-tratament","Editorial service label","","","","","P1","Proposed page intent; no search-volume claim"
"Všeobecné posouzení duševního zdraví","cs","Romania","2642","https://www.myglobalhealth.online/romania/cs/services/sanatate-mintala-online","Editorial service label","","","","","P1","Proposed page intent; no search-volume claim"
"Konzultace mužského zdraví","cs","Romania","2642","https://www.myglobalhealth.online/romania/cs/services/sanatatea-barbatului-online","Editorial service label","","","","","P1","Proposed page intent; no search-volume claim"
"Konzultace ženského zdraví","cs","Romania","2642","https://www.myglobalhealth.online/romania/cs/services/sanatatea-femeii-online","Editorial service label","","","","","P1","Proposed page intent; no search-volume claim"
"Doporučení k vyšetřením a odborné péči","cs","Romania","2642","https://www.myglobalhealth.online/romania/cs/services/trimiteri-si-investigatii","Editorial service label","","","","","P1","Proposed page intent; no search-volume claim"
"Zweite ärztliche Meinung","de","Romania","2642","https://www.myglobalhealth.online/romania/de/services/a-doua-opinie-medicala","Editorial service label","","","","","P1","Proposed page intent; no search-volume claim"
"Beratung bei chronischen Erkrankungen","de","Romania","2642","https://www.myglobalhealth.online/romania/de/services/boli-cronice-online","Editorial service label","","","","","P1","Proposed page intent; no search-volume claim"
"Beratung bei Haarausfall","de","Romania","2642","https://www.myglobalhealth.online/romania/de/services/caderea-parului-online","Editorial service label","","","","","P1","Proposed page intent; no search-volume claim"
"Erste Einschätzung von Hautproblemen","de","Romania","2642","https://www.myglobalhealth.online/romania/de/services/consultatie-dermatologica","Editorial service label","","","","","P1","Proposed page intent; no search-volume claim"
"Neurologische Onlineberatung","de","Romania","2642","https://www.myglobalhealth.online/romania/de/services/consultatie-neurologie","Editorial service label","","","","","P1","Proposed page intent; no search-volume claim"
"Onlineberatung beim Kinderarzt","de","Romania","2642","https://www.myglobalhealth.online/romania/de/services/consultatie-pediatrie","Editorial service label","","","","","P1","Proposed page intent; no search-volume claim"
"Ärztliche Beratung zum Gewicht","de","Romania","2642","https://www.myglobalhealth.online/romania/de/services/controlul-greutatii","Editorial service label","","","","","P1","Proposed page intent; no search-volume claim"
"Beratung bei Muskel- und Gelenkschmerzen","de","Romania","2642","https://www.myglobalhealth.online/romania/de/services/dureri-musculo-scheletice","Editorial service label","","","","","P1","Proposed page intent; no search-volume claim"
"Ärztliche Onlineberatung","de","Romania","2642","https://www.myglobalhealth.online/romania/de/services/medic-online-romania","Editorial service label","","","","","P1","Proposed page intent; no search-volume claim"
"Allgemeinmedizinische Beratung für Kinder","de","Romania","2642","https://www.myglobalhealth.online/romania/de/services/medic-pediatru-online","Editorial service label","","","","","P1","Proposed page intent; no search-volume claim"
"Reisemedizinische Beratung","de","Romania","2642","https://www.myglobalhealth.online/romania/de/services/medicina-calatoriei","Editorial service label","","","","","P1","Proposed page intent; no search-volume claim"
"Überprüfung einer laufenden Behandlung","de","Romania","2642","https://www.myglobalhealth.online/romania/de/services/reinnoire-tratament","Editorial service label","","","","","P1","Proposed page intent; no search-volume claim"
"Allgemeine Beratung zur psychischen Gesundheit","de","Romania","2642","https://www.myglobalhealth.online/romania/de/services/sanatate-mintala-online","Editorial service label","","","","","P1","Proposed page intent; no search-volume claim"
"Beratung zur Männergesundheit","de","Romania","2642","https://www.myglobalhealth.online/romania/de/services/sanatatea-barbatului-online","Editorial service label","","","","","P1","Proposed page intent; no search-volume claim"
"Beratung zur Frauengesundheit","de","Romania","2642","https://www.myglobalhealth.online/romania/de/services/sanatatea-femeii-online","Editorial service label","","","","","P1","Proposed page intent; no search-volume claim"
"Beratung zu Untersuchungen und Überweisungen","de","Romania","2642","https://www.myglobalhealth.online/romania/de/services/trimiteri-si-investigatii","Editorial service label","","","","","P1","Proposed page intent; no search-volume claim"
"Second medical opinion","en","Romania","2642","https://www.myglobalhealth.online/romania/en/services/a-doua-opinie-medicala","Editorial service label","","","","","P1","Proposed page intent; no search-volume claim"
"Chronic condition review","en","Romania","2642","https://www.myglobalhealth.online/romania/en/services/boli-cronice-online","Editorial service label","","","","","P1","Proposed page intent; no search-volume claim"
"Hair loss assessment","en","Romania","2642","https://www.myglobalhealth.online/romania/en/services/caderea-parului-online","Editorial service label","","","","","P1","Proposed page intent; no search-volume claim"
"Initial skin assessment","en","Romania","2642","https://www.myglobalhealth.online/romania/en/services/consultatie-dermatologica","Editorial service label","","","","","P1","Proposed page intent; no search-volume claim"
"Online neurology consultation","en","Romania","2642","https://www.myglobalhealth.online/romania/en/services/consultatie-neurologie","Editorial service label","","","","","P1","Proposed page intent; no search-volume claim"
"Online pediatrician consultation","en","Romania","2642","https://www.myglobalhealth.online/romania/en/services/consultatie-pediatrie","Editorial service label","","","","","P1","Proposed page intent; no search-volume claim"
"Medical weight management review","en","Romania","2642","https://www.myglobalhealth.online/romania/en/services/controlul-greutatii","Editorial service label","","","","","P1","Proposed page intent; no search-volume claim"
"Muscle and joint pain assessment","en","Romania","2642","https://www.myglobalhealth.online/romania/en/services/dureri-musculo-scheletice","Editorial service label","","","","","P1","Proposed page intent; no search-volume claim"
"Online medical consultation","en","Romania","2642","https://www.myglobalhealth.online/romania/en/services/medic-online-romania","Editorial service label","","","","","P1","Proposed page intent; no search-volume claim"
"General medical consultation for children","en","Romania","2642","https://www.myglobalhealth.online/romania/en/services/medic-pediatru-online","Editorial service label","","","","","P1","Proposed page intent; no search-volume claim"
"Pre-travel medical consultation","en","Romania","2642","https://www.myglobalhealth.online/romania/en/services/medicina-calatoriei","Editorial service label","","","","","P1","Proposed page intent; no search-volume claim"
"Treatment renewal review","en","Romania","2642","https://www.myglobalhealth.online/romania/en/services/reinnoire-tratament","Editorial service label","","","","","P1","Proposed page intent; no search-volume claim"
"General mental health assessment","en","Romania","2642","https://www.myglobalhealth.online/romania/en/services/sanatate-mintala-online","Editorial service label","","","","","P1","Proposed page intent; no search-volume claim"
"Men’s health consultation","en","Romania","2642","https://www.myglobalhealth.online/romania/en/services/sanatatea-barbatului-online","Editorial service label","","","","","P1","Proposed page intent; no search-volume claim"
"Women’s health consultation","en","Romania","2642","https://www.myglobalhealth.online/romania/en/services/sanatatea-femeii-online","Editorial service label","","","","","P1","Proposed page intent; no search-volume claim"
"Tests and referral advice","en","Romania","2642","https://www.myglobalhealth.online/romania/en/services/trimiteri-si-investigatii","Editorial service label","","","","","P1","Proposed page intent; no search-volume claim"
"Segunda opinión médica","es","Romania","2642","https://www.myglobalhealth.online/romania/es/services/a-doua-opinie-medicala","Editorial service label","","","","","P1","Proposed page intent; no search-volume claim"
"Seguimiento de enfermedades crónicas","es","Romania","2642","https://www.myglobalhealth.online/romania/es/services/boli-cronice-online","Editorial service label","","","","","P1","Proposed page intent; no search-volume claim"
"Valoración de la caída del cabello","es","Romania","2642","https://www.myglobalhealth.online/romania/es/services/caderea-parului-online","Editorial service label","","","","","P1","Proposed page intent; no search-volume claim"
"Valoración inicial de problemas de piel","es","Romania","2642","https://www.myglobalhealth.online/romania/es/services/consultatie-dermatologica","Editorial service label","","","","","P1","Proposed page intent; no search-volume claim"
"Consulta de neurología online","es","Romania","2642","https://www.myglobalhealth.online/romania/es/services/consultatie-neurologie","Editorial service label","","","","","P1","Proposed page intent; no search-volume claim"
"Consulta con pediatra online","es","Romania","2642","https://www.myglobalhealth.online/romania/es/services/consultatie-pediatrie","Editorial service label","","","","","P1","Proposed page intent; no search-volume claim"
"Consulta médica sobre el peso","es","Romania","2642","https://www.myglobalhealth.online/romania/es/services/controlul-greutatii","Editorial service label","","","","","P1","Proposed page intent; no search-volume claim"
"Valoración del dolor muscular y articular","es","Romania","2642","https://www.myglobalhealth.online/romania/es/services/dureri-musculo-scheletice","Editorial service label","","","","","P1","Proposed page intent; no search-volume claim"
"Consulta médica online","es","Romania","2642","https://www.myglobalhealth.online/romania/es/services/medic-online-romania","Editorial service label","","","","","P1","Proposed page intent; no search-volume claim"
"Consulta de medicina general para niños","es","Romania","2642","https://www.myglobalhealth.online/romania/es/services/medic-pediatru-online","Editorial service label","","","","","P1","Proposed page intent; no search-volume claim"
"Consulta médica antes de viajar","es","Romania","2642","https://www.myglobalhealth.online/romania/es/services/medicina-calatoriei","Editorial service label","","","","","P1","Proposed page intent; no search-volume claim"
"Revisión para renovar un tratamiento","es","Romania","2642","https://www.myglobalhealth.online/romania/es/services/reinnoire-tratament","Editorial service label","","","","","P1","Proposed page intent; no search-volume claim"
"Valoración general de salud mental","es","Romania","2642","https://www.myglobalhealth.online/romania/es/services/sanatate-mintala-online","Editorial service label","","","","","P1","Proposed page intent; no search-volume claim"
"Consulta de salud del hombre","es","Romania","2642","https://www.myglobalhealth.online/romania/es/services/sanatatea-barbatului-online","Editorial service label","","","","","P1","Proposed page intent; no search-volume claim"
"Consulta de salud de la mujer","es","Romania","2642","https://www.myglobalhealth.online/romania/es/services/sanatatea-femeii-online","Editorial service label","","","","","P1","Proposed page intent; no search-volume claim"
"Orientación sobre pruebas y derivaciones","es","Romania","2642","https://www.myglobalhealth.online/romania/es/services/trimiteri-si-investigatii","Editorial service label","","","","","P1","Proposed page intent; no search-volume claim"
"Segunda opinião médica","pt","Romania","2642","https://www.myglobalhealth.online/romania/pt/services/a-doua-opinie-medicala","Editorial service label","","","","","P1","Proposed page intent; no search-volume claim"
"Acompanhamento de doenças crónicas","pt","Romania","2642","https://www.myglobalhealth.online/romania/pt/services/boli-cronice-online","Editorial service label","","","","","P1","Proposed page intent; no search-volume claim"
"Avaliação da queda de cabelo","pt","Romania","2642","https://www.myglobalhealth.online/romania/pt/services/caderea-parului-online","Editorial service label","","","","","P1","Proposed page intent; no search-volume claim"
"Avaliação inicial de problemas de pele","pt","Romania","2642","https://www.myglobalhealth.online/romania/pt/services/consultatie-dermatologica","Editorial service label","","","","","P1","Proposed page intent; no search-volume claim"
"Consulta de neurologia online","pt","Romania","2642","https://www.myglobalhealth.online/romania/pt/services/consultatie-neurologie","Editorial service label","","","","","P1","Proposed page intent; no search-volume claim"
"Consulta com pediatra online","pt","Romania","2642","https://www.myglobalhealth.online/romania/pt/services/consultatie-pediatrie","Editorial service label","","","","","P1","Proposed page intent; no search-volume claim"
"Consulta médica sobre o peso","pt","Romania","2642","https://www.myglobalhealth.online/romania/pt/services/controlul-greutatii","Editorial service label","","","","","P1","Proposed page intent; no search-volume claim"
"Avaliação de dores musculares e articulares","pt","Romania","2642","https://www.myglobalhealth.online/romania/pt/services/dureri-musculo-scheletice","Editorial service label","","","","","P1","Proposed page intent; no search-volume claim"
"Consulta médica online","pt","Romania","2642","https://www.myglobalhealth.online/romania/pt/services/medic-online-romania","Editorial service label","","","","","P1","Proposed page intent; no search-volume claim"
"Consulta de medicina geral para crianças","pt","Romania","2642","https://www.myglobalhealth.online/romania/pt/services/medic-pediatru-online","Editorial service label","","","","","P1","Proposed page intent; no search-volume claim"
"Consulta médica antes de viajar","pt","Romania","2642","https://www.myglobalhealth.online/romania/pt/services/medicina-calatoriei","Editorial service label","","","","","P1","Proposed page intent; no search-volume claim"
"Avaliação para renovar o tratamento","pt","Romania","2642","https://www.myglobalhealth.online/romania/pt/services/reinnoire-tratament","Editorial service label","","","","","P1","Proposed page intent; no search-volume claim"
"Avaliação geral de saúde mental","pt","Romania","2642","https://www.myglobalhealth.online/romania/pt/services/sanatate-mintala-online","Editorial service label","","","","","P1","Proposed page intent; no search-volume claim"
"Consulta de saúde do homem","pt","Romania","2642","https://www.myglobalhealth.online/romania/pt/services/sanatatea-barbatului-online","Editorial service label","","","","","P1","Proposed page intent; no search-volume claim"
"Consulta de saúde da mulher","pt","Romania","2642","https://www.myglobalhealth.online/romania/pt/services/sanatatea-femeii-online","Editorial service label","","","","","P1","Proposed page intent; no search-volume claim"
"Orientação sobre exames e referenciação","pt","Romania","2642","https://www.myglobalhealth.online/romania/pt/services/trimiteri-si-investigatii","Editorial service label","","","","","P1","Proposed page intent; no search-volume claim"
"Monitorizarea bolilor cronice","ro","Romania","2642","https://www.myglobalhealth.online/romania/ro/services/boli-cronice-online","Editorial service label","","","","","P1","Proposed page intent; no search-volume claim"
"Evaluare pentru căderea părului","ro","Romania","2642","https://www.myglobalhealth.online/romania/ro/services/caderea-parului-online","Editorial service label","","","","","P1","Proposed page intent; no search-volume claim"
"Evaluare inițială a problemelor de piele","ro","Romania","2642","https://www.myglobalhealth.online/romania/ro/services/consultatie-dermatologica","Editorial service label","","","","","P1","Proposed page intent; no search-volume claim"
"Consultație de neurologie online","ro","Romania","2642","https://www.myglobalhealth.online/romania/ro/services/consultatie-neurologie","Editorial service label","","","","","P1","Proposed page intent; no search-volume claim"
"Consultație cu medic pediatru online","ro","Romania","2642","https://www.myglobalhealth.online/romania/ro/services/consultatie-pediatrie","Editorial service label","","","","","P1","Proposed page intent; no search-volume claim"
"Consultație pentru controlul greutății","ro","Romania","2642","https://www.myglobalhealth.online/romania/ro/services/controlul-greutatii","Editorial service label","","","","","P1","Proposed page intent; no search-volume claim"
"Evaluarea durerilor musculare și articulare","ro","Romania","2642","https://www.myglobalhealth.online/romania/ro/services/dureri-musculo-scheletice","Editorial service label","","","","","P1","Proposed page intent; no search-volume claim"
"Consultație generală pentru copii","ro","Romania","2642","https://www.myglobalhealth.online/romania/ro/services/medic-pediatru-online","Editorial service label","","","","","P1","Proposed page intent; no search-volume claim"
"Consultație de medicină de călătorie","ro","Romania","2642","https://www.myglobalhealth.online/romania/ro/services/medicina-calatoriei","Editorial service label","","","","","P1","Proposed page intent; no search-volume claim"
"Evaluare pentru reînnoirea tratamentului","ro","Romania","2642","https://www.myglobalhealth.online/romania/ro/services/reinnoire-tratament","Editorial service label","","","","","P1","Proposed page intent; no search-volume claim"
"Evaluare generală a sănătății mintale","ro","Romania","2642","https://www.myglobalhealth.online/romania/ro/services/sanatate-mintala-online","Editorial service label","","","","","P1","Proposed page intent; no search-volume claim"
"Consultație pentru sănătatea bărbatului","ro","Romania","2642","https://www.myglobalhealth.online/romania/ro/services/sanatatea-barbatului-online","Editorial service label","","","","","P1","Proposed page intent; no search-volume claim"
"Consultație pentru sănătatea femeii","ro","Romania","2642","https://www.myglobalhealth.online/romania/ro/services/sanatatea-femeii-online","Editorial service label","","","","","P1","Proposed page intent; no search-volume claim"
"Orientare pentru investigații și trimiteri","ro","Romania","2642","https://www.myglobalhealth.online/romania/ro/services/trimiteri-si-investigatii","Editorial service label","","","","","P1","Proposed page intent; no search-volume claim"
"Dr Alexandra Palaga","cs","Romania","2642","https://www.myglobalhealth.online/romania/cs/doctors/dr-alexandra-palaga","Verified public roster","","","","","P1","Clinician-name intent; no measured query demand claimed"
"Dr Andreea Lorena Bica","cs","Romania","2642","https://www.myglobalhealth.online/romania/cs/doctors/dr-andreea-lorena-bica","Verified public roster","","","","","P1","Clinician-name intent; no measured query demand claimed"
"Dr Robert Gabriel Brindus","cs","Romania","2642","https://www.myglobalhealth.online/romania/cs/doctors/dr-robert-gabriel-brindus","Verified public roster","","","","","P1","Clinician-name intent; no measured query demand claimed"
"Dr Alexandra Palaga","de","Romania","2642","https://www.myglobalhealth.online/romania/de/doctors/dr-alexandra-palaga","Verified public roster","","","","","P1","Clinician-name intent; no measured query demand claimed"
"Dr Andreea Lorena Bica","de","Romania","2642","https://www.myglobalhealth.online/romania/de/doctors/dr-andreea-lorena-bica","Verified public roster","","","","","P1","Clinician-name intent; no measured query demand claimed"
"Dr Robert Gabriel Brindus","de","Romania","2642","https://www.myglobalhealth.online/romania/de/doctors/dr-robert-gabriel-brindus","Verified public roster","","","","","P1","Clinician-name intent; no measured query demand claimed"
"Dr Alexandra Palaga","en","Romania","2642","https://www.myglobalhealth.online/romania/en/doctors/dr-alexandra-palaga","Verified public roster","","","","","P1","Clinician-name intent; no measured query demand claimed"
"Dr Andreea Lorena Bica","en","Romania","2642","https://www.myglobalhealth.online/romania/en/doctors/dr-andreea-lorena-bica","Verified public roster","","","","","P1","Clinician-name intent; no measured query demand claimed"
"Dr Robert Gabriel Brindus","en","Romania","2642","https://www.myglobalhealth.online/romania/en/doctors/dr-robert-gabriel-brindus","Verified public roster","","","","","P1","Clinician-name intent; no measured query demand claimed"
"Dr Alexandra Palaga","es","Romania","2642","https://www.myglobalhealth.online/romania/es/doctors/dr-alexandra-palaga","Verified public roster","","","","","P1","Clinician-name intent; no measured query demand claimed"
"Dr Andreea Lorena Bica","es","Romania","2642","https://www.myglobalhealth.online/romania/es/doctors/dr-andreea-lorena-bica","Verified public roster","","","","","P1","Clinician-name intent; no measured query demand claimed"
"Dr Robert Gabriel Brindus","es","Romania","2642","https://www.myglobalhealth.online/romania/es/doctors/dr-robert-gabriel-brindus","Verified public roster","","","","","P1","Clinician-name intent; no measured query demand claimed"
"Dr Alexandra Palaga","pt","Romania","2642","https://www.myglobalhealth.online/romania/pt/doctors/dr-alexandra-palaga","Verified public roster","","","","","P1","Clinician-name intent; no measured query demand claimed"
"Dr Andreea Lorena Bica","pt","Romania","2642","https://www.myglobalhealth.online/romania/pt/doctors/dr-andreea-lorena-bica","Verified public roster","","","","","P1","Clinician-name intent; no measured query demand claimed"
"Dr Robert Gabriel Brindus","pt","Romania","2642","https://www.myglobalhealth.online/romania/pt/doctors/dr-robert-gabriel-brindus","Verified public roster","","","","","P1","Clinician-name intent; no measured query demand claimed"
"Dr Alexandra Palaga","ro","Romania","2642","https://www.myglobalhealth.online/romania/ro/doctors/dr-alexandra-palaga","Verified public roster","","","","","P1","Clinician-name intent; no measured query demand claimed"
"Dr Andreea Lorena Bica","ro","Romania","2642","https://www.myglobalhealth.online/romania/ro/doctors/dr-andreea-lorena-bica","Verified public roster","","","","","P1","Clinician-name intent; no measured query demand claimed"
"Dr Robert Gabriel Brindus","ro","Romania","2642","https://www.myglobalhealth.online/romania/ro/doctors/dr-robert-gabriel-brindus","Verified public roster","","","","","P1","Clinician-name intent; no measured query demand claimed"
