"url","locale","status","final_url","title","description","h1","word_count","canonical","robots","hreflang_count","faq_native_count","source","checked_at","sha256"
"https://www.myglobalhealth.online/romania/cs","cs","200","https://www.myglobalhealth.online/romania/cs","Online lékař Rumunsko | Registrovaní lékaři a specialisté","Promluvte si ještě dnes s registrovaným lékařem přes videohovor — konzultace s praktickým lékařem, potvrzení, odeslání ke specialistovi. Termíny tentýž den, Rumunsko.","Online lékařská péče v Rumunsku","1455","https://www.myglobalhealth.online/romania/cs","index, follow","7","7","https://www.myglobalhealth.online/romania/cs","2026-09-12T20:17:43.589Z","77b5bc10c06fa22854b9b5c2d48d87e12504aa2dd7b90a94d9841f576886a778"
"https://www.myglobalhealth.online/romania/cs/about","cs","200","https://www.myglobalhealth.online/romania/cs/about","O Global Health Rumunsko | Lékaři online · Global Health","Global Health Rumunsko: online konzultace videohovorem s lékaři registrovanými u Colegiul Medicilor din România, v jazycích rumunština / angličtina. Co nabízíme a kdo jsme.","O Global Health Rumunsko","412","https://www.myglobalhealth.online/romania/cs/about","index, follow","7","4","https://www.myglobalhealth.online/romania/cs/about","2026-09-12T20:17:48.869Z","a7489b551942b9db62e9117b088755341114bc8b7016e1cef14d2d9376d7f9fc"
"https://www.myglobalhealth.online/romania/cs/blog","cs","200","https://www.myglobalhealth.online/romania/cs/blog","Zdravotní příručky od registrovaných lékařů – Rumunsko","Zdravotní příručky založené na důkazech pro Rumunsko, které napsal a zkontroloval náš lékařský tým.","Zdravotní příručky od registrovaných lékařů.","301","https://www.myglobalhealth.online/romania/cs/blog","index, follow","7","0","https://www.myglobalhealth.online/romania/cs/blog","2026-09-12T20:17:47.362Z","da7288e14a4f0898b07e040789dd0fb0c58105a6444a151da2a1b5a2abf9c949"
"https://www.myglobalhealth.online/romania/cs/blog/chronicke-nemoci-narodni-programy-rumunsko","cs","200","https://www.myglobalhealth.online/romania/cs/blog/chronicke-nemoci-narodni-programy-rumunsko","Chronické nemoci a národní programy v Rumunsku","Nemoci zahrnuté do rumunských národních zdravotních programů: co pokrývají, jak probíhá zařazení a jak sledovat chronickou nemoc mezi kontrolami.","Chronické nemoci a národní zdravotní programy v Rumunsku: jak to funguje","1694","https://www.myglobalhealth.online/romania/cs/blog/chronicke-nemoci-narodni-programy-rumunsko","index, follow","7","6","https://www.myglobalhealth.online/romania/cs/blog/chronicke-nemoci-narodni-programy-rumunsko","2026-09-12T20:17:40.281Z","7485e3c4f76d428ef4f573243d7a20d4eec11042316d849aec68e7304d188521"
"https://www.myglobalhealth.online/romania/cs/blog/diabetes-ticha-nemoc-4","cs","200","https://www.myglobalhealth.online/romania/cs/blog/diabetes-ticha-nemoc-4","Diabetes v Rumunsku: příčiny, příznaky, léčba a budoucnost péče","V Rumunsku žije s diabetem přes 1,3 milionu lidí a mnoho dalších o něm neví. Průvodce příčinami, příznaky, možnostmi léčby a budoucností péče.","Diabetes: tichá nemoc","3631","https://www.myglobalhealth.online/romania/cs/blog/diabetes-ticha-nemoc-4","index, follow","7","7","https://www.myglobalhealth.online/romania/cs/blog/diabetes-ticha-nemoc-4","2026-09-12T20:17:40.707Z","4b6184281e4854902cdd8fe468311def8757602f412292c3b27e66c09dd4b83a"
"https://www.myglobalhealth.online/romania/cs/blog/jak-bezpecne-snizit-vysoky-tlak-rumunsko","cs","200","https://www.myglobalhealth.online/romania/cs/blog/jak-bezpecne-snizit-vysoky-tlak-rumunsko","Vysoký tlak: bezpečný postup v Rumunsku · Global Health","Zjistěte, jak správně přeměřit vysoký tlak, kdy volat 112 a proč neužívat další captopril ani domácí prostředky bez pokynu lékaře.","Jak bezpečně snížit vysoký tlak: co dělat v Rumunsku","1308","https://www.myglobalhealth.online/romania/cs/blog/jak-bezpecne-snizit-vysoky-tlak-rumunsko","index, follow","7","5","https://www.myglobalhealth.online/romania/cs/blog/jak-bezpecne-snizit-vysoky-tlak-rumunsko","2026-09-12T20:17:38.764Z","70706d18540020a9337ddbb942855b0041e3f9187159cca9afb43e67d6454fc9"
"https://www.myglobalhealth.online/romania/cs/blog/lekarska-zprava-rumunsko","cs","200","https://www.myglobalhealth.online/romania/cs/blog/lekarska-zprava-rumunsko","Lékařská zpráva v Rumunsku: kdo ji vystavuje · Global Health","Lékařská zpráva v Rumunsku: kdo ji vystavuje, co musí obsahovat, k čemu slouží, jak dlouho platí a co dělat, když je neúplná.","Lékařská zpráva v Rumunsku: kdo ji vystavuje, co obsahuje a k čemu slouží","1618","https://www.myglobalhealth.online/romania/cs/blog/lekarska-zprava-rumunsko","index, follow","7","6","https://www.myglobalhealth.online/romania/cs/blog/lekarska-zprava-rumunsko","2026-09-12T20:17:39.563Z","7b1e20aa784729d0e152bf50fdaee7ed34aebb24334f09e72ef103f39a2b27bc"
"https://www.myglobalhealth.online/romania/cs/blog/medical-review-policy","cs","200","https://www.myglobalhealth.online/romania/cs/blog/medical-review-policy","Zásady lékařské revize — Global Health Rumunsko","Jak Global Health píše, reviduje a aktualizuje zdravotnické články publikované pro Rumunsko: kdo je píše, který registrovaný lékař je schvaluje a jaké redakční standardy dodržujeme.","Jak píšeme a revidujeme lékařský obsah","601","https://www.myglobalhealth.online/romania/cs/blog/medical-review-policy","index, follow","7","0","https://www.myglobalhealth.online/romania/cs/blog/medical-review-policy","2026-09-12T20:17:47.883Z","10fa882aa02f73696b66d00b0d813bc354dc6dd615562de358da4d2106854b5e"
"https://www.myglobalhealth.online/romania/cs/blog/nizky-krevni-tlak-proc-se-objevuje-co-delat-hned-a-kdy-uz-necekat","cs","200","https://www.myglobalhealth.online/romania/cs/blog/nizky-krevni-tlak-proc-se-objevuje-co-delat-hned-a-kdy-uz-necekat","Nízký krevní tlak: příčiny, co dělat a kdy volat 112","Co znamená nízký krevní tlak, časté příčiny, manévry doporučené evropským doporučením při závratích, proč slazená voda nepomáhá a kdy jde o urgentní stav.","Nízký krevní tlak: proč se objevuje, co dělat hned a kdy už nečekat","1301","https://www.myglobalhealth.online/romania/cs/blog/nizky-krevni-tlak-proc-se-objevuje-co-delat-hned-a-kdy-uz-necekat","index, follow","7","4","https://www.myglobalhealth.online/romania/cs/blog/nizky-krevni-tlak-proc-se-objevuje-co-delat-hned-a-kdy-uz-necekat","2026-09-12T20:17:38.057Z","783daeae893b8b737c59bba1a6545be11b15120b2f38a7333a0e8530dbe87418"
"https://www.myglobalhealth.online/romania/cs/blog/normalni-krevni-tlak-podle-veku-uzitecny-pruvodce-bez-zavadejicich-tabulek","cs","200","https://www.myglobalhealth.online/romania/cs/blog/normalni-krevni-tlak-podle-veku-uzitecny-pruvodce-bez-zavadejicich-tabulek","Normální krevní tlak podle věku · Global Health","Zjistěte, jaký krevní tlak je u dospělých normální, co se mění s věkem a kdy opakovaně zvýšené hodnoty konzultovat s lékařem.","Normální krevní tlak podle věku: užitečný průvodce bez zavádějících tabulek","1586","https://www.myglobalhealth.online/romania/cs/blog/normalni-krevni-tlak-podle-veku-uzitecny-pruvodce-bez-zavadejicich-tabulek","index, follow","7","6","https://www.myglobalhealth.online/romania/cs/blog/normalni-krevni-tlak-podle-veku-uzitecny-pruvodce-bez-zavadejicich-tabulek","2026-09-12T20:17:39.141Z","ed2f26713e4cfb4d2ef77dbd1a6c5c2bdd5742901eb255412aa0da45c9925f2b"
"https://www.myglobalhealth.online/romania/cs/book","cs","200","https://www.myglobalhealth.online/romania/cs/book","Objednejte si konzultaci — Rumunsko · Global Health","Rumunsko lékařská klinika. Vyberte si službu, lékaře, čas a údaje pacienta.","","2","https://www.myglobalhealth.online/romania/cs/book","index, follow","7","0","https://www.myglobalhealth.online/romania/cs/book","2026-09-12T20:17:45.818Z","0ffef76d1295cd2e00ee780364dea899358fb920a6705788c7de278eec451b7a"
"https://www.myglobalhealth.online/romania/cs/careers","cs","200","https://www.myglobalhealth.online/romania/cs/careers","Kariéra v Global Health Rumunsko","Připojte se ke Global Health v Rumunsko. Spolupracujeme s registrovanými lékaři, klinickou podporou a technologickými týmy po celé Evropě a v Brazílii. Zjistěte, jak se ucházet o práci.","Kariéra v Global Health","92","https://www.myglobalhealth.online/romania/cs/careers","index, follow","7","0","https://www.myglobalhealth.online/romania/cs/careers","2026-09-12T20:17:49.278Z","86f0ef7873d9ec6dbf51c1a947274d7d065803df1520a2e9b38fd089b1bb9ffc"
"https://www.myglobalhealth.online/romania/cs/contact","cs","200","https://www.myglobalhealth.online/romania/cs/contact","Kontakt Global Health Rumunsko | Online lékař","Kontaktujte Global Health Rumunsko: +353 89 471 5849, info@myglobalhealth.online. Online konzultace videohovorem s lékaři registrovanými u Colegiul Medicilor din România.","Kontakt na Global Health Rumunsko","257","https://www.myglobalhealth.online/romania/cs/contact","index, follow","7","5","https://www.myglobalhealth.online/romania/cs/contact","2026-09-12T20:17:48.308Z","f0977cf09d7f4343eea6cbbc81d93f2ba6e74531d42dceb04eca22dd655a975e"
"https://www.myglobalhealth.online/romania/cs/doctors","cs","200","https://www.myglobalhealth.online/romania/cs/doctors","Lékaři registrovaní CMR | Online konzultace v Rumunsku","Prozkoumejte 3 lékaře a specialisty registrované u CMR dostupné online v Rumunsku. Zobrazte profily, specializace a jazyky. Rezervujte ve stejný den.","Lékaři, kteří skutečně zvedají.","629","https://www.myglobalhealth.online/romania/cs/doctors","index, follow","7","5","https://www.myglobalhealth.online/romania/cs/doctors","2026-09-12T20:17:44.057Z","8213c563e2f9a11ea99f349e13c0fab3a686259e9411ba418518834c11d13dfb"
"https://www.myglobalhealth.online/romania/cs/doctors/dr-alexandra-palaga","cs","200","https://www.myglobalhealth.online/romania/cs/doctors/dr-alexandra-palaga","Dr Alexandra Paga - Pediatr | Global Health","Dr. Alexandra Palaga, lékařka specialistka v pediatrii, odbornice na gastroenterologii a celiakii. Online konzultace pro děti.","Dr Alexandra Palaga","908","https://www.myglobalhealth.online/romania/cs/doctors/dr-alexandra-palaga","index, follow","7","6","https://www.myglobalhealth.online/romania/cs/doctors/dr-alexandra-palaga","2026-09-12T20:17:41.715Z","ec372551a73b53ed1cb51a17d0e844cbc6112d7856b58a79a842fb099af0ea34"
"https://www.myglobalhealth.online/romania/cs/doctors/dr-andreea-lorena-bica","cs","200","https://www.myglobalhealth.online/romania/cs/doctors/dr-andreea-lorena-bica","Dr Andreea Lorena Bica - Neurolog | Global Health","Dr. Andreea-Lorena Bica, specialista neurolog s praxí v cévní mozkové příhodě, epilepsii a neurodegenerativních onemocněních. Domluvte si online konzultaci.","Dr Andreea Lorena Bica","783","https://www.myglobalhealth.online/romania/cs/doctors/dr-andreea-lorena-bica","index, follow","7","6","https://www.myglobalhealth.online/romania/cs/doctors/dr-andreea-lorena-bica","2026-09-12T20:17:42.442Z","952b6f5eb7439f7e107836b0b8f39a963d86e6ffa53607e321a0ab74961fe3e2"
"https://www.myglobalhealth.online/romania/cs/doctors/dr-robert-gabriel-brindus","cs","200","https://www.myglobalhealth.online/romania/cs/doctors/dr-robert-gabriel-brindus","Dr Robert Gabriel Brindus - Anesteziolog | Global Health","Dr. Robert Brînduș, lékař specialista v oboru anesteziologie a intenzivní medicíny, zkušenosti v Rumunsku a Irsku. Online konzultace v oblasti léčby bolesti a perioperační medicíny.","Dr Robert Gabriel Brindus","1646","https://www.myglobalhealth.online/romania/cs/doctors/dr-robert-gabriel-brindus","index, follow","7","6","https://www.myglobalhealth.online/romania/cs/doctors/dr-robert-gabriel-brindus","2026-09-12T20:17:42.816Z","559a9ec0a51b7785de3391c49ea0bb54a466ac71ab715dfd1dc96ccd57b263dd"
"https://www.myglobalhealth.online/romania/cs/gp-consultation-online","cs","200","https://www.myglobalhealth.online/romania/cs/gp-consultation-online","Online konzultace s praktickým lékařem v Rumunsku","Online konzultace s praktickým lékařem s lékaři registrovaní u Colegiul Medicilor din România.","Online konzultace s praktickým lékařem v Rumunsku","1328","https://www.myglobalhealth.online/romania/cs/gp-consultation-online","index, follow","7","6","https://www.myglobalhealth.online/romania/cs/gp-consultation-online","2026-09-12T20:17:44.740Z","7dc051be5157d46cbe7148b0748ae227b0445214a5a06a47a9ef537b9cd6cf4c"
"https://www.myglobalhealth.online/romania/cs/lab-tests","cs","200","https://www.myglobalhealth.online/romania/cs/lab-tests","Zdravotní testy s informacemi ke konkrétním produktům · Romania","Tato stránka uvádí zdravotní testy, které jsou aktuálně dostupné v zemi Romania. Každý test má vlastní cenu, stav zásob, informace o vzorku a předpokládanou dobu dodání výsledků, pokud jsou tyto údaje nastavené.","Výsledky z laboratoře, posouzené našimi lékaři.","553","https://www.myglobalhealth.online/romania/cs/lab-tests","index, follow","7","6","https://www.myglobalhealth.online/romania/cs/lab-tests","2026-09-12T20:17:46.407Z","5398014c5e56ce004176fdfccb7021ccd2b0d10063e3ee2930c8dfc600dcd009"
"https://www.myglobalhealth.online/romania/cs/legal","cs","200","https://www.myglobalhealth.online/romania/cs/legal","Právní informace. · Rumunsko · Global Health","Právní dokumenty, registrace společnosti a regulační údaje pro Global Health v Rumunsko.","Právní informace.","158","https://www.myglobalhealth.online/romania/cs/legal","index, follow","7","0","https://www.myglobalhealth.online/romania/cs/legal","2026-09-12T20:17:35.430Z","30099c6b5dcd12f6a524f150e41835b0d83f32bc62bf29705101949eefc3f8a5"
"https://www.myglobalhealth.online/romania/cs/legal/complaints-procedure","cs","200","https://www.myglobalhealth.online/romania/cs/legal/complaints-procedure","Postup při stížnostech · Rumunsko · Global Health","Postup při stížnostech. Právní dokumenty, registrace společnosti a regulační údaje pro Global Health v Rumunsko.","Postup při stížnostech","779","https://www.myglobalhealth.online/romania/cs/legal/complaints-procedure","index, follow","7","0","https://www.myglobalhealth.online/romania/cs/legal/complaints-procedure","2026-09-12T20:17:37.630Z","669dc41c51011813c70a16465d305c940ef44e33902f7334d0b0a5804fd1cc65"
"https://www.myglobalhealth.online/romania/cs/legal/privacy-policy","cs","200","https://www.myglobalhealth.online/romania/cs/legal/privacy-policy","Zásady ochrany osobních údajů · Rumunsko · Global Health","Zásady ochrany osobních údajů. Právní dokumenty, registrace společnosti a regulační údaje pro Global Health v Rumunsko.","Zásady ochrany osobních údajů","3358","https://www.myglobalhealth.online/romania/cs/legal/privacy-policy","index, follow","7","0","https://www.myglobalhealth.online/romania/cs/legal/privacy-policy","2026-09-12T20:17:36.578Z","0391a05ba6dd33159b9c846dd8d63b26dfe84afe004281a819f1a9e615822ff2"
"https://www.myglobalhealth.online/romania/cs/legal/refund-policy","cs","200","https://www.myglobalhealth.online/romania/cs/legal/refund-policy","Zásady vracení peněz · Rumunsko · Global Health","Zásady vracení peněz. Právní dokumenty, registrace společnosti a regulační údaje pro Global Health v Rumunsko.","Zásady vracení peněz","2467","https://www.myglobalhealth.online/romania/cs/legal/refund-policy","index, follow","7","0","https://www.myglobalhealth.online/romania/cs/legal/refund-policy","2026-09-12T20:17:37.181Z","bc270afc56243f1b43c1749c8f5dcb2423e4d222ff36b741b6c5bfa2e2f1ff9e"
"https://www.myglobalhealth.online/romania/cs/legal/terms-of-service","cs","200","https://www.myglobalhealth.online/romania/cs/legal/terms-of-service","Obchodní podmínky · Rumunsko · Global Health","Obchodní podmínky. Právní dokumenty, registrace společnosti a regulační údaje pro Global Health v Rumunsko.","Obchodní podmínky","6320","https://www.myglobalhealth.online/romania/cs/legal/terms-of-service","index, follow","7","0","https://www.myglobalhealth.online/romania/cs/legal/terms-of-service","2026-09-12T20:17:36.056Z","c006f96d4485417be3d0cd398e53c03b5bb2b7a289f1bc57a3742a13221e5834"
"https://www.myglobalhealth.online/romania/cs/press","cs","200","https://www.myglobalhealth.online/romania/cs/press","Pro média — Global Health Rumunsko","Informace pro média o Global Health v Rumunsko: kdo službu provozuje, jak je regulována, na jakých trzích působíme a jak kontaktovat naše tiskové oddělení.","Pro média","198","https://www.myglobalhealth.online/romania/cs/press","index, follow","7","0","https://www.myglobalhealth.online/romania/cs/press","2026-09-12T20:17:49.803Z","a216deee67d8ebd683ba637a1e75a989ad573911721d9f00266f35f11b479d4d"
"https://www.myglobalhealth.online/romania/cs/pricing","cs","200","https://www.myglobalhealth.online/romania/cs/pricing","Vyberte si svůj měsíční plán · Rumunsko · Global Health","Měsíční online péče praktického lékaře s kredity na konzultace a slevami u specialistů, s cenami pro zemi Rumunsko.","Péče, která se obnovuje s vámi","353","https://www.myglobalhealth.online/romania/cs/pricing","index, follow","7","0","https://www.myglobalhealth.online/romania/cs/pricing","2026-09-12T20:17:46.925Z","cd0a129110083eeb931d5e8feb983af7246314ca56ea16fe25ef568d0b6c6f06"
"https://www.myglobalhealth.online/romania/cs/see-a-specialist","cs","200","https://www.myglobalhealth.online/romania/cs/see-a-specialist","Specializovaná péče propojená s aktivní službou · Romania","Global Health uvádí služby online konzultací se specialisty, které jsou aktuálně dostupné v zemi Romania. Dostupnost závisí na službě, zdravotníkovi a termínech objednání. Některé obtíže vyžadují osobní vyšetření nebo jiný typ péče.","Poznejte naše registrované specialisty.","854","https://www.myglobalhealth.online/romania/cs/see-a-specialist","index, follow","7","6","https://www.myglobalhealth.online/romania/cs/see-a-specialist","2026-09-12T20:17:45.263Z","89a85b4423a9629902e36edd76a19be81159c32ac06d0fb244a55395df536946"
"https://www.myglobalhealth.online/romania/cs/services/a-doua-opinie-medicala","cs","200","https://www.myglobalhealth.online/romania/cs/services/a-doua-opinie-medicala","Druhý lékařský názor online | Rumunsko | nezávislé posouzení","Druhé lékařské stanovisko pro diagnózu, léčebný plán nebo důležité lékařské doporučení. Naši licencovaní lékaři CMR poskytují jasné, strukturované a nezávislé druhé stanovisko prostřednictvím videokonzultace.","Druhý lékařský názor — nezávislé klinické posouzení","350","https://www.myglobalhealth.online/romania/cs/services/a-doua-opinie-medicala","index, follow","7","0","https://www.myglobalhealth.online/romania/cs/services/a-doua-opinie-medicala","2026-09-12T20:17:27.774Z","d539cb4e17d326e06c52341bf654158772bb2e218f764f7a456e94ae915f1c38"
"https://www.myglobalhealth.online/romania/cs/services/boli-cronice-online","cs","200","https://www.myglobalhealth.online/romania/cs/services/boli-cronice-online","Management chronických onemocnění online | Rumunsko | medic CMR","Management hypertenze, diabetu, onemocnění štítné žlázy nebo jiných dlouhodobých onemocnění. Naši lékaři s licencí CMR poskytují průběžné lékařské sledování, úpravu léčebného plánu a koordinaci vyšetření prostřednictvím videokonzultace.","Management chronických onemocnění — online průběžná lékařská péče","380","https://www.myglobalhealth.online/romania/cs/services/boli-cronice-online","index, follow","7","0","https://www.myglobalhealth.online/romania/cs/services/boli-cronice-online","2026-09-12T20:17:31.307Z","cfbdd59b24e39ac0e1c1caa277d868a231ee2c5a2d30ad35ab502e871cc82e64"
"https://www.myglobalhealth.online/romania/cs/services/caderea-parului-online","cs","200","https://www.myglobalhealth.online/romania/cs/services/caderea-parului-online","Online konzultace pro vypadávání vlasů | Rumunsko","Evaluace při řídnutí nebo výrazném vypadávání vlasů. Naši licencovaní lékaři CMR vyhodnotí možné příčiny, doporučí potřebná vyšetření a stanoví plán péče založený na klinických údajích.","Konzultace pro vypadávání vlasů — online, tentýž den","346","https://www.myglobalhealth.online/romania/cs/services/caderea-parului-online","index, follow","7","0","https://www.myglobalhealth.online/romania/cs/services/caderea-parului-online","2026-09-12T20:17:29.684Z","0a500feb811eef1750e893b4b583a8e3afdf8d67945403f34b140fbad74444d9"
"https://www.myglobalhealth.online/romania/cs/services/consultatie-dermatologica","cs","200","https://www.myglobalhealth.online/romania/cs/services/consultatie-dermatologica","Online konzultace pro kožní problémy | Rumunsko","Vyhodnocení vyrážek, ekzému, akné, svědění nebo jiných kožních potíží. Naši licencovaní lékaři CMR posuzují příznaky prostřednictvím videokonzultace a doporučí vám vhodnou léčbu nebo další kroky.","Prvotní dermatologická konzultace — online hodnocení","326","https://www.myglobalhealth.online/romania/cs/services/consultatie-dermatologica","index, follow","7","0","https://www.myglobalhealth.online/romania/cs/services/consultatie-dermatologica","2026-09-12T20:17:29.172Z","9b2741820a6e1b5868ed6ad20f8e6487b4f299a42e24205c5c714ddae915ffe0"
"https://www.myglobalhealth.online/romania/cs/services/consultatie-neurologie","cs","200","https://www.myglobalhealth.online/romania/cs/services/consultatie-neurologie","Online neurologická konzultace | Rumunsko | specialista CMR","Odborné vyšetření při migrénách, přetrvávajících bolestech hlavy, necitlivosti, neuropatii nebo jiných neurologických potížích. Náš autorizovaný specialista CMR poskytuje úvodní vyšetření, doporučení a plán vyšetření prostřednictvím videokonzultace.","Neurologická konzultace — online odborné vyšetření","322","https://www.myglobalhealth.online/romania/cs/services/consultatie-neurologie","index, follow","7","0","https://www.myglobalhealth.online/romania/cs/services/consultatie-neurologie","2026-09-12T20:17:34.013Z","684e5a8a126dc821cd064de271242a9ed09aaf99da9112ab9f68168dbe079bc8"
"https://www.myglobalhealth.online/romania/cs/services/consultatie-pediatrie","cs","200","https://www.myglobalhealth.online/romania/cs/services/consultatie-pediatrie","Online specialista pediatrie | Rumunsko | komplexní vyšetření","Specializovaný pediatrický posudek a podrobné vyšetření zdravotních problémů dítěte. Náš pediatr s oprávněním CMR poskytuje video konzultace pro případy, které vyžadují důkladnou klinickou analýzu.","Specialista pediatrie — komplexní pediatrické vyšetření online","318","https://www.myglobalhealth.online/romania/cs/services/consultatie-pediatrie","index, follow","7","0","https://www.myglobalhealth.online/romania/cs/services/consultatie-pediatrie","2026-09-12T20:17:35.016Z","a5eedd55a971a1309b81dead7036ab802fcf027d0c15d0ce7fde6ba0ce901d4b"
"https://www.myglobalhealth.online/romania/cs/services/controlul-greutatii","cs","200","https://www.myglobalhealth.online/romania/cs/services/controlul-greutatii","Online management hmotnosti | Rumunsko | lékařské vyšetření","Lékařské řízení hmotnosti, nad rámec diety a životního stylu. Naši licencovaní lékaři CMR hodnotí zdravotní, metabolické a behaviorální faktory, které ovlivňují hmotnost, a stanovují realistický plán řízení.","Řízení hmotnosti — lékařské vyšetření a individuální plán","344","https://www.myglobalhealth.online/romania/cs/services/controlul-greutatii","index, follow","7","0","https://www.myglobalhealth.online/romania/cs/services/controlul-greutatii","2026-09-12T20:17:31.891Z","31189f6b322c6e682b4330724c3fcc3b4c0b230c09b0895a3e01807d5828bd4c"
"https://www.myglobalhealth.online/romania/cs/services/dureri-musculo-scheletice","cs","200","https://www.myglobalhealth.online/romania/cs/services/dureri-musculo-scheletice","Online konzultace bolesti pohybového aparátu | Rumunsko","Vyšetření při bolestech zad, bolestech kloubů, ischias nebo svalových poraněních. Naši lékaři s licencí CMR posoudí příznaky, varovné příznaky a možnosti léčby prostřednictvím videokonzultace.","Vyhodnocení muskuloskeletální bolesti — online, ještě tentýž den","335","https://www.myglobalhealth.online/romania/cs/services/dureri-musculo-scheletice","index, follow","7","0","https://www.myglobalhealth.online/romania/cs/services/dureri-musculo-scheletice","2026-09-12T20:17:30.251Z","a6e407e46ad51dfadadb14d54ea4d54a2dc597bef6752283b5285b7553a56c3f"
"https://www.myglobalhealth.online/romania/cs/services/evaluare-durere","cs","200","https://www.myglobalhealth.online/romania/cs/services/evaluare-durere","Specializované posouzení bolesti online | Rumunsko","Specializované vyšetření pro chronickou nebo silnou bolest. Náš licencovaný specialista CMR poskytuje klinické posouzení zaměřené na kontrolu bolesti, terapeutické možnosti a koordinaci potřebných vyšetření.","Specializované posouzení bolesti — online konzultace","286","https://www.myglobalhealth.online/romania/cs/services/evaluare-durere","index, follow","7","0","https://www.myglobalhealth.online/romania/cs/services/evaluare-durere","2026-09-12T20:17:34.463Z","f460c8d90e5cb554fbdb702ac8c842672abe938e6c2fe226d6339e59ffbf0f9a"
"https://www.myglobalhealth.online/romania/cs/services/medic-online-romania","cs","200","https://www.myglobalhealth.online/romania/cs/services/medic-online-romania","Lékař online bez registrace | Konzultace tentýž den","Lékař registrovaný u CMR dostupný online, bez čekací listiny a bez registrace u praktického lékaře. Videokonzultace v rumunštině nebo angličtině. Rezervujte si dnes.","Online lékař — bez registrace, bez čekárny, ještě tentýž den","1086","https://www.myglobalhealth.online/romania/cs/services/medic-online-romania","index, follow","7","0","https://www.myglobalhealth.online/romania/cs/services/medic-online-romania","2026-09-12T20:17:25.839Z","0ea37715477f4c1f8759070e65425d0f90173e151f951ce6c174bba5abdae3e7"
"https://www.myglobalhealth.online/romania/cs/services/medic-pediatru-online","cs","200","https://www.myglobalhealth.online/romania/cs/services/medic-pediatru-online","Online pediatrická konzultace | Rumunsko | lékař CMR","Rychlé pediatrické konzultace a lékařská rada pro děti. Naši lékaři s licencí CMR posoudí příznaky dítěte prostřednictvím zabezpečené videokonzultace a poskytnou vám jasná doporučení pro další kroky.","Pediatrická konzultace všeobecného lékařství — online, tentýž den","338","https://www.myglobalhealth.online/romania/cs/services/medic-pediatru-online","index, follow","7","0","https://www.myglobalhealth.online/romania/cs/services/medic-pediatru-online","2026-09-12T20:17:27.135Z","e209e76bd1a5f17f72d378a094f679a0ef9e79aa83778b8e5b8426cf9785f3c9"
"https://www.myglobalhealth.online/romania/cs/services/medicina-calatoriei","cs","200","https://www.myglobalhealth.online/romania/cs/services/medicina-calatoriei","Online konzultace cestovní medicíny | Rumunsko | antimalarická profylaxe","Cestovní lékařské vyšetření pro oblasti s rizikem malárie nebo destinace se zvláštními požadavky na očkování. Naši licencovaní lékaři CMR posoudí rizika, poskytnou personalizovaná doporučení a předepíší antimalarickou profylaxi, je-li to klinicky indikováno.","Konzultace cestovní medicíny — lékařské zhodnocení před odjezdem","359","https://www.myglobalhealth.online/romania/cs/services/medicina-calatoriei","index, follow","7","0","https://www.myglobalhealth.online/romania/cs/services/medicina-calatoriei","2026-09-12T20:17:28.413Z","40e48586e034e3959e0aa484e22a2a8cb2c14447e0956312156664871db8f4bd"
"https://www.myglobalhealth.online/romania/cs/services/reinnoire-tratament","cs","200","https://www.myglobalhealth.online/romania/cs/services/reinnoire-tratament","Obnovení léčby online | Rumunsko | elektronický předpis","Obnovení stabilní léčby s klinickým posouzením. Naši autorizovaní lékaři CMR přezkoumají aktuální režim, ověří bezpečnost pokračování a vystaví elektronický předpis, pokud je to klinicky vhodné.","Obnovení léčby — klinické hodnocení a online předpis","356","https://www.myglobalhealth.online/romania/cs/services/reinnoire-tratament","index, follow","7","0","https://www.myglobalhealth.online/romania/cs/services/reinnoire-tratament","2026-09-12T20:17:26.694Z","aa6bee0ca5c90a51bcee9efb5ce82e45e2fa1d97f1a9099a529d50927b0adc5f"
"https://www.myglobalhealth.online/romania/cs/services/sanatate-mintala-online","cs","200","https://www.myglobalhealth.online/romania/cs/services/sanatate-mintala-online","Online konzultace duševního zdraví | Rumunsko | důvěrné","Důvěrné posouzení úzkosti, deprese, vyhoření, nespavosti nebo jiných emočních obtíží. Naši lékaři s licencí CMR poskytují důvěrné posouzení, doporučení a koordinaci dalších kroků prostřednictvím videokonzultace.","Posouzení duševního zdraví — důvěrná online konzultace","343","https://www.myglobalhealth.online/romania/cs/services/sanatate-mintala-online","index, follow","7","0","https://www.myglobalhealth.online/romania/cs/services/sanatate-mintala-online","2026-09-12T20:17:30.751Z","7ef610024ec79a02cd7b0d2fc65a857e91e87cf5456b19f13deda71f455461a4"
"https://www.myglobalhealth.online/romania/cs/services/sanatatea-barbatului-online","cs","200","https://www.myglobalhealth.online/romania/cs/services/sanatatea-barbatului-online","Online konzultace o zdraví mužů | Rumunsko | důvěrné","Důvěrné konzultace pro erektilní dysfunkci, testosteron, libido, plodnost nebo celkové zdraví. Naši lékaři s licencí CMR poskytují důvěrné vyhodnocení a jasná lékařská doporučení prostřednictvím videokonzultace.","Zdraví mužů — důvěrné online posouzení","326","https://www.myglobalhealth.online/romania/cs/services/sanatatea-barbatului-online","index, follow","7","0","https://www.myglobalhealth.online/romania/cs/services/sanatatea-barbatului-online","2026-09-12T20:17:32.353Z","a05c8dd8b0d292fca00129e45397f5a051573708a368924e973299cce78c918b"
"https://www.myglobalhealth.online/romania/cs/services/sanatatea-femeii-online","cs","200","https://www.myglobalhealth.online/romania/cs/services/sanatatea-femeii-online","Online konzultace ženského zdraví | Rumunsko | důvěrné","Důvěrné konzultace ohledně antikoncepce, premenstruačního syndromu, menopauzy, hormonálního zdraví a dalších běžných gynekologických příznaků. Naši lékaři s oprávněním CMR poskytují důvěrné posouzení a jasná lékařská doporučení prostřednictvím video konzultace.","Zdraví žen — důvěrné online posouzení","351","https://www.myglobalhealth.online/romania/cs/services/sanatatea-femeii-online","index, follow","7","0","https://www.myglobalhealth.online/romania/cs/services/sanatatea-femeii-online","2026-09-12T20:17:33.033Z","8efaa51b7c50c6dead34dd5468297ec61e6d13e60e4d9635e88dafbd578881fe"
"https://www.myglobalhealth.online/romania/cs/services/trimiteri-si-investigatii","cs","200","https://www.myglobalhealth.online/romania/cs/services/trimiteri-si-investigatii","Lékařské zprávy a vyšetření online | Rumunsko | lékař CMR","Lékařské zprávy, doporučení na vyšetření a odeslání ke specialistům. Naši lékaři s autorizací CMR mohou posoudit situaci a vystavit příslušnou klinickou dokumentaci, je-li to indikováno.","Lékařské zprávy, doporučení a vyšetření — online koordinace","352","https://www.myglobalhealth.online/romania/cs/services/trimiteri-si-investigatii","index, follow","7","0","https://www.myglobalhealth.online/romania/cs/services/trimiteri-si-investigatii","2026-09-12T20:17:33.491Z","3a7cb3d81baebc071d3bba36749e5a323fa533a005453ca9ddaf25b70acfce9f"
"https://www.myglobalhealth.online/romania/cs/tools/adhd-test","cs","200","https://www.myglobalhealth.online/romania/cs/tools/adhd-test","ADHD Test Rumunsko | Bezplatný Screening Pro Dospělé","Vyplňte screeningový test ADHD pro dospělé o šesti otázkách (ASRS v1.1, část A) a zjistěte, co vaše odpovědi znamenají. Výsledek screeningu není diagnóza — tu stanoví jen psychiatr nebo klinický psycholog.","ADHD test Rumunsko","1256","https://www.myglobalhealth.online/romania/cs/tools/adhd-test","index, follow","34","6","https://www.myglobalhealth.online/romania/cs/tools/adhd-test","2026-09-12T20:17:52.494Z","7f485971517962c33999765690433bd9d97a470be75ddd8bbc1e9e41e790d643"
"https://www.myglobalhealth.online/romania/cs/tools/blood-pressure-chart","cs","200","https://www.myglobalhealth.online/romania/cs/tools/blood-pressure-chart","Kalkulačka Krevního Tlaku Rumunsko | Tabulka Normálních Hodnot","Zadejte systolický a diastolický tlak a hned uvidíte kategorii podle evropské tabulky pro dospělé — co hodnota znamená a které vyžadují lékaře ještě týž den.","Normální krevní tlak Rumunsko","1156","https://www.myglobalhealth.online/romania/cs/tools/blood-pressure-chart","index, follow","34","6","https://www.myglobalhealth.online/romania/cs/tools/blood-pressure-chart","2026-09-12T20:17:51.537Z","0a8088086e6bbe1089545f06fe21f98324c5bcf88846a4de992f7265c3cbe8cf"
"https://www.myglobalhealth.online/romania/cs/tools/bmi-calculator","cs","200","https://www.myglobalhealth.online/romania/cs/tools/bmi-calculator","BMI Kalkulačka Rumunsko | Výpočet BMI Online · Global Health","Spočítejte si index tělesné hmotnosti během několika sekund. Metrické i imperiální jednotky, kategorie WHO pro dospělé a co váš výsledek ve skutečnosti znamená.","BMI kalkulačka Rumunsko","1018","https://www.myglobalhealth.online/romania/cs/tools/bmi-calculator","index, follow","34","6","https://www.myglobalhealth.online/romania/cs/tools/bmi-calculator","2026-09-12T20:17:50.510Z","f0dc7e16b633a76541e079d72c2e01e4905ede604f9c687dc82be6507c39cb90"
"https://www.myglobalhealth.online/romania/cs/tools/calorie-calculator","cs","200","https://www.myglobalhealth.online/romania/cs/tools/calorie-calculator","Kalorická Kalkulačka Rumunsko | Výpočet Denního Příjmu","Spočítejte si, kolik kalorií denně potřebujete na udržení hmotnosti, hubnutí nebo nabírání. Rovnice Mifflin-St Jeor, pět úrovní aktivity a co ta čísla ve skutečnosti znamenají — a registrovaní lékaři, pokud chcete jít dál.","Kalorická kalkulačka Rumunsko","1144","https://www.myglobalhealth.online/romania/cs/tools/calorie-calculator","index, follow","34","6","https://www.myglobalhealth.online/romania/cs/tools/calorie-calculator","2026-09-12T20:17:50.955Z","4c2b2fca0c23305bac8906c0d8a4dbdbdb9c0bcfabe96b2d73731085d70ddf08"
"https://www.myglobalhealth.online/romania/cs/tools/due-date-calculator","cs","200","https://www.myglobalhealth.online/romania/cs/tools/due-date-calculator","Těhotenská Kalkulačka Rumunsko | Termín Porodu a Týdny","Spočítejte si předpokládaný termín porodu a v kolikátém týdnu těhotenství jste, podle prvního dne poslední menstruace. Zohledňuje délku vašeho cyklu, včetně přehledu všech 40 týdnů.","Těhotenská kalkulačka Rumunsko","1066","https://www.myglobalhealth.online/romania/cs/tools/due-date-calculator","index, follow","34","6","https://www.myglobalhealth.online/romania/cs/tools/due-date-calculator","2026-09-12T20:17:52.009Z","4e2921833208a7c128df13ce74a412250da902c88efaac53a300be6adb0317d8"
"https://www.myglobalhealth.online/romania/cs/tools/osteoporosis-risk-checker","cs","200","https://www.myglobalhealth.online/romania/cs/tools/osteoporosis-risk-checker","Kontrola Rizika Osteoporózy Rumunsko | Potřebuji Denzitometrii?","Zkontrolujte zveřejněné rizikové faktory osteoporózy a zlomeniny z křehkosti a zjistěte, zda doporučené postupy radí nechat se vyšetřit. Nejde o FRAX ani o diagnózu — je to seznam k vyhledání rizika, se kterým můžete jít k lékaři.","Riziko osteoporózy Rumunsko","1470","https://www.myglobalhealth.online/romania/cs/tools/osteoporosis-risk-checker","index, follow","34","6","https://www.myglobalhealth.online/romania/cs/tools/osteoporosis-risk-checker","2026-09-12T20:17:53.593Z","a13fa39d4d1f098ff7b0dd103715810c0d43dba9624f90718997f1d7797aa846"
"https://www.myglobalhealth.online/romania/cs/tools/ovulation-calculator","cs","200","https://www.myglobalhealth.online/romania/cs/tools/ovulation-calculator","Ovulační Kalkulačka Rumunsko | Plodné Dny a Den Ovulace","Spočítejte si plodné dny a odhadovaný den ovulace podle prvního dne poslední menstruace. Zohledňuje délku vašeho cyklu a šest nejplodnějších dnů rozepisuje den po dni.","Ovulační kalkulačka Rumunsko","1178","https://www.myglobalhealth.online/romania/cs/tools/ovulation-calculator","index, follow","34","6","https://www.myglobalhealth.online/romania/cs/tools/ovulation-calculator","2026-09-12T20:17:53.040Z","591de5dc501019f17b6dfd4a9f1a509dc529d3961a917b3845ad293704e3f0f8"
"https://www.myglobalhealth.online/romania/cs/tools/sore-throat-checker","cs","200","https://www.myglobalhealth.online/romania/cs/tools/sore-throat-checker","Bolest v Krku Rumunsko | Kontrola Angíny a Streptokoka","Odpovězte na pět otázek o bolesti v krku a zjistěte, jak pravděpodobná je bakteriální příčina, podle McIsaacova skóre, které používají lékaři. Včetně varovných příznaků vyžadujících neodkladnou péči. Nejde o diagnózu ani o test na streptokoka.","Angína, nebo virová bolest v krku Rumunsko","1458","https://www.myglobalhealth.online/romania/cs/tools/sore-throat-checker","index, follow","34","6","https://www.myglobalhealth.online/romania/cs/tools/sore-throat-checker","2026-09-12T20:17:54.097Z","774195581fd1dd6f7e5a0d6c3abd127a3b2622d5bfb4444df3133fb051d55234"
"https://www.myglobalhealth.online/romania/de","de","200","https://www.myglobalhealth.online/romania/de","Online-Arzt Rumänien | Registrierte Hausärzte & Fachärzte","Sprechen Sie noch heute per Videoanruf mit einem registrierten Arzt — Hausarzttermine, Atteste, Facharztüberweisungen. Termine am selben Tag, Rumänien.","Online-medizinische Versorgung in Rumänien","1517","https://www.myglobalhealth.online/romania/de","index, follow","7","7","https://www.myglobalhealth.online/romania/de","2026-09-12T20:17:43.675Z","c05736ca816686add70d029cb778efef073e019fd70198ca06cadd6fd6475450"
"https://www.myglobalhealth.online/romania/de/about","de","200","https://www.myglobalhealth.online/romania/de/about","Über Global Health Rumänien | Ärzte online · Global Health","Global Health Rumänien: Online-Videosprechstunden mit bei Colegiul Medicilor din România registrierten Ärztinnen und Ärzten, auf Rumänisch / Englisch. Unser Angebot und wer wir sind.","Über Global Health Rumänien","454","https://www.myglobalhealth.online/romania/de/about","index, follow","7","4","https://www.myglobalhealth.online/romania/de/about","2026-09-12T20:17:48.961Z","cf0d471731d98cb45d194e781136b4c4406354155818927bdca4d501a4a2c7dd"
"https://www.myglobalhealth.online/romania/de/blog","de","200","https://www.myglobalhealth.online/romania/de/blog","Gesundheitsleitfäden von zugelassenen Ärzten in Rumänien","Evidenzbasierte Gesundheitsleitfäden für Rumänien, verfasst und geprüft von unserem medizinischen Team.","Gesundheitsleitfäden von zugelassenen Ärzten.","307","https://www.myglobalhealth.online/romania/de/blog","index, follow","7","0","https://www.myglobalhealth.online/romania/de/blog","2026-09-12T20:17:47.513Z","b44d40c15b6daeaf4131b87ba0fc5ea88f96d42847abc603711858218211c9f8"
"https://www.myglobalhealth.online/romania/de/blog/arztbrief-rumaenien","de","200","https://www.myglobalhealth.online/romania/de/blog/arztbrief-rumaenien","Arztbrief in Rumänien: wer ihn ausstellt · Global Health","Der Arztbrief in Rumänien: wer ihn ausstellt, was er enthalten muss, wozu er dient, wie lange er gilt und was zu tun ist, wenn er unvollständig ist.","Der Arztbrief in Rumänien: wer ihn ausstellt, was er enthält und wozu er dient","1890","https://www.myglobalhealth.online/romania/de/blog/arztbrief-rumaenien","index, follow","7","6","https://www.myglobalhealth.online/romania/de/blog/arztbrief-rumaenien","2026-09-12T20:17:39.905Z","228ddd65208d915bc23f575e771cbba054a22bbf3bfec21c1e3ee6f70ac31958"
"https://www.myglobalhealth.online/romania/de/blog/blutdruck-sicher-senken-rumaenien","de","200","https://www.myglobalhealth.online/romania/de/blog/blutdruck-sicher-senken-rumaenien","Hoher Blutdruck: sicher handeln in Rumänien · Global Health","Erfahren Sie, wie Sie hohen Blutdruck nachmessen, wann Sie in Rumänien 112 rufen und warum zusätzliches Captopril oder Hausmittel riskant sind.","Hohen Blutdruck sicher senken: Was Sie in Rumänien tun sollten","1395","https://www.myglobalhealth.online/romania/de/blog/blutdruck-sicher-senken-rumaenien","index, follow","7","5","https://www.myglobalhealth.online/romania/de/blog/blutdruck-sicher-senken-rumaenien","2026-09-12T20:17:38.640Z","45b21020607b2cb353af58a32e0184fb1fb6e8859cae4aa54941d6c4c9cd0544"
"https://www.myglobalhealth.online/romania/de/blog/chronische-krankheiten-nationale-programme-rumaenien","de","200","https://www.myglobalhealth.online/romania/de/blog/chronische-krankheiten-nationale-programme-rumaenien","Chronische Krankheiten und nationale Programme","Krankheiten in Rumäniens nationalen Gesundheitsprogrammen: was sie abdecken, wie die Aufnahme abläuft und wie sich chronische Krankheit begleiten lässt.","Chronische Krankheiten und die nationalen Gesundheitsprogramme Rumäniens","1868","https://www.myglobalhealth.online/romania/de/blog/chronische-krankheiten-nationale-programme-rumaenien","index, follow","7","6","https://www.myglobalhealth.online/romania/de/blog/chronische-krankheiten-nationale-programme-rumaenien","2026-09-12T20:17:40.244Z","61666c4ff5a8559826d4045c32fd2be3ca2989d431c66e992414cc7cb0a7922a"
"https://www.myglobalhealth.online/romania/de/blog/diabetes-die-stille-krankheit-5","de","200","https://www.myglobalhealth.online/romania/de/blog/diabetes-die-stille-krankheit-5","Diabetes in Rumänien: Symptome und Behandlung","Mehr als 1,3 Millionen Rumänen leben mit Diabetes. Erfahren Sie mehr über Ursachen, Warnzeichen, heutige Behandlungen und künftige Therapien.","Diabetes: Die stille Krankheit","3156","https://www.myglobalhealth.online/romania/de/blog/diabetes-die-stille-krankheit-5","index, follow","7","7","https://www.myglobalhealth.online/romania/de/blog/diabetes-die-stille-krankheit-5","2026-09-12T20:17:40.987Z","12912b96fa5e1db74c3269afa22e741cc39d77495936094966452c45c100593b"
"https://www.myglobalhealth.online/romania/de/blog/medical-review-policy","de","200","https://www.myglobalhealth.online/romania/de/blog/medical-review-policy","Richtlinie zur medizinischen Prüfung","Wie Global Health die für Rumänien veröffentlichten Gesundheitsartikel schreibt, prüft und aktualisiert: wer sie verfasst, welche registrierte Ärztin oder welcher registrierte Arzt sie freigibt und welche redaktionellen Standards wir einhalten.","Wie wir medizinische Inhalte schreiben und prüfen","688","https://www.myglobalhealth.online/romania/de/blog/medical-review-policy","index, follow","7","0","https://www.myglobalhealth.online/romania/de/blog/medical-review-policy","2026-09-12T20:17:47.952Z","31d4bd772c7655e937626ca8ded5ee366846b0eed8cb6898a998c9f225e48579"
"https://www.myglobalhealth.online/romania/de/blog/niedriger-blutdruck-warum-er-entsteht-was-sofort-zu-tun-ist-und-wann-man-nicht-m","de","200","https://www.myglobalhealth.online/romania/de/blog/niedriger-blutdruck-warum-er-entsteht-was-sofort-zu-tun-ist-und-wann-man-nicht-m","Niedriger Blutdruck: Ursachen, was zu tun ist und wann Sie 112 wählen","Was niedriger Blutdruck bedeutet, die häufigsten Ursachen, die von der europäischen Leitlinie empfohlenen Maßnahmen bei Schwindel, warum Zuckerwasser nicht hilft und wann es ein Notfall ist.","Niedriger Blutdruck: warum er entsteht, was sofort zu tun ist und wann man nicht mehr warten sollte","1462","https://www.myglobalhealth.online/romania/de/blog/niedriger-blutdruck-warum-er-entsteht-was-sofort-zu-tun-ist-und-wann-man-nicht-m","index, follow","7","4","https://www.myglobalhealth.online/romania/de/blog/niedriger-blutdruck-warum-er-entsteht-was-sofort-zu-tun-ist-und-wann-man-nicht-m","2026-09-12T20:17:38.160Z","04e93219ace52bd56e200284e32f7fc6ba138e7939d4baf32552e27625edc32c"
"https://www.myglobalhealth.online/romania/de/blog/normaler-blutdruck-hilfreicher-leitfaden-nach-alter-ohne-irrefuhrende-tabellen","de","200","https://www.myglobalhealth.online/romania/de/blog/normaler-blutdruck-hilfreicher-leitfaden-nach-alter-ohne-irrefuhrende-tabellen","Normaler Blutdruck nach Alter: Werte richtig einordnen","Welcher Blutdruck bei Erwachsenen normal ist, was sich mit dem Alter verändert und wann wiederholt hohe Werte ärztlich abgeklärt werden sollten.","Normaler Blutdruck: hilfreicher Leitfaden nach Alter, ohne irreführende Tabellen","1783","https://www.myglobalhealth.online/romania/de/blog/normaler-blutdruck-hilfreicher-leitfaden-nach-alter-ohne-irrefuhrende-tabellen","index, follow","7","6","https://www.myglobalhealth.online/romania/de/blog/normaler-blutdruck-hilfreicher-leitfaden-nach-alter-ohne-irrefuhrende-tabellen","2026-09-12T20:17:39.217Z","b5468ba1c67154a8a123db75421ae80e036cda6b542d8bdf933e014fd8bb47aa"
"https://www.myglobalhealth.online/romania/de/book","de","200","https://www.myglobalhealth.online/romania/de/book","Buchen Sie Ihre Beratung — Rumänien · Global Health","Rumänien Arztpraxis. Wählen Sie einen Service, Arzt, Zeit und Patientendaten.","","3","https://www.myglobalhealth.online/romania/de/book","index, follow","7","0","https://www.myglobalhealth.online/romania/de/book","2026-09-12T20:17:45.955Z","d4591ea6c7c3c712c92a605f45cdbca26a5f98217ab563fecd27d9cb54e4c765"
"https://www.myglobalhealth.online/romania/de/careers","de","200","https://www.myglobalhealth.online/romania/de/careers","Karriere bei Global Health Rumänien","Werden Sie Teil von Global Health in Rumänien. Wir arbeiten mit zugelassenen Ärzten, klinischem Support und Technologieteams in ganz Europa und Brasilien zusammen. Erfahren Sie, wie Sie sich bewerben können.","Karriere bei Global Health","100","https://www.myglobalhealth.online/romania/de/careers","index, follow","7","0","https://www.myglobalhealth.online/romania/de/careers","2026-09-12T20:17:49.393Z","07294a8c5d0a08ab462cb5ba48c3bc087e3268cc4c4b2282881ea0a5c33a6977"
"https://www.myglobalhealth.online/romania/de/contact","de","200","https://www.myglobalhealth.online/romania/de/contact","Kontakt Global Health Rumänien | Online-Arzt · Global Health","Kontaktieren Sie Global Health Rumänien: +353 89 471 5849, info@myglobalhealth.online. Online-Videosprechstunden mit bei Colegiul Medicilor din România registrierten Ärzten.","Kontakt zu Global Health Rumänien","279","https://www.myglobalhealth.online/romania/de/contact","index, follow","7","5","https://www.myglobalhealth.online/romania/de/contact","2026-09-12T20:17:48.470Z","f010eb0c3249f425ebb0d4472961d5b37c0ddf9b30599e0354e168799f6da567"
"https://www.myglobalhealth.online/romania/de/doctors","de","200","https://www.myglobalhealth.online/romania/de/doctors","Zugelassene Ärzte CMR | Online-Konsultationen in Rumänien","Durchsuchen Sie 3 Ärzte und Spezialisten, die online in Rumänien verfügbar sind und bei CMR registriert sind. Sehen Sie sich Profile, Fachgebiete und Sprachen an. Buchen Sie am selben Tag.","Ärzte, die wirklich abheben.","672","https://www.myglobalhealth.online/romania/de/doctors","index, follow","7","5","https://www.myglobalhealth.online/romania/de/doctors","2026-09-12T20:17:44.284Z","8268244f50981eac0de414b8e5e85f0d0385d209bec37c8cd050897282fff08d"
"https://www.myglobalhealth.online/romania/de/doctors/dr-alexandra-palaga","de","200","https://www.myglobalhealth.online/romania/de/doctors/dr-alexandra-palaga","Dr. Alexandra Paga - Kinderärztin | Global Health","Dr. Alexandra Palaga, Fachärztin für Pädiatrie, Expertin für Gastroenterologie und Zöliakie. Online-Beratungen für Kinder.","Dr Alexandra Palaga","978","https://www.myglobalhealth.online/romania/de/doctors/dr-alexandra-palaga","index, follow","7","6","https://www.myglobalhealth.online/romania/de/doctors/dr-alexandra-palaga","2026-09-12T20:17:41.882Z","630d6f05524575c9b515e4358ff7bccbc0b9c87211519f8bbcb2f1267dcb80fb"
"https://www.myglobalhealth.online/romania/de/doctors/dr-andreea-lorena-bica","de","200","https://www.myglobalhealth.online/romania/de/doctors/dr-andreea-lorena-bica","Dr. Andreea Lorena Bica - Neurologin | Global Health","Dr. Andreea-Lorena Bica, Fachärztin für Neurologie mit Erfahrung in Schlaganfall, Epilepsie und neurodegenerativen Erkrankungen. Vereinbaren Sie einen Online-Termin.","Dr Andreea Lorena Bica","845","https://www.myglobalhealth.online/romania/de/doctors/dr-andreea-lorena-bica","index, follow","7","6","https://www.myglobalhealth.online/romania/de/doctors/dr-andreea-lorena-bica","2026-09-12T20:17:42.333Z","5e8ccfa18a77bb8943e169c73d1d19e41c96663a577d24abb935d3cb60360c2f"
"https://www.myglobalhealth.online/romania/de/doctors/dr-robert-gabriel-brindus","de","200","https://www.myglobalhealth.online/romania/de/doctors/dr-robert-gabriel-brindus","Dr Robert Gabriel Brindus - Anästhesist | Global Health","Dr. Robert Brînduș, Facharzt für Anästhesie und Intensivtherapie, Erfahrung in Rumänien und Irland. Online-Beratungen in der Schmerzmedizin und perioperativen Medizin.","Dr Robert Gabriel Brindus","1614","https://www.myglobalhealth.online/romania/de/doctors/dr-robert-gabriel-brindus","index, follow","7","6","https://www.myglobalhealth.online/romania/de/doctors/dr-robert-gabriel-brindus","2026-09-12T20:17:43.129Z","3579aa6a934e11fe7d6948bd32ed98dfeedc74a22c24c119c1b50e9aae6e700b"
"https://www.myglobalhealth.online/romania/de/gp-consultation-online","de","200","https://www.myglobalhealth.online/romania/de/gp-consultation-online","Online-Hausarztkonsultation in Rumänien | Global Health","Online-Hausarztkonsultationen mit Ärzten, die bei Colegiul Medicilor din România registriert sind.","Online-Hausarztkonsultation in Rumänien","1323","https://www.myglobalhealth.online/romania/de/gp-consultation-online","index, follow","7","6","https://www.myglobalhealth.online/romania/de/gp-consultation-online","2026-09-12T20:17:44.802Z","00389d66b55d5f42fa64730b7a90c57db7ad426a6bc0ba0c94ecd078d0ce441d"
"https://www.myglobalhealth.online/romania/de/lab-tests","de","200","https://www.myglobalhealth.online/romania/de/lab-tests","Gesundheitstests mit produktspezifischen Angaben · Romania","Diese Seite zeigt die derzeit in Romania verfügbaren Gesundheitstests. Jeder Test hat eigene Angaben zu Preis, Bestand, Probe und erwarteter Ergebnisdauer, sofern hinterlegt.","Laborergebnisse, geprüft von unseren Ärzten.","431","https://www.myglobalhealth.online/romania/de/lab-tests","index, follow","7","6","https://www.myglobalhealth.online/romania/de/lab-tests","2026-09-12T20:17:46.502Z","fbeb268b22dd85d17d262c0f060de2df688faec7e72cf4982eb51768ebcc1e86"
"https://www.myglobalhealth.online/romania/de/legal","de","200","https://www.myglobalhealth.online/romania/de/legal","Rechtliche Informationen. · Rumänien · Global Health","Rechtliche Dokumente, Handelsregistereintrag und regulatorische Angaben für Global Health in Rumänien.","Rechtliche Informationen.","120","https://www.myglobalhealth.online/romania/de/legal","index, follow","7","0","https://www.myglobalhealth.online/romania/de/legal","2026-09-12T20:17:35.531Z","026d4fd4edd9e6944ab12f39b9d9ec1326b6990d0645af728b1468a597cb84dd"
"https://www.myglobalhealth.online/romania/de/legal/complaints-procedure","de","200","https://www.myglobalhealth.online/romania/de/legal/complaints-procedure","Beschwerdeverfahren · Rumänien · Global Health","Beschwerdeverfahren. Rechtliche Dokumente, Handelsregistereintrag und regulatorische Angaben für Global Health in Rumänien.","Beschwerdeverfahren","774","https://www.myglobalhealth.online/romania/de/legal/complaints-procedure","index, follow","7","0","https://www.myglobalhealth.online/romania/de/legal/complaints-procedure","2026-09-12T20:17:37.719Z","f0d797970dee1803e3974cff26658359db98a3a8a692290e7970695769ddcb77"
"https://www.myglobalhealth.online/romania/de/legal/privacy-policy","de","200","https://www.myglobalhealth.online/romania/de/legal/privacy-policy","Datenschutzerklärung · Rumänien · Global Health","Datenschutzerklärung. Rechtliche Dokumente, Handelsregistereintrag und regulatorische Angaben für Global Health in Rumänien.","Datenschutzerklärung","3214","https://www.myglobalhealth.online/romania/de/legal/privacy-policy","index, follow","7","0","https://www.myglobalhealth.online/romania/de/legal/privacy-policy","2026-09-12T20:17:36.676Z","4525b98ff6cad10924a3c1b2bedc297904fc1325f090b4825fea89c815f37b1e"
"https://www.myglobalhealth.online/romania/de/legal/refund-policy","de","200","https://www.myglobalhealth.online/romania/de/legal/refund-policy","Erstattungsrichtlinie · Rumänien · Global Health","Erstattungsrichtlinie. Rechtliche Dokumente, Handelsregistereintrag und regulatorische Angaben für Global Health in Rumänien.","Erstattungsrichtlinie","2469","https://www.myglobalhealth.online/romania/de/legal/refund-policy","index, follow","7","0","https://www.myglobalhealth.online/romania/de/legal/refund-policy","2026-09-12T20:17:37.252Z","59c23eecd9111817e869341a4cf08403586030e0d0026bbc1793fc057570e007"
"https://www.myglobalhealth.online/romania/de/legal/terms-of-service","de","200","https://www.myglobalhealth.online/romania/de/legal/terms-of-service","Allgemeine Geschäftsbedingungen · Rumänien · Global Health","Allgemeine Geschäftsbedingungen. Rechtliche Dokumente, Handelsregistereintrag und regulatorische Angaben für Global Health in Rumänien.","Allgemeine Geschäftsbedingungen","6353","https://www.myglobalhealth.online/romania/de/legal/terms-of-service","index, follow","7","0","https://www.myglobalhealth.online/romania/de/legal/terms-of-service","2026-09-12T20:17:36.153Z","1da9b0590ad601c0af8d3521688e4758ec8b7194f3fddd477e587abe089e6a4f"
"https://www.myglobalhealth.online/romania/de/press","de","200","https://www.myglobalhealth.online/romania/de/press","Presse & Medien — Global Health Rumänien","Presseinformationen zu Global Health in Rumänien: Wer den Dienst betreibt, wie er reguliert ist, welche Märkte wir bedienen und wie Sie unsere Pressekontakte erreichen.","Presse & Medien","205","https://www.myglobalhealth.online/romania/de/press","index, follow","7","0","https://www.myglobalhealth.online/romania/de/press","2026-09-12T20:17:49.820Z","a86545a42d14aba5032512ba7cd0ceeaf499220100272ce45a2887aed1db61b8"
"https://www.myglobalhealth.online/romania/de/pricing","de","200","https://www.myglobalhealth.online/romania/de/pricing","Wählen Sie Ihren Monatstarif · Rumänien · Global Health","Monatliche hausärztliche Online-Versorgung mit Beratungsguthaben und Facharzt-Ersparnissen, abgestimmt auf Rumänien.","Versorgung, die sich erneuert mit Ihnen","323","https://www.myglobalhealth.online/romania/de/pricing","index, follow","7","0","https://www.myglobalhealth.online/romania/de/pricing","2026-09-12T20:17:46.981Z","9fd5448683125d8146a4f123001ef41d2b31b0d5da44188845d370215eff307f"
"https://www.myglobalhealth.online/romania/de/see-a-specialist","de","200","https://www.myglobalhealth.online/romania/de/see-a-specialist","Fachärztliche Versorgung passend zu einem aktiven Angebot · Romania","Global Health führt die derzeit in Romania verfügbaren fachärztlichen Online-Sprechstunden auf. Die Verfügbarkeit hängt von Leistung, Fachkraft und Terminplan ab. Manche Anliegen erfordern eine Untersuchung vor Ort oder eine andere Versorgungsform.","Lernen Sie unsere zugelassenen Spezialisten kennen.","865","https://www.myglobalhealth.online/romania/de/see-a-specialist","index, follow","7","6","https://www.myglobalhealth.online/romania/de/see-a-specialist","2026-09-12T20:17:45.368Z","cf47e673c81058b98763b714e82a403022dff0beda97a004ba647a0f34192556"
"https://www.myglobalhealth.online/romania/de/services/a-doua-opinie-medicala","de","200","https://www.myglobalhealth.online/romania/de/services/a-doua-opinie-medicala","Zweite medizinische Meinung online | Rumänien | unabhängige Bewertung","Eine zweite medizinische Meinung für die Diagnose, den Behandlungsplan oder eine wichtige medizinische Empfehlung. Unsere von der CMR autorisierten Ärzte bieten per Videokonsultation eine klare, strukturierte und unabhängige zweite Meinung an.","Zweite ärztliche Meinung — unabhängige klinische Bewertung","376","https://www.myglobalhealth.online/romania/de/services/a-doua-opinie-medicala","index, follow","7","0","https://www.myglobalhealth.online/romania/de/services/a-doua-opinie-medicala","2026-09-12T20:17:27.896Z","e842d8bbda98b6997b8fad771ffcf2f1f9efc5cbffa71fe56d583ad6772b1d1f"
"https://www.myglobalhealth.online/romania/de/services/boli-cronice-online","de","200","https://www.myglobalhealth.online/romania/de/services/boli-cronice-online","Online-Management chronischer Krankheiten | Rumänien | medic CMR","Management für Bluthochdruck, Diabetes, Schilddrüsenerkrankungen oder andere langfristige Erkrankungen. Unsere beim CMR zugelassenen Ärzte bieten eine kontinuierliche medizinische Überwachung, Anpassung des Behandlungsplans und Koordination der Untersuchungen per Videokonsultation.","Management chronischer Krankheiten — kontinuierliche medizinische Betreuung online","387","https://www.myglobalhealth.online/romania/de/services/boli-cronice-online","index, follow","7","0","https://www.myglobalhealth.online/romania/de/services/boli-cronice-online","2026-09-12T20:17:31.377Z","97d273d89db8188a17b1659d286adf36d676c36fcb42f3ea271f15e1f563e70b"
"https://www.myglobalhealth.online/romania/de/services/caderea-parului-online","de","200","https://www.myglobalhealth.online/romania/de/services/caderea-parului-online","Online-Beratung bei Haarausfall | Rumänien · Global Health","Bewertung bei Ausdünnung oder starkem Haarausfall. Unsere autorisierten CMR-Ärzte bewerten mögliche Ursachen, empfehlen die notwendigen Untersuchungen und erstellen einen auf klinischen Daten basierenden Managementplan.","Beratung bei Haarausfall — online, noch am selben Tag","350","https://www.myglobalhealth.online/romania/de/services/caderea-parului-online","index, follow","7","0","https://www.myglobalhealth.online/romania/de/services/caderea-parului-online","2026-09-12T20:17:29.733Z","1834c7fa95b27462fb39aba1261d879c53aa76f53547468fbd32c3bac282c479"
"https://www.myglobalhealth.online/romania/de/services/consultatie-dermatologica","de","200","https://www.myglobalhealth.online/romania/de/services/consultatie-dermatologica","Online-Beratung bei Hautproblemen | Rumänien · Global Health","Bewertung bei Hautausschlägen, Ekzem, Akne, Juckreiz oder anderen Hautproblemen. Unsere zugelassenen CMR-Ärzte beurteilen die Symptome per Videosprechstunde und empfehlen Ihnen die passende Behandlung oder die nächsten Schritte.","Dermatologische Erstberatung — Online-Bewertung","331","https://www.myglobalhealth.online/romania/de/services/consultatie-dermatologica","index, follow","7","0","https://www.myglobalhealth.online/romania/de/services/consultatie-dermatologica","2026-09-12T20:17:29.241Z","d2acf3ef8460f1333dc467084448ad887168cbc811ca0e65afed8ed402630a51"
"https://www.myglobalhealth.online/romania/de/services/consultatie-neurologie","de","200","https://www.myglobalhealth.online/romania/de/services/consultatie-neurologie","Online-Neurologie-Beratung | Rumänien | CMR-Spezialist","Fachärztliche Beurteilung bei Migräne, anhaltenden Kopfschmerzen, Taubheitsgefühlen, Neuropathie oder anderen neurologischen Problemen. Unser zugelassener CMR-Spezialist bietet eine erste Beurteilung, Empfehlungen und einen Untersuchungsplan per Videoberatung.","Neurologische Beratung — fachärztliche Online-Einschätzung","336","https://www.myglobalhealth.online/romania/de/services/consultatie-neurologie","index, follow","7","0","https://www.myglobalhealth.online/romania/de/services/consultatie-neurologie","2026-09-12T20:17:34.106Z","ce0e1f42fc5e17e6de598586dee0ddabb3f44107b3dfa739b5ff0cf5647ffc64"
"https://www.myglobalhealth.online/romania/de/services/consultatie-pediatrie","de","200","https://www.myglobalhealth.online/romania/de/services/consultatie-pediatrie","Facharzt für Pädiatrie online | Rumänien | umfassende Beurteilung","Fachärztliche pädiatrische Meinung und detaillierte Bewertung bei Gesundheitsproblemen des Kindes. Unser vom CMR zugelassener Kinderarzt bietet Videoberatungen für Fälle an, die eine eingehende klinische Analyse erfordern.","Facharzt für Kinderheilkunde — umfassende pädiatrische Online-Bewertung","342","https://www.myglobalhealth.online/romania/de/services/consultatie-pediatrie","index, follow","7","0","https://www.myglobalhealth.online/romania/de/services/consultatie-pediatrie","2026-09-12T20:17:35.096Z","b781c63d64aa8a076a695c598972bc59b1a20ef0081f59f761805637b58ffb8d"
"https://www.myglobalhealth.online/romania/de/services/controlul-greutatii","de","200","https://www.myglobalhealth.online/romania/de/services/controlul-greutatii","Online-Gewichtsmanagement | Rumänien | medizinische Beurteilung","Medizinisches Gewichtsmanagement, über Ernährung und Lebensstil hinaus. Unsere von der CMR zugelassenen Ärzte bewerten die medizinischen, metabolischen und verhaltensbezogenen Faktoren, die das Gewicht beeinflussen, und erstellen einen realistischen Managementplan.","Gewichtsmanagement — medizinische Bewertung und individueller Plan","349","https://www.myglobalhealth.online/romania/de/services/controlul-greutatii","index, follow","7","0","https://www.myglobalhealth.online/romania/de/services/controlul-greutatii","2026-09-12T20:17:31.938Z","6ca43610fc948b00827f113f39703ef8183a6a6b999785b10fbeb716358e8d28"
"https://www.myglobalhealth.online/romania/de/services/dureri-musculo-scheletice","de","200","https://www.myglobalhealth.online/romania/de/services/dureri-musculo-scheletice","Online-Beratung bei muskuloskelettalen Schmerzen | Rumänien","Bewertung bei Rückenschmerzen, Gelenkschmerzen, Ischias oder Muskelverletzungen. Unsere von der CMR zugelassenen Ärzte beurteilen die Symptome, Warnzeichen und Behandlungsoptionen per Video-Sprechstunde.","Beurteilung von muskuloskelettalen Schmerzen — online, am selben Tag","345","https://www.myglobalhealth.online/romania/de/services/dureri-musculo-scheletice","index, follow","7","0","https://www.myglobalhealth.online/romania/de/services/dureri-musculo-scheletice","2026-09-12T20:17:30.310Z","11841eff957ede35121d47e837bfc277a674fb2ddbeb023361ee2a2f744288cc"
"https://www.myglobalhealth.online/romania/de/services/evaluare-durere","de","200","https://www.myglobalhealth.online/romania/de/services/evaluare-durere","Online-Spezialbewertung von Schmerzen | Rumänien","Fachärztliche Beurteilung bei chronischen oder starken Schmerzen. Unser vom CMR zugelassener Spezialist bietet eine klinische Beurteilung mit Fokus auf Schmerzkontrolle, therapeutische Optionen und die Koordination der erforderlichen Untersuchungen.","Spezialisierte Schmerzeinschätzung — Online-Beratung","297","https://www.myglobalhealth.online/romania/de/services/evaluare-durere","index, follow","7","0","https://www.myglobalhealth.online/romania/de/services/evaluare-durere","2026-09-12T20:17:34.585Z","776ece2a0fd47b313eb6a08de9f5a21760cb44d4324cfe5ef9f37541fca06c1a"
"https://www.myglobalhealth.online/romania/de/services/medic-online-romania","de","200","https://www.myglobalhealth.online/romania/de/services/medic-online-romania","Arzt online ohne Registrierung | Konsultation am selben Tag","Registrierter Arzt bei der CMR online verfügbar, ohne Warteliste und ohne beim Hausarzt registriert zu sein. Videokonsultation auf Rumänisch oder Englisch. Buchen Sie noch heute.","Online-Arzt — ohne Registrierung, ohne Wartezimmer, noch am selben Tag","1181","https://www.myglobalhealth.online/romania/de/services/medic-online-romania","index, follow","7","0","https://www.myglobalhealth.online/romania/de/services/medic-online-romania","2026-09-12T20:17:26.148Z","6cbc0ae03ad06f5bfd1e6a0497b39c6bbffeae87189374ee67bb6fcffe9c1098"
"https://www.myglobalhealth.online/romania/de/services/medic-pediatru-online","de","200","https://www.myglobalhealth.online/romania/de/services/medic-pediatru-online","Online-Kinderarztberatung | Rumänien | CMR-Arzt","Schnelle kinderärztliche Konsultationen und medizinischer Rat für Kinder. Unsere von der CMR zugelassenen Ärzte beurteilen die Symptome des Kindes per gesicherter Videokonsultation und geben Ihnen klare Empfehlungen für die nächsten Schritte.","Allgemeinmedizinische pädiatrische Konsultation — online, noch am selben Tag","346","https://www.myglobalhealth.online/romania/de/services/medic-pediatru-online","index, follow","7","0","https://www.myglobalhealth.online/romania/de/services/medic-pediatru-online","2026-09-12T20:17:27.226Z","5fc9a1b7ee248d5c5c78581c5b5606879d566c91408c430ba38f1b860e523495"
"https://www.myglobalhealth.online/romania/de/services/medicina-calatoriei","de","200","https://www.myglobalhealth.online/romania/de/services/medicina-calatoriei","Online-Reisemedizin-Beratung | Rumänien | antimalarische Prophylaxe","Medizinische Reiseberatung für Gebiete mit Malariarisiko oder Reiseziele mit besonderen Impfanforderungen. Unsere zugelassenen CMR-Ärzte bewerten die Risiken, geben personalisierte Empfehlungen und verschreiben bei klinischer Indikation eine Malariaprophylaxe.","Reisemedizinische Beratung — medizinische Bewertung vor der Abreise","367","https://www.myglobalhealth.online/romania/de/services/medicina-calatoriei","index, follow","7","0","https://www.myglobalhealth.online/romania/de/services/medicina-calatoriei","2026-09-12T20:17:28.767Z","bc4625dcb9f2978b55a3baefb041accd3f1a06e44638073b1b2d2fe1a7a86e68"
"https://www.myglobalhealth.online/romania/de/services/reinnoire-tratament","de","200","https://www.myglobalhealth.online/romania/de/services/reinnoire-tratament","Online-Behandlungsverlängerung | Rumänien | elektronisches Rezept","Erneuerung der stabilen Behandlung mit klinischer Bewertung. Unsere von der CMR autorisierten Ärzte überprüfen das aktuelle Behandlungsschema, prüfen die Sicherheit der Fortsetzung und stellen bei klinischer Eignung ein elektronisches Rezept aus.","Verlängerung der Behandlung — klinische Bewertung und Online-Verschreibung","378","https://www.myglobalhealth.online/romania/de/services/reinnoire-tratament","index, follow","7","0","https://www.myglobalhealth.online/romania/de/services/reinnoire-tratament","2026-09-12T20:17:26.753Z","64627ceccb2ef25d7dca425eea81df16308384e022a1b323c14667f6ac40d9ce"
"https://www.myglobalhealth.online/romania/de/services/sanatate-mintala-online","de","200","https://www.myglobalhealth.online/romania/de/services/sanatate-mintala-online","Online-Konsultation für psychische Gesundheit | Rumänien | vertraulich","Vertrauliche Beurteilung bei Angst, Depression, Burnout, Schlaflosigkeit oder anderen emotionalen Schwierigkeiten. Unsere zugelassenen CMR-Ärzte bieten eine vertrauliche Beurteilung, Empfehlungen und die Koordination der nächsten Schritte per Video-Konsultation.","Psychische Gesundheitsbewertung — vertrauliche Online-Konsultation","347","https://www.myglobalhealth.online/romania/de/services/sanatate-mintala-online","index, follow","7","0","https://www.myglobalhealth.online/romania/de/services/sanatate-mintala-online","2026-09-12T20:17:30.830Z","697cb86ad22d1cbc76c9776923d231b8020c9009f9d91908bc8c55019c6643c4"
"https://www.myglobalhealth.online/romania/de/services/sanatatea-barbatului-online","de","200","https://www.myglobalhealth.online/romania/de/services/sanatatea-barbatului-online","Online-Beratung für Männergesundheit | Rumänien | vertraulich","Vertrauliche Beratungen bei erektiler Dysfunktion, Testosteron, Libido, Fruchtbarkeit oder allgemeiner Gesundheit. Unsere von der CMR zugelassenen Ärzte bieten eine vertrauliche Beurteilung und klare medizinische Empfehlungen per Videoberatung an.","Männergesundheit — vertrauliche Online-Bewertung","326","https://www.myglobalhealth.online/romania/de/services/sanatatea-barbatului-online","index, follow","7","0","https://www.myglobalhealth.online/romania/de/services/sanatatea-barbatului-online","2026-09-12T20:17:32.432Z","0b35c89f8b2140a449bd6998458edcdd81b090c167312265be2887a6525ef832"
"https://www.myglobalhealth.online/romania/de/services/sanatatea-femeii-online","de","200","https://www.myglobalhealth.online/romania/de/services/sanatatea-femeii-online","Online-Frauengesundheitsberatung | Rumänien | vertraulich","Vertrauliche Beratungen zu Verhütung, prämenstruellem Syndrom, Menopause, hormoneller Gesundheit und anderen häufigen gynäkologischen Symptomen. Unsere von der CMR autorisierten Ärzte bieten eine vertrauliche Beurteilung und klare medizinische Empfehlungen per Videoberatung.","Frauengesundheit — vertrauliche Online-Bewertung","356","https://www.myglobalhealth.online/romania/de/services/sanatatea-femeii-online","index, follow","7","0","https://www.myglobalhealth.online/romania/de/services/sanatatea-femeii-online","2026-09-12T20:17:33.051Z","298f823247f9eb85a13485b94a3827ea3be879db4215fe2a653ee645a4f92c27"
"https://www.myglobalhealth.online/romania/de/services/trimiteri-si-investigatii","de","200","https://www.myglobalhealth.online/romania/de/services/trimiteri-si-investigatii","Medizinische Schreiben und Untersuchungen online | Rumänien | medic CMR","Ärztliche Schreiben, Empfehlungen für Untersuchungen und Überweisungen an Fachärzte. Unsere vom CMR autorisierten Ärzte können die Situation beurteilen und die relevante klinische Dokumentation ausstellen, wenn dies angezeigt ist.","Medizinische Briefe, Überweisungen und Untersuchungen — Online-Koordination","373","https://www.myglobalhealth.online/romania/de/services/trimiteri-si-investigatii","index, follow","7","0","https://www.myglobalhealth.online/romania/de/services/trimiteri-si-investigatii","2026-09-12T20:17:33.574Z","f4c53645e7dd50530db4750f78f981cb303e32e61760e7cae660d15caad479d8"
"https://www.myglobalhealth.online/romania/de/tools/adhd-test","de","200","https://www.myglobalhealth.online/romania/de/tools/adhd-test","ADHS Test Rumänien | Kostenloser Selbsttest für Erwachsene","Machen Sie den Sechs-Fragen-Screener für ADHS bei Erwachsenen (ASRS v1.1, Teil A) und sehen Sie, was Ihre Antworten bedeuten. Ein Screening ist keine Diagnose — die stellen nur Psychiatrie oder klinische Psychologie.","ADHS Test Rumänien","1344","https://www.myglobalhealth.online/romania/de/tools/adhd-test","index, follow","34","6","https://www.myglobalhealth.online/romania/de/tools/adhd-test","2026-09-12T20:17:52.595Z","4f09233943a75e015562c2170f43f30624003b4e8a16c8ac960d8562dbac522d"
"https://www.myglobalhealth.online/romania/de/tools/blood-pressure-chart","de","200","https://www.myglobalhealth.online/romania/de/tools/blood-pressure-chart","Blutdrucktabelle Rumänien | Was Ihr Wert Bedeutet","Vergleichen Sie Ihren systolischen und diastolischen Wert mit der europäischen Blutdrucktabelle für Erwachsene. Kategorie, Bedeutung und welche Werte noch am selben Tag ärztlich abgeklärt gehören.","Blutdruck tabelle Rumänien","1241","https://www.myglobalhealth.online/romania/de/tools/blood-pressure-chart","index, follow","34","6","https://www.myglobalhealth.online/romania/de/tools/blood-pressure-chart","2026-09-12T20:17:51.592Z","cf19eaa36cb4e61075db80650632725db49f9f6b700f4c195af80ab498cf8afc"
"https://www.myglobalhealth.online/romania/de/tools/bmi-calculator","de","200","https://www.myglobalhealth.online/romania/de/tools/bmi-calculator","BMI-Rechner Rumänien | BMI Kostenlos Berechnen","Berechnen Sie Ihren Body-Mass-Index in Sekunden. Metrisch oder imperial, WHO-Kategorien für Erwachsene und was Ihr Ergebnis tatsächlich bedeutet.","BMI Rechner Rumänien","1031","https://www.myglobalhealth.online/romania/de/tools/bmi-calculator","index, follow","34","6","https://www.myglobalhealth.online/romania/de/tools/bmi-calculator","2026-09-12T20:17:50.486Z","4fab2e708b43542763ad6fece188ed8b7b6e9f0cf4d31709ac3a558b51850924"
"https://www.myglobalhealth.online/romania/de/tools/calorie-calculator","de","200","https://www.myglobalhealth.online/romania/de/tools/calorie-calculator","Kalorienrechner Rumänien | Täglichen Kalorienbedarf Berechnen","Berechnen Sie, wie viele Kalorien Sie täglich brauchen, um Ihr Gewicht zu halten, abzunehmen oder zuzunehmen. Mifflin-St-Jeor-Formel, fünf Aktivitätsstufen und was die Zahlen wirklich bedeuten.","Kostenloser Kalorienrechner Rumänien","1183","https://www.myglobalhealth.online/romania/de/tools/calorie-calculator","index, follow","34","6","https://www.myglobalhealth.online/romania/de/tools/calorie-calculator","2026-09-12T20:17:51.022Z","013c4c0da0b8d1a80ba792284ccd7aed4aed88e677122883e820b42429b2a733"
"https://www.myglobalhealth.online/romania/de/tools/due-date-calculator","de","200","https://www.myglobalhealth.online/romania/de/tools/due-date-calculator","Geburtstermin Berechnen Rumänien | Schwangerschaftswochen","Berechnen Sie Ihren errechneten Geburtstermin und die aktuelle Schwangerschaftswoche ab dem ersten Tag der letzten Periode. Berücksichtigt Ihre Zykluslänge, mit allen 40 Wochen im Überblick.","Geburtstermin berechnen Rumänien","1151","https://www.myglobalhealth.online/romania/de/tools/due-date-calculator","index, follow","34","6","https://www.myglobalhealth.online/romania/de/tools/due-date-calculator","2026-09-12T20:17:52.047Z","fbf4f537b84484c8e645cb78a183609edeebe2beb42be4d2349d07636b6bf6d4"
"https://www.myglobalhealth.online/romania/de/tools/osteoporosis-risk-checker","de","200","https://www.myglobalhealth.online/romania/de/tools/osteoporosis-risk-checker","Osteoporose-Risikocheck Rumänien | Brauche Ich Eine Knochendichtemessung?","Prüfen Sie die veröffentlichten Risikofaktoren für Osteoporose und Fragilitätsfrakturen und sehen Sie, ob Leitlinien eine Abklärung empfehlen. Kein FRAX, keine Diagnose — eine Checkliste zur Früherkennung, die Sie zu einem Arzttermin mitnehmen können.","Osteoporose- Risikocheck Rumänien","1508","https://www.myglobalhealth.online/romania/de/tools/osteoporosis-risk-checker","index, follow","34","6","https://www.myglobalhealth.online/romania/de/tools/osteoporosis-risk-checker","2026-09-12T20:17:53.644Z","faa4291ebd11bb80eb6abc41ba39446f40386dabd50701b5eb04036bb638ec7f"
"https://www.myglobalhealth.online/romania/de/tools/ovulation-calculator","de","200","https://www.myglobalhealth.online/romania/de/tools/ovulation-calculator","Eisprung Berechnen Rumänien | Fruchtbare Tage Und Eisprung","Berechnen Sie Ihre fruchtbaren Tage und den voraussichtlichen Eisprung ab dem ersten Tag der letzten Periode. Berücksichtigt Ihre Zykluslänge, mit den sechs fruchtbarsten Tagen im Detail.","Eisprung berechnen Rumänien","1284","https://www.myglobalhealth.online/romania/de/tools/ovulation-calculator","index, follow","34","6","https://www.myglobalhealth.online/romania/de/tools/ovulation-calculator","2026-09-12T20:17:53.217Z","4bd296a66cfee904ded953d9dcdadd0dfd1df676f9b8cf7af352f08a01124d87"
"https://www.myglobalhealth.online/romania/de/tools/sore-throat-checker","de","200","https://www.myglobalhealth.online/romania/de/tools/sore-throat-checker","Mandelentzündung-Check Rumänien | Halsschmerzen einordnen","Beantworten Sie fünf Fragen zu Ihren Halsschmerzen und sehen Sie, wie wahrscheinlich eine bakterielle Ursache ist — mit dem McIsaac-Score, den Ärztinnen und Ärzte nutzen. Inklusive der Warnzeichen, die dringend abgeklärt gehören. Keine Diagnose und kein Streptokokken-Test.","Mandelentzündung und Halsschmerzen-Check Rumänien","1596","https://www.myglobalhealth.online/romania/de/tools/sore-throat-checker","index, follow","34","6","https://www.myglobalhealth.online/romania/de/tools/sore-throat-checker","2026-09-12T20:17:54.209Z","3be67c0917ce2e89a4473404a070bfee0e595b17f96a2cf223e07ce7ffdd779b"
"https://www.myglobalhealth.online/romania/en","en","200","https://www.myglobalhealth.online/romania/en","Online Doctor Romania | Registered GPs & Specialists","See a registered doctor online today — GP consultations, medical certificates, specialist referrals. Same-day video appointments in Romania.","Online medical care in Romania","1516","https://www.myglobalhealth.online/romania/en","index, follow","7","7","https://www.myglobalhealth.online/romania/en","2026-09-12T20:17:43.244Z","4207708d3055f2ee8a9e44d4e52961413de53bc62ca4008b6e63719023287c66"
"https://www.myglobalhealth.online/romania/en/about","en","200","https://www.myglobalhealth.online/romania/en/about","About Global Health Romania | Online Doctors · Global Health","Global Health Romania: online video consultations with doctors registered with Colegiul Medicilor din România, in Romanian / English. What we offer and who we are.","About Global Health Romania","453","https://www.myglobalhealth.online/romania/en/about","index, follow","7","4","https://www.myglobalhealth.online/romania/en/about","2026-09-12T20:17:48.586Z","774bae1557e6431149872368fdabfcea30b78e476fdf136fe5a8882c62e7b6c2"
"https://www.myglobalhealth.online/romania/en/blog","en","200","https://www.myglobalhealth.online/romania/en/blog","Health Guides from Registered Doctors in Romania","Evidence-based health guides for Romania, written and reviewed by our medical team. No ads, no fluff.","Health Guides from Registered Doctors.","347","https://www.myglobalhealth.online/romania/en/blog","index, follow","7","0","https://www.myglobalhealth.online/romania/en/blog","2026-09-12T20:17:47.197Z","3f6d72a01f9cbd55b67370fb56afa45bd8a930d500faf6b189f340a517a04e82"
"https://www.myglobalhealth.online/romania/en/blog/chronic-disease-national-health-programmes-romania","en","200","https://www.myglobalhealth.online/romania/en/blog/chronic-disease-national-health-programmes-romania","Chronic disease and Romania's health programmes","Diseases covered by Romania's national health programmes: what they include, how inclusion happens and how to monitor a chronic condition between reviews.","Chronic disease and Romania's national health programmes: how it works","2021","https://www.myglobalhealth.online/romania/en/blog/chronic-disease-national-health-programmes-romania","index, follow","7","6","https://www.myglobalhealth.online/romania/en/blog/chronic-disease-national-health-programmes-romania","2026-09-12T20:17:40.323Z","084c4f26d1965f4d8f7bad95f1d893ddbcbc2da4148d364d799742ad9281cfac"
"https://www.myglobalhealth.online/romania/en/blog/diabetes-the-silent-disease-5","en","200","https://www.myglobalhealth.online/romania/en/blog/diabetes-the-silent-disease-5","Diabetes in Romania: Symptoms and Treatment · Global Health","More than 1.3 million Romanians live with diabetes, while many cases remain undiagnosed. Learn the causes, warning signs, treatments and future developments.","Diabetes: The Silent Disease","3818","https://www.myglobalhealth.online/romania/en/blog/diabetes-the-silent-disease-5","index, follow","7","7","https://www.myglobalhealth.online/romania/en/blog/diabetes-the-silent-disease-5","2026-09-12T20:17:41.024Z","196c11e66576595ad1d9c053ca5ef71df54e0e461c1f6b162d271fb7471c0872"
"https://www.myglobalhealth.online/romania/en/blog/how-to-lower-blood-pressure-quickly-and-safely","en","200","https://www.myglobalhealth.online/romania/en/blog/how-to-lower-blood-pressure-quickly-and-safely","Lower blood pressure quickly: safe first steps","What to do after a high reading, when to call 112 and why extra captopril, additional doses and improvised remedies may be unsafe.","How to lower blood pressure quickly: safe steps and when to call 112","1305","https://www.myglobalhealth.online/romania/en/blog/how-to-lower-blood-pressure-quickly-and-safely","index, follow","7","4","https://www.myglobalhealth.online/romania/en/blog/how-to-lower-blood-pressure-quickly-and-safely","2026-09-12T20:17:38.760Z","f6e56b015dc49d104472a008a3cbbaeee1540ad9195ac20c3277973f541d693c"
"https://www.myglobalhealth.online/romania/en/blog/low-blood-pressure-why-it-happens-what-to-do-right-away-and-when-not-to-wait","en","200","https://www.myglobalhealth.online/romania/en/blog/low-blood-pressure-why-it-happens-what-to-do-right-away-and-when-not-to-wait","Low blood pressure: causes, what to do, and when to call 112","What low blood pressure means, the common causes, the steps recommended by the European guideline when you feel dizzy, why sugar water doesn't help, and when it's an emergency.","Low blood pressure: why it happens, what to do right away, and when not to wait","1531","https://www.myglobalhealth.online/romania/en/blog/low-blood-pressure-why-it-happens-what-to-do-right-away-and-when-not-to-wait","index, follow","7","4","https://www.myglobalhealth.online/romania/en/blog/low-blood-pressure-why-it-happens-what-to-do-right-away-and-when-not-to-wait","2026-09-12T20:17:38.265Z","05769f461fa8f113ce117d4c4bdec41e058942244cde3f32f48cae312d8bb2e8"
"https://www.myglobalhealth.online/romania/en/blog/medical-letter-romania","en","200","https://www.myglobalhealth.online/romania/en/blog/medical-letter-romania","Medical letter in Romania: who issues it · Global Health","The medical letter in Romania: who issues it, what it must contain, what it is used for, how long it is valid and what to do if it is incomplete.","The medical letter in Romania: who issues it, what it contains and what it is for","2067","https://www.myglobalhealth.online/romania/en/blog/medical-letter-romania","index, follow","7","6","https://www.myglobalhealth.online/romania/en/blog/medical-letter-romania","2026-09-12T20:17:39.889Z","e226b225e1152e2897cc5217267308ac2726bbe2b6c004f9fc1473185dfe5b77"
"https://www.myglobalhealth.online/romania/en/blog/medical-review-policy","en","200","https://www.myglobalhealth.online/romania/en/blog/medical-review-policy","Medical Review Policy — Global Health Romania","How Global Health writes, reviews and updates the health articles published for Romania: who writes them, which registered physician signs them off, and the editorial standards we hold ourselves to.","How we write and review medical content","677","https://www.myglobalhealth.online/romania/en/blog/medical-review-policy","index, follow","7","0","https://www.myglobalhealth.online/romania/en/blog/medical-review-policy","2026-09-12T20:17:47.623Z","292903cfa39ea794b4250fa39a71ca09b1aec174bc37cae2af199f58d6856d43"
"https://www.myglobalhealth.online/romania/en/blog/normal-blood-pressure-a-practical-guide-by-age-without-misleading-tables","en","200","https://www.myglobalhealth.online/romania/en/blog/normal-blood-pressure-a-practical-guide-by-age-without-misleading-tables","Normal blood pressure by age · Global Health","Learn which blood pressure readings are normal in adults, what changes with age, and when repeated high readings need medical review.","Normal blood pressure: a practical guide by age, without misleading tables","1836","https://www.myglobalhealth.online/romania/en/blog/normal-blood-pressure-a-practical-guide-by-age-without-misleading-tables","index, follow","7","6","https://www.myglobalhealth.online/romania/en/blog/normal-blood-pressure-a-practical-guide-by-age-without-misleading-tables","2026-09-12T20:17:39.255Z","15c0251e64eca9f2805b6d9ab8b05f07706d20e887f6544c700daf20ce460475"
"https://www.myglobalhealth.online/romania/en/book","en","200","https://www.myglobalhealth.online/romania/en/book","Book your consultation — Romania · Global Health","Romania medical clinic. Choose a service, clinician, time, and patient details.","","2","https://www.myglobalhealth.online/romania/en/book","index, follow","7","0","https://www.myglobalhealth.online/romania/en/book","2026-09-12T20:17:45.891Z","6b8febcf27bce4d780bf0d64de921d8800edeca26f7d16136ec7601c0f3222b0"
"https://www.myglobalhealth.online/romania/en/careers","en","200","https://www.myglobalhealth.online/romania/en/careers","Careers at Global Health Romania","Join Global Health in Romania. We work with registered doctors, clinical support and technology teams across Europe and Brazil. See how to apply.","Careers at Global Health","92","https://www.myglobalhealth.online/romania/en/careers","index, follow","7","0","https://www.myglobalhealth.online/romania/en/careers","2026-09-12T20:17:49.081Z","5768ae2408dadcbb45013c94a07eedc5983d1ab858648f87bdc3d8bd13dfca8b"
"https://www.myglobalhealth.online/romania/en/contact","en","200","https://www.myglobalhealth.online/romania/en/contact","Contact Global Health Romania | Online Doctor","Contact Global Health Romania: info@myglobalhealth.online. Online video consultations with registered doctors, in Romanian and English.","Contact Global Health Romania","247","https://www.myglobalhealth.online/romania/en/contact","index, follow","7","4","https://www.myglobalhealth.online/romania/en/contact","2026-09-12T20:17:48.164Z","e81e1f524591ae795887a7a67bdad5f9637f33b3735a655ab79ca0c3bced3bc4"
"https://www.myglobalhealth.online/romania/en/doctors","en","200","https://www.myglobalhealth.online/romania/en/doctors","Registered CMR Doctors | Online Consultations in Romania","Browse 3 registered CMR doctors and specialists available online in Romania. View profiles, specialties, and languages. Book on the same day.","Doctors who actually pick up.","667","https://www.myglobalhealth.online/romania/en/doctors","index, follow","7","5","https://www.myglobalhealth.online/romania/en/doctors","2026-09-12T20:17:43.862Z","d2e2144f3054504374b885c5962628ffcaab2387ccfffb6e46d563de68484df8"
"https://www.myglobalhealth.online/romania/en/doctors/dr-alexandra-palaga","en","200","https://www.myglobalhealth.online/romania/en/doctors/dr-alexandra-palaga","Dr Alexandra Paga - Pediatrician | Global Health","Dr. Alexandra Palaga, pediatric specialist physician, expert in gastroenterology and celiac disease. Online consultations for children.","Dr Alexandra Palaga","994","https://www.myglobalhealth.online/romania/en/doctors/dr-alexandra-palaga","index, follow","7","6","https://www.myglobalhealth.online/romania/en/doctors/dr-alexandra-palaga","2026-09-12T20:17:41.485Z","80d7dad01eb78492dfab174595528672e97a5d0c2433a23126ae4f446dc418a8"
"https://www.myglobalhealth.online/romania/en/doctors/dr-andreea-lorena-bica","en","200","https://www.myglobalhealth.online/romania/en/doctors/dr-andreea-lorena-bica","Dr Andreea Lorena Bica - Neurologist | Global Health","Dr. Andreea-Lorena Bica, specialist neurologist with experience in stroke, epilepsy and neurodegenerative diseases. Schedule an online consultation.","Dr Andreea Lorena Bica","861","https://www.myglobalhealth.online/romania/en/doctors/dr-andreea-lorena-bica","index, follow","7","6","https://www.myglobalhealth.online/romania/en/doctors/dr-andreea-lorena-bica","2026-09-12T20:17:41.886Z","9dca1e20bb6908892415fa6edd672e8b7262eddf7d03243f5224884a5b5e7690"
"https://www.myglobalhealth.online/romania/en/doctors/dr-robert-gabriel-brindus","en","200","https://www.myglobalhealth.online/romania/en/doctors/dr-robert-gabriel-brindus","Dr Robert Gabriel Brindus - Anesthesiologist | Global Health","Dr. Robert Brînduș, specialist physician in anesthesiology and intensive care, experience in Romania and Ireland. Online consultations in pain medicine and perioperative care.","Dr Robert Gabriel Brindus","1666","https://www.myglobalhealth.online/romania/en/doctors/dr-robert-gabriel-brindus","index, follow","7","6","https://www.myglobalhealth.online/romania/en/doctors/dr-robert-gabriel-brindus","2026-09-12T20:17:42.695Z","77e277a8aaff9a339273bf9b5840e8cd4fd33376f104f4f1105c38732e797e8a"
"https://www.myglobalhealth.online/romania/en/faq","en","200","https://www.myglobalhealth.online/romania/en/faq","Frequently asked questions — Romania · Global Health","Romania — Booking, payment, consultations, privacy, and when online care is not the right route. Can't find what you need? Drop us a line.","Questions, answered without the marketing speak.","366","https://www.myglobalhealth.online/romania/en/faq","index, follow","3","0","https://www.myglobalhealth.online/romania/en/faq","2026-09-12T20:17:50.018Z","59957308b9896eb482ccd5a18bc1cc7b1bc06fd219d9f41a3deff3bdf4782efe"
"https://www.myglobalhealth.online/romania/en/gp-consultation-online","en","200","https://www.myglobalhealth.online/romania/en/gp-consultation-online","Online GP Consultation in România | Global Health","Online GP consultations with doctors registered with Colegiul Medicilor din România.","Online GP Consultation in România","1320","https://www.myglobalhealth.online/romania/en/gp-consultation-online","index, follow","7","6","https://www.myglobalhealth.online/romania/en/gp-consultation-online","2026-09-12T20:17:44.405Z","c4ade0ffd41c3b9d4d57cfabcb4474d3dc94f99de45c8d58656f8eaea577e8b5"
"https://www.myglobalhealth.online/romania/en/lab-tests","en","200","https://www.myglobalhealth.online/romania/en/lab-tests","Health tests with product-specific information · Romania","This page lists health tests currently available in Romania. Each test has its own price, stock status, sample information and expected results timeline when those details have been configured.","Lab results, reviewed by our doctors.","592","https://www.myglobalhealth.online/romania/en/lab-tests","index, follow","7","6","https://www.myglobalhealth.online/romania/en/lab-tests","2026-09-12T20:17:46.160Z","ece53c3483c7d474ee3c58094719de71a8fc4b2e3411e694d371959a9eed8777"
"https://www.myglobalhealth.online/romania/en/legal","en","200","https://www.myglobalhealth.online/romania/en/legal","Legal information. · Romania · Global Health","Legal documents, company registration and regulatory details for Global Health in Romania.","Legal information.","151","https://www.myglobalhealth.online/romania/en/legal","index, follow","7","0","https://www.myglobalhealth.online/romania/en/legal","2026-09-12T20:17:35.229Z","fdc5dc7ac50fe5657a76f0b13979276eaa671e15106985b5e8fcadc929d702be"
"https://www.myglobalhealth.online/romania/en/legal/complaints-procedure","en","200","https://www.myglobalhealth.online/romania/en/legal/complaints-procedure","Complaints Procedure · Romania · Global Health","Complaints Procedure. Legal documents, company registration and regulatory details for Global Health in Romania.","Complaints Procedure","795","https://www.myglobalhealth.online/romania/en/legal/complaints-procedure","index, follow","7","0","https://www.myglobalhealth.online/romania/en/legal/complaints-procedure","2026-09-12T20:17:37.402Z","2e2a92a21bc95d81bd5d2e1553d94e0652233a2bca4371f652c6a7b4af045dc6"
"https://www.myglobalhealth.online/romania/en/legal/cookie-policy","en","200","https://www.myglobalhealth.online/romania/en/legal/cookie-policy","Cookie Policy · Romania · Global Health","Cookie Policy. Legal documents, company registration and regulatory details for Global Health in Romania.","Cookie Policy","334","https://www.myglobalhealth.online/romania/en/legal/cookie-policy","index, follow","2","0","https://www.myglobalhealth.online/romania/en/legal/cookie-policy","2026-09-12T20:17:36.741Z","0c165fea67cdf8d520ad2994380d7a07a09a22f88490f87f792604b9cf82ef42"
"https://www.myglobalhealth.online/romania/en/legal/medical-disclaimer","en","200","https://www.myglobalhealth.online/romania/en/legal/medical-disclaimer","Medical Disclaimer · Romania · Global Health","Medical Disclaimer. Legal documents, company registration and regulatory details for Global Health in Romania.","Medical Disclaimer","2027","https://www.myglobalhealth.online/romania/en/legal/medical-disclaimer","index, follow","3","0","https://www.myglobalhealth.online/romania/en/legal/medical-disclaimer","2026-09-12T20:17:37.911Z","4570676af5b33b1e00ea54cc6ff9543433e7fc6938a956ade09c5705446f11a9"
"https://www.myglobalhealth.online/romania/en/legal/privacy-policy","en","200","https://www.myglobalhealth.online/romania/en/legal/privacy-policy","Privacy Policy · Romania · Global Health","Privacy Policy. Legal documents, company registration and regulatory details for Global Health in Romania.","Privacy Policy","3497","https://www.myglobalhealth.online/romania/en/legal/privacy-policy","index, follow","7","0","https://www.myglobalhealth.online/romania/en/legal/privacy-policy","2026-09-12T20:17:36.354Z","bb18463a20d601cbec1b2637fbe5add5bf8b40674cf87d0befcb7708ab42a5b7"
"https://www.myglobalhealth.online/romania/en/legal/refund-policy","en","200","https://www.myglobalhealth.online/romania/en/legal/refund-policy","Refund Policy · Romania · Global Health","Refund Policy. Legal documents, company registration and regulatory details for Global Health in Romania.","Refund Policy","2613","https://www.myglobalhealth.online/romania/en/legal/refund-policy","index, follow","7","0","https://www.myglobalhealth.online/romania/en/legal/refund-policy","2026-09-12T20:17:36.921Z","e5cee8c2c4c0774af2c2997d361ad107d96a37e3f604f28afb18c43414ab4ca2"
"https://www.myglobalhealth.online/romania/en/legal/terms-of-service","en","200","https://www.myglobalhealth.online/romania/en/legal/terms-of-service","Terms and Conditions · Romania · Global Health","Terms and Conditions. Legal documents, company registration and regulatory details for Global Health in Romania.","Terms and Conditions","6684","https://www.myglobalhealth.online/romania/en/legal/terms-of-service","index, follow","7","0","https://www.myglobalhealth.online/romania/en/legal/terms-of-service","2026-09-12T20:17:36.031Z","56a3ff75c0c8368e089abed47328d93e0522427aa14242ea28278bf8e2afec0b"
"https://www.myglobalhealth.online/romania/en/press","en","200","https://www.myglobalhealth.online/romania/en/press","Press & Media — Global Health Romania","Press information about Global Health in Romania: who operates the service, how it is regulated, the markets we serve and how to reach our press contact.","Press & media","203","https://www.myglobalhealth.online/romania/en/press","index, follow","7","0","https://www.myglobalhealth.online/romania/en/press","2026-09-12T20:17:49.525Z","845d96e51b8afe7aeef28225ee3d49d0b062ebcb255de8a428dc45aa78605f20"
"https://www.myglobalhealth.online/romania/en/pricing","en","200","https://www.myglobalhealth.online/romania/en/pricing","Choose your monthly plan · Romania · Global Health","Monthly online GP care with consultation credits, specialist savings and wellness rewards, priced for Romania.","Care that renews with you","319","https://www.myglobalhealth.online/romania/en/pricing","index, follow","7","0","https://www.myglobalhealth.online/romania/en/pricing","2026-09-12T20:17:46.646Z","d7223ebb6e9efee147e8491d5a9b0a78f43fd57fcde64c36b69d9b68cbf0602b"
"https://www.myglobalhealth.online/romania/en/see-a-specialist","en","200","https://www.myglobalhealth.online/romania/en/see-a-specialist","Specialist care, matched to an active service · Romania","Global Health lists online specialist consultation services currently available in Romania. Availability depends on the service, clinician and appointment schedule. Some concerns need an in-person examination or another care setting.","Meet our registered specialists.","879","https://www.myglobalhealth.online/romania/en/see-a-specialist","index, follow","7","6","https://www.myglobalhealth.online/romania/en/see-a-specialist","2026-09-12T20:17:45.032Z","d40f43aebd5e158990455f44bfe1090a2e86c6bfc4cb4b03d2ff5d5d4d35e7ed"
"https://www.myglobalhealth.online/romania/en/services/a-doua-opinie-medicala","en","200","https://www.myglobalhealth.online/romania/en/services/a-doua-opinie-medicala","Second Medical Opinion Online | Romania | Independent Assessment","Independent second opinions on a diagnosis or treatment plan. Our CMR-registered doctors provide independent second medical opinions by secure video call. Same-day appointments available anywhere in Romania.","Second Medical Opinion — Independent Clinical Assessment","1564","https://www.myglobalhealth.online/romania/en/services/a-doua-opinie-medicala","index, follow","7","0","https://www.myglobalhealth.online/romania/en/services/a-doua-opinie-medicala","2026-09-12T20:17:27.555Z","016cd705f091153e61eb3c3e6491f187173eb97af74783843177434ed91ffd23"
"https://www.myglobalhealth.online/romania/en/services/boli-cronice-online","en","200","https://www.myglobalhealth.online/romania/en/services/boli-cronice-online","Chronic Disease Management Online | Romania | CMR Doctor | Same Day","Ongoing management for hypertension, diabetes, thyroid conditions, and other long-term conditions. Our CMR-registered doctors provide ongoing GP-level chronic disease management by video call. Available anywhere in Romania.","Chronic Disease Management — Ongoing GP-Level Care Online","2089","https://www.myglobalhealth.online/romania/en/services/boli-cronice-online","index, follow","7","0","https://www.myglobalhealth.online/romania/en/services/boli-cronice-online","2026-09-12T20:17:31.073Z","197511cc6e0c1a7f89a623122026310839a220c9dfd39acab41aec84ae2986b0"
"https://www.myglobalhealth.online/romania/en/services/caderea-parului-online","en","200","https://www.myglobalhealth.online/romania/en/services/caderea-parului-online","Hair Loss Consultation Online | Romania | CMR Doctor | Same Day","Hair loss and thinning hair assessment. Our CMR-registered doctors assess the medical cause of hair loss and advise on evidence-based treatment. Video consultation, same-day appointments anywhere in Romania.","Hair Loss Consultation — Online, Same Day","1673","https://www.myglobalhealth.online/romania/en/services/caderea-parului-online","index, follow","7","0","https://www.myglobalhealth.online/romania/en/services/caderea-parului-online","2026-09-12T20:17:29.402Z","2900dbd079acb4b1a92bcd11bdb28d13754824d9a8071e8e42ce7d0975e0dd44"
"https://www.myglobalhealth.online/romania/en/services/consultatie-dermatologica","en","200","https://www.myglobalhealth.online/romania/en/services/consultatie-dermatologica","Skin Consultation Online | Romania | English Doctor | Same Day","Assessment for rash, eczema, acne, and other skin concerns. Our CMR-registered doctors assess skin conditions by secure video call in English. Same-day appointments available anywhere in Romania.","Skin Consultation — Online Assessment in English","1743","https://www.myglobalhealth.online/romania/en/services/consultatie-dermatologica","index, follow","7","0","https://www.myglobalhealth.online/romania/en/services/consultatie-dermatologica","2026-09-12T20:17:28.883Z","ea7db73d4da7b0c3b9eac82ecbe96db32606c5206d78be7b5eeeed9daa92b97c"
"https://www.myglobalhealth.online/romania/en/services/consultatie-neurologie","en","200","https://www.myglobalhealth.online/romania/en/services/consultatie-neurologie","Neurology Consultation Online | Romania | Specialist Assessment","Specialist assessment for headaches, migraine, neuropathy, and other neurological concerns. Our CMR-registered neurologist offers specialist assessments and treatment reviews by video call. Same-day appointments available anywhere in Romania.","Neurology Consultation — Specialist Assessment Online","1939","https://www.myglobalhealth.online/romania/en/services/consultatie-neurologie","index, follow","7","0","https://www.myglobalhealth.online/romania/en/services/consultatie-neurologie","2026-09-12T20:17:33.762Z","388aed3da6b2eb9f0b51afa8784ba5e07ee3a8922e2ef0d194dcefd7519f16ce"
"https://www.myglobalhealth.online/romania/en/services/consultatie-pediatrie","en","200","https://www.myglobalhealth.online/romania/en/services/consultatie-pediatrie","Specialist Paediatrician Online | Romania | Complex Child Health","Specialist paediatric second opinions for complex child health concerns. Our CMR-registered specialist paediatrician conducts expert assessments by video call. Same-day appointments available anywhere in Romania.","Specialist Paediatrician — Expert Child Health Assessment Online","2065","https://www.myglobalhealth.online/romania/en/services/consultatie-pediatrie","index, follow","7","0","https://www.myglobalhealth.online/romania/en/services/consultatie-pediatrie","2026-09-12T20:17:34.790Z","9c8759e17ed79c4348fffa00dc9a88eb6dbbd55b434620a2604b43e2df6a9ca1"
"https://www.myglobalhealth.online/romania/en/services/controlul-greutatii","en","200","https://www.myglobalhealth.online/romania/en/services/controlul-greutatii","Weight Management Online | Romania | Medical Assessment","Medical weight management, beyond diet and lifestyle changes. Our CMR-registered doctors assess the medical and metabolic factors behind your weight. Video consultation, same-day appointments.","Weight Management — Medical Assessment and Personalised Plan","1359","https://www.myglobalhealth.online/romania/en/services/controlul-greutatii","index, follow","7","0","https://www.myglobalhealth.online/romania/en/services/controlul-greutatii","2026-09-12T20:17:31.560Z","76638d661a8bdc189d853b0b8bc76de8d4565ed7a5145a6d93642662ca5c85ad"
"https://www.myglobalhealth.online/romania/en/services/dureri-musculo-scheletice","en","200","https://www.myglobalhealth.online/romania/en/services/dureri-musculo-scheletice","Musculoskeletal & Pain Assessment Online | Romania | Same Day","Assessment for back pain, joint pain, sciatica, and muscle injuries. Our CMR-registered doctors assess musculoskeletal conditions by secure video call. Same-day appointments available anywhere in Romania.","Musculoskeletal & Pain Assessment — Online, Same Day","1883","https://www.myglobalhealth.online/romania/en/services/dureri-musculo-scheletice","index, follow","7","0","https://www.myglobalhealth.online/romania/en/services/dureri-musculo-scheletice","2026-09-12T20:17:29.965Z","ad205c3f8459b77fe0694c83707f4ce7759db270542a7b34fb49c020504d0f4d"
"https://www.myglobalhealth.online/romania/en/services/evaluare-durere","en","200","https://www.myglobalhealth.online/romania/en/services/evaluare-durere","Specialist Pain Assessment Online | Romania | Anaesthesiologist","Specialist assessment for chronic or severe pain. Our CMR-registered anaesthesiologist conducts specialist pain assessments by video call and develops personalised management plans. Same-day appointments available anywhere in Romania.","Specialist Pain Assessment — Anaesthesiologist Online","1858","https://www.myglobalhealth.online/romania/en/services/evaluare-durere","index, follow","7","0","https://www.myglobalhealth.online/romania/en/services/evaluare-durere","2026-09-12T20:17:34.264Z","c74378372d3261c239a316358faf0be0ac88f4ed670ad6168ee6114e8a65c5e5"
"https://www.myglobalhealth.online/romania/en/services/medic-online-romania","en","200","https://www.myglobalhealth.online/romania/en/services/medic-online-romania","English Doctor Online | Romania | Same-Day Appointment","See an English-speaking doctor registered to practise in Romania today. No registration required, no waiting room. Video consultation from anywhere in Romania. Book now.","See an English-Speaking Doctor Today — Online, From Anywhere in Romania","1445","https://www.myglobalhealth.online/romania/en/services/medic-online-romania","index, follow","7","0","https://www.myglobalhealth.online/romania/en/services/medic-online-romania","2026-09-12T20:17:25.985Z","8c25f6d7ade62b98e6152778bec0a9f4fd66dbeb4b3ff03194fd1cac529116ee"
"https://www.myglobalhealth.online/romania/en/services/medic-pediatru-online","en","200","https://www.myglobalhealth.online/romania/en/services/medic-pediatru-online","Paediatric GP Online | Romania | Children's Doctor | Same Day","Same-day paediatric consultations for children. Our CMR-registered doctors assess children's health concerns by secure video call. No waiting room, same-day appointments available anywhere in Romania.","Children's GP Consultation — Online, Same Day","2078","https://www.myglobalhealth.online/romania/en/services/medic-pediatru-online","index, follow","7","0","https://www.myglobalhealth.online/romania/en/services/medic-pediatru-online","2026-09-12T20:17:26.823Z","ef36a83a223c6a890ff814ecc481a9a0402c7e971ac1a72d98b6aa0aafe715d0"
"https://www.myglobalhealth.online/romania/en/services/medicina-calatoriei","en","200","https://www.myglobalhealth.online/romania/en/services/medicina-calatoriei","Travel Health Consultation Online | Romania | Malaria Prescription | English","Travel health assessments for malaria zones and higher-risk destinations. Our CMR-registered doctors assess travel health risks and prescribe malaria prophylaxis. Same-day appointments in English.","Travel Health Consultation — Medical Assessment Before You Go","2038","https://www.myglobalhealth.online/romania/en/services/medicina-calatoriei","index, follow","7","0","https://www.myglobalhealth.online/romania/en/services/medicina-calatoriei","2026-09-12T20:17:28.403Z","4e67513f3748e58544fd86eefc24f4fc47026089550ef72dd530685eb240179d"
"https://www.myglobalhealth.online/romania/en/services/reinnoire-tratament","en","200","https://www.myglobalhealth.online/romania/en/services/reinnoire-tratament","Online treatment renewal | Romania | electronic prescription","Renewal reviews for stable, ongoing medication. Our CMR-registered doctors review your treatment by secure video call and issue electronic prescriptions where clinically appropriate. Available anywhere in Romania, same day.","Treatment Renewal — Online Clinical Review and Prescription in Romania","1644","https://www.myglobalhealth.online/romania/en/services/reinnoire-tratament","index, follow","7","0","https://www.myglobalhealth.online/romania/en/services/reinnoire-tratament","2026-09-12T20:17:26.414Z","d09660be5c80d5d9a681aa178025d0476a0c8fc3dd4420b8c788695b4165d2dd"
"https://www.myglobalhealth.online/romania/en/services/sanatate-mintala-online","en","200","https://www.myglobalhealth.online/romania/en/services/sanatate-mintala-online","Mental Health Online | Romania | English Doctor | Anxiety & Depression","Confidential support for anxiety, depression, burnout, and other mental health concerns. Our CMR-registered doctors offer confidential GP-level mental health assessments in English. Same-day appointments available in Romania.","Mental Health Assessment — Online, in English","1667","https://www.myglobalhealth.online/romania/en/services/sanatate-mintala-online","index, follow","7","0","https://www.myglobalhealth.online/romania/en/services/sanatate-mintala-online","2026-09-12T20:17:30.487Z","0d056f8fea71da2e46a5b8373e6a8a08d7b6cc1d19241ccc12a225e3f4b37b4e"
"https://www.myglobalhealth.online/romania/en/services/sanatatea-barbatului-online","en","200","https://www.myglobalhealth.online/romania/en/services/sanatatea-barbatului-online","Men's Health Online | Romania | Confidential English Doctor","Confidential consultations for erectile dysfunction, testosterone, libido, and men's health. Our CMR-registered doctors offer confidential assessments in English by secure video call. Same-day appointments available.","Men's Health — Confidential Online Assessment in English","1464","https://www.myglobalhealth.online/romania/en/services/sanatatea-barbatului-online","index, follow","7","0","https://www.myglobalhealth.online/romania/en/services/sanatatea-barbatului-online","2026-09-12T20:17:32.030Z","c3f89e4cbfbfd7c1b9c9b29972ac6ea33b7b8ccb5fcc2d93fe636ca6a7f1a69e"
"https://www.myglobalhealth.online/romania/en/services/sanatatea-femeii-online","en","200","https://www.myglobalhealth.online/romania/en/services/sanatatea-femeii-online","Women's Health Online | Romania | English Doctor | Same Day","Confidential consultations for contraception, hormonal health, menopause, and women's health. Our CMR-registered doctors offer confidential assessments in English by secure video call. Same-day appointments available.","Women's Health — Confidential Online Assessment in English","1573","https://www.myglobalhealth.online/romania/en/services/sanatatea-femeii-online","index, follow","7","0","https://www.myglobalhealth.online/romania/en/services/sanatatea-femeii-online","2026-09-12T20:17:32.684Z","c941ea48c5f8fa4bfa980864a22a5173f627c9f7dd9827e7e3ccaab8159a49ae"
"https://www.myglobalhealth.online/romania/en/services/trimiteri-si-investigatii","en","200","https://www.myglobalhealth.online/romania/en/services/trimiteri-si-investigatii","Referral Letters & Investigations Online | Romania | CMR Doctor","Referral letters, blood tests, and imaging requests for Romania. Our CMR-registered doctors issue clinical documentation after full assessment. Same-day appointments available anywhere in Romania.","Referral Letters & Investigations — Clinical Documentation Online","1793","https://www.myglobalhealth.online/romania/en/services/trimiteri-si-investigatii","index, follow","7","0","https://www.myglobalhealth.online/romania/en/services/trimiteri-si-investigatii","2026-09-12T20:17:33.235Z","d606929c0ee784f5d7775b3cfe6aa910d2227181ba622fc0cc0a0773640403c2"
"https://www.myglobalhealth.online/romania/en/tools/adhd-test","en","200","https://www.myglobalhealth.online/romania/en/tools/adhd-test","ADHD Test Romania | Free Adult ADHD Screening","Take the six-question adult ADHD screener (ASRS v1.1 Part A) and see what your answers mean. A screening result is not a diagnosis — only a psychiatrist or clinical psychologist can make one.","ADHD test Romania","1574","https://www.myglobalhealth.online/romania/en/tools/adhd-test","index, follow","34","8","https://www.myglobalhealth.online/romania/en/tools/adhd-test","2026-09-12T20:17:52.254Z","ed38018fbe6729c10196707c90f5ac01e64514988341bcae6f3f4bb2be60c1ae"
"https://www.myglobalhealth.online/romania/en/tools/blood-pressure-chart","en","200","https://www.myglobalhealth.online/romania/en/tools/blood-pressure-chart","Blood Pressure Chart Romania | What Your Reading Means","Check your systolic and diastolic numbers against the European adult blood pressure chart. See the category, what it means, and which readings need medical care the same day.","Blood pressure chart Romania","1362","https://www.myglobalhealth.online/romania/en/tools/blood-pressure-chart","index, follow","34","8","https://www.myglobalhealth.online/romania/en/tools/blood-pressure-chart","2026-09-12T20:17:51.236Z","609bf8317ded94eb86446d7156c2c19c619047bce779026e51331a3d778e3d2b"
"https://www.myglobalhealth.online/romania/en/tools/bmi-calculator","en","200","https://www.myglobalhealth.online/romania/en/tools/bmi-calculator","BMI Calculator Romania | Free Body Mass Index Check","Work out your body mass index in seconds. Metric or imperial, WHO adult categories, and what your result actually means — with registered doctors if you want to go further.","BMI calculator Romania","1196","https://www.myglobalhealth.online/romania/en/tools/bmi-calculator","index, follow","34","8","https://www.myglobalhealth.online/romania/en/tools/bmi-calculator","2026-09-12T20:17:50.161Z","cda50d13a654e19461da698a2a94273c7c8bf80f47dd49d34b283b7246e3503b"
"https://www.myglobalhealth.online/romania/en/tools/calorie-calculator","en","200","https://www.myglobalhealth.online/romania/en/tools/calorie-calculator","Calorie Calculator Romania | Daily Calorie Needs","Work out how many calories you need a day to maintain, lose or gain weight. Mifflin-St Jeor equation, five activity levels, and what the numbers actually mean — with registered doctors if you want to go further.","Calorie calculator Romania","1387","https://www.myglobalhealth.online/romania/en/tools/calorie-calculator","index, follow","34","8","https://www.myglobalhealth.online/romania/en/tools/calorie-calculator","2026-09-12T20:17:50.678Z","8ff51bfe04c681c3d056a2d897cb8c54d678917e107ed142e1e0430db51fdb59"
"https://www.myglobalhealth.online/romania/en/tools/due-date-calculator","en","200","https://www.myglobalhealth.online/romania/en/tools/due-date-calculator","Due Date Calculator Romania | Pregnancy Week by Week","Work out your estimated due date and how many weeks pregnant you are from the first day of your last period. Adjusts for your cycle length, with the full 40-week breakdown.","Due date calculator Romania","1326","https://www.myglobalhealth.online/romania/en/tools/due-date-calculator","index, follow","34","8","https://www.myglobalhealth.online/romania/en/tools/due-date-calculator","2026-09-12T20:17:51.712Z","5272d452024b343e260bb447261e6411e7782e22963cf13638080b9e125550d9"
"https://www.myglobalhealth.online/romania/en/tools/osteoporosis-risk-checker","en","200","https://www.myglobalhealth.online/romania/en/tools/osteoporosis-risk-checker","Osteoporosis Risk Checker Romania | Should You Get a Bone Density Scan?","Check the published risk factors for osteoporosis and fragility fracture, and see whether guidelines recommend you be assessed. Not FRAX, not a diagnosis — a case-finding checklist you can bring to a doctor.","Osteoporosis risk checker Romania","1670","https://www.myglobalhealth.online/romania/en/tools/osteoporosis-risk-checker","index, follow","34","8","https://www.myglobalhealth.online/romania/en/tools/osteoporosis-risk-checker","2026-09-12T20:17:53.276Z","0bb2403c9f15399640640731c794991f82ac22b0389e52124b068c9281c6ef60"
"https://www.myglobalhealth.online/romania/en/tools/ovulation-calculator","en","200","https://www.myglobalhealth.online/romania/en/tools/ovulation-calculator","Ovulation Calculator Romania | Fertile Window Dates","Work out your fertile window and estimated ovulation day from the first day of your last period. Adjusts for your own cycle length, with the six most fertile days set out day by day.","Ovulation calculator Romania","1460","https://www.myglobalhealth.online/romania/en/tools/ovulation-calculator","index, follow","34","8","https://www.myglobalhealth.online/romania/en/tools/ovulation-calculator","2026-09-12T20:17:52.736Z","157fd17d271c0d16f92499c18a5a5aaf5406842862e8f5039fcb09e319f2849c"
"https://www.myglobalhealth.online/romania/en/tools/sore-throat-checker","en","200","https://www.myglobalhealth.online/romania/en/tools/sore-throat-checker","Tonsillitis or Strep Throat? Checker Romania · Global Health","Answer five questions about your sore throat and see how likely a bacterial cause is, using the McIsaac score clinicians use. Includes the warning signs that need urgent care. Not a diagnosis and not a strep test.","Tonsillitis and strep throat checker Romania","1751","https://www.myglobalhealth.online/romania/en/tools/sore-throat-checker","index, follow","34","8","https://www.myglobalhealth.online/romania/en/tools/sore-throat-checker","2026-09-12T20:17:53.876Z","998bcef45297ee1b2a58bae4e7012bd5d75141ced81ca93eaebed875f8ac0f89"
"https://www.myglobalhealth.online/romania/es","es","200","https://www.myglobalhealth.online/romania/es","Médico Online Rumanía | Médicos y Especialistas Colegiados","Consulte hoy con un médico colegiado por videollamada — consultas de medicina general, certificados médicos, derivaciones a especialistas. Citas el mismo día en Rumanía.","Atención médica online en Rumanía","1710","https://www.myglobalhealth.online/romania/es","index, follow","7","7","https://www.myglobalhealth.online/romania/es","2026-09-12T20:17:43.525Z","f1f270d9639076d1d465c372ece88c18318377d6f3ee36d685e1e4f144fcc93d"
"https://www.myglobalhealth.online/romania/es/about","es","200","https://www.myglobalhealth.online/romania/es/about","Sobre Global Health Rumanía | Médicos online · Global Health","Global Health Rumanía: consultas online por videollamada con médicos colegiados en Colegiul Medicilor din România, en Rumano / Inglés. Qué ofrecemos y quiénes somos.","Sobre Global Health Rumanía","500","https://www.myglobalhealth.online/romania/es/about","index, follow","7","4","https://www.myglobalhealth.online/romania/es/about","2026-09-12T20:17:48.779Z","c09f8c9061596f39d80c20e1e14a834745d51f5434de41c98be4eabffd6e1be2"
"https://www.myglobalhealth.online/romania/es/blog","es","200","https://www.myglobalhealth.online/romania/es/blog","Guías de salud de médicos colegiados en Rumanía","Guías de salud basadas en evidencia para Rumanía, escritas y revisadas por nuestro equipo médico. Sin anuncios.","Guías de salud de médicos colegiados.","347","https://www.myglobalhealth.online/romania/es/blog","index, follow","7","0","https://www.myglobalhealth.online/romania/es/blog","2026-09-12T20:17:47.298Z","fcdc16ef859eb589268ac811f12f368fdfd183e0356d364b55799c3ce901abd7"
"https://www.myglobalhealth.online/romania/es/blog/carta-medica-rumania","es","200","https://www.myglobalhealth.online/romania/es/blog/carta-medica-rumania","Informe médico en Rumanía: quién lo emite · Global Health","El informe médico en Rumanía: quién lo emite, qué debe contener, para qué sirve, cuánto tiempo es válido y qué hacer si está incompleto.","El informe médico en Rumanía: quién lo emite, qué contiene y para qué sirve","2112","https://www.myglobalhealth.online/romania/es/blog/carta-medica-rumania","index, follow","7","6","https://www.myglobalhealth.online/romania/es/blog/carta-medica-rumania","2026-09-12T20:17:39.924Z","24ac134d35fe9499f6b7bcf530a3dc46dae74451c47de8cc2ac364b1b62ee238"
"https://www.myglobalhealth.online/romania/es/blog/como-bajar-tension-alta-seguridad-rumania","es","200","https://www.myglobalhealth.online/romania/es/blog/como-bajar-tension-alta-seguridad-rumania","Tensión alta: qué hacer con seguridad · Global Health","Aprende a repetir una lectura alta, cuándo llamar al 112 en Rumanía y por qué no debes tomar captopril extra ni remedios caseros.","Cómo bajar la tensión alta con seguridad: qué hacer en Rumanía","1513","https://www.myglobalhealth.online/romania/es/blog/como-bajar-tension-alta-seguridad-rumania","index, follow","7","5","https://www.myglobalhealth.online/romania/es/blog/como-bajar-tension-alta-seguridad-rumania","2026-09-12T20:17:38.864Z","2a5cbfaa63425f17a4583eea62e7391b0fb83c6f48d00f247bff1ba0a97c46ad"
"https://www.myglobalhealth.online/romania/es/blog/diabetes-la-enfermedad-silenciosa-4","es","200","https://www.myglobalhealth.online/romania/es/blog/diabetes-la-enfermedad-silenciosa-4","Diabetes en Rumanía: Causas, Síntomas, Tratamientos y Futuro","Más de 1,3 millones de rumanos viven con diabetes. Guía sobre causas, señales de alerta, tratamientos, controles y futuras terapias.","Diabetes: La Enfermedad Silenciosa","4554","https://www.myglobalhealth.online/romania/es/blog/diabetes-la-enfermedad-silenciosa-4","index, follow","7","7","https://www.myglobalhealth.online/romania/es/blog/diabetes-la-enfermedad-silenciosa-4","2026-09-12T20:17:41.046Z","60b6ddba99fd949e1ff06119775d324bdb189418d45338e2d142d49d781f522d"
"https://www.myglobalhealth.online/romania/es/blog/enfermedades-cronicas-programas-nacionales-rumania","es","200","https://www.myglobalhealth.online/romania/es/blog/enfermedades-cronicas-programas-nacionales-rumania","Enfermedades crónicas y programas nacionales · Global Health","Enfermedades incluidas en los programas nacionales de salud de Rumanía: qué cubren, cómo se accede y cómo seguir una enfermedad crónica entre revisiones.","Enfermedades crónicas y los programas nacionales de salud en Rumanía: cómo funcionan","2169","https://www.myglobalhealth.online/romania/es/blog/enfermedades-cronicas-programas-nacionales-rumania","index, follow","7","6","https://www.myglobalhealth.online/romania/es/blog/enfermedades-cronicas-programas-nacionales-rumania","2026-09-12T20:17:40.640Z","71d962c5dbbbdec6f6726ce3f25dc8f8120f56ae4a5e01a7e6634bdc260625a1"
"https://www.myglobalhealth.online/romania/es/blog/medical-review-policy","es","200","https://www.myglobalhealth.online/romania/es/blog/medical-review-policy","Política de Revisión Médica — Global Health Rumanía","Cómo Global Health redacta, revisa y actualiza los artículos de salud publicados para Rumanía: quién los escribe, qué médico colegiado los aprueba y las normas editoriales que aplicamos.","Cómo redactamos y revisamos el contenido médico","769","https://www.myglobalhealth.online/romania/es/blog/medical-review-policy","index, follow","7","0","https://www.myglobalhealth.online/romania/es/blog/medical-review-policy","2026-09-12T20:17:47.834Z","a1fabb0f22cd59b54627a6f17ba963cde80860d767353b91f187fa7fbd8e835d"
"https://www.myglobalhealth.online/romania/es/blog/presion-arterial-normal-guia-util-por-edad-sin-tablas-enganosas","es","200","https://www.myglobalhealth.online/romania/es/blog/presion-arterial-normal-guia-util-por-edad-sin-tablas-enganosas","Presión arterial normal por edad en adultos · Global Health","Descubra qué presión arterial se considera normal en adultos, qué cambia con la edad y cuándo debe consultar las cifras elevadas repetidas.","Presión arterial normal: guía útil por edad, sin tablas engañosas","1941","https://www.myglobalhealth.online/romania/es/blog/presion-arterial-normal-guia-util-por-edad-sin-tablas-enganosas","index, follow","7","6","https://www.myglobalhealth.online/romania/es/blog/presion-arterial-normal-guia-util-por-edad-sin-tablas-enganosas","2026-09-12T20:17:39.506Z","7a838ac368d799139943662fce83d51e6d5a6ec5ec6085ae973ba2392ead4801"
"https://www.myglobalhealth.online/romania/es/blog/tension-baja-por-que-aparece-que-hacer-en-el-momento-y-cuando-no-esperar-mas","es","200","https://www.myglobalhealth.online/romania/es/blog/tension-baja-por-que-aparece-que-hacer-en-el-momento-y-cuando-no-esperar-mas","Tensión baja: causas, qué hacer y cuándo llamar al 112","Qué significa la tensión baja, las causas frecuentes, las maniobras recomendadas por la guía europea cuando se marea, por qué el agua con azúcar no ayuda y cuándo es una urgencia.","Tensión baja: por qué aparece, qué hacer en el momento y cuándo no esperar más","1637","https://www.myglobalhealth.online/romania/es/blog/tension-baja-por-que-aparece-que-hacer-en-el-momento-y-cuando-no-esperar-mas","index, follow","7","4","https://www.myglobalhealth.online/romania/es/blog/tension-baja-por-que-aparece-que-hacer-en-el-momento-y-cuando-no-esperar-mas","2026-09-12T20:17:38.306Z","9771b6625630078e93f6aa6de2ea2b007bd8d95958f210af281dfad4db77f4b7"
"https://www.myglobalhealth.online/romania/es/book","es","200","https://www.myglobalhealth.online/romania/es/book","Reserva tu consulta — Rumanía · Global Health","Clínica médica de Rumanía. Elige un servicio, profesional clínico, hora y datos del paciente.","","3","https://www.myglobalhealth.online/romania/es/book","index, follow","7","0","https://www.myglobalhealth.online/romania/es/book","2026-09-12T20:17:45.711Z","813f8855c188ba7da4f183d33fac31149efcde671b85ab8926ff46da15423e61"
"https://www.myglobalhealth.online/romania/es/careers","es","200","https://www.myglobalhealth.online/romania/es/careers","Empleo en Global Health Rumanía","Únase a Global Health en Rumanía. Trabajamos con médicos colegiados, equipos de apoyo clínico y tecnología en toda Europa y Brasil. Vea cómo presentar su candidatura.","Empleo en Global Health","98","https://www.myglobalhealth.online/romania/es/careers","index, follow","7","0","https://www.myglobalhealth.online/romania/es/careers","2026-09-12T20:17:49.228Z","1bc16e9e443da1c14fe992d595b02f888788fc3daaa81e702ec8b383e84230f0"
"https://www.myglobalhealth.online/romania/es/contact","es","200","https://www.myglobalhealth.online/romania/es/contact","Contacto Global Health Rumanía | Médico Online","Contacta con Global Health Rumanía: +353 89 471 5849, info@myglobalhealth.online. Consultas online por videollamada con médicos inscritos en Colegiul Medicilor din România.","Contacto con Global Health Rumanía","315","https://www.myglobalhealth.online/romania/es/contact","index, follow","7","5","https://www.myglobalhealth.online/romania/es/contact","2026-09-12T20:17:48.275Z","61ae4eb24c9e71c14eb672c3171e9fc98f31c16cc7d557405b5ac5f38a5d81d9"
"https://www.myglobalhealth.online/romania/es/doctors","es","200","https://www.myglobalhealth.online/romania/es/doctors","Médicos registrados en CMR | Consultas en línea en Rumanía","Explore 3 médicos y especialistas registrados en CMR disponibles en línea en Rumanía. Visualice perfiles, especialidades e idiomas. Reserve el mismo día.","Médicos que realmente responden.","718","https://www.myglobalhealth.online/romania/es/doctors","index, follow","7","5","https://www.myglobalhealth.online/romania/es/doctors","2026-09-12T20:17:44.014Z","decf1db79ca6281be40e2d4901b6d3413fc1eefb58bff6458ff6fbf4f00affbf"
"https://www.myglobalhealth.online/romania/es/doctors/dr-alexandra-palaga","es","200","https://www.myglobalhealth.online/romania/es/doctors/dr-alexandra-palaga","Dr Alexandra Paga - Pediatra | Global Health","Dra. Alexandra Palaga, médica especialista en pediatría, experta en gastroenterología y enfermedad celíaca. Consultas en línea para niños.","Dr Alexandra Palaga","1131","https://www.myglobalhealth.online/romania/es/doctors/dr-alexandra-palaga","index, follow","7","6","https://www.myglobalhealth.online/romania/es/doctors/dr-alexandra-palaga","2026-09-12T20:17:41.489Z","956e4024ae62bb9fc7022156a1414199a19d7e1de1bc7613b59a768ec6959d7c"
"https://www.myglobalhealth.online/romania/es/doctors/dr-andreea-lorena-bica","es","200","https://www.myglobalhealth.online/romania/es/doctors/dr-andreea-lorena-bica","Dr Andreea Lorena Bica - Neuróloga | Global Health","Dr. Andreea-Lorena Bica, médico especialista neurólogo con experiencia en ACV, epilepsia y enfermedades neurodegenerativas. Programa una consulta online.","Dr Andreea Lorena Bica","963","https://www.myglobalhealth.online/romania/es/doctors/dr-andreea-lorena-bica","index, follow","7","6","https://www.myglobalhealth.online/romania/es/doctors/dr-andreea-lorena-bica","2026-09-12T20:17:42.320Z","a87cf2feef54ab0c88f9b9509fbd682bb2acfa164c3fb9952d113a07c773d478"
"https://www.myglobalhealth.online/romania/es/doctors/dr-robert-gabriel-brindus","es","200","https://www.myglobalhealth.online/romania/es/doctors/dr-robert-gabriel-brindus","Dr Robert Gabriel Brindus - Anestesista | Global Health","Dr. Robert Brînduș, médico especialista en ATI, con experiencia en Rumanía e Irlanda. Consultas online en medicina del dolor y perioperatoria.","Dr Robert Gabriel Brindus","1988","https://www.myglobalhealth.online/romania/es/doctors/dr-robert-gabriel-brindus","index, follow","7","6","https://www.myglobalhealth.online/romania/es/doctors/dr-robert-gabriel-brindus","2026-09-12T20:17:42.744Z","812362e4767b1e0304b912328b39381a36174cc350859b31a170eb3f40678778"
"https://www.myglobalhealth.online/romania/es/gp-consultation-online","es","200","https://www.myglobalhealth.online/romania/es/gp-consultation-online","Consulta Médica Online en Rumanía | Global Health","Consultas médicas online con médicos colegiados a través de Colegiul Medicilor din România.","Consulta Médica Online en Rumanía","1591","https://www.myglobalhealth.online/romania/es/gp-consultation-online","index, follow","7","6","https://www.myglobalhealth.online/romania/es/gp-consultation-online","2026-09-12T20:17:44.658Z","43b8876e59fc0d0181ff7bca70f9773f83f792e3a50203199bd6ba716d781a08"
"https://www.myglobalhealth.online/romania/es/lab-tests","es","200","https://www.myglobalhealth.online/romania/es/lab-tests","Pruebas de salud con información específica · Romania","Esta página muestra las pruebas disponibles actualmente en Romania. Cada prueba tiene su propio precio, existencias, información de muestra y plazo estimado cuando están configurados.","Resultados de laboratorio, revisados por nuestros médicos.","490","https://www.myglobalhealth.online/romania/es/lab-tests","index, follow","7","6","https://www.myglobalhealth.online/romania/es/lab-tests","2026-09-12T20:17:46.292Z","26d008d5440134f1f773ab2098a6f02672471feadd6f00b05164bf56ec1dbb86"
"https://www.myglobalhealth.online/romania/es/legal","es","200","https://www.myglobalhealth.online/romania/es/legal","Información legal. · Rumanía · Global Health","Documentos legales, registro mercantil y datos regulatorios de Global Health en Rumanía.","Información legal.","164","https://www.myglobalhealth.online/romania/es/legal","index, follow","7","0","https://www.myglobalhealth.online/romania/es/legal","2026-09-12T20:17:35.412Z","464bdbee81cfd0f57c030e970e490d6f4b120f3cfcbc1a603d4484317ebe93d1"
"https://www.myglobalhealth.online/romania/es/legal/complaints-procedure","es","200","https://www.myglobalhealth.online/romania/es/legal/complaints-procedure","Procedimiento de Reclamaciones · Rumanía · Global Health","Procedimiento de Reclamaciones. Documentos legales, registro mercantil y datos regulatorios de Global Health en Rumanía.","Procedimiento de Reclamaciones","925","https://www.myglobalhealth.online/romania/es/legal/complaints-procedure","index, follow","7","0","https://www.myglobalhealth.online/romania/es/legal/complaints-procedure","2026-09-12T20:17:37.572Z","2b97c869a0fb86bc30969d6ca54d95d3e795b6a2b77549c852ebe7149b0ec46b"
"https://www.myglobalhealth.online/romania/es/legal/privacy-policy","es","200","https://www.myglobalhealth.online/romania/es/legal/privacy-policy","Política de Privacidad · Rumanía · Global Health","Política de Privacidad. Documentos legales, registro mercantil y datos regulatorios de Global Health en Rumanía.","Política de Privacidad","4251","https://www.myglobalhealth.online/romania/es/legal/privacy-policy","index, follow","7","0","https://www.myglobalhealth.online/romania/es/legal/privacy-policy","2026-09-12T20:17:36.498Z","eee38ecee5ada5fa726ef9276c3a5f3a295aabe83b984a4f4fac19d5ff932928"
"https://www.myglobalhealth.online/romania/es/legal/refund-policy","es","200","https://www.myglobalhealth.online/romania/es/legal/refund-policy","Política de Reembolso · Rumanía · Global Health","Política de Reembolso. Documentos legales, registro mercantil y datos regulatorios de Global Health en Rumanía.","Política de Reembolso","3238","https://www.myglobalhealth.online/romania/es/legal/refund-policy","index, follow","7","0","https://www.myglobalhealth.online/romania/es/legal/refund-policy","2026-09-12T20:17:37.073Z","d2ef9ab5a664b7681ad46452e2b1a05bd9794cb0b7f2308eecc68b909c899f8f"
"https://www.myglobalhealth.online/romania/es/legal/terms-of-service","es","200","https://www.myglobalhealth.online/romania/es/legal/terms-of-service","Términos y Condiciones · Rumanía · Global Health","Términos y Condiciones. Documentos legales, registro mercantil y datos regulatorios de Global Health en Rumanía.","Términos y Condiciones","7857","https://www.myglobalhealth.online/romania/es/legal/terms-of-service","index, follow","7","0","https://www.myglobalhealth.online/romania/es/legal/terms-of-service","2026-09-12T20:17:35.876Z","a038069fecf3519962357b03a7a7366362f7e80582b515dcd7e8b9edbef04afc"
"https://www.myglobalhealth.online/romania/es/press","es","200","https://www.myglobalhealth.online/romania/es/press","Prensa y medios — Global Health Rumanía","Información de prensa sobre Global Health en Rumanía: quién opera el servicio, cómo está regulado, los mercados que atendemos y cómo contactar con nuestra área de prensa.","Prensa y medios","218","https://www.myglobalhealth.online/romania/es/press","index, follow","7","0","https://www.myglobalhealth.online/romania/es/press","2026-09-12T20:17:49.703Z","e02df0d7cc9e1b6b71d6c70b6894f6b7183c1a39f84aba7728a0dae994e9d2b6"
"https://www.myglobalhealth.online/romania/es/pricing","es","200","https://www.myglobalhealth.online/romania/es/pricing","Elija su plan mensual · Rumanía · Global Health","Atención mensual de medicina general online con créditos de consulta y ahorro en especialistas, con precios para Rumanía.","Atención que se renueva con usted","396","https://www.myglobalhealth.online/romania/es/pricing","index, follow","7","0","https://www.myglobalhealth.online/romania/es/pricing","2026-09-12T20:17:46.876Z","906a828296efd6a19dc4e80bfaefd7ecd59875b05a9c5f19c0012b36f96790a8"
"https://www.myglobalhealth.online/romania/es/see-a-specialist","es","200","https://www.myglobalhealth.online/romania/es/see-a-specialist","Atención especializada vinculada a un servicio activo · Romania","Global Health muestra las consultas en línea con especialistas disponibles actualmente en Romania. La disponibilidad depende del servicio, del profesional y de la agenda. Algunos problemas requieren una exploración presencial u otro entorno asistencial.","Conoce a nuestros registrados especialistas.","1000","https://www.myglobalhealth.online/romania/es/see-a-specialist","index, follow","7","6","https://www.myglobalhealth.online/romania/es/see-a-specialist","2026-09-12T20:17:45.224Z","96e8f5a5e76be5c8d8c2f66330ba456deb0beda53cf27a2500fe5fffa3b249b2"
"https://www.myglobalhealth.online/romania/es/services/a-doua-opinie-medicala","es","200","https://www.myglobalhealth.online/romania/es/services/a-doua-opinie-medicala","Segunda opinión médica en línea | Rumanía | evaluación independiente","Una segunda opinión médica para el diagnóstico, el plan de tratamiento o una recomendación médica importante. Nuestros médicos autorizados por el CMR ofrecen una segunda opinión clara, estructurada e independiente mediante consulta por video.","Segunda opinión médica — evaluación clínica independiente","399","https://www.myglobalhealth.online/romania/es/services/a-doua-opinie-medicala","index, follow","7","0","https://www.myglobalhealth.online/romania/es/services/a-doua-opinie-medicala","2026-09-12T20:17:27.660Z","61baa513b423ed2cd0cc89acbf3ed38856b63538bd29138fe9d8dfa24f3b7a73"
"https://www.myglobalhealth.online/romania/es/services/boli-cronice-online","es","200","https://www.myglobalhealth.online/romania/es/services/boli-cronice-online","Gestión de enfermedades crónicas en línea | Rumanía | medic CMR","Manejo de la hipertensión, diabetes, enfermedad tiroidea u otras afecciones de larga duración. Nuestros médicos autorizados CMR ofrecen monitorización médica continua, ajuste del plan terapéutico y coordinación de las investigaciones mediante consulta por video.","Manejo de las enfermedades crónicas — atención médica continua en línea","439","https://www.myglobalhealth.online/romania/es/services/boli-cronice-online","index, follow","7","0","https://www.myglobalhealth.online/romania/es/services/boli-cronice-online","2026-09-12T20:17:31.202Z","b97087500c00f2468f10e1f9da3beda889ae3ce245f3a6a8fa6ffb4e447569b8"
"https://www.myglobalhealth.online/romania/es/services/caderea-parului-online","es","200","https://www.myglobalhealth.online/romania/es/services/caderea-parului-online","Consulta para la caída del cabello online | Rumanía","Evaluación para el adelgazamiento o la caída acentuada del cabello. Nuestros médicos autorizados por el CMR evalúan las posibles causas, recomiendan las investigaciones necesarias y establecen un plan de manejo basado en datos clínicos.","Consulta para la caída del cabello — online, el mismo día","402","https://www.myglobalhealth.online/romania/es/services/caderea-parului-online","index, follow","7","0","https://www.myglobalhealth.online/romania/es/services/caderea-parului-online","2026-09-12T20:17:29.608Z","37bf7e5748723db9e69062a9f08a387b4983dac5e7ef9e28108d54b57369f9e9"
"https://www.myglobalhealth.online/romania/es/services/consultatie-dermatologica","es","200","https://www.myglobalhealth.online/romania/es/services/consultatie-dermatologica","Consulta online para problemas de la piel | Rumanía","Evaluación para erupciones, eczema, acné, picazón u otros problemas de la piel. Nuestros médicos autorizados por el CMR evalúan los síntomas mediante consulta por video y le recomiendan el tratamiento o los siguientes pasos adecuados.","Consulta dermatológica inicial — evaluación en línea","375","https://www.myglobalhealth.online/romania/es/services/consultatie-dermatologica","index, follow","7","0","https://www.myglobalhealth.online/romania/es/services/consultatie-dermatologica","2026-09-12T20:17:29.079Z","1e40fadd21ae7d9b1fed92f21c69bf36862efb8bb97b73f9f27211ec1f0fa745"
"https://www.myglobalhealth.online/romania/es/services/consultatie-neurologie","es","200","https://www.myglobalhealth.online/romania/es/services/consultatie-neurologie","Consulta de neurología online | Rumanía | especialista CMR","Evaluación especializada para migrañas, dolores de cabeza persistentes, entumecimiento, neuropatía u otros problemas neurológicos. Nuestro especialista autorizado por el CMR ofrece una evaluación inicial, recomendaciones y un plan de estudios mediante consulta por video.","Consulta de neurología — evaluación especializada en línea","374","https://www.myglobalhealth.online/romania/es/services/consultatie-neurologie","index, follow","7","0","https://www.myglobalhealth.online/romania/es/services/consultatie-neurologie","2026-09-12T20:17:33.904Z","6f00f74f68c079707f3c077f2484dd222708651d73155e2c0c577ed9e2297ddb"
"https://www.myglobalhealth.online/romania/es/services/consultatie-pediatrie","es","200","https://www.myglobalhealth.online/romania/es/services/consultatie-pediatrie","Pediatra especialista en línea | Rumanía | evaluación integral","Opinión pediátrica especializada y evaluación detallada para los problemas de salud del niño. Nuestro pediatra autorizado por CMR ofrece consultas en video para casos que requieren un análisis clínico en profundidad.","Médico pediatra especialista — evaluación pediátrica integral en línea","376","https://www.myglobalhealth.online/romania/es/services/consultatie-pediatrie","index, follow","7","0","https://www.myglobalhealth.online/romania/es/services/consultatie-pediatrie","2026-09-12T20:17:34.904Z","aa1655b897a69108cecc95e15997f2e7b03573da2729c12560f1413b5082b85a"
"https://www.myglobalhealth.online/romania/es/services/controlul-greutatii","es","200","https://www.myglobalhealth.online/romania/es/services/controlul-greutatii","Gestión del peso online | Rumanía | evaluación médica","Manejo médico del peso, más allá de la dieta y el estilo de vida. Nuestros médicos autorizados por CMR evalúan los factores médicos, metabólicos y conductuales que influyen en el peso y establecen un plan realista de manejo.","Gestión del peso — evaluación médica y plan personalizado","409","https://www.myglobalhealth.online/romania/es/services/controlul-greutatii","index, follow","7","0","https://www.myglobalhealth.online/romania/es/services/controlul-greutatii","2026-09-12T20:17:31.700Z","22c7fc944697a086f802f5aef101ad6afef8d59240872bddb0a6b50c2df881ea"
"https://www.myglobalhealth.online/romania/es/services/dureri-musculo-scheletice","es","200","https://www.myglobalhealth.online/romania/es/services/dureri-musculo-scheletice","Consulta de dolor musculoesquelético online | Rumanía","Evaluación para dolores de espalda, dolores articulares, ciática o lesiones musculares. Nuestros médicos autorizados por el CMR evalúan los síntomas, las señales de alarma y las opciones de tratamiento mediante consulta por video.","Evaluación del dolor musculoesquelético — en línea, el mismo día","382","https://www.myglobalhealth.online/romania/es/services/dureri-musculo-scheletice","index, follow","7","0","https://www.myglobalhealth.online/romania/es/services/dureri-musculo-scheletice","2026-09-12T20:17:30.042Z","2b0b64911154a71a857316eeb3a08395bf35458951da289fa53f0a1e5020e08c"
"https://www.myglobalhealth.online/romania/es/services/evaluare-durere","es","200","https://www.myglobalhealth.online/romania/es/services/evaluare-durere","Evaluación especializada del dolor en línea | Rumanía","Evaluación especializada para el dolor crónico o intenso. Nuestro especialista autorizado por el CMR ofrece una evaluación clínica orientada al control del dolor, las opciones terapéuticas y la coordinación de las investigaciones necesarias.","Evaluación especializada del dolor — consulta online","328","https://www.myglobalhealth.online/romania/es/services/evaluare-durere","index, follow","7","0","https://www.myglobalhealth.online/romania/es/services/evaluare-durere","2026-09-12T20:17:34.442Z","5d913541f58872d8dd1c5f3a506be24b534e2d450f29540217b6205805d4d4fe"
"https://www.myglobalhealth.online/romania/es/services/medic-online-romania","es","200","https://www.myglobalhealth.online/romania/es/services/medic-online-romania","Médico online sin registro | Consulta en el mismo día","Médico registrado en el CMR disponible en línea, sin lista de espera y sin estar registrado en el médico de familia. Videoconsulta en rumano o inglés. Reserve hoy.","Médico online — sin registro, sin sala de espera, el mismo día","1288","https://www.myglobalhealth.online/romania/es/services/medic-online-romania","index, follow","7","0","https://www.myglobalhealth.online/romania/es/services/medic-online-romania","2026-09-12T20:17:25.939Z","a3bb04b1764bfb2dbe67518e76ff850996526ce79c3eff15e03813d9f72fd650"
"https://www.myglobalhealth.online/romania/es/services/medic-pediatru-online","es","200","https://www.myglobalhealth.online/romania/es/services/medic-pediatru-online","Consulta pediátrica online | Rumanía | medic CMR","Consultas pediátricas rápidas y consejo médico para niños. Nuestros médicos autorizados por el CMR evalúan los síntomas del niño mediante una consulta de video segura y le ofrecen recomendaciones claras para los siguientes pasos.","Consulta pediátrica de medicina general — en línea, el mismo día","389","https://www.myglobalhealth.online/romania/es/services/medic-pediatru-online","index, follow","7","0","https://www.myglobalhealth.online/romania/es/services/medic-pediatru-online","2026-09-12T20:17:27.100Z","619046ef3d44efe0a0a063f407d97baac8d33eb9af8aeaa209c5a3e60a0a6c2b"
"https://www.myglobalhealth.online/romania/es/services/medicina-calatoriei","es","200","https://www.myglobalhealth.online/romania/es/services/medicina-calatoriei","Consulta de medicina del viajero online | Rumanía | profilaxis antipalúdica","Evaluación médica de viaje para zonas con riesgo de malaria o destinos con requisitos especiales de vacunación. Nuestros médicos autorizados CMR evalúan los riesgos, ofrecen recomendaciones personalizadas y prescriben profilaxis antimalárica cuando está clínicamente indicada.","Consulta de medicina del viajero — evaluación médica antes de la salida","413","https://www.myglobalhealth.online/romania/es/services/medicina-calatoriei","index, follow","7","0","https://www.myglobalhealth.online/romania/es/services/medicina-calatoriei","2026-09-12T20:17:28.380Z","9c348a2eef8fdd947b9683cc78b08340e2593f77f23a68ed869c14427e68985c"
"https://www.myglobalhealth.online/romania/es/services/reinnoire-tratament","es","200","https://www.myglobalhealth.online/romania/es/services/reinnoire-tratament","Renovación de tratamiento online | Rumanía | receta electrónica","Renovación del tratamiento estable, con evaluación clínica. Nuestros médicos autorizados por el CMR revisan el esquema actual, verifican la seguridad de la continuidad y emiten una prescripción electrónica cuando esto es clínicamente adecuado.","Renovación del tratamiento — evaluación clínica y prescripción en línea","407","https://www.myglobalhealth.online/romania/es/services/reinnoire-tratament","index, follow","7","0","https://www.myglobalhealth.online/romania/es/services/reinnoire-tratament","2026-09-12T20:17:26.475Z","3d8c39fcda8ecdbcd0d112ff01fdefe81d5865a6fa2af980a55adb4d66693256"
"https://www.myglobalhealth.online/romania/es/services/sanatate-mintala-online","es","200","https://www.myglobalhealth.online/romania/es/services/sanatate-mintala-online","Consulta de salud mental online | Rumanía | confidencial","Evaluación confidencial para ansiedad, depresión, burnout, insomnio u otras dificultades emocionales. Nuestros médicos autorizados por el CMR ofrecen evaluación confidencial, recomendaciones y coordinación de los siguientes pasos mediante consulta por video.","Evaluación de salud mental — consulta en línea confidencial","391","https://www.myglobalhealth.online/romania/es/services/sanatate-mintala-online","index, follow","7","0","https://www.myglobalhealth.online/romania/es/services/sanatate-mintala-online","2026-09-12T20:17:30.875Z","69fa493fcf628bec270c3dcc688763ad9c053bf702f2271830087918e3cec401"
"https://www.myglobalhealth.online/romania/es/services/sanatatea-barbatului-online","es","200","https://www.myglobalhealth.online/romania/es/services/sanatatea-barbatului-online","Consulta de salud masculina en línea | Rumanía | confidencial","Consultas confidenciales para disfunción eréctil, testosterona, libido, fertilidad o salud general. Nuestros médicos autorizados por el CMR ofrecen una evaluación confidencial y recomendaciones médicas claras mediante consulta por video.","Salud masculina — evaluación confidencial en línea","379","https://www.myglobalhealth.online/romania/es/services/sanatatea-barbatului-online","index, follow","7","0","https://www.myglobalhealth.online/romania/es/services/sanatatea-barbatului-online","2026-09-12T20:17:32.288Z","7f0c436618ee5d300bd288327dc1543b681bdd64950a2f773e0e96d45d438524"
"https://www.myglobalhealth.online/romania/es/services/sanatatea-femeii-online","es","200","https://www.myglobalhealth.online/romania/es/services/sanatatea-femeii-online","Consulta de salud de la mujer online | Rumanía | confidencial","Consultas confidenciales para anticoncepción, síndrome premenstrual, menopausia, salud hormonal y otros síntomas ginecológicos frecuentes. Nuestros médicos autorizados por el CMR ofrecen una evaluación confidencial y recomendaciones médicas claras mediante consulta por videollamada.","Salud de la mujer — evaluación online confidencial","399","https://www.myglobalhealth.online/romania/es/services/sanatatea-femeii-online","index, follow","7","0","https://www.myglobalhealth.online/romania/es/services/sanatatea-femeii-online","2026-09-12T20:17:32.859Z","b4a2fe32a2902c9f9383541e2a482691545d04e99233117e5f28e7c4b00f7c37"
"https://www.myglobalhealth.online/romania/es/services/trimiteri-si-investigatii","es","200","https://www.myglobalhealth.online/romania/es/services/trimiteri-si-investigatii","Cartas médicas e investigaciones en línea | Rumanía | médico CMR","Cartas médicas, recomendaciones para análisis y derivación a especialistas. Nuestros médicos autorizados por el CMR pueden evaluar la situación y emitir la documentación clínica relevante cuando esté indicado.","Cartas médicas, derivaciones y pruebas — coordinación online","397","https://www.myglobalhealth.online/romania/es/services/trimiteri-si-investigatii","index, follow","7","0","https://www.myglobalhealth.online/romania/es/services/trimiteri-si-investigatii","2026-09-12T20:17:33.406Z","3150736d453c027182181032172ec0edbbc8f0f75e55644a79cb1e11a4b51e46"
"https://www.myglobalhealth.online/romania/es/tools/adhd-test","es","200","https://www.myglobalhealth.online/romania/es/tools/adhd-test","Test de TDAH Rumanía | Cribado Gratuito para Adultos","Haz el cribado de TDAH en adultos de seis preguntas (ASRS v1.1, parte A) y descubre qué significan tus respuestas. Un cribado no es un diagnóstico: solo un psiquiatra o un psicólogo clínico puede hacerlo.","Test de TDAH Rumanía","1629","https://www.myglobalhealth.online/romania/es/tools/adhd-test","index, follow","34","6","https://www.myglobalhealth.online/romania/es/tools/adhd-test","2026-09-12T20:17:52.386Z","da50b24328d3e9d4cced497108b188de0bb47d863382430aee37246e6cf2ad75"
"https://www.myglobalhealth.online/romania/es/tools/blood-pressure-chart","es","200","https://www.myglobalhealth.online/romania/es/tools/blood-pressure-chart","Baremos de Tensión Arterial Rumanía | Tabla de Valores Normales","Introduce tu tensión sistólica y diastólica y consulta el baremo europeo para adultos: en qué categoría estás, qué significa y qué lecturas necesitan atención médica el mismo día.","Tensión arterial normal Rumanía","1456","https://www.myglobalhealth.online/romania/es/tools/blood-pressure-chart","index, follow","34","6","https://www.myglobalhealth.online/romania/es/tools/blood-pressure-chart","2026-09-12T20:17:51.372Z","2ef9eb1bfeee9b56a953c4805ba15a90d4a164c91167d97c0d49bedd29606067"
"https://www.myglobalhealth.online/romania/es/tools/bmi-calculator","es","200","https://www.myglobalhealth.online/romania/es/tools/bmi-calculator","Calculadora IMC Rumanía | Calcular tu Índice de Masa Corporal","Calcula tu índice de masa corporal en segundos. Sistema métrico o imperial, categorías de la OMS para adultos y qué significa realmente tu resultado.","Calculadora IMC Rumanía","1239","https://www.myglobalhealth.online/romania/es/tools/bmi-calculator","index, follow","34","6","https://www.myglobalhealth.online/romania/es/tools/bmi-calculator","2026-09-12T20:17:50.346Z","d652b642c3fea2a866765c54ed2706ac6d89af3f2934182bec082db0984c9459"
"https://www.myglobalhealth.online/romania/es/tools/calorie-calculator","es","200","https://www.myglobalhealth.online/romania/es/tools/calorie-calculator","Calculadora de Calorías Rumanía | Calorías Diarias","Calcula cuántas calorías necesitas al día para mantener, perder o ganar peso. Ecuación de Mifflin-St Jeor, cinco niveles de actividad y qué significan de verdad las cifras.","Calculadora de calorías Rumanía","1378","https://www.myglobalhealth.online/romania/es/tools/calorie-calculator","index, follow","34","6","https://www.myglobalhealth.online/romania/es/tools/calorie-calculator","2026-09-12T20:17:50.856Z","b50db05e4aa39d37f8a14c9bceddf6c7c306949282198d0270a645f2252fec13"
"https://www.myglobalhealth.online/romania/es/tools/due-date-calculator","es","200","https://www.myglobalhealth.online/romania/es/tools/due-date-calculator","Calculadora de Embarazo Rumanía | Fecha de Parto y Semanas","Calcula tu fecha probable de parto y de cuántas semanas estás a partir del primer día de tu última regla. Se ajusta a la duración de tu ciclo, con las 40 semanas al detalle.","Calculadora de embarazo Rumanía","1351","https://www.myglobalhealth.online/romania/es/tools/due-date-calculator","index, follow","34","6","https://www.myglobalhealth.online/romania/es/tools/due-date-calculator","2026-09-12T20:17:51.920Z","31d5a8a4a3cd34ef694585152894b13d36ad9f874e2988add32ba1d642375e85"
"https://www.myglobalhealth.online/romania/es/tools/osteoporosis-risk-checker","es","200","https://www.myglobalhealth.online/romania/es/tools/osteoporosis-risk-checker","Evaluación de Riesgo de Osteoporosis Rumanía | ¿Necesito una Densitometría Ósea?","Comprueba los factores de riesgo publicados de osteoporosis y fractura por fragilidad, y descubre si las guías clínicas recomiendan que te evalúen. No es el FRAX ni un diagnóstico — una lista de cribado para llevar al médico.","Riesgo de osteoporosis Rumanía","1836","https://www.myglobalhealth.online/romania/es/tools/osteoporosis-risk-checker","index, follow","34","6","https://www.myglobalhealth.online/romania/es/tools/osteoporosis-risk-checker","2026-09-12T20:17:53.552Z","e85a200082cba1c5e198ee4fa38084675af4f6b4955d5e37773acef17bcb4115"
"https://www.myglobalhealth.online/romania/es/tools/ovulation-calculator","es","200","https://www.myglobalhealth.online/romania/es/tools/ovulation-calculator","Calculadora de Ovulación Rumanía | Días Fértiles y Ovulación","Calcula tus días fértiles y el día estimado de ovulación a partir del primer día de tu última regla. Se ajusta a la duración de tu ciclo, con los seis días más fértiles al detalle.","Calculadora de ovulación Rumanía","1505","https://www.myglobalhealth.online/romania/es/tools/ovulation-calculator","index, follow","34","6","https://www.myglobalhealth.online/romania/es/tools/ovulation-calculator","2026-09-12T20:17:52.939Z","86507356bd001c7e30cb80a57b1aac2cbc3f56af8e4047397f2446708990758c"
"https://www.myglobalhealth.online/romania/es/tools/sore-throat-checker","es","200","https://www.myglobalhealth.online/romania/es/tools/sore-throat-checker","Test de Amigdalitis y Dolor de Garganta Rumanía | Centor","Responde cinco preguntas sobre tu dolor de garganta y descubre qué probabilidad hay de una causa bacteriana, con la escala de McIsaac que usan los médicos. Incluye las señales de alarma que necesitan atención urgente. No es un diagnóstico ni una prueba de estreptococo.","Test de amigdalitis y dolor de garganta Rumanía","1836","https://www.myglobalhealth.online/romania/es/tools/sore-throat-checker","index, follow","34","6","https://www.myglobalhealth.online/romania/es/tools/sore-throat-checker","2026-09-12T20:17:53.992Z","19d0c301de881b54d5185688f408a35ee662995505052e318cbda949f6037781"
"https://www.myglobalhealth.online/romania/pt","pt","200","https://www.myglobalhealth.online/romania/pt","Médico Online Roménia | Clínicos e Especialistas Registados","Consulte hoje um médico registado por videochamada — consultas de clínica geral, atestados médicos, referenciações para especialistas. Consultas no mesmo dia em Roménia.","Cuidados médicos online na Roménia","1675","https://www.myglobalhealth.online/romania/pt","index, follow","7","7","https://www.myglobalhealth.online/romania/pt","2026-09-12T20:17:43.292Z","994a5e40cd0c6ad72ac0f44457b02a33c5e5f36e5633a4ab5b6c38a0d7d5d673"
"https://www.myglobalhealth.online/romania/pt/about","pt","200","https://www.myglobalhealth.online/romania/pt/about","Sobre a Global Health Roménia | Médicos online","Global Health Roménia: consultas online por videochamada com médicos inscritos na Colegiul Medicilor din România, em Romeno / Inglês. O que oferecemos e quem somos.","Sobre a Global Health Roménia","501","https://www.myglobalhealth.online/romania/pt/about","index, follow","7","4","https://www.myglobalhealth.online/romania/pt/about","2026-09-12T20:17:48.623Z","678e9cb7ad2aa0abbf139b67e7d0392a23083e593ddefd4673c1b57162058175"
"https://www.myglobalhealth.online/romania/pt/blog","pt","200","https://www.myglobalhealth.online/romania/pt/blog","Guias de saúde de médicos registados em Roménia","Guias de saúde baseados em evidências para Roménia, escritos e revistos pela nossa equipa médica. Sem anúncios.","Guias de saúde de médicos registados.","354","https://www.myglobalhealth.online/romania/pt/blog","index, follow","7","0","https://www.myglobalhealth.online/romania/pt/blog","2026-09-12T20:17:47.230Z","8ab4439c3327c07fedabf3c8551d5841359cb3b4be472af33fe464dc8c866677"
"https://www.myglobalhealth.online/romania/pt/blog/carta-medica-romenia","pt","200","https://www.myglobalhealth.online/romania/pt/blog/carta-medica-romenia","Carta médica na Roménia: quem a emite · Global Health","A carta médica na Roménia: quem a emite, o que deve conter, para que serve, quanto tempo é válida e o que fazer se estiver incompleta.","A carta médica na Roménia: quem a emite, o que contém e para que serve","2128","https://www.myglobalhealth.online/romania/pt/blog/carta-medica-romenia","index, follow","7","6","https://www.myglobalhealth.online/romania/pt/blog/carta-medica-romenia","2026-09-12T20:17:39.967Z","128c9297fedd87a368782348cbd564edcc4258a66455152dabf8154221e619dd"
"https://www.myglobalhealth.online/romania/pt/blog/como-baixar-tensao-alta-seguranca-romenia","pt","200","https://www.myglobalhealth.online/romania/pt/blog/como-baixar-tensao-alta-seguranca-romenia","Tensão alta: o que fazer com segurança · Global Health","Saiba repetir uma medição alta, quando ligar 112 na Roménia e porque não deve tomar captopril extra ou remédios caseiros para baixar a tensão.","Como baixar a tensão alta com segurança: o que fazer na Roménia","1551","https://www.myglobalhealth.online/romania/pt/blog/como-baixar-tensao-alta-seguranca-romenia","index, follow","7","5","https://www.myglobalhealth.online/romania/pt/blog/como-baixar-tensao-alta-seguranca-romenia","2026-09-12T20:17:38.938Z","a6c1d5abc6a44bb7f14d7b1b7d178731d0b63c5a37e1941855eb2679465487e5"
"https://www.myglobalhealth.online/romania/pt/blog/diabetes-a-doenca-silenciosa-4","pt","200","https://www.myglobalhealth.online/romania/pt/blog/diabetes-a-doenca-silenciosa-4","Diabetes na Roménia: Causas, Sintomas e Tratamento","Mais de 1,3 milhões de romenos vivem com diabetes. Conheça os sinais de alerta, diagnóstico, tratamento, controlos e terapias futuras.","Diabetes: A Doença Silenciosa","4384","https://www.myglobalhealth.online/romania/pt/blog/diabetes-a-doenca-silenciosa-4","index, follow","7","7","https://www.myglobalhealth.online/romania/pt/blog/diabetes-a-doenca-silenciosa-4","2026-09-12T20:17:41.100Z","a39d48c6675740c160467eb58ce623ea4d7400c88ea6ff04ab130e64d0a5482d"
"https://www.myglobalhealth.online/romania/pt/blog/doencas-cronicas-programas-nacionais-romenia","pt","200","https://www.myglobalhealth.online/romania/pt/blog/doencas-cronicas-programas-nacionais-romenia","Doenças crónicas e programas nacionais de saúde","Doenças abrangidas pelos programas nacionais de saúde na Roménia: o que cobrem, como se é incluído e como monitorizar uma doença crónica entre consultas.","Doenças crónicas e os programas nacionais de saúde na Roménia: como funcionam","2146","https://www.myglobalhealth.online/romania/pt/blog/doencas-cronicas-programas-nacionais-romenia","index, follow","7","6","https://www.myglobalhealth.online/romania/pt/blog/doencas-cronicas-programas-nacionais-romenia","2026-09-12T20:17:40.660Z","72ad7376886eaf4afa47a93d3b06d58834db225a4da64f52413af14262c9903b"
"https://www.myglobalhealth.online/romania/pt/blog/medical-review-policy","pt","200","https://www.myglobalhealth.online/romania/pt/blog/medical-review-policy","Política de Revisão Médica — Global Health Roménia","Como a Global Health escreve, revê e atualiza os artigos de saúde publicados para Roménia: quem os escreve, que médico registado os aprova e as normas editoriais que seguimos.","Como escrevemos e revemos conteúdos médicos","736","https://www.myglobalhealth.online/romania/pt/blog/medical-review-policy","index, follow","7","0","https://www.myglobalhealth.online/romania/pt/blog/medical-review-policy","2026-09-12T20:17:47.667Z","be11fe72808dd237886561051ace9ee15c2b03e5bb4059b57e425d92fed28a87"
"https://www.myglobalhealth.online/romania/pt/blog/tensao-arterial-normal-guia-util-por-idade-sem-tabelas-falsas","pt","200","https://www.myglobalhealth.online/romania/pt/blog/tensao-arterial-normal-guia-util-por-idade-sem-tabelas-falsas","Tensão arterial normal por idade · Global Health","Que tensão arterial é considerada normal nos adultos, o que muda com a idade e quando valores repetidamente elevados devem ser avaliados pelo médico.","Tensão arterial normal: guia útil por idade, sem tabelas falsas","1900","https://www.myglobalhealth.online/romania/pt/blog/tensao-arterial-normal-guia-util-por-idade-sem-tabelas-falsas","index, follow","7","6","https://www.myglobalhealth.online/romania/pt/blog/tensao-arterial-normal-guia-util-por-idade-sem-tabelas-falsas","2026-09-12T20:17:39.510Z","edd0e38657fb4929c0da282ab8f29d1052dfe667dd98cabd5576e5e06b9bd4c3"
"https://www.myglobalhealth.online/romania/pt/blog/tensao-baixa-porque-acontece-o-que-fazer-na-hora-e-quando-nao-esperar-mais","pt","200","https://www.myglobalhealth.online/romania/pt/blog/tensao-baixa-porque-acontece-o-que-fazer-na-hora-e-quando-nao-esperar-mais","Tensão baixa: causas, o que fazer e quando ligar para o 112","O que significa tensão baixa, as causas frequentes, as manobras recomendadas pelo guia europeu quando sente tonturas, porque é que a água com açúcar não ajuda e quando é uma urgência.","Tensão baixa: porque acontece, o que fazer na hora e quando não esperar mais","1603","https://www.myglobalhealth.online/romania/pt/blog/tensao-baixa-porque-acontece-o-que-fazer-na-hora-e-quando-nao-esperar-mais","index, follow","7","4","https://www.myglobalhealth.online/romania/pt/blog/tensao-baixa-porque-acontece-o-que-fazer-na-hora-e-quando-nao-esperar-mais","2026-09-12T20:17:38.411Z","b44fe8ccb72984ce561f7a7e71e9f6033ad8065685eafa32878d147b2500d4f4"
"https://www.myglobalhealth.online/romania/pt/book","pt","200","https://www.myglobalhealth.online/romania/pt/book","Marque a sua consulta — Roménia · Global Health","Clínica médica em Roménia. Escolha um serviço, clínico, hora e dados do doente.","","4","https://www.myglobalhealth.online/romania/pt/book","index, follow","7","0","https://www.myglobalhealth.online/romania/pt/book","2026-09-12T20:17:45.632Z","4ffb61103cb31a7bab310ce969e7728f2c54aae4bf628cd0e3388f6f16cf810c"
"https://www.myglobalhealth.online/romania/pt/careers","pt","200","https://www.myglobalhealth.online/romania/pt/careers","Carreiras na Global Health Roménia","Junte-se à Global Health em Roménia. Trabalhamos com médicos registados, equipas de apoio clínico e de tecnologia em toda a Europa e no Brasil. Veja como candidatar-se.","Carreiras na Global Health","106","https://www.myglobalhealth.online/romania/pt/careers","index, follow","7","0","https://www.myglobalhealth.online/romania/pt/careers","2026-09-12T20:17:49.174Z","e87240bd227b75c4c706e521feae0038fa76f15eab4efb70f7cf41a1f3ab471b"
"https://www.myglobalhealth.online/romania/pt/contact","pt","200","https://www.myglobalhealth.online/romania/pt/contact","Contactos Global Health Roménia | Médico Online","Contacte a Global Health Roménia: +353 89 471 5849, info@myglobalhealth.online. Consultas online por videochamada com médicos inscritos na Colegiul Medicilor din România.","Contactos da Global Health Roménia","325","https://www.myglobalhealth.online/romania/pt/contact","index, follow","7","5","https://www.myglobalhealth.online/romania/pt/contact","2026-09-12T20:17:48.202Z","dae9b89fb564cf93f0568f3ed7b10365844e7f984d84ea912fcfa6c81c0aef8f"
"https://www.myglobalhealth.online/romania/pt/doctors","pt","200","https://www.myglobalhealth.online/romania/pt/doctors","Médicos registados CMR | Consultas online em România","Explore 3 médicos e especialistas registados na CMR disponíveis online em România. Veja perfis, especializações e idiomas. Reserve no mesmo dia.","Médicos que realmente atendem.","695","https://www.myglobalhealth.online/romania/pt/doctors","index, follow","7","5","https://www.myglobalhealth.online/romania/pt/doctors","2026-09-12T20:17:43.951Z","c7f101703e6fa2bbd5a0a85ad0a0607b24ec45c6386120206043fa0bb2b959f1"
"https://www.myglobalhealth.online/romania/pt/doctors/dr-alexandra-palaga","pt","200","https://www.myglobalhealth.online/romania/pt/doctors/dr-alexandra-palaga","Dr Alexandra Paga - Pediatra | Global Health","Dr. Alexandra Palaga, médica especialista em pediatria, especialista em gastroenterologia e doença celíaca. Consultas online para crianças.","Dr Alexandra Palaga","1065","https://www.myglobalhealth.online/romania/pt/doctors/dr-alexandra-palaga","index, follow","7","6","https://www.myglobalhealth.online/romania/pt/doctors/dr-alexandra-palaga","2026-09-12T20:17:41.467Z","fae66218a2c6eacc33bbda67e9dd9e3ebf77e5f009d10539a2c8c809aae0c9b3"
"https://www.myglobalhealth.online/romania/pt/doctors/dr-andreea-lorena-bica","pt","200","https://www.myglobalhealth.online/romania/pt/doctors/dr-andreea-lorena-bica","Dr Andreea Lorena Bica - Neurologista | Global Health","Dr. Andreea-Lorena Bica, médica especialista neurologista com experiência em AVC, epilepsia e doenças neurodegenerativas. Agende uma consulta online.","Dr Andreea Lorena Bica","939","https://www.myglobalhealth.online/romania/pt/doctors/dr-andreea-lorena-bica","index, follow","7","6","https://www.myglobalhealth.online/romania/pt/doctors/dr-andreea-lorena-bica","2026-09-12T20:17:42.056Z","cc36803fdd932eefef0b1a426195c8cd3eb503ef1ca0c1cbb442c02785c73e83"
"https://www.myglobalhealth.online/romania/pt/doctors/dr-robert-gabriel-brindus","pt","200","https://www.myglobalhealth.online/romania/pt/doctors/dr-robert-gabriel-brindus","Dr Robert Gabriel Brindus - Anestesista | Global Health","Dr. Robert Brînduș, médico especialista em ATI, experiência na Roménia e na Irlanda. Consultas online em medicina da dor e perioperatória.","Dr Robert Gabriel Brindus","1886","https://www.myglobalhealth.online/romania/pt/doctors/dr-robert-gabriel-brindus","index, follow","7","6","https://www.myglobalhealth.online/romania/pt/doctors/dr-robert-gabriel-brindus","2026-09-12T20:17:42.779Z","213388132522bb138912a090ac425b79c348f8bdd4803cd4b39a4acfb9939525"
"https://www.myglobalhealth.online/romania/pt/gp-consultation-online","pt","200","https://www.myglobalhealth.online/romania/pt/gp-consultation-online","Consulta Médica Online em Roménia | Global Health","Consultas médicas online com médicos inscritos em Colegiul Medicilor din România.","Consulta Médica Online em Roménia","1502","https://www.myglobalhealth.online/romania/pt/gp-consultation-online","index, follow","7","6","https://www.myglobalhealth.online/romania/pt/gp-consultation-online","2026-09-12T20:17:44.469Z","0f52993704f69ba53f7c39c4ffb538936d34fe2979ccf123ac0a45bac08d4c4b"
"https://www.myglobalhealth.online/romania/pt/lab-tests","pt","200","https://www.myglobalhealth.online/romania/pt/lab-tests","Testes de saúde com informações específicas do produto · Romania","Esta página apresenta os testes de saúde atualmente disponíveis em Romania. Cada teste tem o seu próprio preço, estado de stock, informações sobre a amostra e prazo previsto para os resultados, quando esses dados estão configurados.","Resultados de análises, revistos pelos nossos médicos.","663","https://www.myglobalhealth.online/romania/pt/lab-tests","index, follow","7","6","https://www.myglobalhealth.online/romania/pt/lab-tests","2026-09-12T20:17:46.241Z","beb96ba609048f0effdf1036ac9806a0911b726a42c662c0a501975d62fd344b"
"https://www.myglobalhealth.online/romania/pt/legal","pt","200","https://www.myglobalhealth.online/romania/pt/legal","Informação legal. · Roménia · Global Health","Documentos legais, registo da empresa e detalhes regulamentares para Global Health em Roménia.","Informação legal.","162","https://www.myglobalhealth.online/romania/pt/legal","index, follow","7","0","https://www.myglobalhealth.online/romania/pt/legal","2026-09-12T20:17:35.329Z","9ac2f681b7e904032b68e0372e19de8c18251b4008d5d434c5a2e0d1b0f13dec"
"https://www.myglobalhealth.online/romania/pt/legal/complaints-procedure","pt","200","https://www.myglobalhealth.online/romania/pt/legal/complaints-procedure","Procedimento de Reclamações · Roménia · Global Health","Procedimento de Reclamações. Documentos legais, registo da empresa e detalhes regulamentares para Global Health em Roménia.","Procedimento de Reclamações","895","https://www.myglobalhealth.online/romania/pt/legal/complaints-procedure","index, follow","7","0","https://www.myglobalhealth.online/romania/pt/legal/complaints-procedure","2026-09-12T20:17:37.505Z","561350e32df9355ba97f41d19add9d69cc623b449e2b2d0efb6c29c59ccca9f8"
"https://www.myglobalhealth.online/romania/pt/legal/privacy-policy","pt","200","https://www.myglobalhealth.online/romania/pt/legal/privacy-policy","Política de Privacidade · Roménia · Global Health","Política de Privacidade. Documentos legais, registo da empresa e detalhes regulamentares para Global Health em Roménia.","Política de Privacidade","4043","https://www.myglobalhealth.online/romania/pt/legal/privacy-policy","index, follow","7","0","https://www.myglobalhealth.online/romania/pt/legal/privacy-policy","2026-09-12T20:17:36.402Z","89fb3e1d21a733574f39115dd46d07409bf9a9a039ca2c775e92af9617ebc2b8"
"https://www.myglobalhealth.online/romania/pt/legal/refund-policy","pt","200","https://www.myglobalhealth.online/romania/pt/legal/refund-policy","Política de Reembolso · Roménia · Global Health","Política de Reembolso. Documentos legais, registo da empresa e detalhes regulamentares para Global Health em Roménia.","Política de Reembolso","3072","https://www.myglobalhealth.online/romania/pt/legal/refund-policy","index, follow","7","0","https://www.myglobalhealth.online/romania/pt/legal/refund-policy","2026-09-12T20:17:37.001Z","6afb46a5ffd67e91b10e88f1cc642c93fdbfdfd883d42e76b4dbb3f7dea99d4a"
"https://www.myglobalhealth.online/romania/pt/legal/terms-of-service","pt","200","https://www.myglobalhealth.online/romania/pt/legal/terms-of-service","Termos e Condições · Roménia · Global Health","Termos e Condições. Documentos legais, registo da empresa e detalhes regulamentares para Global Health em Roménia.","Termos e Condições","7458","https://www.myglobalhealth.online/romania/pt/legal/terms-of-service","index, follow","7","0","https://www.myglobalhealth.online/romania/pt/legal/terms-of-service","2026-09-12T20:17:35.800Z","95a5c8389e5ea09047712824ca077914d9ebb02b7de7ef5d1092c7e1063b3137"
"https://www.myglobalhealth.online/romania/pt/press","pt","200","https://www.myglobalhealth.online/romania/pt/press","Imprensa e Media — Global Health Roménia","Informação para a imprensa sobre a Global Health em Roménia: quem opera o serviço, como é regulado, os mercados que servimos e como contactar a nossa área de imprensa.","Imprensa e media","214","https://www.myglobalhealth.online/romania/pt/press","index, follow","7","0","https://www.myglobalhealth.online/romania/pt/press","2026-09-12T20:17:49.603Z","8695687d09f294882f76bfcccde700df063446252020b02fa9fc595ad1759092"
"https://www.myglobalhealth.online/romania/pt/pricing","pt","200","https://www.myglobalhealth.online/romania/pt/pricing","Escolha o seu plano mensal · Roménia · Global Health","Cuidados mensais de medicina geral online com créditos de consulta e poupança em especialistas, com preços para Roménia.","Cuidados que se renovam consigo","414","https://www.myglobalhealth.online/romania/pt/pricing","index, follow","7","0","https://www.myglobalhealth.online/romania/pt/pricing","2026-09-12T20:17:46.742Z","a045d01db463a6113614d922d9d5c56c816023505bc7781fdf7ca812ec98043b"
"https://www.myglobalhealth.online/romania/pt/see-a-specialist","pt","200","https://www.myglobalhealth.online/romania/pt/see-a-specialist","Cuidados especializados associados a um serviço ativo · Romania","A Global Health apresenta os serviços de consulta online de especialidade atualmente disponíveis em Romania. A disponibilidade depende do serviço, do profissional de saúde e dos horários de consulta. Algumas situações exigem um exame presencial ou outro contexto de cuidados.","Conheça os nossos registados especialistas.","982","https://www.myglobalhealth.online/romania/pt/see-a-specialist","index, follow","7","6","https://www.myglobalhealth.online/romania/pt/see-a-specialist","2026-09-12T20:17:45.105Z","453a255d4a64f2b8206699b41818704fae4b7e1890829fef19b1e68fee8a7e1e"
"https://www.myglobalhealth.online/romania/pt/services/a-doua-opinie-medicala","pt","200","https://www.myglobalhealth.online/romania/pt/services/a-doua-opinie-medicala","A segunda opinião médica online | Roménia | avaliação independente","Uma segunda opinião médica para diagnóstico, plano de tratamento ou uma recomendação médica importante. Os nossos médicos autorizados pela CMR oferecem uma segunda opinião clara, estruturada e independente por consulta por vídeo.","Segunda opinião médica — avaliação clínica independente","392","https://www.myglobalhealth.online/romania/pt/services/a-doua-opinie-medicala","index, follow","7","0","https://www.myglobalhealth.online/romania/pt/services/a-doua-opinie-medicala","2026-09-12T20:17:27.495Z","519bfe1047ebce84bf303e359fb5e5fa8c55d85f22e820b9cf6e2776464a7769"
"https://www.myglobalhealth.online/romania/pt/services/boli-cronice-online","pt","200","https://www.myglobalhealth.online/romania/pt/services/boli-cronice-online","Gestão das doenças crónicas online | Roménia | médico CMR","Gestão da hipertensão, diabetes, doença da tiroide ou outras condições de longa duração. Os nossos médicos autorizados pela CMR oferecem monitorização médica contínua, ajuste do plano terapêutico e coordenação dos exames através de consulta por vídeo.","Gestão de doenças crônicas — cuidados médicos contínuos online","435","https://www.myglobalhealth.online/romania/pt/services/boli-cronice-online","index, follow","7","0","https://www.myglobalhealth.online/romania/pt/services/boli-cronice-online","2026-09-12T20:17:31.153Z","b10ccdf89a31d7d7528da8a742e78d2643d85e0abc6e05f9f7b695b336483fde"
"https://www.myglobalhealth.online/romania/pt/services/caderea-parului-online","pt","200","https://www.myglobalhealth.online/romania/pt/services/caderea-parului-online","Consulta para queda de cabelo online | Roménia","Avaliação para afinamento ou queda acentuada do cabelo. Os nossos médicos autorizados pela CMR avaliam as possíveis causas, recomendam os exames necessários e estabelecem um plano de gestão baseado em dados clínicos.","Consulta para queda de cabelo — online, no mesmo dia","393","https://www.myglobalhealth.online/romania/pt/services/caderea-parului-online","index, follow","7","0","https://www.myglobalhealth.online/romania/pt/services/caderea-parului-online","2026-09-12T20:17:29.497Z","3e133f83f381478c2b4176347f531277077a22bd77f81b5469805d87e15dea46"
"https://www.myglobalhealth.online/romania/pt/services/consultatie-dermatologica","pt","200","https://www.myglobalhealth.online/romania/pt/services/consultatie-dermatologica","Consulta online para problemas de pele | Roménia","Avaliação para erupções, eczema, acne, comichão ou outros problemas de pele. Os nossos médicos autorizados pela CMR avaliam os sintomas por consulta de vídeo e recomendam o tratamento ou os próximos passos adequados.","Consulta dermatológica de primeira intenção — avaliação online","370","https://www.myglobalhealth.online/romania/pt/services/consultatie-dermatologica","index, follow","7","0","https://www.myglobalhealth.online/romania/pt/services/consultatie-dermatologica","2026-09-12T20:17:28.914Z","16e51cd318e08b9f5f37b5966ce5ae84bdf19707e908302c6a4f27e035811519"
"https://www.myglobalhealth.online/romania/pt/services/consultatie-neurologie","pt","200","https://www.myglobalhealth.online/romania/pt/services/consultatie-neurologie","Consulta de neurologia online | Roménia | especialista CMR","Avaliação especializada para enxaquecas, dores de cabeça persistentes, dormência, neuropatia ou outros problemas neurológicos. O nosso especialista autorizado pela CMR oferece avaliação inicial, recomendações e plano de investigação por consulta em vídeo.","Consulta de neurologia — avaliação especializada online","372","https://www.myglobalhealth.online/romania/pt/services/consultatie-neurologie","index, follow","7","0","https://www.myglobalhealth.online/romania/pt/services/consultatie-neurologie","2026-09-12T20:17:33.803Z","8515ad116f51cb715d07659d5c1dd33d9388b790a7ef67733303daac3bc0ab5c"
"https://www.myglobalhealth.online/romania/pt/services/consultatie-pediatrie","pt","200","https://www.myglobalhealth.online/romania/pt/services/consultatie-pediatrie","Pediatra especialista online | Roménia | avaliação complexa","Opinião pediátrica especializada e avaliação detalhada para os problemas de saúde da criança. O nosso pediatra autorizado pela CMR oferece consultas por vídeo para casos que requerem análise clínica aprofundada.","Médico pediatra especialista — avaliação pediátrica complexa online","361","https://www.myglobalhealth.online/romania/pt/services/consultatie-pediatrie","index, follow","7","0","https://www.myglobalhealth.online/romania/pt/services/consultatie-pediatrie","2026-09-12T20:17:34.772Z","a540fe56b06c6b91a5331e33d04596d3d97dcacf8ee299e2f119aaa59280881b"
"https://www.myglobalhealth.online/romania/pt/services/controlul-greutatii","pt","200","https://www.myglobalhealth.online/romania/pt/services/controlul-greutatii","Gestão do peso online | Roménia | avaliação médica","Gestão médica do peso, para além da dieta e do estilo de vida. Os nossos médicos autorizados pela CMR avaliam os fatores médicos, metabólicos e comportamentais que influenciam o peso e estabelecem um plano realista de gestão.","Gestão do peso — avaliação médica e plano personalizado","409","https://www.myglobalhealth.online/romania/pt/services/controlul-greutatii","index, follow","7","0","https://www.myglobalhealth.online/romania/pt/services/controlul-greutatii","2026-09-12T20:17:31.642Z","79d3c056f1ea70f8b727851e07c3d2d4b60e59be1099c4a9fe85abe439483070"
"https://www.myglobalhealth.online/romania/pt/services/dureri-musculo-scheletice","pt","200","https://www.myglobalhealth.online/romania/pt/services/dureri-musculo-scheletice","Consulta online para dores musculoesqueléticas | Roménia","Avaliação para dores nas costas, dores articulares, ciática ou lesões musculares. Os nossos médicos autorizados pela CMR avaliam os sintomas, sinais de alarme e opções de tratamento através de consulta por vídeo.","Avaliação da dor músculo-esquelética — online, no mesmo dia","381","https://www.myglobalhealth.online/romania/pt/services/dureri-musculo-scheletice","index, follow","7","0","https://www.myglobalhealth.online/romania/pt/services/dureri-musculo-scheletice","2026-09-12T20:17:30.035Z","819d5a383fba72be4d340564df8aac3e373dbfe9210b99b1f799e7bccb6b14b4"
"https://www.myglobalhealth.online/romania/pt/services/evaluare-durere","pt","200","https://www.myglobalhealth.online/romania/pt/services/evaluare-durere","Avaliação especializada da dor online | Roménia","Avaliação especializada para dor crónica ou severa. O nosso especialista autorizado pela CMR oferece avaliação clínica focada no controlo da dor, opções terapêuticas e coordenação dos exames necessários.","Avaliação especializada da dor — consulta online","329","https://www.myglobalhealth.online/romania/pt/services/evaluare-durere","index, follow","7","0","https://www.myglobalhealth.online/romania/pt/services/evaluare-durere","2026-09-12T20:17:34.341Z","f5534970c8d16e8840767a5fc54b013b4aebfab925390c4f71500cca8f1ad923"
"https://www.myglobalhealth.online/romania/pt/services/medic-online-romania","pt","200","https://www.myglobalhealth.online/romania/pt/services/medic-online-romania","Médico online sem registo | Consulta no mesmo dia","Médico registado na CMR disponível online, sem lista de انتظار e sem estar registado no médico de família. Videoconsulta em romeno ou inglês. Reserve hoje.","Médico online — sem registo, sem sala de espera, no mesmo dia","1269","https://www.myglobalhealth.online/romania/pt/services/medic-online-romania","index, follow","7","0","https://www.myglobalhealth.online/romania/pt/services/medic-online-romania","2026-09-12T20:17:25.963Z","3c7f420dbac7d74f7a5758471e354e5f8199b62a2144c89fd1ab34345d9934c3"
"https://www.myglobalhealth.online/romania/pt/services/medic-pediatru-online","pt","200","https://www.myglobalhealth.online/romania/pt/services/medic-pediatru-online","Consulta pediátrica online | Roménia | médico CMR","Consultas pediátricas rápidas e aconselhamento médico para crianças. Os nossos médicos autorizados pela CMR avaliam os sintomas da criança através de consulta em vídeo segura e fornecem-lhe recomendações claras para os próximos passos.","Consulta pediátrica de medicina geral — online, no mesmo dia","382","https://www.myglobalhealth.online/romania/pt/services/medic-pediatru-online","index, follow","7","0","https://www.myglobalhealth.online/romania/pt/services/medic-pediatru-online","2026-09-12T20:17:27.036Z","00f4f1251c26efa2618a99e772075000f37e518562ea9811f82e00f5df2bf46e"
"https://www.myglobalhealth.online/romania/pt/services/medicina-calatoriei","pt","200","https://www.myglobalhealth.online/romania/pt/services/medicina-calatoriei","Consulta de medicina de viagem online | Roménia | profilaxia antimalárica","Avaliação médica de viagem para zonas com risco de malária ou destinos com requisitos especiais de vacinação. Os nossos médicos autorizados CMR avaliam os riscos, fornecem recomendações personalizadas e prescrevem profilaxia antimalárica quando clinicamente indicado.","Consulta de medicina de viagem — avaliação médica antes da partida","405","https://www.myglobalhealth.online/romania/pt/services/medicina-calatoriei","index, follow","7","0","https://www.myglobalhealth.online/romania/pt/services/medicina-calatoriei","2026-09-12T20:17:28.409Z","65d854a3e1763cf1ac8a23ca5b98bfce3014f916e9ffea58f7a86f7a548d18cb"
"https://www.myglobalhealth.online/romania/pt/services/reinnoire-tratament","pt","200","https://www.myglobalhealth.online/romania/pt/services/reinnoire-tratament","Renovação de tratamento online | Roménia | prescrição eletrónica","Renovação do tratamento estável, com avaliação clínica. Os nossos médicos autorizados CMR revêm o esquema atual, verificam a segurança da continuação e emitem prescrição eletrónica quando isso é clinicamente adequado.","Renovação do tratamento — avaliação clínica e prescrição online","399","https://www.myglobalhealth.online/romania/pt/services/reinnoire-tratament","index, follow","7","0","https://www.myglobalhealth.online/romania/pt/services/reinnoire-tratament","2026-09-12T20:17:26.391Z","7447d4b17c1a1dee4ac541a0c12ed7614be371aed41929334a5fd5df38bfb001"
"https://www.myglobalhealth.online/romania/pt/services/sanatate-mintala-online","pt","200","https://www.myglobalhealth.online/romania/pt/services/sanatate-mintala-online","Consulta de saúde mental online | Roménia | confidencial","Avaliação confidencial para ansiedade, depressão, burnout, insónia ou outras dificuldades emocionais. Os nossos médicos autorizados pela CMR oferecem avaliação confidencial, recomendações e coordenação dos próximos passos através de consulta por vídeo.","Avaliação de saúde mental — consultação online confidencial","381","https://www.myglobalhealth.online/romania/pt/services/sanatate-mintala-online","index, follow","7","0","https://www.myglobalhealth.online/romania/pt/services/sanatate-mintala-online","2026-09-12T20:17:30.584Z","3f42c818dab9a00a1531266d12a6c996bdc6b5afa382e5d0554d444144f0978c"
"https://www.myglobalhealth.online/romania/pt/services/sanatatea-barbatului-online","pt","200","https://www.myglobalhealth.online/romania/pt/services/sanatatea-barbatului-online","Consulta de saúde do homem online | Roménia | confidencial","Consultas confidenciais para disfunção erétil, testosterona, libido, fertilidade ou saúde geral. Os nossos médicos autorizados pela CMR oferecem avaliação confidencial e recomendações médicas claras através de consulta por vídeo.","Saúde do homem — avaliação confidencial online","369","https://www.myglobalhealth.online/romania/pt/services/sanatatea-barbatului-online","index, follow","7","0","https://www.myglobalhealth.online/romania/pt/services/sanatatea-barbatului-online","2026-09-12T20:17:32.231Z","e5f7c5c55be272364df33e792fa98a83754228d70445d685ee7012e2e7a5c102"
"https://www.myglobalhealth.online/romania/pt/services/sanatatea-femeii-online","pt","200","https://www.myglobalhealth.online/romania/pt/services/sanatatea-femeii-online","Consulta online de saúde da mulher | Roménia | confidencial","Consultas confidenciais para contraceção, síndrome pré-menstrual, menopausa, saúde hormonal e outros sintomas ginecológicos frequentes. Os nossos médicos autorizados pela CMR oferecem avaliação confidencial e recomendações médicas claras através de consulta por vídeo.","Saúde da mulher — avaliação online confidencial","391","https://www.myglobalhealth.online/romania/pt/services/sanatatea-femeii-online","index, follow","7","0","https://www.myglobalhealth.online/romania/pt/services/sanatatea-femeii-online","2026-09-12T20:17:32.739Z","01aeff00f0ac8a38fe056cb678d6b559b8fe65a9dc670d0dabcfff53fa8ab964"
"https://www.myglobalhealth.online/romania/pt/services/trimiteri-si-investigatii","pt","200","https://www.myglobalhealth.online/romania/pt/services/trimiteri-si-investigatii","Cartas médicas e exames online | Roménia | médico CMR","Cartas médicas, recomendações para análises e encaminhamento para especialistas. Os nossos médicos autorizados pela CMR podem avaliar a situação e emitir a documentação clínica relevante quando indicado.","Cartas médicas, encaminhamentos e exames — coordenação online","393","https://www.myglobalhealth.online/romania/pt/services/trimiteri-si-investigatii","index, follow","7","0","https://www.myglobalhealth.online/romania/pt/services/trimiteri-si-investigatii","2026-09-12T20:17:33.359Z","b42e4347a910c56fab34cdd8746d6e67f51828db4e0d14db8398088086e516c2"
"https://www.myglobalhealth.online/romania/pt/tools/adhd-test","pt","200","https://www.myglobalhealth.online/romania/pt/tools/adhd-test","Teste de PHDA Roménia | Rastreio Gratuito para Adultos","Faça o rastreio de PHDA no adulto com seis perguntas (ASRS v1.1, parte A) e veja o que as suas respostas significam. Um rastreio não é um diagnóstico — esse só pode ser feito por um psiquiatra ou um psicólogo clínico.","Teste de PHDA Roménia","1622","https://www.myglobalhealth.online/romania/pt/tools/adhd-test","index, follow","34","6","https://www.myglobalhealth.online/romania/pt/tools/adhd-test","2026-09-12T20:17:52.348Z","9f2846b55d395cb0de2c79065b30abfe0d1c9eaf49c0130b0872918da6bc358e"
"https://www.myglobalhealth.online/romania/pt/tools/blood-pressure-chart","pt","200","https://www.myglobalhealth.online/romania/pt/tools/blood-pressure-chart","Tensão Arterial Normal Roménia | Tabela de Valores","Compare os seus valores de tensão sistólica e diastólica com a tabela europeia para adultos. Veja a categoria, o que significa e que leituras exigem cuidados médicos no próprio dia.","Tabela de tensão arterial Roménia","1428","https://www.myglobalhealth.online/romania/pt/tools/blood-pressure-chart","index, follow","34","6","https://www.myglobalhealth.online/romania/pt/tools/blood-pressure-chart","2026-09-12T20:17:51.310Z","18046d23373b80fe112e50fd7e237fbcd4966f19d2da886ec8d98a5c550e7ff3"
"https://www.myglobalhealth.online/romania/pt/tools/bmi-calculator","pt","200","https://www.myglobalhealth.online/romania/pt/tools/bmi-calculator","Calculadora IMC Roménia | Calcular IMC Online","Calcule o seu índice de massa corporal em segundos. Sistema métrico ou imperial, categorias da OMS para adultos e o que o resultado significa na prática.","Calculadora de IMC Roménia","1257","https://www.myglobalhealth.online/romania/pt/tools/bmi-calculator","index, follow","34","6","https://www.myglobalhealth.online/romania/pt/tools/bmi-calculator","2026-09-12T20:17:50.264Z","fe0f5e04467c5e376432d9ea4d29a69a56ec07befdab58209a0fdbce4f643a36"
"https://www.myglobalhealth.online/romania/pt/tools/calorie-calculator","pt","200","https://www.myglobalhealth.online/romania/pt/tools/calorie-calculator","Calculadora Calorias Roménia | Calorias Diárias","Calcule quantas calorias precisa por dia para manter, perder ou ganhar peso. Equação de Mifflin-St Jeor, cinco níveis de atividade e o que os números significam na prática.","Calculadora de calorias Roménia","1411","https://www.myglobalhealth.online/romania/pt/tools/calorie-calculator","index, follow","34","6","https://www.myglobalhealth.online/romania/pt/tools/calorie-calculator","2026-09-12T20:17:50.831Z","da174a0855682b0245c0d5444c5e687b4e914afa17227f4260659c8994a324b2"
"https://www.myglobalhealth.online/romania/pt/tools/due-date-calculator","pt","200","https://www.myglobalhealth.online/romania/pt/tools/due-date-calculator","Calculadora de Gravidez Roménia | Semanas e Data do Parto","Calcule a data provável do parto e de quantas semanas está a partir do primeiro dia da última menstruação. Ajusta-se à duração do seu ciclo, com as 40 semanas em detalhe.","Calculadora da data do parto Roménia","1320","https://www.myglobalhealth.online/romania/pt/tools/due-date-calculator","index, follow","34","6","https://www.myglobalhealth.online/romania/pt/tools/due-date-calculator","2026-09-12T20:17:51.848Z","4e7d622de0b2c276790997f4450d600d2af19b303c37e4455d3feac9c90358c3"
"https://www.myglobalhealth.online/romania/pt/tools/osteoporosis-risk-checker","pt","200","https://www.myglobalhealth.online/romania/pt/tools/osteoporosis-risk-checker","Avaliação de Risco de Osteoporose Roménia | Preciso de uma Densitometria Óssea?","Verifique os fatores de risco publicados para osteoporose e fratura de fragilidade, e veja se as orientações clínicas recomendam que seja avaliado. Não é o FRAX nem um diagnóstico — uma lista de verificação para levar ao médico.","Risco de osteoporose Roménia","1760","https://www.myglobalhealth.online/romania/pt/tools/osteoporosis-risk-checker","index, follow","34","6","https://www.myglobalhealth.online/romania/pt/tools/osteoporosis-risk-checker","2026-09-12T20:17:53.389Z","5c849b56763e14c8499ddac7aec008968fd9ac65363493f6631041fcdae44e35"
"https://www.myglobalhealth.online/romania/pt/tools/ovulation-calculator","pt","200","https://www.myglobalhealth.online/romania/pt/tools/ovulation-calculator","Período Fértil Roménia | Calculadora de Ovulação","Calcule os seus dias férteis e o dia previsto de ovulação a partir do primeiro dia da última menstruação. Ajusta-se à duração do seu ciclo, com os seis dias mais férteis em detalhe.","Calculadora de ovulação Roménia","1506","https://www.myglobalhealth.online/romania/pt/tools/ovulation-calculator","index, follow","34","6","https://www.myglobalhealth.online/romania/pt/tools/ovulation-calculator","2026-09-12T20:17:52.823Z","1d5954162942b9522e3ef8c4ab9793b01c64f4df7f95697a6f0c45501c290bba"
"https://www.myglobalhealth.online/romania/pt/tools/sore-throat-checker","pt","200","https://www.myglobalhealth.online/romania/pt/tools/sore-throat-checker","Amigdalite ou Vírus? Avaliação da Dor de Garganta Roménia","Responda a cinco perguntas sobre a sua dor de garganta e veja qual a probabilidade de uma causa bacteriana, com a escala de McIsaac que os clínicos utilizam. Inclui os sinais de alarme que exigem cuidados urgentes. Não é um diagnóstico nem um teste de estreptococos.","Amigdalite e dor de garganta Roménia","1842","https://www.myglobalhealth.online/romania/pt/tools/sore-throat-checker","index, follow","34","6","https://www.myglobalhealth.online/romania/pt/tools/sore-throat-checker","2026-09-12T20:17:53.938Z","1d239458ca735de5e97cc21a2d0188bfcb469fec84382debb314aa0f87a8b542"
"https://www.myglobalhealth.online/romania/ro","ro","200","https://www.myglobalhealth.online/romania/ro","Medic Online România | Medici și Specialiști Înregistrați","Vorbiți azi cu un medic înregistrat prin apel video — medicină de familie, adeverințe medicale, trimiteri către specialiști. Aceeași zi, România.","Îngrijire medicală online în România","1828","https://www.myglobalhealth.online/romania/ro","index, follow","7","7","https://www.myglobalhealth.online/romania/ro","2026-09-12T20:17:43.178Z","882c12b7a1202e8ce1bdd5ab865598fbd90d45f38850c01bff35690a5745e866"
"https://www.myglobalhealth.online/romania/ro/about","ro","200","https://www.myglobalhealth.online/romania/ro/about","Despre Global Health România | Medici online · Global Health","Global Health România: consultații online prin apel video cu medici înregistrați la Colegiul Medicilor din România, în română / engleză. Ce oferim și cine suntem.","Despre Global Health România","456","https://www.myglobalhealth.online/romania/ro/about","index, follow","7","4","https://www.myglobalhealth.online/romania/ro/about","2026-09-12T20:17:48.520Z","fc29f12b20aeb24e57bffc92c43bed5543daa74ec445a0dce420cf83109c70dc"
"https://www.myglobalhealth.online/romania/ro/blog","ro","200","https://www.myglobalhealth.online/romania/ro/blog","Ghiduri de sănătate de la medici înregistrați în România","Ghiduri de sănătate bazate pe dovezi pentru România, scrise și revizuite de echipa noastră medicală.","Ghiduri de sănătate de la medici înregistrați.","338","https://www.myglobalhealth.online/romania/ro/blog","index, follow","7","0","https://www.myglobalhealth.online/romania/ro/blog","2026-09-12T20:17:47.045Z","f7df7b4c0de60272ad33ff158985cc6466d4ebfa70e1d32fc42f0a73f463cfae"
"https://www.myglobalhealth.online/romania/ro/blog/boli-cronice-programe-nationale-de-sanatate","ro","200","https://www.myglobalhealth.online/romania/ro/blog/boli-cronice-programe-nationale-de-sanatate","Boli cronice și programele naționale de sănătate","Boli incluse în programele naționale de sănătate: ce acoperă, cum se ajunge inclus și cum se monitorizează o boală cronică între controale.","Boli cronice și programele naționale de sănătate: cum funcționează","1955","https://www.myglobalhealth.online/romania/ro/blog/boli-cronice-programe-nationale-de-sanatate","index, follow","7","6","https://www.myglobalhealth.online/romania/ro/blog/boli-cronice-programe-nationale-de-sanatate","2026-09-12T20:17:40.261Z","3542326fa8f01569aead6263d63471f0ae7a02ac1e2a49d978937f8985ab4a74"
"https://www.myglobalhealth.online/romania/ro/blog/ce-scade-tensiunea-arteriala-rapid-sigur","ro","200","https://www.myglobalhealth.online/romania/ro/blog/ce-scade-tensiunea-arteriala-rapid-sigur","Ce scade tensiunea rapid: pași siguri · Global Health","Ce faceți după o valoare mare, când sunați la 112 și de ce nu luați captopril, doze suplimentare ori remedii improvizate.","Ce scade tensiunea rapid? Pași siguri și când sunați la 112","1280","https://www.myglobalhealth.online/romania/ro/blog/ce-scade-tensiunea-arteriala-rapid-sigur","index, follow","7","4","https://www.myglobalhealth.online/romania/ro/blog/ce-scade-tensiunea-arteriala-rapid-sigur","2026-09-12T20:17:38.510Z","5cc921c75c2741c1e92f01b328c067c286004c3f8799ad0f5b857cfc9b047b60"
"https://www.myglobalhealth.online/romania/ro/blog/diabetul-boala-tacuta","ro","200","https://www.myglobalhealth.online/romania/ro/blog/diabetul-boala-tacuta","Diabetul în România: Cauze, Simptome, Tratamente și Viitorul Îngrijirii","Peste 1,3 milioane de români trăiesc cu diabet, iar mulți alții rămân nediagnosticați. Ghid complet despre cauze, semne de alarmă, cele mai bune tratamente disponibile și dezvoltările viitoare. Scris de un medic înregistrat.","Diabetul: Boala Tăcută","4080","https://www.myglobalhealth.online/romania/ro/blog/diabetul-boala-tacuta","index, follow","7","7","https://www.myglobalhealth.online/romania/ro/blog/diabetul-boala-tacuta","2026-09-12T20:17:40.681Z","808e463f37904139ca30bf83a00730262fc3edb351ec72cb1ff3e3bbf183ae87"
"https://www.myglobalhealth.online/romania/ro/blog/medical-review-policy","ro","200","https://www.myglobalhealth.online/romania/ro/blog/medical-review-policy","Politica de Revizuire Medicală — Global Health România","Cum redactează, revizuiește și actualizează Global Health articolele de sănătate publicate pentru România: cine le scrie, ce medic înscris în registru le avizează și ce standarde editoriale respectăm.","Cum redactăm și revizuim conținutul medical","735","https://www.myglobalhealth.online/romania/ro/blog/medical-review-policy","index, follow","7","0","https://www.myglobalhealth.online/romania/ro/blog/medical-review-policy","2026-09-12T20:17:47.561Z","44588d8b2c739b47ffa61688e60d3995095864094f350f31f6159ab5a45a3a16"
"https://www.myglobalhealth.online/romania/ro/blog/scrisoare-medicala-cine-o-elibereaza","ro","200","https://www.myglobalhealth.online/romania/ro/blog/scrisoare-medicala-cine-o-elibereaza","Scrisoare medicală: cine o eliberează și la ce folosește","Scrisoarea medicală în România: cine o eliberează, ce trebuie să conțină, la ce folosește, cât este valabilă și ce faceți dacă este incompletă.","Scrisoarea medicală: cine o eliberează, ce conține și la ce folosește","1903","https://www.myglobalhealth.online/romania/ro/blog/scrisoare-medicala-cine-o-elibereaza","index, follow","7","6","https://www.myglobalhealth.online/romania/ro/blog/scrisoare-medicala-cine-o-elibereaza","2026-09-12T20:17:39.595Z","7f40c1c92f18909b2770ea78f1b4b385568fa26f1629dc8d2ca8acf5b2904db3"
"https://www.myglobalhealth.online/romania/ro/blog/tensiune-arteriala-normala-varsta-adulti","ro","200","https://www.myglobalhealth.online/romania/ro/blog/tensiune-arteriala-normala-varsta-adulti","Tensiunea arterială normală după vârstă · Global Health","Ce tensiune arterială se consideră normală la adulți, ce se schimbă cu vârsta și când valorile repetat crescute trebuie discutate cu medicul.","Tensiunea arterială normală: ghid util după vârstă, fără tabele false","1746","https://www.myglobalhealth.online/romania/ro/blog/tensiune-arteriala-normala-varsta-adulti","index, follow","7","6","https://www.myglobalhealth.online/romania/ro/blog/tensiune-arteriala-normala-varsta-adulti","2026-09-12T20:17:39.137Z","c07d2599571fbc2badd1af6f3db1dcc5b52e4c9dbf79828e2fefe228d6c9dc8c"
"https://www.myglobalhealth.online/romania/ro/blog/tensiune-mica-cauze-ce-sa-faci-cand-mergi-la-medic","ro","200","https://www.myglobalhealth.online/romania/ro/blog/tensiune-mica-cauze-ce-sa-faci-cand-mergi-la-medic","Tensiune mică: cauze, ce să faci și ce o ridică","Ce înseamnă o tensiune de 9 cu 6, simptomele care contează, ce ridică tensiunea în câteva minute, de ce apa cu zahăr nu ajută și când suni la 112.","Tensiune mică: de ce apare, ce faci pe loc și când nu mai aștepți","1414","https://www.myglobalhealth.online/romania/ro/blog/tensiune-mica-cauze-ce-sa-faci-cand-mergi-la-medic","index, follow","7","4","https://www.myglobalhealth.online/romania/ro/blog/tensiune-mica-cauze-ce-sa-faci-cand-mergi-la-medic","2026-09-12T20:17:37.959Z","8ec9963f6336f9f8e21a088d87b4241148fe90a96835513387a5b2ca21790651"
"https://www.myglobalhealth.online/romania/ro/book","ro","200","https://www.myglobalhealth.online/romania/ro/book","Programează-ți consultația — România · Global Health","Clinică medicală din România. Alege un serviciu, un clinician, o oră și detaliile pacientului.","","3","https://www.myglobalhealth.online/romania/ro/book","index, follow","7","0","https://www.myglobalhealth.online/romania/ro/book","2026-09-12T20:17:45.456Z","0738ac3c385edee8f675881756a4297855003f13c8703e0682782bd6b8d9219d"
"https://www.myglobalhealth.online/romania/ro/careers","ro","200","https://www.myglobalhealth.online/romania/ro/careers","Cariere la Global Health România","Alăturați-vă Global Health în România. Lucrăm cu medici înregistrați, echipe de suport clinic și echipe tehnologice în toată Europa și în Brazilia. Vedeți cum vă puteți depune candidatura.","Cariere la Global Health","106","https://www.myglobalhealth.online/romania/ro/careers","index, follow","7","0","https://www.myglobalhealth.online/romania/ro/careers","2026-09-12T20:17:48.940Z","ded1c9b20d59e3f262c83ab2749cdd2cb5f4fb583793f7055a859ce3c4018c36"
"https://www.myglobalhealth.online/romania/ro/contact","ro","200","https://www.myglobalhealth.online/romania/ro/contact","Contact | Medic Online România | Global Health","Contactați Global Health România: info@myglobalhealth.online. Consultații online prin apel video cu medici înregistrați. Asistență în română și engleză.","Contact — Global Health România","244","https://www.myglobalhealth.online/romania/ro/contact","index, follow","7","4","https://www.myglobalhealth.online/romania/ro/contact","2026-09-12T20:17:48.017Z","bcb0bf7febccad8aab1d54c1d381d14cbeb3f3ab092ea0cea0522f3da2f42249"
"https://www.myglobalhealth.online/romania/ro/doctors","ro","200","https://www.myglobalhealth.online/romania/ro/doctors","Medici înregistrați CMR | Consultații online în România","Răsfoiți 3 medici și specialiști înregistrați la CMR disponibili online în România. Vizualizați profiluri, specializări și limbi. Rezervați în aceeași zi.","Medici care chiar răspund.","1007","https://www.myglobalhealth.online/romania/ro/doctors","index, follow","7","7","https://www.myglobalhealth.online/romania/ro/doctors","2026-09-12T20:17:43.709Z","881fd3d996a94aa9a62f4b124df6e64d10dd0898eea6af90b2bdf842b38ed5c0"
"https://www.myglobalhealth.online/romania/ro/doctors/dr-alexandra-palaga","ro","200","https://www.myglobalhealth.online/romania/ro/doctors/dr-alexandra-palaga","Dr. Alexandra Palaga — Pediatru Specialist | CMR 159625","Rezervați o consultație video cu Dr. Alexandra Palaga — pediatru specialist înregistrat la CMR (nr. 159625). UMF Carol Davila · Urgențe pediatrice · Gastroenterologie și nutriție · Boală celiacă · ESPGHAN. Programare în aceeași zi.","Dr Alexandra Palaga","1185","https://www.myglobalhealth.online/romania/ro/doctors/dr-alexandra-palaga","index, follow","7","6","https://www.myglobalhealth.online/romania/ro/doctors/dr-alexandra-palaga","2026-09-12T20:17:41.352Z","0792f7b2ed8fdf95f0aceb393fdc47dab8dcfc2f4d2a385b3c2fedd5a76170bd"
"https://www.myglobalhealth.online/romania/ro/doctors/dr-andreea-lorena-bica","ro","200","https://www.myglobalhealth.online/romania/ro/doctors/dr-andreea-lorena-bica","Dr. Andreea-Lorena Bica — Neurolog | CMR 147502","Rezervați o consultație video cu Dr. Andreea-Lorena Bica — neurolog specialist înregistrat la CMR (nr. 147502). UMF Craiova · Spitalul Elias București · AVC, epilepsie, boli neurodegenerative. Programare în aceeași zi.","Dr Andreea Lorena Bica","1064","https://www.myglobalhealth.online/romania/ro/doctors/dr-andreea-lorena-bica","index, follow","7","6","https://www.myglobalhealth.online/romania/ro/doctors/dr-andreea-lorena-bica","2026-09-12T20:17:41.897Z","6e00263d9945b4a85eb0d7b16f40fe7fc2403d2b0ccf7efe6e5409c67e4082df"
"https://www.myglobalhealth.online/romania/ro/doctors/dr-robert-gabriel-brindus","ro","200","https://www.myglobalhealth.online/romania/ro/doctors/dr-robert-gabriel-brindus","Dr. Robert Brînduș — Medic de Familie | CMR 152462","Rezervați o consultație video cu Dr. Robert Brînduș — medic de familie înregistrat la CMR (nr. 152462). Formare specializată ATI · Spitalul Floreasca București · Tallaght University Hospital · EDAIC. Programare în aceeași zi.","Dr Robert Gabriel Brindus","1923","https://www.myglobalhealth.online/romania/ro/doctors/dr-robert-gabriel-brindus","index, follow","7","6","https://www.myglobalhealth.online/romania/ro/doctors/dr-robert-gabriel-brindus","2026-09-12T20:17:42.386Z","168a58bffc8625987c15255897faa3a3ebf6aa1032a4d1d27a30467086679744"
"https://www.myglobalhealth.online/romania/ro/faq","ro","200","https://www.myglobalhealth.online/romania/ro/faq","Întrebări frecvente — România · Global Health","România — Rezervări, plăți, consultații, confidențialitate și când îngrijirea online nu este soluția potrivită. Nu găsiți ce căutați? Scrieți-ne.","Răspunsuri, fără limbaj de marketing.","366","https://www.myglobalhealth.online/romania/ro/faq","index, follow","3","0","https://www.myglobalhealth.online/romania/ro/faq","2026-09-12T20:17:49.922Z","cf09f0db12d7f898e84e7d80b1c1eeb7a5b94c09dd05fa2cf0942baf6141a1a9"
"https://www.myglobalhealth.online/romania/ro/gp-consultation-online","ro","200","https://www.myglobalhealth.online/romania/ro/gp-consultation-online","Consultație Medicală Online în România | Global Health","Consultații medicale online cu medici înregistrați la Colegiul Medicilor din România.","Consultație Medicală Online în România","1458","https://www.myglobalhealth.online/romania/ro/gp-consultation-online","index, follow","7","6","https://www.myglobalhealth.online/romania/ro/gp-consultation-online","2026-09-12T20:17:44.342Z","f60ed966dc8de050179869b20fe117a86baadf3c6116ea6ba92bb0743772d46a"
"https://www.myglobalhealth.online/romania/ro/lab-tests","ro","200","https://www.myglobalhealth.online/romania/ro/lab-tests","Teste de sănătate cu informații specifice · Romania","Această pagină listează testele disponibile în prezent în Romania. Fiecare test are propriul preț, stoc, informații despre probă și termen estimat, când sunt configurate.","Rezultate de laborator, verificate de medicii noștri.","464","https://www.myglobalhealth.online/romania/ro/lab-tests","index, follow","7","6","https://www.myglobalhealth.online/romania/ro/lab-tests","2026-09-12T20:17:46.062Z","a24e5bbf8c157cacae82fc710f575e4d214491a7716ff85e1ee35fa734526553"
"https://www.myglobalhealth.online/romania/ro/legal","ro","200","https://www.myglobalhealth.online/romania/ro/legal","Informații legale. · România · Global Health","Documente legale, înregistrarea companiei și detalii de reglementare pentru Global Health în România.","Informații legale.","158","https://www.myglobalhealth.online/romania/ro/legal","index, follow","7","0","https://www.myglobalhealth.online/romania/ro/legal","2026-09-12T20:17:35.116Z","30b42f4897759e87b9bbd75341326b14c9515f0484df3a249029ff699c23534d"
"https://www.myglobalhealth.online/romania/ro/legal/complaints-procedure","ro","200","https://www.myglobalhealth.online/romania/ro/legal/complaints-procedure","Procedura de Reclamații · România · Global Health","Procedura de Reclamații. Documente legale, înregistrarea companiei și detalii de reglementare pentru Global Health în România.","Procedura de Reclamații","860","https://www.myglobalhealth.online/romania/ro/legal/complaints-procedure","index, follow","7","0","https://www.myglobalhealth.online/romania/ro/legal/complaints-procedure","2026-09-12T20:17:37.311Z","40f07d3458650bb73018bbfa6b5b29023f17f5eb34028d086d462e798ce32354"
"https://www.myglobalhealth.online/romania/ro/legal/medical-disclaimer","ro","200","https://www.myglobalhealth.online/romania/ro/legal/medical-disclaimer","Declinarea responsabilității medicale · România","Declinarea responsabilității medicale. Documente legale, înregistrarea companiei și detalii de reglementare pentru Global Health în România.","Medical Disclaimer","2153","https://www.myglobalhealth.online/romania/ro/legal/medical-disclaimer","index, follow","3","0","https://www.myglobalhealth.online/romania/ro/legal/medical-disclaimer","2026-09-12T20:17:37.840Z","740f93453b39a7aa53ecc36a9b5e4b1ea9b9a475c92f4cbc8b641f07535f858b"
"https://www.myglobalhealth.online/romania/ro/legal/privacy-policy","ro","200","https://www.myglobalhealth.online/romania/ro/legal/privacy-policy","Politica de Confidențialitate · România · Global Health","Politica de Confidențialitate. Documente legale, înregistrarea companiei și detalii de reglementare pentru Global Health în România.","Politica de Confidențialitate","3809","https://www.myglobalhealth.online/romania/ro/legal/privacy-policy","index, follow","7","0","https://www.myglobalhealth.online/romania/ro/legal/privacy-policy","2026-09-12T20:17:36.232Z","dde937439175b44300dc9cab853b77878c914068cdb44348a559e86f0069dfd3"
"https://www.myglobalhealth.online/romania/ro/legal/refund-policy","ro","200","https://www.myglobalhealth.online/romania/ro/legal/refund-policy","Politica de Rambursare · România · Global Health","Politica de Rambursare. Documente legale, înregistrarea companiei și detalii de reglementare pentru Global Health în România.","Politica de Rambursare","2855","https://www.myglobalhealth.online/romania/ro/legal/refund-policy","index, follow","7","0","https://www.myglobalhealth.online/romania/ro/legal/refund-policy","2026-09-12T20:17:36.833Z","283dec95bf5d72616b64cb1135fcbca04a6ce8fe49e1831bfbd056377aeeec00"
"https://www.myglobalhealth.online/romania/ro/legal/terms-of-service","ro","200","https://www.myglobalhealth.online/romania/ro/legal/terms-of-service","Termeni și Condiții · România · Global Health","Termeni și Condiții. Documente legale, înregistrarea companiei și detalii de reglementare pentru Global Health în România.","Termeni și Condiții","6937","https://www.myglobalhealth.online/romania/ro/legal/terms-of-service","index, follow","7","0","https://www.myglobalhealth.online/romania/ro/legal/terms-of-service","2026-09-12T20:17:35.692Z","240b16f0883d10c8781dbaf0f1915acfb6d835f710b54674ae000fba35fb4da7"
"https://www.myglobalhealth.online/romania/ro/press","ro","200","https://www.myglobalhealth.online/romania/ro/press","Presă și media — Global Health România","Informații de presă despre Global Health în România: cine operează serviciul, cum este reglementat, piețele pe care le deservim și cum ne puteți contacta departamentul de presă.","Presă și media","215","https://www.myglobalhealth.online/romania/ro/press","index, follow","7","0","https://www.myglobalhealth.online/romania/ro/press","2026-09-12T20:17:49.479Z","d25481e0055c5ee6e75f947aac32846665e202891762cd6220a4e6681fae5749"
"https://www.myglobalhealth.online/romania/ro/pricing","ro","200","https://www.myglobalhealth.online/romania/ro/pricing","Alegeți planul dumneavoastră lunar · România · Global Health","Îngrijire lunară online de la medicul de familie, cu credite de consultații și economii la specialiști, la prețuri pentru România.","Îngrijire care se reînnoiește împreună cu dumneavoastră","377","https://www.myglobalhealth.online/romania/ro/pricing","index, follow","7","0","https://www.myglobalhealth.online/romania/ro/pricing","2026-09-12T20:17:46.574Z","a8af42a5fccf16337174328a4b8c320aa59acdd57b4433c0cb7d9dcd4db5ad7d"
"https://www.myglobalhealth.online/romania/ro/see-a-specialist","ro","200","https://www.myglobalhealth.online/romania/ro/see-a-specialist","Îngrijire de specialitate asociată unui serviciu activ · Romania","Global Health listează consultațiile online de specialitate disponibile în prezent în Romania. Disponibilitatea depinde de serviciu, de cadrul medical și de program. Unele probleme necesită o examinare în persoană sau un alt cadru de îngrijire.","Cunoaște înregistrații specialiști.","958","https://www.myglobalhealth.online/romania/ro/see-a-specialist","index, follow","7","6","https://www.myglobalhealth.online/romania/ro/see-a-specialist","2026-09-12T20:17:44.840Z","f773e36276ba69b35f578e94ee7049f4d1e1f5424d6921337d78cca04d6de6e8"
"https://www.myglobalhealth.online/romania/ro/services/a-doua-opinie-medicala","ro","200","https://www.myglobalhealth.online/romania/ro/services/a-doua-opinie-medicala","A doua opinie medicală online | România | evaluare independentă","A doua opinie medicală pentru diagnostic, plan de tratament sau o recomandare medicală importantă. Medicii noștri autorizați CMR oferă o a doua opinie clară, structurată și independentă prin consultație video.","A doua opinie medicală — evaluare clinică independentă","389","https://www.myglobalhealth.online/romania/ro/services/a-doua-opinie-medicala","index, follow","7","0","https://www.myglobalhealth.online/romania/ro/services/a-doua-opinie-medicala","2026-09-12T20:17:27.394Z","d065ffce89eaa61cc81b4e0dd84329d8eefed4f2e1294110d9d32bfd86edc315"
"https://www.myglobalhealth.online/romania/ro/services/boli-cronice-online","ro","200","https://www.myglobalhealth.online/romania/ro/services/boli-cronice-online","Managementul bolilor cronice online | România | medic CMR","Management pentru hipertensiune, diabet, boală tiroidiană sau alte afecțiuni de durată. Medicii noștri autorizați CMR oferă monitorizare medicală continuă, ajustarea planului terapeutic și coordonarea investigațiilor prin consultație video.","Managementul bolilor cronice — îngrijire medicală continuă online","410","https://www.myglobalhealth.online/romania/ro/services/boli-cronice-online","index, follow","7","0","https://www.myglobalhealth.online/romania/ro/services/boli-cronice-online","2026-09-12T20:17:30.970Z","fe1ac5df74edca47776b845c13664b6196b472215bbbb3a44dc8b9d6e0c41bce"
"https://www.myglobalhealth.online/romania/ro/services/caderea-parului-online","ro","200","https://www.myglobalhealth.online/romania/ro/services/caderea-parului-online","Consultație pentru căderea părului online | România","Evaluare pentru subțierea sau căderea accentuată a părului. Medicii noștri autorizați CMR evaluează cauzele posibile, recomandă investigațiile necesare și stabilesc un plan de management bazat pe date clinice.","Consultație pentru căderea părului — online, în aceeași zi","370","https://www.myglobalhealth.online/romania/ro/services/caderea-parului-online","index, follow","7","0","https://www.myglobalhealth.online/romania/ro/services/caderea-parului-online","2026-09-12T20:17:29.342Z","47772ebd12f087beb18cbff9f3ffa08d57d0fecdfb69d6b13992bab4005b5a91"
"https://www.myglobalhealth.online/romania/ro/services/consultatie-dermatologica","ro","200","https://www.myglobalhealth.online/romania/ro/services/consultatie-dermatologica","Consultație pentru probleme ale pielii online | România","Evaluare pentru erupții, eczemă, acnee, mâncărime sau alte probleme ale pielii. Medicii noștri autorizați CMR evaluează simptomele prin consultație video și vă recomandă tratamentul sau următorii pași potriviți.","Consultație dermatologică de primă intenție — evaluare online","356","https://www.myglobalhealth.online/romania/ro/services/consultatie-dermatologica","index, follow","7","0","https://www.myglobalhealth.online/romania/ro/services/consultatie-dermatologica","2026-09-12T20:17:28.848Z","d96c9c1a34c492f5a21a16405a49ef81746325b3819e6d65143e6f35ec9763b6"
"https://www.myglobalhealth.online/romania/ro/services/consultatie-neurologie","ro","200","https://www.myglobalhealth.online/romania/ro/services/consultatie-neurologie","Consultație neurologie online | România | specialist CMR","Evaluare de specialitate pentru migrene, dureri de cap persistente, amorțeli, neuropatie sau alte probleme neurologice. Specialistul nostru autorizat CMR oferă evaluare inițială, recomandări și plan de investigații prin consultație video.","Consultație de neurologie — evaluare de specialitate online","350","https://www.myglobalhealth.online/romania/ro/services/consultatie-neurologie","index, follow","7","0","https://www.myglobalhealth.online/romania/ro/services/consultatie-neurologie","2026-09-12T20:17:33.695Z","ffb79b7037cdaa3f67d954964cbea4877a5d8c742e2e005d99af4544fdc8e5c3"
"https://www.myglobalhealth.online/romania/ro/services/consultatie-pediatrie","ro","200","https://www.myglobalhealth.online/romania/ro/services/consultatie-pediatrie","Pediatru specialist online | România | evaluare complexă","Opinie pediatrică de specialitate și evaluare detaliată pentru problemele de sănătate ale copilului. Pediatrul nostru autorizat CMR oferă consultații video pentru cazuri care necesită analiză clinică aprofundată.","Medic pediatru specialist — evaluare pediatrică complexă online","344","https://www.myglobalhealth.online/romania/ro/services/consultatie-pediatrie","index, follow","7","0","https://www.myglobalhealth.online/romania/ro/services/consultatie-pediatrie","2026-09-12T20:17:34.670Z","742ea55dc96376b1f81b244a56e8fc3088e07956b70fade550325fe480f9abc2"
"https://www.myglobalhealth.online/romania/ro/services/controlul-greutatii","ro","200","https://www.myglobalhealth.online/romania/ro/services/controlul-greutatii","Managementul greutății online | România | evaluare medicală","Management medical al greutății, dincolo de dietă și stil de viață. Medicii noștri autorizați CMR evaluează factorii medicali, metabolici și comportamentali care influențează greutatea și stabilesc un plan realist de management.","Managementul greutății — evaluare medicală și plan personalizat","374","https://www.myglobalhealth.online/romania/ro/services/controlul-greutatii","index, follow","7","0","https://www.myglobalhealth.online/romania/ro/services/controlul-greutatii","2026-09-12T20:17:31.588Z","f4cd7cf0902de3f4b8d97075205ccbcaa7ef1e3001dbdb50e8eccb95401e5e53"
"https://www.myglobalhealth.online/romania/ro/services/dureri-musculo-scheletice","ro","200","https://www.myglobalhealth.online/romania/ro/services/dureri-musculo-scheletice","Consultație dureri musculo-scheletale online | România","Evaluare pentru dureri de spate, dureri articulare, sciatică sau accidentări musculare. Medicii noștri autorizați CMR evaluează simptomele, semnele de alarmă și opțiunile de tratament prin consultație video.","Evaluarea durerii musculo-scheletale — online, în aceeași zi","363","https://www.myglobalhealth.online/romania/ro/services/dureri-musculo-scheletice","index, follow","7","0","https://www.myglobalhealth.online/romania/ro/services/dureri-musculo-scheletice","2026-09-12T20:17:29.920Z","bd90291f0de22ca87ef43149a7ef4d152c5096ed4cf212670c9ba54a1f868eaf"
"https://www.myglobalhealth.online/romania/ro/services/evaluare-durere","ro","200","https://www.myglobalhealth.online/romania/ro/services/evaluare-durere","Evaluare specializată a durerii online | România","Evaluare de specialitate pentru durerea cronică sau severă. Specialistul nostru autorizat CMR oferă evaluare clinică orientată pe controlul durerii, opțiuni terapeutice și coordonarea investigațiilor necesare.","Evaluare specializată a durerii — consultație online","309","https://www.myglobalhealth.online/romania/ro/services/evaluare-durere","index, follow","7","0","https://www.myglobalhealth.online/romania/ro/services/evaluare-durere","2026-09-12T20:17:34.146Z","18678e5be4c3bad6fa7c931535a8a387848b6be82c4ceef3a61a5b4b5aec4b15"
"https://www.myglobalhealth.online/romania/ro/services/medic-online-romania","ro","200","https://www.myglobalhealth.online/romania/ro/services/medic-online-romania","Medic online fără înregistrare | Consultație în aceeași zi","Medic înregistrat la CMR disponibil online, fără listă de așteptare și fără a fi înregistrat la medicul de familie. Videoconsultație în română sau engleză. Rezervați astăzi.","Medic online — fără înregistrare, fără sală de așteptare, în aceeași zi","1216","https://www.myglobalhealth.online/romania/ro/services/medic-online-romania","index, follow","7","0","https://www.myglobalhealth.online/romania/ro/services/medic-online-romania","2026-09-12T20:17:25.375Z","07a8a5dd86bb5f9a50735e535852aaa1df43b61f09d9d7985bf30374ca091af4"
"https://www.myglobalhealth.online/romania/ro/services/medic-pediatru-online","ro","200","https://www.myglobalhealth.online/romania/ro/services/medic-pediatru-online","Consultație pediatrică online | România | medic CMR","Consultații pediatrice rapide și sfat medical pentru copii. Medicii noștri autorizați CMR evaluează simptomele copilului prin consultație video securizată și vă oferă recomandări clare pentru pașii următori.","Consultație pediatrică de medicină generală — online, în aceeași zi","368","https://www.myglobalhealth.online/romania/ro/services/medic-pediatru-online","index, follow","7","0","https://www.myglobalhealth.online/romania/ro/services/medic-pediatru-online","2026-09-12T20:17:26.857Z","03ac9deacee73e829d2085b5d74094ee7652cabafb62c37f7e2dfe3248557a9e"
"https://www.myglobalhealth.online/romania/ro/services/medicina-calatoriei","ro","200","https://www.myglobalhealth.online/romania/ro/services/medicina-calatoriei","Consultație de medicină de călătorie online | România | profilaxie antimalarică","Evaluare medicală de călătorie pentru zone cu risc de malarie sau destinații cu cerințe speciale de vaccinare. Medicii noștri autorizați CMR evaluează riscurile, oferă recomandări personalizate și prescriu profilaxie antimalarică atunci când este indicat clinic.","Consultație de medicină de călătorie — evaluare medicală înainte de plecare","388","https://www.myglobalhealth.online/romania/ro/services/medicina-calatoriei","index, follow","7","0","https://www.myglobalhealth.online/romania/ro/services/medicina-calatoriei","2026-09-12T20:17:27.978Z","9d575d1446942ae0943b94b3f5095e3e3d9ff46e5239ba6428cda8fc4f2d5dfa"
"https://www.myglobalhealth.online/romania/ro/services/reinnoire-tratament","ro","200","https://www.myglobalhealth.online/romania/ro/services/reinnoire-tratament","Reînnoire tratament online | România | prescripție electronică","Reînnoirea tratamentului stabil, cu evaluare clinică. Medicii noștri autorizați CMR revizuiesc schema actuală, verifică siguranța continuării și emit prescripție electronică atunci când acest lucru este adecvat clinic.","Reînnoirea tratamentului — evaluare clinică și prescripție online","378","https://www.myglobalhealth.online/romania/ro/services/reinnoire-tratament","index, follow","7","0","https://www.myglobalhealth.online/romania/ro/services/reinnoire-tratament","2026-09-12T20:17:26.363Z","8ab2dbd0e0ab99c9eefc6328b0658ae9fb01437928a1cecc8295428050601bd0"
"https://www.myglobalhealth.online/romania/ro/services/sanatate-mintala-online","ro","200","https://www.myglobalhealth.online/romania/ro/services/sanatate-mintala-online","Consultație de sănătate mintală online | România | confidențial","Evaluare confidențială pentru anxietate, depresie, burnout, insomnie sau alte dificultăți emoționale. Medicii noștri autorizați CMR oferă evaluare confidențială, recomandări și coordonarea pașilor următori prin consultație video.","Evaluare de sănătate mintală — consultație online confidențială","370","https://www.myglobalhealth.online/romania/ro/services/sanatate-mintala-online","index, follow","7","0","https://www.myglobalhealth.online/romania/ro/services/sanatate-mintala-online","2026-09-12T20:17:30.461Z","f19f5ecb3582c3e72b8b0814e63f2d9e05686a5deecb98eb0e4b120d7c911a12"
"https://www.myglobalhealth.online/romania/ro/services/sanatatea-barbatului-online","ro","200","https://www.myglobalhealth.online/romania/ro/services/sanatatea-barbatului-online","Consultație sănătatea bărbatului online | România | confidențial","Consultații confidențiale pentru disfuncție erectilă, testosteron, libido, fertilitate sau sănătate generală. Medicii noștri autorizați CMR oferă evaluare confidențială și recomandări medicale clare prin consultație video.","Sănătatea bărbatului — evaluare confidențială online","350","https://www.myglobalhealth.online/romania/ro/services/sanatatea-barbatului-online","index, follow","7","0","https://www.myglobalhealth.online/romania/ro/services/sanatatea-barbatului-online","2026-09-12T20:17:32.101Z","8e56ecaeb41ce7dc4d8a52d39705edd7b9e8f4da8a6b4a69a1608c5f2ce4f717"
"https://www.myglobalhealth.online/romania/ro/services/sanatatea-femeii-online","ro","200","https://www.myglobalhealth.online/romania/ro/services/sanatatea-femeii-online","Consultație sănătatea femeii online | România | confidențial","Consultații confidențiale pentru contracepție, sindrom premenstrual, menopauză, sănătate hormonală și alte simptome ginecologice frecvente. Medicii noștri autorizați CMR oferă evaluare confidențială și recomandări medicale clare prin consultație video.","Sănătatea femeii — evaluare online confidențială","375","https://www.myglobalhealth.online/romania/ro/services/sanatatea-femeii-online","index, follow","7","0","https://www.myglobalhealth.online/romania/ro/services/sanatatea-femeii-online","2026-09-12T20:17:32.635Z","f5c3b5172e74912de44451a6b77ee51b978621259d52f23dd7c9c8678b4a7f61"
"https://www.myglobalhealth.online/romania/ro/services/trimiteri-si-investigatii","ro","200","https://www.myglobalhealth.online/romania/ro/services/trimiteri-si-investigatii","Scrisori medicale și investigații online | România | medic CMR","Scrisori medicale, recomandări pentru analize și orientare către specialiști. Medicii noștri autorizați CMR pot evalua situația și emite documentația clinică relevantă atunci când este indicată.","Scrisori medicale, trimiteri și investigații — coordonare online","379","https://www.myglobalhealth.online/romania/ro/services/trimiteri-si-investigatii","index, follow","7","0","https://www.myglobalhealth.online/romania/ro/services/trimiteri-si-investigatii","2026-09-12T20:17:33.183Z","6e46d7d34a44f055c80a751335d3085bd7a1d6f3e76afd8f1beaf9c6c9f85555"
"https://www.myglobalhealth.online/romania/ro/tools/adhd-test","ro","200","https://www.myglobalhealth.online/romania/ro/tools/adhd-test","Test ADHD România | Screening Gratuit pentru Adulți","Completează testul de screening ADHD pentru adulți, cu șase întrebări (ASRS v1.1, partea A), și vezi ce înseamnă răspunsurile tale. Un screening nu este un diagnostic — acesta poate fi pus doar de un medic psihiatru sau de un psiholog clinician.","Test ADHD România","1597","https://www.myglobalhealth.online/romania/ro/tools/adhd-test","index, follow","34","8","https://www.myglobalhealth.online/romania/ro/tools/adhd-test","2026-09-12T20:17:52.174Z","a553328642e5568fcf517117cee81e74afcad1bae053d33b39b7bf76d0009053"
"https://www.myglobalhealth.online/romania/ro/tools/blood-pressure-chart","ro","200","https://www.myglobalhealth.online/romania/ro/tools/blood-pressure-chart","Tensiune Arterială Normală România | Tabel de Valori","Compară tensiunea sistolică și diastolică cu tabelul european pentru adulți. Vezi categoria, ce înseamnă și ce valori au nevoie de îngrijire medicală în aceeași zi.","Tensiune arterială normală România","1444","https://www.myglobalhealth.online/romania/ro/tools/blood-pressure-chart","index, follow","34","8","https://www.myglobalhealth.online/romania/ro/tools/blood-pressure-chart","2026-09-12T20:17:51.210Z","2989499f0b989f67b46cc47860da464a4813a5545697a7f94bd7a679be1f50ed"
"https://www.myglobalhealth.online/romania/ro/tools/bmi-calculator","ro","200","https://www.myglobalhealth.online/romania/ro/tools/bmi-calculator","Calculator IMC România | Calculează-ți IMC · Global Health","Calculează-ți indicele de masă corporală în câteva secunde. Sistem metric sau imperial, categoriile OMS pentru adulți și ce înseamnă cu adevărat rezultatul tău.","Calculator IMC România","1280","https://www.myglobalhealth.online/romania/ro/tools/bmi-calculator","index, follow","34","8","https://www.myglobalhealth.online/romania/ro/tools/bmi-calculator","2026-09-12T20:17:50.131Z","56d45b42bda4045619c6896292fb6b6c866540f7745c2a77658deb6aa6e13d7e"
"https://www.myglobalhealth.online/romania/ro/tools/calorie-calculator","ro","200","https://www.myglobalhealth.online/romania/ro/tools/calorie-calculator","Calculator Calorii România | Necesarul Zilnic de Calorii","Calculează de câte calorii ai nevoie pe zi ca să îți menții, să scazi sau să crești greutatea. Ecuația Mifflin-St Jeor, cinci niveluri de activitate și ce înseamnă de fapt cifrele.","Calculator calorii România","1455","https://www.myglobalhealth.online/romania/ro/tools/calorie-calculator","index, follow","34","8","https://www.myglobalhealth.online/romania/ro/tools/calorie-calculator","2026-09-12T20:17:50.606Z","a7c7432f14c8bfcfc9dd05d084315da8fd7e740543981220c79c8c8a786d27da"
"https://www.myglobalhealth.online/romania/ro/tools/due-date-calculator","ro","200","https://www.myglobalhealth.online/romania/ro/tools/due-date-calculator","Calculator de Sarcină România | Data Nașterii și Săptămâni","Află data probabilă a nașterii și în ce săptămână de sarcină ești, pornind de la prima zi a ultimei menstruații. Se ajustează după durata ciclului tău, cu toate cele 40 de săptămâni detaliate.","Calculator de sarcină România","1361","https://www.myglobalhealth.online/romania/ro/tools/due-date-calculator","index, follow","34","8","https://www.myglobalhealth.online/romania/ro/tools/due-date-calculator","2026-09-12T20:17:51.661Z","03636f9b3641d2d571b6ec616988a00eea89edd8e665d4deb41b6c3c0f482fde"
"https://www.myglobalhealth.online/romania/ro/tools/osteoporosis-risk-checker","ro","200","https://www.myglobalhealth.online/romania/ro/tools/osteoporosis-risk-checker","Verificare Risc de Osteoporoză România | Ai Nevoie de o Densitometrie Osoasă?","Verifică factorii de risc publicați pentru osteoporoză și fractura de fragilitate și vezi dacă ghidurile clinice recomandă să fii evaluat(ă). Nu este FRAX și nu este un diagnostic — o listă de identificare a riscului pe care o poți duce la medic.","Risc de osteoporoză România","1854","https://www.myglobalhealth.online/romania/ro/tools/osteoporosis-risk-checker","index, follow","34","8","https://www.myglobalhealth.online/romania/ro/tools/osteoporosis-risk-checker","2026-09-12T20:17:53.190Z","4dd8042a88c6421a1b7e50ab14ff4e45e9557e8af50ffb4d95ec1c67546d4abc"
"https://www.myglobalhealth.online/romania/ro/tools/ovulation-calculator","ro","200","https://www.myglobalhealth.online/romania/ro/tools/ovulation-calculator","Calculator Ovulație România | Zile Fertile și Ziua Ovulației","Află zilele fertile și ziua estimată a ovulației pornind de la prima zi a ultimei menstruații. Se ajustează după durata ciclului tău, cu cele șase zile cele mai fertile detaliate.","Calculator de ovulație România","1501","https://www.myglobalhealth.online/romania/ro/tools/ovulation-calculator","index, follow","34","8","https://www.myglobalhealth.online/romania/ro/tools/ovulation-calculator","2026-09-12T20:17:52.689Z","63c1b456c637e7fd43946cf8eac7d740bde4adfc2d7dc9d64cb558205267d205"
"https://www.myglobalhealth.online/romania/ro/tools/sore-throat-checker","ro","200","https://www.myglobalhealth.online/romania/ro/tools/sore-throat-checker","Amigdalită sau Virus? Verificare Durere în Gât România","Răspunde la cinci întrebări despre durerea ta în gât și vezi cât de probabilă este o cauză bacteriană, folosind scorul McIsaac pe care îl folosesc medicii. Include semnele de alarmă care necesită îngrijire urgentă. Nu este un diagnostic și nu este un test pentru streptococ.","Verificare amigdalită și durere în gât România","1923","https://www.myglobalhealth.online/romania/ro/tools/sore-throat-checker","index, follow","34","8","https://www.myglobalhealth.online/romania/ro/tools/sore-throat-checker","2026-09-12T20:17:53.749Z","f614e7d45814c0e5a391e3f302ee3d085e939408455ac8340262e20877f42742"
"https://www.myglobalhealth.online/romania/cs/legal/medical-disclaimer","cs","200","https://www.myglobalhealth.online/romania/cs/legal/medical-disclaimer","Lékařské upozornění · Rumunsko · Global Health","Lékařské upozornění. Právní dokumenty, registrace společnosti a regulační údaje pro Global Health v Rumunsko.","Medical Disclaimer","2153","https://www.myglobalhealth.online/romania/cs/legal/medical-disclaimer","noindex, follow","0","0","https://www.myglobalhealth.online/romania/cs/legal/medical-disclaimer","2026-09-12T20:24:24.604Z","d40967d8ca5ebc09a6a6e0ff8052cf469bc444a9048365b7c1546a54042438ef"
"https://www.myglobalhealth.online/romania/cs/legal/cookie-policy","cs","200","https://www.myglobalhealth.online/romania/cs/legal/cookie-policy","Cookie Policy · Rumunsko · Global Health","Cookie Policy. Právní dokumenty, registrace společnosti a regulační údaje pro Global Health v Rumunsko.","Cookie Policy","335","https://www.myglobalhealth.online/romania/cs/legal/cookie-policy","noindex, follow","0","0","https://www.myglobalhealth.online/romania/cs/legal/cookie-policy","2026-09-12T20:24:24.954Z","dadf203f85aaa92d4b8c11c99459915800070ed87dcf1e04b07f8d02e28b95dc"
"https://www.myglobalhealth.online/romania/de/legal/medical-disclaimer","de","200","https://www.myglobalhealth.online/romania/de/legal/medical-disclaimer","Medizinischer Haftungsausschluss · Rumänien · Global Health","Medizinischer Haftungsausschluss. Rechtliche Dokumente, Handelsregistereintrag und regulatorische Angaben für Global Health in Rumänien.","Medical Disclaimer","2151","https://www.myglobalhealth.online/romania/de/legal/medical-disclaimer","noindex, follow","0","0","https://www.myglobalhealth.online/romania/de/legal/medical-disclaimer","2026-09-12T20:24:25.293Z","81152ebd953bb91d4900c8640cc4d7368cf0e10c1e919bf5d139c94b607cfd59"
"https://www.myglobalhealth.online/romania/de/legal/cookie-policy","de","200","https://www.myglobalhealth.online/romania/de/legal/cookie-policy","Cookie Policy · Rumänien · Global Health","Cookie Policy. Rechtliche Dokumente, Handelsregistereintrag und regulatorische Angaben für Global Health in Rumänien.","Cookie Policy","333","https://www.myglobalhealth.online/romania/de/legal/cookie-policy","noindex, follow","0","0","https://www.myglobalhealth.online/romania/de/legal/cookie-policy","2026-09-12T20:24:25.625Z","aa00ae9164086d98b3657b8004e4413a1cce5e0d968f6fd74b12227a2c15776a"
"https://www.myglobalhealth.online/romania/en/services/sick-note-romania","en","404","https://www.myglobalhealth.online/romania/en/services/sick-note-romania","Page not found · Global Health","Online medical consultations with licensed clinicians across Ireland, Czechia, Portugal, Spain, and Romania.","","6","https://www.myglobalhealth.online","noindex","0","0","https://www.myglobalhealth.online/romania/en/services/sick-note-romania","2026-09-12T20:24:25.949Z","af151b821da8818b83cfa031a0d740c10235527afd25bb54bda0f37d3a93ea12"
"https://www.myglobalhealth.online/romania/es/legal/medical-disclaimer","es","200","https://www.myglobalhealth.online/romania/es/legal/medical-disclaimer","Aviso médico · Rumanía · Global Health","Aviso médico. Documentos legales, registro mercantil y datos regulatorios de Global Health en Rumanía.","Medical Disclaimer","2154","https://www.myglobalhealth.online/romania/es/legal/medical-disclaimer","noindex, follow","0","0","https://www.myglobalhealth.online/romania/es/legal/medical-disclaimer","2026-09-12T20:24:26.296Z","c2f9567ebaaa55abc3e3ae236cf77a232d5ec7a6e8818878e8ded8e6f64c65f2"
"https://www.myglobalhealth.online/romania/es/legal/cookie-policy","es","200","https://www.myglobalhealth.online/romania/es/legal/cookie-policy","Cookie Policy · Rumanía · Global Health","Cookie Policy. Documentos legales, registro mercantil y datos regulatorios de Global Health en Rumanía.","Cookie Policy","336","https://www.myglobalhealth.online/romania/es/legal/cookie-policy","noindex, follow","0","0","https://www.myglobalhealth.online/romania/es/legal/cookie-policy","2026-09-12T20:24:26.635Z","3bea25edf7314b500a90ef91efc2262e87ccc75b4e7dcc9622a40d586180492a"
"https://www.myglobalhealth.online/romania/pt/legal/medical-disclaimer","pt","200","https://www.myglobalhealth.online/romania/pt/legal/medical-disclaimer","Aviso Médico · Roménia · Global Health","Aviso Médico. Documentos legais, registo da empresa e detalhes regulamentares para Global Health em Roménia.","Medical Disclaimer","2153","https://www.myglobalhealth.online/romania/pt/legal/medical-disclaimer","noindex, follow","0","0","https://www.myglobalhealth.online/romania/pt/legal/medical-disclaimer","2026-09-12T20:24:26.969Z","3e264ee1c7e75532c163666861320d7e0ee7c9c6852a5a483763e7cf37d8c651"
"https://www.myglobalhealth.online/romania/pt/legal/cookie-policy","pt","200","https://www.myglobalhealth.online/romania/pt/legal/cookie-policy","Cookie Policy · Roménia · Global Health","Cookie Policy. Documentos legais, registo da empresa e detalhes regulamentares para Global Health em Roménia.","Cookie Policy","335","https://www.myglobalhealth.online/romania/pt/legal/cookie-policy","noindex, follow","0","0","https://www.myglobalhealth.online/romania/pt/legal/cookie-policy","2026-09-12T20:24:27.298Z","d92b00b4de418a064a20747e0ac530b57c1ad1edd9e875e939583821592d1f4b"
"https://www.myglobalhealth.online/romania/ro/legal/cookie-policy","ro","200","https://www.myglobalhealth.online/romania/ro/legal/cookie-policy","Cookie Policy · România · Global Health","Cookie Policy. Documente legale, înregistrarea companiei și detalii de reglementare pentru Global Health în România.","Cookie Policy","335","https://www.myglobalhealth.online/romania/ro/legal/cookie-policy","noindex, follow","0","0","https://www.myglobalhealth.online/romania/ro/legal/cookie-policy","2026-09-12T20:24:27.638Z","0387db3959c0ec26fd31244b2fbe87756455b6cb3831e655191d8e8473f274d4"
